"analysis_protocol","method","design","genes","active_genes","auroc","average_precision","effect_spearman_active","direction_accuracy_active","calls_fdr_0_10","directional_recall_fdr_0_10","empirical_fdp_fdr_0_10","f1_fdr_0_10","negative_control_p_below_0_05","scenario_id","seed","moi","high_quality_guide_fraction","replicates","is_baseline"
"barcs-four-methods-v1","BARCS-original","Low + bulk + high",400,79,0.961394376749872,0.922502304975492,0.943670886075949,1,59,0.69620253164557,0.0677966101694915,0.797101449275362,0,"moi_0.25_quality_0.9_genes_400_replicates_4",20250724,0.25,0.9,4,TRUE
"barcs-four-methods-v1","BARCS-NORM","Low + bulk + high",400,79,0.92598288576048,0.838903643476662,0.932059396299903,1,19,0.240506329113924,0,0.387755102040816,0,"moi_0.25_quality_0.9_genes_400_replicates_4",20250724,0.25,0.9,4,TRUE
"barcs-four-methods-v1","BARCS-partial","Low + bulk + high",400,79,0.94029733033637,0.878273201109185,0.92738558909445,1,47,0.556962025316456,0.0638297872340425,0.698412698412698,0,"moi_0.25_quality_0.9_genes_400_replicates_4",20250724,0.25,0.9,4,TRUE
"barcs-four-methods-v1","BARCS-EB","Low + bulk + high",400,79,0.957727039709768,0.916588313951218,0.926898734177215,1,45,0.569620253164557,0,0.725806451612903,0,"moi_0.25_quality_0.9_genes_400_replicates_4",20250724,0.25,0.9,4,TRUE
"barcs-four-methods-v1","BARCS-original","Two 25% tails",400,79,0.960250798533065,0.919701742121831,0.937463485881207,1,52,0.645569620253165,0.0192307692307692,0.778625954198473,0,"moi_0.25_quality_0.9_genes_400_replicates_4",20250724,0.25,0.9,4,TRUE
"barcs-four-methods-v1","BARCS-NORM","Two 25% tails",400,79,0.926456090539848,0.836437330016471,0.928992210321324,1,17,0.215189873417722,0,0.354166666666667,0,"moi_0.25_quality_0.9_genes_400_replicates_4",20250724,0.25,0.9,4,TRUE
"barcs-four-methods-v1","BARCS-partial","Two 25% tails",400,79,0.941953547064159,0.874545380586382,0.921032132424538,1,44,0.518987341772152,0.0681818181818182,0.666666666666667,0,"moi_0.25_quality_0.9_genes_400_replicates_4",20250724,0.25,0.9,4,TRUE
"barcs-four-methods-v1","BARCS-EB","Two 25% tails",400,79,0.952758389526401,0.907917535229471,0.922249269717624,1,47,0.582278481012658,0.0212765957446809,0.73015873015873,0,"moi_0.25_quality_0.9_genes_400_replicates_4",20250724,0.25,0.9,4,TRUE
"barcs-four-methods-v1","BARCS-original","Unsorted 0-100%",400,79,0.480460585985252,0.187642177184974,0.0578383641674781,0.455696202531646,0,0,0,0,0.05,"moi_0.25_quality_0.9_genes_400_replicates_4",20250724,0.25,0.9,4,TRUE
"barcs-four-methods-v1","BARCS-NORM","Unsorted 0-100%",400,79,0.499980283134193,0.198375710415903,0.1702288218111,0.531645569620253,0,0,0,0,0.15,"moi_0.25_quality_0.9_genes_400_replicates_4",20250724,0.25,0.9,4,TRUE
"barcs-four-methods-v1","BARCS-partial","Unsorted 0-100%",400,79,0.455972238652944,0.188290278882702,0.213753651411879,0.544303797468354,0,0,0,0,0.05,"moi_0.25_quality_0.9_genes_400_replicates_4",20250724,0.25,0.9,4,TRUE
"barcs-four-methods-v1","BARCS-EB","Unsorted 0-100%",400,79,0.455617335068418,0.188523990543539,0.205038948393379,0.556962025316456,0,0,0,0,0.05,"moi_0.25_quality_0.9_genes_400_replicates_4",20250724,0.25,0.9,4,TRUE
"barcs-four-methods-v1","BARCS-original","Low + bulk + high",400,60,0.947549019607843,0.881906303969296,0.919699916643512,0.983333333333333,40,0.65,0.025,0.78,0.1,"moi_0.25_quality_0.9_genes_400_replicates_4",20250725,0.25,0.9,4,TRUE
"barcs-four-methods-v1","BARCS-NORM","Low + bulk + high",400,60,0.893676470588235,0.650640472423179,0.918532925812726,1,5,0.0833333333333333,0,0.153846153846154,0,"moi_0.25_quality_0.9_genes_400_replicates_4",20250725,0.25,0.9,4,TRUE
"barcs-four-methods-v1","BARCS-partial","Low + bulk + high",400,60,0.914705882352941,0.753384125173428,0.937704918032787,1,13,0.216666666666667,0,0.356164383561644,0.05,"moi_0.25_quality_0.9_genes_400_replicates_4",20250725,0.25,0.9,4,TRUE
"barcs-four-methods-v1","BARCS-EB","Low + bulk + high",400,60,0.939019607843137,0.852510171974433,0.935093081411503,1,27,0.45,0,0.620689655172414,0.05,"moi_0.25_quality_0.9_genes_400_replicates_4",20250725,0.25,0.9,4,TRUE
"barcs-four-methods-v1","BARCS-original","Two 25% tails",400,60,0.937009803921569,0.862141859305532,0.921756043345374,0.983333333333333,37,0.616666666666667,0,0.762886597938144,0.1,"moi_0.25_quality_0.9_genes_400_replicates_4",20250725,0.25,0.9,4,TRUE
"barcs-four-methods-v1","BARCS-NORM","Two 25% tails",400,60,0.891617647058824,0.649551396725892,0.91636565712698,1,4,0.0666666666666667,0,0.125,0,"moi_0.25_quality_0.9_genes_400_replicates_4",20250725,0.25,0.9,4,TRUE
"barcs-four-methods-v1","BARCS-partial","Two 25% tails",400,60,0.905343137254902,0.744553657306811,0.930814115031953,1,10,0.166666666666667,0,0.285714285714286,0.05,"moi_0.25_quality_0.9_genes_400_replicates_4",20250725,0.25,0.9,4,TRUE
"barcs-four-methods-v1","BARCS-EB","Two 25% tails",400,60,0.922205882352941,0.834938388631094,0.931314253959433,1,19,0.316666666666667,0,0.481012658227848,0.05,"moi_0.25_quality_0.9_genes_400_replicates_4",20250725,0.25,0.9,4,TRUE
"barcs-four-methods-v1","BARCS-original","Unsorted 0-100%",400,60,0.516176470588235,0.163256451410793,0.0327313142539594,0.566666666666667,0,0,0,0,0.05,"moi_0.25_quality_0.9_genes_400_replicates_4",20250725,0.25,0.9,4,TRUE
"barcs-four-methods-v1","BARCS-NORM","Unsorted 0-100%",400,60,0.495098039215686,0.151562437483574,0.0207835509863851,0.516666666666667,0,0,0,0,0.05,"moi_0.25_quality_0.9_genes_400_replicates_4",20250725,0.25,0.9,4,TRUE
"barcs-four-methods-v1","BARCS-partial","Unsorted 0-100%",400,60,0.520833333333333,0.166439728303607,-0.0677410391775493,0.466666666666667,0,0,0,0,0.05,"moi_0.25_quality_0.9_genes_400_replicates_4",20250725,0.25,0.9,4,TRUE
"barcs-four-methods-v1","BARCS-EB","Unsorted 0-100%",400,60,0.526617647058824,0.172586096243143,-0.0662406223951098,0.483333333333333,0,0,0,0,0.05,"moi_0.25_quality_0.9_genes_400_replicates_4",20250725,0.25,0.9,4,TRUE
"barcs-four-methods-v1","BARCS-original","Low + bulk + high",400,92,0.961674195369848,0.924923385330436,0.910392552748794,1,82,0.804347826086957,0.0975609756097561,0.850574712643678,0.0555555555555556,"moi_0.25_quality_0.9_genes_400_replicates_4",20250726,0.25,0.9,4,TRUE
"barcs-four-methods-v1","BARCS-NORM","Low + bulk + high",400,92,0.896386222473179,0.744383901329363,0.890526023765855,1,19,0.184782608695652,0.105263157894737,0.306306306306306,0.0555555555555556,"moi_0.25_quality_0.9_genes_400_replicates_4",20250726,0.25,0.9,4,TRUE
"barcs-four-methods-v1","BARCS-partial","Low + bulk + high",400,92,0.924336533032185,0.84140796888274,0.909529460721606,1,33,0.347826086956522,0.0303030303030303,0.512,0,"moi_0.25_quality_0.9_genes_400_replicates_4",20250726,0.25,0.9,4,TRUE
"barcs-four-methods-v1","BARCS-EB","Low + bulk + high",400,92,0.955463015245624,0.91084846138066,0.910454202179307,1,39,0.41304347826087,0.0256410256410256,0.580152671755725,0,"moi_0.25_quality_0.9_genes_400_replicates_4",20250726,0.25,0.9,4,TRUE
"barcs-four-methods-v1","BARCS-original","Two 25% tails",400,92,0.960156691134952,0.91666622337227,0.908990028204614,1,59,0.608695652173913,0.0508474576271186,0.741721854304636,0.0555555555555556,"moi_0.25_quality_0.9_genes_400_replicates_4",20250726,0.25,0.9,4,TRUE
"barcs-four-methods-v1","BARCS-NORM","Two 25% tails",400,92,0.89843308865048,0.74151569577862,0.890541436123484,1,18,0.173913043478261,0.111111111111111,0.290909090909091,0.0555555555555556,"moi_0.25_quality_0.9_genes_400_replicates_4",20250726,0.25,0.9,4,TRUE
"barcs-four-methods-v1","BARCS-partial","Two 25% tails",400,92,0.923595426312818,0.82857549862645,0.907233019434983,1,32,0.33695652173913,0.03125,0.5,0,"moi_0.25_quality_0.9_genes_400_replicates_4",20250726,0.25,0.9,4,TRUE
"barcs-four-methods-v1","BARCS-EB","Two 25% tails",400,92,0.958462732919255,0.91365018835564,0.906277453262025,1,42,0.456521739130435,0,0.626865671641791,0,"moi_0.25_quality_0.9_genes_400_replicates_4",20250726,0.25,0.9,4,TRUE
"barcs-four-methods-v1","BARCS-original","Unsorted 0-100%",400,92,0.482672219085263,0.211906173392818,0.139420187106022,0.554347826086957,0,0,0,0,0,"moi_0.25_quality_0.9_genes_400_replicates_4",20250726,0.25,0.9,4,TRUE
"barcs-four-methods-v1","BARCS-NORM","Unsorted 0-100%",400,92,0.48140175042349,0.223458413895311,0.0786954980503368,0.543478260869565,0,0,0,0,0.0555555555555556,"moi_0.25_quality_0.9_genes_400_replicates_4",20250726,0.25,0.9,4,TRUE
"barcs-four-methods-v1","BARCS-partial","Unsorted 0-100%",400,92,0.496894409937888,0.214793757080926,0.134611531525977,0.532608695652174,0,0,0,0,0,"moi_0.25_quality_0.9_genes_400_replicates_4",20250726,0.25,0.9,4,TRUE
"barcs-four-methods-v1","BARCS-EB","Unsorted 0-100%",400,92,0.492835968379447,0.212685787864973,0.130419370251067,0.543478260869565,0,0,0,0,0,"moi_0.25_quality_0.9_genes_400_replicates_4",20250726,0.25,0.9,4,TRUE
"barcs-four-methods-v1","BARCS-original","Low + bulk + high",400,102,0.943479405184893,0.917814640319312,0.93182961928403,0.970588235294118,91,0.803921568627451,0.0989010989010989,0.849740932642487,0.15,"moi_0.25_quality_0.9_genes_400_replicates_4",20250727,0.25,0.9,4,TRUE
"barcs-four-methods-v1","BARCS-NORM","Low + bulk + high",400,102,0.901500197394394,0.82862748383527,0.930020186484668,0.980392156862745,26,0.245098039215686,0.0384615384615385,0.390625,0.05,"moi_0.25_quality_0.9_genes_400_replicates_4",20250727,0.25,0.9,4,TRUE
"barcs-four-methods-v1","BARCS-partial","Low + bulk + high",400,102,0.911633109619687,0.863141877070226,0.94181542654551,0.970588235294118,58,0.53921568627451,0.0517241379310345,0.6875,0.05,"moi_0.25_quality_0.9_genes_400_replicates_4",20250727,0.25,0.9,4,TRUE
"barcs-four-methods-v1","BARCS-EB","Low + bulk + high",400,102,0.93420186866693,0.907285879144364,0.943161192190036,0.970588235294118,62,0.598039215686274,0.0161290322580645,0.74390243902439,0,"moi_0.25_quality_0.9_genes_400_replicates_4",20250727,0.25,0.9,4,TRUE
"barcs-four-methods-v1","BARCS-original","Two 25% tails",400,102,0.938972233188577,0.910051036544186,0.934023556553257,0.96078431372549,75,0.705882352941177,0.04,0.813559322033898,0.05,"moi_0.25_quality_0.9_genes_400_replicates_4",20250727,0.25,0.9,4,TRUE
"barcs-four-methods-v1","BARCS-NORM","Two 25% tails",400,102,0.900644821687064,0.82356901530387,0.929002380535027,0.980392156862745,27,0.254901960784314,0.037037037037037,0.403100775193798,0.05,"moi_0.25_quality_0.9_genes_400_replicates_4",20250727,0.25,0.9,4,TRUE
"barcs-four-methods-v1","BARCS-partial","Two 25% tails",400,102,0.908737991841032,0.863705100119924,0.945072405584362,0.96078431372549,46,0.450980392156863,0,0.621621621621622,0.05,"moi_0.25_quality_0.9_genes_400_replicates_4",20250727,0.25,0.9,4,TRUE
"barcs-four-methods-v1","BARCS-EB","Two 25% tails",400,102,0.930418476115278,0.898582916458198,0.943647477254864,0.96078431372549,56,0.529411764705882,0.0357142857142857,0.683544303797468,0.05,"moi_0.25_quality_0.9_genes_400_replicates_4",20250727,0.25,0.9,4,TRUE
"barcs-four-methods-v1","BARCS-original","Unsorted 0-100%",400,102,0.518522173970259,0.266595737917511,0.108390679159292,0.588235294117647,0,0,0,0,0,"moi_0.25_quality_0.9_genes_400_replicates_4",20250727,0.25,0.9,4,TRUE
"barcs-four-methods-v1","BARCS-NORM","Unsorted 0-100%",400,102,0.50654691406764,0.258803952467206,0.103697462835947,0.57843137254902,0,0,0,0,0,"moi_0.25_quality_0.9_genes_400_replicates_4",20250727,0.25,0.9,4,TRUE
"barcs-four-methods-v1","BARCS-partial","Unsorted 0-100%",400,102,0.493485984998026,0.250505247294074,0.125501128068261,0.598039215686274,0,0,0,0,0,"moi_0.25_quality_0.9_genes_400_replicates_4",20250727,0.25,0.9,4,TRUE
"barcs-four-methods-v1","BARCS-EB","Unsorted 0-100%",400,102,0.492235820502698,0.251221385871922,0.127231398182651,0.598039215686274,0,0,0,0,0,"moi_0.25_quality_0.9_genes_400_replicates_4",20250727,0.25,0.9,4,TRUE
"barcs-four-methods-v1","BARCS-original","Low + bulk + high",400,90,0.961863799283154,0.937289077704555,0.914145779314319,0.966666666666667,91,0.866666666666667,0.142857142857143,0.861878453038674,0,"moi_0.25_quality_0.9_genes_400_replicates_4",20250728,0.25,0.9,4,TRUE
"barcs-four-methods-v1","BARCS-NORM","Low + bulk + high",400,90,0.92505376344086,0.820509407905585,0.923710746182656,0.977777777777778,29,0.288888888888889,0.103448275862069,0.436974789915966,0.0869565217391304,"moi_0.25_quality_0.9_genes_400_replicates_4",20250728,0.25,0.9,4,TRUE
"barcs-four-methods-v1","BARCS-partial","Low + bulk + high",400,90,0.937706093189964,0.874559792625195,0.929110589784747,0.966666666666667,58,0.588888888888889,0.0862068965517241,0.716216216216216,0,"moi_0.25_quality_0.9_genes_400_replicates_4",20250728,0.25,0.9,4,TRUE
"barcs-four-methods-v1","BARCS-EB","Low + bulk + high",400,90,0.958458781362007,0.926224310774737,0.93177758571017,0.966666666666667,65,0.722222222222222,0,0.838709677419355,0,"moi_0.25_quality_0.9_genes_400_replicates_4",20250728,0.25,0.9,4,TRUE
"barcs-four-methods-v1","BARCS-original","Two 25% tails",400,90,0.956594982078853,0.926229509940675,0.913783594682471,0.966666666666667,71,0.744444444444444,0.0563380281690141,0.832298136645963,0,"moi_0.25_quality_0.9_genes_400_replicates_4",20250728,0.25,0.9,4,TRUE
"barcs-four-methods-v1","BARCS-NORM","Two 25% tails",400,90,0.925304659498208,0.814794860657953,0.923677820307034,0.977777777777778,26,0.255555555555556,0.115384615384615,0.396551724137931,0.0869565217391304,"moi_0.25_quality_0.9_genes_400_replicates_4",20250728,0.25,0.9,4,TRUE
"barcs-four-methods-v1","BARCS-partial","Two 25% tails",400,90,0.924838709677419,0.845013883478684,0.92520887352348,0.966666666666667,54,0.544444444444444,0.0925925925925926,0.680555555555556,0,"moi_0.25_quality_0.9_genes_400_replicates_4",20250728,0.25,0.9,4,TRUE
"barcs-four-methods-v1","BARCS-EB","Two 25% tails",400,90,0.951362007168459,0.911713151728173,0.925834465160308,0.966666666666667,65,0.7,0.0307692307692308,0.812903225806452,0,"moi_0.25_quality_0.9_genes_400_replicates_4",20250728,0.25,0.9,4,TRUE
"barcs-four-methods-v1","BARCS-original","Unsorted 0-100%",400,90,0.498458781362007,0.240408357269285,-0.0403588920442853,0.488888888888889,0,0,0,0,0.0434782608695652,"moi_0.25_quality_0.9_genes_400_replicates_4",20250728,0.25,0.9,4,TRUE
"barcs-four-methods-v1","BARCS-NORM","Unsorted 0-100%",400,90,0.500824372759857,0.223301189311596,-0.0241922871136354,0.433333333333333,0,0,0,0,0,"moi_0.25_quality_0.9_genes_400_replicates_4",20250728,0.25,0.9,4,TRUE
"barcs-four-methods-v1","BARCS-partial","Unsorted 0-100%",400,90,0.515985663082437,0.246080422350473,0.0430094250318969,0.477777777777778,0,0,0,0,0,"moi_0.25_quality_0.9_genes_400_replicates_4",20250728,0.25,0.9,4,TRUE
"barcs-four-methods-v1","BARCS-EB","Unsorted 0-100%",400,90,0.517096774193548,0.246092917937605,0.0479812322508952,0.466666666666667,0,0,0,0,0,"moi_0.25_quality_0.9_genes_400_replicates_4",20250728,0.25,0.9,4,TRUE
"barcs-four-methods-v1","BARCS-original","Low + bulk + high",400,79,0.809692811230727,0.68328591288894,0.873101265822785,0.924050632911392,0,0,0,0,0,"moi_0.25_quality_0.9_genes_400_replicates_1",20250724,0.25,0.9,1,FALSE
"barcs-four-methods-v1","BARCS-NORM","Low + bulk + high",400,79,0.795299499191608,0.547586823208224,0.914118792599805,0.936708860759494,0,0,0,0,0.05,"moi_0.25_quality_0.9_genes_400_replicates_1",20250724,0.25,0.9,1,FALSE
"barcs-four-methods-v1","BARCS-partial","Low + bulk + high",400,79,0.777909223549825,0.575476514647648,0.904454722492697,0.936708860759494,12,0.151898734177215,0,0.263736263736264,0.05,"moi_0.25_quality_0.9_genes_400_replicates_1",20250724,0.25,0.9,1,FALSE
"barcs-four-methods-v1","BARCS-EB","Low + bulk + high",400,79,0.795733270239363,0.669020543194249,0.898855890944499,0.924050632911392,20,0.253164556962025,0,0.404040404040404,0,"moi_0.25_quality_0.9_genes_400_replicates_1",20250724,0.25,0.9,1,FALSE
"barcs-four-methods-v1","BARCS-original","Low + bulk + high",400,60,0.829607843137255,0.606585499789511,0.794276187829953,0.933333333333333,0,0,0,0,0,"moi_0.25_quality_0.9_genes_400_replicates_1",20250725,0.25,0.9,1,FALSE
"barcs-four-methods-v1","BARCS-NORM","Low + bulk + high",400,60,0.740658800393314,0.414991272588888,0.811114198388441,0.95,1,0.0166666666666667,0,0.0327868852459016,0,"moi_0.25_quality_0.9_genes_400_replicates_1",20250725,0.25,0.9,1,FALSE
"barcs-four-methods-v1","BARCS-partial","Low + bulk + high",400,60,0.778186274509804,0.49720252618902,0.802611836621284,0.983333333333333,9,0.133333333333333,0.111111111111111,0.231884057971014,0,"moi_0.25_quality_0.9_genes_400_replicates_1",20250725,0.25,0.9,1,FALSE
"barcs-four-methods-v1","BARCS-EB","Low + bulk + high",400,60,0.833186274509804,0.586146756456325,0.805056960266741,0.983333333333333,4,0.0666666666666667,0,0.125,0,"moi_0.25_quality_0.9_genes_400_replicates_1",20250725,0.25,0.9,1,FALSE
"barcs-four-methods-v1","BARCS-original","Low + bulk + high",400,92,0.802018633540373,0.615717199074305,0.834116794846107,0.934782608695652,0,0,0,0,0.0555555555555556,"moi_0.25_quality_0.9_genes_400_replicates_1",20250726,0.25,0.9,1,FALSE
"barcs-four-methods-v1","BARCS-NORM","Low + bulk + high",400,92,0.757587521174478,0.528532279156101,0.82570164758103,0.934782608695652,0,0,0,0,0.0555555555555556,"moi_0.25_quality_0.9_genes_400_replicates_1",20250726,0.25,0.9,1,FALSE
"barcs-four-methods-v1","BARCS-partial","Low + bulk + high",400,92,0.765422077922078,0.559625566457202,0.843533745357027,0.956521739130435,9,0.0760869565217391,0.222222222222222,0.138613861386139,0.0555555555555556,"moi_0.25_quality_0.9_genes_400_replicates_1",20250726,0.25,0.9,1,FALSE
"barcs-four-methods-v1","BARCS-EB","Low + bulk + high",400,92,0.80275974025974,0.627663390504307,0.846030547292819,0.956521739130435,3,0.0326086956521739,0,0.0631578947368421,0.0555555555555556,"moi_0.25_quality_0.9_genes_400_replicates_1",20250726,0.25,0.9,1,FALSE
"barcs-four-methods-v1","BARCS-original","Low + bulk + high",400,102,0.724832214765101,0.61459692037991,0.791756902703406,0.92156862745098,0,0,0,0,0,"moi_0.25_quality_0.9_genes_400_replicates_1",20250727,0.25,0.9,1,FALSE
"barcs-four-methods-v1","BARCS-NORM","Low + bulk + high",400,102,0.707593104355836,0.556443033744676,0.799345211505731,0.901960784313726,2,0.0196078431372549,0,0.0384615384615385,0.05,"moi_0.25_quality_0.9_genes_400_replicates_1",20250727,0.25,0.9,1,FALSE
"barcs-four-methods-v1","BARCS-partial","Low + bulk + high",400,102,0.711837083826819,0.560087153135902,0.83219772576915,0.911764705882353,17,0.147058823529412,0.117647058823529,0.252100840336134,0,"moi_0.25_quality_0.9_genes_400_replicates_1",20250727,0.25,0.9,1,FALSE
"barcs-four-methods-v1","BARCS-EB","Low + bulk + high",400,102,0.732596394262403,0.61620888368634,0.838338488331986,0.901960784313726,8,0.0784313725490196,0,0.145454545454545,0,"moi_0.25_quality_0.9_genes_400_replicates_1",20250727,0.25,0.9,1,FALSE
"barcs-four-methods-v1","BARCS-original","Low + bulk + high",400,90,0.784121863799283,0.644132392753195,0.878503518952957,0.933333333333333,0,0,0,0,0,"moi_0.25_quality_0.9_genes_400_replicates_1",20250728,0.25,0.9,1,FALSE
"barcs-four-methods-v1","BARCS-NORM","Low + bulk + high",400,89,0.737948532076839,0.537834157547623,0.881664964249234,0.943820224719101,0,0,0,0,0.0434782608695652,"moi_0.25_quality_0.9_genes_400_replicates_1",20250728,0.25,0.9,1,FALSE
"barcs-four-methods-v1","BARCS-partial","Low + bulk + high",400,90,0.783799283154122,0.617424993370622,0.870683623492612,0.944444444444444,12,0.133333333333333,0,0.235294117647059,0.0434782608695652,"moi_0.25_quality_0.9_genes_400_replicates_1",20250728,0.25,0.9,1,FALSE
"barcs-four-methods-v1","BARCS-EB","Low + bulk + high",400,90,0.793799283154122,0.66326554382764,0.875227394328518,0.944444444444444,14,0.155555555555556,0,0.269230769230769,0,"moi_0.25_quality_0.9_genes_400_replicates_1",20250728,0.25,0.9,1,FALSE
"barcs-four-methods-v1","BARCS-original","Low + bulk + high",400,79,0.932016246697425,0.8684135468367,0.934493670886076,0.987341772151899,58,0.683544303797468,0.0689655172413793,0.788321167883212,0,"moi_0.25_quality_0.9_genes_400_replicates_3",20250724,0.25,0.9,3,FALSE
"barcs-four-methods-v1","BARCS-NORM","Low + bulk + high",400,79,0.888284238337474,0.751937514448478,0.936562804284323,1,5,0.0632911392405063,0,0.119047619047619,0.05,"moi_0.25_quality_0.9_genes_400_replicates_3",20250724,0.25,0.9,3,FALSE
"barcs-four-methods-v1","BARCS-partial","Low + bulk + high",400,79,0.921171970503569,0.838224116279314,0.93047711781889,0.987341772151899,49,0.556962025316456,0.102040816326531,0.6875,0,"moi_0.25_quality_0.9_genes_400_replicates_3",20250724,0.25,0.9,3,FALSE
"barcs-four-methods-v1","BARCS-EB","Low + bulk + high",400,79,0.933909065814898,0.87425665147833,0.929990262901655,0.987341772151899,44,0.556962025316456,0,0.715447154471545,0,"moi_0.25_quality_0.9_genes_400_replicates_3",20250724,0.25,0.9,3,FALSE
"barcs-four-methods-v1","BARCS-original","Two 25% tails",400,79,0.935644150005915,0.866272077127089,0.935077896786758,0.987341772151899,35,0.443037974683544,0,0.614035087719298,0,"moi_0.25_quality_0.9_genes_400_replicates_3",20250724,0.25,0.9,3,FALSE
"barcs-four-methods-v1","BARCS-NORM","Two 25% tails",400,79,0.887771599826492,0.7396964536114,0.933714703018501,1,7,0.0759493670886076,0.142857142857143,0.13953488372093,0.05,"moi_0.25_quality_0.9_genes_400_replicates_3",20250724,0.25,0.9,3,FALSE
"barcs-four-methods-v1","BARCS-partial","Two 25% tails",400,79,0.919476320044166,0.821905042377555,0.921592015579357,0.974683544303797,37,0.417721518987342,0.108108108108108,0.568965517241379,0,"moi_0.25_quality_0.9_genes_400_replicates_3",20250724,0.25,0.9,3,FALSE
"barcs-four-methods-v1","BARCS-EB","Two 25% tails",400,79,0.934145668204582,0.868656454484275,0.918330087633885,0.974683544303797,40,0.506329113924051,0,0.672268907563025,0,"moi_0.25_quality_0.9_genes_400_replicates_3",20250724,0.25,0.9,3,FALSE
"barcs-four-methods-v1","BARCS-original","Unsorted 0-100%",400,79,0.468551599037817,0.19310126421395,0.0896056475170399,0.582278481012658,0,0,0,0,0,"moi_0.25_quality_0.9_genes_400_replicates_3",20250724,0.25,0.9,3,FALSE
"barcs-four-methods-v1","BARCS-NORM","Unsorted 0-100%",400,79,0.485508103631847,0.189641613868772,0.100851996105161,0.481012658227848,0,0,0,0,0.1,"moi_0.25_quality_0.9_genes_400_replicates_3",20250724,0.25,0.9,3,FALSE
"barcs-four-methods-v1","BARCS-partial","Unsorted 0-100%",400,79,0.444339287826807,0.18991080346113,0.151290165530672,0.582278481012658,0,0,0,0,0.05,"moi_0.25_quality_0.9_genes_400_replicates_3",20250724,0.25,0.9,3,FALSE
"barcs-four-methods-v1","BARCS-EB","Unsorted 0-100%",400,79,0.441736661540282,0.189301995325362,0.165408958130477,0.582278481012658,0,0,0,0,0.05,"moi_0.25_quality_0.9_genes_400_replicates_3",20250724,0.25,0.9,3,FALSE
"barcs-four-methods-v1","BARCS-original","Low + bulk + high",400,60,0.929705882352941,0.853402035158294,0.89369269241456,0.983333333333333,49,0.7,0.142857142857143,0.770642201834862,0.1,"moi_0.25_quality_0.9_genes_400_replicates_3",20250725,0.25,0.9,3,FALSE
"barcs-four-methods-v1","BARCS-NORM","Low + bulk + high",400,60,0.854607843137255,0.599517512795359,0.86624062239511,0.983333333333333,3,0.05,0,0.0952380952380952,0.05,"moi_0.25_quality_0.9_genes_400_replicates_3",20250725,0.25,0.9,3,FALSE
"barcs-four-methods-v1","BARCS-partial","Low + bulk + high",400,60,0.900980392156863,0.727506593483037,0.903806612948041,0.966666666666667,26,0.383333333333333,0.115384615384615,0.534883720930233,0,"moi_0.25_quality_0.9_genes_400_replicates_3",20250725,0.25,0.9,3,FALSE
"barcs-four-methods-v1","BARCS-EB","Low + bulk + high",400,60,0.93156862745098,0.848917556010806,0.906418449569325,0.966666666666667,33,0.533333333333333,0.0303030303030303,0.688172043010753,0,"moi_0.25_quality_0.9_genes_400_replicates_3",20250725,0.25,0.9,3,FALSE
"barcs-four-methods-v1","BARCS-original","Two 25% tails",400,60,0.91485294117647,0.830055503353947,0.888746874131703,0.983333333333333,27,0.45,0,0.620689655172414,0,"moi_0.25_quality_0.9_genes_400_replicates_3",20250725,0.25,0.9,3,FALSE
"barcs-four-methods-v1","BARCS-NORM","Two 25% tails",400,60,0.853823529411765,0.591330519659488,0.863684356765768,0.983333333333333,3,0.05,0,0.0952380952380952,0.05,"moi_0.25_quality_0.9_genes_400_replicates_3",20250725,0.25,0.9,3,FALSE
"barcs-four-methods-v1","BARCS-partial","Two 25% tails",400,60,0.894362745098039,0.735708244327715,0.910419560989164,0.966666666666667,13,0.216666666666667,0,0.356164383561644,0.05,"moi_0.25_quality_0.9_genes_400_replicates_3",20250725,0.25,0.9,3,FALSE
"barcs-four-methods-v1","BARCS-EB","Two 25% tails",400,60,0.915343137254902,0.840676566801868,0.913031397610447,0.966666666666667,27,0.45,0,0.620689655172414,0,"moi_0.25_quality_0.9_genes_400_replicates_3",20250725,0.25,0.9,3,FALSE
"barcs-four-methods-v1","BARCS-original","Unsorted 0-100%",400,60,0.495,0.166677404883723,-0.10780772436788,0.466666666666667,0,0,0,0,0.05,"moi_0.25_quality_0.9_genes_400_replicates_3",20250725,0.25,0.9,3,FALSE
"barcs-four-methods-v1","BARCS-NORM","Unsorted 0-100%",400,60,0.451078431372549,0.165360348498958,0.0961378160600167,0.533333333333333,0,0,0,0,0.1,"moi_0.25_quality_0.9_genes_400_replicates_3",20250725,0.25,0.9,3,FALSE
"barcs-four-methods-v1","BARCS-partial","Unsorted 0-100%",400,60,0.490147058823529,0.160299074908787,0.03450958599611,0.566666666666667,0,0,0,0,0.05,"moi_0.25_quality_0.9_genes_400_replicates_3",20250725,0.25,0.9,3,FALSE
"barcs-four-methods-v1","BARCS-EB","Unsorted 0-100%",400,60,0.496813725490196,0.160602875976638,0.0125590441789386,0.533333333333333,0,0,0,0,0.05,"moi_0.25_quality_0.9_genes_400_replicates_3",20250725,0.25,0.9,3,FALSE
"barcs-four-methods-v1","BARCS-original","Low + bulk + high",400,92,0.946499153020892,0.892068450065898,0.891034631567591,0.978260869565217,51,0.554347826086957,0,0.713286713286713,0.111111111111111,"moi_0.25_quality_0.9_genes_400_replicates_3",20250726,0.25,0.9,3,FALSE
"barcs-four-methods-v1","BARCS-NORM","Low + bulk + high",400,92,0.886469508752117,0.76100582641997,0.881602268699043,1,1,0.0108695652173913,0,0.021505376344086,0.0555555555555556,"moi_0.25_quality_0.9_genes_400_replicates_3",20250726,0.25,0.9,3,FALSE
"barcs-four-methods-v1","BARCS-partial","Low + bulk + high",400,92,0.897586109542631,0.80256657441794,0.902886734583789,1,28,0.282608695652174,0.0714285714285714,0.433333333333333,0.0555555555555556,"moi_0.25_quality_0.9_genes_400_replicates_3",20250726,0.25,0.9,3,FALSE
"barcs-four-methods-v1","BARCS-EB","Low + bulk + high",400,92,0.926030491247883,0.873126161240247,0.902578487431222,1,29,0.315217391304348,0,0.479338842975207,0,"moi_0.25_quality_0.9_genes_400_replicates_3",20250726,0.25,0.9,3,FALSE
"barcs-four-methods-v1","BARCS-original","Two 25% tails",400,92,0.94240542066629,0.865277664718717,0.888984788003021,0.978260869565217,39,0.41304347826087,0.0256410256410256,0.580152671755725,0.0555555555555556,"moi_0.25_quality_0.9_genes_400_replicates_3",20250726,0.25,0.9,3,FALSE
"barcs-four-methods-v1","BARCS-NORM","Two 25% tails",400,92,0.878705533596838,0.735158952503245,0.883497988687329,1,8,0.0760869565217391,0.125,0.14,0.0555555555555556,"moi_0.25_quality_0.9_genes_400_replicates_3",20250726,0.25,0.9,3,FALSE
"barcs-four-methods-v1","BARCS-partial","Two 25% tails",400,92,0.897903726708075,0.789280434916863,0.889077262148791,1,23,0.25,0,0.4,0.0555555555555556,"moi_0.25_quality_0.9_genes_400_replicates_3",20250726,0.25,0.9,3,FALSE
"barcs-four-methods-v1","BARCS-EB","Two 25% tails",400,92,0.930194805194805,0.867506359247878,0.891574064084583,1,32,0.347826086956522,0,0.516129032258065,0,"moi_0.25_quality_0.9_genes_400_replicates_3",20250726,0.25,0.9,3,FALSE
"barcs-four-methods-v1","BARCS-original","Unsorted 0-100%",400,92,0.540902032749859,0.245222810080421,0.098639088821417,0.543478260869565,0,0,0,0,0,"moi_0.25_quality_0.9_genes_400_replicates_3",20250726,0.25,0.9,3,FALSE
"barcs-four-methods-v1","BARCS-NORM","Unsorted 0-100%",400,92,0.500211744776962,0.281589650786057,0.0383767704945825,0.489130434782609,0,0,0,0,0.0555555555555556,"moi_0.25_quality_0.9_genes_400_replicates_3",20250726,0.25,0.9,3,FALSE
"barcs-four-methods-v1","BARCS-partial","Unsorted 0-100%",400,92,0.540654997176736,0.244224306922653,0.159040118366907,0.521739130434783,0,0,0,0,0.0555555555555556,"moi_0.25_quality_0.9_genes_400_replicates_3",20250726,0.25,0.9,3,FALSE
"barcs-four-methods-v1","BARCS-EB","Unsorted 0-100%",400,92,0.538466967814794,0.244232648040637,0.154971255953023,0.532608695652174,0,0,0,0,0.0555555555555556,"moi_0.25_quality_0.9_genes_400_replicates_3",20250726,0.25,0.9,3,FALSE
"barcs-four-methods-v1","BARCS-original","Low + bulk + high",400,102,0.921996315304645,0.891927543664106,0.922431877682343,0.96078431372549,78,0.725490196078431,0.0512820512820513,0.822222222222222,0,"moi_0.25_quality_0.9_genes_400_replicates_3",20250727,0.25,0.9,3,FALSE
"barcs-four-methods-v1","BARCS-NORM","Low + bulk + high",400,102,0.879721015923148,0.783127669051853,0.911156849551317,0.970588235294118,21,0.196078431372549,0.0476190476190476,0.32520325203252,0.05,"moi_0.25_quality_0.9_genes_400_replicates_3",20250727,0.25,0.9,3,FALSE
"barcs-four-methods-v1","BARCS-partial","Low + bulk + high",400,102,0.885313857086459,0.835756139227436,0.937325771412093,0.970588235294118,51,0.470588235294118,0.0588235294117647,0.627450980392157,0,"moi_0.25_quality_0.9_genes_400_replicates_3",20250727,0.25,0.9,3,FALSE
"barcs-four-methods-v1","BARCS-EB","Low + bulk + high",400,102,0.909297275957363,0.878034170937127,0.936160949047503,0.980392156862745,43,0.411764705882353,0.0232558139534884,0.579310344827586,0,"moi_0.25_quality_0.9_genes_400_replicates_3",20250727,0.25,0.9,3,FALSE
"barcs-four-methods-v1","BARCS-original","Two 25% tails",400,102,0.913870246085011,0.883910279292824,0.926333467155967,0.96078431372549,48,0.46078431372549,0.0208333333333333,0.626666666666667,0,"moi_0.25_quality_0.9_genes_400_replicates_3",20250727,0.25,0.9,3,FALSE
"barcs-four-methods-v1","BARCS-NORM","Two 25% tails",400,102,0.884721673904461,0.785344995523418,0.911213394326297,0.970588235294118,21,0.196078431372549,0.0476190476190476,0.32520325203252,0.05,"moi_0.25_quality_0.9_genes_400_replicates_3",20250727,0.25,0.9,3,FALSE
"barcs-four-methods-v1","BARCS-partial","Two 25% tails",400,102,0.883767601000132,0.811151550238841,0.93852452064167,0.970588235294118,49,0.431372549019608,0.102040816326531,0.582781456953642,0,"moi_0.25_quality_0.9_genes_400_replicates_3",20250727,0.25,0.9,3,FALSE
"barcs-four-methods-v1","BARCS-EB","Two 25% tails",400,102,0.901039610475063,0.86929109677895,0.93719006395214,0.96078431372549,40,0.382352941176471,0.025,0.549295774647887,0,"moi_0.25_quality_0.9_genes_400_replicates_3",20250727,0.25,0.9,3,FALSE
"barcs-four-methods-v1","BARCS-original","Unsorted 0-100%",400,102,0.487597052243716,0.243596309590666,0.127005219082731,0.558823529411765,0,0,0,0,0,"moi_0.25_quality_0.9_genes_400_replicates_3",20250727,0.25,0.9,3,FALSE
"barcs-four-methods-v1","BARCS-NORM","Unsorted 0-100%",400,102,0.495525727069351,0.25326210279464,0.166710960073734,0.57843137254902,0,0,0,0,0,"moi_0.25_quality_0.9_genes_400_replicates_3",20250727,0.25,0.9,3,FALSE
"barcs-four-methods-v1","BARCS-partial","Unsorted 0-100%",400,102,0.459896038952494,0.232405797473585,0.250318064359263,0.588235294117647,0,0,0,0,0,"moi_0.25_quality_0.9_genes_400_replicates_3",20250727,0.25,0.9,3,FALSE
"barcs-four-methods-v1","BARCS-EB","Unsorted 0-100%",400,102,0.458909066982498,0.232753305110417,0.259421773131054,0.588235294117647,0,0,0,0,0,"moi_0.25_quality_0.9_genes_400_replicates_3",20250727,0.25,0.9,3,FALSE
"barcs-four-methods-v1","BARCS-original","Low + bulk + high",400,90,0.939498207885305,0.910770352122526,0.892167757336297,0.955555555555556,84,0.811111111111111,0.130952380952381,0.839080459770115,0,"moi_0.25_quality_0.9_genes_400_replicates_3",20250728,0.25,0.9,3,FALSE
"barcs-four-methods-v1","BARCS-NORM","Low + bulk + high",400,90,0.902007168458781,0.804247990288834,0.8977322303165,0.977777777777778,16,0.177777777777778,0,0.30188679245283,0.0434782608695652,"moi_0.25_quality_0.9_genes_400_replicates_3",20250728,0.25,0.9,3,FALSE
"barcs-four-methods-v1","BARCS-partial","Low + bulk + high",400,90,0.913010752688172,0.84739804046232,0.906704531423633,0.966666666666667,48,0.488888888888889,0.0833333333333333,0.63768115942029,0,"moi_0.25_quality_0.9_genes_400_replicates_3",20250728,0.25,0.9,3,FALSE
"barcs-four-methods-v1","BARCS-EB","Low + bulk + high",400,90,0.936415770609319,0.899371098156125,0.907363048936083,0.966666666666667,50,0.544444444444444,0.02,0.7,0,"moi_0.25_quality_0.9_genes_400_replicates_3",20250728,0.25,0.9,3,FALSE
"barcs-four-methods-v1","BARCS-original","Two 25% tails",400,90,0.930358422939068,0.891254890834596,0.891509239823847,0.955555555555556,36,0.388888888888889,0.0277777777777778,0.555555555555556,0,"moi_0.25_quality_0.9_genes_400_replicates_3",20250728,0.25,0.9,3,FALSE
"barcs-four-methods-v1","BARCS-NORM","Two 25% tails",400,90,0.899856630824373,0.80158545830849,0.895954233032885,0.966666666666667,7,0.0777777777777778,0,0.144329896907217,0.0434782608695652,"moi_0.25_quality_0.9_genes_400_replicates_3",20250728,0.25,0.9,3,FALSE
"barcs-four-methods-v1","BARCS-partial","Two 25% tails",400,90,0.896487455197133,0.818860764343428,0.898934024776721,0.966666666666667,40,0.422222222222222,0.05,0.584615384615385,0,"moi_0.25_quality_0.9_genes_400_replicates_3",20250728,0.25,0.9,3,FALSE
"barcs-four-methods-v1","BARCS-EB","Two 25% tails",400,90,0.92347670250896,0.876322571848357,0.899592542289172,0.966666666666667,52,0.566666666666667,0.0192307692307692,0.71830985915493,0,"moi_0.25_quality_0.9_genes_400_replicates_3",20250728,0.25,0.9,3,FALSE
"barcs-four-methods-v1","BARCS-original","Unsorted 0-100%",400,90,0.506810035842294,0.24949652974295,0.00914516195415072,0.433333333333333,0,0,0,0,0,"moi_0.25_quality_0.9_genes_400_replicates_3",20250728,0.25,0.9,3,FALSE
"barcs-four-methods-v1","BARCS-NORM","Unsorted 0-100%",400,90,0.52168458781362,0.248855736698068,-0.00348191134707989,0.411111111111111,0,0,0,0,0.0434782608695652,"moi_0.25_quality_0.9_genes_400_replicates_3",20250728,0.25,0.9,3,FALSE
"barcs-four-methods-v1","BARCS-partial","Unsorted 0-100%",400,90,0.464516129032258,0.227574252717496,0.0876404494382022,0.466666666666667,0,0,0,0,0.0434782608695652,"moi_0.25_quality_0.9_genes_400_replicates_3",20250728,0.25,0.9,3,FALSE
"barcs-four-methods-v1","BARCS-EB","Unsorted 0-100%",400,90,0.467741935483871,0.226602322214429,0.100465077993168,0.466666666666667,0,0,0,0,0.0434782608695652,"moi_0.25_quality_0.9_genes_400_replicates_3",20250728,0.25,0.9,3,FALSE
"barcs-four-methods-v1","BARCS-original","Low + bulk + high",100,16,0.955357142857143,0.905982905982906,0.897058823529412,1,15,0.8125,0.133333333333333,0.838709677419355,0.285714285714286,"moi_0.25_quality_0.9_genes_100_replicates_4",20250724,0.25,0.9,4,FALSE
"barcs-four-methods-v1","BARCS-NORM","Low + bulk + high",100,16,0.949404761904762,0.685933835256591,0.897058823529412,1,2,0.0625,0.5,0.111111111111111,0.142857142857143,"moi_0.25_quality_0.9_genes_100_replicates_4",20250724,0.25,0.9,4,FALSE
"barcs-four-methods-v1","BARCS-partial","Low + bulk + high",100,16,0.952380952380952,0.872197730448844,0.894117647058823,1,6,0.375,0,0.545454545454545,0,"moi_0.25_quality_0.9_genes_100_replicates_4",20250724,0.25,0.9,4,FALSE
"barcs-four-methods-v1","BARCS-EB","Low + bulk + high",100,16,0.962053571428571,0.911357106945342,0.894117647058823,1,7,0.4375,0,0.608695652173913,0,"moi_0.25_quality_0.9_genes_100_replicates_4",20250724,0.25,0.9,4,FALSE
"barcs-four-methods-v1","BARCS-original","Two 25% tails",100,16,0.963541666666667,0.912089974589975,0.894117647058823,1,12,0.75,0,0.857142857142857,0.142857142857143,"moi_0.25_quality_0.9_genes_100_replicates_4",20250724,0.25,0.9,4,FALSE
"barcs-four-methods-v1","BARCS-NORM","Two 25% tails",100,16,0.952380952380952,0.695057618035559,0.897058823529412,1,0,0,0,0,0.142857142857143,"moi_0.25_quality_0.9_genes_100_replicates_4",20250724,0.25,0.9,4,FALSE
"barcs-four-methods-v1","BARCS-partial","Two 25% tails",100,16,0.948660714285714,0.860043082264784,0.876470588235294,1,7,0.4375,0,0.608695652173913,0,"moi_0.25_quality_0.9_genes_100_replicates_4",20250724,0.25,0.9,4,FALSE
"barcs-four-methods-v1","BARCS-EB","Two 25% tails",100,16,0.959077380952381,0.903288898601399,0.873529411764706,1,6,0.375,0,0.545454545454545,0,"moi_0.25_quality_0.9_genes_100_replicates_4",20250724,0.25,0.9,4,FALSE
"barcs-four-methods-v1","BARCS-original","Unsorted 0-100%",100,16,0.56547619047619,0.200551400073955,-0.208823529411765,0.4375,0,0,0,0,0,"moi_0.25_quality_0.9_genes_100_replicates_4",20250724,0.25,0.9,4,FALSE
"barcs-four-methods-v1","BARCS-NORM","Unsorted 0-100%",100,16,0.551339285714286,0.20296275513739,-0.155882352941176,0.5,0,0,0,0,0,"moi_0.25_quality_0.9_genes_100_replicates_4",20250724,0.25,0.9,4,FALSE
"barcs-four-methods-v1","BARCS-partial","Unsorted 0-100%",100,16,0.53422619047619,0.199619658134901,-0.235294117647059,0.4375,0,0,0,0,0.142857142857143,"moi_0.25_quality_0.9_genes_100_replicates_4",20250724,0.25,0.9,4,FALSE
"barcs-four-methods-v1","BARCS-EB","Unsorted 0-100%",100,16,0.521949404761905,0.192304683985191,-0.235294117647059,0.4375,0,0,0,0,0.142857142857143,"moi_0.25_quality_0.9_genes_100_replicates_4",20250724,0.25,0.9,4,FALSE
"barcs-four-methods-v1","BARCS-original","Low + bulk + high",100,17,0.930545712260808,0.868124123426253,0.958333333333333,0.941176470588235,20,0.823529411764706,0.3,0.756756756756757,0,"moi_0.25_quality_0.9_genes_100_replicates_4",20250725,0.25,0.9,4,FALSE
"barcs-four-methods-v1","BARCS-NORM","Low + bulk + high",100,17,0.880935506732814,0.688261691027648,0.948529411764706,0.941176470588235,7,0.294117647058824,0.285714285714286,0.416666666666667,0.142857142857143,"moi_0.25_quality_0.9_genes_100_replicates_4",20250725,0.25,0.9,4,FALSE
"barcs-four-methods-v1","BARCS-partial","Low + bulk + high",100,17,0.88731396172927,0.79261948518798,0.936274509803922,0.941176470588235,15,0.705882352941177,0.2,0.75,0,"moi_0.25_quality_0.9_genes_100_replicates_4",20250725,0.25,0.9,4,FALSE
"barcs-four-methods-v1","BARCS-EB","Low + bulk + high",100,17,0.917788802267895,0.847971062429326,0.936274509803922,0.941176470588235,16,0.764705882352941,0.1875,0.787878787878788,0.142857142857143,"moi_0.25_quality_0.9_genes_100_replicates_4",20250725,0.25,0.9,4,FALSE
"barcs-four-methods-v1","BARCS-original","Two 25% tails",100,17,0.917788802267895,0.839748882008944,0.958333333333333,0.941176470588235,13,0.647058823529412,0.153846153846154,0.733333333333333,0,"moi_0.25_quality_0.9_genes_100_replicates_4",20250725,0.25,0.9,4,FALSE
"barcs-four-methods-v1","BARCS-NORM","Two 25% tails",100,17,0.880226789510985,0.687651185128551,0.938725490196079,0.941176470588235,7,0.294117647058824,0.285714285714286,0.416666666666667,0.142857142857143,"moi_0.25_quality_0.9_genes_100_replicates_4",20250725,0.25,0.9,4,FALSE
"barcs-four-methods-v1","BARCS-partial","Two 25% tails",100,17,0.8781006378455,0.73114907391724,0.946078431372549,0.941176470588235,9,0.411764705882353,0.222222222222222,0.538461538461538,0.142857142857143,"moi_0.25_quality_0.9_genes_100_replicates_4",20250725,0.25,0.9,4,FALSE
"barcs-four-methods-v1","BARCS-EB","Two 25% tails",100,17,0.902197023387668,0.81666591770398,0.948529411764706,0.941176470588235,12,0.588235294117647,0.166666666666667,0.689655172413793,0.142857142857143,"moi_0.25_quality_0.9_genes_100_replicates_4",20250725,0.25,0.9,4,FALSE
"barcs-four-methods-v1","BARCS-original","Unsorted 0-100%",100,17,0.489723600283487,0.187012573177676,0.0661764705882353,0.529411764705882,0,0,0,0,0,"moi_0.25_quality_0.9_genes_100_replicates_4",20250725,0.25,0.9,4,FALSE
"barcs-four-methods-v1","BARCS-NORM","Unsorted 0-100%",100,17,0.576187101346563,0.227988271927772,0.29656862745098,0.647058823529412,0,0,0,0,0,"moi_0.25_quality_0.9_genes_100_replicates_4",20250725,0.25,0.9,4,FALSE
"barcs-four-methods-v1","BARCS-partial","Unsorted 0-100%",100,17,0.463501063075833,0.199846252134044,0.0661764705882353,0.411764705882353,0,0,0,0,0,"moi_0.25_quality_0.9_genes_100_replicates_4",20250725,0.25,0.9,4,FALSE
"barcs-four-methods-v1","BARCS-EB","Unsorted 0-100%",100,17,0.454287739192062,0.184367543887688,0.0588235294117647,0.411764705882353,0,0,0,0,0,"moi_0.25_quality_0.9_genes_100_replicates_4",20250725,0.25,0.9,4,FALSE
"barcs-four-methods-v1","BARCS-original","Low + bulk + high",100,19,0.916179337231969,0.851530644184055,0.894736842105263,1,14,0.631578947368421,0.142857142857143,0.727272727272727,0,"moi_0.25_quality_0.9_genes_100_replicates_4",20250726,0.25,0.9,4,FALSE
"barcs-four-methods-v1","BARCS-NORM","Low + bulk + high",100,19,0.892137751786875,0.713956072752489,0.915789473684211,1,1,0.0526315789473684,0,0.1,0,"moi_0.25_quality_0.9_genes_100_replicates_4",20250726,0.25,0.9,4,FALSE
"barcs-four-methods-v1","BARCS-partial","Low + bulk + high",100,19,0.902534113060429,0.835765342519974,0.907017543859649,1,7,0.368421052631579,0,0.538461538461538,0,"moi_0.25_quality_0.9_genes_100_replicates_4",20250726,0.25,0.9,4,FALSE
"barcs-four-methods-v1","BARCS-EB","Low + bulk + high",100,19,0.920077972709552,0.882492221737073,0.914035087719298,1,10,0.526315789473684,0,0.689655172413793,0,"moi_0.25_quality_0.9_genes_100_replicates_4",20250726,0.25,0.9,4,FALSE
"barcs-four-methods-v1","BARCS-original","Two 25% tails",100,19,0.905133203378817,0.801365541153444,0.894736842105263,1,15,0.68421052631579,0.133333333333333,0.764705882352941,0,"moi_0.25_quality_0.9_genes_100_replicates_4",20250726,0.25,0.9,4,FALSE
"barcs-four-methods-v1","BARCS-NORM","Two 25% tails",100,19,0.888888888888889,0.709144123006329,0.915789473684211,1,1,0.0526315789473684,0,0.1,0,"moi_0.25_quality_0.9_genes_100_replicates_4",20250726,0.25,0.9,4,FALSE
"barcs-four-methods-v1","BARCS-partial","Two 25% tails",100,19,0.89538661468486,0.784202965747546,0.896491228070176,1,8,0.368421052631579,0.125,0.518518518518518,0,"moi_0.25_quality_0.9_genes_100_replicates_4",20250726,0.25,0.9,4,FALSE
"barcs-four-methods-v1","BARCS-EB","Two 25% tails",100,19,0.915529564652372,0.851742767203294,0.912280701754386,1,11,0.578947368421053,0,0.733333333333333,0,"moi_0.25_quality_0.9_genes_100_replicates_4",20250726,0.25,0.9,4,FALSE
"barcs-four-methods-v1","BARCS-original","Unsorted 0-100%",100,19,0.474333983105913,0.217650702452232,0.47719298245614,0.68421052631579,0,0,0,0,0,"moi_0.25_quality_0.9_genes_100_replicates_4",20250726,0.25,0.9,4,FALSE
"barcs-four-methods-v1","BARCS-NORM","Unsorted 0-100%",100,19,0.443794671864847,0.18907499304395,0.391228070175439,0.68421052631579,0,0,0,0,0,"moi_0.25_quality_0.9_genes_100_replicates_4",20250726,0.25,0.9,4,FALSE
"barcs-four-methods-v1","BARCS-partial","Unsorted 0-100%",100,19,0.497400909681611,0.214216906696885,0.443859649122807,0.631578947368421,0,0,0,0,0,"moi_0.25_quality_0.9_genes_100_replicates_4",20250726,0.25,0.9,4,FALSE
"barcs-four-methods-v1","BARCS-EB","Unsorted 0-100%",100,19,0.501949317738791,0.22226146691417,0.46140350877193,0.631578947368421,0,0,0,0,0,"moi_0.25_quality_0.9_genes_100_replicates_4",20250726,0.25,0.9,4,FALSE
"barcs-four-methods-v1","BARCS-original","Low + bulk + high",100,30,0.916190476190476,0.875156535428746,0.967964404894327,0.966666666666667,25,0.733333333333333,0.12,0.8,0,"moi_0.25_quality_0.9_genes_100_replicates_4",20250727,0.25,0.9,4,FALSE
"barcs-four-methods-v1","BARCS-NORM","Low + bulk + high",100,30,0.857619047619048,0.762981939641665,0.960400444938821,1,4,0.133333333333333,0,0.235294117647059,0.25,"moi_0.25_quality_0.9_genes_100_replicates_4",20250727,0.25,0.9,4,FALSE
"barcs-four-methods-v1","BARCS-partial","Low + bulk + high",100,30,0.889047619047619,0.83619759723734,0.959510567296997,0.966666666666667,9,0.3,0,0.461538461538462,0,"moi_0.25_quality_0.9_genes_100_replicates_4",20250727,0.25,0.9,4,FALSE
"barcs-four-methods-v1","BARCS-EB","Low + bulk + high",100,30,0.914761904761905,0.879183865833497,0.959955506117909,0.966666666666667,11,0.366666666666667,0,0.536585365853658,0,"moi_0.25_quality_0.9_genes_100_replicates_4",20250727,0.25,0.9,4,FALSE
"barcs-four-methods-v1","BARCS-original","Two 25% tails",100,30,0.919047619047619,0.878887678542695,0.966184649610679,0.966666666666667,20,0.6,0.1,0.72,0,"moi_0.25_quality_0.9_genes_100_replicates_4",20250727,0.25,0.9,4,FALSE
"barcs-four-methods-v1","BARCS-NORM","Two 25% tails",100,30,0.86,0.764595355096007,0.963959955506118,0.966666666666667,4,0.133333333333333,0,0.235294117647059,0.25,"moi_0.25_quality_0.9_genes_100_replicates_4",20250727,0.25,0.9,4,FALSE
"barcs-four-methods-v1","BARCS-partial","Two 25% tails",100,30,0.888571428571429,0.824664154234416,0.957285873192436,1,10,0.333333333333333,0,0.5,0.25,"moi_0.25_quality_0.9_genes_100_replicates_4",20250727,0.25,0.9,4,FALSE
"barcs-four-methods-v1","BARCS-EB","Two 25% tails",100,30,0.91047619047619,0.863325195018891,0.951501668520578,1,9,0.3,0,0.461538461538462,0,"moi_0.25_quality_0.9_genes_100_replicates_4",20250727,0.25,0.9,4,FALSE
"barcs-four-methods-v1","BARCS-original","Unsorted 0-100%",100,30,0.56,0.365385870563764,0.18754171301446,0.533333333333333,0,0,0,0,0,"moi_0.25_quality_0.9_genes_100_replicates_4",20250727,0.25,0.9,4,FALSE
"barcs-four-methods-v1","BARCS-NORM","Unsorted 0-100%",100,30,0.598095238095238,0.40450597482398,-0.0656284760845384,0.5,0,0,0,0,0,"moi_0.25_quality_0.9_genes_100_replicates_4",20250727,0.25,0.9,4,FALSE
"barcs-four-methods-v1","BARCS-partial","Unsorted 0-100%",100,30,0.543333333333333,0.392531366094385,0.0126807563959956,0.533333333333333,0,0,0,0,0,"moi_0.25_quality_0.9_genes_100_replicates_4",20250727,0.25,0.9,4,FALSE
"barcs-four-methods-v1","BARCS-EB","Unsorted 0-100%",100,30,0.545952380952381,0.371742397458617,0.0491657397107898,0.566666666666667,0,0,0,0,0,"moi_0.25_quality_0.9_genes_100_replicates_4",20250727,0.25,0.9,4,FALSE
"barcs-four-methods-v1","BARCS-original","Low + bulk + high",100,23,0.953698475437606,0.903896975956741,0.922924901185771,1,24,0.826086956521739,0.208333333333333,0.808510638297872,0,"moi_0.25_quality_0.9_genes_100_replicates_4",20250728,0.25,0.9,4,FALSE
"barcs-four-methods-v1","BARCS-NORM","Low + bulk + high",100,23,0.88481084133258,0.778686005146107,0.912055335968379,1,4,0.173913043478261,0,0.296296296296296,0,"moi_0.25_quality_0.9_genes_100_replicates_4",20250728,0.25,0.9,4,FALSE
"barcs-four-methods-v1","BARCS-partial","Low + bulk + high",100,23,0.945228684359119,0.868586136398211,0.897233201581028,1,9,0.391304347826087,0,0.5625,0,"moi_0.25_quality_0.9_genes_100_replicates_4",20250728,0.25,0.9,4,FALSE
"barcs-four-methods-v1","BARCS-EB","Low + bulk + high",100,23,0.93845285149633,0.889215403803465,0.904150197628459,1,15,0.652173913043478,0,0.789473684210526,0,"moi_0.25_quality_0.9_genes_100_replicates_4",20250728,0.25,0.9,4,FALSE
"barcs-four-methods-v1","BARCS-original","Two 25% tails",100,23,0.950875211744777,0.885176786380784,0.923913043478261,1,16,0.608695652173913,0.125,0.717948717948718,0,"moi_0.25_quality_0.9_genes_100_replicates_4",20250728,0.25,0.9,4,FALSE
"barcs-four-methods-v1","BARCS-NORM","Two 25% tails",100,23,0.886504799548278,0.791793722677656,0.912055335968379,1,4,0.173913043478261,0,0.296296296296296,0,"moi_0.25_quality_0.9_genes_100_replicates_4",20250728,0.25,0.9,4,FALSE
"barcs-four-methods-v1","BARCS-partial","Two 25% tails",100,23,0.949745906267645,0.87354846387188,0.896245059288537,1,13,0.521739130434783,0.0769230769230769,0.666666666666667,0,"moi_0.25_quality_0.9_genes_100_replicates_4",20250728,0.25,0.9,4,FALSE
"barcs-four-methods-v1","BARCS-EB","Two 25% tails",100,23,0.947487295313382,0.88225870579524,0.895256916996047,1,10,0.434782608695652,0,0.606060606060606,0,"moi_0.25_quality_0.9_genes_100_replicates_4",20250728,0.25,0.9,4,FALSE
"barcs-four-methods-v1","BARCS-original","Unsorted 0-100%",100,23,0.40824392998306,0.192904860771805,-0.5,0.347826086956522,0,0,0,0,0,"moi_0.25_quality_0.9_genes_100_replicates_4",20250728,0.25,0.9,4,FALSE
"barcs-four-methods-v1","BARCS-NORM","Unsorted 0-100%",100,23,0.409373235460192,0.198467517468407,-0.0592885375494071,0.434782608695652,0,0,0,0,0,"moi_0.25_quality_0.9_genes_100_replicates_4",20250728,0.25,0.9,4,FALSE
"barcs-four-methods-v1","BARCS-partial","Unsorted 0-100%",100,23,0.392715979672501,0.192027475930306,-0.213438735177866,0.434782608695652,0,0,0,0,0,"moi_0.25_quality_0.9_genes_100_replicates_4",20250728,0.25,0.9,4,FALSE
"barcs-four-methods-v1","BARCS-EB","Unsorted 0-100%",100,23,0.39553924336533,0.191901981659936,-0.188735177865613,0.434782608695652,0,0,0,0,0,"moi_0.25_quality_0.9_genes_100_replicates_4",20250728,0.25,0.9,4,FALSE
"barcs-four-methods-v1","BARCS-original","Low + bulk + high",400,64,0.849516369047619,0.733082830636979,0.911900729011301,0.9375,18,0.28125,0,0.439024390243902,0.05,"moi_0.25_quality_0.6_genes_400_replicates_4",20250724,0.25,0.6,4,FALSE
"barcs-four-methods-v1","BARCS-NORM","Low + bulk + high",400,64,0.762555803571429,0.482434093332075,0.886350108534861,0.921875,0,0,0,0,0.05,"moi_0.25_quality_0.6_genes_400_replicates_4",20250724,0.25,0.6,4,FALSE
"barcs-four-methods-v1","BARCS-partial","Low + bulk + high",400,64,0.779482886904762,0.578255142247202,0.901460690537057,0.953125,11,0.171875,0,0.293333333333333,0.05,"moi_0.25_quality_0.6_genes_400_replicates_4",20250724,0.25,0.6,4,FALSE
"barcs-four-methods-v1","BARCS-EB","Low + bulk + high",400,64,0.821614583333333,0.690831123134627,0.902193324815951,0.9375,14,0.21875,0,0.358974358974359,0.05,"moi_0.25_quality_0.6_genes_400_replicates_4",20250724,0.25,0.6,4,FALSE
"barcs-four-methods-v1","BARCS-original","Two 25% tails",400,64,0.834170386904762,0.707280403833568,0.910572829380805,0.921875,13,0.203125,0,0.337662337662338,0.05,"moi_0.25_quality_0.6_genes_400_replicates_4",20250724,0.25,0.6,4,FALSE
"barcs-four-methods-v1","BARCS-NORM","Two 25% tails",400,64,0.763299851190476,0.482708067293299,0.876276387200064,0.90625,0,0,0,0,0.05,"moi_0.25_quality_0.6_genes_400_replicates_4",20250724,0.25,0.6,4,FALSE
"barcs-four-methods-v1","BARCS-partial","Two 25% tails",400,64,0.770740327380952,0.545655215666456,0.897889098427447,0.90625,8,0.125,0,0.222222222222222,0.05,"moi_0.25_quality_0.6_genes_400_replicates_4",20250724,0.25,0.6,4,FALSE
"barcs-four-methods-v1","BARCS-EB","Two 25% tails",400,64,0.819428943452381,0.666598168285111,0.899537525554959,0.90625,12,0.1875,0,0.31578947368421,0.05,"moi_0.25_quality_0.6_genes_400_replicates_4",20250724,0.25,0.6,4,FALSE
"barcs-four-methods-v1","BARCS-original","Unsorted 0-100%",400,64,0.490327380952381,0.197638249970178,-0.0839782042182639,0.546875,0,0,0,0,0,"moi_0.25_quality_0.6_genes_400_replicates_4",20250724,0.25,0.6,4,FALSE
"barcs-four-methods-v1","BARCS-NORM","Unsorted 0-100%",400,64,0.459309895833333,0.152975381134985,-0.0622281240635882,0.53125,0,0,0,0,0.05,"moi_0.25_quality_0.6_genes_400_replicates_4",20250724,0.25,0.6,4,FALSE
"barcs-four-methods-v1","BARCS-partial","Unsorted 0-100%",400,64,0.486421130952381,0.172000598819361,-0.134255231607388,0.421875,0,0,0,0,0.05,"moi_0.25_quality_0.6_genes_400_replicates_4",20250724,0.25,0.6,4,FALSE
"barcs-four-methods-v1","BARCS-EB","Unsorted 0-100%",400,64,0.482607886904762,0.173399716675789,-0.129447319152144,0.421875,0,0,0,0,0.05,"moi_0.25_quality_0.6_genes_400_replicates_4",20250724,0.25,0.6,4,FALSE
"barcs-four-methods-v1","BARCS-original","Low + bulk + high",400,68,0.771881644223955,0.577464532696863,0.906581923371466,0.941176470588235,31,0.338235294117647,0.258064516129032,0.464646464646465,0.0625,"moi_0.25_quality_0.6_genes_400_replicates_4",20250725,0.25,0.6,4,FALSE
"barcs-four-methods-v1","BARCS-NORM","Low + bulk + high",400,68,0.691486534372785,0.416402042801383,0.908624161435441,0.926470588235294,1,0.0147058823529412,0,0.0289855072463768,0,"moi_0.25_quality_0.6_genes_400_replicates_4",20250725,0.25,0.6,4,FALSE
"barcs-four-methods-v1","BARCS-partial","Low + bulk + high",400,68,0.704819277108434,0.4490655348563,0.923969576420823,0.941176470588235,9,0.117647058823529,0.111111111111111,0.207792207792208,0.0625,"moi_0.25_quality_0.6_genes_400_replicates_4",20250725,0.25,0.6,4,FALSE
"barcs-four-methods-v1","BARCS-EB","Low + bulk + high",400,68,0.739812189936215,0.528278448746445,0.926737095292565,0.941176470588235,15,0.191176470588235,0.133333333333333,0.313253012048193,0,"moi_0.25_quality_0.6_genes_400_replicates_4",20250725,0.25,0.6,4,FALSE
"barcs-four-methods-v1","BARCS-original","Two 25% tails",400,68,0.760896527285613,0.548704006389705,0.905532174833909,0.941176470588235,21,0.264705882352941,0.142857142857143,0.404494382022472,0.0625,"moi_0.25_quality_0.6_genes_400_replicates_4",20250725,0.25,0.6,4,FALSE
"barcs-four-methods-v1","BARCS-NORM","Two 25% tails",400,68,0.689404677533664,0.4146116965377,0.906830045753071,0.926470588235294,1,0.0147058823529412,0,0.0289855072463768,0,"moi_0.25_quality_0.6_genes_400_replicates_4",20250725,0.25,0.6,4,FALSE
"barcs-four-methods-v1","BARCS-partial","Two 25% tails",400,68,0.708318568391212,0.438446049450569,0.931489593217142,0.941176470588235,20,0.176470588235294,0.4,0.272727272727273,0.0625,"moi_0.25_quality_0.6_genes_400_replicates_4",20250725,0.25,0.6,4,FALSE
"barcs-four-methods-v1","BARCS-EB","Two 25% tails",400,68,0.742115520907158,0.527781653227578,0.93177588827284,0.955882352941177,15,0.176470588235294,0.2,0.289156626506024,0,"moi_0.25_quality_0.6_genes_400_replicates_4",20250725,0.25,0.6,4,FALSE
"barcs-four-methods-v1","BARCS-original","Unsorted 0-100%",400,68,0.490698086463501,0.17369020563452,0.0211858341216095,0.470588235294118,0,0,0,0,0,"moi_0.25_quality_0.6_genes_400_replicates_4",20250725,0.25,0.6,4,FALSE
"barcs-four-methods-v1","BARCS-NORM","Unsorted 0-100%",400,68,0.458672927002126,0.153346717139619,0.109918215050765,0.544117647058823,0,0,0,0,0.0625,"moi_0.25_quality_0.6_genes_400_replicates_4",20250725,0.25,0.6,4,FALSE
"barcs-four-methods-v1","BARCS-partial","Unsorted 0-100%",400,68,0.512889794472006,0.181568466538056,0.0843043507343684,0.588235294117647,0,0,0,0,0,"moi_0.25_quality_0.6_genes_400_replicates_4",20250725,0.25,0.6,4,FALSE
"barcs-four-methods-v1","BARCS-EB","Unsorted 0-100%",400,68,0.513775690999291,0.181330539490428,0.095546203254754,0.602941176470588,0,0,0,0,0,"moi_0.25_quality_0.6_genes_400_replicates_4",20250725,0.25,0.6,4,FALSE
"barcs-four-methods-v1","BARCS-original","Low + bulk + high",400,78,0.818721133938525,0.675745922364865,0.859983289966303,0.884615384615385,26,0.307692307692308,0.0769230769230769,0.461538461538462,0.166666666666667,"moi_0.25_quality_0.6_genes_400_replicates_4",20250726,0.25,0.6,4,FALSE
"barcs-four-methods-v1","BARCS-NORM","Low + bulk + high",400,78,0.735228539576366,0.442950934636643,0.896025264947159,0.897435897435897,0,0,0,0,0.0555555555555556,"moi_0.25_quality_0.6_genes_400_replicates_4",20250726,0.25,0.6,4,FALSE
"barcs-four-methods-v1","BARCS-partial","Low + bulk + high",400,78,0.759436215957955,0.518917867766885,0.909414453686535,0.923076923076923,10,0.115384615384615,0.1,0.204545454545455,0,"moi_0.25_quality_0.6_genes_400_replicates_4",20250726,0.25,0.6,4,FALSE
"barcs-four-methods-v1","BARCS-EB","Low + bulk + high",400,78,0.807174709348622,0.640443243270201,0.909768798946179,0.923076923076923,12,0.153846153846154,0,0.266666666666667,0,"moi_0.25_quality_0.6_genes_400_replicates_4",20250726,0.25,0.6,4,FALSE
"barcs-four-methods-v1","BARCS-original","Two 25% tails",400,78,0.800645007166746,0.637139831752865,0.858768391933241,0.884615384615385,11,0.141025641025641,0,0.247191011235955,0.111111111111111,"moi_0.25_quality_0.6_genes_400_replicates_4",20250726,0.25,0.6,4,FALSE
"barcs-four-methods-v1","BARCS-NORM","Two 25% tails",400,78,0.734551680203854,0.436315918951579,0.893595468881033,0.897435897435897,0,0,0,0,0.0555555555555556,"moi_0.25_quality_0.6_genes_400_replicates_4",20250726,0.25,0.6,4,FALSE
"barcs-four-methods-v1","BARCS-partial","Two 25% tails",400,78,0.749601847427934,0.496521167755882,0.913109768537101,0.91025641025641,11,0.128205128205128,0.0909090909090909,0.224719101123595,0,"moi_0.25_quality_0.6_genes_400_replicates_4",20250726,0.25,0.6,4,FALSE
"barcs-four-methods-v1","BARCS-EB","Two 25% tails",400,78,0.807095078834209,0.618544542976157,0.910350937587021,0.923076923076923,10,0.128205128205128,0,0.227272727272727,0,"moi_0.25_quality_0.6_genes_400_replicates_4",20250726,0.25,0.6,4,FALSE
"barcs-four-methods-v1","BARCS-original","Unsorted 0-100%",400,78,0.481645166427775,0.183600325525457,0.0158063296176575,0.538461538461538,0,0,0,0,0,"moi_0.25_quality_0.6_genes_400_replicates_4",20250726,0.25,0.6,4,FALSE
"barcs-four-methods-v1","BARCS-NORM","Unsorted 0-100%",400,78,0.454570791527313,0.17424202744905,0.0175527455401849,0.525641025641026,0,0,0,0,0,"moi_0.25_quality_0.6_genes_400_replicates_4",20250726,0.25,0.6,4,FALSE
"barcs-four-methods-v1","BARCS-partial","Unsorted 0-100%",400,78,0.539735626692148,0.22082897646357,0.0310431757823168,0.525641025641026,0,0,0,0,0,"moi_0.25_quality_0.6_genes_400_replicates_4",20250726,0.25,0.6,4,FALSE
"barcs-four-methods-v1","BARCS-EB","Unsorted 0-100%",400,78,0.539974518235388,0.219549939308679,0.0278287580698389,0.525641025641026,0,0,0,0,0,"moi_0.25_quality_0.6_genes_400_replicates_4",20250726,0.25,0.6,4,FALSE
"barcs-four-methods-v1","BARCS-original","Low + bulk + high",400,78,0.8762143653448,0.742647000374492,0.890964009573098,0.897435897435897,18,0.230769230769231,0,0.375,0.0357142857142857,"moi_0.25_quality_0.6_genes_400_replicates_4",20250727,0.25,0.6,4,FALSE
"barcs-four-methods-v1","BARCS-NORM","Low + bulk + high",400,78,0.773729893295111,0.447176545063385,0.908369853500794,0.987179487179487,1,0.0128205128205128,0,0.0253164556962025,0.107142857142857,"moi_0.25_quality_0.6_genes_400_replicates_4",20250727,0.25,0.6,4,FALSE
"barcs-four-methods-v1","BARCS-partial","Low + bulk + high",400,78,0.793239369326326,0.525442518503001,0.904989955079925,0.974358974358974,6,0.0641025641025641,0.166666666666667,0.119047619047619,0.0357142857142857,"moi_0.25_quality_0.6_genes_400_replicates_4",20250727,0.25,0.6,4,FALSE
"barcs-four-methods-v1","BARCS-EB","Low + bulk + high",400,78,0.843924191750279,0.659273405343027,0.902141726073575,0.974358974358974,4,0.0512820512820513,0,0.0975609756097561,0,"moi_0.25_quality_0.6_genes_400_replicates_4",20250727,0.25,0.6,4,FALSE
"barcs-four-methods-v1","BARCS-original","Two 25% tails",400,78,0.85351966873706,0.701215900271544,0.891900760446298,0.897435897435897,14,0.17948717948718,0,0.304347826086957,0.0714285714285714,"moi_0.25_quality_0.6_genes_400_replicates_4",20250727,0.25,0.6,4,FALSE
"barcs-four-methods-v1","BARCS-NORM","Two 25% tails",400,78,0.77130116260551,0.442442348310288,0.908382512296378,0.987179487179487,1,0.0128205128205128,0,0.0253164556962025,0.107142857142857,"moi_0.25_quality_0.6_genes_400_replicates_4",20250727,0.25,0.6,4,FALSE
"barcs-four-methods-v1","BARCS-partial","Two 25% tails",400,78,0.776556776556777,0.501877972680001,0.901875891366316,0.961538461538462,2,0.0256410256410256,0,0.05,0.0357142857142857,"moi_0.25_quality_0.6_genes_400_replicates_4",20250727,0.25,0.6,4,FALSE
"barcs-four-methods-v1","BARCS-EB","Two 25% tails",400,78,0.825688803949673,0.644893233778691,0.900091001189003,0.961538461538462,9,0.115384615384615,0,0.206896551724138,0.0357142857142857,"moi_0.25_quality_0.6_genes_400_replicates_4",20250727,0.25,0.6,4,FALSE
"barcs-four-methods-v1","BARCS-original","Unsorted 0-100%",400,78,0.475394171046345,0.202260542101289,0.0706993733354042,0.551282051282051,0,0,0,0,0,"moi_0.25_quality_0.6_genes_400_replicates_4",20250727,0.25,0.6,4,FALSE
"barcs-four-methods-v1","BARCS-NORM","Unsorted 0-100%",400,78,0.47360248447205,0.182148153013614,0.0517997915288226,0.512820512820513,0,0,0,0,0,"moi_0.25_quality_0.6_genes_400_replicates_4",20250727,0.25,0.6,4,FALSE
"barcs-four-methods-v1","BARCS-partial","Unsorted 0-100%",400,78,0.493987896161809,0.193421671227342,0.0560404880493884,0.564102564102564,0,0,0,0,0.0357142857142857,"moi_0.25_quality_0.6_genes_400_replicates_4",20250727,0.25,0.6,4,FALSE
"barcs-four-methods-v1","BARCS-EB","Unsorted 0-100%",400,78,0.492992514731645,0.193294673611693,0.040849933348854,0.564102564102564,0,0,0,0,0.0357142857142857,"moi_0.25_quality_0.6_genes_400_replicates_4",20250727,0.25,0.6,4,FALSE
"barcs-four-methods-v1","BARCS-original","Low + bulk + high",400,95,0.865435720448663,0.78194205852034,0.940232748326357,0.894736842105263,52,0.494736842105263,0.0961538461538462,0.639455782312925,0.04,"moi_0.25_quality_0.6_genes_400_replicates_4",20250728,0.25,0.6,4,FALSE
"barcs-four-methods-v1","BARCS-NORM","Low + bulk + high",400,95,0.784503882657463,0.6040633307652,0.942052680092571,0.926315789473684,0,0,0,0,0.04,"moi_0.25_quality_0.6_genes_400_replicates_4",20250728,0.25,0.6,4,FALSE
"barcs-four-methods-v1","BARCS-partial","Low + bulk + high",400,95,0.814978429680759,0.646040325113797,0.942871649387367,0.936842105263158,10,0.105263157894737,0,0.19047619047619,0,"moi_0.25_quality_0.6_genes_400_replicates_4",20250728,0.25,0.6,4,FALSE
"barcs-four-methods-v1","BARCS-EB","Low + bulk + high",400,95,0.848283002588438,0.741391891614614,0.944782577741891,0.936842105263158,9,0.0947368421052632,0,0.173076923076923,0,"moi_0.25_quality_0.6_genes_400_replicates_4",20250728,0.25,0.6,4,FALSE
"barcs-four-methods-v1","BARCS-original","Two 25% tails",400,95,0.856566005176877,0.762705552992622,0.938587809999203,0.905263157894737,22,0.231578947368421,0,0.376068376068376,0,"moi_0.25_quality_0.6_genes_400_replicates_4",20250728,0.25,0.6,4,FALSE
"barcs-four-methods-v1","BARCS-NORM","Two 25% tails",400,95,0.793615185504746,0.610703110596498,0.941975682979385,0.936842105263158,0,0,0,0,0.04,"moi_0.25_quality_0.6_genes_400_replicates_4",20250728,0.25,0.6,4,FALSE
"barcs-four-methods-v1","BARCS-partial","Two 25% tails",400,95,0.819810181190682,0.650965196983871,0.938454814985518,0.936842105263158,6,0.0631578947368421,0,0.118811881188119,0,"moi_0.25_quality_0.6_genes_400_replicates_4",20250728,0.25,0.6,4,FALSE
"barcs-four-methods-v1","BARCS-EB","Two 25% tails",400,95,0.855461604831751,0.751895147976782,0.939756766172117,0.947368421052632,7,0.0736842105263158,0,0.137254901960784,0,"moi_0.25_quality_0.6_genes_400_replicates_4",20250728,0.25,0.6,4,FALSE
"barcs-four-methods-v1","BARCS-original","Unsorted 0-100%",400,95,0.512338222605695,0.258894137383726,-0.0451273080645307,0.442105263157895,0,0,0,0,0,"moi_0.25_quality_0.6_genes_400_replicates_4",20250728,0.25,0.6,4,FALSE
"barcs-four-methods-v1","BARCS-NORM","Unsorted 0-100%",400,95,0.513339085418464,0.253849062111935,-0.0308688426500047,0.473684210526316,0,0,0,0,0,"moi_0.25_quality_0.6_genes_400_replicates_4",20250728,0.25,0.6,4,FALSE
"barcs-four-methods-v1","BARCS-partial","Unsorted 0-100%",400,95,0.517963761863676,0.256521817319613,0.0421244206502786,0.505263157894737,0,0,0,0,0.04,"moi_0.25_quality_0.6_genes_400_replicates_4",20250728,0.25,0.6,4,FALSE
"barcs-four-methods-v1","BARCS-EB","Unsorted 0-100%",400,95,0.519206212251941,0.257348882853039,0.0389815384847792,0.526315789473684,0,0,0,0,0.04,"moi_0.25_quality_0.6_genes_400_replicates_4",20250728,0.25,0.6,4,FALSE
"barcs-four-methods-v1","BARCS-original","Low + bulk + high",400,82,0.879736155852125,0.827496752320544,0.862017174388611,0.914634146341463,66,0.695121951219512,0.136363636363636,0.77027027027027,0.153846153846154,"moi_0.25_quality_0.75_genes_400_replicates_4",20250724,0.25,0.75,4,FALSE
"barcs-four-methods-v1","BARCS-NORM","Low + bulk + high",400,82,0.8256250958736,0.63779807590659,0.873162024792939,0.963414634146341,6,0.0609756097560976,0.166666666666667,0.113636363636364,0.115384615384615,"moi_0.25_quality_0.75_genes_400_replicates_4",20250724,0.25,0.75,4,FALSE
"barcs-four-methods-v1","BARCS-partial","Low + bulk + high",400,82,0.844339622641509,0.719813474802588,0.885155799349158,0.951219512195122,12,0.146341463414634,0,0.25531914893617,0.0384615384615385,"moi_0.25_quality_0.75_genes_400_replicates_4",20250724,0.25,0.75,4,FALSE
"barcs-four-methods-v1","BARCS-EB","Low + bulk + high",400,82,0.875402669121031,0.815362470882761,0.888399124955105,0.951219512195122,30,0.365853658536585,0,0.535714285714286,0.0384615384615385,"moi_0.25_quality_0.75_genes_400_replicates_4",20250724,0.25,0.75,4,FALSE
"barcs-four-methods-v1","BARCS-original","Two 25% tails",400,82,0.869075011504832,0.815222082069514,0.861124715664827,0.926829268292683,48,0.573170731707317,0.0208333333333333,0.723076923076923,0.153846153846154,"moi_0.25_quality_0.75_genes_400_replicates_4",20250724,0.25,0.75,4,FALSE
"barcs-four-methods-v1","BARCS-NORM","Two 25% tails",400,82,0.822518791225648,0.632456570757234,0.875904702822129,0.951219512195122,3,0.0365853658536585,0,0.0705882352941176,0.115384615384615,"moi_0.25_quality_0.75_genes_400_replicates_4",20250724,0.25,0.75,4,FALSE
"barcs-four-methods-v1","BARCS-partial","Two 25% tails",400,82,0.83383187605461,0.704796489601367,0.881477128024292,0.926829268292683,6,0.0731707317073171,0,0.136363636363636,0.0384615384615385,"moi_0.25_quality_0.75_genes_400_replicates_4",20250724,0.25,0.75,4,FALSE
"barcs-four-methods-v1","BARCS-EB","Two 25% tails",400,82,0.85546096026998,0.782169621714785,0.884611617200509,0.926829268292683,21,0.25609756097561,0,0.407766990291262,0.0384615384615385,"moi_0.25_quality_0.75_genes_400_replicates_4",20250724,0.25,0.75,4,FALSE
"barcs-four-methods-v1","BARCS-original","Unsorted 0-100%",400,82,0.532060131922074,0.21329322679803,0.0473764978613642,0.560975609756098,0,0,0,0,0.0384615384615385,"moi_0.25_quality_0.75_genes_400_replicates_4",20250724,0.25,0.75,4,FALSE
"barcs-four-methods-v1","BARCS-NORM","Unsorted 0-100%",400,82,0.536201871452677,0.219788330059614,0.0657698544856935,0.560975609756098,0,0,0,0,0.0769230769230769,"moi_0.25_quality_0.75_genes_400_replicates_4",20250724,0.25,0.75,4,FALSE
"barcs-four-methods-v1","BARCS-partial","Unsorted 0-100%",400,82,0.511428133149256,0.217327230404497,0.111568224115976,0.634146341463415,0,0,0,0,0,"moi_0.25_quality_0.75_genes_400_replicates_4",20250724,0.25,0.75,4,FALSE
"barcs-four-methods-v1","BARCS-EB","Unsorted 0-100%",400,82,0.510776192667587,0.217093010523712,0.116095819592734,0.609756097560976,0,0,0,0,0,"moi_0.25_quality_0.75_genes_400_replicates_4",20250724,0.25,0.75,4,FALSE
"barcs-four-methods-v1","BARCS-original","Low + bulk + high",400,81,0.903827547505708,0.808013514223686,0.924074074074074,0.962962962962963,52,0.567901234567901,0.115384615384615,0.691729323308271,0.133333333333333,"moi_0.25_quality_0.75_genes_400_replicates_4",20250725,0.25,0.75,4,FALSE
"barcs-four-methods-v1","BARCS-NORM","Low + bulk + high",400,81,0.832462556600488,0.653481949917433,0.901716350496838,0.987654320987654,7,0.0864197530864197,0,0.159090909090909,0,"moi_0.25_quality_0.75_genes_400_replicates_4",20250725,0.25,0.75,4,FALSE
"barcs-four-methods-v1","BARCS-partial","Low + bulk + high",400,81,0.834939432640582,0.680363598162565,0.907881662149955,0.987654320987654,15,0.17283950617284,0.0666666666666667,0.291666666666667,0.0666666666666667,"moi_0.25_quality_0.75_genes_400_replicates_4",20250725,0.25,0.75,4,FALSE
"barcs-four-methods-v1","BARCS-EB","Low + bulk + high",400,81,0.885212276016874,0.773373239709754,0.907429990966576,1,21,0.259259259259259,0,0.411764705882353,0.0666666666666667,"moi_0.25_quality_0.75_genes_400_replicates_4",20250725,0.25,0.75,4,FALSE
"barcs-four-methods-v1","BARCS-original","Two 25% tails",400,81,0.892294593444019,0.772655981210138,0.924480578139115,0.950617283950617,34,0.407407407407407,0.0294117647058824,0.573913043478261,0.0666666666666667,"moi_0.25_quality_0.75_genes_400_replicates_4",20250725,0.25,0.75,4,FALSE
"barcs-four-methods-v1","BARCS-NORM","Two 25% tails",400,81,0.834823329076203,0.655082389832469,0.907859078590786,0.987654320987654,8,0.0864197530864197,0.125,0.157303370786517,0,"moi_0.25_quality_0.75_genes_400_replicates_4",20250725,0.25,0.75,4,FALSE
"barcs-four-methods-v1","BARCS-partial","Two 25% tails",400,81,0.809125740160223,0.63917062224968,0.908785004516712,0.987654320987654,16,0.197530864197531,0,0.329896907216495,0.0666666666666667,"moi_0.25_quality_0.75_genes_400_replicates_4",20250725,0.25,0.75,4,FALSE
"barcs-four-methods-v1","BARCS-EB","Two 25% tails",400,81,0.863423507101668,0.741142960412887,0.907204155374887,1,24,0.296296296296296,0,0.457142857142857,0.0666666666666667,"moi_0.25_quality_0.75_genes_400_replicates_4",20250725,0.25,0.75,4,FALSE
"barcs-four-methods-v1","BARCS-original","Unsorted 0-100%",400,81,0.5154224234684,0.219401636735211,0.157294489611563,0.518518518518518,0,0,0,0,0,"moi_0.25_quality_0.75_genes_400_replicates_4",20250725,0.25,0.75,4,FALSE
"barcs-four-methods-v1","BARCS-NORM","Unsorted 0-100%",400,81,0.518750725647277,0.209680060187382,0.122990063233966,0.567901234567901,0,0,0,0,0,"moi_0.25_quality_0.75_genes_400_replicates_4",20250725,0.25,0.75,4,FALSE
"barcs-four-methods-v1","BARCS-partial","Unsorted 0-100%",400,81,0.4885250977205,0.204150637023862,0.13676603432701,0.580246913580247,0,0,0,0,0,"moi_0.25_quality_0.75_genes_400_replicates_4",20250725,0.25,0.75,4,FALSE
"barcs-four-methods-v1","BARCS-EB","Unsorted 0-100%",400,81,0.480475250590193,0.202663445309017,0.138121047877145,0.567901234567901,0,0,0,0,0,"moi_0.25_quality_0.75_genes_400_replicates_4",20250725,0.25,0.75,4,FALSE
"barcs-four-methods-v1","BARCS-original","Low + bulk + high",400,77,0.905994933858711,0.820159916697404,0.898916872601083,0.974025974025974,54,0.623376623376623,0.111111111111111,0.732824427480916,0.0526315789473684,"moi_0.25_quality_0.75_genes_400_replicates_4",20250726,0.25,0.75,4,FALSE
"barcs-four-methods-v1","BARCS-NORM","Low + bulk + high",400,77,0.805355635076997,0.529872102216228,0.861717230138283,0.974025974025974,0,0,0,0,0,"moi_0.25_quality_0.75_genes_400_replicates_4",20250726,0.25,0.75,4,FALSE
"barcs-four-methods-v1","BARCS-partial","Low + bulk + high",400,77,0.850026134855856,0.677591510944483,0.882091592617908,0.987012987012987,21,0.272727272727273,0,0.428571428571429,0,"moi_0.25_quality_0.75_genes_400_replicates_4",20250726,0.25,0.75,4,FALSE
"barcs-four-methods-v1","BARCS-EB","Low + bulk + high",400,77,0.891520244461421,0.783813435283178,0.887244334612756,0.987012987012987,28,0.350649350649351,0.0357142857142857,0.514285714285714,0,"moi_0.25_quality_0.75_genes_400_replicates_4",20250726,0.25,0.75,4,FALSE
"barcs-four-methods-v1","BARCS-original","Two 25% tails",400,77,0.89827509951349,0.796369658905825,0.898417372101583,0.987012987012987,34,0.428571428571429,0.0294117647058824,0.594594594594595,0,"moi_0.25_quality_0.75_genes_400_replicates_4",20250726,0.25,0.75,4,FALSE
"barcs-four-methods-v1","BARCS-NORM","Two 25% tails",400,77,0.804270033372201,0.506151769045986,0.86127030863873,0.974025974025974,0,0,0,0,0,"moi_0.25_quality_0.75_genes_400_replicates_4",20250726,0.25,0.75,4,FALSE
"barcs-four-methods-v1","BARCS-partial","Two 25% tails",400,77,0.839491777572273,0.679431595461571,0.893658972606341,0.974025974025974,26,0.311688311688312,0.0769230769230769,0.466019417475728,0,"moi_0.25_quality_0.75_genes_400_replicates_4",20250726,0.25,0.75,4,FALSE
"barcs-four-methods-v1","BARCS-EB","Two 25% tails",400,77,0.880342567649069,0.780567565324347,0.892554813607445,0.987012987012987,35,0.441558441558442,0.0285714285714286,0.607142857142857,0,"moi_0.25_quality_0.75_genes_400_replicates_4",20250726,0.25,0.75,4,FALSE
"barcs-four-methods-v1","BARCS-original","Unsorted 0-100%",400,77,0.52844678541273,0.199439665304156,-0.105683789894316,0.454545454545455,0,0,0,0,0,"moi_0.25_quality_0.75_genes_400_replicates_4",20250726,0.25,0.75,4,FALSE
"barcs-four-methods-v1","BARCS-NORM","Unsorted 0-100%",400,77,0.555988902738129,0.226947084275058,-0.0894368789105631,0.467532467532468,0,0,0,0,0.0526315789473684,"moi_0.25_quality_0.75_genes_400_replicates_4",20250726,0.25,0.75,4,FALSE
"barcs-four-methods-v1","BARCS-partial","Unsorted 0-100%",400,77,0.502995456555828,0.199119526300438,-0.01161995898838,0.493506493506494,0,0,0,0,0.0526315789473684,"moi_0.25_quality_0.75_genes_400_replicates_4",20250726,0.25,0.75,4,FALSE
"barcs-four-methods-v1","BARCS-EB","Unsorted 0-100%",400,77,0.50215109967432,0.198475064318219,0.00541563699458436,0.519480519480519,0,0,0,0,0.0526315789473684,"moi_0.25_quality_0.75_genes_400_replicates_4",20250726,0.25,0.75,4,FALSE
"barcs-four-methods-v1","BARCS-original","Low + bulk + high",400,75,0.938748717948718,0.882723942778306,0.897977183213573,0.973333333333333,46,0.586666666666667,0.0434782608695652,0.727272727272727,0,"moi_0.25_quality_0.75_genes_400_replicates_4",20250727,0.25,0.75,4,FALSE
"barcs-four-methods-v1","BARCS-NORM","Low + bulk + high",400,75,0.886974358974359,0.732101932354686,0.906768329480182,0.973333333333333,0,0,0,0,0,"moi_0.25_quality_0.75_genes_400_replicates_4",20250727,0.25,0.75,4,FALSE
"barcs-four-methods-v1","BARCS-partial","Low + bulk + high",400,75,0.89694358974359,0.789769548998424,0.919599419985816,1,34,0.44,0.0294117647058824,0.605504587155963,0,"moi_0.25_quality_0.75_genes_400_replicates_4",20250727,0.25,0.75,4,FALSE
"barcs-four-methods-v1","BARCS-EB","Low + bulk + high",400,75,0.927630769230769,0.857957451434574,0.918603659081831,0.986666666666667,35,0.466666666666667,0,0.636363636363636,0,"moi_0.25_quality_0.75_genes_400_replicates_4",20250727,0.25,0.75,4,FALSE
"barcs-four-methods-v1","BARCS-original","Two 25% tails",400,75,0.928574358974359,0.859736418971255,0.892600074332054,0.973333333333333,42,0.546666666666667,0.0238095238095238,0.700854700854701,0,"moi_0.25_quality_0.75_genes_400_replicates_4",20250727,0.25,0.75,4,FALSE
"barcs-four-methods-v1","BARCS-NORM","Two 25% tails",400,75,0.885169230769231,0.726254906405524,0.905715667953112,0.973333333333333,0,0,0,0,0,"moi_0.25_quality_0.75_genes_400_replicates_4",20250727,0.25,0.75,4,FALSE
"barcs-four-methods-v1","BARCS-partial","Two 25% tails",400,75,0.882707692307692,0.777256798896381,0.925488634475098,0.986666666666667,32,0.4,0.0625,0.560747663551402,0,"moi_0.25_quality_0.75_genes_400_replicates_4",20250727,0.25,0.75,4,FALSE
"barcs-four-methods-v1","BARCS-EB","Two 25% tails",400,75,0.9136,0.838260048656994,0.92398076796335,0.986666666666667,36,0.466666666666667,0.0277777777777778,0.630630630630631,0,"moi_0.25_quality_0.75_genes_400_replicates_4",20250727,0.25,0.75,4,FALSE
"barcs-four-methods-v1","BARCS-original","Unsorted 0-100%",400,75,0.562461538461538,0.221171295912811,0.00199152180796978,0.426666666666667,0,0,0,0,0,"moi_0.25_quality_0.75_genes_400_replicates_4",20250727,0.25,0.75,4,FALSE
"barcs-four-methods-v1","BARCS-NORM","Unsorted 0-100%",400,75,0.559630769230769,0.216793143595071,0.0826766053422882,0.493333333333333,0,0,0,0,0.0769230769230769,"moi_0.25_quality_0.75_genes_400_replicates_4",20250727,0.25,0.75,4,FALSE
"barcs-four-methods-v1","BARCS-partial","Unsorted 0-100%",400,75,0.571569230769231,0.221732309577595,-0.00628751885087601,0.453333333333333,1,0,1,0,0,"moi_0.25_quality_0.75_genes_400_replicates_4",20250727,0.25,0.75,4,FALSE
"barcs-four-methods-v1","BARCS-EB","Unsorted 0-100%",400,75,0.56508717948718,0.218350577826958,-0.012375885520955,0.453333333333333,1,0,1,0,0,"moi_0.25_quality_0.75_genes_400_replicates_4",20250727,0.25,0.75,4,FALSE
"barcs-four-methods-v1","BARCS-original","Low + bulk + high",400,93,0.91264754299324,0.872646575797512,0.88086330184471,0.956989247311828,71,0.688172043010753,0.0985915492957746,0.780487804878049,0.105263157894737,"moi_0.25_quality_0.75_genes_400_replicates_4",20250728,0.25,0.75,4,FALSE
"barcs-four-methods-v1","BARCS-NORM","Low + bulk + high",400,93,0.815453048929985,0.642115132384797,0.893277182413418,0.978494623655914,5,0.032258064516129,0.4,0.0612244897959184,0.0526315789473684,"moi_0.25_quality_0.75_genes_400_replicates_4",20250728,0.25,0.75,4,FALSE
"barcs-four-methods-v1","BARCS-partial","Low + bulk + high",400,93,0.867640362859444,0.785577091314177,0.914792585995241,0.989247311827957,24,0.258064516129032,0,0.41025641025641,0,"moi_0.25_quality_0.75_genes_400_replicates_4",20250728,0.25,0.75,4,FALSE
"barcs-four-methods-v1","BARCS-EB","Low + bulk + high",400,93,0.90154460439214,0.853047373314305,0.914464334345587,1,32,0.344086021505376,0,0.512,0,"moi_0.25_quality_0.75_genes_400_replicates_4",20250728,0.25,0.75,4,FALSE
"barcs-four-methods-v1","BARCS-original","Two 25% tails",400,93,0.906062834926973,0.862269085001206,0.878110464146481,0.946236559139785,40,0.43010752688172,0,0.601503759398496,0.0526315789473684,"moi_0.25_quality_0.75_genes_400_replicates_4",20250728,0.25,0.75,4,FALSE
"barcs-four-methods-v1","BARCS-NORM","Two 25% tails",400,93,0.814507372771532,0.641102090876582,0.888607056670623,0.978494623655914,2,0.010752688172043,0.5,0.0210526315789474,0.0526315789473684,"moi_0.25_quality_0.75_genes_400_replicates_4",20250728,0.25,0.75,4,FALSE
"barcs-four-methods-v1","BARCS-partial","Two 25% tails",400,93,0.853665370740079,0.76867053903981,0.912345619152371,1,23,0.247311827956989,0,0.396551724137931,0,"moi_0.25_quality_0.75_genes_400_replicates_4",20250728,0.25,0.75,4,FALSE
"barcs-four-methods-v1","BARCS-EB","Two 25% tails",400,93,0.889110714160625,0.833781834856846,0.911189278113819,1,33,0.354838709677419,0,0.523809523809524,0,"moi_0.25_quality_0.75_genes_400_replicates_4",20250728,0.25,0.75,4,FALSE
"barcs-four-methods-v1","BARCS-original","Unsorted 0-100%",400,93,0.537109032958565,0.246034459039502,-0.0856214587061651,0.462365591397849,0,0,0,0,0,"moi_0.25_quality_0.75_genes_400_replicates_4",20250728,0.25,0.75,4,FALSE
"barcs-four-methods-v1","BARCS-NORM","Unsorted 0-100%",400,93,0.503975342369794,0.230888195604905,-0.0954093260776462,0.451612903225806,0,0,0,0,0.0526315789473684,"moi_0.25_quality_0.75_genes_400_replicates_4",20250728,0.25,0.75,4,FALSE
"barcs-four-methods-v1","BARCS-partial","Unsorted 0-100%",400,93,0.518825960561802,0.24520620733013,0.00713201311519507,0.483870967741935,0,0,0,0,0.0526315789473684,"moi_0.25_quality_0.75_genes_400_replicates_4",20250728,0.25,0.75,4,FALSE
"barcs-four-methods-v1","BARCS-EB","Unsorted 0-100%",400,93,0.522293439809464,0.245824877164169,0.0257677544977864,0.473118279569892,0,0,0,0,0.0526315789473684,"moi_0.25_quality_0.75_genes_400_replicates_4",20250728,0.25,0.75,4,FALSE
"barcs-four-methods-v1","BARCS-original","Low + bulk + high",400,79,0.971528845774676,0.944003360579533,0.954381694255112,1,78,0.886075949367089,0.102564102564103,0.89171974522293,0.05,"moi_0.1_quality_0.9_genes_400_replicates_4",20250724,0.1,0.9,4,FALSE
"barcs-four-methods-v1","BARCS-NORM","Low + bulk + high",400,79,0.939153752119563,0.847766989049581,0.956962025316456,1,27,0.341772151898734,0,0.509433962264151,0,"moi_0.1_quality_0.9_genes_400_replicates_4",20250724,0.1,0.9,4,FALSE
"barcs-four-methods-v1","BARCS-partial","Low + bulk + high",400,79,0.955124413423242,0.900903429854993,0.963802336903603,1,47,0.582278481012658,0.0212765957446809,0.73015873015873,0,"moi_0.1_quality_0.9_genes_400_replicates_4",20250724,0.1,0.9,4,FALSE
"barcs-four-methods-v1","BARCS-EB","Low + bulk + high",400,79,0.965653219764186,0.932138486899307,0.963680623174294,1,50,0.632911392405063,0,0.775193798449612,0,"moi_0.1_quality_0.9_genes_400_replicates_4",20250724,0.1,0.9,4,FALSE
"barcs-four-methods-v1","BARCS-original","Two 25% tails",400,79,0.971528845774676,0.940010540275832,0.955915287244401,1,60,0.759493670886076,0,0.863309352517986,0,"moi_0.1_quality_0.9_genes_400_replicates_4",20250724,0.1,0.9,4,FALSE
"barcs-four-methods-v1","BARCS-NORM","Two 25% tails",400,79,0.936393390906581,0.838510642160687,0.957327166504382,1,29,0.354430379746835,0.0344827586206897,0.518518518518519,0,"moi_0.1_quality_0.9_genes_400_replicates_4",20250724,0.1,0.9,4,FALSE
"barcs-four-methods-v1","BARCS-partial","Two 25% tails",400,79,0.946567293662999,0.887924980997813,0.960516066212269,1,48,0.59493670886076,0.0208333333333333,0.74015748031496,0,"moi_0.1_quality_0.9_genes_400_replicates_4",20250724,0.1,0.9,4,FALSE
"barcs-four-methods-v1","BARCS-EB","Two 25% tails",400,79,0.959264955242715,0.921507812927689,0.959956183057449,1,52,0.658227848101266,0,0.793893129770992,0,"moi_0.1_quality_0.9_genes_400_replicates_4",20250724,0.1,0.9,4,FALSE
"barcs-four-methods-v1","BARCS-original","Unsorted 0-100%",400,79,0.520880160889625,0.221402825848145,0.141407010710808,0.556962025316456,0,0,0,0,0,"moi_0.1_quality_0.9_genes_400_replicates_4",20250724,0.1,0.9,4,FALSE
"barcs-four-methods-v1","BARCS-NORM","Unsorted 0-100%",400,79,0.535667810244884,0.213332525563392,-0.0887293086660175,0.493670886075949,0,0,0,0,0.05,"moi_0.1_quality_0.9_genes_400_replicates_4",20250724,0.1,0.9,4,FALSE
"barcs-four-methods-v1","BARCS-partial","Unsorted 0-100%",400,79,0.541267400134075,0.231265662157215,0.0131694255111977,0.569620253164557,0,0,0,0,0,"moi_0.1_quality_0.9_genes_400_replicates_4",20250724,0.1,0.9,4,FALSE
"barcs-four-methods-v1","BARCS-EB","Unsorted 0-100%",400,79,0.539098544895303,0.235182801301688,0.0170155793573515,0.569620253164557,0,0,0,0,0,"moi_0.1_quality_0.9_genes_400_replicates_4",20250724,0.1,0.9,4,FALSE
"barcs-four-methods-v1","BARCS-original","Low + bulk + high",400,60,0.955343137254902,0.927872782252865,0.956988052236733,1,63,0.883333333333333,0.158730158730159,0.861788617886179,0.1,"moi_0.1_quality_0.9_genes_400_replicates_4",20250725,0.1,0.9,4,FALSE
"barcs-four-methods-v1","BARCS-NORM","Low + bulk + high",400,60,0.898137254901961,0.760535409012911,0.947429841622673,0.983333333333333,19,0.3,0.0526315789473684,0.455696202531646,0.05,"moi_0.1_quality_0.9_genes_400_replicates_4",20250725,0.1,0.9,4,FALSE
"barcs-four-methods-v1","BARCS-partial","Low + bulk + high",400,60,0.944019607843137,0.879379363225846,0.952542372881356,0.983333333333333,40,0.633333333333333,0.05,0.76,0,"moi_0.1_quality_0.9_genes_400_replicates_4",20250725,0.1,0.9,4,FALSE
"barcs-four-methods-v1","BARCS-EB","Low + bulk + high",400,60,0.95906862745098,0.923954888247196,0.957099194220617,0.983333333333333,44,0.716666666666667,0.0227272727272727,0.826923076923077,0,"moi_0.1_quality_0.9_genes_400_replicates_4",20250725,0.1,0.9,4,FALSE
"barcs-four-methods-v1","BARCS-original","Two 25% tails",400,60,0.956176470588235,0.925404511187225,0.954987496526813,1,43,0.7,0.0232558139534884,0.815533980582524,0,"moi_0.1_quality_0.9_genes_400_replicates_4",20250725,0.1,0.9,4,FALSE
"barcs-four-methods-v1","BARCS-NORM","Two 25% tails",400,60,0.899852941176471,0.758900768887594,0.947763267574326,0.966666666666667,20,0.316666666666667,0.05,0.475,0.05,"moi_0.1_quality_0.9_genes_400_replicates_4",20250725,0.1,0.9,4,FALSE
"barcs-four-methods-v1","BARCS-partial","Two 25% tails",400,60,0.946862745098039,0.876150026232688,0.957321478188386,0.983333333333333,33,0.533333333333333,0.0303030303030303,0.688172043010753,0.05,"moi_0.1_quality_0.9_genes_400_replicates_4",20250725,0.1,0.9,4,FALSE
"barcs-four-methods-v1","BARCS-EB","Two 25% tails",400,60,0.96,0.922287111385188,0.955043067518755,0.983333333333333,38,0.633333333333333,0,0.775510204081633,0.05,"moi_0.1_quality_0.9_genes_400_replicates_4",20250725,0.1,0.9,4,FALSE
"barcs-four-methods-v1","BARCS-original","Unsorted 0-100%",400,60,0.530147058823529,0.182179071610563,0.0890803000833565,0.566666666666667,0,0,0,0,0.05,"moi_0.1_quality_0.9_genes_400_replicates_4",20250725,0.1,0.9,4,FALSE
"barcs-four-methods-v1","BARCS-NORM","Unsorted 0-100%",400,60,0.494803921568627,0.156284012285172,0.147540983606557,0.533333333333333,0,0,0,0,0,"moi_0.1_quality_0.9_genes_400_replicates_4",20250725,0.1,0.9,4,FALSE
"barcs-four-methods-v1","BARCS-partial","Unsorted 0-100%",400,60,0.553872549019608,0.178106673701213,0.0239510975270909,0.566666666666667,0,0,0,0,0,"moi_0.1_quality_0.9_genes_400_replicates_4",20250725,0.1,0.9,4,FALSE
"barcs-four-methods-v1","BARCS-EB","Unsorted 0-100%",400,60,0.55343137254902,0.185031269680607,0.00322311753264796,0.566666666666667,0,0,0,0,0,"moi_0.1_quality_0.9_genes_400_replicates_4",20250725,0.1,0.9,4,FALSE
"barcs-four-methods-v1","BARCS-original","Low + bulk + high",400,92,0.971273291925466,0.942215531336625,0.911116933557326,1,93,0.858695652173913,0.150537634408602,0.854054054054054,0.0555555555555556,"moi_0.1_quality_0.9_genes_400_replicates_4",20250726,0.1,0.9,4,FALSE
"barcs-four-methods-v1","BARCS-NORM","Low + bulk + high",400,92,0.9335827216262,0.842865125338344,0.903734414253348,0.989130434782609,41,0.41304347826087,0.0731707317073171,0.571428571428572,0.0555555555555556,"moi_0.1_quality_0.9_genes_400_replicates_4",20250726,0.1,0.9,4,FALSE
"barcs-four-methods-v1","BARCS-partial","Low + bulk + high",400,92,0.939723320158103,0.890018194837423,0.915586517269547,0.989130434782609,48,0.510869565217391,0.0208333333333333,0.671428571428571,0.0555555555555556,"moi_0.1_quality_0.9_genes_400_replicates_4",20250726,0.1,0.9,4,FALSE
"barcs-four-methods-v1","BARCS-EB","Low + bulk + high",400,92,0.96093308865048,0.923272481220615,0.91564816670006,0.989130434782609,64,0.684782608695652,0.015625,0.807692307692308,0.0555555555555556,"moi_0.1_quality_0.9_genes_400_replicates_4",20250726,0.1,0.9,4,FALSE
"barcs-four-methods-v1","BARCS-original","Two 25% tails",400,92,0.961321287408244,0.928537574168031,0.908049874389285,1,75,0.760869565217391,0.0666666666666667,0.838323353293413,0.0555555555555556,"moi_0.1_quality_0.9_genes_400_replicates_4",20250726,0.1,0.9,4,FALSE
"barcs-four-methods-v1","BARCS-NORM","Two 25% tails",400,92,0.932947487295313,0.839138153768243,0.902655549219364,0.989130434782609,42,0.423913043478261,0.0714285714285714,0.582089552238806,0.0555555555555556,"moi_0.1_quality_0.9_genes_400_replicates_4",20250726,0.1,0.9,4,FALSE
"barcs-four-methods-v1","BARCS-partial","Two 25% tails",400,92,0.931359401468097,0.871482736350123,0.910223016814882,0.989130434782609,48,0.510869565217391,0.0208333333333333,0.671428571428571,0,"moi_0.1_quality_0.9_genes_400_replicates_4",20250726,0.1,0.9,4,FALSE
"barcs-four-methods-v1","BARCS-EB","Two 25% tails",400,92,0.953027950310559,0.910420175503496,0.912057087372655,0.989130434782609,54,0.576086956521739,0.0185185185185185,0.726027397260274,0,"moi_0.1_quality_0.9_genes_400_replicates_4",20250726,0.1,0.9,4,FALSE
"barcs-four-methods-v1","BARCS-original","Unsorted 0-100%",400,92,0.446005081874647,0.208415184668442,-0.0210378681626928,0.489130434782609,0,0,0,0,0,"moi_0.1_quality_0.9_genes_400_replicates_4",20250726,0.1,0.9,4,FALSE
"barcs-four-methods-v1","BARCS-NORM","Unsorted 0-100%",400,92,0.46968520609825,0.231534566065225,-0.106961761940724,0.467391304347826,0,0,0,0,0.0555555555555556,"moi_0.1_quality_0.9_genes_400_replicates_4",20250726,0.1,0.9,4,FALSE
"barcs-four-methods-v1","BARCS-partial","Unsorted 0-100%",400,92,0.454474872953134,0.215259454360065,-0.100349860518163,0.478260869565217,0,0,0,0,0.0555555555555556,"moi_0.1_quality_0.9_genes_400_replicates_4",20250726,0.1,0.9,4,FALSE
"barcs-four-methods-v1","BARCS-EB","Unsorted 0-100%",400,92,0.45119282891022,0.213143369421611,-0.0977605844366013,0.467391304347826,0,0,0,0,0.0555555555555556,"moi_0.1_quality_0.9_genes_400_replicates_4",20250726,0.1,0.9,4,FALSE
"barcs-four-methods-v1","BARCS-original","Low + bulk + high",400,102,0.965357283853139,0.946855495142386,0.94499324289939,0.990196078431373,86,0.823529411764706,0.0232558139534884,0.893617021276596,0.1,"moi_0.1_quality_0.9_genes_400_replicates_4",20250727,0.1,0.9,4,FALSE
"barcs-four-methods-v1","BARCS-NORM","Low + bulk + high",400,102,0.943150414528227,0.855564580281111,0.9497882398177,1,47,0.42156862745098,0.0851063829787234,0.577181208053691,0,"moi_0.1_quality_0.9_genes_400_replicates_4",20250727,0.1,0.9,4,FALSE
"barcs-four-methods-v1","BARCS-partial","Low + bulk + high",400,102,0.94492696407422,0.904360183299932,0.947707392098433,1,62,0.598039215686274,0.0161290322580645,0.74390243902439,0,"moi_0.1_quality_0.9_genes_400_replicates_4",20250727,0.1,0.9,4,FALSE
"barcs-four-methods-v1","BARCS-EB","Low + bulk + high",400,102,0.955652059481511,0.933774464393283,0.949607296537763,1,75,0.735294117647059,0,0.847457627118644,0,"moi_0.1_quality_0.9_genes_400_replicates_4",20250727,0.1,0.9,4,FALSE
"barcs-four-methods-v1","BARCS-original","Two 25% tails",400,102,0.964600605342808,0.942133598991509,0.943647477254864,0.990196078431373,80,0.764705882352941,0.025,0.857142857142857,0.1,"moi_0.1_quality_0.9_genes_400_replicates_4",20250727,0.1,0.9,4,FALSE
"barcs-four-methods-v1","BARCS-NORM","Two 25% tails",400,102,0.941966048164232,0.85449412952858,0.949166247292919,1,46,0.411764705882353,0.0869565217391304,0.567567567567568,0,"moi_0.1_quality_0.9_genes_400_replicates_4",20250727,0.1,0.9,4,FALSE
"barcs-four-methods-v1","BARCS-partial","Two 25% tails",400,102,0.938972233188577,0.89867378213745,0.946474716003868,0.990196078431373,59,0.558823529411765,0.0338983050847458,0.708074534161491,0,"moi_0.1_quality_0.9_genes_400_replicates_4",20250727,0.1,0.9,4,FALSE
"barcs-four-methods-v1","BARCS-EB","Two 25% tails",400,102,0.954270298723516,0.93005510885155,0.945377747369254,0.990196078431373,69,0.676470588235294,0,0.807017543859649,0,"moi_0.1_quality_0.9_genes_400_replicates_4",20250727,0.1,0.9,4,FALSE
"barcs-four-methods-v1","BARCS-original","Unsorted 0-100%",400,102,0.542209501250165,0.321309689500585,-0.0133615303277901,0.450980392156863,0,0,0,0,0,"moi_0.1_quality_0.9_genes_400_replicates_4",20250727,0.1,0.9,4,FALSE
"barcs-four-methods-v1","BARCS-NORM","Unsorted 0-100%",400,102,0.530464534807211,0.27693505518251,-0.0504888295797027,0.450980392156863,0,0,0,0,0,"moi_0.1_quality_0.9_genes_400_replicates_4",20250727,0.1,0.9,4,FALSE
"barcs-four-methods-v1","BARCS-partial","Unsorted 0-100%",400,102,0.536024476904856,0.30839860793479,-0.0189029182758367,0.401960784313726,1,0,1,0,0,"moi_0.1_quality_0.9_genes_400_replicates_4",20250727,0.1,0.9,4,FALSE
"barcs-four-methods-v1","BARCS-EB","Unsorted 0-100%",400,102,0.53760363205685,0.31007436760433,-0.0206558063002188,0.401960784313726,1,0,1,0,0,"moi_0.1_quality_0.9_genes_400_replicates_4",20250727,0.1,0.9,4,FALSE
"barcs-four-methods-v1","BARCS-original","Low + bulk + high",400,90,0.966272401433692,0.949432207416025,0.947137506688068,0.988888888888889,86,0.877777777777778,0.0813953488372093,0.897727272727273,0.130434782608696,"moi_0.1_quality_0.9_genes_400_replicates_4",20250728,0.1,0.9,4,FALSE
"barcs-four-methods-v1","BARCS-NORM","Low + bulk + high",400,90,0.924444444444444,0.796958999707979,0.939729184673005,0.977777777777778,29,0.288888888888889,0.103448275862069,0.436974789915966,0.0869565217391304,"moi_0.1_quality_0.9_genes_400_replicates_4",20250728,0.1,0.9,4,FALSE
"barcs-four-methods-v1","BARCS-partial","Low + bulk + high",400,90,0.940071684587814,0.88231011079039,0.955862863728032,0.988888888888889,38,0.422222222222222,0,0.59375,0,"moi_0.1_quality_0.9_genes_400_replicates_4",20250728,0.1,0.9,4,FALSE
"barcs-four-methods-v1","BARCS-EB","Low + bulk + high",400,90,0.965483870967742,0.943580262409576,0.957031732312631,1,48,0.533333333333333,0,0.695652173913044,0,"moi_0.1_quality_0.9_genes_400_replicates_4",20250728,0.1,0.9,4,FALSE
"barcs-four-methods-v1","BARCS-original","Two 25% tails",400,90,0.963440860215054,0.941699015725253,0.943828456188007,0.988888888888889,77,0.822222222222222,0.038961038961039,0.88622754491018,0.0434782608695652,"moi_0.1_quality_0.9_genes_400_replicates_4",20250728,0.1,0.9,4,FALSE
"barcs-four-methods-v1","BARCS-NORM","Two 25% tails",400,90,0.923440860215054,0.800186495683579,0.937934724451578,0.977777777777778,23,0.244444444444444,0.0434782608695652,0.389380530973451,0.0869565217391304,"moi_0.1_quality_0.9_genes_400_replicates_4",20250728,0.1,0.9,4,FALSE
"barcs-four-methods-v1","BARCS-partial","Two 25% tails",400,90,0.936810035842294,0.86952892232274,0.9521587027205,1,32,0.355555555555556,0,0.524590163934426,0,"moi_0.1_quality_0.9_genes_400_replicates_4",20250728,0.1,0.9,4,FALSE
"barcs-four-methods-v1","BARCS-EB","Two 25% tails",400,90,0.960501792114695,0.933524913387958,0.951615425772729,1,50,0.555555555555556,0,0.714285714285714,0,"moi_0.1_quality_0.9_genes_400_replicates_4",20250728,0.1,0.9,4,FALSE
"barcs-four-methods-v1","BARCS-original","Unsorted 0-100%",400,90,0.469498207885305,0.226184379362949,-0.0102975676009384,0.522222222222222,0,0,0,0,0,"moi_0.1_quality_0.9_genes_400_replicates_4",20250728,0.1,0.9,4,FALSE
"barcs-four-methods-v1","BARCS-NORM","Unsorted 0-100%",400,90,0.487204301075269,0.23019178289799,0.0223155122031527,0.522222222222222,0,0,0,0,0.0434782608695652,"moi_0.1_quality_0.9_genes_400_replicates_4",20250728,0.1,0.9,4,FALSE
"barcs-four-methods-v1","BARCS-partial","Unsorted 0-100%",400,90,0.459928315412186,0.213954292185614,-0.0455282545170186,0.477777777777778,0,0,0,0,0.0434782608695652,"moi_0.1_quality_0.9_genes_400_replicates_4",20250728,0.1,0.9,4,FALSE
"barcs-four-methods-v1","BARCS-EB","Unsorted 0-100%",400,90,0.460071684587814,0.21671997751567,-0.050582376425073,0.466666666666667,0,0,0,0,0.0434782608695652,"moi_0.1_quality_0.9_genes_400_replicates_4",20250728,0.1,0.9,4,FALSE
"barcs-four-methods-v1","BARCS-original","Low + bulk + high",400,79,0.939705824362159,0.911547003238322,0.933154819863681,0.962025316455696,45,0.569620253164557,0,0.725806451612903,0.05,"moi_0.4_quality_0.9_genes_400_replicates_4",20250724,0.4,0.9,4,FALSE
"barcs-four-methods-v1","BARCS-NORM","Low + bulk + high",400,79,0.906305453685082,0.784874947769377,0.918013631937683,0.974683544303797,12,0.151898734177215,0,0.263736263736264,0,"moi_0.4_quality_0.9_genes_400_replicates_4",20250724,0.4,0.9,4,FALSE
"barcs-four-methods-v1","BARCS-partial","Low + bulk + high",400,79,0.925825150834023,0.853734655432078,0.922590068159688,0.987341772151899,43,0.518987341772152,0.0465116279069767,0.672131147540984,0,"moi_0.4_quality_0.9_genes_400_replicates_4",20250724,0.4,0.9,4,FALSE
"barcs-four-methods-v1","BARCS-EB","Low + bulk + high",400,79,0.9401001616783,0.895659014167596,0.921226874391431,0.987341772151899,41,0.518987341772152,0,0.683333333333333,0,"moi_0.4_quality_0.9_genes_400_replicates_4",20250724,0.4,0.9,4,FALSE
"barcs-four-methods-v1","BARCS-original","Two 25% tails",400,79,0.942702787964825,0.902197467793001,0.935783836416748,0.962025316455696,44,0.556962025316456,0,0.715447154471545,0,"moi_0.4_quality_0.9_genes_400_replicates_4",20250724,0.4,0.9,4,FALSE
"barcs-four-methods-v1","BARCS-NORM","Two 25% tails",400,79,0.912772585669782,0.794459568739468,0.91881694255112,0.974683544303797,15,0.189873417721519,0,0.319148936170213,0,"moi_0.4_quality_0.9_genes_400_replicates_4",20250724,0.4,0.9,4,FALSE
"barcs-four-methods-v1","BARCS-partial","Two 25% tails",400,79,0.923656295595252,0.838975209272591,0.917210321324245,0.962025316455696,45,0.531645569620253,0.0666666666666667,0.67741935483871,0,"moi_0.4_quality_0.9_genes_400_replicates_4",20250724,0.4,0.9,4,FALSE
"barcs-four-methods-v1","BARCS-EB","Two 25% tails",400,79,0.940652233920896,0.891939622124883,0.919157740993184,0.962025316455696,44,0.544303797468354,0.0227272727272727,0.699186991869919,0.05,"moi_0.4_quality_0.9_genes_400_replicates_4",20250724,0.4,0.9,4,FALSE
"barcs-four-methods-v1","BARCS-original","Unsorted 0-100%",400,79,0.549627351236248,0.228312320786537,0.0421859785783836,0.518987341772152,0,0,0,0,0,"moi_0.4_quality_0.9_genes_400_replicates_4",20250724,0.4,0.9,4,FALSE
"barcs-four-methods-v1","BARCS-NORM","Unsorted 0-100%",400,79,0.550061122284002,0.217138272009184,-0.0266066212268744,0.493670886075949,0,0,0,0,0.05,"moi_0.4_quality_0.9_genes_400_replicates_4",20250724,0.4,0.9,4,FALSE
"barcs-four-methods-v1","BARCS-partial","Unsorted 0-100%",400,79,0.533932726053866,0.233674817629418,-0.00903115871470302,0.481012658227848,0,0,0,0,0,"moi_0.4_quality_0.9_genes_400_replicates_4",20250724,0.4,0.9,4,FALSE
"barcs-four-methods-v1","BARCS-EB","Unsorted 0-100%",400,79,0.534129894711937,0.231538035946622,0.00949367088607595,0.455696202531646,0,0,0,0,0,"moi_0.4_quality_0.9_genes_400_replicates_4",20250724,0.4,0.9,4,FALSE
"barcs-four-methods-v1","BARCS-original","Low + bulk + high",400,60,0.949705882352941,0.875247826049255,0.934870797443735,1,43,0.65,0.0930232558139535,0.757281553398058,0.1,"moi_0.4_quality_0.9_genes_400_replicates_4",20250725,0.4,0.9,4,FALSE
"barcs-four-methods-v1","BARCS-NORM","Low + bulk + high",400,60,0.903039215686275,0.725968835797326,0.90225062517366,1,17,0.25,0.117647058823529,0.38961038961039,0.05,"moi_0.4_quality_0.9_genes_400_replicates_4",20250725,0.4,0.9,4,FALSE
"barcs-four-methods-v1","BARCS-partial","Low + bulk + high",400,60,0.894803921568627,0.764386630403912,0.916921367046402,1,31,0.45,0.129032258064516,0.593406593406593,0,"moi_0.4_quality_0.9_genes_400_replicates_4",20250725,0.4,0.9,4,FALSE
"barcs-four-methods-v1","BARCS-EB","Low + bulk + high",400,60,0.921323529411765,0.82529518989024,0.918977493748264,1,31,0.5,0.032258064516129,0.659340659340659,0.05,"moi_0.4_quality_0.9_genes_400_replicates_4",20250725,0.4,0.9,4,FALSE
"barcs-four-methods-v1","BARCS-original","Two 25% tails",400,60,0.940392156862745,0.857335090585293,0.937371492081134,1,39,0.583333333333333,0.102564102564103,0.707070707070707,0.1,"moi_0.4_quality_0.9_genes_400_replicates_4",20250725,0.4,0.9,4,FALSE
"barcs-four-methods-v1","BARCS-NORM","Two 25% tails",400,60,0.903774509803922,0.718970053330623,0.902083912197833,1,17,0.25,0.117647058823529,0.38961038961039,0.05,"moi_0.4_quality_0.9_genes_400_replicates_4",20250725,0.4,0.9,4,FALSE
"barcs-four-methods-v1","BARCS-partial","Two 25% tails",400,60,0.902303921568627,0.769906038230103,0.917866073909419,0.966666666666667,34,0.483333333333333,0.147058823529412,0.617021276595745,0,"moi_0.4_quality_0.9_genes_400_replicates_4",20250725,0.4,0.9,4,FALSE
"barcs-four-methods-v1","BARCS-EB","Two 25% tails",400,60,0.924019607843137,0.820525764409333,0.92064462350653,0.966666666666667,29,0.466666666666667,0.0344827586206897,0.629213483146068,0.05,"moi_0.4_quality_0.9_genes_400_replicates_4",20250725,0.4,0.9,4,FALSE
"barcs-four-methods-v1","BARCS-original","Unsorted 0-100%",400,60,0.506666666666667,0.16013215221525,-0.115309808280078,0.466666666666667,0,0,0,0,0,"moi_0.4_quality_0.9_genes_400_replicates_4",20250725,0.4,0.9,4,FALSE
"barcs-four-methods-v1","BARCS-NORM","Unsorted 0-100%",400,60,0.492843137254902,0.149627274160367,-0.113364823562101,0.5,0,0,0,0,0,"moi_0.4_quality_0.9_genes_400_replicates_4",20250725,0.4,0.9,4,FALSE
"barcs-four-methods-v1","BARCS-partial","Unsorted 0-100%",400,60,0.489705882352941,0.142247258390864,-0.127368713531537,0.5,0,0,0,0,0.05,"moi_0.4_quality_0.9_genes_400_replicates_4",20250725,0.4,0.9,4,FALSE
"barcs-four-methods-v1","BARCS-EB","Unsorted 0-100%",400,60,0.489950980392157,0.144581266814415,-0.127646568491248,0.483333333333333,0,0,0,0,0.05,"moi_0.4_quality_0.9_genes_400_replicates_4",20250725,0.4,0.9,4,FALSE
"barcs-four-methods-v1","BARCS-original","Low + bulk + high",400,92,0.963544607566347,0.935127836681189,0.909760646086032,0.967391304347826,90,0.880434782608696,0.1,0.89010989010989,0.111111111111111,"moi_0.4_quality_0.9_genes_400_replicates_4",20250726,0.4,0.9,4,FALSE
"barcs-four-methods-v1","BARCS-NORM","Low + bulk + high",400,92,0.912690570299266,0.793273688031732,0.90436632091611,1,18,0.184782608695652,0.0555555555555556,0.309090909090909,0.0555555555555556,"moi_0.4_quality_0.9_genes_400_replicates_4",20250726,0.4,0.9,4,FALSE
"barcs-four-methods-v1","BARCS-partial","Low + bulk + high",400,92,0.91600790513834,0.856131436928376,0.913567498420233,1,56,0.58695652173913,0.0357142857142857,0.72972972972973,0,"moi_0.4_quality_0.9_genes_400_replicates_4",20250726,0.4,0.9,4,FALSE
"barcs-four-methods-v1","BARCS-EB","Low + bulk + high",400,92,0.949534161490683,0.918038362679517,0.915956413852627,0.989130434782609,57,0.619565217391304,0,0.76510067114094,0,"moi_0.4_quality_0.9_genes_400_replicates_4",20250726,0.4,0.9,4,FALSE
"barcs-four-methods-v1","BARCS-original","Two 25% tails",400,92,0.960827216261999,0.930651318681646,0.91350584898972,0.967391304347826,67,0.706521739130435,0.0298507462686567,0.817610062893082,0,"moi_0.4_quality_0.9_genes_400_replicates_4",20250726,0.4,0.9,4,FALSE
"barcs-four-methods-v1","BARCS-NORM","Two 25% tails",400,92,0.91216120835686,0.792051179451703,0.902763435722762,1,15,0.16304347826087,0,0.280373831775701,0.0555555555555556,"moi_0.4_quality_0.9_genes_400_replicates_4",20250726,0.4,0.9,4,FALSE
"barcs-four-methods-v1","BARCS-partial","Two 25% tails",400,92,0.931994635798984,0.869662490526023,0.91993280212074,0.989130434782609,48,0.5,0.0416666666666667,0.657142857142857,0,"moi_0.4_quality_0.9_genes_400_replicates_4",20250726,0.4,0.9,4,FALSE
"barcs-four-methods-v1","BARCS-EB","Two 25% tails",400,92,0.957898080180689,0.920676143540532,0.921273677234406,0.989130434782609,55,0.58695652173913,0.0181818181818182,0.73469387755102,0,"moi_0.4_quality_0.9_genes_400_replicates_4",20250726,0.4,0.9,4,FALSE
"barcs-four-methods-v1","BARCS-original","Unsorted 0-100%",400,92,0.532714568040655,0.241552320369062,-0.135859932493874,0.467391304347826,0,0,0,0,0.0555555555555556,"moi_0.4_quality_0.9_genes_400_replicates_4",20250726,0.4,0.9,4,FALSE
"barcs-four-methods-v1","BARCS-NORM","Unsorted 0-100%",400,92,0.530526538678713,0.244353497793083,-0.250558697964028,0.391304347826087,0,0,0,0,0.111111111111111,"moi_0.4_quality_0.9_genes_400_replicates_4",20250726,0.4,0.9,4,FALSE
"barcs-four-methods-v1","BARCS-partial","Unsorted 0-100%",400,92,0.494388763410503,0.22878462433181,-0.252516067382828,0.380434782608696,0,0,0,0,0.0555555555555556,"moi_0.4_quality_0.9_genes_400_replicates_4",20250726,0.4,0.9,4,FALSE
"barcs-four-methods-v1","BARCS-EB","Unsorted 0-100%",400,92,0.505611236589497,0.2338913787631,-0.239384738683476,0.380434782608696,0,0,0,0,0.0555555555555556,"moi_0.4_quality_0.9_genes_400_replicates_4",20250726,0.4,0.9,4,FALSE
"barcs-four-methods-v1","BARCS-original","Low + bulk + high",400,102,0.959435452033162,0.942400919127105,0.927079858185704,0.980392156862745,88,0.823529411764706,0.0454545454545455,0.88421052631579,0,"moi_0.4_quality_0.9_genes_400_replicates_4",20250727,0.4,0.9,4,FALSE
"barcs-four-methods-v1","BARCS-NORM","Low + bulk + high",400,102,0.915975786287669,0.82149526500717,0.923732407506884,0.990196078431373,32,0.294117647058824,0.0625,0.447761194029851,0,"moi_0.4_quality_0.9_genes_400_replicates_4",20250727,0.4,0.9,4,FALSE
"barcs-four-methods-v1","BARCS-partial","Low + bulk + high",400,102,0.907487827345703,0.848553596615204,0.925915035821115,0.980392156862745,50,0.46078431372549,0.06,0.618421052631579,0,"moi_0.4_quality_0.9_genes_400_replicates_4",20250727,0.4,0.9,4,FALSE
"barcs-four-methods-v1","BARCS-EB","Low + bulk + high",400,102,0.937919463087248,0.907412604886356,0.927973265630389,0.980392156862745,47,0.46078431372549,0,0.630872483221476,0,"moi_0.4_quality_0.9_genes_400_replicates_4",20250727,0.4,0.9,4,FALSE
"barcs-four-methods-v1","BARCS-original","Two 25% tails",400,102,0.957790498749835,0.926261002711431,0.923223504532064,0.980392156862745,81,0.754901960784314,0.0493827160493827,0.841530054644809,0,"moi_0.4_quality_0.9_genes_400_replicates_4",20250727,0.4,0.9,4,FALSE
"barcs-four-methods-v1","BARCS-NORM","Two 25% tails",400,102,0.913278062903014,0.819084504877974,0.919989143403204,0.990196078431373,30,0.274509803921569,0.0666666666666667,0.424242424242424,0,"moi_0.4_quality_0.9_genes_400_replicates_4",20250727,0.4,0.9,4,FALSE
"barcs-four-methods-v1","BARCS-partial","Two 25% tails",400,102,0.895380971180418,0.82771944318075,0.921934283662518,0.990196078431373,50,0.46078431372549,0.06,0.618421052631579,0,"moi_0.4_quality_0.9_genes_400_replicates_4",20250727,0.4,0.9,4,FALSE
"barcs-four-methods-v1","BARCS-EB","Two 25% tails",400,102,0.92735886300829,0.883957671843649,0.923313976172032,0.990196078431373,54,0.519607843137255,0.0185185185185185,0.67948717948718,0.05,"moi_0.4_quality_0.9_genes_400_replicates_4",20250727,0.4,0.9,4,FALSE
"barcs-four-methods-v1","BARCS-original","Unsorted 0-100%",400,102,0.514837478615607,0.277950533537323,0.0301440195418742,0.519607843137255,0,0,0,0,0,"moi_0.4_quality_0.9_genes_400_replicates_4",20250727,0.4,0.9,4,FALSE
"barcs-four-methods-v1","BARCS-NORM","Unsorted 0-100%",400,102,0.559777602316094,0.286717078812877,0.152800945428638,0.568627450980392,0,0,0,0,0.1,"moi_0.4_quality_0.9_genes_400_replicates_4",20250727,0.4,0.9,4,FALSE
"barcs-four-methods-v1","BARCS-partial","Unsorted 0-100%",400,102,0.473549151204106,0.253371639069298,0.0613793532408638,0.57843137254902,0,0,0,0,0,"moi_0.4_quality_0.9_genes_400_replicates_4",20250727,0.4,0.9,4,FALSE
"barcs-four-methods-v1","BARCS-EB","Unsorted 0-100%",400,102,0.47236478484011,0.253647876094125,0.0539719877184749,0.57843137254902,0,0,0,0,0,"moi_0.4_quality_0.9_genes_400_replicates_4",20250727,0.4,0.9,4,FALSE
"barcs-four-methods-v1","BARCS-original","Low + bulk + high",400,90,0.93921146953405,0.905605140135914,0.910013581923694,0.988888888888889,63,0.666666666666667,0.0476190476190476,0.784313725490196,0.130434782608696,"moi_0.4_quality_0.9_genes_400_replicates_4",20250728,0.4,0.9,4,FALSE
"barcs-four-methods-v1","BARCS-NORM","Low + bulk + high",400,90,0.893476702508961,0.774115177968201,0.927958184137959,0.988888888888889,18,0.188888888888889,0.0555555555555556,0.314814814814815,0.0869565217391304,"moi_0.4_quality_0.9_genes_400_replicates_4",20250728,0.4,0.9,4,FALSE
"barcs-four-methods-v1","BARCS-partial","Low + bulk + high",400,90,0.895125448028674,0.834542450149078,0.932880602543524,1,34,0.366666666666667,0.0294117647058824,0.532258064516129,0.0434782608695652,"moi_0.4_quality_0.9_genes_400_replicates_4",20250728,0.4,0.9,4,FALSE
"barcs-four-methods-v1","BARCS-EB","Low + bulk + high",400,90,0.913405017921147,0.874187398630344,0.932633658476355,1,53,0.577777777777778,0.0188679245283019,0.727272727272727,0.0434782608695652,"moi_0.4_quality_0.9_genes_400_replicates_4",20250728,0.4,0.9,4,FALSE
"barcs-four-methods-v1","BARCS-original","Two 25% tails",400,90,0.932186379928315,0.885190986640204,0.91165987570482,0.988888888888889,61,0.644444444444444,0.0491803278688525,0.768211920529801,0.0434782608695652,"moi_0.4_quality_0.9_genes_400_replicates_4",20250728,0.4,0.9,4,FALSE
"barcs-four-methods-v1","BARCS-NORM","Two 25% tails",400,90,0.887706093189964,0.770395783315677,0.925801539284685,0.988888888888889,17,0.177777777777778,0.0588235294117647,0.299065420560748,0.0869565217391304,"moi_0.4_quality_0.9_genes_400_replicates_4",20250728,0.4,0.9,4,FALSE
"barcs-four-methods-v1","BARCS-partial","Two 25% tails",400,90,0.870143369175627,0.797166771645371,0.92652590854838,1,39,0.422222222222222,0.0256410256410256,0.589147286821705,0.0434782608695652,"moi_0.4_quality_0.9_genes_400_replicates_4",20250728,0.4,0.9,4,FALSE
"barcs-four-methods-v1","BARCS-EB","Two 25% tails",400,90,0.902974910394265,0.854633165834569,0.925455817590649,1,46,0.5,0.0217391304347826,0.661764705882353,0,"moi_0.4_quality_0.9_genes_400_replicates_4",20250728,0.4,0.9,4,FALSE
"barcs-four-methods-v1","BARCS-original","Unsorted 0-100%",400,90,0.50584229390681,0.224491941281317,0.0478824546240277,0.555555555555556,0,0,0,0,0.0434782608695652,"moi_0.4_quality_0.9_genes_400_replicates_4",20250728,0.4,0.9,4,FALSE
"barcs-four-methods-v1","BARCS-NORM","Unsorted 0-100%",400,90,0.481362007168459,0.214527236578317,-0.0105115857924847,0.5,0,0,0,0,0,"moi_0.4_quality_0.9_genes_400_replicates_4",20250728,0.4,0.9,4,FALSE
"barcs-four-methods-v1","BARCS-partial","Unsorted 0-100%",400,90,0.514551971326165,0.230630194644262,-0.053644482857966,0.422222222222222,0,0,0,0,0.0434782608695652,"moi_0.4_quality_0.9_genes_400_replicates_4",20250728,0.4,0.9,4,FALSE
"barcs-four-methods-v1","BARCS-EB","Unsorted 0-100%",400,90,0.51426523297491,0.230718900603559,-0.0490348602708153,0.411111111111111,0,0,0,0,0.0434782608695652,"moi_0.4_quality_0.9_genes_400_replicates_4",20250728,0.4,0.9,4,FALSE
"barcs-four-methods-v1","BARCS-original","Low + bulk + high",1000,188,0.932619746357824,0.889326192297776,0.90626992254026,0.968085106382979,136,0.696808510638298,0.0367647058823529,0.808641975308642,0.0638297872340425,"moi_0.25_quality_0.9_genes_1000_replicates_4",20250724,0.25,0.9,4,FALSE
"barcs-four-methods-v1","BARCS-NORM","Low + bulk + high",1000,188,0.87640184467037,0.738391753383047,0.909744684463083,0.973404255319149,44,0.212765957446809,0.0909090909090909,0.344827586206897,0.0851063829787234,"moi_0.25_quality_0.9_genes_1000_replicates_4",20250724,0.25,0.9,4,FALSE
"barcs-four-methods-v1","BARCS-partial","Low + bulk + high",1000,188,0.907006603081438,0.825780948818283,0.922466214080732,0.984042553191489,93,0.484042553191489,0.021505376344086,0.647686832740214,0.0425531914893617,"moi_0.25_quality_0.9_genes_1000_replicates_4",20250724,0.25,0.9,4,FALSE
"barcs-four-methods-v1","BARCS-EB","Low + bulk + high",1000,188,0.927208887957237,0.875786913408567,0.921689630075112,0.984042553191489,101,0.537234042553192,0,0.698961937716263,0.0425531914893617,"moi_0.25_quality_0.9_genes_1000_replicates_4",20250724,0.25,0.9,4,FALSE
"barcs-four-methods-v1","BARCS-original","Two 25% tails",1000,188,0.926134577088356,0.874560431636866,0.903094958163794,0.968085106382979,123,0.632978723404255,0.032520325203252,0.765273311897106,0.0851063829787234,"moi_0.25_quality_0.9_genes_1000_replicates_4",20250724,0.25,0.9,4,FALSE
"barcs-four-methods-v1","BARCS-NORM","Two 25% tails",1000,188,0.873408185724767,0.729428958287525,0.90686229359571,0.973404255319149,40,0.186170212765957,0.125,0.307017543859649,0.0851063829787234,"moi_0.25_quality_0.9_genes_1000_replicates_4",20250724,0.25,0.9,4,FALSE
"barcs-four-methods-v1","BARCS-partial","Two 25% tails",1000,188,0.904681113090871,0.816357377577868,0.916304110296601,0.984042553191489,77,0.404255319148936,0.012987012987013,0.573584905660377,0.0425531914893617,"moi_0.25_quality_0.9_genes_1000_replicates_4",20250724,0.25,0.9,4,FALSE
"barcs-four-methods-v1","BARCS-EB","Two 25% tails",1000,188,0.923841840477937,0.872151714234981,0.916015148806138,0.984042553191489,94,0.5,0,0.666666666666667,0.0425531914893617,"moi_0.25_quality_0.9_genes_1000_replicates_4",20250724,0.25,0.9,4,FALSE
"barcs-four-methods-v1","BARCS-original","Unsorted 0-100%",1000,188,0.46133135939629,0.177877808767673,-0.104573357389377,0.473404255319149,0,0,0,0,0,"moi_0.25_quality_0.9_genes_1000_replicates_4",20250724,0.25,0.9,4,FALSE
"barcs-four-methods-v1","BARCS-NORM","Unsorted 0-100%",1000,188,0.464180903469238,0.17966295985938,-0.0341534421634547,0.526595744680851,0,0,0,0,0.0425531914893617,"moi_0.25_quality_0.9_genes_1000_replicates_4",20250724,0.25,0.9,4,FALSE
"barcs-four-methods-v1","BARCS-partial","Unsorted 0-100%",1000,188,0.464750812283828,0.174943034291355,-0.121463156506961,0.473404255319149,0,0,0,0,0,"moi_0.25_quality_0.9_genes_1000_replicates_4",20250724,0.25,0.9,4,FALSE
"barcs-four-methods-v1","BARCS-EB","Unsorted 0-100%",1000,188,0.4700044544597,0.175331697026645,-0.126290619407015,0.468085106382979,0,0,0,0,0.0425531914893617,"moi_0.25_quality_0.9_genes_1000_replicates_4",20250724,0.25,0.9,4,FALSE
"barcs-four-methods-v1","BARCS-original","Low + bulk + high",1000,180,0.94690379403794,0.888354860798784,0.931010216364703,0.983333333333333,146,0.744444444444444,0.0821917808219178,0.822085889570552,0.0363636363636364,"moi_0.25_quality_0.9_genes_1000_replicates_4",20250725,0.25,0.9,4,FALSE
"barcs-four-methods-v1","BARCS-NORM","Low + bulk + high",1000,180,0.900392953929539,0.750275112629123,0.914863627478214,0.983333333333333,14,0.0777777777777778,0,0.144329896907217,0.0363636363636364,"moi_0.25_quality_0.9_genes_1000_replicates_4",20250725,0.25,0.9,4,FALSE
"barcs-four-methods-v1","BARCS-partial","Low + bulk + high",1000,180,0.926971544715447,0.832598373889306,0.927660318734117,0.988888888888889,97,0.505555555555556,0.0618556701030928,0.657039711191336,0.0363636363636364,"moi_0.25_quality_0.9_genes_1000_replicates_4",20250725,0.25,0.9,4,FALSE
"barcs-four-methods-v1","BARCS-EB","Low + bulk + high",1000,180,0.946680216802168,0.889906829244575,0.928571869502145,0.988888888888889,108,0.588888888888889,0.0185185185185185,0.736111111111111,0.0181818181818182,"moi_0.25_quality_0.9_genes_1000_replicates_4",20250725,0.25,0.9,4,FALSE
"barcs-four-methods-v1","BARCS-original","Two 25% tails",1000,180,0.941951219512195,0.872749121930537,0.928160334166692,0.983333333333333,122,0.616666666666667,0.0901639344262295,0.735099337748344,0.0181818181818182,"moi_0.25_quality_0.9_genes_1000_replicates_4",20250725,0.25,0.9,4,FALSE
"barcs-four-methods-v1","BARCS-NORM","Two 25% tails",1000,180,0.896653116531165,0.737373372113827,0.911382038540284,0.983333333333333,14,0.0777777777777778,0,0.144329896907217,0.0363636363636364,"moi_0.25_quality_0.9_genes_1000_replicates_4",20250725,0.25,0.9,4,FALSE
"barcs-four-methods-v1","BARCS-partial","Two 25% tails",1000,180,0.921321138211382,0.814282270327014,0.929687130261222,0.983333333333333,88,0.455555555555556,0.0681818181818182,0.611940298507463,0.0545454545454545,"moi_0.25_quality_0.9_genes_1000_replicates_4",20250725,0.25,0.9,4,FALSE
"barcs-four-methods-v1","BARCS-EB","Two 25% tails",1000,180,0.942317073170732,0.878929060542965,0.930466989721905,0.988888888888889,107,0.566666666666667,0.0467289719626168,0.710801393728223,0.0181818181818182,"moi_0.25_quality_0.9_genes_1000_replicates_4",20250725,0.25,0.9,4,FALSE
"barcs-four-methods-v1","BARCS-original","Unsorted 0-100%",1000,180,0.493970189701897,0.173278821722946,-0.0652736195561591,0.466666666666667,0,0,0,0,0.0181818181818182,"moi_0.25_quality_0.9_genes_1000_replicates_4",20250725,0.25,0.9,4,FALSE
"barcs-four-methods-v1","BARCS-NORM","Unsorted 0-100%",1000,180,0.499647696476965,0.187236792583002,0.0426556375196765,0.555555555555556,0,0,0,0,0.0363636363636364,"moi_0.25_quality_0.9_genes_1000_replicates_4",20250725,0.25,0.9,4,FALSE
"barcs-four-methods-v1","BARCS-partial","Unsorted 0-100%",1000,180,0.461632791327913,0.164030220863312,0.0049260779653693,0.488888888888889,0,0,0,0,0.0363636363636364,"moi_0.25_quality_0.9_genes_1000_replicates_4",20250725,0.25,0.9,4,FALSE
"barcs-four-methods-v1","BARCS-EB","Unsorted 0-100%",1000,180,0.464789972899729,0.164438666726662,0.000238690494562589,0.488888888888889,0,0,0,0,0.0363636363636364,"moi_0.25_quality_0.9_genes_1000_replicates_4",20250725,0.25,0.9,4,FALSE
"barcs-four-methods-v1","BARCS-original","Low + bulk + high",1000,222,0.913418559948123,0.880245386317651,0.922749525492865,0.954954954954955,170,0.716216216216216,0.0647058823529412,0.811224489795918,0.0434782608695652,"moi_0.25_quality_0.9_genes_1000_replicates_4",20250726,0.25,0.9,4,FALSE
"barcs-four-methods-v1","BARCS-NORM","Low + bulk + high",1000,222,0.870822622107969,0.726313571395051,0.926072857753153,0.968468468468468,27,0.108108108108108,0.111111111111111,0.192771084337349,0.0434782608695652,"moi_0.25_quality_0.9_genes_1000_replicates_4",20250726,0.25,0.9,4,FALSE
"barcs-four-methods-v1","BARCS-partial","Low + bulk + high",1000,222,0.884932490330948,0.807501011015582,0.930677263307176,0.972972972972973,67,0.297297297297297,0.0149253731343284,0.456747404844291,0.0434782608695652,"moi_0.25_quality_0.9_genes_1000_replicates_4",20250726,0.25,0.9,4,FALSE
"barcs-four-methods-v1","BARCS-EB","Low + bulk + high",1000,222,0.90945830148915,0.870088969959442,0.929795428608407,0.977477477477477,125,0.554054054054054,0.016,0.708933717579251,0.0217391304347826,"moi_0.25_quality_0.9_genes_1000_replicates_4",20250726,0.25,0.9,4,FALSE
"barcs-four-methods-v1","BARCS-original","Two 25% tails",1000,222,0.910413626994604,0.869460549746505,0.92260584347105,0.954954954954955,145,0.626126126126126,0.0413793103448276,0.757493188010899,0.0434782608695652,"moi_0.25_quality_0.9_genes_1000_replicates_4",20250726,0.25,0.9,4,FALSE
"barcs-four-methods-v1","BARCS-NORM","Two 25% tails",1000,222,0.8716910998402,0.726590928388429,0.927220120309015,0.968468468468468,32,0.130630630630631,0.09375,0.228346456692913,0.0434782608695652,"moi_0.25_quality_0.9_genes_1000_replicates_4",20250726,0.25,0.9,4,FALSE
"barcs-four-methods-v1","BARCS-partial","Two 25% tails",1000,222,0.884868801963918,0.800943364955818,0.923499743072415,0.968468468468468,80,0.346846846846847,0.0375,0.509933774834437,0.0434782608695652,"moi_0.25_quality_0.9_genes_1000_replicates_4",20250726,0.25,0.9,4,FALSE
"barcs-four-methods-v1","BARCS-EB","Two 25% tails",1000,222,0.907796614094815,0.85851934626825,0.923681813420669,0.972972972972973,120,0.531531531531532,0.0166666666666667,0.690058479532164,0.0217391304347826,"moi_0.25_quality_0.9_genes_1000_replicates_4",20250726,0.25,0.9,4,FALSE
"barcs-four-methods-v1","BARCS-original","Unsorted 0-100%",1000,222,0.483545241899998,0.218663238805217,0.000313139062809335,0.5,0,0,0,0,0.0217391304347826,"moi_0.25_quality_0.9_genes_1000_replicates_4",20250726,0.25,0.9,4,FALSE
"barcs-four-methods-v1","BARCS-NORM","Unsorted 0-100%",1000,222,0.495489705643947,0.227867350542809,0.0485376515447737,0.486486486486487,0,0,0,0,0.0434782608695652,"moi_0.25_quality_0.9_genes_1000_replicates_4",20250726,0.25,0.9,4,FALSE
"barcs-four-methods-v1","BARCS-partial","Unsorted 0-100%",1000,222,0.479110215614072,0.228818461999675,0.0245350762364743,0.495495495495495,0,0,0,0,0.0217391304347826,"moi_0.25_quality_0.9_genes_1000_replicates_4",20250726,0.25,0.9,4,FALSE
"barcs-four-methods-v1","BARCS-EB","Unsorted 0-100%",1000,222,0.487302855554784,0.230020574643411,0.0299664760229255,0.504504504504504,0,0,0,0,0.0217391304347826,"moi_0.25_quality_0.9_genes_1000_replicates_4",20250726,0.25,0.9,4,FALSE
"barcs-four-methods-v1","BARCS-original","Low + bulk + high",1000,233,0.9443123254864,0.90772525486902,0.936707611859307,0.974248927038627,205,0.785407725321888,0.107317073170732,0.835616438356164,0.0363636363636364,"moi_0.25_quality_0.9_genes_1000_replicates_4",20250727,0.25,0.9,4,FALSE
"barcs-four-methods-v1","BARCS-NORM","Low + bulk + high",1000,233,0.903324361678912,0.801532748352919,0.927793778911139,0.982832618025751,45,0.184549356223176,0.0444444444444444,0.309352517985612,0.0363636363636364,"moi_0.25_quality_0.9_genes_1000_replicates_4",20250727,0.25,0.9,4,FALSE
"barcs-four-methods-v1","BARCS-partial","Low + bulk + high",1000,233,0.925298386780892,0.868671997068985,0.940231023478027,0.987124463519313,126,0.515021459227468,0.0476190476190476,0.668523676880223,0.0181818181818182,"moi_0.25_quality_0.9_genes_1000_replicates_4",20250727,0.25,0.9,4,FALSE
"barcs-four-methods-v1","BARCS-EB","Low + bulk + high",1000,233,0.94263923317535,0.907331888824621,0.940204460331736,0.987124463519313,132,0.562231759656652,0.00757575757575758,0.717808219178082,0,"moi_0.25_quality_0.9_genes_1000_replicates_4",20250727,0.25,0.9,4,FALSE
"barcs-four-methods-v1","BARCS-original","Two 25% tails",1000,233,0.940137988148463,0.897499597461745,0.937520633872565,0.974248927038627,165,0.665236051502146,0.0606060606060606,0.778894472361809,0,"moi_0.25_quality_0.9_genes_1000_replicates_4",20250727,0.25,0.9,4,FALSE
"barcs-four-methods-v1","BARCS-NORM","Two 25% tails",1000,233,0.902636099624534,0.795730434343545,0.926095634916117,0.987124463519313,42,0.171673819742489,0.0476190476190476,0.290909090909091,0.0363636363636364,"moi_0.25_quality_0.9_genes_1000_replicates_4",20250727,0.25,0.9,4,FALSE
"barcs-four-methods-v1","BARCS-partial","Two 25% tails",1000,233,0.92237187414317,0.862789588193702,0.937209465587444,0.991416309012876,118,0.489270386266094,0.0338983050847458,0.64957264957265,0.0181818181818182,"moi_0.25_quality_0.9_genes_1000_replicates_4",20250727,0.25,0.9,4,FALSE
"barcs-four-methods-v1","BARCS-EB","Two 25% tails",1000,233,0.938520852101997,0.8994004490672,0.936367034376506,0.991416309012876,124,0.532188841201717,0,0.694677871148459,0.0181818181818182,"moi_0.25_quality_0.9_genes_1000_replicates_4",20250727,0.25,0.9,4,FALSE
"barcs-four-methods-v1","BARCS-original","Unsorted 0-100%",1000,233,0.515407557453095,0.238926995076486,-0.0497603624731048,0.44206008583691,0,0,0,0,0.0363636363636364,"moi_0.25_quality_0.9_genes_1000_replicates_4",20250727,0.25,0.9,4,FALSE
"barcs-four-methods-v1","BARCS-NORM","Unsorted 0-100%",1000,233,0.51443391844934,0.247657192131203,-0.0518759273384107,0.472103004291845,0,0,0,0,0.0909090909090909,"moi_0.25_quality_0.9_genes_1000_replicates_4",20250727,0.25,0.9,4,FALSE
"barcs-four-methods-v1","BARCS-partial","Unsorted 0-100%",1000,233,0.514210093391006,0.239226244820812,-0.0727441248012507,0.44206008583691,0,0,0,0,0.0181818181818182,"moi_0.25_quality_0.9_genes_1000_replicates_4",20250727,0.25,0.9,4,FALSE
"barcs-four-methods-v1","BARCS-EB","Unsorted 0-100%",1000,233,0.511003799430365,0.24032398214307,-0.0783347184116756,0.44206008583691,0,0,0,0,0.0181818181818182,"moi_0.25_quality_0.9_genes_1000_replicates_4",20250727,0.25,0.9,4,FALSE
"barcs-four-methods-v1","BARCS-original","Low + bulk + high",1000,209,0.938905993866404,0.895103359237961,0.934053096263358,0.976076555023923,176,0.76555023923445,0.0909090909090909,0.831168831168831,0.0612244897959184,"moi_0.25_quality_0.9_genes_1000_replicates_4",20250728,0.25,0.9,4,FALSE
"barcs-four-methods-v1","BARCS-NORM","Low + bulk + high",1000,209,0.893121782735197,0.762304944357369,0.937040898917219,0.980861244019139,34,0.157894736842105,0.0294117647058824,0.271604938271605,0,"moi_0.25_quality_0.9_genes_1000_replicates_4",20250728,0.25,0.9,4,FALSE
"barcs-four-methods-v1","BARCS-partial","Low + bulk + high",1000,209,0.913161826529316,0.838379322450284,0.940058277268268,0.985645933014354,95,0.454545454545455,0,0.625,0,"moi_0.25_quality_0.9_genes_1000_replicates_4",20250728,0.25,0.9,4,FALSE
"barcs-four-methods-v1","BARCS-EB","Low + bulk + high",1000,209,0.936504576001549,0.893465092237554,0.940408584970536,0.985645933014354,106,0.507177033492823,0,0.673015873015873,0,"moi_0.25_quality_0.9_genes_1000_replicates_4",20250728,0.25,0.9,4,FALSE
"barcs-four-methods-v1","BARCS-original","Two 25% tails",1000,209,0.932318729244672,0.881964294606325,0.934305475546042,0.976076555023923,125,0.588516746411483,0.016,0.736526946107784,0,"moi_0.25_quality_0.9_genes_1000_replicates_4",20250728,0.25,0.9,4,FALSE
"barcs-four-methods-v1","BARCS-NORM","Two 25% tails",1000,209,0.892764896956793,0.755938135864208,0.933926906622016,0.976076555023923,30,0.138755980861244,0.0333333333333333,0.242677824267782,0,"moi_0.25_quality_0.9_genes_1000_replicates_4",20250728,0.25,0.9,4,FALSE
"barcs-four-methods-v1","BARCS-partial","Two 25% tails",1000,209,0.907227844349409,0.819913227241966,0.935356398652845,0.985645933014354,98,0.454545454545455,0.0306122448979592,0.618892508143322,0,"moi_0.25_quality_0.9_genes_1000_replicates_4",20250728,0.25,0.9,4,FALSE
"barcs-four-methods-v1","BARCS-EB","Two 25% tails",1000,209,0.928175224868285,0.881857056652407,0.935701448453389,0.985645933014354,106,0.507177033492823,0,0.673015873015873,0,"moi_0.25_quality_0.9_genes_1000_replicates_4",20250728,0.25,0.9,4,FALSE
"barcs-four-methods-v1","BARCS-original","Unsorted 0-100%",1000,209,0.51817395459687,0.226971817889099,0.121321481584699,0.583732057416268,0,0,0,0,0,"moi_0.25_quality_0.9_genes_1000_replicates_4",20250728,0.25,0.9,4,FALSE
"barcs-four-methods-v1","BARCS-NORM","Unsorted 0-100%",1000,209,0.506009593573636,0.214631877312458,0.139388289141225,0.574162679425837,0,0,0,0,0.0204081632653061,"moi_0.25_quality_0.9_genes_1000_replicates_4",20250728,0.25,0.9,4,FALSE
"barcs-four-methods-v1","BARCS-partial","Unsorted 0-100%",1000,209,0.5169460255627,0.226729701867698,0.139833239074499,0.602870813397129,0,0,0,0,0,"moi_0.25_quality_0.9_genes_1000_replicates_4",20250728,0.25,0.9,4,FALSE
"barcs-four-methods-v1","BARCS-EB","Unsorted 0-100%",1000,209,0.520847573479152,0.227685338271518,0.14220258103824,0.593301435406699,0,0,0,0,0,"moi_0.25_quality_0.9_genes_1000_replicates_4",20250728,0.25,0.9,4,FALSE
"barcs-four-methods-v1","BARCS-original","Low + bulk + high",400,79,0.968886785756536,0.954678377855369,0.961635832521909,0.974683544303797,67,0.835443037974684,0.0149253731343284,0.904109589041096,0,"moi_0.25_quality_0.9_genes_400_replicates_6",20250724,0.25,0.9,6,FALSE
"barcs-four-methods-v1","BARCS-NORM","Low + bulk + high",400,79,0.924287235301077,0.836115048198813,0.95715676728335,1,27,0.316455696202532,0.0740740740740741,0.471698113207547,0,"moi_0.25_quality_0.9_genes_400_replicates_6",20250724,0.25,0.9,6,FALSE
"barcs-four-methods-v1","BARCS-partial","Low + bulk + high",400,79,0.95196971489412,0.898328706503305,0.950973709834469,1,48,0.569620253164557,0.0625,0.708661417322835,0,"moi_0.25_quality_0.9_genes_400_replicates_6",20250724,0.25,0.9,6,FALSE
"barcs-four-methods-v1","BARCS-EB","Low + bulk + high",400,79,0.964864545131906,0.934499304822309,0.951436222005842,1,54,0.670886075949367,0.0185185185185185,0.796992481203008,0,"moi_0.25_quality_0.9_genes_400_replicates_6",20250724,0.25,0.9,6,FALSE
"barcs-four-methods-v1","BARCS-original","Two 25% tails",400,79,0.966165858275169,0.94562841725505,0.963072054527751,0.974683544303797,66,0.810126582278481,0.0303030303030303,0.882758620689655,0,"moi_0.25_quality_0.9_genes_400_replicates_6",20250724,0.25,0.9,6,FALSE
"barcs-four-methods-v1","BARCS-NORM","Two 25% tails",400,79,0.924918175006901,0.837193318318058,0.955842259006816,1,25,0.291139240506329,0.08,0.442307692307692,0,"moi_0.25_quality_0.9_genes_400_replicates_6",20250724,0.25,0.9,6,FALSE
"barcs-four-methods-v1","BARCS-partial","Two 25% tails",400,79,0.956701762687803,0.905196713077426,0.952458617332035,1,47,0.582278481012658,0.0212765957446809,0.73015873015873,0,"moi_0.25_quality_0.9_genes_400_replicates_6",20250724,0.25,0.9,6,FALSE
"barcs-four-methods-v1","BARCS-EB","Two 25% tails",400,79,0.965771520959028,0.930414049517729,0.952093476144109,1,54,0.670886075949367,0.0185185185185185,0.796992481203008,0,"moi_0.25_quality_0.9_genes_400_replicates_6",20250724,0.25,0.9,6,FALSE
"barcs-four-methods-v1","BARCS-original","Unsorted 0-100%",400,79,0.499585945818053,0.188835188371901,0.141747809152872,0.569620253164557,0,0,0,0,0.05,"moi_0.25_quality_0.9_genes_400_replicates_6",20250724,0.25,0.9,6,FALSE
"barcs-four-methods-v1","BARCS-NORM","Unsorted 0-100%",400,79,0.486060175874443,0.197022318840333,0.263193768257059,0.620253164556962,0,0,0,0,0.1,"moi_0.25_quality_0.9_genes_400_replicates_6",20250724,0.25,0.9,6,FALSE
"barcs-four-methods-v1","BARCS-partial","Unsorted 0-100%",400,79,0.495208801608896,0.195894765949219,0.288680623174294,0.607594936708861,0,0,0,0,0.05,"moi_0.25_quality_0.9_genes_400_replicates_6",20250724,0.25,0.9,6,FALSE
"barcs-four-methods-v1","BARCS-EB","Unsorted 0-100%",400,79,0.492330139201073,0.197413282536208,0.28244888023369,0.607594936708861,0,0,0,0,0.05,"moi_0.25_quality_0.9_genes_400_replicates_6",20250724,0.25,0.9,6,FALSE
"barcs-four-methods-v1","BARCS-original","Low + bulk + high",400,60,0.973970588235294,0.930519317026983,0.93626007224229,1,60,0.85,0.15,0.85,0,"moi_0.25_quality_0.9_genes_400_replicates_6",20250725,0.25,0.9,6,FALSE
"barcs-four-methods-v1","BARCS-NORM","Low + bulk + high",400,60,0.929901960784314,0.735580842193377,0.933592664629064,1,19,0.266666666666667,0.157894736842105,0.40506329113924,0.05,"moi_0.25_quality_0.9_genes_400_replicates_6",20250725,0.25,0.9,6,FALSE
"barcs-four-methods-v1","BARCS-partial","Low + bulk + high",400,60,0.952990196078431,0.866030323407862,0.940650180605724,1,36,0.566666666666667,0.0555555555555556,0.708333333333333,0,"moi_0.25_quality_0.9_genes_400_replicates_6",20250725,0.25,0.9,6,FALSE
"barcs-four-methods-v1","BARCS-EB","Low + bulk + high",400,60,0.972107843137255,0.931405051851113,0.937093637121423,1,41,0.683333333333333,0,0.811881188118812,0,"moi_0.25_quality_0.9_genes_400_replicates_6",20250725,0.25,0.9,6,FALSE
"barcs-four-methods-v1","BARCS-original","Two 25% tails",400,60,0.967647058823529,0.915238111900048,0.932147818838566,1,55,0.8,0.127272727272727,0.834782608695652,0,"moi_0.25_quality_0.9_genes_400_replicates_6",20250725,0.25,0.9,6,FALSE
"barcs-four-methods-v1","BARCS-NORM","Two 25% tails",400,60,0.931323529411765,0.73750510600075,0.936982495137538,1,1,0,1,0,0.05,"moi_0.25_quality_0.9_genes_400_replicates_6",20250725,0.25,0.9,6,FALSE
"barcs-four-methods-v1","BARCS-partial","Two 25% tails",400,60,0.951813725490196,0.864183766735958,0.940761322589608,1,35,0.566666666666667,0.0285714285714286,0.71578947368421,0,"moi_0.25_quality_0.9_genes_400_replicates_6",20250725,0.25,0.9,6,FALSE
"barcs-four-methods-v1","BARCS-EB","Two 25% tails",400,60,0.965588235294118,0.913684307019938,0.938427340928036,1,40,0.666666666666667,0,0.8,0,"moi_0.25_quality_0.9_genes_400_replicates_6",20250725,0.25,0.9,6,FALSE
"barcs-four-methods-v1","BARCS-original","Unsorted 0-100%",400,60,0.485049019607843,0.161843378633433,-0.0705751597666018,0.433333333333333,0,0,0,0,0,"moi_0.25_quality_0.9_genes_400_replicates_6",20250725,0.25,0.9,6,FALSE
"barcs-four-methods-v1","BARCS-NORM","Unsorted 0-100%",400,60,0.44843137254902,0.141907401357237,-0.0651292025562656,0.5,0,0,0,0,0.05,"moi_0.25_quality_0.9_genes_400_replicates_6",20250725,0.25,0.9,6,FALSE
"barcs-four-methods-v1","BARCS-partial","Unsorted 0-100%",400,60,0.480049019607843,0.152409620015962,-0.0942484023339817,0.5,0,0,0,0,0.05,"moi_0.25_quality_0.9_genes_400_replicates_6",20250725,0.25,0.9,6,FALSE
"barcs-four-methods-v1","BARCS-EB","Unsorted 0-100%",400,60,0.477696078431373,0.154896277774601,-0.100305640455682,0.483333333333333,0,0,0,0,0.05,"moi_0.25_quality_0.9_genes_400_replicates_6",20250725,0.25,0.9,6,FALSE
"barcs-four-methods-v1","BARCS-original","Low + bulk + high",400,92,0.972402597402597,0.959299719852224,0.92897985604858,0.989130434782609,92,0.902173913043478,0.0978260869565217,0.902173913043478,0,"moi_0.25_quality_0.9_genes_400_replicates_6",20250726,0.25,0.9,6,FALSE
"barcs-four-methods-v1","BARCS-NORM","Low + bulk + high",400,92,0.918090062111801,0.801879895092097,0.924325324044819,0.989130434782609,35,0.347826086956522,0.0857142857142857,0.503937007874016,0,"moi_0.25_quality_0.9_genes_400_replicates_6",20250726,0.25,0.9,6,FALSE
"barcs-four-methods-v1","BARCS-partial","Low + bulk + high",400,92,0.944028797289667,0.896334312833491,0.942003298244532,1,47,0.510869565217391,0,0.676258992805755,0,"moi_0.25_quality_0.9_genes_400_replicates_6",20250726,0.25,0.9,6,FALSE
"barcs-four-methods-v1","BARCS-EB","Low + bulk + high",400,92,0.966156126482213,0.948687557752024,0.942326957754728,1,55,0.597826086956522,0,0.748299319727891,0,"moi_0.25_quality_0.9_genes_400_replicates_6",20250726,0.25,0.9,6,FALSE
"barcs-four-methods-v1","BARCS-original","Two 25% tails",400,92,0.972579051383399,0.957312528330581,0.928240062882419,0.989130434782609,83,0.858695652173913,0.0481927710843374,0.902857142857143,0,"moi_0.25_quality_0.9_genes_400_replicates_6",20250726,0.25,0.9,6,FALSE
"barcs-four-methods-v1","BARCS-NORM","Two 25% tails",400,92,0.918337097684924,0.799684508703488,0.92897985604858,0.989130434782609,35,0.347826086956522,0.0857142857142857,0.503937007874016,0,"moi_0.25_quality_0.9_genes_400_replicates_6",20250726,0.25,0.9,6,FALSE
"barcs-four-methods-v1","BARCS-partial","Two 25% tails",400,92,0.948157820440429,0.892261674638567,0.946210871877071,1,39,0.423913043478261,0,0.595419847328244,0,"moi_0.25_quality_0.9_genes_400_replicates_6",20250726,0.25,0.9,6,FALSE
"barcs-four-methods-v1","BARCS-EB","Two 25% tails",400,92,0.970179277244495,0.948436618125185,0.94463881139898,1,49,0.532608695652174,0,0.695035460992908,0,"moi_0.25_quality_0.9_genes_400_replicates_6",20250726,0.25,0.9,6,FALSE
"barcs-four-methods-v1","BARCS-original","Unsorted 0-100%",400,92,0.459592038396386,0.202618876237811,0.158207851054976,0.554347826086957,0,0,0,0,0,"moi_0.25_quality_0.9_genes_400_replicates_6",20250726,0.25,0.9,6,FALSE
"barcs-four-methods-v1","BARCS-NORM","Unsorted 0-100%",400,92,0.450310559006211,0.204165104190734,0.0878504384815745,0.543478260869565,0,0,0,0,0,"moi_0.25_quality_0.9_genes_400_replicates_6",20250726,0.25,0.9,6,FALSE
"barcs-four-methods-v1","BARCS-partial","Unsorted 0-100%",400,92,0.446816770186335,0.202243064614259,0.108965368432409,0.5,0,0,0,0,0,"moi_0.25_quality_0.9_genes_400_replicates_6",20250726,0.25,0.9,6,FALSE
"barcs-four-methods-v1","BARCS-EB","Unsorted 0-100%",400,92,0.448334274421231,0.202289142864796,0.111508407441086,0.5,0,0,0,0,0,"moi_0.25_quality_0.9_genes_400_replicates_6",20250726,0.25,0.9,6,FALSE
"barcs-four-methods-v1","BARCS-original","Low + bulk + high",400,102,0.960060534280826,0.950521737776022,0.94856687267813,1,89,0.843137254901961,0.0337078651685393,0.900523560209424,0,"moi_0.25_quality_0.9_genes_400_replicates_6",20250727,0.25,0.9,6,FALSE
"barcs-four-methods-v1","BARCS-NORM","Low + bulk + high",400,102,0.93752467429925,0.885775710965478,0.94331951755998,0.990196078431373,52,0.5,0.0192307692307692,0.662337662337662,0.05,"moi_0.25_quality_0.9_genes_400_replicates_6",20250727,0.25,0.9,6,FALSE
"barcs-four-methods-v1","BARCS-partial","Low + bulk + high",400,102,0.947196999605211,0.918562151220477,0.955748059100599,0.980392156862745,68,0.637254901960784,0.0441176470588235,0.764705882352941,0,"moi_0.25_quality_0.9_genes_400_replicates_6",20250727,0.25,0.9,6,FALSE
"barcs-four-methods-v1","BARCS-EB","Low + bulk + high",400,102,0.958251085669167,0.944337144035046,0.955589733730655,0.980392156862745,73,0.715686274509804,0,0.834285714285714,0,"moi_0.25_quality_0.9_genes_400_replicates_6",20250727,0.25,0.9,6,FALSE
"barcs-four-methods-v1","BARCS-original","Two 25% tails",400,102,0.954171601526517,0.945509938235396,0.947752627918417,1,87,0.833333333333333,0.0229885057471264,0.8994708994709,0,"moi_0.25_quality_0.9_genes_400_replicates_6",20250727,0.25,0.9,6,FALSE
"barcs-four-methods-v1","BARCS-NORM","Two 25% tails",400,102,0.937294380839584,0.883199668949566,0.940978563875805,0.990196078431373,50,0.480392156862745,0.02,0.644736842105263,0.05,"moi_0.25_quality_0.9_genes_400_replicates_6",20250727,0.25,0.9,6,FALSE
"barcs-four-methods-v1","BARCS-partial","Two 25% tails",400,102,0.94492696407422,0.923561082608215,0.956912881465188,0.970588235294118,67,0.637254901960784,0.0298507462686567,0.769230769230769,0,"moi_0.25_quality_0.9_genes_400_replicates_6",20250727,0.25,0.9,6,FALSE
"barcs-four-methods-v1","BARCS-EB","Two 25% tails",400,102,0.949894722989867,0.941271656282242,0.95648314117534,0.980392156862745,72,0.705882352941177,0,0.827586206896552,0,"moi_0.25_quality_0.9_genes_400_replicates_6",20250727,0.25,0.9,6,FALSE
"barcs-four-methods-v1","BARCS-original","Unsorted 0-100%",400,102,0.508948545861298,0.257017596801611,-0.0165054198166818,0.53921568627451,0,0,0,0,0.05,"moi_0.25_quality_0.9_genes_400_replicates_6",20250727,0.25,0.9,6,FALSE
"barcs-four-methods-v1","BARCS-NORM","Unsorted 0-100%",400,102,0.512402947756284,0.268660676901906,-0.0127847736229934,0.568627450980392,0,0,0,0,0.05,"moi_0.25_quality_0.9_genes_400_replicates_6",20250727,0.25,0.9,6,FALSE
"barcs-four-methods-v1","BARCS-partial","Unsorted 0-100%",400,102,0.514738781418608,0.25846917168773,0.0225783286495411,0.558823529411765,0,0,0,0,0.05,"moi_0.25_quality_0.9_genes_400_replicates_6",20250727,0.25,0.9,6,FALSE
"barcs-four-methods-v1","BARCS-EB","Unsorted 0-100%",400,102,0.510659297275957,0.256901333247569,0.0264346823031818,0.558823529411765,0,0,0,0,0.05,"moi_0.25_quality_0.9_genes_400_replicates_6",20250727,0.25,0.9,6,FALSE
"barcs-four-methods-v1","BARCS-original","Low + bulk + high",400,90,0.962759856630824,0.951375656672159,0.930394698934025,0.988888888888889,91,0.911111111111111,0.0989010989010989,0.906077348066298,0.0434782608695652,"moi_0.25_quality_0.9_genes_400_replicates_6",20250728,0.25,0.9,6,FALSE
"barcs-four-methods-v1","BARCS-NORM","Low + bulk + high",400,90,0.939139784946237,0.875144636249399,0.934082397003745,0.977777777777778,41,0.422222222222222,0.0731707317073171,0.580152671755725,0.0869565217391304,"moi_0.25_quality_0.9_genes_400_replicates_6",20250728,0.25,0.9,6,FALSE
"barcs-four-methods-v1","BARCS-partial","Low + bulk + high",400,90,0.949032258064516,0.918548229721533,0.933572045931596,0.977777777777778,74,0.755555555555556,0.0810810810810811,0.829268292682927,0,"moi_0.25_quality_0.9_genes_400_replicates_6",20250728,0.25,0.9,6,FALSE
"barcs-four-methods-v1","BARCS-EB","Low + bulk + high",400,90,0.95989247311828,0.94868289347011,0.936963411120714,0.977777777777778,75,0.822222222222222,0.0133333333333333,0.896969696969697,0,"moi_0.25_quality_0.9_genes_400_replicates_6",20250728,0.25,0.9,6,FALSE
"barcs-four-methods-v1","BARCS-original","Two 25% tails",400,90,0.963548387096774,0.948748302380334,0.930806272379306,0.988888888888889,83,0.866666666666667,0.0602409638554217,0.901734104046243,0,"moi_0.25_quality_0.9_genes_400_replicates_6",20250728,0.25,0.9,6,FALSE
"barcs-four-methods-v1","BARCS-NORM","Two 25% tails",400,90,0.939749103942652,0.875217866045313,0.935629913158003,0.977777777777778,40,0.411111111111111,0.075,0.569230769230769,0.0869565217391304,"moi_0.25_quality_0.9_genes_400_replicates_6",20250728,0.25,0.9,6,FALSE
"barcs-four-methods-v1","BARCS-partial","Two 25% tails",400,90,0.945483870967742,0.915791450934756,0.932683047289789,0.988888888888889,62,0.677777777777778,0.0161290322580645,0.802631578947368,0,"moi_0.25_quality_0.9_genes_400_replicates_6",20250728,0.25,0.9,6,FALSE
"barcs-four-methods-v1","BARCS-EB","Two 25% tails",400,90,0.955125448028674,0.941840421902209,0.936074412478907,1,72,0.788888888888889,0.0138888888888889,0.876543209876543,0,"moi_0.25_quality_0.9_genes_400_replicates_6",20250728,0.25,0.9,6,FALSE
"barcs-four-methods-v1","BARCS-original","Unsorted 0-100%",400,90,0.474731182795699,0.229041538711555,-0.0500720253529242,0.477777777777778,0,0,0,0,0,"moi_0.25_quality_0.9_genes_400_replicates_6",20250728,0.25,0.9,6,FALSE
"barcs-four-methods-v1","BARCS-NORM","Unsorted 0-100%",400,90,0.467132616487455,0.22692798343877,-0.0545334814997736,0.422222222222222,0,0,0,0,0,"moi_0.25_quality_0.9_genes_400_replicates_6",20250728,0.25,0.9,6,FALSE
"barcs-four-methods-v1","BARCS-partial","Unsorted 0-100%",400,90,0.474874551971326,0.230200943177704,-0.0125036012676462,0.5,0,0,0,0,0,"moi_0.25_quality_0.9_genes_400_replicates_6",20250728,0.25,0.9,6,FALSE
"barcs-four-methods-v1","BARCS-EB","Unsorted 0-100%",400,90,0.480143369175627,0.231478139798754,-0.00945795777256451,0.488888888888889,1,0,1,0,0,"moi_0.25_quality_0.9_genes_400_replicates_6",20250728,0.25,0.9,6,FALSE
