"analysis_protocol","method","nominal_fdr","genes","active_genes","calls","true_positive","false_positive","true_negative","false_negative","precision","recall","directional_recall","f1","realized_fdp","specificity","balanced_accuracy","scenario_id","seed","moi","high_quality_guide_fraction","genes_simulated","replicates","is_baseline"
"crispulator-f1-threshold-curves-v1","BARCS-original",0.1,400,79,59,55,4,317,24,0.932203389830508,0.69620253164557,0.69620253164557,0.797101449275362,0.0677966101694915,0.987538940809969,0.841870736227769,"moi_0.25_quality_0.9_genes_400_replicates_4",20250724,0.25,0.9,400,4,TRUE
"crispulator-f1-threshold-curves-v1","BARCS-original",0.05,400,79,53,52,1,320,27,0.981132075471698,0.658227848101266,0.658227848101266,0.787878787878788,0.0188679245283019,0.996884735202492,0.827556291651879,"moi_0.25_quality_0.9_genes_400_replicates_4",20250724,0.25,0.9,400,4,TRUE
"crispulator-f1-threshold-curves-v1","BARCS-original",0.01,400,79,49,48,1,320,31,0.979591836734694,0.607594936708861,0.607594936708861,0.75,0.0204081632653061,0.996884735202492,0.802239835955676,"moi_0.25_quality_0.9_genes_400_replicates_4",20250724,0.25,0.9,400,4,TRUE
"crispulator-f1-threshold-curves-v1","BARCS-original",0.005,400,79,44,44,0,321,35,1,0.556962025316456,0.556962025316456,0.715447154471545,0,1,0.778481012658228,"moi_0.25_quality_0.9_genes_400_replicates_4",20250724,0.25,0.9,400,4,TRUE
"crispulator-f1-threshold-curves-v1","BARCS-original",0.001,400,79,35,35,0,321,44,1,0.443037974683544,0.443037974683544,0.614035087719298,0,1,0.721518987341772,"moi_0.25_quality_0.9_genes_400_replicates_4",20250724,0.25,0.9,400,4,TRUE
"crispulator-f1-threshold-curves-v1","BARCS-NORM",0.1,400,79,19,19,0,321,60,1,0.240506329113924,0.240506329113924,0.387755102040816,0,1,0.620253164556962,"moi_0.25_quality_0.9_genes_400_replicates_4",20250724,0.25,0.9,400,4,TRUE
"crispulator-f1-threshold-curves-v1","BARCS-NORM",0.05,400,79,10,10,0,321,69,1,0.126582278481013,0.126582278481013,0.224719101123596,0,1,0.563291139240506,"moi_0.25_quality_0.9_genes_400_replicates_4",20250724,0.25,0.9,400,4,TRUE
"crispulator-f1-threshold-curves-v1","BARCS-NORM",0.01,400,79,0,0,0,321,79,0,0,0,0,0,1,0.5,"moi_0.25_quality_0.9_genes_400_replicates_4",20250724,0.25,0.9,400,4,TRUE
"crispulator-f1-threshold-curves-v1","BARCS-NORM",0.005,400,79,0,0,0,321,79,0,0,0,0,0,1,0.5,"moi_0.25_quality_0.9_genes_400_replicates_4",20250724,0.25,0.9,400,4,TRUE
"crispulator-f1-threshold-curves-v1","BARCS-NORM",0.001,400,79,0,0,0,321,79,0,0,0,0,0,1,0.5,"moi_0.25_quality_0.9_genes_400_replicates_4",20250724,0.25,0.9,400,4,TRUE
"crispulator-f1-threshold-curves-v1","BARCS-partial",0.1,400,79,47,44,3,318,35,0.936170212765957,0.556962025316456,0.556962025316456,0.698412698412698,0.0638297872340425,0.990654205607477,0.773808115461966,"moi_0.25_quality_0.9_genes_400_replicates_4",20250724,0.25,0.9,400,4,TRUE
"crispulator-f1-threshold-curves-v1","BARCS-partial",0.05,400,79,38,37,1,320,42,0.973684210526316,0.468354430379747,0.468354430379747,0.632478632478632,0.0263157894736842,0.996884735202492,0.73261958279112,"moi_0.25_quality_0.9_genes_400_replicates_4",20250724,0.25,0.9,400,4,TRUE
"crispulator-f1-threshold-curves-v1","BARCS-partial",0.01,400,79,25,25,0,321,54,1,0.316455696202532,0.316455696202532,0.480769230769231,0,1,0.658227848101266,"moi_0.25_quality_0.9_genes_400_replicates_4",20250724,0.25,0.9,400,4,TRUE
"crispulator-f1-threshold-curves-v1","BARCS-partial",0.005,400,79,23,23,0,321,56,1,0.291139240506329,0.291139240506329,0.450980392156863,0,1,0.645569620253165,"moi_0.25_quality_0.9_genes_400_replicates_4",20250724,0.25,0.9,400,4,TRUE
"crispulator-f1-threshold-curves-v1","BARCS-partial",0.001,400,79,21,21,0,321,58,1,0.265822784810127,0.265822784810127,0.42,0,1,0.632911392405063,"moi_0.25_quality_0.9_genes_400_replicates_4",20250724,0.25,0.9,400,4,TRUE
"crispulator-f1-threshold-curves-v1","BARCS-EB",0.1,400,79,45,45,0,321,34,1,0.569620253164557,0.569620253164557,0.725806451612903,0,1,0.784810126582278,"moi_0.25_quality_0.9_genes_400_replicates_4",20250724,0.25,0.9,400,4,TRUE
"crispulator-f1-threshold-curves-v1","BARCS-EB",0.05,400,79,44,44,0,321,35,1,0.556962025316456,0.556962025316456,0.715447154471545,0,1,0.778481012658228,"moi_0.25_quality_0.9_genes_400_replicates_4",20250724,0.25,0.9,400,4,TRUE
"crispulator-f1-threshold-curves-v1","BARCS-EB",0.01,400,79,32,32,0,321,47,1,0.40506329113924,0.40506329113924,0.576576576576577,0,1,0.70253164556962,"moi_0.25_quality_0.9_genes_400_replicates_4",20250724,0.25,0.9,400,4,TRUE
"crispulator-f1-threshold-curves-v1","BARCS-EB",0.005,400,79,26,26,0,321,53,1,0.329113924050633,0.329113924050633,0.495238095238095,0,1,0.664556962025316,"moi_0.25_quality_0.9_genes_400_replicates_4",20250724,0.25,0.9,400,4,TRUE
"crispulator-f1-threshold-curves-v1","BARCS-EB",0.001,400,79,15,15,0,321,64,1,0.189873417721519,0.189873417721519,0.319148936170213,0,1,0.59493670886076,"moi_0.25_quality_0.9_genes_400_replicates_4",20250724,0.25,0.9,400,4,TRUE
"crispulator-f1-threshold-curves-v1","MAGeCK-MLE",0.1,400,79,58,53,5,316,26,0.913793103448276,0.670886075949367,0.670886075949367,0.773722627737226,0.0862068965517241,0.984423676012461,0.827654875980914,"moi_0.25_quality_0.9_genes_400_replicates_4",20250724,0.25,0.9,400,4,TRUE
"crispulator-f1-threshold-curves-v1","MAGeCK-MLE",0.05,400,79,49,48,1,320,31,0.979591836734694,0.607594936708861,0.607594936708861,0.75,0.0204081632653061,0.996884735202492,0.802239835955676,"moi_0.25_quality_0.9_genes_400_replicates_4",20250724,0.25,0.9,400,4,TRUE
"crispulator-f1-threshold-curves-v1","MAGeCK-MLE",0.01,400,79,35,34,1,320,45,0.971428571428571,0.430379746835443,0.430379746835443,0.596491228070175,0.0285714285714286,0.996884735202492,0.713632241018968,"moi_0.25_quality_0.9_genes_400_replicates_4",20250724,0.25,0.9,400,4,TRUE
"crispulator-f1-threshold-curves-v1","MAGeCK-MLE",0.005,400,79,31,30,1,320,49,0.967741935483871,0.379746835443038,0.379746835443038,0.545454545454546,0.032258064516129,0.996884735202492,0.688315785322765,"moi_0.25_quality_0.9_genes_400_replicates_4",20250724,0.25,0.9,400,4,TRUE
"crispulator-f1-threshold-curves-v1","MAGeCK-MLE",0.001,400,79,15,15,0,321,64,1,0.189873417721519,0.189873417721519,0.319148936170213,0,1,0.59493670886076,"moi_0.25_quality_0.9_genes_400_replicates_4",20250724,0.25,0.9,400,4,TRUE
"crispulator-f1-threshold-curves-v1","edgeR-QL",0.1,400,79,94,71,23,298,8,0.75531914893617,0.89873417721519,0.89873417721519,0.820809248554913,0.24468085106383,0.928348909657321,0.913541543436255,"moi_0.25_quality_0.9_genes_400_replicates_4",20250724,0.25,0.9,400,4,TRUE
"crispulator-f1-threshold-curves-v1","edgeR-QL",0.05,400,79,84,69,15,306,10,0.821428571428571,0.873417721518987,0.873417721518987,0.846625766871166,0.178571428571429,0.953271028037383,0.913344374778185,"moi_0.25_quality_0.9_genes_400_replicates_4",20250724,0.25,0.9,400,4,TRUE
"crispulator-f1-threshold-curves-v1","edgeR-QL",0.01,400,79,62,59,3,318,20,0.951612903225806,0.746835443037975,0.746835443037975,0.836879432624113,0.0483870967741935,0.990654205607477,0.868744824322726,"moi_0.25_quality_0.9_genes_400_replicates_4",20250724,0.25,0.9,400,4,TRUE
"crispulator-f1-threshold-curves-v1","edgeR-QL",0.005,400,79,56,54,2,319,25,0.964285714285714,0.683544303797468,0.683544303797468,0.8,0.0357142857142857,0.993769470404984,0.838656887101226,"moi_0.25_quality_0.9_genes_400_replicates_4",20250724,0.25,0.9,400,4,TRUE
"crispulator-f1-threshold-curves-v1","edgeR-QL",0.001,400,79,54,53,1,320,26,0.981481481481482,0.670886075949367,0.670886075949367,0.796992481203008,0.0185185185185185,0.996884735202492,0.83388540557593,"moi_0.25_quality_0.9_genes_400_replicates_4",20250724,0.25,0.9,400,4,TRUE
"crispulator-f1-threshold-curves-v1","DESeq2",0.1,400,79,96,72,24,297,7,0.75,0.911392405063291,0.911392405063291,0.822857142857143,0.25,0.925233644859813,0.918313024961552,"moi_0.25_quality_0.9_genes_400_replicates_4",20250724,0.25,0.9,400,4,TRUE
"crispulator-f1-threshold-curves-v1","DESeq2",0.05,400,79,86,70,16,305,9,0.813953488372093,0.886075949367089,0.886075949367089,0.848484848484849,0.186046511627907,0.950155763239875,0.918115856303482,"moi_0.25_quality_0.9_genes_400_replicates_4",20250724,0.25,0.9,400,4,TRUE
"crispulator-f1-threshold-curves-v1","DESeq2",0.01,400,79,64,61,3,318,18,0.953125,0.772151898734177,0.772151898734177,0.853146853146853,0.046875,0.990654205607477,0.881403052170827,"moi_0.25_quality_0.9_genes_400_replicates_4",20250724,0.25,0.9,400,4,TRUE
"crispulator-f1-threshold-curves-v1","DESeq2",0.005,400,79,58,56,2,319,23,0.96551724137931,0.708860759493671,0.708860759493671,0.817518248175183,0.0344827586206897,0.993769470404984,0.851315114949328,"moi_0.25_quality_0.9_genes_400_replicates_4",20250724,0.25,0.9,400,4,TRUE
"crispulator-f1-threshold-curves-v1","DESeq2",0.001,400,79,55,54,1,320,25,0.981818181818182,0.683544303797468,0.683544303797468,0.805970149253731,0.0181818181818182,0.996884735202492,0.84021451949998,"moi_0.25_quality_0.9_genes_400_replicates_4",20250724,0.25,0.9,400,4,TRUE
"crispulator-f1-threshold-curves-v1","limma-voom",0.1,400,79,92,71,21,300,8,0.771739130434783,0.89873417721519,0.89873417721519,0.830409356725146,0.228260869565217,0.934579439252336,0.916656808233763,"moi_0.25_quality_0.9_genes_400_replicates_4",20250724,0.25,0.9,400,4,TRUE
"crispulator-f1-threshold-curves-v1","limma-voom",0.05,400,79,82,68,14,307,11,0.829268292682927,0.860759493670886,0.860759493670886,0.84472049689441,0.170731707317073,0.956386292834891,0.908572893252888,"moi_0.25_quality_0.9_genes_400_replicates_4",20250724,0.25,0.9,400,4,TRUE
"crispulator-f1-threshold-curves-v1","limma-voom",0.01,400,79,60,57,3,318,22,0.95,0.721518987341772,0.721518987341772,0.820143884892086,0.05,0.990654205607477,0.856086596474624,"moi_0.25_quality_0.9_genes_400_replicates_4",20250724,0.25,0.9,400,4,TRUE
"crispulator-f1-threshold-curves-v1","limma-voom",0.005,400,79,55,53,2,319,26,0.963636363636364,0.670886075949367,0.670886075949367,0.791044776119403,0.0363636363636364,0.993769470404984,0.832327773177176,"moi_0.25_quality_0.9_genes_400_replicates_4",20250724,0.25,0.9,400,4,TRUE
"crispulator-f1-threshold-curves-v1","limma-voom",0.001,400,79,54,53,1,320,26,0.981481481481482,0.670886075949367,0.670886075949367,0.796992481203008,0.0185185185185185,0.996884735202492,0.83388540557593,"moi_0.25_quality_0.9_genes_400_replicates_4",20250724,0.25,0.9,400,4,TRUE
"crispulator-f1-threshold-curves-v1","BARCS-original",0.1,400,60,40,39,1,339,21,0.975,0.65,0.65,0.78,0.025,0.997058823529412,0.823529411764706,"moi_0.25_quality_0.9_genes_400_replicates_4",20250725,0.25,0.9,400,4,TRUE
"crispulator-f1-threshold-curves-v1","BARCS-original",0.05,400,60,35,35,0,340,25,1,0.583333333333333,0.583333333333333,0.736842105263158,0,1,0.791666666666667,"moi_0.25_quality_0.9_genes_400_replicates_4",20250725,0.25,0.9,400,4,TRUE
"crispulator-f1-threshold-curves-v1","BARCS-original",0.01,400,60,29,29,0,340,31,1,0.483333333333333,0.483333333333333,0.651685393258427,0,1,0.741666666666667,"moi_0.25_quality_0.9_genes_400_replicates_4",20250725,0.25,0.9,400,4,TRUE
"crispulator-f1-threshold-curves-v1","BARCS-original",0.005,400,60,27,27,0,340,33,1,0.45,0.45,0.620689655172414,0,1,0.725,"moi_0.25_quality_0.9_genes_400_replicates_4",20250725,0.25,0.9,400,4,TRUE
"crispulator-f1-threshold-curves-v1","BARCS-original",0.001,400,60,16,16,0,340,44,1,0.266666666666667,0.266666666666667,0.421052631578947,0,1,0.633333333333333,"moi_0.25_quality_0.9_genes_400_replicates_4",20250725,0.25,0.9,400,4,TRUE
"crispulator-f1-threshold-curves-v1","BARCS-NORM",0.1,400,60,5,5,0,340,55,1,0.0833333333333333,0.0833333333333333,0.153846153846154,0,1,0.541666666666667,"moi_0.25_quality_0.9_genes_400_replicates_4",20250725,0.25,0.9,400,4,TRUE
"crispulator-f1-threshold-curves-v1","BARCS-NORM",0.05,400,60,4,4,0,340,56,1,0.0666666666666667,0.0666666666666667,0.125,0,1,0.533333333333333,"moi_0.25_quality_0.9_genes_400_replicates_4",20250725,0.25,0.9,400,4,TRUE
"crispulator-f1-threshold-curves-v1","BARCS-NORM",0.01,400,60,0,0,0,340,60,0,0,0,0,0,1,0.5,"moi_0.25_quality_0.9_genes_400_replicates_4",20250725,0.25,0.9,400,4,TRUE
"crispulator-f1-threshold-curves-v1","BARCS-NORM",0.005,400,60,0,0,0,340,60,0,0,0,0,0,1,0.5,"moi_0.25_quality_0.9_genes_400_replicates_4",20250725,0.25,0.9,400,4,TRUE
"crispulator-f1-threshold-curves-v1","BARCS-NORM",0.001,400,60,0,0,0,340,60,0,0,0,0,0,1,0.5,"moi_0.25_quality_0.9_genes_400_replicates_4",20250725,0.25,0.9,400,4,TRUE
"crispulator-f1-threshold-curves-v1","BARCS-partial",0.1,400,60,13,13,0,340,47,1,0.216666666666667,0.216666666666667,0.356164383561644,0,1,0.608333333333333,"moi_0.25_quality_0.9_genes_400_replicates_4",20250725,0.25,0.9,400,4,TRUE
"crispulator-f1-threshold-curves-v1","BARCS-partial",0.05,400,60,9,9,0,340,51,1,0.15,0.15,0.260869565217391,0,1,0.575,"moi_0.25_quality_0.9_genes_400_replicates_4",20250725,0.25,0.9,400,4,TRUE
"crispulator-f1-threshold-curves-v1","BARCS-partial",0.01,400,60,2,2,0,340,58,1,0.0333333333333333,0.0333333333333333,0.0645161290322581,0,1,0.516666666666667,"moi_0.25_quality_0.9_genes_400_replicates_4",20250725,0.25,0.9,400,4,TRUE
"crispulator-f1-threshold-curves-v1","BARCS-partial",0.005,400,60,2,2,0,340,58,1,0.0333333333333333,0.0333333333333333,0.0645161290322581,0,1,0.516666666666667,"moi_0.25_quality_0.9_genes_400_replicates_4",20250725,0.25,0.9,400,4,TRUE
"crispulator-f1-threshold-curves-v1","BARCS-partial",0.001,400,60,2,2,0,340,58,1,0.0333333333333333,0.0333333333333333,0.0645161290322581,0,1,0.516666666666667,"moi_0.25_quality_0.9_genes_400_replicates_4",20250725,0.25,0.9,400,4,TRUE
"crispulator-f1-threshold-curves-v1","BARCS-EB",0.1,400,60,27,27,0,340,33,1,0.45,0.45,0.620689655172414,0,1,0.725,"moi_0.25_quality_0.9_genes_400_replicates_4",20250725,0.25,0.9,400,4,TRUE
"crispulator-f1-threshold-curves-v1","BARCS-EB",0.05,400,60,24,24,0,340,36,1,0.4,0.4,0.571428571428572,0,1,0.7,"moi_0.25_quality_0.9_genes_400_replicates_4",20250725,0.25,0.9,400,4,TRUE
"crispulator-f1-threshold-curves-v1","BARCS-EB",0.01,400,60,13,13,0,340,47,1,0.216666666666667,0.216666666666667,0.356164383561644,0,1,0.608333333333333,"moi_0.25_quality_0.9_genes_400_replicates_4",20250725,0.25,0.9,400,4,TRUE
"crispulator-f1-threshold-curves-v1","BARCS-EB",0.005,400,60,12,12,0,340,48,1,0.2,0.2,0.333333333333333,0,1,0.6,"moi_0.25_quality_0.9_genes_400_replicates_4",20250725,0.25,0.9,400,4,TRUE
"crispulator-f1-threshold-curves-v1","BARCS-EB",0.001,400,60,8,8,0,340,52,1,0.133333333333333,0.133333333333333,0.235294117647059,0,1,0.566666666666667,"moi_0.25_quality_0.9_genes_400_replicates_4",20250725,0.25,0.9,400,4,TRUE
"crispulator-f1-threshold-curves-v1","MAGeCK-MLE",0.1,400,60,44,42,2,338,18,0.954545454545455,0.7,0.7,0.807692307692308,0.0454545454545455,0.994117647058824,0.847058823529412,"moi_0.25_quality_0.9_genes_400_replicates_4",20250725,0.25,0.9,400,4,TRUE
"crispulator-f1-threshold-curves-v1","MAGeCK-MLE",0.05,400,60,35,35,0,340,25,1,0.583333333333333,0.583333333333333,0.736842105263158,0,1,0.791666666666667,"moi_0.25_quality_0.9_genes_400_replicates_4",20250725,0.25,0.9,400,4,TRUE
"crispulator-f1-threshold-curves-v1","MAGeCK-MLE",0.01,400,60,25,25,0,340,35,1,0.416666666666667,0.416666666666667,0.588235294117647,0,1,0.708333333333333,"moi_0.25_quality_0.9_genes_400_replicates_4",20250725,0.25,0.9,400,4,TRUE
"crispulator-f1-threshold-curves-v1","MAGeCK-MLE",0.005,400,60,16,16,0,340,44,1,0.266666666666667,0.266666666666667,0.421052631578947,0,1,0.633333333333333,"moi_0.25_quality_0.9_genes_400_replicates_4",20250725,0.25,0.9,400,4,TRUE
"crispulator-f1-threshold-curves-v1","MAGeCK-MLE",0.001,400,60,11,11,0,340,49,1,0.183333333333333,0.183333333333333,0.309859154929577,0,1,0.591666666666667,"moi_0.25_quality_0.9_genes_400_replicates_4",20250725,0.25,0.9,400,4,TRUE
"crispulator-f1-threshold-curves-v1","edgeR-QL",0.1,400,60,76,52,24,316,8,0.68421052631579,0.866666666666667,0.866666666666667,0.764705882352941,0.31578947368421,0.929411764705882,0.898039215686275,"moi_0.25_quality_0.9_genes_400_replicates_4",20250725,0.25,0.9,400,4,TRUE
"crispulator-f1-threshold-curves-v1","edgeR-QL",0.05,400,60,65,52,13,327,8,0.8,0.866666666666667,0.866666666666667,0.832,0.2,0.961764705882353,0.91421568627451,"moi_0.25_quality_0.9_genes_400_replicates_4",20250725,0.25,0.9,400,4,TRUE
"crispulator-f1-threshold-curves-v1","edgeR-QL",0.01,400,60,51,47,4,336,13,0.92156862745098,0.783333333333333,0.783333333333333,0.846846846846847,0.0784313725490196,0.988235294117647,0.88578431372549,"moi_0.25_quality_0.9_genes_400_replicates_4",20250725,0.25,0.9,400,4,TRUE
"crispulator-f1-threshold-curves-v1","edgeR-QL",0.005,400,60,46,45,1,339,15,0.978260869565217,0.75,0.75,0.849056603773585,0.0217391304347826,0.997058823529412,0.873529411764706,"moi_0.25_quality_0.9_genes_400_replicates_4",20250725,0.25,0.9,400,4,TRUE
"crispulator-f1-threshold-curves-v1","edgeR-QL",0.001,400,60,38,38,0,340,22,1,0.633333333333333,0.633333333333333,0.775510204081633,0,1,0.816666666666667,"moi_0.25_quality_0.9_genes_400_replicates_4",20250725,0.25,0.9,400,4,TRUE
"crispulator-f1-threshold-curves-v1","DESeq2",0.1,400,60,76,52,24,316,8,0.68421052631579,0.866666666666667,0.866666666666667,0.764705882352941,0.31578947368421,0.929411764705882,0.898039215686275,"moi_0.25_quality_0.9_genes_400_replicates_4",20250725,0.25,0.9,400,4,TRUE
"crispulator-f1-threshold-curves-v1","DESeq2",0.05,400,60,66,51,15,325,9,0.772727272727273,0.85,0.85,0.80952380952381,0.227272727272727,0.955882352941177,0.902941176470588,"moi_0.25_quality_0.9_genes_400_replicates_4",20250725,0.25,0.9,400,4,TRUE
"crispulator-f1-threshold-curves-v1","DESeq2",0.01,400,60,50,47,3,337,13,0.94,0.783333333333333,0.783333333333333,0.854545454545455,0.06,0.991176470588235,0.887254901960784,"moi_0.25_quality_0.9_genes_400_replicates_4",20250725,0.25,0.9,400,4,TRUE
"crispulator-f1-threshold-curves-v1","DESeq2",0.005,400,60,48,47,1,339,13,0.979166666666667,0.783333333333333,0.783333333333333,0.87037037037037,0.0208333333333333,0.997058823529412,0.890196078431372,"moi_0.25_quality_0.9_genes_400_replicates_4",20250725,0.25,0.9,400,4,TRUE
"crispulator-f1-threshold-curves-v1","DESeq2",0.001,400,60,39,39,0,340,21,1,0.65,0.65,0.787878787878788,0,1,0.825,"moi_0.25_quality_0.9_genes_400_replicates_4",20250725,0.25,0.9,400,4,TRUE
"crispulator-f1-threshold-curves-v1","limma-voom",0.1,400,60,74,52,22,318,8,0.702702702702703,0.866666666666667,0.866666666666667,0.776119402985075,0.297297297297297,0.935294117647059,0.900980392156863,"moi_0.25_quality_0.9_genes_400_replicates_4",20250725,0.25,0.9,400,4,TRUE
"crispulator-f1-threshold-curves-v1","limma-voom",0.05,400,60,60,50,10,330,10,0.833333333333333,0.833333333333333,0.833333333333333,0.833333333333333,0.166666666666667,0.970588235294118,0.901960784313726,"moi_0.25_quality_0.9_genes_400_replicates_4",20250725,0.25,0.9,400,4,TRUE
"crispulator-f1-threshold-curves-v1","limma-voom",0.01,400,60,48,44,4,336,16,0.916666666666667,0.733333333333333,0.733333333333333,0.814814814814815,0.0833333333333333,0.988235294117647,0.86078431372549,"moi_0.25_quality_0.9_genes_400_replicates_4",20250725,0.25,0.9,400,4,TRUE
"crispulator-f1-threshold-curves-v1","limma-voom",0.005,400,60,43,41,2,338,19,0.953488372093023,0.683333333333333,0.683333333333333,0.796116504854369,0.0465116279069767,0.994117647058824,0.838725490196078,"moi_0.25_quality_0.9_genes_400_replicates_4",20250725,0.25,0.9,400,4,TRUE
"crispulator-f1-threshold-curves-v1","limma-voom",0.001,400,60,40,39,1,339,21,0.975,0.65,0.65,0.78,0.025,0.997058823529412,0.823529411764706,"moi_0.25_quality_0.9_genes_400_replicates_4",20250725,0.25,0.9,400,4,TRUE
"crispulator-f1-threshold-curves-v1","BARCS-original",0.1,400,92,82,74,8,300,18,0.902439024390244,0.804347826086957,0.804347826086957,0.850574712643678,0.0975609756097561,0.974025974025974,0.889186900056465,"moi_0.25_quality_0.9_genes_400_replicates_4",20250726,0.25,0.9,400,4,TRUE
"crispulator-f1-threshold-curves-v1","BARCS-original",0.05,400,92,71,68,3,305,24,0.957746478873239,0.739130434782609,0.739130434782609,0.834355828220859,0.0422535211267606,0.99025974025974,0.864695087521175,"moi_0.25_quality_0.9_genes_400_replicates_4",20250726,0.25,0.9,400,4,TRUE
"crispulator-f1-threshold-curves-v1","BARCS-original",0.01,400,92,48,47,1,307,45,0.979166666666667,0.510869565217391,0.510869565217391,0.671428571428571,0.0208333333333333,0.996753246753247,0.753811405985319,"moi_0.25_quality_0.9_genes_400_replicates_4",20250726,0.25,0.9,400,4,TRUE
"crispulator-f1-threshold-curves-v1","BARCS-original",0.005,400,92,43,43,0,308,49,1,0.467391304347826,0.467391304347826,0.637037037037037,0,1,0.733695652173913,"moi_0.25_quality_0.9_genes_400_replicates_4",20250726,0.25,0.9,400,4,TRUE
"crispulator-f1-threshold-curves-v1","BARCS-original",0.001,400,92,35,35,0,308,57,1,0.380434782608696,0.380434782608696,0.551181102362205,0,1,0.690217391304348,"moi_0.25_quality_0.9_genes_400_replicates_4",20250726,0.25,0.9,400,4,TRUE
"crispulator-f1-threshold-curves-v1","BARCS-NORM",0.1,400,92,19,17,2,306,75,0.894736842105263,0.184782608695652,0.184782608695652,0.306306306306306,0.105263157894737,0.993506493506494,0.589144551101073,"moi_0.25_quality_0.9_genes_400_replicates_4",20250726,0.25,0.9,400,4,TRUE
"crispulator-f1-threshold-curves-v1","BARCS-NORM",0.05,400,92,4,3,1,307,89,0.75,0.0326086956521739,0.0326086956521739,0.0625,0.25,0.996753246753247,0.51468097120271,"moi_0.25_quality_0.9_genes_400_replicates_4",20250726,0.25,0.9,400,4,TRUE
"crispulator-f1-threshold-curves-v1","BARCS-NORM",0.01,400,92,0,0,0,308,92,0,0,0,0,0,1,0.5,"moi_0.25_quality_0.9_genes_400_replicates_4",20250726,0.25,0.9,400,4,TRUE
"crispulator-f1-threshold-curves-v1","BARCS-NORM",0.005,400,92,0,0,0,308,92,0,0,0,0,0,1,0.5,"moi_0.25_quality_0.9_genes_400_replicates_4",20250726,0.25,0.9,400,4,TRUE
"crispulator-f1-threshold-curves-v1","BARCS-NORM",0.001,400,92,0,0,0,308,92,0,0,0,0,0,1,0.5,"moi_0.25_quality_0.9_genes_400_replicates_4",20250726,0.25,0.9,400,4,TRUE
"crispulator-f1-threshold-curves-v1","BARCS-partial",0.1,400,92,33,32,1,307,60,0.96969696969697,0.347826086956522,0.347826086956522,0.512,0.0303030303030303,0.996753246753247,0.672289666854884,"moi_0.25_quality_0.9_genes_400_replicates_4",20250726,0.25,0.9,400,4,TRUE
"crispulator-f1-threshold-curves-v1","BARCS-partial",0.05,400,92,29,28,1,307,64,0.96551724137931,0.304347826086957,0.304347826086957,0.462809917355372,0.0344827586206897,0.996753246753247,0.650550536420102,"moi_0.25_quality_0.9_genes_400_replicates_4",20250726,0.25,0.9,400,4,TRUE
"crispulator-f1-threshold-curves-v1","BARCS-partial",0.01,400,92,19,19,0,308,73,1,0.206521739130435,0.206521739130435,0.342342342342342,0,1,0.603260869565217,"moi_0.25_quality_0.9_genes_400_replicates_4",20250726,0.25,0.9,400,4,TRUE
"crispulator-f1-threshold-curves-v1","BARCS-partial",0.005,400,92,18,18,0,308,74,1,0.195652173913043,0.195652173913043,0.327272727272727,0,1,0.597826086956522,"moi_0.25_quality_0.9_genes_400_replicates_4",20250726,0.25,0.9,400,4,TRUE
"crispulator-f1-threshold-curves-v1","BARCS-partial",0.001,400,92,14,14,0,308,78,1,0.152173913043478,0.152173913043478,0.264150943396226,0,1,0.576086956521739,"moi_0.25_quality_0.9_genes_400_replicates_4",20250726,0.25,0.9,400,4,TRUE
"crispulator-f1-threshold-curves-v1","BARCS-EB",0.1,400,92,39,38,1,307,54,0.974358974358974,0.41304347826087,0.41304347826087,0.580152671755725,0.0256410256410256,0.996753246753247,0.704898362507058,"moi_0.25_quality_0.9_genes_400_replicates_4",20250726,0.25,0.9,400,4,TRUE
"crispulator-f1-threshold-curves-v1","BARCS-EB",0.05,400,92,29,29,0,308,63,1,0.315217391304348,0.315217391304348,0.479338842975207,0,1,0.657608695652174,"moi_0.25_quality_0.9_genes_400_replicates_4",20250726,0.25,0.9,400,4,TRUE
"crispulator-f1-threshold-curves-v1","BARCS-EB",0.01,400,92,20,20,0,308,72,1,0.217391304347826,0.217391304347826,0.357142857142857,0,1,0.608695652173913,"moi_0.25_quality_0.9_genes_400_replicates_4",20250726,0.25,0.9,400,4,TRUE
"crispulator-f1-threshold-curves-v1","BARCS-EB",0.005,400,92,16,16,0,308,76,1,0.173913043478261,0.173913043478261,0.296296296296296,0,1,0.58695652173913,"moi_0.25_quality_0.9_genes_400_replicates_4",20250726,0.25,0.9,400,4,TRUE
"crispulator-f1-threshold-curves-v1","BARCS-EB",0.001,400,92,12,12,0,308,80,1,0.130434782608696,0.130434782608696,0.230769230769231,0,1,0.565217391304348,"moi_0.25_quality_0.9_genes_400_replicates_4",20250726,0.25,0.9,400,4,TRUE
"crispulator-f1-threshold-curves-v1","MAGeCK-MLE",0.1,400,92,72,69,3,305,23,0.958333333333333,0.75,0.75,0.841463414634146,0.0416666666666667,0.99025974025974,0.87012987012987,"moi_0.25_quality_0.9_genes_400_replicates_4",20250726,0.25,0.9,400,4,TRUE
"crispulator-f1-threshold-curves-v1","MAGeCK-MLE",0.05,400,92,60,58,2,306,34,0.966666666666667,0.630434782608696,0.630434782608696,0.763157894736842,0.0333333333333333,0.993506493506494,0.811970638057595,"moi_0.25_quality_0.9_genes_400_replicates_4",20250726,0.25,0.9,400,4,TRUE
"crispulator-f1-threshold-curves-v1","MAGeCK-MLE",0.01,400,92,33,33,0,308,59,1,0.358695652173913,0.358695652173913,0.528,0,1,0.679347826086957,"moi_0.25_quality_0.9_genes_400_replicates_4",20250726,0.25,0.9,400,4,TRUE
"crispulator-f1-threshold-curves-v1","MAGeCK-MLE",0.005,400,92,24,24,0,308,68,1,0.260869565217391,0.260869565217391,0.413793103448276,0,1,0.630434782608696,"moi_0.25_quality_0.9_genes_400_replicates_4",20250726,0.25,0.9,400,4,TRUE
"crispulator-f1-threshold-curves-v1","MAGeCK-MLE",0.001,400,92,19,19,0,308,73,1,0.206521739130435,0.206521739130435,0.342342342342342,0,1,0.603260869565217,"moi_0.25_quality_0.9_genes_400_replicates_4",20250726,0.25,0.9,400,4,TRUE
"crispulator-f1-threshold-curves-v1","edgeR-QL",0.1,400,92,105,82,23,285,10,0.780952380952381,0.891304347826087,0.891304347826087,0.83248730964467,0.219047619047619,0.925324675324675,0.908314511575381,"moi_0.25_quality_0.9_genes_400_replicates_4",20250726,0.25,0.9,400,4,TRUE
"crispulator-f1-threshold-curves-v1","edgeR-QL",0.05,400,92,92,79,13,295,13,0.858695652173913,0.858695652173913,0.858695652173913,0.858695652173913,0.141304347826087,0.957792207792208,0.90824392998306,"moi_0.25_quality_0.9_genes_400_replicates_4",20250726,0.25,0.9,400,4,TRUE
"crispulator-f1-threshold-curves-v1","edgeR-QL",0.01,400,92,78,74,4,304,18,0.948717948717949,0.804347826086957,0.804347826086957,0.870588235294118,0.0512820512820513,0.987012987012987,0.895680406549972,"moi_0.25_quality_0.9_genes_400_replicates_4",20250726,0.25,0.9,400,4,TRUE
"crispulator-f1-threshold-curves-v1","edgeR-QL",0.005,400,92,73,72,1,307,20,0.986301369863014,0.782608695652174,0.782608695652174,0.872727272727273,0.0136986301369863,0.996753246753247,0.88968097120271,"moi_0.25_quality_0.9_genes_400_replicates_4",20250726,0.25,0.9,400,4,TRUE
"crispulator-f1-threshold-curves-v1","edgeR-QL",0.001,400,92,61,61,0,308,31,1,0.66304347826087,0.66304347826087,0.797385620915033,0,1,0.831521739130435,"moi_0.25_quality_0.9_genes_400_replicates_4",20250726,0.25,0.9,400,4,TRUE
"crispulator-f1-threshold-curves-v1","DESeq2",0.1,400,92,105,81,24,284,11,0.771428571428571,0.880434782608696,0.880434782608696,0.822335025380711,0.228571428571429,0.922077922077922,0.901256352343309,"moi_0.25_quality_0.9_genes_400_replicates_4",20250726,0.25,0.9,400,4,TRUE
"crispulator-f1-threshold-curves-v1","DESeq2",0.05,400,92,89,78,11,297,14,0.876404494382023,0.847826086956522,0.847826086956522,0.861878453038674,0.123595505617978,0.964285714285714,0.906055900621118,"moi_0.25_quality_0.9_genes_400_replicates_4",20250726,0.25,0.9,400,4,TRUE
"crispulator-f1-threshold-curves-v1","DESeq2",0.01,400,92,75,72,3,305,20,0.96,0.782608695652174,0.782608695652174,0.862275449101797,0.04,0.99025974025974,0.886434217955957,"moi_0.25_quality_0.9_genes_400_replicates_4",20250726,0.25,0.9,400,4,TRUE
"crispulator-f1-threshold-curves-v1","DESeq2",0.005,400,92,74,71,3,305,21,0.959459459459459,0.771739130434783,0.771739130434783,0.855421686746988,0.0405405405405405,0.99025974025974,0.880999435347261,"moi_0.25_quality_0.9_genes_400_replicates_4",20250726,0.25,0.9,400,4,TRUE
"crispulator-f1-threshold-curves-v1","DESeq2",0.001,400,92,67,66,1,307,26,0.985074626865672,0.717391304347826,0.717391304347826,0.830188679245283,0.0149253731343284,0.996753246753247,0.857072275550536,"moi_0.25_quality_0.9_genes_400_replicates_4",20250726,0.25,0.9,400,4,TRUE
"crispulator-f1-threshold-curves-v1","limma-voom",0.1,400,92,106,82,24,284,10,0.773584905660377,0.891304347826087,0.891304347826087,0.828282828282828,0.226415094339623,0.922077922077922,0.906691134952004,"moi_0.25_quality_0.9_genes_400_replicates_4",20250726,0.25,0.9,400,4,TRUE
"crispulator-f1-threshold-curves-v1","limma-voom",0.05,400,92,87,80,7,301,12,0.919540229885057,0.869565217391304,0.869565217391304,0.893854748603352,0.0804597701149425,0.977272727272727,0.923418972332016,"moi_0.25_quality_0.9_genes_400_replicates_4",20250726,0.25,0.9,400,4,TRUE
"crispulator-f1-threshold-curves-v1","limma-voom",0.01,400,92,76,74,2,306,18,0.973684210526316,0.804347826086957,0.804347826086957,0.880952380952381,0.0263157894736842,0.993506493506494,0.898927159796725,"moi_0.25_quality_0.9_genes_400_replicates_4",20250726,0.25,0.9,400,4,TRUE
"crispulator-f1-threshold-curves-v1","limma-voom",0.005,400,92,67,66,1,307,26,0.985074626865672,0.717391304347826,0.717391304347826,0.830188679245283,0.0149253731343284,0.996753246753247,0.857072275550536,"moi_0.25_quality_0.9_genes_400_replicates_4",20250726,0.25,0.9,400,4,TRUE
"crispulator-f1-threshold-curves-v1","limma-voom",0.001,400,92,59,59,0,308,33,1,0.641304347826087,0.641304347826087,0.781456953642384,0,1,0.820652173913043,"moi_0.25_quality_0.9_genes_400_replicates_4",20250726,0.25,0.9,400,4,TRUE
"crispulator-f1-threshold-curves-v1","BARCS-original",0.1,400,102,91,82,9,289,20,0.901098901098901,0.803921568627451,0.803921568627451,0.849740932642487,0.0989010989010989,0.969798657718121,0.886860113172786,"moi_0.25_quality_0.9_genes_400_replicates_4",20250727,0.25,0.9,400,4,TRUE
"crispulator-f1-threshold-curves-v1","BARCS-original",0.05,400,102,87,79,8,290,23,0.908045977011494,0.774509803921569,0.774509803921569,0.835978835978836,0.0919540229885057,0.973154362416107,0.873832083168838,"moi_0.25_quality_0.9_genes_400_replicates_4",20250727,0.25,0.9,400,4,TRUE
"crispulator-f1-threshold-curves-v1","BARCS-original",0.01,400,102,70,69,1,297,33,0.985714285714286,0.676470588235294,0.676470588235294,0.802325581395349,0.0142857142857143,0.996644295302013,0.836557441768654,"moi_0.25_quality_0.9_genes_400_replicates_4",20250727,0.25,0.9,400,4,TRUE
"crispulator-f1-threshold-curves-v1","BARCS-original",0.005,400,102,65,64,1,297,38,0.984615384615385,0.627450980392157,0.627450980392157,0.766467065868264,0.0153846153846154,0.996644295302013,0.812047637847085,"moi_0.25_quality_0.9_genes_400_replicates_4",20250727,0.25,0.9,400,4,TRUE
"crispulator-f1-threshold-curves-v1","BARCS-original",0.001,400,102,50,50,0,298,52,1,0.490196078431373,0.490196078431373,0.657894736842105,0,1,0.745098039215686,"moi_0.25_quality_0.9_genes_400_replicates_4",20250727,0.25,0.9,400,4,TRUE
"crispulator-f1-threshold-curves-v1","BARCS-NORM",0.1,400,102,26,25,1,297,77,0.961538461538462,0.245098039215686,0.245098039215686,0.390625,0.0384615384615385,0.996644295302013,0.62087116725885,"moi_0.25_quality_0.9_genes_400_replicates_4",20250727,0.25,0.9,400,4,TRUE
"crispulator-f1-threshold-curves-v1","BARCS-NORM",0.05,400,102,1,1,0,298,101,1,0.00980392156862745,0.00980392156862745,0.0194174757281553,0,1,0.504901960784314,"moi_0.25_quality_0.9_genes_400_replicates_4",20250727,0.25,0.9,400,4,TRUE
"crispulator-f1-threshold-curves-v1","BARCS-NORM",0.01,400,102,1,1,0,298,101,1,0.00980392156862745,0.00980392156862745,0.0194174757281553,0,1,0.504901960784314,"moi_0.25_quality_0.9_genes_400_replicates_4",20250727,0.25,0.9,400,4,TRUE
"crispulator-f1-threshold-curves-v1","BARCS-NORM",0.005,400,102,0,0,0,298,102,0,0,0,0,0,1,0.5,"moi_0.25_quality_0.9_genes_400_replicates_4",20250727,0.25,0.9,400,4,TRUE
"crispulator-f1-threshold-curves-v1","BARCS-NORM",0.001,400,102,0,0,0,298,102,0,0,0,0,0,1,0.5,"moi_0.25_quality_0.9_genes_400_replicates_4",20250727,0.25,0.9,400,4,TRUE
"crispulator-f1-threshold-curves-v1","BARCS-partial",0.1,400,102,58,55,3,295,47,0.948275862068966,0.53921568627451,0.53921568627451,0.6875,0.0517241379310345,0.98993288590604,0.764574286090275,"moi_0.25_quality_0.9_genes_400_replicates_4",20250727,0.25,0.9,400,4,TRUE
"crispulator-f1-threshold-curves-v1","BARCS-partial",0.05,400,102,48,47,1,297,55,0.979166666666667,0.46078431372549,0.46078431372549,0.626666666666667,0.0208333333333333,0.996644295302013,0.728714304513752,"moi_0.25_quality_0.9_genes_400_replicates_4",20250727,0.25,0.9,400,4,TRUE
"crispulator-f1-threshold-curves-v1","BARCS-partial",0.01,400,102,37,36,1,297,66,0.972972972972973,0.352941176470588,0.352941176470588,0.517985611510791,0.027027027027027,0.996644295302013,0.674792735886301,"moi_0.25_quality_0.9_genes_400_replicates_4",20250727,0.25,0.9,400,4,TRUE
"crispulator-f1-threshold-curves-v1","BARCS-partial",0.005,400,102,34,34,0,298,68,1,0.333333333333333,0.333333333333333,0.5,0,1,0.666666666666667,"moi_0.25_quality_0.9_genes_400_replicates_4",20250727,0.25,0.9,400,4,TRUE
"crispulator-f1-threshold-curves-v1","BARCS-partial",0.001,400,102,20,20,0,298,82,1,0.196078431372549,0.196078431372549,0.327868852459016,0,1,0.598039215686274,"moi_0.25_quality_0.9_genes_400_replicates_4",20250727,0.25,0.9,400,4,TRUE
"crispulator-f1-threshold-curves-v1","BARCS-EB",0.1,400,102,62,61,1,297,41,0.983870967741935,0.598039215686274,0.598039215686274,0.74390243902439,0.0161290322580645,0.996644295302013,0.797341755494144,"moi_0.25_quality_0.9_genes_400_replicates_4",20250727,0.25,0.9,400,4,TRUE
"crispulator-f1-threshold-curves-v1","BARCS-EB",0.05,400,102,53,53,0,298,49,1,0.519607843137255,0.519607843137255,0.683870967741936,0,1,0.759803921568627,"moi_0.25_quality_0.9_genes_400_replicates_4",20250727,0.25,0.9,400,4,TRUE
"crispulator-f1-threshold-curves-v1","BARCS-EB",0.01,400,102,41,41,0,298,61,1,0.401960784313726,0.401960784313726,0.573426573426573,0,1,0.700980392156863,"moi_0.25_quality_0.9_genes_400_replicates_4",20250727,0.25,0.9,400,4,TRUE
"crispulator-f1-threshold-curves-v1","BARCS-EB",0.005,400,102,31,31,0,298,71,1,0.303921568627451,0.303921568627451,0.466165413533835,0,1,0.651960784313726,"moi_0.25_quality_0.9_genes_400_replicates_4",20250727,0.25,0.9,400,4,TRUE
"crispulator-f1-threshold-curves-v1","BARCS-EB",0.001,400,102,17,17,0,298,85,1,0.166666666666667,0.166666666666667,0.285714285714286,0,1,0.583333333333333,"moi_0.25_quality_0.9_genes_400_replicates_4",20250727,0.25,0.9,400,4,TRUE
"crispulator-f1-threshold-curves-v1","MAGeCK-MLE",0.1,400,102,71,70,1,297,32,0.985915492957746,0.686274509803922,0.686274509803922,0.809248554913295,0.0140845070422535,0.996644295302013,0.841459402552967,"moi_0.25_quality_0.9_genes_400_replicates_4",20250727,0.25,0.9,400,4,TRUE
"crispulator-f1-threshold-curves-v1","MAGeCK-MLE",0.05,400,102,64,64,0,298,38,1,0.627450980392157,0.627450980392157,0.771084337349398,0,1,0.813725490196078,"moi_0.25_quality_0.9_genes_400_replicates_4",20250727,0.25,0.9,400,4,TRUE
"crispulator-f1-threshold-curves-v1","MAGeCK-MLE",0.01,400,102,41,41,0,298,61,1,0.401960784313726,0.401960784313726,0.573426573426573,0,1,0.700980392156863,"moi_0.25_quality_0.9_genes_400_replicates_4",20250727,0.25,0.9,400,4,TRUE
"crispulator-f1-threshold-curves-v1","MAGeCK-MLE",0.005,400,102,31,31,0,298,71,1,0.303921568627451,0.303921568627451,0.466165413533835,0,1,0.651960784313726,"moi_0.25_quality_0.9_genes_400_replicates_4",20250727,0.25,0.9,400,4,TRUE
"crispulator-f1-threshold-curves-v1","MAGeCK-MLE",0.001,400,102,25,25,0,298,77,1,0.245098039215686,0.245098039215686,0.393700787401575,0,1,0.622549019607843,"moi_0.25_quality_0.9_genes_400_replicates_4",20250727,0.25,0.9,400,4,TRUE
"crispulator-f1-threshold-curves-v1","edgeR-QL",0.1,400,102,107,88,19,279,14,0.822429906542056,0.862745098039216,0.862745098039216,0.842105263157895,0.177570093457944,0.936241610738255,0.899493354388735,"moi_0.25_quality_0.9_genes_400_replicates_4",20250727,0.25,0.9,400,4,TRUE
"crispulator-f1-threshold-curves-v1","edgeR-QL",0.05,400,102,99,85,14,284,17,0.858585858585859,0.833333333333333,0.833333333333333,0.845771144278607,0.141414141414141,0.953020134228188,0.893176733780761,"moi_0.25_quality_0.9_genes_400_replicates_4",20250727,0.25,0.9,400,4,TRUE
"crispulator-f1-threshold-curves-v1","edgeR-QL",0.01,400,102,84,80,4,294,22,0.952380952380952,0.784313725490196,0.784313725490196,0.860215053763441,0.0476190476190476,0.986577181208054,0.885445453349125,"moi_0.25_quality_0.9_genes_400_replicates_4",20250727,0.25,0.9,400,4,TRUE
"crispulator-f1-threshold-curves-v1","edgeR-QL",0.005,400,102,79,77,2,296,25,0.974683544303797,0.754901960784314,0.754901960784314,0.850828729281768,0.0253164556962025,0.993288590604027,0.87409527569417,"moi_0.25_quality_0.9_genes_400_replicates_4",20250727,0.25,0.9,400,4,TRUE
"crispulator-f1-threshold-curves-v1","edgeR-QL",0.001,400,102,72,71,1,297,31,0.986111111111111,0.696078431372549,0.696078431372549,0.816091954022989,0.0138888888888889,0.996644295302013,0.846361363337281,"moi_0.25_quality_0.9_genes_400_replicates_4",20250727,0.25,0.9,400,4,TRUE
"crispulator-f1-threshold-curves-v1","DESeq2",0.1,400,102,111,88,23,275,14,0.792792792792793,0.862745098039216,0.862745098039216,0.826291079812207,0.207207207207207,0.922818791946309,0.892781944992762,"moi_0.25_quality_0.9_genes_400_replicates_4",20250727,0.25,0.9,400,4,TRUE
"crispulator-f1-threshold-curves-v1","DESeq2",0.05,400,102,98,84,14,284,18,0.857142857142857,0.823529411764706,0.823529411764706,0.84,0.142857142857143,0.953020134228188,0.888274772996447,"moi_0.25_quality_0.9_genes_400_replicates_4",20250727,0.25,0.9,400,4,TRUE
"crispulator-f1-threshold-curves-v1","DESeq2",0.01,400,102,83,79,4,294,23,0.951807228915663,0.774509803921569,0.774509803921569,0.854054054054054,0.0481927710843374,0.986577181208054,0.880543492564811,"moi_0.25_quality_0.9_genes_400_replicates_4",20250727,0.25,0.9,400,4,TRUE
"crispulator-f1-threshold-curves-v1","DESeq2",0.005,400,102,77,75,2,296,27,0.974025974025974,0.735294117647059,0.735294117647059,0.837988826815642,0.025974025974026,0.993288590604027,0.864291354125543,"moi_0.25_quality_0.9_genes_400_replicates_4",20250727,0.25,0.9,400,4,TRUE
"crispulator-f1-threshold-curves-v1","DESeq2",0.001,400,102,73,72,1,297,30,0.986301369863014,0.705882352941177,0.705882352941177,0.822857142857143,0.0136986301369863,0.996644295302013,0.851263324121595,"moi_0.25_quality_0.9_genes_400_replicates_4",20250727,0.25,0.9,400,4,TRUE
"crispulator-f1-threshold-curves-v1","limma-voom",0.1,400,102,109,90,19,279,12,0.825688073394495,0.88235294117647,0.88235294117647,0.853080568720379,0.174311926605505,0.936241610738255,0.909297275957363,"moi_0.25_quality_0.9_genes_400_replicates_4",20250727,0.25,0.9,400,4,TRUE
"crispulator-f1-threshold-curves-v1","limma-voom",0.05,400,102,98,86,12,286,16,0.877551020408163,0.843137254901961,0.843137254901961,0.86,0.122448979591837,0.959731543624161,0.901434399263061,"moi_0.25_quality_0.9_genes_400_replicates_4",20250727,0.25,0.9,400,4,TRUE
"crispulator-f1-threshold-curves-v1","limma-voom",0.01,400,102,84,78,6,292,24,0.928571428571429,0.764705882352941,0.764705882352941,0.838709677419355,0.0714285714285714,0.979865771812081,0.872285827082511,"moi_0.25_quality_0.9_genes_400_replicates_4",20250727,0.25,0.9,400,4,TRUE
"crispulator-f1-threshold-curves-v1","limma-voom",0.005,400,102,76,75,1,297,27,0.986842105263158,0.735294117647059,0.735294117647059,0.842696629213483,0.0131578947368421,0.996644295302013,0.865969206474536,"moi_0.25_quality_0.9_genes_400_replicates_4",20250727,0.25,0.9,400,4,TRUE
"crispulator-f1-threshold-curves-v1","limma-voom",0.001,400,102,71,70,1,297,32,0.985915492957746,0.686274509803922,0.686274509803922,0.809248554913295,0.0140845070422535,0.996644295302013,0.841459402552967,"moi_0.25_quality_0.9_genes_400_replicates_4",20250727,0.25,0.9,400,4,TRUE
"crispulator-f1-threshold-curves-v1","BARCS-original",0.1,400,90,91,78,13,297,12,0.857142857142857,0.866666666666667,0.866666666666667,0.861878453038674,0.142857142857143,0.958064516129032,0.91236559139785,"moi_0.25_quality_0.9_genes_400_replicates_4",20250728,0.25,0.9,400,4,TRUE
"crispulator-f1-threshold-curves-v1","BARCS-original",0.05,400,90,82,74,8,302,16,0.902439024390244,0.822222222222222,0.822222222222222,0.86046511627907,0.0975609756097561,0.974193548387097,0.89820788530466,"moi_0.25_quality_0.9_genes_400_replicates_4",20250728,0.25,0.9,400,4,TRUE
"crispulator-f1-threshold-curves-v1","BARCS-original",0.01,400,90,71,70,1,309,20,0.985915492957746,0.777777777777778,0.777777777777778,0.869565217391304,0.0140845070422535,0.996774193548387,0.887275985663083,"moi_0.25_quality_0.9_genes_400_replicates_4",20250728,0.25,0.9,400,4,TRUE
"crispulator-f1-threshold-curves-v1","BARCS-original",0.005,400,90,67,67,0,310,23,1,0.744444444444444,0.744444444444444,0.853503184713376,0,1,0.872222222222222,"moi_0.25_quality_0.9_genes_400_replicates_4",20250728,0.25,0.9,400,4,TRUE
"crispulator-f1-threshold-curves-v1","BARCS-original",0.001,400,90,53,53,0,310,37,1,0.588888888888889,0.588888888888889,0.741258741258741,0,1,0.794444444444445,"moi_0.25_quality_0.9_genes_400_replicates_4",20250728,0.25,0.9,400,4,TRUE
"crispulator-f1-threshold-curves-v1","BARCS-NORM",0.1,400,90,29,26,3,307,64,0.896551724137931,0.288888888888889,0.288888888888889,0.436974789915966,0.103448275862069,0.990322580645161,0.639605734767025,"moi_0.25_quality_0.9_genes_400_replicates_4",20250728,0.25,0.9,400,4,TRUE
"crispulator-f1-threshold-curves-v1","BARCS-NORM",0.05,400,90,6,5,1,309,85,0.833333333333333,0.0555555555555556,0.0555555555555556,0.104166666666667,0.166666666666667,0.996774193548387,0.526164874551971,"moi_0.25_quality_0.9_genes_400_replicates_4",20250728,0.25,0.9,400,4,TRUE
"crispulator-f1-threshold-curves-v1","BARCS-NORM",0.01,400,90,1,1,0,310,89,1,0.0111111111111111,0.0111111111111111,0.021978021978022,0,1,0.505555555555556,"moi_0.25_quality_0.9_genes_400_replicates_4",20250728,0.25,0.9,400,4,TRUE
"crispulator-f1-threshold-curves-v1","BARCS-NORM",0.005,400,90,0,0,0,310,90,0,0,0,0,0,1,0.5,"moi_0.25_quality_0.9_genes_400_replicates_4",20250728,0.25,0.9,400,4,TRUE
"crispulator-f1-threshold-curves-v1","BARCS-NORM",0.001,400,90,0,0,0,310,90,0,0,0,0,0,1,0.5,"moi_0.25_quality_0.9_genes_400_replicates_4",20250728,0.25,0.9,400,4,TRUE
"crispulator-f1-threshold-curves-v1","BARCS-partial",0.1,400,90,58,53,5,305,37,0.913793103448276,0.588888888888889,0.588888888888889,0.716216216216216,0.0862068965517241,0.983870967741935,0.786379928315412,"moi_0.25_quality_0.9_genes_400_replicates_4",20250728,0.25,0.9,400,4,TRUE
"crispulator-f1-threshold-curves-v1","BARCS-partial",0.05,400,90,46,45,1,309,45,0.978260869565217,0.5,0.5,0.661764705882353,0.0217391304347826,0.996774193548387,0.748387096774194,"moi_0.25_quality_0.9_genes_400_replicates_4",20250728,0.25,0.9,400,4,TRUE
"crispulator-f1-threshold-curves-v1","BARCS-partial",0.01,400,90,38,38,0,310,52,1,0.422222222222222,0.422222222222222,0.59375,0,1,0.711111111111111,"moi_0.25_quality_0.9_genes_400_replicates_4",20250728,0.25,0.9,400,4,TRUE
"crispulator-f1-threshold-curves-v1","BARCS-partial",0.005,400,90,33,33,0,310,57,1,0.366666666666667,0.366666666666667,0.536585365853658,0,1,0.683333333333333,"moi_0.25_quality_0.9_genes_400_replicates_4",20250728,0.25,0.9,400,4,TRUE
"crispulator-f1-threshold-curves-v1","BARCS-partial",0.001,400,90,26,26,0,310,64,1,0.288888888888889,0.288888888888889,0.448275862068966,0,1,0.644444444444444,"moi_0.25_quality_0.9_genes_400_replicates_4",20250728,0.25,0.9,400,4,TRUE
"crispulator-f1-threshold-curves-v1","BARCS-EB",0.1,400,90,65,65,0,310,25,1,0.722222222222222,0.722222222222222,0.838709677419355,0,1,0.861111111111111,"moi_0.25_quality_0.9_genes_400_replicates_4",20250728,0.25,0.9,400,4,TRUE
"crispulator-f1-threshold-curves-v1","BARCS-EB",0.05,400,90,55,55,0,310,35,1,0.611111111111111,0.611111111111111,0.758620689655172,0,1,0.805555555555556,"moi_0.25_quality_0.9_genes_400_replicates_4",20250728,0.25,0.9,400,4,TRUE
"crispulator-f1-threshold-curves-v1","BARCS-EB",0.01,400,90,35,35,0,310,55,1,0.388888888888889,0.388888888888889,0.56,0,1,0.694444444444444,"moi_0.25_quality_0.9_genes_400_replicates_4",20250728,0.25,0.9,400,4,TRUE
"crispulator-f1-threshold-curves-v1","BARCS-EB",0.005,400,90,31,31,0,310,59,1,0.344444444444444,0.344444444444444,0.512396694214876,0,1,0.672222222222222,"moi_0.25_quality_0.9_genes_400_replicates_4",20250728,0.25,0.9,400,4,TRUE
"crispulator-f1-threshold-curves-v1","BARCS-EB",0.001,400,90,21,21,0,310,69,1,0.233333333333333,0.233333333333333,0.378378378378378,0,1,0.616666666666667,"moi_0.25_quality_0.9_genes_400_replicates_4",20250728,0.25,0.9,400,4,TRUE
"crispulator-f1-threshold-curves-v1","MAGeCK-MLE",0.1,400,90,74,70,4,306,20,0.945945945945946,0.777777777777778,0.777777777777778,0.853658536585366,0.0540540540540541,0.987096774193548,0.882437275985663,"moi_0.25_quality_0.9_genes_400_replicates_4",20250728,0.25,0.9,400,4,TRUE
"crispulator-f1-threshold-curves-v1","MAGeCK-MLE",0.05,400,90,57,56,1,309,34,0.982456140350877,0.622222222222222,0.622222222222222,0.761904761904762,0.0175438596491228,0.996774193548387,0.809498207885305,"moi_0.25_quality_0.9_genes_400_replicates_4",20250728,0.25,0.9,400,4,TRUE
"crispulator-f1-threshold-curves-v1","MAGeCK-MLE",0.01,400,90,39,39,0,310,51,1,0.433333333333333,0.433333333333333,0.604651162790698,0,1,0.716666666666667,"moi_0.25_quality_0.9_genes_400_replicates_4",20250728,0.25,0.9,400,4,TRUE
"crispulator-f1-threshold-curves-v1","MAGeCK-MLE",0.005,400,90,31,31,0,310,59,1,0.344444444444444,0.344444444444444,0.512396694214876,0,1,0.672222222222222,"moi_0.25_quality_0.9_genes_400_replicates_4",20250728,0.25,0.9,400,4,TRUE
"crispulator-f1-threshold-curves-v1","MAGeCK-MLE",0.001,400,90,15,15,0,310,75,1,0.166666666666667,0.166666666666667,0.285714285714286,0,1,0.583333333333333,"moi_0.25_quality_0.9_genes_400_replicates_4",20250728,0.25,0.9,400,4,TRUE
"crispulator-f1-threshold-curves-v1","edgeR-QL",0.1,400,90,103,82,21,289,8,0.796116504854369,0.911111111111111,0.911111111111111,0.849740932642487,0.203883495145631,0.932258064516129,0.92168458781362,"moi_0.25_quality_0.9_genes_400_replicates_4",20250728,0.25,0.9,400,4,TRUE
"crispulator-f1-threshold-curves-v1","edgeR-QL",0.05,400,90,91,80,11,299,10,0.879120879120879,0.888888888888889,0.888888888888889,0.883977900552486,0.120879120879121,0.964516129032258,0.926702508960573,"moi_0.25_quality_0.9_genes_400_replicates_4",20250728,0.25,0.9,400,4,TRUE
"crispulator-f1-threshold-curves-v1","edgeR-QL",0.01,400,90,82,75,7,303,15,0.914634146341463,0.833333333333333,0.833333333333333,0.872093023255814,0.0853658536585366,0.97741935483871,0.905376344086022,"moi_0.25_quality_0.9_genes_400_replicates_4",20250728,0.25,0.9,400,4,TRUE
"crispulator-f1-threshold-curves-v1","edgeR-QL",0.005,400,90,75,72,3,307,18,0.96,0.8,0.8,0.872727272727273,0.04,0.990322580645161,0.895161290322581,"moi_0.25_quality_0.9_genes_400_replicates_4",20250728,0.25,0.9,400,4,TRUE
"crispulator-f1-threshold-curves-v1","edgeR-QL",0.001,400,90,69,69,0,310,21,1,0.766666666666667,0.766666666666667,0.867924528301887,0,1,0.883333333333333,"moi_0.25_quality_0.9_genes_400_replicates_4",20250728,0.25,0.9,400,4,TRUE
"crispulator-f1-threshold-curves-v1","DESeq2",0.1,400,90,101,81,20,290,9,0.801980198019802,0.9,0.9,0.848167539267016,0.198019801980198,0.935483870967742,0.917741935483871,"moi_0.25_quality_0.9_genes_400_replicates_4",20250728,0.25,0.9,400,4,TRUE
"crispulator-f1-threshold-curves-v1","DESeq2",0.05,400,90,92,80,12,298,10,0.869565217391304,0.888888888888889,0.888888888888889,0.879120879120879,0.130434782608696,0.961290322580645,0.925089605734767,"moi_0.25_quality_0.9_genes_400_replicates_4",20250728,0.25,0.9,400,4,TRUE
"crispulator-f1-threshold-curves-v1","DESeq2",0.01,400,90,82,76,6,304,14,0.926829268292683,0.844444444444444,0.844444444444444,0.883720930232558,0.0731707317073171,0.980645161290323,0.912544802867383,"moi_0.25_quality_0.9_genes_400_replicates_4",20250728,0.25,0.9,400,4,TRUE
"crispulator-f1-threshold-curves-v1","DESeq2",0.005,400,90,76,74,2,308,16,0.973684210526316,0.822222222222222,0.822222222222222,0.891566265060241,0.0263157894736842,0.993548387096774,0.907885304659498,"moi_0.25_quality_0.9_genes_400_replicates_4",20250728,0.25,0.9,400,4,TRUE
"crispulator-f1-threshold-curves-v1","DESeq2",0.001,400,90,70,70,0,310,20,1,0.777777777777778,0.777777777777778,0.875,0,1,0.888888888888889,"moi_0.25_quality_0.9_genes_400_replicates_4",20250728,0.25,0.9,400,4,TRUE
"crispulator-f1-threshold-curves-v1","limma-voom",0.1,400,90,98,82,16,294,8,0.836734693877551,0.911111111111111,0.911111111111111,0.872340425531915,0.163265306122449,0.948387096774194,0.929749103942652,"moi_0.25_quality_0.9_genes_400_replicates_4",20250728,0.25,0.9,400,4,TRUE
"crispulator-f1-threshold-curves-v1","limma-voom",0.05,400,90,90,79,11,299,11,0.877777777777778,0.877777777777778,0.877777777777778,0.877777777777778,0.122222222222222,0.964516129032258,0.921146953405018,"moi_0.25_quality_0.9_genes_400_replicates_4",20250728,0.25,0.9,400,4,TRUE
"crispulator-f1-threshold-curves-v1","limma-voom",0.01,400,90,78,73,5,305,17,0.935897435897436,0.811111111111111,0.811111111111111,0.869047619047619,0.0641025641025641,0.983870967741935,0.897491039426523,"moi_0.25_quality_0.9_genes_400_replicates_4",20250728,0.25,0.9,400,4,TRUE
"crispulator-f1-threshold-curves-v1","limma-voom",0.005,400,90,74,72,2,308,18,0.972972972972973,0.8,0.8,0.878048780487805,0.027027027027027,0.993548387096774,0.896774193548387,"moi_0.25_quality_0.9_genes_400_replicates_4",20250728,0.25,0.9,400,4,TRUE
"crispulator-f1-threshold-curves-v1","limma-voom",0.001,400,90,68,68,0,310,22,1,0.755555555555556,0.755555555555556,0.860759493670886,0,1,0.877777777777778,"moi_0.25_quality_0.9_genes_400_replicates_4",20250728,0.25,0.9,400,4,TRUE
"crispulator-f1-threshold-curves-v1","BARCS-original",0.1,400,79,0,0,0,321,79,0,0,0,0,0,1,0.5,"moi_0.25_quality_0.9_genes_400_replicates_1",20250724,0.25,0.9,400,1,FALSE
"crispulator-f1-threshold-curves-v1","BARCS-original",0.05,400,79,0,0,0,321,79,0,0,0,0,0,1,0.5,"moi_0.25_quality_0.9_genes_400_replicates_1",20250724,0.25,0.9,400,1,FALSE
"crispulator-f1-threshold-curves-v1","BARCS-original",0.01,400,79,0,0,0,321,79,0,0,0,0,0,1,0.5,"moi_0.25_quality_0.9_genes_400_replicates_1",20250724,0.25,0.9,400,1,FALSE
"crispulator-f1-threshold-curves-v1","BARCS-original",0.005,400,79,0,0,0,321,79,0,0,0,0,0,1,0.5,"moi_0.25_quality_0.9_genes_400_replicates_1",20250724,0.25,0.9,400,1,FALSE
"crispulator-f1-threshold-curves-v1","BARCS-original",0.001,400,79,0,0,0,321,79,0,0,0,0,0,1,0.5,"moi_0.25_quality_0.9_genes_400_replicates_1",20250724,0.25,0.9,400,1,FALSE
"crispulator-f1-threshold-curves-v1","BARCS-NORM",0.1,400,79,0,0,0,321,79,0,0,0,0,0,1,0.5,"moi_0.25_quality_0.9_genes_400_replicates_1",20250724,0.25,0.9,400,1,FALSE
"crispulator-f1-threshold-curves-v1","BARCS-NORM",0.05,400,79,0,0,0,321,79,0,0,0,0,0,1,0.5,"moi_0.25_quality_0.9_genes_400_replicates_1",20250724,0.25,0.9,400,1,FALSE
"crispulator-f1-threshold-curves-v1","BARCS-NORM",0.01,400,79,0,0,0,321,79,0,0,0,0,0,1,0.5,"moi_0.25_quality_0.9_genes_400_replicates_1",20250724,0.25,0.9,400,1,FALSE
"crispulator-f1-threshold-curves-v1","BARCS-NORM",0.005,400,79,0,0,0,321,79,0,0,0,0,0,1,0.5,"moi_0.25_quality_0.9_genes_400_replicates_1",20250724,0.25,0.9,400,1,FALSE
"crispulator-f1-threshold-curves-v1","BARCS-NORM",0.001,400,79,0,0,0,321,79,0,0,0,0,0,1,0.5,"moi_0.25_quality_0.9_genes_400_replicates_1",20250724,0.25,0.9,400,1,FALSE
"crispulator-f1-threshold-curves-v1","BARCS-partial",0.1,400,79,12,12,0,321,67,1,0.151898734177215,0.151898734177215,0.263736263736264,0,1,0.575949367088608,"moi_0.25_quality_0.9_genes_400_replicates_1",20250724,0.25,0.9,400,1,FALSE
"crispulator-f1-threshold-curves-v1","BARCS-partial",0.05,400,79,11,11,0,321,68,1,0.139240506329114,0.139240506329114,0.244444444444444,0,1,0.569620253164557,"moi_0.25_quality_0.9_genes_400_replicates_1",20250724,0.25,0.9,400,1,FALSE
"crispulator-f1-threshold-curves-v1","BARCS-partial",0.01,400,79,8,8,0,321,71,1,0.10126582278481,0.10126582278481,0.183908045977011,0,1,0.550632911392405,"moi_0.25_quality_0.9_genes_400_replicates_1",20250724,0.25,0.9,400,1,FALSE
"crispulator-f1-threshold-curves-v1","BARCS-partial",0.005,400,79,8,8,0,321,71,1,0.10126582278481,0.10126582278481,0.183908045977011,0,1,0.550632911392405,"moi_0.25_quality_0.9_genes_400_replicates_1",20250724,0.25,0.9,400,1,FALSE
"crispulator-f1-threshold-curves-v1","BARCS-partial",0.001,400,79,3,3,0,321,76,1,0.0379746835443038,0.0379746835443038,0.0731707317073171,0,1,0.518987341772152,"moi_0.25_quality_0.9_genes_400_replicates_1",20250724,0.25,0.9,400,1,FALSE
"crispulator-f1-threshold-curves-v1","BARCS-EB",0.1,400,79,20,20,0,321,59,1,0.253164556962025,0.253164556962025,0.404040404040404,0,1,0.626582278481013,"moi_0.25_quality_0.9_genes_400_replicates_1",20250724,0.25,0.9,400,1,FALSE
"crispulator-f1-threshold-curves-v1","BARCS-EB",0.05,400,79,14,14,0,321,65,1,0.177215189873418,0.177215189873418,0.301075268817204,0,1,0.588607594936709,"moi_0.25_quality_0.9_genes_400_replicates_1",20250724,0.25,0.9,400,1,FALSE
"crispulator-f1-threshold-curves-v1","BARCS-EB",0.01,400,79,7,7,0,321,72,1,0.0886075949367089,0.0886075949367089,0.162790697674419,0,1,0.544303797468354,"moi_0.25_quality_0.9_genes_400_replicates_1",20250724,0.25,0.9,400,1,FALSE
"crispulator-f1-threshold-curves-v1","BARCS-EB",0.005,400,79,6,6,0,321,73,1,0.0759493670886076,0.0759493670886076,0.141176470588235,0,1,0.537974683544304,"moi_0.25_quality_0.9_genes_400_replicates_1",20250724,0.25,0.9,400,1,FALSE
"crispulator-f1-threshold-curves-v1","BARCS-EB",0.001,400,79,3,3,0,321,76,1,0.0379746835443038,0.0379746835443038,0.0731707317073171,0,1,0.518987341772152,"moi_0.25_quality_0.9_genes_400_replicates_1",20250724,0.25,0.9,400,1,FALSE
"crispulator-f1-threshold-curves-v1","MAGeCK-MLE",0.1,400,79,1,1,0,321,78,1,0.0126582278481013,0.0126582278481013,0.025,0,1,0.506329113924051,"moi_0.25_quality_0.9_genes_400_replicates_1",20250724,0.25,0.9,400,1,FALSE
"crispulator-f1-threshold-curves-v1","MAGeCK-MLE",0.05,400,79,1,1,0,321,78,1,0.0126582278481013,0.0126582278481013,0.025,0,1,0.506329113924051,"moi_0.25_quality_0.9_genes_400_replicates_1",20250724,0.25,0.9,400,1,FALSE
"crispulator-f1-threshold-curves-v1","MAGeCK-MLE",0.01,400,79,0,0,0,321,79,0,0,0,0,0,1,0.5,"moi_0.25_quality_0.9_genes_400_replicates_1",20250724,0.25,0.9,400,1,FALSE
"crispulator-f1-threshold-curves-v1","MAGeCK-MLE",0.005,400,79,0,0,0,321,79,0,0,0,0,0,1,0.5,"moi_0.25_quality_0.9_genes_400_replicates_1",20250724,0.25,0.9,400,1,FALSE
"crispulator-f1-threshold-curves-v1","MAGeCK-MLE",0.001,400,79,0,0,0,321,79,0,0,0,0,0,1,0.5,"moi_0.25_quality_0.9_genes_400_replicates_1",20250724,0.25,0.9,400,1,FALSE
"crispulator-f1-threshold-curves-v1","edgeR-QL",0.1,400,79,98,53,45,276,26,0.540816326530612,0.670886075949367,0.670886075949367,0.598870056497175,0.459183673469388,0.85981308411215,0.765349580030758,"moi_0.25_quality_0.9_genes_400_replicates_1",20250724,0.25,0.9,400,1,FALSE
"crispulator-f1-threshold-curves-v1","edgeR-QL",0.05,400,79,82,51,31,290,28,0.621951219512195,0.645569620253165,0.645569620253165,0.633540372670808,0.378048780487805,0.903426791277259,0.774498205765212,"moi_0.25_quality_0.9_genes_400_replicates_1",20250724,0.25,0.9,400,1,FALSE
"crispulator-f1-threshold-curves-v1","edgeR-QL",0.01,400,79,57,44,13,308,35,0.771929824561403,0.556962025316456,0.556962025316456,0.647058823529412,0.228070175438596,0.959501557632399,0.758231791474427,"moi_0.25_quality_0.9_genes_400_replicates_1",20250724,0.25,0.9,400,1,FALSE
"crispulator-f1-threshold-curves-v1","edgeR-QL",0.005,400,79,52,43,9,312,36,0.826923076923077,0.544303797468354,0.544303797468354,0.656488549618321,0.173076923076923,0.97196261682243,0.758133207145392,"moi_0.25_quality_0.9_genes_400_replicates_1",20250724,0.25,0.9,400,1,FALSE
"crispulator-f1-threshold-curves-v1","edgeR-QL",0.001,400,79,38,35,3,318,44,0.921052631578947,0.443037974683544,0.443037974683544,0.598290598290598,0.0789473684210526,0.990654205607477,0.71684609014551,"moi_0.25_quality_0.9_genes_400_replicates_1",20250724,0.25,0.9,400,1,FALSE
"crispulator-f1-threshold-curves-v1","DESeq2",0.1,400,79,51,44,7,314,35,0.862745098039216,0.556962025316456,0.556962025316456,0.676923076923077,0.137254901960784,0.978193146417445,0.767577585866951,"moi_0.25_quality_0.9_genes_400_replicates_1",20250724,0.25,0.9,400,1,FALSE
"crispulator-f1-threshold-curves-v1","DESeq2",0.05,400,79,36,32,4,317,47,0.888888888888889,0.40506329113924,0.40506329113924,0.556521739130435,0.111111111111111,0.987538940809969,0.696301115974605,"moi_0.25_quality_0.9_genes_400_replicates_1",20250724,0.25,0.9,400,1,FALSE
"crispulator-f1-threshold-curves-v1","DESeq2",0.01,400,79,28,27,1,320,52,0.964285714285714,0.341772151898734,0.341772151898734,0.504672897196262,0.0357142857142857,0.996884735202492,0.669328443550613,"moi_0.25_quality_0.9_genes_400_replicates_1",20250724,0.25,0.9,400,1,FALSE
"crispulator-f1-threshold-curves-v1","DESeq2",0.005,400,79,24,24,0,321,55,1,0.30379746835443,0.30379746835443,0.466019417475728,0,1,0.651898734177215,"moi_0.25_quality_0.9_genes_400_replicates_1",20250724,0.25,0.9,400,1,FALSE
"crispulator-f1-threshold-curves-v1","DESeq2",0.001,400,79,19,19,0,321,60,1,0.240506329113924,0.240506329113924,0.387755102040816,0,1,0.620253164556962,"moi_0.25_quality_0.9_genes_400_replicates_1",20250724,0.25,0.9,400,1,FALSE
"crispulator-f1-threshold-curves-v1","limma-voom",0.1,400,79,101,52,49,272,27,0.514851485148515,0.658227848101266,0.658227848101266,0.577777777777778,0.485148514851485,0.847352024922118,0.752789936511692,"moi_0.25_quality_0.9_genes_400_replicates_1",20250724,0.25,0.9,400,1,FALSE
"crispulator-f1-threshold-curves-v1","limma-voom",0.05,400,79,84,49,35,286,30,0.583333333333333,0.620253164556962,0.620253164556962,0.601226993865031,0.416666666666667,0.890965732087227,0.755609448322095,"moi_0.25_quality_0.9_genes_400_replicates_1",20250724,0.25,0.9,400,1,FALSE
"crispulator-f1-threshold-curves-v1","limma-voom",0.01,400,79,60,45,15,306,34,0.75,0.569620253164557,0.569620253164557,0.647482014388489,0.25,0.953271028037383,0.76144564060097,"moi_0.25_quality_0.9_genes_400_replicates_1",20250724,0.25,0.9,400,1,FALSE
"crispulator-f1-threshold-curves-v1","limma-voom",0.005,400,79,58,45,13,308,34,0.775862068965517,0.569620253164557,0.569620253164557,0.656934306569343,0.224137931034483,0.959501557632399,0.764560905398478,"moi_0.25_quality_0.9_genes_400_replicates_1",20250724,0.25,0.9,400,1,FALSE
"crispulator-f1-threshold-curves-v1","limma-voom",0.001,400,79,43,40,3,318,39,0.930232558139535,0.506329113924051,0.506329113924051,0.655737704918033,0.0697674418604651,0.990654205607477,0.748491659765764,"moi_0.25_quality_0.9_genes_400_replicates_1",20250724,0.25,0.9,400,1,FALSE
"crispulator-f1-threshold-curves-v1","BARCS-original",0.1,400,60,0,0,0,340,60,0,0,0,0,0,1,0.5,"moi_0.25_quality_0.9_genes_400_replicates_1",20250725,0.25,0.9,400,1,FALSE
"crispulator-f1-threshold-curves-v1","BARCS-original",0.05,400,60,0,0,0,340,60,0,0,0,0,0,1,0.5,"moi_0.25_quality_0.9_genes_400_replicates_1",20250725,0.25,0.9,400,1,FALSE
"crispulator-f1-threshold-curves-v1","BARCS-original",0.01,400,60,0,0,0,340,60,0,0,0,0,0,1,0.5,"moi_0.25_quality_0.9_genes_400_replicates_1",20250725,0.25,0.9,400,1,FALSE
"crispulator-f1-threshold-curves-v1","BARCS-original",0.005,400,60,0,0,0,340,60,0,0,0,0,0,1,0.5,"moi_0.25_quality_0.9_genes_400_replicates_1",20250725,0.25,0.9,400,1,FALSE
"crispulator-f1-threshold-curves-v1","BARCS-original",0.001,400,60,0,0,0,340,60,0,0,0,0,0,1,0.5,"moi_0.25_quality_0.9_genes_400_replicates_1",20250725,0.25,0.9,400,1,FALSE
"crispulator-f1-threshold-curves-v1","BARCS-NORM",0.1,399,60,1,1,0,339,59,1,0.0166666666666667,0.0166666666666667,0.0327868852459016,0,1,0.508333333333333,"moi_0.25_quality_0.9_genes_400_replicates_1",20250725,0.25,0.9,400,1,FALSE
"crispulator-f1-threshold-curves-v1","BARCS-NORM",0.05,399,60,1,1,0,339,59,1,0.0166666666666667,0.0166666666666667,0.0327868852459016,0,1,0.508333333333333,"moi_0.25_quality_0.9_genes_400_replicates_1",20250725,0.25,0.9,400,1,FALSE
"crispulator-f1-threshold-curves-v1","BARCS-NORM",0.01,399,60,0,0,0,339,60,0,0,0,0,0,1,0.5,"moi_0.25_quality_0.9_genes_400_replicates_1",20250725,0.25,0.9,400,1,FALSE
"crispulator-f1-threshold-curves-v1","BARCS-NORM",0.005,399,60,0,0,0,339,60,0,0,0,0,0,1,0.5,"moi_0.25_quality_0.9_genes_400_replicates_1",20250725,0.25,0.9,400,1,FALSE
"crispulator-f1-threshold-curves-v1","BARCS-NORM",0.001,399,60,0,0,0,339,60,0,0,0,0,0,1,0.5,"moi_0.25_quality_0.9_genes_400_replicates_1",20250725,0.25,0.9,400,1,FALSE
"crispulator-f1-threshold-curves-v1","BARCS-partial",0.1,400,60,9,8,1,339,52,0.888888888888889,0.133333333333333,0.133333333333333,0.231884057971014,0.111111111111111,0.997058823529412,0.565196078431373,"moi_0.25_quality_0.9_genes_400_replicates_1",20250725,0.25,0.9,400,1,FALSE
"crispulator-f1-threshold-curves-v1","BARCS-partial",0.05,400,60,7,6,1,339,54,0.857142857142857,0.1,0.1,0.17910447761194,0.142857142857143,0.997058823529412,0.548529411764706,"moi_0.25_quality_0.9_genes_400_replicates_1",20250725,0.25,0.9,400,1,FALSE
"crispulator-f1-threshold-curves-v1","BARCS-partial",0.01,400,60,3,3,0,340,57,1,0.05,0.05,0.0952380952380952,0,1,0.525,"moi_0.25_quality_0.9_genes_400_replicates_1",20250725,0.25,0.9,400,1,FALSE
"crispulator-f1-threshold-curves-v1","BARCS-partial",0.005,400,60,3,3,0,340,57,1,0.05,0.05,0.0952380952380952,0,1,0.525,"moi_0.25_quality_0.9_genes_400_replicates_1",20250725,0.25,0.9,400,1,FALSE
"crispulator-f1-threshold-curves-v1","BARCS-partial",0.001,400,60,1,1,0,340,59,1,0.0166666666666667,0.0166666666666667,0.0327868852459016,0,1,0.508333333333333,"moi_0.25_quality_0.9_genes_400_replicates_1",20250725,0.25,0.9,400,1,FALSE
"crispulator-f1-threshold-curves-v1","BARCS-EB",0.1,400,60,4,4,0,340,56,1,0.0666666666666667,0.0666666666666667,0.125,0,1,0.533333333333333,"moi_0.25_quality_0.9_genes_400_replicates_1",20250725,0.25,0.9,400,1,FALSE
"crispulator-f1-threshold-curves-v1","BARCS-EB",0.05,400,60,2,2,0,340,58,1,0.0333333333333333,0.0333333333333333,0.0645161290322581,0,1,0.516666666666667,"moi_0.25_quality_0.9_genes_400_replicates_1",20250725,0.25,0.9,400,1,FALSE
"crispulator-f1-threshold-curves-v1","BARCS-EB",0.01,400,60,0,0,0,340,60,0,0,0,0,0,1,0.5,"moi_0.25_quality_0.9_genes_400_replicates_1",20250725,0.25,0.9,400,1,FALSE
"crispulator-f1-threshold-curves-v1","BARCS-EB",0.005,400,60,0,0,0,340,60,0,0,0,0,0,1,0.5,"moi_0.25_quality_0.9_genes_400_replicates_1",20250725,0.25,0.9,400,1,FALSE
"crispulator-f1-threshold-curves-v1","BARCS-EB",0.001,400,60,0,0,0,340,60,0,0,0,0,0,1,0.5,"moi_0.25_quality_0.9_genes_400_replicates_1",20250725,0.25,0.9,400,1,FALSE
"crispulator-f1-threshold-curves-v1","MAGeCK-MLE",0.1,400,60,0,0,0,340,60,0,0,0,0,0,1,0.5,"moi_0.25_quality_0.9_genes_400_replicates_1",20250725,0.25,0.9,400,1,FALSE
"crispulator-f1-threshold-curves-v1","MAGeCK-MLE",0.05,400,60,0,0,0,340,60,0,0,0,0,0,1,0.5,"moi_0.25_quality_0.9_genes_400_replicates_1",20250725,0.25,0.9,400,1,FALSE
"crispulator-f1-threshold-curves-v1","MAGeCK-MLE",0.01,400,60,0,0,0,340,60,0,0,0,0,0,1,0.5,"moi_0.25_quality_0.9_genes_400_replicates_1",20250725,0.25,0.9,400,1,FALSE
"crispulator-f1-threshold-curves-v1","MAGeCK-MLE",0.005,400,60,0,0,0,340,60,0,0,0,0,0,1,0.5,"moi_0.25_quality_0.9_genes_400_replicates_1",20250725,0.25,0.9,400,1,FALSE
"crispulator-f1-threshold-curves-v1","MAGeCK-MLE",0.001,400,60,0,0,0,340,60,0,0,0,0,0,1,0.5,"moi_0.25_quality_0.9_genes_400_replicates_1",20250725,0.25,0.9,400,1,FALSE
"crispulator-f1-threshold-curves-v1","edgeR-QL",0.1,400,60,121,46,75,265,14,0.380165289256198,0.766666666666667,0.766666666666667,0.50828729281768,0.619834710743802,0.779411764705882,0.773039215686275,"moi_0.25_quality_0.9_genes_400_replicates_1",20250725,0.25,0.9,400,1,FALSE
"crispulator-f1-threshold-curves-v1","edgeR-QL",0.05,400,60,85,41,44,296,19,0.482352941176471,0.683333333333333,0.683333333333333,0.56551724137931,0.517647058823529,0.870588235294118,0.776960784313726,"moi_0.25_quality_0.9_genes_400_replicates_1",20250725,0.25,0.9,400,1,FALSE
"crispulator-f1-threshold-curves-v1","edgeR-QL",0.01,400,60,61,38,23,317,22,0.622950819672131,0.633333333333333,0.633333333333333,0.628099173553719,0.377049180327869,0.932352941176471,0.782843137254902,"moi_0.25_quality_0.9_genes_400_replicates_1",20250725,0.25,0.9,400,1,FALSE
"crispulator-f1-threshold-curves-v1","edgeR-QL",0.005,400,60,51,35,16,324,25,0.686274509803922,0.583333333333333,0.583333333333333,0.630630630630631,0.313725490196078,0.952941176470588,0.768137254901961,"moi_0.25_quality_0.9_genes_400_replicates_1",20250725,0.25,0.9,400,1,FALSE
"crispulator-f1-threshold-curves-v1","edgeR-QL",0.001,400,60,35,29,6,334,31,0.828571428571429,0.483333333333333,0.483333333333333,0.610526315789474,0.171428571428571,0.98235294117647,0.732843137254902,"moi_0.25_quality_0.9_genes_400_replicates_1",20250725,0.25,0.9,400,1,FALSE
"crispulator-f1-threshold-curves-v1","DESeq2",0.1,400,60,37,31,6,334,29,0.837837837837838,0.516666666666667,0.516666666666667,0.639175257731959,0.162162162162162,0.98235294117647,0.749509803921569,"moi_0.25_quality_0.9_genes_400_replicates_1",20250725,0.25,0.9,400,1,FALSE
"crispulator-f1-threshold-curves-v1","DESeq2",0.05,400,60,17,17,0,340,43,1,0.283333333333333,0.283333333333333,0.441558441558442,0,1,0.641666666666667,"moi_0.25_quality_0.9_genes_400_replicates_1",20250725,0.25,0.9,400,1,FALSE
"crispulator-f1-threshold-curves-v1","DESeq2",0.01,400,60,9,9,0,340,51,1,0.15,0.15,0.260869565217391,0,1,0.575,"moi_0.25_quality_0.9_genes_400_replicates_1",20250725,0.25,0.9,400,1,FALSE
"crispulator-f1-threshold-curves-v1","DESeq2",0.005,400,60,6,6,0,340,54,1,0.1,0.1,0.181818181818182,0,1,0.55,"moi_0.25_quality_0.9_genes_400_replicates_1",20250725,0.25,0.9,400,1,FALSE
"crispulator-f1-threshold-curves-v1","DESeq2",0.001,400,60,4,4,0,340,56,1,0.0666666666666667,0.0666666666666667,0.125,0,1,0.533333333333333,"moi_0.25_quality_0.9_genes_400_replicates_1",20250725,0.25,0.9,400,1,FALSE
"crispulator-f1-threshold-curves-v1","limma-voom",0.1,400,60,111,48,63,277,12,0.432432432432432,0.8,0.8,0.56140350877193,0.567567567567568,0.814705882352941,0.807352941176471,"moi_0.25_quality_0.9_genes_400_replicates_1",20250725,0.25,0.9,400,1,FALSE
"crispulator-f1-threshold-curves-v1","limma-voom",0.05,400,60,83,42,41,299,18,0.506024096385542,0.7,0.7,0.587412587412587,0.493975903614458,0.879411764705882,0.789705882352941,"moi_0.25_quality_0.9_genes_400_replicates_1",20250725,0.25,0.9,400,1,FALSE
"crispulator-f1-threshold-curves-v1","limma-voom",0.01,400,60,48,33,15,325,27,0.6875,0.55,0.55,0.611111111111111,0.3125,0.955882352941177,0.752941176470588,"moi_0.25_quality_0.9_genes_400_replicates_1",20250725,0.25,0.9,400,1,FALSE
"crispulator-f1-threshold-curves-v1","limma-voom",0.005,400,60,43,33,10,330,27,0.767441860465116,0.55,0.55,0.640776699029126,0.232558139534884,0.970588235294118,0.760294117647059,"moi_0.25_quality_0.9_genes_400_replicates_1",20250725,0.25,0.9,400,1,FALSE
"crispulator-f1-threshold-curves-v1","limma-voom",0.001,400,60,32,27,5,335,33,0.84375,0.45,0.45,0.58695652173913,0.15625,0.985294117647059,0.717647058823529,"moi_0.25_quality_0.9_genes_400_replicates_1",20250725,0.25,0.9,400,1,FALSE
"crispulator-f1-threshold-curves-v1","BARCS-original",0.1,400,92,0,0,0,308,92,0,0,0,0,0,1,0.5,"moi_0.25_quality_0.9_genes_400_replicates_1",20250726,0.25,0.9,400,1,FALSE
"crispulator-f1-threshold-curves-v1","BARCS-original",0.05,400,92,0,0,0,308,92,0,0,0,0,0,1,0.5,"moi_0.25_quality_0.9_genes_400_replicates_1",20250726,0.25,0.9,400,1,FALSE
"crispulator-f1-threshold-curves-v1","BARCS-original",0.01,400,92,0,0,0,308,92,0,0,0,0,0,1,0.5,"moi_0.25_quality_0.9_genes_400_replicates_1",20250726,0.25,0.9,400,1,FALSE
"crispulator-f1-threshold-curves-v1","BARCS-original",0.005,400,92,0,0,0,308,92,0,0,0,0,0,1,0.5,"moi_0.25_quality_0.9_genes_400_replicates_1",20250726,0.25,0.9,400,1,FALSE
"crispulator-f1-threshold-curves-v1","BARCS-original",0.001,400,92,0,0,0,308,92,0,0,0,0,0,1,0.5,"moi_0.25_quality_0.9_genes_400_replicates_1",20250726,0.25,0.9,400,1,FALSE
"crispulator-f1-threshold-curves-v1","BARCS-NORM",0.1,400,92,0,0,0,308,92,0,0,0,0,0,1,0.5,"moi_0.25_quality_0.9_genes_400_replicates_1",20250726,0.25,0.9,400,1,FALSE
"crispulator-f1-threshold-curves-v1","BARCS-NORM",0.05,400,92,0,0,0,308,92,0,0,0,0,0,1,0.5,"moi_0.25_quality_0.9_genes_400_replicates_1",20250726,0.25,0.9,400,1,FALSE
"crispulator-f1-threshold-curves-v1","BARCS-NORM",0.01,400,92,0,0,0,308,92,0,0,0,0,0,1,0.5,"moi_0.25_quality_0.9_genes_400_replicates_1",20250726,0.25,0.9,400,1,FALSE
"crispulator-f1-threshold-curves-v1","BARCS-NORM",0.005,400,92,0,0,0,308,92,0,0,0,0,0,1,0.5,"moi_0.25_quality_0.9_genes_400_replicates_1",20250726,0.25,0.9,400,1,FALSE
"crispulator-f1-threshold-curves-v1","BARCS-NORM",0.001,400,92,0,0,0,308,92,0,0,0,0,0,1,0.5,"moi_0.25_quality_0.9_genes_400_replicates_1",20250726,0.25,0.9,400,1,FALSE
"crispulator-f1-threshold-curves-v1","BARCS-partial",0.1,400,92,9,7,2,306,85,0.777777777777778,0.0760869565217391,0.0760869565217391,0.138613861386139,0.222222222222222,0.993506493506494,0.534796725014116,"moi_0.25_quality_0.9_genes_400_replicates_1",20250726,0.25,0.9,400,1,FALSE
"crispulator-f1-threshold-curves-v1","BARCS-partial",0.05,400,92,4,4,0,308,88,1,0.0434782608695652,0.0434782608695652,0.0833333333333333,0,1,0.521739130434783,"moi_0.25_quality_0.9_genes_400_replicates_1",20250726,0.25,0.9,400,1,FALSE
"crispulator-f1-threshold-curves-v1","BARCS-partial",0.01,400,92,3,3,0,308,89,1,0.0326086956521739,0.0326086956521739,0.0631578947368421,0,1,0.516304347826087,"moi_0.25_quality_0.9_genes_400_replicates_1",20250726,0.25,0.9,400,1,FALSE
"crispulator-f1-threshold-curves-v1","BARCS-partial",0.005,400,92,3,3,0,308,89,1,0.0326086956521739,0.0326086956521739,0.0631578947368421,0,1,0.516304347826087,"moi_0.25_quality_0.9_genes_400_replicates_1",20250726,0.25,0.9,400,1,FALSE
"crispulator-f1-threshold-curves-v1","BARCS-partial",0.001,400,92,2,2,0,308,90,1,0.0217391304347826,0.0217391304347826,0.0425531914893617,0,1,0.510869565217391,"moi_0.25_quality_0.9_genes_400_replicates_1",20250726,0.25,0.9,400,1,FALSE
"crispulator-f1-threshold-curves-v1","BARCS-EB",0.1,400,92,3,3,0,308,89,1,0.0326086956521739,0.0326086956521739,0.0631578947368421,0,1,0.516304347826087,"moi_0.25_quality_0.9_genes_400_replicates_1",20250726,0.25,0.9,400,1,FALSE
"crispulator-f1-threshold-curves-v1","BARCS-EB",0.05,400,92,1,1,0,308,91,1,0.0108695652173913,0.0108695652173913,0.021505376344086,0,1,0.505434782608696,"moi_0.25_quality_0.9_genes_400_replicates_1",20250726,0.25,0.9,400,1,FALSE
"crispulator-f1-threshold-curves-v1","BARCS-EB",0.01,400,92,0,0,0,308,92,0,0,0,0,0,1,0.5,"moi_0.25_quality_0.9_genes_400_replicates_1",20250726,0.25,0.9,400,1,FALSE
"crispulator-f1-threshold-curves-v1","BARCS-EB",0.005,400,92,0,0,0,308,92,0,0,0,0,0,1,0.5,"moi_0.25_quality_0.9_genes_400_replicates_1",20250726,0.25,0.9,400,1,FALSE
"crispulator-f1-threshold-curves-v1","BARCS-EB",0.001,400,92,0,0,0,308,92,0,0,0,0,0,1,0.5,"moi_0.25_quality_0.9_genes_400_replicates_1",20250726,0.25,0.9,400,1,FALSE
"crispulator-f1-threshold-curves-v1","MAGeCK-MLE",0.1,400,92,1,1,0,308,91,1,0.0108695652173913,0.0108695652173913,0.021505376344086,0,1,0.505434782608696,"moi_0.25_quality_0.9_genes_400_replicates_1",20250726,0.25,0.9,400,1,FALSE
"crispulator-f1-threshold-curves-v1","MAGeCK-MLE",0.05,400,92,0,0,0,308,92,0,0,0,0,0,1,0.5,"moi_0.25_quality_0.9_genes_400_replicates_1",20250726,0.25,0.9,400,1,FALSE
"crispulator-f1-threshold-curves-v1","MAGeCK-MLE",0.01,400,92,0,0,0,308,92,0,0,0,0,0,1,0.5,"moi_0.25_quality_0.9_genes_400_replicates_1",20250726,0.25,0.9,400,1,FALSE
"crispulator-f1-threshold-curves-v1","MAGeCK-MLE",0.005,400,92,0,0,0,308,92,0,0,0,0,0,1,0.5,"moi_0.25_quality_0.9_genes_400_replicates_1",20250726,0.25,0.9,400,1,FALSE
"crispulator-f1-threshold-curves-v1","MAGeCK-MLE",0.001,400,92,0,0,0,308,92,0,0,0,0,0,1,0.5,"moi_0.25_quality_0.9_genes_400_replicates_1",20250726,0.25,0.9,400,1,FALSE
"crispulator-f1-threshold-curves-v1","edgeR-QL",0.1,400,92,157,74,83,225,18,0.471337579617834,0.804347826086957,0.804347826086957,0.594377510040161,0.528662420382166,0.730519480519481,0.767433653303219,"moi_0.25_quality_0.9_genes_400_replicates_1",20250726,0.25,0.9,400,1,FALSE
"crispulator-f1-threshold-curves-v1","edgeR-QL",0.05,400,92,114,61,53,255,31,0.535087719298246,0.66304347826087,0.66304347826087,0.592233009708738,0.464912280701754,0.827922077922078,0.745482778091474,"moi_0.25_quality_0.9_genes_400_replicates_1",20250726,0.25,0.9,400,1,FALSE
"crispulator-f1-threshold-curves-v1","edgeR-QL",0.01,400,92,75,52,23,285,40,0.693333333333333,0.565217391304348,0.565217391304348,0.622754491017964,0.306666666666667,0.925324675324675,0.745271033314512,"moi_0.25_quality_0.9_genes_400_replicates_1",20250726,0.25,0.9,400,1,FALSE
"crispulator-f1-threshold-curves-v1","edgeR-QL",0.005,400,92,65,48,17,291,44,0.738461538461539,0.521739130434783,0.521739130434783,0.611464968152866,0.261538461538462,0.944805194805195,0.733272162619989,"moi_0.25_quality_0.9_genes_400_replicates_1",20250726,0.25,0.9,400,1,FALSE
"crispulator-f1-threshold-curves-v1","edgeR-QL",0.001,400,92,43,35,8,300,57,0.813953488372093,0.380434782608696,0.380434782608696,0.518518518518519,0.186046511627907,0.974025974025974,0.677230378317335,"moi_0.25_quality_0.9_genes_400_replicates_1",20250726,0.25,0.9,400,1,FALSE
"crispulator-f1-threshold-curves-v1","DESeq2",0.1,400,92,44,34,10,298,58,0.772727272727273,0.369565217391304,0.369565217391304,0.5,0.227272727272727,0.967532467532468,0.668548842461886,"moi_0.25_quality_0.9_genes_400_replicates_1",20250726,0.25,0.9,400,1,FALSE
"crispulator-f1-threshold-curves-v1","DESeq2",0.05,400,92,30,27,3,305,65,0.9,0.293478260869565,0.293478260869565,0.442622950819672,0.1,0.99025974025974,0.641869000564653,"moi_0.25_quality_0.9_genes_400_replicates_1",20250726,0.25,0.9,400,1,FALSE
"crispulator-f1-threshold-curves-v1","DESeq2",0.01,400,92,17,17,0,308,75,1,0.184782608695652,0.184782608695652,0.311926605504587,0,1,0.592391304347826,"moi_0.25_quality_0.9_genes_400_replicates_1",20250726,0.25,0.9,400,1,FALSE
"crispulator-f1-threshold-curves-v1","DESeq2",0.005,400,92,15,15,0,308,77,1,0.16304347826087,0.16304347826087,0.280373831775701,0,1,0.581521739130435,"moi_0.25_quality_0.9_genes_400_replicates_1",20250726,0.25,0.9,400,1,FALSE
"crispulator-f1-threshold-curves-v1","DESeq2",0.001,400,92,7,7,0,308,85,1,0.0760869565217391,0.0760869565217391,0.141414141414141,0,1,0.53804347826087,"moi_0.25_quality_0.9_genes_400_replicates_1",20250726,0.25,0.9,400,1,FALSE
"crispulator-f1-threshold-curves-v1","limma-voom",0.1,400,92,139,69,70,238,23,0.496402877697842,0.75,0.739130434782609,0.597402597402597,0.503597122302158,0.772727272727273,0.761363636363636,"moi_0.25_quality_0.9_genes_400_replicates_1",20250726,0.25,0.9,400,1,FALSE
"crispulator-f1-threshold-curves-v1","limma-voom",0.05,400,92,103,58,45,263,34,0.563106796116505,0.630434782608696,0.630434782608696,0.594871794871795,0.436893203883495,0.853896103896104,0.7421654432524,"moi_0.25_quality_0.9_genes_400_replicates_1",20250726,0.25,0.9,400,1,FALSE
"crispulator-f1-threshold-curves-v1","limma-voom",0.01,400,92,64,50,14,294,42,0.78125,0.543478260869565,0.543478260869565,0.641025641025641,0.21875,0.954545454545455,0.74901185770751,"moi_0.25_quality_0.9_genes_400_replicates_1",20250726,0.25,0.9,400,1,FALSE
"crispulator-f1-threshold-curves-v1","limma-voom",0.005,400,92,49,40,9,299,52,0.816326530612245,0.434782608695652,0.434782608695652,0.567375886524823,0.183673469387755,0.970779220779221,0.702780914737436,"moi_0.25_quality_0.9_genes_400_replicates_1",20250726,0.25,0.9,400,1,FALSE
"crispulator-f1-threshold-curves-v1","limma-voom",0.001,400,92,37,31,6,302,61,0.837837837837838,0.33695652173913,0.33695652173913,0.48062015503876,0.162162162162162,0.980519480519481,0.658738001129305,"moi_0.25_quality_0.9_genes_400_replicates_1",20250726,0.25,0.9,400,1,FALSE
"crispulator-f1-threshold-curves-v1","BARCS-original",0.1,400,102,0,0,0,298,102,0,0,0,0,0,1,0.5,"moi_0.25_quality_0.9_genes_400_replicates_1",20250727,0.25,0.9,400,1,FALSE
"crispulator-f1-threshold-curves-v1","BARCS-original",0.05,400,102,0,0,0,298,102,0,0,0,0,0,1,0.5,"moi_0.25_quality_0.9_genes_400_replicates_1",20250727,0.25,0.9,400,1,FALSE
"crispulator-f1-threshold-curves-v1","BARCS-original",0.01,400,102,0,0,0,298,102,0,0,0,0,0,1,0.5,"moi_0.25_quality_0.9_genes_400_replicates_1",20250727,0.25,0.9,400,1,FALSE
"crispulator-f1-threshold-curves-v1","BARCS-original",0.005,400,102,0,0,0,298,102,0,0,0,0,0,1,0.5,"moi_0.25_quality_0.9_genes_400_replicates_1",20250727,0.25,0.9,400,1,FALSE
"crispulator-f1-threshold-curves-v1","BARCS-original",0.001,400,102,0,0,0,298,102,0,0,0,0,0,1,0.5,"moi_0.25_quality_0.9_genes_400_replicates_1",20250727,0.25,0.9,400,1,FALSE
"crispulator-f1-threshold-curves-v1","BARCS-NORM",0.1,400,102,2,2,0,298,100,1,0.0196078431372549,0.0196078431372549,0.0384615384615385,0,1,0.509803921568627,"moi_0.25_quality_0.9_genes_400_replicates_1",20250727,0.25,0.9,400,1,FALSE
"crispulator-f1-threshold-curves-v1","BARCS-NORM",0.05,400,102,2,2,0,298,100,1,0.0196078431372549,0.0196078431372549,0.0384615384615385,0,1,0.509803921568627,"moi_0.25_quality_0.9_genes_400_replicates_1",20250727,0.25,0.9,400,1,FALSE
"crispulator-f1-threshold-curves-v1","BARCS-NORM",0.01,400,102,2,2,0,298,100,1,0.0196078431372549,0.0196078431372549,0.0384615384615385,0,1,0.509803921568627,"moi_0.25_quality_0.9_genes_400_replicates_1",20250727,0.25,0.9,400,1,FALSE
"crispulator-f1-threshold-curves-v1","BARCS-NORM",0.005,400,102,2,2,0,298,100,1,0.0196078431372549,0.0196078431372549,0.0384615384615385,0,1,0.509803921568627,"moi_0.25_quality_0.9_genes_400_replicates_1",20250727,0.25,0.9,400,1,FALSE
"crispulator-f1-threshold-curves-v1","BARCS-NORM",0.001,400,102,0,0,0,298,102,0,0,0,0,0,1,0.5,"moi_0.25_quality_0.9_genes_400_replicates_1",20250727,0.25,0.9,400,1,FALSE
"crispulator-f1-threshold-curves-v1","BARCS-partial",0.1,400,102,17,15,2,296,87,0.88235294117647,0.147058823529412,0.147058823529412,0.252100840336134,0.117647058823529,0.993288590604027,0.570173707066719,"moi_0.25_quality_0.9_genes_400_replicates_1",20250727,0.25,0.9,400,1,FALSE
"crispulator-f1-threshold-curves-v1","BARCS-partial",0.05,400,102,11,11,0,298,91,1,0.107843137254902,0.107843137254902,0.194690265486726,0,1,0.553921568627451,"moi_0.25_quality_0.9_genes_400_replicates_1",20250727,0.25,0.9,400,1,FALSE
"crispulator-f1-threshold-curves-v1","BARCS-partial",0.01,400,102,5,5,0,298,97,1,0.0490196078431373,0.0490196078431373,0.0934579439252336,0,1,0.524509803921569,"moi_0.25_quality_0.9_genes_400_replicates_1",20250727,0.25,0.9,400,1,FALSE
"crispulator-f1-threshold-curves-v1","BARCS-partial",0.005,400,102,5,5,0,298,97,1,0.0490196078431373,0.0490196078431373,0.0934579439252336,0,1,0.524509803921569,"moi_0.25_quality_0.9_genes_400_replicates_1",20250727,0.25,0.9,400,1,FALSE
"crispulator-f1-threshold-curves-v1","BARCS-partial",0.001,400,102,2,2,0,298,100,1,0.0196078431372549,0.0196078431372549,0.0384615384615385,0,1,0.509803921568627,"moi_0.25_quality_0.9_genes_400_replicates_1",20250727,0.25,0.9,400,1,FALSE
"crispulator-f1-threshold-curves-v1","BARCS-EB",0.1,400,102,8,8,0,298,94,1,0.0784313725490196,0.0784313725490196,0.145454545454545,0,1,0.53921568627451,"moi_0.25_quality_0.9_genes_400_replicates_1",20250727,0.25,0.9,400,1,FALSE
"crispulator-f1-threshold-curves-v1","BARCS-EB",0.05,400,102,2,2,0,298,100,1,0.0196078431372549,0.0196078431372549,0.0384615384615385,0,1,0.509803921568627,"moi_0.25_quality_0.9_genes_400_replicates_1",20250727,0.25,0.9,400,1,FALSE
"crispulator-f1-threshold-curves-v1","BARCS-EB",0.01,400,102,1,1,0,298,101,1,0.00980392156862745,0.00980392156862745,0.0194174757281553,0,1,0.504901960784314,"moi_0.25_quality_0.9_genes_400_replicates_1",20250727,0.25,0.9,400,1,FALSE
"crispulator-f1-threshold-curves-v1","BARCS-EB",0.005,400,102,1,1,0,298,101,1,0.00980392156862745,0.00980392156862745,0.0194174757281553,0,1,0.504901960784314,"moi_0.25_quality_0.9_genes_400_replicates_1",20250727,0.25,0.9,400,1,FALSE
"crispulator-f1-threshold-curves-v1","BARCS-EB",0.001,400,102,1,1,0,298,101,1,0.00980392156862745,0.00980392156862745,0.0194174757281553,0,1,0.504901960784314,"moi_0.25_quality_0.9_genes_400_replicates_1",20250727,0.25,0.9,400,1,FALSE
"crispulator-f1-threshold-curves-v1","MAGeCK-MLE",0.1,400,102,0,0,0,298,102,0,0,0,0,0,1,0.5,"moi_0.25_quality_0.9_genes_400_replicates_1",20250727,0.25,0.9,400,1,FALSE
"crispulator-f1-threshold-curves-v1","MAGeCK-MLE",0.05,400,102,0,0,0,298,102,0,0,0,0,0,1,0.5,"moi_0.25_quality_0.9_genes_400_replicates_1",20250727,0.25,0.9,400,1,FALSE
"crispulator-f1-threshold-curves-v1","MAGeCK-MLE",0.01,400,102,0,0,0,298,102,0,0,0,0,0,1,0.5,"moi_0.25_quality_0.9_genes_400_replicates_1",20250727,0.25,0.9,400,1,FALSE
"crispulator-f1-threshold-curves-v1","MAGeCK-MLE",0.005,400,102,0,0,0,298,102,0,0,0,0,0,1,0.5,"moi_0.25_quality_0.9_genes_400_replicates_1",20250727,0.25,0.9,400,1,FALSE
"crispulator-f1-threshold-curves-v1","MAGeCK-MLE",0.001,400,102,0,0,0,298,102,0,0,0,0,0,1,0.5,"moi_0.25_quality_0.9_genes_400_replicates_1",20250727,0.25,0.9,400,1,FALSE
"crispulator-f1-threshold-curves-v1","edgeR-QL",0.1,400,102,135,63,72,226,39,0.466666666666667,0.61764705882353,0.607843137254902,0.531645569620253,0.533333333333333,0.758389261744966,0.688018160284248,"moi_0.25_quality_0.9_genes_400_replicates_1",20250727,0.25,0.9,400,1,FALSE
"crispulator-f1-threshold-curves-v1","edgeR-QL",0.05,400,102,100,56,44,254,46,0.56,0.549019607843137,0.549019607843137,0.554455445544555,0.44,0.852348993288591,0.700684300565864,"moi_0.25_quality_0.9_genes_400_replicates_1",20250727,0.25,0.9,400,1,FALSE
"crispulator-f1-threshold-curves-v1","edgeR-QL",0.01,400,102,63,45,18,280,57,0.714285714285714,0.441176470588235,0.441176470588235,0.545454545454546,0.285714285714286,0.939597315436242,0.690386893012238,"moi_0.25_quality_0.9_genes_400_replicates_1",20250727,0.25,0.9,400,1,FALSE
"crispulator-f1-threshold-curves-v1","edgeR-QL",0.005,400,102,52,42,10,288,60,0.807692307692308,0.411764705882353,0.411764705882353,0.545454545454545,0.192307692307692,0.966442953020134,0.689103829451244,"moi_0.25_quality_0.9_genes_400_replicates_1",20250727,0.25,0.9,400,1,FALSE
"crispulator-f1-threshold-curves-v1","edgeR-QL",0.001,400,102,35,31,4,294,71,0.885714285714286,0.303921568627451,0.303921568627451,0.452554744525547,0.114285714285714,0.986577181208054,0.645249374917752,"moi_0.25_quality_0.9_genes_400_replicates_1",20250727,0.25,0.9,400,1,FALSE
"crispulator-f1-threshold-curves-v1","DESeq2",0.1,400,102,30,27,3,295,75,0.9,0.264705882352941,0.264705882352941,0.409090909090909,0.1,0.98993288590604,0.627319384129491,"moi_0.25_quality_0.9_genes_400_replicates_1",20250727,0.25,0.9,400,1,FALSE
"crispulator-f1-threshold-curves-v1","DESeq2",0.05,400,102,22,21,1,297,81,0.954545454545455,0.205882352941176,0.205882352941176,0.338709677419355,0.0454545454545455,0.996644295302013,0.601263324121595,"moi_0.25_quality_0.9_genes_400_replicates_1",20250727,0.25,0.9,400,1,FALSE
"crispulator-f1-threshold-curves-v1","DESeq2",0.01,400,102,15,15,0,298,87,1,0.147058823529412,0.147058823529412,0.256410256410256,0,1,0.573529411764706,"moi_0.25_quality_0.9_genes_400_replicates_1",20250727,0.25,0.9,400,1,FALSE
"crispulator-f1-threshold-curves-v1","DESeq2",0.005,400,102,6,6,0,298,96,1,0.0588235294117647,0.0588235294117647,0.111111111111111,0,1,0.529411764705882,"moi_0.25_quality_0.9_genes_400_replicates_1",20250727,0.25,0.9,400,1,FALSE
"crispulator-f1-threshold-curves-v1","DESeq2",0.001,400,102,5,5,0,298,97,1,0.0490196078431373,0.0490196078431373,0.0934579439252336,0,1,0.524509803921569,"moi_0.25_quality_0.9_genes_400_replicates_1",20250727,0.25,0.9,400,1,FALSE
"crispulator-f1-threshold-curves-v1","limma-voom",0.1,400,102,121,60,61,237,42,0.495867768595041,0.588235294117647,0.57843137254902,0.538116591928251,0.504132231404959,0.795302013422819,0.691768653770233,"moi_0.25_quality_0.9_genes_400_replicates_1",20250727,0.25,0.9,400,1,FALSE
"crispulator-f1-threshold-curves-v1","limma-voom",0.05,400,102,96,53,43,255,49,0.552083333333333,0.519607843137255,0.519607843137255,0.535353535353535,0.447916666666667,0.855704697986577,0.687656270561916,"moi_0.25_quality_0.9_genes_400_replicates_1",20250727,0.25,0.9,400,1,FALSE
"crispulator-f1-threshold-curves-v1","limma-voom",0.01,400,102,53,40,13,285,62,0.754716981132076,0.392156862745098,0.392156862745098,0.516129032258065,0.245283018867925,0.956375838926175,0.674266350835636,"moi_0.25_quality_0.9_genes_400_replicates_1",20250727,0.25,0.9,400,1,FALSE
"crispulator-f1-threshold-curves-v1","limma-voom",0.005,400,102,45,40,5,293,62,0.888888888888889,0.392156862745098,0.392156862745098,0.54421768707483,0.111111111111111,0.983221476510067,0.687689169627583,"moi_0.25_quality_0.9_genes_400_replicates_1",20250727,0.25,0.9,400,1,FALSE
"crispulator-f1-threshold-curves-v1","limma-voom",0.001,400,102,30,27,3,295,75,0.9,0.264705882352941,0.264705882352941,0.409090909090909,0.1,0.98993288590604,0.627319384129491,"moi_0.25_quality_0.9_genes_400_replicates_1",20250727,0.25,0.9,400,1,FALSE
"crispulator-f1-threshold-curves-v1","BARCS-original",0.1,400,90,0,0,0,310,90,0,0,0,0,0,1,0.5,"moi_0.25_quality_0.9_genes_400_replicates_1",20250728,0.25,0.9,400,1,FALSE
"crispulator-f1-threshold-curves-v1","BARCS-original",0.05,400,90,0,0,0,310,90,0,0,0,0,0,1,0.5,"moi_0.25_quality_0.9_genes_400_replicates_1",20250728,0.25,0.9,400,1,FALSE
"crispulator-f1-threshold-curves-v1","BARCS-original",0.01,400,90,0,0,0,310,90,0,0,0,0,0,1,0.5,"moi_0.25_quality_0.9_genes_400_replicates_1",20250728,0.25,0.9,400,1,FALSE
"crispulator-f1-threshold-curves-v1","BARCS-original",0.005,400,90,0,0,0,310,90,0,0,0,0,0,1,0.5,"moi_0.25_quality_0.9_genes_400_replicates_1",20250728,0.25,0.9,400,1,FALSE
"crispulator-f1-threshold-curves-v1","BARCS-original",0.001,400,90,0,0,0,310,90,0,0,0,0,0,1,0.5,"moi_0.25_quality_0.9_genes_400_replicates_1",20250728,0.25,0.9,400,1,FALSE
"crispulator-f1-threshold-curves-v1","BARCS-NORM",0.1,399,89,0,0,0,310,89,0,0,0,0,0,1,0.5,"moi_0.25_quality_0.9_genes_400_replicates_1",20250728,0.25,0.9,400,1,FALSE
"crispulator-f1-threshold-curves-v1","BARCS-NORM",0.05,399,89,0,0,0,310,89,0,0,0,0,0,1,0.5,"moi_0.25_quality_0.9_genes_400_replicates_1",20250728,0.25,0.9,400,1,FALSE
"crispulator-f1-threshold-curves-v1","BARCS-NORM",0.01,399,89,0,0,0,310,89,0,0,0,0,0,1,0.5,"moi_0.25_quality_0.9_genes_400_replicates_1",20250728,0.25,0.9,400,1,FALSE
"crispulator-f1-threshold-curves-v1","BARCS-NORM",0.005,399,89,0,0,0,310,89,0,0,0,0,0,1,0.5,"moi_0.25_quality_0.9_genes_400_replicates_1",20250728,0.25,0.9,400,1,FALSE
"crispulator-f1-threshold-curves-v1","BARCS-NORM",0.001,399,89,0,0,0,310,89,0,0,0,0,0,1,0.5,"moi_0.25_quality_0.9_genes_400_replicates_1",20250728,0.25,0.9,400,1,FALSE
"crispulator-f1-threshold-curves-v1","BARCS-partial",0.1,400,90,12,12,0,310,78,1,0.133333333333333,0.133333333333333,0.235294117647059,0,1,0.566666666666667,"moi_0.25_quality_0.9_genes_400_replicates_1",20250728,0.25,0.9,400,1,FALSE
"crispulator-f1-threshold-curves-v1","BARCS-partial",0.05,400,90,8,8,0,310,82,1,0.0888888888888889,0.0888888888888889,0.163265306122449,0,1,0.544444444444445,"moi_0.25_quality_0.9_genes_400_replicates_1",20250728,0.25,0.9,400,1,FALSE
"crispulator-f1-threshold-curves-v1","BARCS-partial",0.01,400,90,3,3,0,310,87,1,0.0333333333333333,0.0333333333333333,0.0645161290322581,0,1,0.516666666666667,"moi_0.25_quality_0.9_genes_400_replicates_1",20250728,0.25,0.9,400,1,FALSE
"crispulator-f1-threshold-curves-v1","BARCS-partial",0.005,400,90,3,3,0,310,87,1,0.0333333333333333,0.0333333333333333,0.0645161290322581,0,1,0.516666666666667,"moi_0.25_quality_0.9_genes_400_replicates_1",20250728,0.25,0.9,400,1,FALSE
"crispulator-f1-threshold-curves-v1","BARCS-partial",0.001,400,90,0,0,0,310,90,0,0,0,0,0,1,0.5,"moi_0.25_quality_0.9_genes_400_replicates_1",20250728,0.25,0.9,400,1,FALSE
"crispulator-f1-threshold-curves-v1","BARCS-EB",0.1,400,90,14,14,0,310,76,1,0.155555555555556,0.155555555555556,0.269230769230769,0,1,0.577777777777778,"moi_0.25_quality_0.9_genes_400_replicates_1",20250728,0.25,0.9,400,1,FALSE
"crispulator-f1-threshold-curves-v1","BARCS-EB",0.05,400,90,0,0,0,310,90,0,0,0,0,0,1,0.5,"moi_0.25_quality_0.9_genes_400_replicates_1",20250728,0.25,0.9,400,1,FALSE
"crispulator-f1-threshold-curves-v1","BARCS-EB",0.01,400,90,0,0,0,310,90,0,0,0,0,0,1,0.5,"moi_0.25_quality_0.9_genes_400_replicates_1",20250728,0.25,0.9,400,1,FALSE
"crispulator-f1-threshold-curves-v1","BARCS-EB",0.005,400,90,0,0,0,310,90,0,0,0,0,0,1,0.5,"moi_0.25_quality_0.9_genes_400_replicates_1",20250728,0.25,0.9,400,1,FALSE
"crispulator-f1-threshold-curves-v1","BARCS-EB",0.001,400,90,0,0,0,310,90,0,0,0,0,0,1,0.5,"moi_0.25_quality_0.9_genes_400_replicates_1",20250728,0.25,0.9,400,1,FALSE
"crispulator-f1-threshold-curves-v1","MAGeCK-MLE",0.1,400,90,4,4,0,310,86,1,0.0444444444444444,0.0444444444444444,0.0851063829787234,0,1,0.522222222222222,"moi_0.25_quality_0.9_genes_400_replicates_1",20250728,0.25,0.9,400,1,FALSE
"crispulator-f1-threshold-curves-v1","MAGeCK-MLE",0.05,400,90,0,0,0,310,90,0,0,0,0,0,1,0.5,"moi_0.25_quality_0.9_genes_400_replicates_1",20250728,0.25,0.9,400,1,FALSE
"crispulator-f1-threshold-curves-v1","MAGeCK-MLE",0.01,400,90,0,0,0,310,90,0,0,0,0,0,1,0.5,"moi_0.25_quality_0.9_genes_400_replicates_1",20250728,0.25,0.9,400,1,FALSE
"crispulator-f1-threshold-curves-v1","MAGeCK-MLE",0.005,400,90,0,0,0,310,90,0,0,0,0,0,1,0.5,"moi_0.25_quality_0.9_genes_400_replicates_1",20250728,0.25,0.9,400,1,FALSE
"crispulator-f1-threshold-curves-v1","MAGeCK-MLE",0.001,400,90,0,0,0,310,90,0,0,0,0,0,1,0.5,"moi_0.25_quality_0.9_genes_400_replicates_1",20250728,0.25,0.9,400,1,FALSE
"crispulator-f1-threshold-curves-v1","edgeR-QL",0.1,400,90,121,62,59,251,28,0.512396694214876,0.688888888888889,0.688888888888889,0.587677725118483,0.487603305785124,0.809677419354839,0.749283154121864,"moi_0.25_quality_0.9_genes_400_replicates_1",20250728,0.25,0.9,400,1,FALSE
"crispulator-f1-threshold-curves-v1","edgeR-QL",0.05,400,90,99,58,41,269,32,0.585858585858586,0.644444444444444,0.644444444444444,0.613756613756614,0.414141414141414,0.867741935483871,0.756093189964158,"moi_0.25_quality_0.9_genes_400_replicates_1",20250728,0.25,0.9,400,1,FALSE
"crispulator-f1-threshold-curves-v1","edgeR-QL",0.01,400,90,62,47,15,295,43,0.758064516129032,0.522222222222222,0.522222222222222,0.618421052631579,0.241935483870968,0.951612903225806,0.736917562724014,"moi_0.25_quality_0.9_genes_400_replicates_1",20250728,0.25,0.9,400,1,FALSE
"crispulator-f1-threshold-curves-v1","edgeR-QL",0.005,400,90,57,45,12,298,45,0.789473684210526,0.5,0.5,0.612244897959184,0.210526315789474,0.961290322580645,0.730645161290323,"moi_0.25_quality_0.9_genes_400_replicates_1",20250728,0.25,0.9,400,1,FALSE
"crispulator-f1-threshold-curves-v1","edgeR-QL",0.001,400,90,40,36,4,306,54,0.9,0.4,0.4,0.553846153846154,0.1,0.987096774193548,0.693548387096774,"moi_0.25_quality_0.9_genes_400_replicates_1",20250728,0.25,0.9,400,1,FALSE
"crispulator-f1-threshold-curves-v1","DESeq2",0.1,400,90,38,35,3,307,55,0.921052631578947,0.388888888888889,0.388888888888889,0.546875,0.0789473684210526,0.990322580645161,0.689605734767025,"moi_0.25_quality_0.9_genes_400_replicates_1",20250728,0.25,0.9,400,1,FALSE
"crispulator-f1-threshold-curves-v1","DESeq2",0.05,400,90,32,31,1,309,59,0.96875,0.344444444444444,0.344444444444444,0.508196721311475,0.03125,0.996774193548387,0.670609318996416,"moi_0.25_quality_0.9_genes_400_replicates_1",20250728,0.25,0.9,400,1,FALSE
"crispulator-f1-threshold-curves-v1","DESeq2",0.01,400,90,15,15,0,310,75,1,0.166666666666667,0.166666666666667,0.285714285714286,0,1,0.583333333333333,"moi_0.25_quality_0.9_genes_400_replicates_1",20250728,0.25,0.9,400,1,FALSE
"crispulator-f1-threshold-curves-v1","DESeq2",0.005,400,90,13,13,0,310,77,1,0.144444444444444,0.144444444444444,0.252427184466019,0,1,0.572222222222222,"moi_0.25_quality_0.9_genes_400_replicates_1",20250728,0.25,0.9,400,1,FALSE
"crispulator-f1-threshold-curves-v1","DESeq2",0.001,400,90,6,6,0,310,84,1,0.0666666666666667,0.0666666666666667,0.125,0,1,0.533333333333333,"moi_0.25_quality_0.9_genes_400_replicates_1",20250728,0.25,0.9,400,1,FALSE
"crispulator-f1-threshold-curves-v1","limma-voom",0.1,400,90,110,58,52,258,32,0.527272727272727,0.644444444444444,0.644444444444444,0.58,0.472727272727273,0.832258064516129,0.738351254480287,"moi_0.25_quality_0.9_genes_400_replicates_1",20250728,0.25,0.9,400,1,FALSE
"crispulator-f1-threshold-curves-v1","limma-voom",0.05,400,90,92,56,36,274,34,0.608695652173913,0.622222222222222,0.622222222222222,0.615384615384615,0.391304347826087,0.883870967741936,0.753046594982079,"moi_0.25_quality_0.9_genes_400_replicates_1",20250728,0.25,0.9,400,1,FALSE
"crispulator-f1-threshold-curves-v1","limma-voom",0.01,400,90,61,47,14,296,43,0.770491803278688,0.522222222222222,0.522222222222222,0.622516556291391,0.229508196721311,0.954838709677419,0.738530465949821,"moi_0.25_quality_0.9_genes_400_replicates_1",20250728,0.25,0.9,400,1,FALSE
"crispulator-f1-threshold-curves-v1","limma-voom",0.005,400,90,52,43,9,301,47,0.826923076923077,0.477777777777778,0.477777777777778,0.605633802816901,0.173076923076923,0.970967741935484,0.724372759856631,"moi_0.25_quality_0.9_genes_400_replicates_1",20250728,0.25,0.9,400,1,FALSE
"crispulator-f1-threshold-curves-v1","limma-voom",0.001,400,90,37,35,2,308,55,0.945945945945946,0.388888888888889,0.388888888888889,0.551181102362205,0.0540540540540541,0.993548387096774,0.691218637992832,"moi_0.25_quality_0.9_genes_400_replicates_1",20250728,0.25,0.9,400,1,FALSE
"crispulator-f1-threshold-curves-v1","BARCS-original",0.1,400,79,58,54,4,317,25,0.931034482758621,0.683544303797468,0.683544303797468,0.788321167883212,0.0689655172413793,0.987538940809969,0.835541622303719,"moi_0.25_quality_0.9_genes_400_replicates_3",20250724,0.25,0.9,400,3,FALSE
"crispulator-f1-threshold-curves-v1","BARCS-original",0.05,400,79,46,44,2,319,35,0.956521739130435,0.556962025316456,0.556962025316456,0.704,0.0434782608695652,0.993769470404984,0.77536574786072,"moi_0.25_quality_0.9_genes_400_replicates_3",20250724,0.25,0.9,400,3,FALSE
"crispulator-f1-threshold-curves-v1","BARCS-original",0.01,400,79,37,37,0,321,42,1,0.468354430379747,0.468354430379747,0.637931034482759,0,1,0.734177215189873,"moi_0.25_quality_0.9_genes_400_replicates_3",20250724,0.25,0.9,400,3,FALSE
"crispulator-f1-threshold-curves-v1","BARCS-original",0.005,400,79,30,30,0,321,49,1,0.379746835443038,0.379746835443038,0.55045871559633,0,1,0.689873417721519,"moi_0.25_quality_0.9_genes_400_replicates_3",20250724,0.25,0.9,400,3,FALSE
"crispulator-f1-threshold-curves-v1","BARCS-original",0.001,400,79,20,20,0,321,59,1,0.253164556962025,0.253164556962025,0.404040404040404,0,1,0.626582278481013,"moi_0.25_quality_0.9_genes_400_replicates_3",20250724,0.25,0.9,400,3,FALSE
"crispulator-f1-threshold-curves-v1","BARCS-NORM",0.1,400,79,5,5,0,321,74,1,0.0632911392405063,0.0632911392405063,0.119047619047619,0,1,0.531645569620253,"moi_0.25_quality_0.9_genes_400_replicates_3",20250724,0.25,0.9,400,3,FALSE
"crispulator-f1-threshold-curves-v1","BARCS-NORM",0.05,400,79,0,0,0,321,79,0,0,0,0,0,1,0.5,"moi_0.25_quality_0.9_genes_400_replicates_3",20250724,0.25,0.9,400,3,FALSE
"crispulator-f1-threshold-curves-v1","BARCS-NORM",0.01,400,79,0,0,0,321,79,0,0,0,0,0,1,0.5,"moi_0.25_quality_0.9_genes_400_replicates_3",20250724,0.25,0.9,400,3,FALSE
"crispulator-f1-threshold-curves-v1","BARCS-NORM",0.005,400,79,0,0,0,321,79,0,0,0,0,0,1,0.5,"moi_0.25_quality_0.9_genes_400_replicates_3",20250724,0.25,0.9,400,3,FALSE
"crispulator-f1-threshold-curves-v1","BARCS-NORM",0.001,400,79,0,0,0,321,79,0,0,0,0,0,1,0.5,"moi_0.25_quality_0.9_genes_400_replicates_3",20250724,0.25,0.9,400,3,FALSE
"crispulator-f1-threshold-curves-v1","BARCS-partial",0.1,400,79,49,44,5,316,35,0.897959183673469,0.556962025316456,0.556962025316456,0.6875,0.102040816326531,0.984423676012461,0.770692850664458,"moi_0.25_quality_0.9_genes_400_replicates_3",20250724,0.25,0.9,400,3,FALSE
"crispulator-f1-threshold-curves-v1","BARCS-partial",0.05,400,79,33,32,1,320,47,0.96969696969697,0.40506329113924,0.40506329113924,0.571428571428571,0.0303030303030303,0.996884735202492,0.700974013170866,"moi_0.25_quality_0.9_genes_400_replicates_3",20250724,0.25,0.9,400,3,FALSE
"crispulator-f1-threshold-curves-v1","BARCS-partial",0.01,400,79,24,24,0,321,55,1,0.30379746835443,0.30379746835443,0.466019417475728,0,1,0.651898734177215,"moi_0.25_quality_0.9_genes_400_replicates_3",20250724,0.25,0.9,400,3,FALSE
"crispulator-f1-threshold-curves-v1","BARCS-partial",0.005,400,79,22,22,0,321,57,1,0.278481012658228,0.278481012658228,0.435643564356436,0,1,0.639240506329114,"moi_0.25_quality_0.9_genes_400_replicates_3",20250724,0.25,0.9,400,3,FALSE
"crispulator-f1-threshold-curves-v1","BARCS-partial",0.001,400,79,20,20,0,321,59,1,0.253164556962025,0.253164556962025,0.404040404040404,0,1,0.626582278481013,"moi_0.25_quality_0.9_genes_400_replicates_3",20250724,0.25,0.9,400,3,FALSE
"crispulator-f1-threshold-curves-v1","BARCS-EB",0.1,400,79,44,44,0,321,35,1,0.556962025316456,0.556962025316456,0.715447154471545,0,1,0.778481012658228,"moi_0.25_quality_0.9_genes_400_replicates_3",20250724,0.25,0.9,400,3,FALSE
"crispulator-f1-threshold-curves-v1","BARCS-EB",0.05,400,79,37,37,0,321,42,1,0.468354430379747,0.468354430379747,0.637931034482759,0,1,0.734177215189873,"moi_0.25_quality_0.9_genes_400_replicates_3",20250724,0.25,0.9,400,3,FALSE
"crispulator-f1-threshold-curves-v1","BARCS-EB",0.01,400,79,27,27,0,321,52,1,0.341772151898734,0.341772151898734,0.509433962264151,0,1,0.670886075949367,"moi_0.25_quality_0.9_genes_400_replicates_3",20250724,0.25,0.9,400,3,FALSE
"crispulator-f1-threshold-curves-v1","BARCS-EB",0.005,400,79,25,25,0,321,54,1,0.316455696202532,0.316455696202532,0.480769230769231,0,1,0.658227848101266,"moi_0.25_quality_0.9_genes_400_replicates_3",20250724,0.25,0.9,400,3,FALSE
"crispulator-f1-threshold-curves-v1","BARCS-EB",0.001,400,79,12,12,0,321,67,1,0.151898734177215,0.151898734177215,0.263736263736264,0,1,0.575949367088608,"moi_0.25_quality_0.9_genes_400_replicates_3",20250724,0.25,0.9,400,3,FALSE
"crispulator-f1-threshold-curves-v1","MAGeCK-MLE",0.1,400,79,44,42,2,319,37,0.954545454545455,0.531645569620253,0.531645569620253,0.682926829268293,0.0454545454545455,0.993769470404984,0.762707520012619,"moi_0.25_quality_0.9_genes_400_replicates_3",20250724,0.25,0.9,400,3,FALSE
"crispulator-f1-threshold-curves-v1","MAGeCK-MLE",0.05,400,79,40,38,2,319,41,0.95,0.481012658227848,0.481012658227848,0.638655462184874,0.05,0.993769470404984,0.737391064316416,"moi_0.25_quality_0.9_genes_400_replicates_3",20250724,0.25,0.9,400,3,FALSE
"crispulator-f1-threshold-curves-v1","MAGeCK-MLE",0.01,400,79,18,18,0,321,61,1,0.227848101265823,0.227848101265823,0.371134020618557,0,1,0.613924050632911,"moi_0.25_quality_0.9_genes_400_replicates_3",20250724,0.25,0.9,400,3,FALSE
"crispulator-f1-threshold-curves-v1","MAGeCK-MLE",0.005,400,79,15,15,0,321,64,1,0.189873417721519,0.189873417721519,0.319148936170213,0,1,0.59493670886076,"moi_0.25_quality_0.9_genes_400_replicates_3",20250724,0.25,0.9,400,3,FALSE
"crispulator-f1-threshold-curves-v1","MAGeCK-MLE",0.001,400,79,9,9,0,321,70,1,0.113924050632911,0.113924050632911,0.204545454545455,0,1,0.556962025316456,"moi_0.25_quality_0.9_genes_400_replicates_3",20250724,0.25,0.9,400,3,FALSE
"crispulator-f1-threshold-curves-v1","edgeR-QL",0.1,400,79,89,65,24,297,14,0.730337078651685,0.822784810126582,0.822784810126582,0.773809523809524,0.269662921348315,0.925233644859813,0.874009227493198,"moi_0.25_quality_0.9_genes_400_replicates_3",20250724,0.25,0.9,400,3,FALSE
"crispulator-f1-threshold-curves-v1","edgeR-QL",0.05,400,79,79,60,19,302,19,0.759493670886076,0.759493670886076,0.759493670886076,0.759493670886076,0.240506329113924,0.940809968847352,0.850151819866714,"moi_0.25_quality_0.9_genes_400_replicates_3",20250724,0.25,0.9,400,3,FALSE
"crispulator-f1-threshold-curves-v1","edgeR-QL",0.01,400,79,61,55,6,315,24,0.901639344262295,0.69620253164557,0.69620253164557,0.785714285714286,0.0983606557377049,0.981308411214953,0.838755471430261,"moi_0.25_quality_0.9_genes_400_replicates_3",20250724,0.25,0.9,400,3,FALSE
"crispulator-f1-threshold-curves-v1","edgeR-QL",0.005,400,79,55,51,4,317,28,0.927272727272727,0.645569620253165,0.645569620253165,0.761194029850746,0.0727272727272727,0.987538940809969,0.816554280531567,"moi_0.25_quality_0.9_genes_400_replicates_3",20250724,0.25,0.9,400,3,FALSE
"crispulator-f1-threshold-curves-v1","edgeR-QL",0.001,400,79,49,48,1,320,31,0.979591836734694,0.607594936708861,0.607594936708861,0.75,0.0204081632653061,0.996884735202492,0.802239835955676,"moi_0.25_quality_0.9_genes_400_replicates_3",20250724,0.25,0.9,400,3,FALSE
"crispulator-f1-threshold-curves-v1","DESeq2",0.1,400,79,82,61,21,300,18,0.74390243902439,0.772151898734177,0.772151898734177,0.75776397515528,0.25609756097561,0.934579439252336,0.853365668993257,"moi_0.25_quality_0.9_genes_400_replicates_3",20250724,0.25,0.9,400,3,FALSE
"crispulator-f1-threshold-curves-v1","DESeq2",0.05,400,79,74,59,15,306,20,0.797297297297297,0.746835443037975,0.746835443037975,0.771241830065359,0.202702702702703,0.953271028037383,0.850053235537679,"moi_0.25_quality_0.9_genes_400_replicates_3",20250724,0.25,0.9,400,3,FALSE
"crispulator-f1-threshold-curves-v1","DESeq2",0.01,400,79,63,56,7,314,23,0.888888888888889,0.708860759493671,0.708860759493671,0.788732394366197,0.111111111111111,0.978193146417445,0.843526952955558,"moi_0.25_quality_0.9_genes_400_replicates_3",20250724,0.25,0.9,400,3,FALSE
"crispulator-f1-threshold-curves-v1","DESeq2",0.005,400,79,55,52,3,318,27,0.945454545454545,0.658227848101266,0.658227848101266,0.776119402985075,0.0545454545454545,0.990654205607477,0.824441026854371,"moi_0.25_quality_0.9_genes_400_replicates_3",20250724,0.25,0.9,400,3,FALSE
"crispulator-f1-threshold-curves-v1","DESeq2",0.001,400,79,49,48,1,320,31,0.979591836734694,0.607594936708861,0.607594936708861,0.75,0.0204081632653061,0.996884735202492,0.802239835955676,"moi_0.25_quality_0.9_genes_400_replicates_3",20250724,0.25,0.9,400,3,FALSE
"crispulator-f1-threshold-curves-v1","limma-voom",0.1,400,79,88,65,23,298,14,0.738636363636364,0.822784810126582,0.822784810126582,0.778443113772455,0.261363636363636,0.928348909657321,0.875566859891952,"moi_0.25_quality_0.9_genes_400_replicates_3",20250724,0.25,0.9,400,3,FALSE
"crispulator-f1-threshold-curves-v1","limma-voom",0.05,400,79,80,62,18,303,17,0.775,0.784810126582278,0.784810126582278,0.779874213836478,0.225,0.94392523364486,0.864367680113569,"moi_0.25_quality_0.9_genes_400_replicates_3",20250724,0.25,0.9,400,3,FALSE
"crispulator-f1-threshold-curves-v1","limma-voom",0.01,400,79,59,54,5,316,25,0.915254237288136,0.683544303797468,0.683544303797468,0.782608695652174,0.0847457627118644,0.984423676012461,0.833983989904965,"moi_0.25_quality_0.9_genes_400_replicates_3",20250724,0.25,0.9,400,3,FALSE
"crispulator-f1-threshold-curves-v1","limma-voom",0.005,400,79,53,50,3,318,29,0.943396226415094,0.632911392405063,0.632911392405063,0.757575757575758,0.0566037735849057,0.990654205607477,0.81178279900627,"moi_0.25_quality_0.9_genes_400_replicates_3",20250724,0.25,0.9,400,3,FALSE
"crispulator-f1-threshold-curves-v1","limma-voom",0.001,400,79,46,45,1,320,34,0.978260869565217,0.569620253164557,0.569620253164557,0.72,0.0217391304347826,0.996884735202492,0.783252494183525,"moi_0.25_quality_0.9_genes_400_replicates_3",20250724,0.25,0.9,400,3,FALSE
"crispulator-f1-threshold-curves-v1","BARCS-original",0.1,400,60,49,42,7,333,18,0.857142857142857,0.7,0.7,0.770642201834862,0.142857142857143,0.979411764705882,0.839705882352941,"moi_0.25_quality_0.9_genes_400_replicates_3",20250725,0.25,0.9,400,3,FALSE
"crispulator-f1-threshold-curves-v1","BARCS-original",0.05,400,60,38,37,1,339,23,0.973684210526316,0.616666666666667,0.616666666666667,0.755102040816326,0.0263157894736842,0.997058823529412,0.806862745098039,"moi_0.25_quality_0.9_genes_400_replicates_3",20250725,0.25,0.9,400,3,FALSE
"crispulator-f1-threshold-curves-v1","BARCS-original",0.01,400,60,29,29,0,340,31,1,0.483333333333333,0.483333333333333,0.651685393258427,0,1,0.741666666666667,"moi_0.25_quality_0.9_genes_400_replicates_3",20250725,0.25,0.9,400,3,FALSE
"crispulator-f1-threshold-curves-v1","BARCS-original",0.005,400,60,28,28,0,340,32,1,0.466666666666667,0.466666666666667,0.636363636363636,0,1,0.733333333333333,"moi_0.25_quality_0.9_genes_400_replicates_3",20250725,0.25,0.9,400,3,FALSE
"crispulator-f1-threshold-curves-v1","BARCS-original",0.001,400,60,16,16,0,340,44,1,0.266666666666667,0.266666666666667,0.421052631578947,0,1,0.633333333333333,"moi_0.25_quality_0.9_genes_400_replicates_3",20250725,0.25,0.9,400,3,FALSE
"crispulator-f1-threshold-curves-v1","BARCS-NORM",0.1,400,60,3,3,0,340,57,1,0.05,0.05,0.0952380952380952,0,1,0.525,"moi_0.25_quality_0.9_genes_400_replicates_3",20250725,0.25,0.9,400,3,FALSE
"crispulator-f1-threshold-curves-v1","BARCS-NORM",0.05,400,60,1,1,0,340,59,1,0.0166666666666667,0.0166666666666667,0.0327868852459016,0,1,0.508333333333333,"moi_0.25_quality_0.9_genes_400_replicates_3",20250725,0.25,0.9,400,3,FALSE
"crispulator-f1-threshold-curves-v1","BARCS-NORM",0.01,400,60,0,0,0,340,60,0,0,0,0,0,1,0.5,"moi_0.25_quality_0.9_genes_400_replicates_3",20250725,0.25,0.9,400,3,FALSE
"crispulator-f1-threshold-curves-v1","BARCS-NORM",0.005,400,60,0,0,0,340,60,0,0,0,0,0,1,0.5,"moi_0.25_quality_0.9_genes_400_replicates_3",20250725,0.25,0.9,400,3,FALSE
"crispulator-f1-threshold-curves-v1","BARCS-NORM",0.001,400,60,0,0,0,340,60,0,0,0,0,0,1,0.5,"moi_0.25_quality_0.9_genes_400_replicates_3",20250725,0.25,0.9,400,3,FALSE
"crispulator-f1-threshold-curves-v1","BARCS-partial",0.1,400,60,26,23,3,337,37,0.884615384615385,0.383333333333333,0.383333333333333,0.534883720930233,0.115384615384615,0.991176470588235,0.687254901960784,"moi_0.25_quality_0.9_genes_400_replicates_3",20250725,0.25,0.9,400,3,FALSE
"crispulator-f1-threshold-curves-v1","BARCS-partial",0.05,400,60,22,20,2,338,40,0.909090909090909,0.333333333333333,0.333333333333333,0.48780487804878,0.0909090909090909,0.994117647058824,0.663725490196078,"moi_0.25_quality_0.9_genes_400_replicates_3",20250725,0.25,0.9,400,3,FALSE
"crispulator-f1-threshold-curves-v1","BARCS-partial",0.01,400,60,12,12,0,340,48,1,0.2,0.2,0.333333333333333,0,1,0.6,"moi_0.25_quality_0.9_genes_400_replicates_3",20250725,0.25,0.9,400,3,FALSE
"crispulator-f1-threshold-curves-v1","BARCS-partial",0.005,400,60,8,8,0,340,52,1,0.133333333333333,0.133333333333333,0.235294117647059,0,1,0.566666666666667,"moi_0.25_quality_0.9_genes_400_replicates_3",20250725,0.25,0.9,400,3,FALSE
"crispulator-f1-threshold-curves-v1","BARCS-partial",0.001,400,60,8,8,0,340,52,1,0.133333333333333,0.133333333333333,0.235294117647059,0,1,0.566666666666667,"moi_0.25_quality_0.9_genes_400_replicates_3",20250725,0.25,0.9,400,3,FALSE
"crispulator-f1-threshold-curves-v1","BARCS-EB",0.1,400,60,33,32,1,339,28,0.96969696969697,0.533333333333333,0.533333333333333,0.688172043010753,0.0303030303030303,0.997058823529412,0.765196078431372,"moi_0.25_quality_0.9_genes_400_replicates_3",20250725,0.25,0.9,400,3,FALSE
"crispulator-f1-threshold-curves-v1","BARCS-EB",0.05,400,60,22,22,0,340,38,1,0.366666666666667,0.366666666666667,0.536585365853658,0,1,0.683333333333333,"moi_0.25_quality_0.9_genes_400_replicates_3",20250725,0.25,0.9,400,3,FALSE
"crispulator-f1-threshold-curves-v1","BARCS-EB",0.01,400,60,13,13,0,340,47,1,0.216666666666667,0.216666666666667,0.356164383561644,0,1,0.608333333333333,"moi_0.25_quality_0.9_genes_400_replicates_3",20250725,0.25,0.9,400,3,FALSE
"crispulator-f1-threshold-curves-v1","BARCS-EB",0.005,400,60,11,11,0,340,49,1,0.183333333333333,0.183333333333333,0.309859154929577,0,1,0.591666666666667,"moi_0.25_quality_0.9_genes_400_replicates_3",20250725,0.25,0.9,400,3,FALSE
"crispulator-f1-threshold-curves-v1","BARCS-EB",0.001,400,60,7,7,0,340,53,1,0.116666666666667,0.116666666666667,0.208955223880597,0,1,0.558333333333333,"moi_0.25_quality_0.9_genes_400_replicates_3",20250725,0.25,0.9,400,3,FALSE
"crispulator-f1-threshold-curves-v1","MAGeCK-MLE",0.1,400,60,36,35,1,339,25,0.972222222222222,0.583333333333333,0.583333333333333,0.729166666666667,0.0277777777777778,0.997058823529412,0.790196078431373,"moi_0.25_quality_0.9_genes_400_replicates_3",20250725,0.25,0.9,400,3,FALSE
"crispulator-f1-threshold-curves-v1","MAGeCK-MLE",0.05,400,60,26,25,1,339,35,0.961538461538462,0.416666666666667,0.416666666666667,0.581395348837209,0.0384615384615385,0.997058823529412,0.706862745098039,"moi_0.25_quality_0.9_genes_400_replicates_3",20250725,0.25,0.9,400,3,FALSE
"crispulator-f1-threshold-curves-v1","MAGeCK-MLE",0.01,400,60,10,10,0,340,50,1,0.166666666666667,0.166666666666667,0.285714285714286,0,1,0.583333333333333,"moi_0.25_quality_0.9_genes_400_replicates_3",20250725,0.25,0.9,400,3,FALSE
"crispulator-f1-threshold-curves-v1","MAGeCK-MLE",0.005,400,60,10,10,0,340,50,1,0.166666666666667,0.166666666666667,0.285714285714286,0,1,0.583333333333333,"moi_0.25_quality_0.9_genes_400_replicates_3",20250725,0.25,0.9,400,3,FALSE
"crispulator-f1-threshold-curves-v1","MAGeCK-MLE",0.001,400,60,6,6,0,340,54,1,0.1,0.1,0.181818181818182,0,1,0.55,"moi_0.25_quality_0.9_genes_400_replicates_3",20250725,0.25,0.9,400,3,FALSE
"crispulator-f1-threshold-curves-v1","edgeR-QL",0.1,400,60,77,51,26,314,9,0.662337662337662,0.85,0.85,0.744525547445255,0.337662337662338,0.923529411764706,0.886764705882353,"moi_0.25_quality_0.9_genes_400_replicates_3",20250725,0.25,0.9,400,3,FALSE
"crispulator-f1-threshold-curves-v1","edgeR-QL",0.05,400,60,62,47,15,325,13,0.758064516129032,0.783333333333333,0.783333333333333,0.770491803278688,0.241935483870968,0.955882352941177,0.869607843137255,"moi_0.25_quality_0.9_genes_400_replicates_3",20250725,0.25,0.9,400,3,FALSE
"crispulator-f1-threshold-curves-v1","edgeR-QL",0.01,400,60,47,44,3,337,16,0.936170212765957,0.733333333333333,0.733333333333333,0.822429906542056,0.0638297872340425,0.991176470588235,0.862254901960784,"moi_0.25_quality_0.9_genes_400_replicates_3",20250725,0.25,0.9,400,3,FALSE
"crispulator-f1-threshold-curves-v1","edgeR-QL",0.005,400,60,44,43,1,339,17,0.977272727272727,0.716666666666667,0.716666666666667,0.826923076923077,0.0227272727272727,0.997058823529412,0.856862745098039,"moi_0.25_quality_0.9_genes_400_replicates_3",20250725,0.25,0.9,400,3,FALSE
"crispulator-f1-threshold-curves-v1","edgeR-QL",0.001,400,60,36,36,0,340,24,1,0.6,0.6,0.75,0,1,0.8,"moi_0.25_quality_0.9_genes_400_replicates_3",20250725,0.25,0.9,400,3,FALSE
"crispulator-f1-threshold-curves-v1","DESeq2",0.1,400,60,70,49,21,319,11,0.7,0.816666666666667,0.816666666666667,0.753846153846154,0.3,0.938235294117647,0.877450980392157,"moi_0.25_quality_0.9_genes_400_replicates_3",20250725,0.25,0.9,400,3,FALSE
"crispulator-f1-threshold-curves-v1","DESeq2",0.05,400,60,56,47,9,331,13,0.839285714285714,0.783333333333333,0.783333333333333,0.810344827586207,0.160714285714286,0.973529411764706,0.87843137254902,"moi_0.25_quality_0.9_genes_400_replicates_3",20250725,0.25,0.9,400,3,FALSE
"crispulator-f1-threshold-curves-v1","DESeq2",0.01,400,60,46,44,2,338,16,0.956521739130435,0.733333333333333,0.733333333333333,0.830188679245283,0.0434782608695652,0.994117647058824,0.863725490196078,"moi_0.25_quality_0.9_genes_400_replicates_3",20250725,0.25,0.9,400,3,FALSE
"crispulator-f1-threshold-curves-v1","DESeq2",0.005,400,60,44,44,0,340,16,1,0.733333333333333,0.733333333333333,0.846153846153846,0,1,0.866666666666667,"moi_0.25_quality_0.9_genes_400_replicates_3",20250725,0.25,0.9,400,3,FALSE
"crispulator-f1-threshold-curves-v1","DESeq2",0.001,400,60,39,39,0,340,21,1,0.65,0.65,0.787878787878788,0,1,0.825,"moi_0.25_quality_0.9_genes_400_replicates_3",20250725,0.25,0.9,400,3,FALSE
"crispulator-f1-threshold-curves-v1","limma-voom",0.1,400,60,76,50,26,314,10,0.657894736842105,0.833333333333333,0.833333333333333,0.735294117647059,0.342105263157895,0.923529411764706,0.87843137254902,"moi_0.25_quality_0.9_genes_400_replicates_3",20250725,0.25,0.9,400,3,FALSE
"crispulator-f1-threshold-curves-v1","limma-voom",0.05,400,60,56,46,10,330,14,0.821428571428571,0.766666666666667,0.766666666666667,0.793103448275862,0.178571428571429,0.970588235294118,0.868627450980392,"moi_0.25_quality_0.9_genes_400_replicates_3",20250725,0.25,0.9,400,3,FALSE
"crispulator-f1-threshold-curves-v1","limma-voom",0.01,400,60,45,42,3,337,18,0.933333333333333,0.7,0.7,0.8,0.0666666666666667,0.991176470588235,0.845588235294118,"moi_0.25_quality_0.9_genes_400_replicates_3",20250725,0.25,0.9,400,3,FALSE
"crispulator-f1-threshold-curves-v1","limma-voom",0.005,400,60,43,42,1,339,18,0.976744186046512,0.7,0.7,0.815533980582524,0.0232558139534884,0.997058823529412,0.848529411764706,"moi_0.25_quality_0.9_genes_400_replicates_3",20250725,0.25,0.9,400,3,FALSE
"crispulator-f1-threshold-curves-v1","limma-voom",0.001,400,60,37,36,1,339,24,0.972972972972973,0.6,0.6,0.742268041237113,0.027027027027027,0.997058823529412,0.798529411764706,"moi_0.25_quality_0.9_genes_400_replicates_3",20250725,0.25,0.9,400,3,FALSE
"crispulator-f1-threshold-curves-v1","BARCS-original",0.1,400,92,51,51,0,308,41,1,0.554347826086957,0.554347826086957,0.713286713286713,0,1,0.777173913043478,"moi_0.25_quality_0.9_genes_400_replicates_3",20250726,0.25,0.9,400,3,FALSE
"crispulator-f1-threshold-curves-v1","BARCS-original",0.05,400,92,39,39,0,308,53,1,0.423913043478261,0.423913043478261,0.595419847328244,0,1,0.71195652173913,"moi_0.25_quality_0.9_genes_400_replicates_3",20250726,0.25,0.9,400,3,FALSE
"crispulator-f1-threshold-curves-v1","BARCS-original",0.01,400,92,25,25,0,308,67,1,0.271739130434783,0.271739130434783,0.427350427350427,0,1,0.635869565217391,"moi_0.25_quality_0.9_genes_400_replicates_3",20250726,0.25,0.9,400,3,FALSE
"crispulator-f1-threshold-curves-v1","BARCS-original",0.005,400,92,22,22,0,308,70,1,0.239130434782609,0.239130434782609,0.385964912280702,0,1,0.619565217391304,"moi_0.25_quality_0.9_genes_400_replicates_3",20250726,0.25,0.9,400,3,FALSE
"crispulator-f1-threshold-curves-v1","BARCS-original",0.001,400,92,8,8,0,308,84,1,0.0869565217391304,0.0869565217391304,0.16,0,1,0.543478260869565,"moi_0.25_quality_0.9_genes_400_replicates_3",20250726,0.25,0.9,400,3,FALSE
"crispulator-f1-threshold-curves-v1","BARCS-NORM",0.1,400,92,1,1,0,308,91,1,0.0108695652173913,0.0108695652173913,0.021505376344086,0,1,0.505434782608696,"moi_0.25_quality_0.9_genes_400_replicates_3",20250726,0.25,0.9,400,3,FALSE
"crispulator-f1-threshold-curves-v1","BARCS-NORM",0.05,400,92,0,0,0,308,92,0,0,0,0,0,1,0.5,"moi_0.25_quality_0.9_genes_400_replicates_3",20250726,0.25,0.9,400,3,FALSE
"crispulator-f1-threshold-curves-v1","BARCS-NORM",0.01,400,92,0,0,0,308,92,0,0,0,0,0,1,0.5,"moi_0.25_quality_0.9_genes_400_replicates_3",20250726,0.25,0.9,400,3,FALSE
"crispulator-f1-threshold-curves-v1","BARCS-NORM",0.005,400,92,0,0,0,308,92,0,0,0,0,0,1,0.5,"moi_0.25_quality_0.9_genes_400_replicates_3",20250726,0.25,0.9,400,3,FALSE
"crispulator-f1-threshold-curves-v1","BARCS-NORM",0.001,400,92,0,0,0,308,92,0,0,0,0,0,1,0.5,"moi_0.25_quality_0.9_genes_400_replicates_3",20250726,0.25,0.9,400,3,FALSE
"crispulator-f1-threshold-curves-v1","BARCS-partial",0.1,400,92,28,26,2,306,66,0.928571428571429,0.282608695652174,0.282608695652174,0.433333333333333,0.0714285714285714,0.993506493506494,0.638057594579334,"moi_0.25_quality_0.9_genes_400_replicates_3",20250726,0.25,0.9,400,3,FALSE
"crispulator-f1-threshold-curves-v1","BARCS-partial",0.05,400,92,25,25,0,308,67,1,0.271739130434783,0.271739130434783,0.427350427350427,0,1,0.635869565217391,"moi_0.25_quality_0.9_genes_400_replicates_3",20250726,0.25,0.9,400,3,FALSE
"crispulator-f1-threshold-curves-v1","BARCS-partial",0.01,400,92,14,14,0,308,78,1,0.152173913043478,0.152173913043478,0.264150943396226,0,1,0.576086956521739,"moi_0.25_quality_0.9_genes_400_replicates_3",20250726,0.25,0.9,400,3,FALSE
"crispulator-f1-threshold-curves-v1","BARCS-partial",0.005,400,92,14,14,0,308,78,1,0.152173913043478,0.152173913043478,0.264150943396226,0,1,0.576086956521739,"moi_0.25_quality_0.9_genes_400_replicates_3",20250726,0.25,0.9,400,3,FALSE
"crispulator-f1-threshold-curves-v1","BARCS-partial",0.001,400,92,10,10,0,308,82,1,0.108695652173913,0.108695652173913,0.196078431372549,0,1,0.554347826086957,"moi_0.25_quality_0.9_genes_400_replicates_3",20250726,0.25,0.9,400,3,FALSE
"crispulator-f1-threshold-curves-v1","BARCS-EB",0.1,400,92,29,29,0,308,63,1,0.315217391304348,0.315217391304348,0.479338842975207,0,1,0.657608695652174,"moi_0.25_quality_0.9_genes_400_replicates_3",20250726,0.25,0.9,400,3,FALSE
"crispulator-f1-threshold-curves-v1","BARCS-EB",0.05,400,92,18,18,0,308,74,1,0.195652173913043,0.195652173913043,0.327272727272727,0,1,0.597826086956522,"moi_0.25_quality_0.9_genes_400_replicates_3",20250726,0.25,0.9,400,3,FALSE
"crispulator-f1-threshold-curves-v1","BARCS-EB",0.01,400,92,11,11,0,308,81,1,0.119565217391304,0.119565217391304,0.213592233009709,0,1,0.559782608695652,"moi_0.25_quality_0.9_genes_400_replicates_3",20250726,0.25,0.9,400,3,FALSE
"crispulator-f1-threshold-curves-v1","BARCS-EB",0.005,400,92,9,9,0,308,83,1,0.0978260869565217,0.0978260869565217,0.178217821782178,0,1,0.548913043478261,"moi_0.25_quality_0.9_genes_400_replicates_3",20250726,0.25,0.9,400,3,FALSE
"crispulator-f1-threshold-curves-v1","BARCS-EB",0.001,400,92,5,5,0,308,87,1,0.0543478260869565,0.0543478260869565,0.103092783505155,0,1,0.527173913043478,"moi_0.25_quality_0.9_genes_400_replicates_3",20250726,0.25,0.9,400,3,FALSE
"crispulator-f1-threshold-curves-v1","MAGeCK-MLE",0.1,400,92,55,52,3,305,40,0.945454545454545,0.565217391304348,0.565217391304348,0.707482993197279,0.0545454545454545,0.99025974025974,0.777738565782044,"moi_0.25_quality_0.9_genes_400_replicates_3",20250726,0.25,0.9,400,3,FALSE
"crispulator-f1-threshold-curves-v1","MAGeCK-MLE",0.05,400,92,40,39,1,307,53,0.975,0.423913043478261,0.423913043478261,0.590909090909091,0.025,0.996753246753247,0.710333145115754,"moi_0.25_quality_0.9_genes_400_replicates_3",20250726,0.25,0.9,400,3,FALSE
"crispulator-f1-threshold-curves-v1","MAGeCK-MLE",0.01,400,92,22,22,0,308,70,1,0.239130434782609,0.239130434782609,0.385964912280702,0,1,0.619565217391304,"moi_0.25_quality_0.9_genes_400_replicates_3",20250726,0.25,0.9,400,3,FALSE
"crispulator-f1-threshold-curves-v1","MAGeCK-MLE",0.005,400,92,16,16,0,308,76,1,0.173913043478261,0.173913043478261,0.296296296296296,0,1,0.58695652173913,"moi_0.25_quality_0.9_genes_400_replicates_3",20250726,0.25,0.9,400,3,FALSE
"crispulator-f1-threshold-curves-v1","MAGeCK-MLE",0.001,400,92,13,13,0,308,79,1,0.141304347826087,0.141304347826087,0.247619047619048,0,1,0.570652173913043,"moi_0.25_quality_0.9_genes_400_replicates_3",20250726,0.25,0.9,400,3,FALSE
"crispulator-f1-threshold-curves-v1","edgeR-QL",0.1,400,92,108,80,28,280,12,0.740740740740741,0.869565217391304,0.869565217391304,0.8,0.259259259259259,0.909090909090909,0.889328063241107,"moi_0.25_quality_0.9_genes_400_replicates_3",20250726,0.25,0.9,400,3,FALSE
"crispulator-f1-threshold-curves-v1","edgeR-QL",0.05,400,92,92,76,16,292,16,0.826086956521739,0.826086956521739,0.826086956521739,0.826086956521739,0.173913043478261,0.948051948051948,0.887069452286844,"moi_0.25_quality_0.9_genes_400_replicates_3",20250726,0.25,0.9,400,3,FALSE
"crispulator-f1-threshold-curves-v1","edgeR-QL",0.01,400,92,66,64,2,306,28,0.96969696969697,0.695652173913043,0.695652173913043,0.810126582278481,0.0303030303030303,0.993506493506494,0.844579333709768,"moi_0.25_quality_0.9_genes_400_replicates_3",20250726,0.25,0.9,400,3,FALSE
"crispulator-f1-threshold-curves-v1","edgeR-QL",0.005,400,92,60,60,0,308,32,1,0.652173913043478,0.652173913043478,0.789473684210526,0,1,0.826086956521739,"moi_0.25_quality_0.9_genes_400_replicates_3",20250726,0.25,0.9,400,3,FALSE
"crispulator-f1-threshold-curves-v1","edgeR-QL",0.001,400,92,49,49,0,308,43,1,0.532608695652174,0.532608695652174,0.695035460992908,0,1,0.766304347826087,"moi_0.25_quality_0.9_genes_400_replicates_3",20250726,0.25,0.9,400,3,FALSE
"crispulator-f1-threshold-curves-v1","DESeq2",0.1,400,92,105,78,27,281,14,0.742857142857143,0.847826086956522,0.847826086956522,0.791878172588833,0.257142857142857,0.912337662337662,0.880081874647092,"moi_0.25_quality_0.9_genes_400_replicates_3",20250726,0.25,0.9,400,3,FALSE
"crispulator-f1-threshold-curves-v1","DESeq2",0.05,400,92,90,75,15,293,17,0.833333333333333,0.815217391304348,0.815217391304348,0.824175824175824,0.166666666666667,0.951298701298701,0.883258046301524,"moi_0.25_quality_0.9_genes_400_replicates_3",20250726,0.25,0.9,400,3,FALSE
"crispulator-f1-threshold-curves-v1","DESeq2",0.01,400,92,69,67,2,306,25,0.971014492753623,0.728260869565217,0.728260869565217,0.832298136645963,0.0289855072463768,0.993506493506494,0.860883681535855,"moi_0.25_quality_0.9_genes_400_replicates_3",20250726,0.25,0.9,400,3,FALSE
"crispulator-f1-threshold-curves-v1","DESeq2",0.005,400,92,64,63,1,307,29,0.984375,0.684782608695652,0.684782608695652,0.807692307692308,0.015625,0.996753246753247,0.84076792772445,"moi_0.25_quality_0.9_genes_400_replicates_3",20250726,0.25,0.9,400,3,FALSE
"crispulator-f1-threshold-curves-v1","DESeq2",0.001,400,92,50,50,0,308,42,1,0.543478260869565,0.543478260869565,0.704225352112676,0,1,0.771739130434783,"moi_0.25_quality_0.9_genes_400_replicates_3",20250726,0.25,0.9,400,3,FALSE
"crispulator-f1-threshold-curves-v1","limma-voom",0.1,400,92,103,79,24,284,13,0.766990291262136,0.858695652173913,0.858695652173913,0.81025641025641,0.233009708737864,0.922077922077922,0.890386787125918,"moi_0.25_quality_0.9_genes_400_replicates_3",20250726,0.25,0.9,400,3,FALSE
"crispulator-f1-threshold-curves-v1","limma-voom",0.05,400,92,91,78,13,295,14,0.857142857142857,0.847826086956522,0.847826086956522,0.852459016393443,0.142857142857143,0.957792207792208,0.902809147374365,"moi_0.25_quality_0.9_genes_400_replicates_3",20250726,0.25,0.9,400,3,FALSE
"crispulator-f1-threshold-curves-v1","limma-voom",0.01,400,92,66,64,2,306,28,0.96969696969697,0.695652173913043,0.695652173913043,0.810126582278481,0.0303030303030303,0.993506493506494,0.844579333709768,"moi_0.25_quality_0.9_genes_400_replicates_3",20250726,0.25,0.9,400,3,FALSE
"crispulator-f1-threshold-curves-v1","limma-voom",0.005,400,92,60,60,0,308,32,1,0.652173913043478,0.652173913043478,0.789473684210526,0,1,0.826086956521739,"moi_0.25_quality_0.9_genes_400_replicates_3",20250726,0.25,0.9,400,3,FALSE
"crispulator-f1-threshold-curves-v1","limma-voom",0.001,400,92,46,46,0,308,46,1,0.5,0.5,0.666666666666667,0,1,0.75,"moi_0.25_quality_0.9_genes_400_replicates_3",20250726,0.25,0.9,400,3,FALSE
"crispulator-f1-threshold-curves-v1","BARCS-original",0.1,400,102,78,74,4,294,28,0.948717948717949,0.725490196078431,0.725490196078431,0.822222222222222,0.0512820512820513,0.986577181208054,0.856033688643242,"moi_0.25_quality_0.9_genes_400_replicates_3",20250727,0.25,0.9,400,3,FALSE
"crispulator-f1-threshold-curves-v1","BARCS-original",0.05,400,102,69,68,1,297,34,0.985507246376812,0.666666666666667,0.666666666666667,0.795321637426901,0.0144927536231884,0.996644295302013,0.83165548098434,"moi_0.25_quality_0.9_genes_400_replicates_3",20250727,0.25,0.9,400,3,FALSE
"crispulator-f1-threshold-curves-v1","BARCS-original",0.01,400,102,48,47,1,297,55,0.979166666666667,0.46078431372549,0.46078431372549,0.626666666666667,0.0208333333333333,0.996644295302013,0.728714304513752,"moi_0.25_quality_0.9_genes_400_replicates_3",20250727,0.25,0.9,400,3,FALSE
"crispulator-f1-threshold-curves-v1","BARCS-original",0.005,400,102,40,40,0,298,62,1,0.392156862745098,0.392156862745098,0.563380281690141,0,1,0.696078431372549,"moi_0.25_quality_0.9_genes_400_replicates_3",20250727,0.25,0.9,400,3,FALSE
"crispulator-f1-threshold-curves-v1","BARCS-original",0.001,400,102,24,24,0,298,78,1,0.235294117647059,0.235294117647059,0.380952380952381,0,1,0.61764705882353,"moi_0.25_quality_0.9_genes_400_replicates_3",20250727,0.25,0.9,400,3,FALSE
"crispulator-f1-threshold-curves-v1","BARCS-NORM",0.1,400,102,21,20,1,297,82,0.952380952380952,0.196078431372549,0.196078431372549,0.32520325203252,0.0476190476190476,0.996644295302013,0.596361363337281,"moi_0.25_quality_0.9_genes_400_replicates_3",20250727,0.25,0.9,400,3,FALSE
"crispulator-f1-threshold-curves-v1","BARCS-NORM",0.05,400,102,0,0,0,298,102,0,0,0,0,0,1,0.5,"moi_0.25_quality_0.9_genes_400_replicates_3",20250727,0.25,0.9,400,3,FALSE
"crispulator-f1-threshold-curves-v1","BARCS-NORM",0.01,400,102,0,0,0,298,102,0,0,0,0,0,1,0.5,"moi_0.25_quality_0.9_genes_400_replicates_3",20250727,0.25,0.9,400,3,FALSE
"crispulator-f1-threshold-curves-v1","BARCS-NORM",0.005,400,102,0,0,0,298,102,0,0,0,0,0,1,0.5,"moi_0.25_quality_0.9_genes_400_replicates_3",20250727,0.25,0.9,400,3,FALSE
"crispulator-f1-threshold-curves-v1","BARCS-NORM",0.001,400,102,0,0,0,298,102,0,0,0,0,0,1,0.5,"moi_0.25_quality_0.9_genes_400_replicates_3",20250727,0.25,0.9,400,3,FALSE
"crispulator-f1-threshold-curves-v1","BARCS-partial",0.1,400,102,51,48,3,295,54,0.941176470588235,0.470588235294118,0.470588235294118,0.627450980392157,0.0588235294117647,0.98993288590604,0.730260560600079,"moi_0.25_quality_0.9_genes_400_replicates_3",20250727,0.25,0.9,400,3,FALSE
"crispulator-f1-threshold-curves-v1","BARCS-partial",0.05,400,102,41,41,0,298,61,1,0.401960784313726,0.401960784313726,0.573426573426573,0,1,0.700980392156863,"moi_0.25_quality_0.9_genes_400_replicates_3",20250727,0.25,0.9,400,3,FALSE
"crispulator-f1-threshold-curves-v1","BARCS-partial",0.01,400,102,30,30,0,298,72,1,0.294117647058824,0.294117647058824,0.454545454545455,0,1,0.647058823529412,"moi_0.25_quality_0.9_genes_400_replicates_3",20250727,0.25,0.9,400,3,FALSE
"crispulator-f1-threshold-curves-v1","BARCS-partial",0.005,400,102,23,23,0,298,79,1,0.225490196078431,0.225490196078431,0.368,0,1,0.612745098039216,"moi_0.25_quality_0.9_genes_400_replicates_3",20250727,0.25,0.9,400,3,FALSE
"crispulator-f1-threshold-curves-v1","BARCS-partial",0.001,400,102,17,17,0,298,85,1,0.166666666666667,0.166666666666667,0.285714285714286,0,1,0.583333333333333,"moi_0.25_quality_0.9_genes_400_replicates_3",20250727,0.25,0.9,400,3,FALSE
"crispulator-f1-threshold-curves-v1","BARCS-EB",0.1,400,102,43,42,1,297,60,0.976744186046512,0.411764705882353,0.411764705882353,0.579310344827586,0.0232558139534884,0.996644295302013,0.704204500592183,"moi_0.25_quality_0.9_genes_400_replicates_3",20250727,0.25,0.9,400,3,FALSE
"crispulator-f1-threshold-curves-v1","BARCS-EB",0.05,400,102,36,36,0,298,66,1,0.352941176470588,0.352941176470588,0.521739130434783,0,1,0.676470588235294,"moi_0.25_quality_0.9_genes_400_replicates_3",20250727,0.25,0.9,400,3,FALSE
"crispulator-f1-threshold-curves-v1","BARCS-EB",0.01,400,102,16,16,0,298,86,1,0.156862745098039,0.156862745098039,0.271186440677966,0,1,0.57843137254902,"moi_0.25_quality_0.9_genes_400_replicates_3",20250727,0.25,0.9,400,3,FALSE
"crispulator-f1-threshold-curves-v1","BARCS-EB",0.005,400,102,14,14,0,298,88,1,0.137254901960784,0.137254901960784,0.241379310344828,0,1,0.568627450980392,"moi_0.25_quality_0.9_genes_400_replicates_3",20250727,0.25,0.9,400,3,FALSE
"crispulator-f1-threshold-curves-v1","BARCS-EB",0.001,400,102,8,8,0,298,94,1,0.0784313725490196,0.0784313725490196,0.145454545454545,0,1,0.53921568627451,"moi_0.25_quality_0.9_genes_400_replicates_3",20250727,0.25,0.9,400,3,FALSE
"crispulator-f1-threshold-curves-v1","MAGeCK-MLE",0.1,400,102,60,57,3,295,45,0.95,0.558823529411765,0.558823529411765,0.703703703703704,0.05,0.98993288590604,0.774378207658903,"moi_0.25_quality_0.9_genes_400_replicates_3",20250727,0.25,0.9,400,3,FALSE
"crispulator-f1-threshold-curves-v1","MAGeCK-MLE",0.05,400,102,48,48,0,298,54,1,0.470588235294118,0.470588235294118,0.64,0,1,0.735294117647059,"moi_0.25_quality_0.9_genes_400_replicates_3",20250727,0.25,0.9,400,3,FALSE
"crispulator-f1-threshold-curves-v1","MAGeCK-MLE",0.01,400,102,26,26,0,298,76,1,0.254901960784314,0.254901960784314,0.40625,0,1,0.627450980392157,"moi_0.25_quality_0.9_genes_400_replicates_3",20250727,0.25,0.9,400,3,FALSE
"crispulator-f1-threshold-curves-v1","MAGeCK-MLE",0.005,400,102,16,16,0,298,86,1,0.156862745098039,0.156862745098039,0.271186440677966,0,1,0.57843137254902,"moi_0.25_quality_0.9_genes_400_replicates_3",20250727,0.25,0.9,400,3,FALSE
"crispulator-f1-threshold-curves-v1","MAGeCK-MLE",0.001,400,102,12,12,0,298,90,1,0.117647058823529,0.117647058823529,0.210526315789474,0,1,0.558823529411765,"moi_0.25_quality_0.9_genes_400_replicates_3",20250727,0.25,0.9,400,3,FALSE
"crispulator-f1-threshold-curves-v1","edgeR-QL",0.1,400,102,106,84,22,276,18,0.792452830188679,0.823529411764706,0.813725490196078,0.807692307692308,0.207547169811321,0.926174496644295,0.874851954204501,"moi_0.25_quality_0.9_genes_400_replicates_3",20250727,0.25,0.9,400,3,FALSE
"crispulator-f1-threshold-curves-v1","edgeR-QL",0.05,400,102,93,83,10,288,19,0.89247311827957,0.813725490196078,0.813725490196078,0.851282051282051,0.10752688172043,0.966442953020134,0.890084221608106,"moi_0.25_quality_0.9_genes_400_replicates_3",20250727,0.25,0.9,400,3,FALSE
"crispulator-f1-threshold-curves-v1","edgeR-QL",0.01,400,102,76,75,1,297,27,0.986842105263158,0.735294117647059,0.735294117647059,0.842696629213483,0.0131578947368421,0.996644295302013,0.865969206474536,"moi_0.25_quality_0.9_genes_400_replicates_3",20250727,0.25,0.9,400,3,FALSE
"crispulator-f1-threshold-curves-v1","edgeR-QL",0.005,400,102,67,66,1,297,36,0.985074626865672,0.647058823529412,0.647058823529412,0.781065088757396,0.0149253731343284,0.996644295302013,0.821851559415713,"moi_0.25_quality_0.9_genes_400_replicates_3",20250727,0.25,0.9,400,3,FALSE
"crispulator-f1-threshold-curves-v1","edgeR-QL",0.001,400,102,62,62,0,298,40,1,0.607843137254902,0.607843137254902,0.75609756097561,0,1,0.803921568627451,"moi_0.25_quality_0.9_genes_400_replicates_3",20250727,0.25,0.9,400,3,FALSE
"crispulator-f1-threshold-curves-v1","DESeq2",0.1,400,102,102,84,18,280,18,0.823529411764706,0.823529411764706,0.823529411764706,0.823529411764706,0.176470588235294,0.939597315436242,0.881563363600474,"moi_0.25_quality_0.9_genes_400_replicates_3",20250727,0.25,0.9,400,3,FALSE
"crispulator-f1-threshold-curves-v1","DESeq2",0.05,400,102,90,81,9,289,21,0.9,0.794117647058823,0.794117647058823,0.84375,0.1,0.969798657718121,0.881958152388472,"moi_0.25_quality_0.9_genes_400_replicates_3",20250727,0.25,0.9,400,3,FALSE
"crispulator-f1-threshold-curves-v1","DESeq2",0.01,400,102,71,69,2,296,33,0.971830985915493,0.676470588235294,0.676470588235294,0.797687861271676,0.028169014084507,0.993288590604027,0.83487958941966,"moi_0.25_quality_0.9_genes_400_replicates_3",20250727,0.25,0.9,400,3,FALSE
"crispulator-f1-threshold-curves-v1","DESeq2",0.005,400,102,67,66,1,297,36,0.985074626865672,0.647058823529412,0.647058823529412,0.781065088757396,0.0149253731343284,0.996644295302013,0.821851559415713,"moi_0.25_quality_0.9_genes_400_replicates_3",20250727,0.25,0.9,400,3,FALSE
"crispulator-f1-threshold-curves-v1","DESeq2",0.001,400,102,62,62,0,298,40,1,0.607843137254902,0.607843137254902,0.75609756097561,0,1,0.803921568627451,"moi_0.25_quality_0.9_genes_400_replicates_3",20250727,0.25,0.9,400,3,FALSE
"crispulator-f1-threshold-curves-v1","limma-voom",0.1,400,102,106,85,21,277,17,0.80188679245283,0.833333333333333,0.823529411764706,0.817307692307692,0.19811320754717,0.929530201342282,0.881431767337808,"moi_0.25_quality_0.9_genes_400_replicates_3",20250727,0.25,0.9,400,3,FALSE
"crispulator-f1-threshold-curves-v1","limma-voom",0.05,400,102,92,82,10,288,20,0.891304347826087,0.803921568627451,0.803921568627451,0.845360824742268,0.108695652173913,0.966442953020134,0.885182260823793,"moi_0.25_quality_0.9_genes_400_replicates_3",20250727,0.25,0.9,400,3,FALSE
"crispulator-f1-threshold-curves-v1","limma-voom",0.01,400,102,73,72,1,297,30,0.986301369863014,0.705882352941177,0.705882352941177,0.822857142857143,0.0136986301369863,0.996644295302013,0.851263324121595,"moi_0.25_quality_0.9_genes_400_replicates_3",20250727,0.25,0.9,400,3,FALSE
"crispulator-f1-threshold-curves-v1","limma-voom",0.005,400,102,66,65,1,297,37,0.984848484848485,0.637254901960784,0.637254901960784,0.773809523809524,0.0151515151515152,0.996644295302013,0.816949598631399,"moi_0.25_quality_0.9_genes_400_replicates_3",20250727,0.25,0.9,400,3,FALSE
"crispulator-f1-threshold-curves-v1","limma-voom",0.001,400,102,61,61,0,298,41,1,0.598039215686274,0.598039215686274,0.748466257668712,0,1,0.799019607843137,"moi_0.25_quality_0.9_genes_400_replicates_3",20250727,0.25,0.9,400,3,FALSE
"crispulator-f1-threshold-curves-v1","BARCS-original",0.1,400,90,84,73,11,299,17,0.869047619047619,0.811111111111111,0.811111111111111,0.839080459770115,0.130952380952381,0.964516129032258,0.887813620071685,"moi_0.25_quality_0.9_genes_400_replicates_3",20250728,0.25,0.9,400,3,FALSE
"crispulator-f1-threshold-curves-v1","BARCS-original",0.05,400,90,73,68,5,305,22,0.931506849315068,0.755555555555556,0.755555555555556,0.834355828220859,0.0684931506849315,0.983870967741935,0.869713261648746,"moi_0.25_quality_0.9_genes_400_replicates_3",20250728,0.25,0.9,400,3,FALSE
"crispulator-f1-threshold-curves-v1","BARCS-original",0.01,400,90,51,51,0,310,39,1,0.566666666666667,0.566666666666667,0.723404255319149,0,1,0.783333333333333,"moi_0.25_quality_0.9_genes_400_replicates_3",20250728,0.25,0.9,400,3,FALSE
"crispulator-f1-threshold-curves-v1","BARCS-original",0.005,400,90,41,41,0,310,49,1,0.455555555555556,0.455555555555556,0.625954198473282,0,1,0.727777777777778,"moi_0.25_quality_0.9_genes_400_replicates_3",20250728,0.25,0.9,400,3,FALSE
"crispulator-f1-threshold-curves-v1","BARCS-original",0.001,400,90,31,31,0,310,59,1,0.344444444444444,0.344444444444444,0.512396694214876,0,1,0.672222222222222,"moi_0.25_quality_0.9_genes_400_replicates_3",20250728,0.25,0.9,400,3,FALSE
"crispulator-f1-threshold-curves-v1","BARCS-NORM",0.1,400,90,16,16,0,310,74,1,0.177777777777778,0.177777777777778,0.30188679245283,0,1,0.588888888888889,"moi_0.25_quality_0.9_genes_400_replicates_3",20250728,0.25,0.9,400,3,FALSE
"crispulator-f1-threshold-curves-v1","BARCS-NORM",0.05,400,90,6,6,0,310,84,1,0.0666666666666667,0.0666666666666667,0.125,0,1,0.533333333333333,"moi_0.25_quality_0.9_genes_400_replicates_3",20250728,0.25,0.9,400,3,FALSE
"crispulator-f1-threshold-curves-v1","BARCS-NORM",0.01,400,90,0,0,0,310,90,0,0,0,0,0,1,0.5,"moi_0.25_quality_0.9_genes_400_replicates_3",20250728,0.25,0.9,400,3,FALSE
"crispulator-f1-threshold-curves-v1","BARCS-NORM",0.005,400,90,0,0,0,310,90,0,0,0,0,0,1,0.5,"moi_0.25_quality_0.9_genes_400_replicates_3",20250728,0.25,0.9,400,3,FALSE
"crispulator-f1-threshold-curves-v1","BARCS-NORM",0.001,400,90,0,0,0,310,90,0,0,0,0,0,1,0.5,"moi_0.25_quality_0.9_genes_400_replicates_3",20250728,0.25,0.9,400,3,FALSE
"crispulator-f1-threshold-curves-v1","BARCS-partial",0.1,400,90,48,44,4,306,46,0.916666666666667,0.488888888888889,0.488888888888889,0.63768115942029,0.0833333333333333,0.987096774193548,0.737992831541219,"moi_0.25_quality_0.9_genes_400_replicates_3",20250728,0.25,0.9,400,3,FALSE
"crispulator-f1-threshold-curves-v1","BARCS-partial",0.05,400,90,40,39,1,309,51,0.975,0.433333333333333,0.433333333333333,0.6,0.025,0.996774193548387,0.71505376344086,"moi_0.25_quality_0.9_genes_400_replicates_3",20250728,0.25,0.9,400,3,FALSE
"crispulator-f1-threshold-curves-v1","BARCS-partial",0.01,400,90,27,27,0,310,63,1,0.3,0.3,0.461538461538462,0,1,0.65,"moi_0.25_quality_0.9_genes_400_replicates_3",20250728,0.25,0.9,400,3,FALSE
"crispulator-f1-threshold-curves-v1","BARCS-partial",0.005,400,90,18,18,0,310,72,1,0.2,0.2,0.333333333333333,0,1,0.6,"moi_0.25_quality_0.9_genes_400_replicates_3",20250728,0.25,0.9,400,3,FALSE
"crispulator-f1-threshold-curves-v1","BARCS-partial",0.001,400,90,14,14,0,310,76,1,0.155555555555556,0.155555555555556,0.269230769230769,0,1,0.577777777777778,"moi_0.25_quality_0.9_genes_400_replicates_3",20250728,0.25,0.9,400,3,FALSE
"crispulator-f1-threshold-curves-v1","BARCS-EB",0.1,400,90,50,49,1,309,41,0.98,0.544444444444444,0.544444444444444,0.7,0.02,0.996774193548387,0.770609318996416,"moi_0.25_quality_0.9_genes_400_replicates_3",20250728,0.25,0.9,400,3,FALSE
"crispulator-f1-threshold-curves-v1","BARCS-EB",0.05,400,90,43,43,0,310,47,1,0.477777777777778,0.477777777777778,0.646616541353383,0,1,0.738888888888889,"moi_0.25_quality_0.9_genes_400_replicates_3",20250728,0.25,0.9,400,3,FALSE
"crispulator-f1-threshold-curves-v1","BARCS-EB",0.01,400,90,27,27,0,310,63,1,0.3,0.3,0.461538461538462,0,1,0.65,"moi_0.25_quality_0.9_genes_400_replicates_3",20250728,0.25,0.9,400,3,FALSE
"crispulator-f1-threshold-curves-v1","BARCS-EB",0.005,400,90,20,20,0,310,70,1,0.222222222222222,0.222222222222222,0.363636363636364,0,1,0.611111111111111,"moi_0.25_quality_0.9_genes_400_replicates_3",20250728,0.25,0.9,400,3,FALSE
"crispulator-f1-threshold-curves-v1","BARCS-EB",0.001,400,90,12,12,0,310,78,1,0.133333333333333,0.133333333333333,0.235294117647059,0,1,0.566666666666667,"moi_0.25_quality_0.9_genes_400_replicates_3",20250728,0.25,0.9,400,3,FALSE
"crispulator-f1-threshold-curves-v1","MAGeCK-MLE",0.1,400,90,51,50,1,309,40,0.980392156862745,0.555555555555556,0.555555555555556,0.709219858156028,0.0196078431372549,0.996774193548387,0.776164874551971,"moi_0.25_quality_0.9_genes_400_replicates_3",20250728,0.25,0.9,400,3,FALSE
"crispulator-f1-threshold-curves-v1","MAGeCK-MLE",0.05,400,90,38,37,1,309,53,0.973684210526316,0.411111111111111,0.411111111111111,0.578125,0.0263157894736842,0.996774193548387,0.703942652329749,"moi_0.25_quality_0.9_genes_400_replicates_3",20250728,0.25,0.9,400,3,FALSE
"crispulator-f1-threshold-curves-v1","MAGeCK-MLE",0.01,400,90,16,16,0,310,74,1,0.177777777777778,0.177777777777778,0.30188679245283,0,1,0.588888888888889,"moi_0.25_quality_0.9_genes_400_replicates_3",20250728,0.25,0.9,400,3,FALSE
"crispulator-f1-threshold-curves-v1","MAGeCK-MLE",0.005,400,90,15,15,0,310,75,1,0.166666666666667,0.166666666666667,0.285714285714286,0,1,0.583333333333333,"moi_0.25_quality_0.9_genes_400_replicates_3",20250728,0.25,0.9,400,3,FALSE
"crispulator-f1-threshold-curves-v1","MAGeCK-MLE",0.001,400,90,9,9,0,310,81,1,0.1,0.1,0.181818181818182,0,1,0.55,"moi_0.25_quality_0.9_genes_400_replicates_3",20250728,0.25,0.9,400,3,FALSE
"crispulator-f1-threshold-curves-v1","edgeR-QL",0.1,400,90,90,76,14,296,14,0.844444444444444,0.844444444444444,0.844444444444444,0.844444444444444,0.155555555555556,0.954838709677419,0.899641577060932,"moi_0.25_quality_0.9_genes_400_replicates_3",20250728,0.25,0.9,400,3,FALSE
"crispulator-f1-threshold-curves-v1","edgeR-QL",0.05,400,90,88,75,13,297,15,0.852272727272727,0.833333333333333,0.833333333333333,0.842696629213483,0.147727272727273,0.958064516129032,0.895698924731183,"moi_0.25_quality_0.9_genes_400_replicates_3",20250728,0.25,0.9,400,3,FALSE
"crispulator-f1-threshold-curves-v1","edgeR-QL",0.01,400,90,74,68,6,304,22,0.918918918918919,0.755555555555556,0.755555555555556,0.829268292682927,0.0810810810810811,0.980645161290323,0.868100358422939,"moi_0.25_quality_0.9_genes_400_replicates_3",20250728,0.25,0.9,400,3,FALSE
"crispulator-f1-threshold-curves-v1","edgeR-QL",0.005,400,90,66,64,2,308,26,0.96969696969697,0.711111111111111,0.711111111111111,0.82051282051282,0.0303030303030303,0.993548387096774,0.852329749103943,"moi_0.25_quality_0.9_genes_400_replicates_3",20250728,0.25,0.9,400,3,FALSE
"crispulator-f1-threshold-curves-v1","edgeR-QL",0.001,400,90,54,54,0,310,36,1,0.6,0.6,0.75,0,1,0.8,"moi_0.25_quality_0.9_genes_400_replicates_3",20250728,0.25,0.9,400,3,FALSE
"crispulator-f1-threshold-curves-v1","DESeq2",0.1,400,90,90,76,14,296,14,0.844444444444444,0.844444444444444,0.844444444444444,0.844444444444444,0.155555555555556,0.954838709677419,0.899641577060932,"moi_0.25_quality_0.9_genes_400_replicates_3",20250728,0.25,0.9,400,3,FALSE
"crispulator-f1-threshold-curves-v1","DESeq2",0.05,400,90,88,75,13,297,15,0.852272727272727,0.833333333333333,0.833333333333333,0.842696629213483,0.147727272727273,0.958064516129032,0.895698924731183,"moi_0.25_quality_0.9_genes_400_replicates_3",20250728,0.25,0.9,400,3,FALSE
"crispulator-f1-threshold-curves-v1","DESeq2",0.01,400,90,70,67,3,307,23,0.957142857142857,0.744444444444444,0.744444444444444,0.8375,0.0428571428571429,0.990322580645161,0.867383512544803,"moi_0.25_quality_0.9_genes_400_replicates_3",20250728,0.25,0.9,400,3,FALSE
"crispulator-f1-threshold-curves-v1","DESeq2",0.005,400,90,66,63,3,307,27,0.954545454545455,0.7,0.7,0.807692307692308,0.0454545454545455,0.990322580645161,0.845161290322581,"moi_0.25_quality_0.9_genes_400_replicates_3",20250728,0.25,0.9,400,3,FALSE
"crispulator-f1-threshold-curves-v1","DESeq2",0.001,400,90,52,52,0,310,38,1,0.577777777777778,0.577777777777778,0.732394366197183,0,1,0.788888888888889,"moi_0.25_quality_0.9_genes_400_replicates_3",20250728,0.25,0.9,400,3,FALSE
"crispulator-f1-threshold-curves-v1","limma-voom",0.1,400,90,90,76,14,296,14,0.844444444444444,0.844444444444444,0.844444444444444,0.844444444444444,0.155555555555556,0.954838709677419,0.899641577060932,"moi_0.25_quality_0.9_genes_400_replicates_3",20250728,0.25,0.9,400,3,FALSE
"crispulator-f1-threshold-curves-v1","limma-voom",0.05,400,90,87,76,11,299,14,0.873563218390805,0.844444444444444,0.844444444444444,0.858757062146893,0.126436781609195,0.964516129032258,0.904480286738351,"moi_0.25_quality_0.9_genes_400_replicates_3",20250728,0.25,0.9,400,3,FALSE
"crispulator-f1-threshold-curves-v1","limma-voom",0.01,400,90,68,66,2,308,24,0.970588235294118,0.733333333333333,0.733333333333333,0.835443037974683,0.0294117647058824,0.993548387096774,0.863440860215054,"moi_0.25_quality_0.9_genes_400_replicates_3",20250728,0.25,0.9,400,3,FALSE
"crispulator-f1-threshold-curves-v1","limma-voom",0.005,400,90,63,62,1,309,28,0.984126984126984,0.688888888888889,0.688888888888889,0.810457516339869,0.0158730158730159,0.996774193548387,0.842831541218638,"moi_0.25_quality_0.9_genes_400_replicates_3",20250728,0.25,0.9,400,3,FALSE
"crispulator-f1-threshold-curves-v1","limma-voom",0.001,400,90,51,51,0,310,39,1,0.566666666666667,0.566666666666667,0.723404255319149,0,1,0.783333333333333,"moi_0.25_quality_0.9_genes_400_replicates_3",20250728,0.25,0.9,400,3,FALSE
"crispulator-f1-threshold-curves-v1","BARCS-original",0.1,100,16,15,13,2,82,3,0.866666666666667,0.8125,0.8125,0.838709677419355,0.133333333333333,0.976190476190476,0.894345238095238,"moi_0.25_quality_0.9_genes_100_replicates_4",20250724,0.25,0.9,100,4,FALSE
"crispulator-f1-threshold-curves-v1","BARCS-original",0.05,100,16,14,13,1,83,3,0.928571428571429,0.8125,0.8125,0.866666666666667,0.0714285714285714,0.988095238095238,0.900297619047619,"moi_0.25_quality_0.9_genes_100_replicates_4",20250724,0.25,0.9,100,4,FALSE
"crispulator-f1-threshold-curves-v1","BARCS-original",0.01,100,16,12,12,0,84,4,1,0.75,0.75,0.857142857142857,0,1,0.875,"moi_0.25_quality_0.9_genes_100_replicates_4",20250724,0.25,0.9,100,4,FALSE
"crispulator-f1-threshold-curves-v1","BARCS-original",0.005,100,16,10,10,0,84,6,1,0.625,0.625,0.769230769230769,0,1,0.8125,"moi_0.25_quality_0.9_genes_100_replicates_4",20250724,0.25,0.9,100,4,FALSE
"crispulator-f1-threshold-curves-v1","BARCS-original",0.001,100,16,5,5,0,84,11,1,0.3125,0.3125,0.476190476190476,0,1,0.65625,"moi_0.25_quality_0.9_genes_100_replicates_4",20250724,0.25,0.9,100,4,FALSE
"crispulator-f1-threshold-curves-v1","BARCS-NORM",0.1,100,16,2,1,1,83,15,0.5,0.0625,0.0625,0.111111111111111,0.5,0.988095238095238,0.525297619047619,"moi_0.25_quality_0.9_genes_100_replicates_4",20250724,0.25,0.9,100,4,FALSE
"crispulator-f1-threshold-curves-v1","BARCS-NORM",0.05,100,16,0,0,0,84,16,0,0,0,0,0,1,0.5,"moi_0.25_quality_0.9_genes_100_replicates_4",20250724,0.25,0.9,100,4,FALSE
"crispulator-f1-threshold-curves-v1","BARCS-NORM",0.01,100,16,0,0,0,84,16,0,0,0,0,0,1,0.5,"moi_0.25_quality_0.9_genes_100_replicates_4",20250724,0.25,0.9,100,4,FALSE
"crispulator-f1-threshold-curves-v1","BARCS-NORM",0.005,100,16,0,0,0,84,16,0,0,0,0,0,1,0.5,"moi_0.25_quality_0.9_genes_100_replicates_4",20250724,0.25,0.9,100,4,FALSE
"crispulator-f1-threshold-curves-v1","BARCS-NORM",0.001,100,16,0,0,0,84,16,0,0,0,0,0,1,0.5,"moi_0.25_quality_0.9_genes_100_replicates_4",20250724,0.25,0.9,100,4,FALSE
"crispulator-f1-threshold-curves-v1","BARCS-partial",0.1,100,16,6,6,0,84,10,1,0.375,0.375,0.545454545454545,0,1,0.6875,"moi_0.25_quality_0.9_genes_100_replicates_4",20250724,0.25,0.9,100,4,FALSE
"crispulator-f1-threshold-curves-v1","BARCS-partial",0.05,100,16,4,4,0,84,12,1,0.25,0.25,0.4,0,1,0.625,"moi_0.25_quality_0.9_genes_100_replicates_4",20250724,0.25,0.9,100,4,FALSE
"crispulator-f1-threshold-curves-v1","BARCS-partial",0.01,100,16,2,2,0,84,14,1,0.125,0.125,0.222222222222222,0,1,0.5625,"moi_0.25_quality_0.9_genes_100_replicates_4",20250724,0.25,0.9,100,4,FALSE
"crispulator-f1-threshold-curves-v1","BARCS-partial",0.005,100,16,1,1,0,84,15,1,0.0625,0.0625,0.117647058823529,0,1,0.53125,"moi_0.25_quality_0.9_genes_100_replicates_4",20250724,0.25,0.9,100,4,FALSE
"crispulator-f1-threshold-curves-v1","BARCS-partial",0.001,100,16,1,1,0,84,15,1,0.0625,0.0625,0.117647058823529,0,1,0.53125,"moi_0.25_quality_0.9_genes_100_replicates_4",20250724,0.25,0.9,100,4,FALSE
"crispulator-f1-threshold-curves-v1","BARCS-EB",0.1,100,16,7,7,0,84,9,1,0.4375,0.4375,0.608695652173913,0,1,0.71875,"moi_0.25_quality_0.9_genes_100_replicates_4",20250724,0.25,0.9,100,4,FALSE
"crispulator-f1-threshold-curves-v1","BARCS-EB",0.05,100,16,5,5,0,84,11,1,0.3125,0.3125,0.476190476190476,0,1,0.65625,"moi_0.25_quality_0.9_genes_100_replicates_4",20250724,0.25,0.9,100,4,FALSE
"crispulator-f1-threshold-curves-v1","BARCS-EB",0.01,100,16,1,1,0,84,15,1,0.0625,0.0625,0.117647058823529,0,1,0.53125,"moi_0.25_quality_0.9_genes_100_replicates_4",20250724,0.25,0.9,100,4,FALSE
"crispulator-f1-threshold-curves-v1","BARCS-EB",0.005,100,16,1,1,0,84,15,1,0.0625,0.0625,0.117647058823529,0,1,0.53125,"moi_0.25_quality_0.9_genes_100_replicates_4",20250724,0.25,0.9,100,4,FALSE
"crispulator-f1-threshold-curves-v1","BARCS-EB",0.001,100,16,1,1,0,84,15,1,0.0625,0.0625,0.117647058823529,0,1,0.53125,"moi_0.25_quality_0.9_genes_100_replicates_4",20250724,0.25,0.9,100,4,FALSE
"crispulator-f1-threshold-curves-v1","MAGeCK-MLE",0.1,100,16,14,12,2,82,4,0.857142857142857,0.75,0.75,0.8,0.142857142857143,0.976190476190476,0.863095238095238,"moi_0.25_quality_0.9_genes_100_replicates_4",20250724,0.25,0.9,100,4,FALSE
"crispulator-f1-threshold-curves-v1","MAGeCK-MLE",0.05,100,16,13,12,1,83,4,0.923076923076923,0.75,0.75,0.827586206896552,0.0769230769230769,0.988095238095238,0.869047619047619,"moi_0.25_quality_0.9_genes_100_replicates_4",20250724,0.25,0.9,100,4,FALSE
"crispulator-f1-threshold-curves-v1","MAGeCK-MLE",0.01,100,16,9,9,0,84,7,1,0.5625,0.5625,0.72,0,1,0.78125,"moi_0.25_quality_0.9_genes_100_replicates_4",20250724,0.25,0.9,100,4,FALSE
"crispulator-f1-threshold-curves-v1","MAGeCK-MLE",0.005,100,16,7,7,0,84,9,1,0.4375,0.4375,0.608695652173913,0,1,0.71875,"moi_0.25_quality_0.9_genes_100_replicates_4",20250724,0.25,0.9,100,4,FALSE
"crispulator-f1-threshold-curves-v1","MAGeCK-MLE",0.001,100,16,0,0,0,84,16,0,0,0,0,0,1,0.5,"moi_0.25_quality_0.9_genes_100_replicates_4",20250724,0.25,0.9,100,4,FALSE
"crispulator-f1-threshold-curves-v1","edgeR-QL",0.1,100,16,22,14,8,76,2,0.636363636363636,0.875,0.875,0.736842105263158,0.363636363636364,0.904761904761905,0.889880952380952,"moi_0.25_quality_0.9_genes_100_replicates_4",20250724,0.25,0.9,100,4,FALSE
"crispulator-f1-threshold-curves-v1","edgeR-QL",0.05,100,16,18,14,4,80,2,0.777777777777778,0.875,0.875,0.823529411764706,0.222222222222222,0.952380952380952,0.913690476190476,"moi_0.25_quality_0.9_genes_100_replicates_4",20250724,0.25,0.9,100,4,FALSE
"crispulator-f1-threshold-curves-v1","edgeR-QL",0.01,100,16,14,13,1,83,3,0.928571428571429,0.8125,0.8125,0.866666666666667,0.0714285714285714,0.988095238095238,0.900297619047619,"moi_0.25_quality_0.9_genes_100_replicates_4",20250724,0.25,0.9,100,4,FALSE
"crispulator-f1-threshold-curves-v1","edgeR-QL",0.005,100,16,12,12,0,84,4,1,0.75,0.75,0.857142857142857,0,1,0.875,"moi_0.25_quality_0.9_genes_100_replicates_4",20250724,0.25,0.9,100,4,FALSE
"crispulator-f1-threshold-curves-v1","edgeR-QL",0.001,100,16,12,12,0,84,4,1,0.75,0.75,0.857142857142857,0,1,0.875,"moi_0.25_quality_0.9_genes_100_replicates_4",20250724,0.25,0.9,100,4,FALSE
"crispulator-f1-threshold-curves-v1","DESeq2",0.1,100,16,23,14,9,75,2,0.608695652173913,0.875,0.875,0.717948717948718,0.391304347826087,0.892857142857143,0.883928571428571,"moi_0.25_quality_0.9_genes_100_replicates_4",20250724,0.25,0.9,100,4,FALSE
"crispulator-f1-threshold-curves-v1","DESeq2",0.05,100,16,19,14,5,79,2,0.736842105263158,0.875,0.875,0.8,0.263157894736842,0.94047619047619,0.907738095238095,"moi_0.25_quality_0.9_genes_100_replicates_4",20250724,0.25,0.9,100,4,FALSE
"crispulator-f1-threshold-curves-v1","DESeq2",0.01,100,16,13,12,1,83,4,0.923076923076923,0.75,0.75,0.827586206896552,0.0769230769230769,0.988095238095238,0.869047619047619,"moi_0.25_quality_0.9_genes_100_replicates_4",20250724,0.25,0.9,100,4,FALSE
"crispulator-f1-threshold-curves-v1","DESeq2",0.005,100,16,13,12,1,83,4,0.923076923076923,0.75,0.75,0.827586206896552,0.0769230769230769,0.988095238095238,0.869047619047619,"moi_0.25_quality_0.9_genes_100_replicates_4",20250724,0.25,0.9,100,4,FALSE
"crispulator-f1-threshold-curves-v1","DESeq2",0.001,100,16,12,12,0,84,4,1,0.75,0.75,0.857142857142857,0,1,0.875,"moi_0.25_quality_0.9_genes_100_replicates_4",20250724,0.25,0.9,100,4,FALSE
"crispulator-f1-threshold-curves-v1","limma-voom",0.1,100,16,22,14,8,76,2,0.636363636363636,0.875,0.875,0.736842105263158,0.363636363636364,0.904761904761905,0.889880952380952,"moi_0.25_quality_0.9_genes_100_replicates_4",20250724,0.25,0.9,100,4,FALSE
"crispulator-f1-threshold-curves-v1","limma-voom",0.05,100,16,17,14,3,81,2,0.823529411764706,0.875,0.875,0.848484848484849,0.176470588235294,0.964285714285714,0.919642857142857,"moi_0.25_quality_0.9_genes_100_replicates_4",20250724,0.25,0.9,100,4,FALSE
"crispulator-f1-threshold-curves-v1","limma-voom",0.01,100,16,14,13,1,83,3,0.928571428571429,0.8125,0.8125,0.866666666666667,0.0714285714285714,0.988095238095238,0.900297619047619,"moi_0.25_quality_0.9_genes_100_replicates_4",20250724,0.25,0.9,100,4,FALSE
"crispulator-f1-threshold-curves-v1","limma-voom",0.005,100,16,14,13,1,83,3,0.928571428571429,0.8125,0.8125,0.866666666666667,0.0714285714285714,0.988095238095238,0.900297619047619,"moi_0.25_quality_0.9_genes_100_replicates_4",20250724,0.25,0.9,100,4,FALSE
"crispulator-f1-threshold-curves-v1","limma-voom",0.001,100,16,12,12,0,84,4,1,0.75,0.75,0.857142857142857,0,1,0.875,"moi_0.25_quality_0.9_genes_100_replicates_4",20250724,0.25,0.9,100,4,FALSE
"crispulator-f1-threshold-curves-v1","BARCS-original",0.1,100,17,20,14,6,77,3,0.7,0.823529411764706,0.823529411764706,0.756756756756757,0.3,0.927710843373494,0.8756201275691,"moi_0.25_quality_0.9_genes_100_replicates_4",20250725,0.25,0.9,100,4,FALSE
"crispulator-f1-threshold-curves-v1","BARCS-original",0.05,100,17,16,13,3,80,4,0.8125,0.764705882352941,0.764705882352941,0.787878787878788,0.1875,0.963855421686747,0.864280652019844,"moi_0.25_quality_0.9_genes_100_replicates_4",20250725,0.25,0.9,100,4,FALSE
"crispulator-f1-threshold-curves-v1","BARCS-original",0.01,100,17,12,11,1,82,6,0.916666666666667,0.647058823529412,0.647058823529412,0.758620689655172,0.0833333333333333,0.987951807228916,0.817505315379164,"moi_0.25_quality_0.9_genes_100_replicates_4",20250725,0.25,0.9,100,4,FALSE
"crispulator-f1-threshold-curves-v1","BARCS-original",0.005,100,17,12,11,1,82,6,0.916666666666667,0.647058823529412,0.647058823529412,0.758620689655172,0.0833333333333333,0.987951807228916,0.817505315379164,"moi_0.25_quality_0.9_genes_100_replicates_4",20250725,0.25,0.9,100,4,FALSE
"crispulator-f1-threshold-curves-v1","BARCS-original",0.001,100,17,10,10,0,83,7,1,0.588235294117647,0.588235294117647,0.740740740740741,0,1,0.794117647058824,"moi_0.25_quality_0.9_genes_100_replicates_4",20250725,0.25,0.9,100,4,FALSE
"crispulator-f1-threshold-curves-v1","BARCS-NORM",0.1,100,17,7,5,2,81,12,0.714285714285714,0.294117647058824,0.294117647058824,0.416666666666667,0.285714285714286,0.975903614457831,0.635010630758327,"moi_0.25_quality_0.9_genes_100_replicates_4",20250725,0.25,0.9,100,4,FALSE
"crispulator-f1-threshold-curves-v1","BARCS-NORM",0.05,100,17,5,3,2,81,14,0.6,0.176470588235294,0.176470588235294,0.272727272727273,0.4,0.975903614457831,0.576187101346563,"moi_0.25_quality_0.9_genes_100_replicates_4",20250725,0.25,0.9,100,4,FALSE
"crispulator-f1-threshold-curves-v1","BARCS-NORM",0.01,100,17,0,0,0,83,17,0,0,0,0,0,1,0.5,"moi_0.25_quality_0.9_genes_100_replicates_4",20250725,0.25,0.9,100,4,FALSE
"crispulator-f1-threshold-curves-v1","BARCS-NORM",0.005,100,17,0,0,0,83,17,0,0,0,0,0,1,0.5,"moi_0.25_quality_0.9_genes_100_replicates_4",20250725,0.25,0.9,100,4,FALSE
"crispulator-f1-threshold-curves-v1","BARCS-NORM",0.001,100,17,0,0,0,83,17,0,0,0,0,0,1,0.5,"moi_0.25_quality_0.9_genes_100_replicates_4",20250725,0.25,0.9,100,4,FALSE
"crispulator-f1-threshold-curves-v1","BARCS-partial",0.1,100,17,15,12,3,80,5,0.8,0.705882352941177,0.705882352941177,0.75,0.2,0.963855421686747,0.834868887313962,"moi_0.25_quality_0.9_genes_100_replicates_4",20250725,0.25,0.9,100,4,FALSE
"crispulator-f1-threshold-curves-v1","BARCS-partial",0.05,100,17,11,10,1,82,7,0.909090909090909,0.588235294117647,0.588235294117647,0.714285714285714,0.0909090909090909,0.987951807228916,0.788093550673281,"moi_0.25_quality_0.9_genes_100_replicates_4",20250725,0.25,0.9,100,4,FALSE
"crispulator-f1-threshold-curves-v1","BARCS-partial",0.01,100,17,7,6,1,82,11,0.857142857142857,0.352941176470588,0.352941176470588,0.5,0.142857142857143,0.987951807228916,0.670446491849752,"moi_0.25_quality_0.9_genes_100_replicates_4",20250725,0.25,0.9,100,4,FALSE
"crispulator-f1-threshold-curves-v1","BARCS-partial",0.005,100,17,6,6,0,83,11,1,0.352941176470588,0.352941176470588,0.521739130434783,0,1,0.676470588235294,"moi_0.25_quality_0.9_genes_100_replicates_4",20250725,0.25,0.9,100,4,FALSE
"crispulator-f1-threshold-curves-v1","BARCS-partial",0.001,100,17,5,5,0,83,12,1,0.294117647058824,0.294117647058824,0.454545454545455,0,1,0.647058823529412,"moi_0.25_quality_0.9_genes_100_replicates_4",20250725,0.25,0.9,100,4,FALSE
"crispulator-f1-threshold-curves-v1","BARCS-EB",0.1,100,17,16,13,3,80,4,0.8125,0.764705882352941,0.764705882352941,0.787878787878788,0.1875,0.963855421686747,0.864280652019844,"moi_0.25_quality_0.9_genes_100_replicates_4",20250725,0.25,0.9,100,4,FALSE
"crispulator-f1-threshold-curves-v1","BARCS-EB",0.05,100,17,14,13,1,82,4,0.928571428571429,0.764705882352941,0.764705882352941,0.838709677419355,0.0714285714285714,0.987951807228916,0.876328844790928,"moi_0.25_quality_0.9_genes_100_replicates_4",20250725,0.25,0.9,100,4,FALSE
"crispulator-f1-threshold-curves-v1","BARCS-EB",0.01,100,17,12,11,1,82,6,0.916666666666667,0.647058823529412,0.647058823529412,0.758620689655172,0.0833333333333333,0.987951807228916,0.817505315379164,"moi_0.25_quality_0.9_genes_100_replicates_4",20250725,0.25,0.9,100,4,FALSE
"crispulator-f1-threshold-curves-v1","BARCS-EB",0.005,100,17,12,11,1,82,6,0.916666666666667,0.647058823529412,0.647058823529412,0.758620689655172,0.0833333333333333,0.987951807228916,0.817505315379164,"moi_0.25_quality_0.9_genes_100_replicates_4",20250725,0.25,0.9,100,4,FALSE
"crispulator-f1-threshold-curves-v1","BARCS-EB",0.001,100,17,8,8,0,83,9,1,0.470588235294118,0.470588235294118,0.64,0,1,0.735294117647059,"moi_0.25_quality_0.9_genes_100_replicates_4",20250725,0.25,0.9,100,4,FALSE
"crispulator-f1-threshold-curves-v1","MAGeCK-MLE",0.1,100,17,15,11,4,79,6,0.733333333333333,0.647058823529412,0.647058823529412,0.6875,0.266666666666667,0.951807228915663,0.799433026222537,"moi_0.25_quality_0.9_genes_100_replicates_4",20250725,0.25,0.9,100,4,FALSE
"crispulator-f1-threshold-curves-v1","MAGeCK-MLE",0.05,100,17,12,11,1,82,6,0.916666666666667,0.647058823529412,0.647058823529412,0.758620689655172,0.0833333333333333,0.987951807228916,0.817505315379164,"moi_0.25_quality_0.9_genes_100_replicates_4",20250725,0.25,0.9,100,4,FALSE
"crispulator-f1-threshold-curves-v1","MAGeCK-MLE",0.01,100,17,9,8,1,82,9,0.888888888888889,0.470588235294118,0.470588235294118,0.615384615384615,0.111111111111111,0.987951807228916,0.729270021261517,"moi_0.25_quality_0.9_genes_100_replicates_4",20250725,0.25,0.9,100,4,FALSE
"crispulator-f1-threshold-curves-v1","MAGeCK-MLE",0.005,100,17,8,7,1,82,10,0.875,0.411764705882353,0.411764705882353,0.56,0.125,0.987951807228916,0.699858256555634,"moi_0.25_quality_0.9_genes_100_replicates_4",20250725,0.25,0.9,100,4,FALSE
"crispulator-f1-threshold-curves-v1","MAGeCK-MLE",0.001,100,17,3,3,0,83,14,1,0.176470588235294,0.176470588235294,0.3,0,1,0.588235294117647,"moi_0.25_quality_0.9_genes_100_replicates_4",20250725,0.25,0.9,100,4,FALSE
"crispulator-f1-threshold-curves-v1","edgeR-QL",0.1,100,17,23,15,8,75,2,0.652173913043478,0.88235294117647,0.88235294117647,0.75,0.347826086956522,0.903614457831325,0.892983699503898,"moi_0.25_quality_0.9_genes_100_replicates_4",20250725,0.25,0.9,100,4,FALSE
"crispulator-f1-threshold-curves-v1","edgeR-QL",0.05,100,17,20,14,6,77,3,0.7,0.823529411764706,0.823529411764706,0.756756756756757,0.3,0.927710843373494,0.8756201275691,"moi_0.25_quality_0.9_genes_100_replicates_4",20250725,0.25,0.9,100,4,FALSE
"crispulator-f1-threshold-curves-v1","edgeR-QL",0.01,100,17,17,13,4,79,4,0.764705882352941,0.764705882352941,0.764705882352941,0.764705882352941,0.235294117647059,0.951807228915663,0.858256555634302,"moi_0.25_quality_0.9_genes_100_replicates_4",20250725,0.25,0.9,100,4,FALSE
"crispulator-f1-threshold-curves-v1","edgeR-QL",0.005,100,17,16,13,3,80,4,0.8125,0.764705882352941,0.764705882352941,0.787878787878788,0.1875,0.963855421686747,0.864280652019844,"moi_0.25_quality_0.9_genes_100_replicates_4",20250725,0.25,0.9,100,4,FALSE
"crispulator-f1-threshold-curves-v1","edgeR-QL",0.001,100,17,14,13,1,82,4,0.928571428571429,0.764705882352941,0.764705882352941,0.838709677419355,0.0714285714285714,0.987951807228916,0.876328844790928,"moi_0.25_quality_0.9_genes_100_replicates_4",20250725,0.25,0.9,100,4,FALSE
"crispulator-f1-threshold-curves-v1","DESeq2",0.1,100,17,24,15,9,74,2,0.625,0.88235294117647,0.88235294117647,0.731707317073171,0.375,0.891566265060241,0.886959603118356,"moi_0.25_quality_0.9_genes_100_replicates_4",20250725,0.25,0.9,100,4,FALSE
"crispulator-f1-threshold-curves-v1","DESeq2",0.05,100,17,21,15,6,77,2,0.714285714285714,0.88235294117647,0.88235294117647,0.789473684210526,0.285714285714286,0.927710843373494,0.905031892274982,"moi_0.25_quality_0.9_genes_100_replicates_4",20250725,0.25,0.9,100,4,FALSE
"crispulator-f1-threshold-curves-v1","DESeq2",0.01,100,17,17,13,4,79,4,0.764705882352941,0.764705882352941,0.764705882352941,0.764705882352941,0.235294117647059,0.951807228915663,0.858256555634302,"moi_0.25_quality_0.9_genes_100_replicates_4",20250725,0.25,0.9,100,4,FALSE
"crispulator-f1-threshold-curves-v1","DESeq2",0.005,100,17,16,13,3,80,4,0.8125,0.764705882352941,0.764705882352941,0.787878787878788,0.1875,0.963855421686747,0.864280652019844,"moi_0.25_quality_0.9_genes_100_replicates_4",20250725,0.25,0.9,100,4,FALSE
"crispulator-f1-threshold-curves-v1","DESeq2",0.001,100,17,14,13,1,82,4,0.928571428571429,0.764705882352941,0.764705882352941,0.838709677419355,0.0714285714285714,0.987951807228916,0.876328844790928,"moi_0.25_quality_0.9_genes_100_replicates_4",20250725,0.25,0.9,100,4,FALSE
"crispulator-f1-threshold-curves-v1","limma-voom",0.1,100,17,23,15,8,75,2,0.652173913043478,0.88235294117647,0.88235294117647,0.75,0.347826086956522,0.903614457831325,0.892983699503898,"moi_0.25_quality_0.9_genes_100_replicates_4",20250725,0.25,0.9,100,4,FALSE
"crispulator-f1-threshold-curves-v1","limma-voom",0.05,100,17,21,15,6,77,2,0.714285714285714,0.88235294117647,0.88235294117647,0.789473684210526,0.285714285714286,0.927710843373494,0.905031892274982,"moi_0.25_quality_0.9_genes_100_replicates_4",20250725,0.25,0.9,100,4,FALSE
"crispulator-f1-threshold-curves-v1","limma-voom",0.01,100,17,16,13,3,80,4,0.8125,0.764705882352941,0.764705882352941,0.787878787878788,0.1875,0.963855421686747,0.864280652019844,"moi_0.25_quality_0.9_genes_100_replicates_4",20250725,0.25,0.9,100,4,FALSE
"crispulator-f1-threshold-curves-v1","limma-voom",0.005,100,17,16,13,3,80,4,0.8125,0.764705882352941,0.764705882352941,0.787878787878788,0.1875,0.963855421686747,0.864280652019844,"moi_0.25_quality_0.9_genes_100_replicates_4",20250725,0.25,0.9,100,4,FALSE
"crispulator-f1-threshold-curves-v1","limma-voom",0.001,100,17,12,12,0,83,5,1,0.705882352941177,0.705882352941177,0.827586206896552,0,1,0.852941176470588,"moi_0.25_quality_0.9_genes_100_replicates_4",20250725,0.25,0.9,100,4,FALSE
"crispulator-f1-threshold-curves-v1","BARCS-original",0.1,100,19,14,12,2,79,7,0.857142857142857,0.631578947368421,0.631578947368421,0.727272727272727,0.142857142857143,0.975308641975309,0.803443794671865,"moi_0.25_quality_0.9_genes_100_replicates_4",20250726,0.25,0.9,100,4,FALSE
"crispulator-f1-threshold-curves-v1","BARCS-original",0.05,100,19,13,12,1,80,7,0.923076923076923,0.631578947368421,0.631578947368421,0.75,0.0769230769230769,0.987654320987654,0.809616634178038,"moi_0.25_quality_0.9_genes_100_replicates_4",20250726,0.25,0.9,100,4,FALSE
"crispulator-f1-threshold-curves-v1","BARCS-original",0.01,100,19,6,6,0,81,13,1,0.31578947368421,0.31578947368421,0.48,0,1,0.657894736842105,"moi_0.25_quality_0.9_genes_100_replicates_4",20250726,0.25,0.9,100,4,FALSE
"crispulator-f1-threshold-curves-v1","BARCS-original",0.005,100,19,3,3,0,81,16,1,0.157894736842105,0.157894736842105,0.272727272727273,0,1,0.578947368421053,"moi_0.25_quality_0.9_genes_100_replicates_4",20250726,0.25,0.9,100,4,FALSE
"crispulator-f1-threshold-curves-v1","BARCS-original",0.001,100,19,2,2,0,81,17,1,0.105263157894737,0.105263157894737,0.19047619047619,0,1,0.552631578947368,"moi_0.25_quality_0.9_genes_100_replicates_4",20250726,0.25,0.9,100,4,FALSE
"crispulator-f1-threshold-curves-v1","BARCS-NORM",0.1,100,19,1,1,0,81,18,1,0.0526315789473684,0.0526315789473684,0.1,0,1,0.526315789473684,"moi_0.25_quality_0.9_genes_100_replicates_4",20250726,0.25,0.9,100,4,FALSE
"crispulator-f1-threshold-curves-v1","BARCS-NORM",0.05,100,19,1,1,0,81,18,1,0.0526315789473684,0.0526315789473684,0.1,0,1,0.526315789473684,"moi_0.25_quality_0.9_genes_100_replicates_4",20250726,0.25,0.9,100,4,FALSE
"crispulator-f1-threshold-curves-v1","BARCS-NORM",0.01,100,19,0,0,0,81,19,0,0,0,0,0,1,0.5,"moi_0.25_quality_0.9_genes_100_replicates_4",20250726,0.25,0.9,100,4,FALSE
"crispulator-f1-threshold-curves-v1","BARCS-NORM",0.005,100,19,0,0,0,81,19,0,0,0,0,0,1,0.5,"moi_0.25_quality_0.9_genes_100_replicates_4",20250726,0.25,0.9,100,4,FALSE
"crispulator-f1-threshold-curves-v1","BARCS-NORM",0.001,100,19,0,0,0,81,19,0,0,0,0,0,1,0.5,"moi_0.25_quality_0.9_genes_100_replicates_4",20250726,0.25,0.9,100,4,FALSE
"crispulator-f1-threshold-curves-v1","BARCS-partial",0.1,100,19,7,7,0,81,12,1,0.368421052631579,0.368421052631579,0.538461538461538,0,1,0.68421052631579,"moi_0.25_quality_0.9_genes_100_replicates_4",20250726,0.25,0.9,100,4,FALSE
"crispulator-f1-threshold-curves-v1","BARCS-partial",0.05,100,19,6,6,0,81,13,1,0.31578947368421,0.31578947368421,0.48,0,1,0.657894736842105,"moi_0.25_quality_0.9_genes_100_replicates_4",20250726,0.25,0.9,100,4,FALSE
"crispulator-f1-threshold-curves-v1","BARCS-partial",0.01,100,19,6,6,0,81,13,1,0.31578947368421,0.31578947368421,0.48,0,1,0.657894736842105,"moi_0.25_quality_0.9_genes_100_replicates_4",20250726,0.25,0.9,100,4,FALSE
"crispulator-f1-threshold-curves-v1","BARCS-partial",0.005,100,19,5,5,0,81,14,1,0.263157894736842,0.263157894736842,0.416666666666667,0,1,0.631578947368421,"moi_0.25_quality_0.9_genes_100_replicates_4",20250726,0.25,0.9,100,4,FALSE
"crispulator-f1-threshold-curves-v1","BARCS-partial",0.001,100,19,3,3,0,81,16,1,0.157894736842105,0.157894736842105,0.272727272727273,0,1,0.578947368421053,"moi_0.25_quality_0.9_genes_100_replicates_4",20250726,0.25,0.9,100,4,FALSE
"crispulator-f1-threshold-curves-v1","BARCS-EB",0.1,100,19,10,10,0,81,9,1,0.526315789473684,0.526315789473684,0.689655172413793,0,1,0.763157894736842,"moi_0.25_quality_0.9_genes_100_replicates_4",20250726,0.25,0.9,100,4,FALSE
"crispulator-f1-threshold-curves-v1","BARCS-EB",0.05,100,19,9,9,0,81,10,1,0.473684210526316,0.473684210526316,0.642857142857143,0,1,0.736842105263158,"moi_0.25_quality_0.9_genes_100_replicates_4",20250726,0.25,0.9,100,4,FALSE
"crispulator-f1-threshold-curves-v1","BARCS-EB",0.01,100,19,5,5,0,81,14,1,0.263157894736842,0.263157894736842,0.416666666666667,0,1,0.631578947368421,"moi_0.25_quality_0.9_genes_100_replicates_4",20250726,0.25,0.9,100,4,FALSE
"crispulator-f1-threshold-curves-v1","BARCS-EB",0.005,100,19,3,3,0,81,16,1,0.157894736842105,0.157894736842105,0.272727272727273,0,1,0.578947368421053,"moi_0.25_quality_0.9_genes_100_replicates_4",20250726,0.25,0.9,100,4,FALSE
"crispulator-f1-threshold-curves-v1","BARCS-EB",0.001,100,19,1,1,0,81,18,1,0.0526315789473684,0.0526315789473684,0.1,0,1,0.526315789473684,"moi_0.25_quality_0.9_genes_100_replicates_4",20250726,0.25,0.9,100,4,FALSE
"crispulator-f1-threshold-curves-v1","MAGeCK-MLE",0.1,100,19,15,12,3,78,7,0.8,0.631578947368421,0.631578947368421,0.705882352941177,0.2,0.962962962962963,0.797270955165692,"moi_0.25_quality_0.9_genes_100_replicates_4",20250726,0.25,0.9,100,4,FALSE
"crispulator-f1-threshold-curves-v1","MAGeCK-MLE",0.05,100,19,10,8,2,79,11,0.8,0.421052631578947,0.421052631578947,0.551724137931034,0.2,0.975308641975309,0.698180636777128,"moi_0.25_quality_0.9_genes_100_replicates_4",20250726,0.25,0.9,100,4,FALSE
"crispulator-f1-threshold-curves-v1","MAGeCK-MLE",0.01,100,19,4,4,0,81,15,1,0.210526315789474,0.210526315789474,0.347826086956522,0,1,0.605263157894737,"moi_0.25_quality_0.9_genes_100_replicates_4",20250726,0.25,0.9,100,4,FALSE
"crispulator-f1-threshold-curves-v1","MAGeCK-MLE",0.005,100,19,4,4,0,81,15,1,0.210526315789474,0.210526315789474,0.347826086956522,0,1,0.605263157894737,"moi_0.25_quality_0.9_genes_100_replicates_4",20250726,0.25,0.9,100,4,FALSE
"crispulator-f1-threshold-curves-v1","MAGeCK-MLE",0.001,100,19,2,2,0,81,17,1,0.105263157894737,0.105263157894737,0.19047619047619,0,1,0.552631578947368,"moi_0.25_quality_0.9_genes_100_replicates_4",20250726,0.25,0.9,100,4,FALSE
"crispulator-f1-threshold-curves-v1","edgeR-QL",0.1,100,19,22,15,7,74,4,0.681818181818182,0.789473684210526,0.789473684210526,0.731707317073171,0.318181818181818,0.91358024691358,0.851526965562053,"moi_0.25_quality_0.9_genes_100_replicates_4",20250726,0.25,0.9,100,4,FALSE
"crispulator-f1-threshold-curves-v1","edgeR-QL",0.05,100,19,20,15,5,76,4,0.75,0.789473684210526,0.789473684210526,0.769230769230769,0.25,0.938271604938272,0.863872644574399,"moi_0.25_quality_0.9_genes_100_replicates_4",20250726,0.25,0.9,100,4,FALSE
"crispulator-f1-threshold-curves-v1","edgeR-QL",0.01,100,19,16,14,2,79,5,0.875,0.736842105263158,0.736842105263158,0.8,0.125,0.975308641975309,0.856075373619233,"moi_0.25_quality_0.9_genes_100_replicates_4",20250726,0.25,0.9,100,4,FALSE
"crispulator-f1-threshold-curves-v1","edgeR-QL",0.005,100,19,14,13,1,80,6,0.928571428571429,0.68421052631579,0.68421052631579,0.787878787878788,0.0714285714285714,0.987654320987654,0.835932423651722,"moi_0.25_quality_0.9_genes_100_replicates_4",20250726,0.25,0.9,100,4,FALSE
"crispulator-f1-threshold-curves-v1","edgeR-QL",0.001,100,19,14,13,1,80,6,0.928571428571429,0.68421052631579,0.68421052631579,0.787878787878788,0.0714285714285714,0.987654320987654,0.835932423651722,"moi_0.25_quality_0.9_genes_100_replicates_4",20250726,0.25,0.9,100,4,FALSE
"crispulator-f1-threshold-curves-v1","DESeq2",0.1,100,19,22,15,7,74,4,0.681818181818182,0.789473684210526,0.789473684210526,0.731707317073171,0.318181818181818,0.91358024691358,0.851526965562053,"moi_0.25_quality_0.9_genes_100_replicates_4",20250726,0.25,0.9,100,4,FALSE
"crispulator-f1-threshold-curves-v1","DESeq2",0.05,100,19,19,15,4,77,4,0.789473684210526,0.789473684210526,0.789473684210526,0.789473684210526,0.210526315789474,0.950617283950617,0.870045484080572,"moi_0.25_quality_0.9_genes_100_replicates_4",20250726,0.25,0.9,100,4,FALSE
"crispulator-f1-threshold-curves-v1","DESeq2",0.01,100,19,16,14,2,79,5,0.875,0.736842105263158,0.736842105263158,0.8,0.125,0.975308641975309,0.856075373619233,"moi_0.25_quality_0.9_genes_100_replicates_4",20250726,0.25,0.9,100,4,FALSE
"crispulator-f1-threshold-curves-v1","DESeq2",0.005,100,19,14,13,1,80,6,0.928571428571429,0.68421052631579,0.68421052631579,0.787878787878788,0.0714285714285714,0.987654320987654,0.835932423651722,"moi_0.25_quality_0.9_genes_100_replicates_4",20250726,0.25,0.9,100,4,FALSE
"crispulator-f1-threshold-curves-v1","DESeq2",0.001,100,19,14,13,1,80,6,0.928571428571429,0.68421052631579,0.68421052631579,0.787878787878788,0.0714285714285714,0.987654320987654,0.835932423651722,"moi_0.25_quality_0.9_genes_100_replicates_4",20250726,0.25,0.9,100,4,FALSE
"crispulator-f1-threshold-curves-v1","limma-voom",0.1,100,19,21,15,6,75,4,0.714285714285714,0.789473684210526,0.789473684210526,0.75,0.285714285714286,0.925925925925926,0.857699805068226,"moi_0.25_quality_0.9_genes_100_replicates_4",20250726,0.25,0.9,100,4,FALSE
"crispulator-f1-threshold-curves-v1","limma-voom",0.05,100,19,20,15,5,76,4,0.75,0.789473684210526,0.789473684210526,0.769230769230769,0.25,0.938271604938272,0.863872644574399,"moi_0.25_quality_0.9_genes_100_replicates_4",20250726,0.25,0.9,100,4,FALSE
"crispulator-f1-threshold-curves-v1","limma-voom",0.01,100,19,17,14,3,78,5,0.823529411764706,0.736842105263158,0.736842105263158,0.777777777777778,0.176470588235294,0.962962962962963,0.84990253411306,"moi_0.25_quality_0.9_genes_100_replicates_4",20250726,0.25,0.9,100,4,FALSE
"crispulator-f1-threshold-curves-v1","limma-voom",0.005,100,19,15,13,2,79,6,0.866666666666667,0.68421052631579,0.68421052631579,0.764705882352941,0.133333333333333,0.975308641975309,0.829759584145549,"moi_0.25_quality_0.9_genes_100_replicates_4",20250726,0.25,0.9,100,4,FALSE
"crispulator-f1-threshold-curves-v1","limma-voom",0.001,100,19,14,13,1,80,6,0.928571428571429,0.68421052631579,0.68421052631579,0.787878787878788,0.0714285714285714,0.987654320987654,0.835932423651722,"moi_0.25_quality_0.9_genes_100_replicates_4",20250726,0.25,0.9,100,4,FALSE
"crispulator-f1-threshold-curves-v1","BARCS-original",0.1,100,30,25,22,3,67,8,0.88,0.733333333333333,0.733333333333333,0.8,0.12,0.957142857142857,0.845238095238095,"moi_0.25_quality_0.9_genes_100_replicates_4",20250727,0.25,0.9,100,4,FALSE
"crispulator-f1-threshold-curves-v1","BARCS-original",0.05,100,30,21,19,2,68,11,0.904761904761905,0.633333333333333,0.633333333333333,0.745098039215686,0.0952380952380952,0.971428571428571,0.802380952380952,"moi_0.25_quality_0.9_genes_100_replicates_4",20250727,0.25,0.9,100,4,FALSE
"crispulator-f1-threshold-curves-v1","BARCS-original",0.01,100,30,17,16,1,69,14,0.941176470588235,0.533333333333333,0.533333333333333,0.680851063829787,0.0588235294117647,0.985714285714286,0.75952380952381,"moi_0.25_quality_0.9_genes_100_replicates_4",20250727,0.25,0.9,100,4,FALSE
"crispulator-f1-threshold-curves-v1","BARCS-original",0.005,100,30,10,10,0,70,20,1,0.333333333333333,0.333333333333333,0.5,0,1,0.666666666666667,"moi_0.25_quality_0.9_genes_100_replicates_4",20250727,0.25,0.9,100,4,FALSE
"crispulator-f1-threshold-curves-v1","BARCS-original",0.001,100,30,7,7,0,70,23,1,0.233333333333333,0.233333333333333,0.378378378378378,0,1,0.616666666666667,"moi_0.25_quality_0.9_genes_100_replicates_4",20250727,0.25,0.9,100,4,FALSE
"crispulator-f1-threshold-curves-v1","BARCS-NORM",0.1,100,30,4,4,0,70,26,1,0.133333333333333,0.133333333333333,0.235294117647059,0,1,0.566666666666667,"moi_0.25_quality_0.9_genes_100_replicates_4",20250727,0.25,0.9,100,4,FALSE
"crispulator-f1-threshold-curves-v1","BARCS-NORM",0.05,100,30,1,1,0,70,29,1,0.0333333333333333,0.0333333333333333,0.0645161290322581,0,1,0.516666666666667,"moi_0.25_quality_0.9_genes_100_replicates_4",20250727,0.25,0.9,100,4,FALSE
"crispulator-f1-threshold-curves-v1","BARCS-NORM",0.01,100,30,0,0,0,70,30,0,0,0,0,0,1,0.5,"moi_0.25_quality_0.9_genes_100_replicates_4",20250727,0.25,0.9,100,4,FALSE
"crispulator-f1-threshold-curves-v1","BARCS-NORM",0.005,100,30,0,0,0,70,30,0,0,0,0,0,1,0.5,"moi_0.25_quality_0.9_genes_100_replicates_4",20250727,0.25,0.9,100,4,FALSE
"crispulator-f1-threshold-curves-v1","BARCS-NORM",0.001,100,30,0,0,0,70,30,0,0,0,0,0,1,0.5,"moi_0.25_quality_0.9_genes_100_replicates_4",20250727,0.25,0.9,100,4,FALSE
"crispulator-f1-threshold-curves-v1","BARCS-partial",0.1,100,30,9,9,0,70,21,1,0.3,0.3,0.461538461538462,0,1,0.65,"moi_0.25_quality_0.9_genes_100_replicates_4",20250727,0.25,0.9,100,4,FALSE
"crispulator-f1-threshold-curves-v1","BARCS-partial",0.05,100,30,9,9,0,70,21,1,0.3,0.3,0.461538461538462,0,1,0.65,"moi_0.25_quality_0.9_genes_100_replicates_4",20250727,0.25,0.9,100,4,FALSE
"crispulator-f1-threshold-curves-v1","BARCS-partial",0.01,100,30,6,6,0,70,24,1,0.2,0.2,0.333333333333333,0,1,0.6,"moi_0.25_quality_0.9_genes_100_replicates_4",20250727,0.25,0.9,100,4,FALSE
"crispulator-f1-threshold-curves-v1","BARCS-partial",0.005,100,30,6,6,0,70,24,1,0.2,0.2,0.333333333333333,0,1,0.6,"moi_0.25_quality_0.9_genes_100_replicates_4",20250727,0.25,0.9,100,4,FALSE
"crispulator-f1-threshold-curves-v1","BARCS-partial",0.001,100,30,4,4,0,70,26,1,0.133333333333333,0.133333333333333,0.235294117647059,0,1,0.566666666666667,"moi_0.25_quality_0.9_genes_100_replicates_4",20250727,0.25,0.9,100,4,FALSE
"crispulator-f1-threshold-curves-v1","BARCS-EB",0.1,100,30,11,11,0,70,19,1,0.366666666666667,0.366666666666667,0.536585365853658,0,1,0.683333333333333,"moi_0.25_quality_0.9_genes_100_replicates_4",20250727,0.25,0.9,100,4,FALSE
"crispulator-f1-threshold-curves-v1","BARCS-EB",0.05,100,30,9,9,0,70,21,1,0.3,0.3,0.461538461538462,0,1,0.65,"moi_0.25_quality_0.9_genes_100_replicates_4",20250727,0.25,0.9,100,4,FALSE
"crispulator-f1-threshold-curves-v1","BARCS-EB",0.01,100,30,4,4,0,70,26,1,0.133333333333333,0.133333333333333,0.235294117647059,0,1,0.566666666666667,"moi_0.25_quality_0.9_genes_100_replicates_4",20250727,0.25,0.9,100,4,FALSE
"crispulator-f1-threshold-curves-v1","BARCS-EB",0.005,100,30,4,4,0,70,26,1,0.133333333333333,0.133333333333333,0.235294117647059,0,1,0.566666666666667,"moi_0.25_quality_0.9_genes_100_replicates_4",20250727,0.25,0.9,100,4,FALSE
"crispulator-f1-threshold-curves-v1","BARCS-EB",0.001,100,30,3,3,0,70,27,1,0.1,0.1,0.181818181818182,0,1,0.55,"moi_0.25_quality_0.9_genes_100_replicates_4",20250727,0.25,0.9,100,4,FALSE
"crispulator-f1-threshold-curves-v1","MAGeCK-MLE",0.1,100,30,24,21,3,67,9,0.875,0.7,0.7,0.777777777777778,0.125,0.957142857142857,0.828571428571429,"moi_0.25_quality_0.9_genes_100_replicates_4",20250727,0.25,0.9,100,4,FALSE
"crispulator-f1-threshold-curves-v1","MAGeCK-MLE",0.05,100,30,21,20,1,69,10,0.952380952380952,0.666666666666667,0.666666666666667,0.784313725490196,0.0476190476190476,0.985714285714286,0.826190476190476,"moi_0.25_quality_0.9_genes_100_replicates_4",20250727,0.25,0.9,100,4,FALSE
"crispulator-f1-threshold-curves-v1","MAGeCK-MLE",0.01,100,30,11,11,0,70,19,1,0.366666666666667,0.366666666666667,0.536585365853658,0,1,0.683333333333333,"moi_0.25_quality_0.9_genes_100_replicates_4",20250727,0.25,0.9,100,4,FALSE
"crispulator-f1-threshold-curves-v1","MAGeCK-MLE",0.005,100,30,7,7,0,70,23,1,0.233333333333333,0.233333333333333,0.378378378378378,0,1,0.616666666666667,"moi_0.25_quality_0.9_genes_100_replicates_4",20250727,0.25,0.9,100,4,FALSE
"crispulator-f1-threshold-curves-v1","MAGeCK-MLE",0.001,100,30,4,4,0,70,26,1,0.133333333333333,0.133333333333333,0.235294117647059,0,1,0.566666666666667,"moi_0.25_quality_0.9_genes_100_replicates_4",20250727,0.25,0.9,100,4,FALSE
"crispulator-f1-threshold-curves-v1","edgeR-QL",0.1,100,30,31,23,8,62,7,0.741935483870968,0.766666666666667,0.766666666666667,0.754098360655738,0.258064516129032,0.885714285714286,0.826190476190476,"moi_0.25_quality_0.9_genes_100_replicates_4",20250727,0.25,0.9,100,4,FALSE
"crispulator-f1-threshold-curves-v1","edgeR-QL",0.05,100,30,28,23,5,65,7,0.821428571428571,0.766666666666667,0.766666666666667,0.793103448275862,0.178571428571429,0.928571428571429,0.847619047619048,"moi_0.25_quality_0.9_genes_100_replicates_4",20250727,0.25,0.9,100,4,FALSE
"crispulator-f1-threshold-curves-v1","edgeR-QL",0.01,100,30,25,22,3,67,8,0.88,0.733333333333333,0.733333333333333,0.8,0.12,0.957142857142857,0.845238095238095,"moi_0.25_quality_0.9_genes_100_replicates_4",20250727,0.25,0.9,100,4,FALSE
"crispulator-f1-threshold-curves-v1","edgeR-QL",0.005,100,30,21,19,2,68,11,0.904761904761905,0.633333333333333,0.633333333333333,0.745098039215686,0.0952380952380952,0.971428571428571,0.802380952380952,"moi_0.25_quality_0.9_genes_100_replicates_4",20250727,0.25,0.9,100,4,FALSE
"crispulator-f1-threshold-curves-v1","edgeR-QL",0.001,100,30,18,17,1,69,13,0.944444444444444,0.566666666666667,0.566666666666667,0.708333333333333,0.0555555555555556,0.985714285714286,0.776190476190476,"moi_0.25_quality_0.9_genes_100_replicates_4",20250727,0.25,0.9,100,4,FALSE
"crispulator-f1-threshold-curves-v1","DESeq2",0.1,100,30,31,25,6,64,5,0.806451612903226,0.833333333333333,0.833333333333333,0.819672131147541,0.193548387096774,0.914285714285714,0.873809523809524,"moi_0.25_quality_0.9_genes_100_replicates_4",20250727,0.25,0.9,100,4,FALSE
"crispulator-f1-threshold-curves-v1","DESeq2",0.05,100,30,29,24,5,65,6,0.827586206896552,0.8,0.8,0.813559322033898,0.172413793103448,0.928571428571429,0.864285714285714,"moi_0.25_quality_0.9_genes_100_replicates_4",20250727,0.25,0.9,100,4,FALSE
"crispulator-f1-threshold-curves-v1","DESeq2",0.01,100,30,25,22,3,67,8,0.88,0.733333333333333,0.733333333333333,0.8,0.12,0.957142857142857,0.845238095238095,"moi_0.25_quality_0.9_genes_100_replicates_4",20250727,0.25,0.9,100,4,FALSE
"crispulator-f1-threshold-curves-v1","DESeq2",0.005,100,30,23,21,2,68,9,0.91304347826087,0.7,0.7,0.792452830188679,0.0869565217391304,0.971428571428571,0.835714285714286,"moi_0.25_quality_0.9_genes_100_replicates_4",20250727,0.25,0.9,100,4,FALSE
"crispulator-f1-threshold-curves-v1","DESeq2",0.001,100,30,21,19,2,68,11,0.904761904761905,0.633333333333333,0.633333333333333,0.745098039215686,0.0952380952380952,0.971428571428571,0.802380952380952,"moi_0.25_quality_0.9_genes_100_replicates_4",20250727,0.25,0.9,100,4,FALSE
"crispulator-f1-threshold-curves-v1","limma-voom",0.1,100,30,30,23,7,63,7,0.766666666666667,0.766666666666667,0.766666666666667,0.766666666666667,0.233333333333333,0.9,0.833333333333333,"moi_0.25_quality_0.9_genes_100_replicates_4",20250727,0.25,0.9,100,4,FALSE
"crispulator-f1-threshold-curves-v1","limma-voom",0.05,100,30,29,23,6,64,7,0.793103448275862,0.766666666666667,0.766666666666667,0.779661016949153,0.206896551724138,0.914285714285714,0.84047619047619,"moi_0.25_quality_0.9_genes_100_replicates_4",20250727,0.25,0.9,100,4,FALSE
"crispulator-f1-threshold-curves-v1","limma-voom",0.01,100,30,23,21,2,68,9,0.91304347826087,0.7,0.7,0.792452830188679,0.0869565217391304,0.971428571428571,0.835714285714286,"moi_0.25_quality_0.9_genes_100_replicates_4",20250727,0.25,0.9,100,4,FALSE
"crispulator-f1-threshold-curves-v1","limma-voom",0.005,100,30,21,19,2,68,11,0.904761904761905,0.633333333333333,0.633333333333333,0.745098039215686,0.0952380952380952,0.971428571428571,0.802380952380952,"moi_0.25_quality_0.9_genes_100_replicates_4",20250727,0.25,0.9,100,4,FALSE
"crispulator-f1-threshold-curves-v1","limma-voom",0.001,100,30,18,17,1,69,13,0.944444444444444,0.566666666666667,0.566666666666667,0.708333333333333,0.0555555555555556,0.985714285714286,0.776190476190476,"moi_0.25_quality_0.9_genes_100_replicates_4",20250727,0.25,0.9,100,4,FALSE
"crispulator-f1-threshold-curves-v1","BARCS-original",0.1,100,23,24,19,5,72,4,0.791666666666667,0.826086956521739,0.826086956521739,0.808510638297872,0.208333333333333,0.935064935064935,0.880575945793337,"moi_0.25_quality_0.9_genes_100_replicates_4",20250728,0.25,0.9,100,4,FALSE
"crispulator-f1-threshold-curves-v1","BARCS-original",0.05,100,23,21,17,4,73,6,0.80952380952381,0.739130434782609,0.739130434782609,0.772727272727273,0.19047619047619,0.948051948051948,0.843591191417278,"moi_0.25_quality_0.9_genes_100_replicates_4",20250728,0.25,0.9,100,4,FALSE
"crispulator-f1-threshold-curves-v1","BARCS-original",0.01,100,23,18,17,1,76,6,0.944444444444444,0.739130434782609,0.739130434782609,0.829268292682927,0.0555555555555556,0.987012987012987,0.863071710897798,"moi_0.25_quality_0.9_genes_100_replicates_4",20250728,0.25,0.9,100,4,FALSE
"crispulator-f1-threshold-curves-v1","BARCS-original",0.005,100,23,15,14,1,76,9,0.933333333333333,0.608695652173913,0.608695652173913,0.736842105263158,0.0666666666666667,0.987012987012987,0.79785431959345,"moi_0.25_quality_0.9_genes_100_replicates_4",20250728,0.25,0.9,100,4,FALSE
"crispulator-f1-threshold-curves-v1","BARCS-original",0.001,100,23,12,12,0,77,11,1,0.521739130434783,0.521739130434783,0.685714285714286,0,1,0.760869565217391,"moi_0.25_quality_0.9_genes_100_replicates_4",20250728,0.25,0.9,100,4,FALSE
"crispulator-f1-threshold-curves-v1","BARCS-NORM",0.1,100,23,4,4,0,77,19,1,0.173913043478261,0.173913043478261,0.296296296296296,0,1,0.58695652173913,"moi_0.25_quality_0.9_genes_100_replicates_4",20250728,0.25,0.9,100,4,FALSE
"crispulator-f1-threshold-curves-v1","BARCS-NORM",0.05,100,23,3,3,0,77,20,1,0.130434782608696,0.130434782608696,0.230769230769231,0,1,0.565217391304348,"moi_0.25_quality_0.9_genes_100_replicates_4",20250728,0.25,0.9,100,4,FALSE
"crispulator-f1-threshold-curves-v1","BARCS-NORM",0.01,100,23,0,0,0,77,23,0,0,0,0,0,1,0.5,"moi_0.25_quality_0.9_genes_100_replicates_4",20250728,0.25,0.9,100,4,FALSE
"crispulator-f1-threshold-curves-v1","BARCS-NORM",0.005,100,23,0,0,0,77,23,0,0,0,0,0,1,0.5,"moi_0.25_quality_0.9_genes_100_replicates_4",20250728,0.25,0.9,100,4,FALSE
"crispulator-f1-threshold-curves-v1","BARCS-NORM",0.001,100,23,0,0,0,77,23,0,0,0,0,0,1,0.5,"moi_0.25_quality_0.9_genes_100_replicates_4",20250728,0.25,0.9,100,4,FALSE
"crispulator-f1-threshold-curves-v1","BARCS-partial",0.1,100,23,9,9,0,77,14,1,0.391304347826087,0.391304347826087,0.5625,0,1,0.695652173913043,"moi_0.25_quality_0.9_genes_100_replicates_4",20250728,0.25,0.9,100,4,FALSE
"crispulator-f1-threshold-curves-v1","BARCS-partial",0.05,100,23,7,7,0,77,16,1,0.304347826086957,0.304347826086957,0.466666666666667,0,1,0.652173913043478,"moi_0.25_quality_0.9_genes_100_replicates_4",20250728,0.25,0.9,100,4,FALSE
"crispulator-f1-threshold-curves-v1","BARCS-partial",0.01,100,23,6,6,0,77,17,1,0.260869565217391,0.260869565217391,0.413793103448276,0,1,0.630434782608696,"moi_0.25_quality_0.9_genes_100_replicates_4",20250728,0.25,0.9,100,4,FALSE
"crispulator-f1-threshold-curves-v1","BARCS-partial",0.005,100,23,5,5,0,77,18,1,0.217391304347826,0.217391304347826,0.357142857142857,0,1,0.608695652173913,"moi_0.25_quality_0.9_genes_100_replicates_4",20250728,0.25,0.9,100,4,FALSE
"crispulator-f1-threshold-curves-v1","BARCS-partial",0.001,100,23,4,4,0,77,19,1,0.173913043478261,0.173913043478261,0.296296296296296,0,1,0.58695652173913,"moi_0.25_quality_0.9_genes_100_replicates_4",20250728,0.25,0.9,100,4,FALSE
"crispulator-f1-threshold-curves-v1","BARCS-EB",0.1,100,23,15,15,0,77,8,1,0.652173913043478,0.652173913043478,0.789473684210526,0,1,0.826086956521739,"moi_0.25_quality_0.9_genes_100_replicates_4",20250728,0.25,0.9,100,4,FALSE
"crispulator-f1-threshold-curves-v1","BARCS-EB",0.05,100,23,12,12,0,77,11,1,0.521739130434783,0.521739130434783,0.685714285714286,0,1,0.760869565217391,"moi_0.25_quality_0.9_genes_100_replicates_4",20250728,0.25,0.9,100,4,FALSE
"crispulator-f1-threshold-curves-v1","BARCS-EB",0.01,100,23,5,5,0,77,18,1,0.217391304347826,0.217391304347826,0.357142857142857,0,1,0.608695652173913,"moi_0.25_quality_0.9_genes_100_replicates_4",20250728,0.25,0.9,100,4,FALSE
"crispulator-f1-threshold-curves-v1","BARCS-EB",0.005,100,23,5,5,0,77,18,1,0.217391304347826,0.217391304347826,0.357142857142857,0,1,0.608695652173913,"moi_0.25_quality_0.9_genes_100_replicates_4",20250728,0.25,0.9,100,4,FALSE
"crispulator-f1-threshold-curves-v1","BARCS-EB",0.001,100,23,2,2,0,77,21,1,0.0869565217391304,0.0869565217391304,0.16,0,1,0.543478260869565,"moi_0.25_quality_0.9_genes_100_replicates_4",20250728,0.25,0.9,100,4,FALSE
"crispulator-f1-threshold-curves-v1","MAGeCK-MLE",0.1,100,23,16,16,0,77,7,1,0.695652173913043,0.695652173913043,0.82051282051282,0,1,0.847826086956522,"moi_0.25_quality_0.9_genes_100_replicates_4",20250728,0.25,0.9,100,4,FALSE
"crispulator-f1-threshold-curves-v1","MAGeCK-MLE",0.05,100,23,15,15,0,77,8,1,0.652173913043478,0.652173913043478,0.789473684210526,0,1,0.826086956521739,"moi_0.25_quality_0.9_genes_100_replicates_4",20250728,0.25,0.9,100,4,FALSE
"crispulator-f1-threshold-curves-v1","MAGeCK-MLE",0.01,100,23,9,9,0,77,14,1,0.391304347826087,0.391304347826087,0.5625,0,1,0.695652173913043,"moi_0.25_quality_0.9_genes_100_replicates_4",20250728,0.25,0.9,100,4,FALSE
"crispulator-f1-threshold-curves-v1","MAGeCK-MLE",0.005,100,23,9,9,0,77,14,1,0.391304347826087,0.391304347826087,0.5625,0,1,0.695652173913043,"moi_0.25_quality_0.9_genes_100_replicates_4",20250728,0.25,0.9,100,4,FALSE
"crispulator-f1-threshold-curves-v1","MAGeCK-MLE",0.001,100,23,3,3,0,77,20,1,0.130434782608696,0.130434782608696,0.230769230769231,0,1,0.565217391304348,"moi_0.25_quality_0.9_genes_100_replicates_4",20250728,0.25,0.9,100,4,FALSE
"crispulator-f1-threshold-curves-v1","edgeR-QL",0.1,100,23,26,19,7,70,4,0.730769230769231,0.826086956521739,0.826086956521739,0.775510204081633,0.269230769230769,0.909090909090909,0.867588932806324,"moi_0.25_quality_0.9_genes_100_replicates_4",20250728,0.25,0.9,100,4,FALSE
"crispulator-f1-threshold-curves-v1","edgeR-QL",0.05,100,23,23,19,4,73,4,0.826086956521739,0.826086956521739,0.826086956521739,0.826086956521739,0.173913043478261,0.948051948051948,0.887069452286844,"moi_0.25_quality_0.9_genes_100_replicates_4",20250728,0.25,0.9,100,4,FALSE
"crispulator-f1-threshold-curves-v1","edgeR-QL",0.01,100,23,19,18,1,76,5,0.947368421052632,0.782608695652174,0.782608695652174,0.857142857142857,0.0526315789473684,0.987012987012987,0.88481084133258,"moi_0.25_quality_0.9_genes_100_replicates_4",20250728,0.25,0.9,100,4,FALSE
"crispulator-f1-threshold-curves-v1","edgeR-QL",0.005,100,23,19,18,1,76,5,0.947368421052632,0.782608695652174,0.782608695652174,0.857142857142857,0.0526315789473684,0.987012987012987,0.88481084133258,"moi_0.25_quality_0.9_genes_100_replicates_4",20250728,0.25,0.9,100,4,FALSE
"crispulator-f1-threshold-curves-v1","edgeR-QL",0.001,100,23,17,16,1,76,7,0.941176470588235,0.695652173913043,0.695652173913043,0.8,0.0588235294117647,0.987012987012987,0.841332580463015,"moi_0.25_quality_0.9_genes_100_replicates_4",20250728,0.25,0.9,100,4,FALSE
"crispulator-f1-threshold-curves-v1","DESeq2",0.1,100,23,24,19,5,72,4,0.791666666666667,0.826086956521739,0.826086956521739,0.808510638297872,0.208333333333333,0.935064935064935,0.880575945793337,"moi_0.25_quality_0.9_genes_100_replicates_4",20250728,0.25,0.9,100,4,FALSE
"crispulator-f1-threshold-curves-v1","DESeq2",0.05,100,23,22,19,3,74,4,0.863636363636364,0.826086956521739,0.826086956521739,0.844444444444444,0.136363636363636,0.961038961038961,0.89356295878035,"moi_0.25_quality_0.9_genes_100_replicates_4",20250728,0.25,0.9,100,4,FALSE
"crispulator-f1-threshold-curves-v1","DESeq2",0.01,100,23,20,19,1,76,4,0.95,0.826086956521739,0.826086956521739,0.883720930232558,0.05,0.987012987012987,0.906549971767363,"moi_0.25_quality_0.9_genes_100_replicates_4",20250728,0.25,0.9,100,4,FALSE
"crispulator-f1-threshold-curves-v1","DESeq2",0.005,100,23,19,18,1,76,5,0.947368421052632,0.782608695652174,0.782608695652174,0.857142857142857,0.0526315789473684,0.987012987012987,0.88481084133258,"moi_0.25_quality_0.9_genes_100_replicates_4",20250728,0.25,0.9,100,4,FALSE
"crispulator-f1-threshold-curves-v1","DESeq2",0.001,100,23,16,16,0,77,7,1,0.695652173913043,0.695652173913043,0.82051282051282,0,1,0.847826086956522,"moi_0.25_quality_0.9_genes_100_replicates_4",20250728,0.25,0.9,100,4,FALSE
"crispulator-f1-threshold-curves-v1","limma-voom",0.1,100,23,27,19,8,69,4,0.703703703703704,0.826086956521739,0.826086956521739,0.76,0.296296296296296,0.896103896103896,0.861095426312818,"moi_0.25_quality_0.9_genes_100_replicates_4",20250728,0.25,0.9,100,4,FALSE
"crispulator-f1-threshold-curves-v1","limma-voom",0.05,100,23,22,19,3,74,4,0.863636363636364,0.826086956521739,0.826086956521739,0.844444444444444,0.136363636363636,0.961038961038961,0.89356295878035,"moi_0.25_quality_0.9_genes_100_replicates_4",20250728,0.25,0.9,100,4,FALSE
"crispulator-f1-threshold-curves-v1","limma-voom",0.01,100,23,19,18,1,76,5,0.947368421052632,0.782608695652174,0.782608695652174,0.857142857142857,0.0526315789473684,0.987012987012987,0.88481084133258,"moi_0.25_quality_0.9_genes_100_replicates_4",20250728,0.25,0.9,100,4,FALSE
"crispulator-f1-threshold-curves-v1","limma-voom",0.005,100,23,19,18,1,76,5,0.947368421052632,0.782608695652174,0.782608695652174,0.857142857142857,0.0526315789473684,0.987012987012987,0.88481084133258,"moi_0.25_quality_0.9_genes_100_replicates_4",20250728,0.25,0.9,100,4,FALSE
"crispulator-f1-threshold-curves-v1","limma-voom",0.001,100,23,17,16,1,76,7,0.941176470588235,0.695652173913043,0.695652173913043,0.8,0.0588235294117647,0.987012987012987,0.841332580463015,"moi_0.25_quality_0.9_genes_100_replicates_4",20250728,0.25,0.9,100,4,FALSE
"crispulator-f1-threshold-curves-v1","BARCS-original",0.1,400,64,18,18,0,336,46,1,0.28125,0.28125,0.439024390243902,0,1,0.640625,"moi_0.25_quality_0.6_genes_400_replicates_4",20250724,0.25,0.6,400,4,FALSE
"crispulator-f1-threshold-curves-v1","BARCS-original",0.05,400,64,10,10,0,336,54,1,0.15625,0.15625,0.27027027027027,0,1,0.578125,"moi_0.25_quality_0.6_genes_400_replicates_4",20250724,0.25,0.6,400,4,FALSE
"crispulator-f1-threshold-curves-v1","BARCS-original",0.01,400,64,6,6,0,336,58,1,0.09375,0.09375,0.171428571428571,0,1,0.546875,"moi_0.25_quality_0.6_genes_400_replicates_4",20250724,0.25,0.6,400,4,FALSE
"crispulator-f1-threshold-curves-v1","BARCS-original",0.005,400,64,5,5,0,336,59,1,0.078125,0.078125,0.144927536231884,0,1,0.5390625,"moi_0.25_quality_0.6_genes_400_replicates_4",20250724,0.25,0.6,400,4,FALSE
"crispulator-f1-threshold-curves-v1","BARCS-original",0.001,400,64,3,3,0,336,61,1,0.046875,0.046875,0.0895522388059701,0,1,0.5234375,"moi_0.25_quality_0.6_genes_400_replicates_4",20250724,0.25,0.6,400,4,FALSE
"crispulator-f1-threshold-curves-v1","BARCS-NORM",0.1,400,64,0,0,0,336,64,0,0,0,0,0,1,0.5,"moi_0.25_quality_0.6_genes_400_replicates_4",20250724,0.25,0.6,400,4,FALSE
"crispulator-f1-threshold-curves-v1","BARCS-NORM",0.05,400,64,0,0,0,336,64,0,0,0,0,0,1,0.5,"moi_0.25_quality_0.6_genes_400_replicates_4",20250724,0.25,0.6,400,4,FALSE
"crispulator-f1-threshold-curves-v1","BARCS-NORM",0.01,400,64,0,0,0,336,64,0,0,0,0,0,1,0.5,"moi_0.25_quality_0.6_genes_400_replicates_4",20250724,0.25,0.6,400,4,FALSE
"crispulator-f1-threshold-curves-v1","BARCS-NORM",0.005,400,64,0,0,0,336,64,0,0,0,0,0,1,0.5,"moi_0.25_quality_0.6_genes_400_replicates_4",20250724,0.25,0.6,400,4,FALSE
"crispulator-f1-threshold-curves-v1","BARCS-NORM",0.001,400,64,0,0,0,336,64,0,0,0,0,0,1,0.5,"moi_0.25_quality_0.6_genes_400_replicates_4",20250724,0.25,0.6,400,4,FALSE
"crispulator-f1-threshold-curves-v1","BARCS-partial",0.1,400,64,11,11,0,336,53,1,0.171875,0.171875,0.293333333333333,0,1,0.5859375,"moi_0.25_quality_0.6_genes_400_replicates_4",20250724,0.25,0.6,400,4,FALSE
"crispulator-f1-threshold-curves-v1","BARCS-partial",0.05,400,64,10,10,0,336,54,1,0.15625,0.15625,0.27027027027027,0,1,0.578125,"moi_0.25_quality_0.6_genes_400_replicates_4",20250724,0.25,0.6,400,4,FALSE
"crispulator-f1-threshold-curves-v1","BARCS-partial",0.01,400,64,5,5,0,336,59,1,0.078125,0.078125,0.144927536231884,0,1,0.5390625,"moi_0.25_quality_0.6_genes_400_replicates_4",20250724,0.25,0.6,400,4,FALSE
"crispulator-f1-threshold-curves-v1","BARCS-partial",0.005,400,64,3,3,0,336,61,1,0.046875,0.046875,0.0895522388059701,0,1,0.5234375,"moi_0.25_quality_0.6_genes_400_replicates_4",20250724,0.25,0.6,400,4,FALSE
"crispulator-f1-threshold-curves-v1","BARCS-partial",0.001,400,64,3,3,0,336,61,1,0.046875,0.046875,0.0895522388059701,0,1,0.5234375,"moi_0.25_quality_0.6_genes_400_replicates_4",20250724,0.25,0.6,400,4,FALSE
"crispulator-f1-threshold-curves-v1","BARCS-EB",0.1,400,64,14,14,0,336,50,1,0.21875,0.21875,0.358974358974359,0,1,0.609375,"moi_0.25_quality_0.6_genes_400_replicates_4",20250724,0.25,0.6,400,4,FALSE
"crispulator-f1-threshold-curves-v1","BARCS-EB",0.05,400,64,13,13,0,336,51,1,0.203125,0.203125,0.337662337662338,0,1,0.6015625,"moi_0.25_quality_0.6_genes_400_replicates_4",20250724,0.25,0.6,400,4,FALSE
"crispulator-f1-threshold-curves-v1","BARCS-EB",0.01,400,64,5,5,0,336,59,1,0.078125,0.078125,0.144927536231884,0,1,0.5390625,"moi_0.25_quality_0.6_genes_400_replicates_4",20250724,0.25,0.6,400,4,FALSE
"crispulator-f1-threshold-curves-v1","BARCS-EB",0.005,400,64,3,3,0,336,61,1,0.046875,0.046875,0.0895522388059701,0,1,0.5234375,"moi_0.25_quality_0.6_genes_400_replicates_4",20250724,0.25,0.6,400,4,FALSE
"crispulator-f1-threshold-curves-v1","BARCS-EB",0.001,400,64,2,2,0,336,62,1,0.03125,0.03125,0.0606060606060606,0,1,0.515625,"moi_0.25_quality_0.6_genes_400_replicates_4",20250724,0.25,0.6,400,4,FALSE
"crispulator-f1-threshold-curves-v1","MAGeCK-MLE",0.1,400,64,26,24,2,334,40,0.923076923076923,0.375,0.375,0.533333333333333,0.0769230769230769,0.994047619047619,0.68452380952381,"moi_0.25_quality_0.6_genes_400_replicates_4",20250724,0.25,0.6,400,4,FALSE
"crispulator-f1-threshold-curves-v1","MAGeCK-MLE",0.05,400,64,22,20,2,334,44,0.909090909090909,0.3125,0.3125,0.465116279069767,0.0909090909090909,0.994047619047619,0.65327380952381,"moi_0.25_quality_0.6_genes_400_replicates_4",20250724,0.25,0.6,400,4,FALSE
"crispulator-f1-threshold-curves-v1","MAGeCK-MLE",0.01,400,64,9,9,0,336,55,1,0.140625,0.140625,0.246575342465753,0,1,0.5703125,"moi_0.25_quality_0.6_genes_400_replicates_4",20250724,0.25,0.6,400,4,FALSE
"crispulator-f1-threshold-curves-v1","MAGeCK-MLE",0.005,400,64,8,8,0,336,56,1,0.125,0.125,0.222222222222222,0,1,0.5625,"moi_0.25_quality_0.6_genes_400_replicates_4",20250724,0.25,0.6,400,4,FALSE
"crispulator-f1-threshold-curves-v1","MAGeCK-MLE",0.001,400,64,4,4,0,336,60,1,0.0625,0.0625,0.117647058823529,0,1,0.53125,"moi_0.25_quality_0.6_genes_400_replicates_4",20250724,0.25,0.6,400,4,FALSE
"crispulator-f1-threshold-curves-v1","edgeR-QL",0.1,400,64,52,39,13,323,25,0.75,0.609375,0.609375,0.672413793103448,0.25,0.961309523809524,0.785342261904762,"moi_0.25_quality_0.6_genes_400_replicates_4",20250724,0.25,0.6,400,4,FALSE
"crispulator-f1-threshold-curves-v1","edgeR-QL",0.05,400,64,42,36,6,330,28,0.857142857142857,0.5625,0.5625,0.679245283018868,0.142857142857143,0.982142857142857,0.772321428571429,"moi_0.25_quality_0.6_genes_400_replicates_4",20250724,0.25,0.6,400,4,FALSE
"crispulator-f1-threshold-curves-v1","edgeR-QL",0.01,400,64,36,35,1,335,29,0.972222222222222,0.546875,0.546875,0.7,0.0277777777777778,0.99702380952381,0.771949404761905,"moi_0.25_quality_0.6_genes_400_replicates_4",20250724,0.25,0.6,400,4,FALSE
"crispulator-f1-threshold-curves-v1","edgeR-QL",0.005,400,64,34,33,1,335,31,0.970588235294118,0.515625,0.515625,0.673469387755102,0.0294117647058824,0.99702380952381,0.756324404761905,"moi_0.25_quality_0.6_genes_400_replicates_4",20250724,0.25,0.6,400,4,FALSE
"crispulator-f1-threshold-curves-v1","edgeR-QL",0.001,400,64,29,28,1,335,36,0.96551724137931,0.4375,0.4375,0.602150537634409,0.0344827586206897,0.99702380952381,0.717261904761905,"moi_0.25_quality_0.6_genes_400_replicates_4",20250724,0.25,0.6,400,4,FALSE
"crispulator-f1-threshold-curves-v1","DESeq2",0.1,400,64,58,41,17,319,23,0.706896551724138,0.640625,0.640625,0.672131147540984,0.293103448275862,0.949404761904762,0.795014880952381,"moi_0.25_quality_0.6_genes_400_replicates_4",20250724,0.25,0.6,400,4,FALSE
"crispulator-f1-threshold-curves-v1","DESeq2",0.05,400,64,43,37,6,330,27,0.86046511627907,0.578125,0.578125,0.691588785046729,0.13953488372093,0.982142857142857,0.780133928571429,"moi_0.25_quality_0.6_genes_400_replicates_4",20250724,0.25,0.6,400,4,FALSE
"crispulator-f1-threshold-curves-v1","DESeq2",0.01,400,64,36,35,1,335,29,0.972222222222222,0.546875,0.546875,0.7,0.0277777777777778,0.99702380952381,0.771949404761905,"moi_0.25_quality_0.6_genes_400_replicates_4",20250724,0.25,0.6,400,4,FALSE
"crispulator-f1-threshold-curves-v1","DESeq2",0.005,400,64,35,34,1,335,30,0.971428571428571,0.53125,0.53125,0.686868686868687,0.0285714285714286,0.99702380952381,0.764136904761905,"moi_0.25_quality_0.6_genes_400_replicates_4",20250724,0.25,0.6,400,4,FALSE
"crispulator-f1-threshold-curves-v1","DESeq2",0.001,400,64,31,30,1,335,34,0.967741935483871,0.46875,0.46875,0.631578947368421,0.032258064516129,0.99702380952381,0.732886904761905,"moi_0.25_quality_0.6_genes_400_replicates_4",20250724,0.25,0.6,400,4,FALSE
"crispulator-f1-threshold-curves-v1","limma-voom",0.1,400,64,47,37,10,326,27,0.787234042553192,0.578125,0.578125,0.666666666666667,0.212765957446809,0.970238095238095,0.774181547619048,"moi_0.25_quality_0.6_genes_400_replicates_4",20250724,0.25,0.6,400,4,FALSE
"crispulator-f1-threshold-curves-v1","limma-voom",0.05,400,64,42,36,6,330,28,0.857142857142857,0.5625,0.5625,0.679245283018868,0.142857142857143,0.982142857142857,0.772321428571429,"moi_0.25_quality_0.6_genes_400_replicates_4",20250724,0.25,0.6,400,4,FALSE
"crispulator-f1-threshold-curves-v1","limma-voom",0.01,400,64,35,34,1,335,30,0.971428571428571,0.53125,0.53125,0.686868686868687,0.0285714285714286,0.99702380952381,0.764136904761905,"moi_0.25_quality_0.6_genes_400_replicates_4",20250724,0.25,0.6,400,4,FALSE
"crispulator-f1-threshold-curves-v1","limma-voom",0.005,400,64,31,30,1,335,34,0.967741935483871,0.46875,0.46875,0.631578947368421,0.032258064516129,0.99702380952381,0.732886904761905,"moi_0.25_quality_0.6_genes_400_replicates_4",20250724,0.25,0.6,400,4,FALSE
"crispulator-f1-threshold-curves-v1","limma-voom",0.001,400,64,26,25,1,335,39,0.961538461538462,0.390625,0.390625,0.555555555555556,0.0384615384615385,0.99702380952381,0.693824404761905,"moi_0.25_quality_0.6_genes_400_replicates_4",20250724,0.25,0.6,400,4,FALSE
"crispulator-f1-threshold-curves-v1","BARCS-original",0.1,400,68,31,23,8,324,45,0.741935483870968,0.338235294117647,0.338235294117647,0.464646464646465,0.258064516129032,0.975903614457831,0.657069454287739,"moi_0.25_quality_0.6_genes_400_replicates_4",20250725,0.25,0.6,400,4,FALSE
"crispulator-f1-threshold-curves-v1","BARCS-original",0.05,400,68,29,22,7,325,46,0.758620689655172,0.323529411764706,0.323529411764706,0.45360824742268,0.241379310344828,0.978915662650602,0.651222537207654,"moi_0.25_quality_0.6_genes_400_replicates_4",20250725,0.25,0.6,400,4,FALSE
"crispulator-f1-threshold-curves-v1","BARCS-original",0.01,400,68,17,17,0,332,51,1,0.25,0.25,0.4,0,1,0.625,"moi_0.25_quality_0.6_genes_400_replicates_4",20250725,0.25,0.6,400,4,FALSE
"crispulator-f1-threshold-curves-v1","BARCS-original",0.005,400,68,14,14,0,332,54,1,0.205882352941176,0.205882352941176,0.341463414634146,0,1,0.602941176470588,"moi_0.25_quality_0.6_genes_400_replicates_4",20250725,0.25,0.6,400,4,FALSE
"crispulator-f1-threshold-curves-v1","BARCS-original",0.001,400,68,8,8,0,332,60,1,0.117647058823529,0.117647058823529,0.210526315789474,0,1,0.558823529411765,"moi_0.25_quality_0.6_genes_400_replicates_4",20250725,0.25,0.6,400,4,FALSE
"crispulator-f1-threshold-curves-v1","BARCS-NORM",0.1,400,68,1,1,0,332,67,1,0.0147058823529412,0.0147058823529412,0.0289855072463768,0,1,0.507352941176471,"moi_0.25_quality_0.6_genes_400_replicates_4",20250725,0.25,0.6,400,4,FALSE
"crispulator-f1-threshold-curves-v1","BARCS-NORM",0.05,400,68,1,1,0,332,67,1,0.0147058823529412,0.0147058823529412,0.0289855072463768,0,1,0.507352941176471,"moi_0.25_quality_0.6_genes_400_replicates_4",20250725,0.25,0.6,400,4,FALSE
"crispulator-f1-threshold-curves-v1","BARCS-NORM",0.01,400,68,0,0,0,332,68,0,0,0,0,0,1,0.5,"moi_0.25_quality_0.6_genes_400_replicates_4",20250725,0.25,0.6,400,4,FALSE
"crispulator-f1-threshold-curves-v1","BARCS-NORM",0.005,400,68,0,0,0,332,68,0,0,0,0,0,1,0.5,"moi_0.25_quality_0.6_genes_400_replicates_4",20250725,0.25,0.6,400,4,FALSE
"crispulator-f1-threshold-curves-v1","BARCS-NORM",0.001,400,68,0,0,0,332,68,0,0,0,0,0,1,0.5,"moi_0.25_quality_0.6_genes_400_replicates_4",20250725,0.25,0.6,400,4,FALSE
"crispulator-f1-threshold-curves-v1","BARCS-partial",0.1,400,68,9,8,1,331,60,0.888888888888889,0.117647058823529,0.117647058823529,0.207792207792208,0.111111111111111,0.996987951807229,0.557317505315379,"moi_0.25_quality_0.6_genes_400_replicates_4",20250725,0.25,0.6,400,4,FALSE
"crispulator-f1-threshold-curves-v1","BARCS-partial",0.05,400,68,9,8,1,331,60,0.888888888888889,0.117647058823529,0.117647058823529,0.207792207792208,0.111111111111111,0.996987951807229,0.557317505315379,"moi_0.25_quality_0.6_genes_400_replicates_4",20250725,0.25,0.6,400,4,FALSE
"crispulator-f1-threshold-curves-v1","BARCS-partial",0.01,400,68,7,7,0,332,61,1,0.102941176470588,0.102941176470588,0.186666666666667,0,1,0.551470588235294,"moi_0.25_quality_0.6_genes_400_replicates_4",20250725,0.25,0.6,400,4,FALSE
"crispulator-f1-threshold-curves-v1","BARCS-partial",0.005,400,68,5,5,0,332,63,1,0.0735294117647059,0.0735294117647059,0.136986301369863,0,1,0.536764705882353,"moi_0.25_quality_0.6_genes_400_replicates_4",20250725,0.25,0.6,400,4,FALSE
"crispulator-f1-threshold-curves-v1","BARCS-partial",0.001,400,68,4,4,0,332,64,1,0.0588235294117647,0.0588235294117647,0.111111111111111,0,1,0.529411764705882,"moi_0.25_quality_0.6_genes_400_replicates_4",20250725,0.25,0.6,400,4,FALSE
"crispulator-f1-threshold-curves-v1","BARCS-EB",0.1,400,68,15,13,2,330,55,0.866666666666667,0.191176470588235,0.191176470588235,0.313253012048193,0.133333333333333,0.993975903614458,0.592576187101347,"moi_0.25_quality_0.6_genes_400_replicates_4",20250725,0.25,0.6,400,4,FALSE
"crispulator-f1-threshold-curves-v1","BARCS-EB",0.05,400,68,9,9,0,332,59,1,0.132352941176471,0.132352941176471,0.233766233766234,0,1,0.566176470588235,"moi_0.25_quality_0.6_genes_400_replicates_4",20250725,0.25,0.6,400,4,FALSE
"crispulator-f1-threshold-curves-v1","BARCS-EB",0.01,400,68,3,3,0,332,65,1,0.0441176470588235,0.0441176470588235,0.0845070422535211,0,1,0.522058823529412,"moi_0.25_quality_0.6_genes_400_replicates_4",20250725,0.25,0.6,400,4,FALSE
"crispulator-f1-threshold-curves-v1","BARCS-EB",0.005,400,68,3,3,0,332,65,1,0.0441176470588235,0.0441176470588235,0.0845070422535211,0,1,0.522058823529412,"moi_0.25_quality_0.6_genes_400_replicates_4",20250725,0.25,0.6,400,4,FALSE
"crispulator-f1-threshold-curves-v1","BARCS-EB",0.001,400,68,3,3,0,332,65,1,0.0441176470588235,0.0441176470588235,0.0845070422535211,0,1,0.522058823529412,"moi_0.25_quality_0.6_genes_400_replicates_4",20250725,0.25,0.6,400,4,FALSE
"crispulator-f1-threshold-curves-v1","MAGeCK-MLE",0.1,400,68,25,20,5,327,48,0.8,0.294117647058824,0.294117647058824,0.43010752688172,0.2,0.984939759036145,0.639528703047484,"moi_0.25_quality_0.6_genes_400_replicates_4",20250725,0.25,0.6,400,4,FALSE
"crispulator-f1-threshold-curves-v1","MAGeCK-MLE",0.05,400,68,19,18,1,331,50,0.947368421052632,0.264705882352941,0.264705882352941,0.413793103448276,0.0526315789473684,0.996987951807229,0.630846917080085,"moi_0.25_quality_0.6_genes_400_replicates_4",20250725,0.25,0.6,400,4,FALSE
"crispulator-f1-threshold-curves-v1","MAGeCK-MLE",0.01,400,68,10,10,0,332,58,1,0.147058823529412,0.147058823529412,0.256410256410256,0,1,0.573529411764706,"moi_0.25_quality_0.6_genes_400_replicates_4",20250725,0.25,0.6,400,4,FALSE
"crispulator-f1-threshold-curves-v1","MAGeCK-MLE",0.005,400,68,8,8,0,332,60,1,0.117647058823529,0.117647058823529,0.210526315789474,0,1,0.558823529411765,"moi_0.25_quality_0.6_genes_400_replicates_4",20250725,0.25,0.6,400,4,FALSE
"crispulator-f1-threshold-curves-v1","MAGeCK-MLE",0.001,400,68,8,8,0,332,60,1,0.117647058823529,0.117647058823529,0.210526315789474,0,1,0.558823529411765,"moi_0.25_quality_0.6_genes_400_replicates_4",20250725,0.25,0.6,400,4,FALSE
"crispulator-f1-threshold-curves-v1","edgeR-QL",0.1,400,68,63,35,28,304,33,0.555555555555556,0.514705882352941,0.514705882352941,0.534351145038168,0.444444444444444,0.91566265060241,0.715184266477675,"moi_0.25_quality_0.6_genes_400_replicates_4",20250725,0.25,0.6,400,4,FALSE
"crispulator-f1-threshold-curves-v1","edgeR-QL",0.05,400,68,43,30,13,319,38,0.697674418604651,0.441176470588235,0.441176470588235,0.54054054054054,0.302325581395349,0.960843373493976,0.701009922041106,"moi_0.25_quality_0.6_genes_400_replicates_4",20250725,0.25,0.6,400,4,FALSE
"crispulator-f1-threshold-curves-v1","edgeR-QL",0.01,400,68,33,26,7,325,42,0.787878787878788,0.382352941176471,0.382352941176471,0.514851485148515,0.212121212121212,0.978915662650602,0.680634301913536,"moi_0.25_quality_0.6_genes_400_replicates_4",20250725,0.25,0.6,400,4,FALSE
"crispulator-f1-threshold-curves-v1","edgeR-QL",0.005,400,68,29,25,4,328,43,0.862068965517241,0.367647058823529,0.367647058823529,0.515463917525773,0.137931034482759,0.987951807228916,0.677799433026222,"moi_0.25_quality_0.6_genes_400_replicates_4",20250725,0.25,0.6,400,4,FALSE
"crispulator-f1-threshold-curves-v1","edgeR-QL",0.001,400,68,21,20,1,331,48,0.952380952380952,0.294117647058824,0.294117647058824,0.449438202247191,0.0476190476190476,0.996987951807229,0.645552799433026,"moi_0.25_quality_0.6_genes_400_replicates_4",20250725,0.25,0.6,400,4,FALSE
"crispulator-f1-threshold-curves-v1","DESeq2",0.1,400,68,65,37,28,304,31,0.569230769230769,0.544117647058823,0.544117647058823,0.556390977443609,0.430769230769231,0.91566265060241,0.729890148830617,"moi_0.25_quality_0.6_genes_400_replicates_4",20250725,0.25,0.6,400,4,FALSE
"crispulator-f1-threshold-curves-v1","DESeq2",0.05,400,68,47,32,15,317,36,0.680851063829787,0.470588235294118,0.470588235294118,0.556521739130435,0.319148936170213,0.954819277108434,0.712703756201276,"moi_0.25_quality_0.6_genes_400_replicates_4",20250725,0.25,0.6,400,4,FALSE
"crispulator-f1-threshold-curves-v1","DESeq2",0.01,400,68,32,26,6,326,42,0.8125,0.382352941176471,0.382352941176471,0.52,0.1875,0.981927710843373,0.682140326009922,"moi_0.25_quality_0.6_genes_400_replicates_4",20250725,0.25,0.6,400,4,FALSE
"crispulator-f1-threshold-curves-v1","DESeq2",0.005,400,68,29,25,4,328,43,0.862068965517241,0.367647058823529,0.367647058823529,0.515463917525773,0.137931034482759,0.987951807228916,0.677799433026222,"moi_0.25_quality_0.6_genes_400_replicates_4",20250725,0.25,0.6,400,4,FALSE
"crispulator-f1-threshold-curves-v1","DESeq2",0.001,400,68,22,21,1,331,47,0.954545454545455,0.308823529411765,0.308823529411765,0.466666666666667,0.0454545454545455,0.996987951807229,0.652905740609497,"moi_0.25_quality_0.6_genes_400_replicates_4",20250725,0.25,0.6,400,4,FALSE
"crispulator-f1-threshold-curves-v1","limma-voom",0.1,400,68,56,33,23,309,35,0.589285714285714,0.485294117647059,0.485294117647059,0.532258064516129,0.410714285714286,0.930722891566265,0.708008504606662,"moi_0.25_quality_0.6_genes_400_replicates_4",20250725,0.25,0.6,400,4,FALSE
"crispulator-f1-threshold-curves-v1","limma-voom",0.05,400,68,38,27,11,321,41,0.710526315789474,0.397058823529412,0.397058823529412,0.509433962264151,0.289473684210526,0.966867469879518,0.681963146704465,"moi_0.25_quality_0.6_genes_400_replicates_4",20250725,0.25,0.6,400,4,FALSE
"crispulator-f1-threshold-curves-v1","limma-voom",0.01,400,68,31,25,6,326,43,0.806451612903226,0.367647058823529,0.367647058823529,0.505050505050505,0.193548387096774,0.981927710843373,0.674787384833451,"moi_0.25_quality_0.6_genes_400_replicates_4",20250725,0.25,0.6,400,4,FALSE
"crispulator-f1-threshold-curves-v1","limma-voom",0.005,400,68,29,25,4,328,43,0.862068965517241,0.367647058823529,0.367647058823529,0.515463917525773,0.137931034482759,0.987951807228916,0.677799433026222,"moi_0.25_quality_0.6_genes_400_replicates_4",20250725,0.25,0.6,400,4,FALSE
"crispulator-f1-threshold-curves-v1","limma-voom",0.001,400,68,18,18,0,332,50,1,0.264705882352941,0.264705882352941,0.418604651162791,0,1,0.63235294117647,"moi_0.25_quality_0.6_genes_400_replicates_4",20250725,0.25,0.6,400,4,FALSE
"crispulator-f1-threshold-curves-v1","BARCS-original",0.1,400,78,26,24,2,320,54,0.923076923076923,0.307692307692308,0.307692307692308,0.461538461538462,0.0769230769230769,0.993788819875776,0.650740563784042,"moi_0.25_quality_0.6_genes_400_replicates_4",20250726,0.25,0.6,400,4,FALSE
"crispulator-f1-threshold-curves-v1","BARCS-original",0.05,400,78,21,20,1,321,58,0.952380952380952,0.256410256410256,0.256410256410256,0.404040404040404,0.0476190476190476,0.996894409937888,0.626652333174072,"moi_0.25_quality_0.6_genes_400_replicates_4",20250726,0.25,0.6,400,4,FALSE
"crispulator-f1-threshold-curves-v1","BARCS-original",0.01,400,78,11,11,0,322,67,1,0.141025641025641,0.141025641025641,0.247191011235955,0,1,0.57051282051282,"moi_0.25_quality_0.6_genes_400_replicates_4",20250726,0.25,0.6,400,4,FALSE
"crispulator-f1-threshold-curves-v1","BARCS-original",0.005,400,78,7,7,0,322,71,1,0.0897435897435897,0.0897435897435897,0.164705882352941,0,1,0.544871794871795,"moi_0.25_quality_0.6_genes_400_replicates_4",20250726,0.25,0.6,400,4,FALSE
"crispulator-f1-threshold-curves-v1","BARCS-original",0.001,400,78,6,6,0,322,72,1,0.0769230769230769,0.0769230769230769,0.142857142857143,0,1,0.538461538461538,"moi_0.25_quality_0.6_genes_400_replicates_4",20250726,0.25,0.6,400,4,FALSE
"crispulator-f1-threshold-curves-v1","BARCS-NORM",0.1,400,78,0,0,0,322,78,0,0,0,0,0,1,0.5,"moi_0.25_quality_0.6_genes_400_replicates_4",20250726,0.25,0.6,400,4,FALSE
"crispulator-f1-threshold-curves-v1","BARCS-NORM",0.05,400,78,0,0,0,322,78,0,0,0,0,0,1,0.5,"moi_0.25_quality_0.6_genes_400_replicates_4",20250726,0.25,0.6,400,4,FALSE
"crispulator-f1-threshold-curves-v1","BARCS-NORM",0.01,400,78,0,0,0,322,78,0,0,0,0,0,1,0.5,"moi_0.25_quality_0.6_genes_400_replicates_4",20250726,0.25,0.6,400,4,FALSE
"crispulator-f1-threshold-curves-v1","BARCS-NORM",0.005,400,78,0,0,0,322,78,0,0,0,0,0,1,0.5,"moi_0.25_quality_0.6_genes_400_replicates_4",20250726,0.25,0.6,400,4,FALSE
"crispulator-f1-threshold-curves-v1","BARCS-NORM",0.001,400,78,0,0,0,322,78,0,0,0,0,0,1,0.5,"moi_0.25_quality_0.6_genes_400_replicates_4",20250726,0.25,0.6,400,4,FALSE
"crispulator-f1-threshold-curves-v1","BARCS-partial",0.1,400,78,10,9,1,321,69,0.9,0.115384615384615,0.115384615384615,0.204545454545455,0.1,0.996894409937888,0.556139512661252,"moi_0.25_quality_0.6_genes_400_replicates_4",20250726,0.25,0.6,400,4,FALSE
"crispulator-f1-threshold-curves-v1","BARCS-partial",0.05,400,78,8,8,0,322,70,1,0.102564102564103,0.102564102564103,0.186046511627907,0,1,0.551282051282051,"moi_0.25_quality_0.6_genes_400_replicates_4",20250726,0.25,0.6,400,4,FALSE
"crispulator-f1-threshold-curves-v1","BARCS-partial",0.01,400,78,2,2,0,322,76,1,0.0256410256410256,0.0256410256410256,0.05,0,1,0.512820512820513,"moi_0.25_quality_0.6_genes_400_replicates_4",20250726,0.25,0.6,400,4,FALSE
"crispulator-f1-threshold-curves-v1","BARCS-partial",0.005,400,78,2,2,0,322,76,1,0.0256410256410256,0.0256410256410256,0.05,0,1,0.512820512820513,"moi_0.25_quality_0.6_genes_400_replicates_4",20250726,0.25,0.6,400,4,FALSE
"crispulator-f1-threshold-curves-v1","BARCS-partial",0.001,400,78,2,2,0,322,76,1,0.0256410256410256,0.0256410256410256,0.05,0,1,0.512820512820513,"moi_0.25_quality_0.6_genes_400_replicates_4",20250726,0.25,0.6,400,4,FALSE
"crispulator-f1-threshold-curves-v1","BARCS-EB",0.1,400,78,12,12,0,322,66,1,0.153846153846154,0.153846153846154,0.266666666666667,0,1,0.576923076923077,"moi_0.25_quality_0.6_genes_400_replicates_4",20250726,0.25,0.6,400,4,FALSE
"crispulator-f1-threshold-curves-v1","BARCS-EB",0.05,400,78,9,9,0,322,69,1,0.115384615384615,0.115384615384615,0.206896551724138,0,1,0.557692307692308,"moi_0.25_quality_0.6_genes_400_replicates_4",20250726,0.25,0.6,400,4,FALSE
"crispulator-f1-threshold-curves-v1","BARCS-EB",0.01,400,78,2,2,0,322,76,1,0.0256410256410256,0.0256410256410256,0.05,0,1,0.512820512820513,"moi_0.25_quality_0.6_genes_400_replicates_4",20250726,0.25,0.6,400,4,FALSE
"crispulator-f1-threshold-curves-v1","BARCS-EB",0.005,400,78,2,2,0,322,76,1,0.0256410256410256,0.0256410256410256,0.05,0,1,0.512820512820513,"moi_0.25_quality_0.6_genes_400_replicates_4",20250726,0.25,0.6,400,4,FALSE
"crispulator-f1-threshold-curves-v1","BARCS-EB",0.001,400,78,0,0,0,322,78,0,0,0,0,0,1,0.5,"moi_0.25_quality_0.6_genes_400_replicates_4",20250726,0.25,0.6,400,4,FALSE
"crispulator-f1-threshold-curves-v1","MAGeCK-MLE",0.1,400,78,21,18,3,319,60,0.857142857142857,0.230769230769231,0.230769230769231,0.363636363636364,0.142857142857143,0.990683229813665,0.610726230291448,"moi_0.25_quality_0.6_genes_400_replicates_4",20250726,0.25,0.6,400,4,FALSE
"crispulator-f1-threshold-curves-v1","MAGeCK-MLE",0.05,400,78,14,13,1,321,65,0.928571428571429,0.166666666666667,0.166666666666667,0.282608695652174,0.0714285714285714,0.996894409937888,0.581780538302277,"moi_0.25_quality_0.6_genes_400_replicates_4",20250726,0.25,0.6,400,4,FALSE
"crispulator-f1-threshold-curves-v1","MAGeCK-MLE",0.01,400,78,8,8,0,322,70,1,0.102564102564103,0.102564102564103,0.186046511627907,0,1,0.551282051282051,"moi_0.25_quality_0.6_genes_400_replicates_4",20250726,0.25,0.6,400,4,FALSE
"crispulator-f1-threshold-curves-v1","MAGeCK-MLE",0.005,400,78,3,3,0,322,75,1,0.0384615384615385,0.0384615384615385,0.0740740740740741,0,1,0.519230769230769,"moi_0.25_quality_0.6_genes_400_replicates_4",20250726,0.25,0.6,400,4,FALSE
"crispulator-f1-threshold-curves-v1","MAGeCK-MLE",0.001,400,78,0,0,0,322,78,0,0,0,0,0,1,0.5,"moi_0.25_quality_0.6_genes_400_replicates_4",20250726,0.25,0.6,400,4,FALSE
"crispulator-f1-threshold-curves-v1","edgeR-QL",0.1,400,78,78,50,28,294,28,0.641025641025641,0.641025641025641,0.628205128205128,0.641025641025641,0.358974358974359,0.91304347826087,0.777034559643255,"moi_0.25_quality_0.6_genes_400_replicates_4",20250726,0.25,0.6,400,4,FALSE
"crispulator-f1-threshold-curves-v1","edgeR-QL",0.05,400,78,59,43,16,306,35,0.728813559322034,0.551282051282051,0.538461538461538,0.627737226277372,0.271186440677966,0.950310559006211,0.750796305144131,"moi_0.25_quality_0.6_genes_400_replicates_4",20250726,0.25,0.6,400,4,FALSE
"crispulator-f1-threshold-curves-v1","edgeR-QL",0.01,400,78,31,29,2,320,49,0.935483870967742,0.371794871794872,0.371794871794872,0.532110091743119,0.0645161290322581,0.993788819875776,0.682791845835324,"moi_0.25_quality_0.6_genes_400_replicates_4",20250726,0.25,0.6,400,4,FALSE
"crispulator-f1-threshold-curves-v1","edgeR-QL",0.005,400,78,28,26,2,320,52,0.928571428571429,0.333333333333333,0.333333333333333,0.490566037735849,0.0714285714285714,0.993788819875776,0.663561076604555,"moi_0.25_quality_0.6_genes_400_replicates_4",20250726,0.25,0.6,400,4,FALSE
"crispulator-f1-threshold-curves-v1","edgeR-QL",0.001,400,78,22,22,0,322,56,1,0.282051282051282,0.282051282051282,0.44,0,1,0.641025641025641,"moi_0.25_quality_0.6_genes_400_replicates_4",20250726,0.25,0.6,400,4,FALSE
"crispulator-f1-threshold-curves-v1","DESeq2",0.1,400,78,75,49,26,296,29,0.653333333333333,0.628205128205128,0.615384615384615,0.640522875816993,0.346666666666667,0.919254658385093,0.773729893295111,"moi_0.25_quality_0.6_genes_400_replicates_4",20250726,0.25,0.6,400,4,FALSE
"crispulator-f1-threshold-curves-v1","DESeq2",0.05,400,78,63,46,17,305,32,0.73015873015873,0.58974358974359,0.576923076923077,0.652482269503546,0.26984126984127,0.947204968944099,0.768474279343845,"moi_0.25_quality_0.6_genes_400_replicates_4",20250726,0.25,0.6,400,4,FALSE
"crispulator-f1-threshold-curves-v1","DESeq2",0.01,400,78,31,29,2,320,49,0.935483870967742,0.371794871794872,0.371794871794872,0.532110091743119,0.0645161290322581,0.993788819875776,0.682791845835324,"moi_0.25_quality_0.6_genes_400_replicates_4",20250726,0.25,0.6,400,4,FALSE
"crispulator-f1-threshold-curves-v1","DESeq2",0.005,400,78,29,28,1,321,50,0.96551724137931,0.358974358974359,0.358974358974359,0.523364485981308,0.0344827586206897,0.996894409937888,0.677934384456124,"moi_0.25_quality_0.6_genes_400_replicates_4",20250726,0.25,0.6,400,4,FALSE
"crispulator-f1-threshold-curves-v1","DESeq2",0.001,400,78,23,23,0,322,55,1,0.294871794871795,0.294871794871795,0.455445544554455,0,1,0.647435897435897,"moi_0.25_quality_0.6_genes_400_replicates_4",20250726,0.25,0.6,400,4,FALSE
"crispulator-f1-threshold-curves-v1","limma-voom",0.1,400,78,64,48,16,306,30,0.75,0.615384615384615,0.602564102564103,0.676056338028169,0.25,0.950310559006211,0.782847587195413,"moi_0.25_quality_0.6_genes_400_replicates_4",20250726,0.25,0.6,400,4,FALSE
"crispulator-f1-threshold-curves-v1","limma-voom",0.05,400,78,51,42,9,313,36,0.823529411764706,0.538461538461538,0.538461538461538,0.651162790697674,0.176470588235294,0.972049689440994,0.755255613951266,"moi_0.25_quality_0.6_genes_400_replicates_4",20250726,0.25,0.6,400,4,FALSE
"crispulator-f1-threshold-curves-v1","limma-voom",0.01,400,78,32,30,2,320,48,0.9375,0.384615384615385,0.384615384615385,0.545454545454545,0.0625,0.993788819875776,0.68920210224558,"moi_0.25_quality_0.6_genes_400_replicates_4",20250726,0.25,0.6,400,4,FALSE
"crispulator-f1-threshold-curves-v1","limma-voom",0.005,400,78,26,25,1,321,53,0.961538461538462,0.320512820512821,0.320512820512821,0.480769230769231,0.0384615384615385,0.996894409937888,0.658703615225354,"moi_0.25_quality_0.6_genes_400_replicates_4",20250726,0.25,0.6,400,4,FALSE
"crispulator-f1-threshold-curves-v1","limma-voom",0.001,400,78,21,21,0,322,57,1,0.269230769230769,0.269230769230769,0.424242424242424,0,1,0.634615384615385,"moi_0.25_quality_0.6_genes_400_replicates_4",20250726,0.25,0.6,400,4,FALSE
"crispulator-f1-threshold-curves-v1","BARCS-original",0.1,400,78,18,18,0,322,60,1,0.230769230769231,0.230769230769231,0.375,0,1,0.615384615384615,"moi_0.25_quality_0.6_genes_400_replicates_4",20250727,0.25,0.6,400,4,FALSE
"crispulator-f1-threshold-curves-v1","BARCS-original",0.05,400,78,15,15,0,322,63,1,0.192307692307692,0.192307692307692,0.32258064516129,0,1,0.596153846153846,"moi_0.25_quality_0.6_genes_400_replicates_4",20250727,0.25,0.6,400,4,FALSE
"crispulator-f1-threshold-curves-v1","BARCS-original",0.01,400,78,11,11,0,322,67,1,0.141025641025641,0.141025641025641,0.247191011235955,0,1,0.57051282051282,"moi_0.25_quality_0.6_genes_400_replicates_4",20250727,0.25,0.6,400,4,FALSE
"crispulator-f1-threshold-curves-v1","BARCS-original",0.005,400,78,10,10,0,322,68,1,0.128205128205128,0.128205128205128,0.227272727272727,0,1,0.564102564102564,"moi_0.25_quality_0.6_genes_400_replicates_4",20250727,0.25,0.6,400,4,FALSE
"crispulator-f1-threshold-curves-v1","BARCS-original",0.001,400,78,4,4,0,322,74,1,0.0512820512820513,0.0512820512820513,0.0975609756097561,0,1,0.525641025641026,"moi_0.25_quality_0.6_genes_400_replicates_4",20250727,0.25,0.6,400,4,FALSE
"crispulator-f1-threshold-curves-v1","BARCS-NORM",0.1,400,78,1,1,0,322,77,1,0.0128205128205128,0.0128205128205128,0.0253164556962025,0,1,0.506410256410256,"moi_0.25_quality_0.6_genes_400_replicates_4",20250727,0.25,0.6,400,4,FALSE
"crispulator-f1-threshold-curves-v1","BARCS-NORM",0.05,400,78,1,1,0,322,77,1,0.0128205128205128,0.0128205128205128,0.0253164556962025,0,1,0.506410256410256,"moi_0.25_quality_0.6_genes_400_replicates_4",20250727,0.25,0.6,400,4,FALSE
"crispulator-f1-threshold-curves-v1","BARCS-NORM",0.01,400,78,0,0,0,322,78,0,0,0,0,0,1,0.5,"moi_0.25_quality_0.6_genes_400_replicates_4",20250727,0.25,0.6,400,4,FALSE
"crispulator-f1-threshold-curves-v1","BARCS-NORM",0.005,400,78,0,0,0,322,78,0,0,0,0,0,1,0.5,"moi_0.25_quality_0.6_genes_400_replicates_4",20250727,0.25,0.6,400,4,FALSE
"crispulator-f1-threshold-curves-v1","BARCS-NORM",0.001,400,78,0,0,0,322,78,0,0,0,0,0,1,0.5,"moi_0.25_quality_0.6_genes_400_replicates_4",20250727,0.25,0.6,400,4,FALSE
"crispulator-f1-threshold-curves-v1","BARCS-partial",0.1,400,78,6,5,1,321,73,0.833333333333333,0.0641025641025641,0.0641025641025641,0.119047619047619,0.166666666666667,0.996894409937888,0.530498487020226,"moi_0.25_quality_0.6_genes_400_replicates_4",20250727,0.25,0.6,400,4,FALSE
"crispulator-f1-threshold-curves-v1","BARCS-partial",0.05,400,78,2,2,0,322,76,1,0.0256410256410256,0.0256410256410256,0.05,0,1,0.512820512820513,"moi_0.25_quality_0.6_genes_400_replicates_4",20250727,0.25,0.6,400,4,FALSE
"crispulator-f1-threshold-curves-v1","BARCS-partial",0.01,400,78,1,1,0,322,77,1,0.0128205128205128,0.0128205128205128,0.0253164556962025,0,1,0.506410256410256,"moi_0.25_quality_0.6_genes_400_replicates_4",20250727,0.25,0.6,400,4,FALSE
"crispulator-f1-threshold-curves-v1","BARCS-partial",0.005,400,78,1,1,0,322,77,1,0.0128205128205128,0.0128205128205128,0.0253164556962025,0,1,0.506410256410256,"moi_0.25_quality_0.6_genes_400_replicates_4",20250727,0.25,0.6,400,4,FALSE
"crispulator-f1-threshold-curves-v1","BARCS-partial",0.001,400,78,1,1,0,322,77,1,0.0128205128205128,0.0128205128205128,0.0253164556962025,0,1,0.506410256410256,"moi_0.25_quality_0.6_genes_400_replicates_4",20250727,0.25,0.6,400,4,FALSE
"crispulator-f1-threshold-curves-v1","BARCS-EB",0.1,400,78,4,4,0,322,74,1,0.0512820512820513,0.0512820512820513,0.0975609756097561,0,1,0.525641025641026,"moi_0.25_quality_0.6_genes_400_replicates_4",20250727,0.25,0.6,400,4,FALSE
"crispulator-f1-threshold-curves-v1","BARCS-EB",0.05,400,78,4,4,0,322,74,1,0.0512820512820513,0.0512820512820513,0.0975609756097561,0,1,0.525641025641026,"moi_0.25_quality_0.6_genes_400_replicates_4",20250727,0.25,0.6,400,4,FALSE
"crispulator-f1-threshold-curves-v1","BARCS-EB",0.01,400,78,3,3,0,322,75,1,0.0384615384615385,0.0384615384615385,0.0740740740740741,0,1,0.519230769230769,"moi_0.25_quality_0.6_genes_400_replicates_4",20250727,0.25,0.6,400,4,FALSE
"crispulator-f1-threshold-curves-v1","BARCS-EB",0.005,400,78,3,3,0,322,75,1,0.0384615384615385,0.0384615384615385,0.0740740740740741,0,1,0.519230769230769,"moi_0.25_quality_0.6_genes_400_replicates_4",20250727,0.25,0.6,400,4,FALSE
"crispulator-f1-threshold-curves-v1","BARCS-EB",0.001,400,78,1,1,0,322,77,1,0.0128205128205128,0.0128205128205128,0.0253164556962025,0,1,0.506410256410256,"moi_0.25_quality_0.6_genes_400_replicates_4",20250727,0.25,0.6,400,4,FALSE
"crispulator-f1-threshold-curves-v1","MAGeCK-MLE",0.1,400,78,27,26,1,321,52,0.962962962962963,0.333333333333333,0.333333333333333,0.495238095238095,0.037037037037037,0.996894409937888,0.665113871635611,"moi_0.25_quality_0.6_genes_400_replicates_4",20250727,0.25,0.6,400,4,FALSE
"crispulator-f1-threshold-curves-v1","MAGeCK-MLE",0.05,400,78,15,14,1,321,64,0.933333333333333,0.17948717948718,0.17948717948718,0.301075268817204,0.0666666666666667,0.996894409937888,0.588190794712534,"moi_0.25_quality_0.6_genes_400_replicates_4",20250727,0.25,0.6,400,4,FALSE
"crispulator-f1-threshold-curves-v1","MAGeCK-MLE",0.01,400,78,9,9,0,322,69,1,0.115384615384615,0.115384615384615,0.206896551724138,0,1,0.557692307692308,"moi_0.25_quality_0.6_genes_400_replicates_4",20250727,0.25,0.6,400,4,FALSE
"crispulator-f1-threshold-curves-v1","MAGeCK-MLE",0.005,400,78,6,6,0,322,72,1,0.0769230769230769,0.0769230769230769,0.142857142857143,0,1,0.538461538461538,"moi_0.25_quality_0.6_genes_400_replicates_4",20250727,0.25,0.6,400,4,FALSE
"crispulator-f1-threshold-curves-v1","MAGeCK-MLE",0.001,400,78,6,6,0,322,72,1,0.0769230769230769,0.0769230769230769,0.142857142857143,0,1,0.538461538461538,"moi_0.25_quality_0.6_genes_400_replicates_4",20250727,0.25,0.6,400,4,FALSE
"crispulator-f1-threshold-curves-v1","edgeR-QL",0.1,400,78,66,48,18,304,30,0.727272727272727,0.615384615384615,0.615384615384615,0.666666666666667,0.272727272727273,0.944099378881988,0.779741997133302,"moi_0.25_quality_0.6_genes_400_replicates_4",20250727,0.25,0.6,400,4,FALSE
"crispulator-f1-threshold-curves-v1","edgeR-QL",0.05,400,78,50,43,7,315,35,0.86,0.551282051282051,0.551282051282051,0.671875,0.14,0.978260869565217,0.764771460423634,"moi_0.25_quality_0.6_genes_400_replicates_4",20250727,0.25,0.6,400,4,FALSE
"crispulator-f1-threshold-curves-v1","edgeR-QL",0.01,400,78,33,31,2,320,47,0.93939393939394,0.397435897435897,0.397435897435897,0.558558558558559,0.0606060606060606,0.993788819875776,0.695612358655837,"moi_0.25_quality_0.6_genes_400_replicates_4",20250727,0.25,0.6,400,4,FALSE
"crispulator-f1-threshold-curves-v1","edgeR-QL",0.005,400,78,29,28,1,321,50,0.96551724137931,0.358974358974359,0.358974358974359,0.523364485981308,0.0344827586206897,0.996894409937888,0.677934384456124,"moi_0.25_quality_0.6_genes_400_replicates_4",20250727,0.25,0.6,400,4,FALSE
"crispulator-f1-threshold-curves-v1","edgeR-QL",0.001,400,78,26,26,0,322,52,1,0.333333333333333,0.333333333333333,0.5,0,1,0.666666666666667,"moi_0.25_quality_0.6_genes_400_replicates_4",20250727,0.25,0.6,400,4,FALSE
"crispulator-f1-threshold-curves-v1","DESeq2",0.1,400,78,65,48,17,305,30,0.738461538461539,0.615384615384615,0.615384615384615,0.671328671328671,0.261538461538462,0.947204968944099,0.781294792164357,"moi_0.25_quality_0.6_genes_400_replicates_4",20250727,0.25,0.6,400,4,FALSE
"crispulator-f1-threshold-curves-v1","DESeq2",0.05,400,78,54,45,9,313,33,0.833333333333333,0.576923076923077,0.576923076923077,0.681818181818182,0.166666666666667,0.972049689440994,0.774486383182035,"moi_0.25_quality_0.6_genes_400_replicates_4",20250727,0.25,0.6,400,4,FALSE
"crispulator-f1-threshold-curves-v1","DESeq2",0.01,400,78,34,31,3,319,47,0.911764705882353,0.397435897435897,0.397435897435897,0.553571428571429,0.0882352941176471,0.990683229813665,0.694059563624781,"moi_0.25_quality_0.6_genes_400_replicates_4",20250727,0.25,0.6,400,4,FALSE
"crispulator-f1-threshold-curves-v1","DESeq2",0.005,400,78,30,30,0,322,48,1,0.384615384615385,0.384615384615385,0.555555555555556,0,1,0.692307692307692,"moi_0.25_quality_0.6_genes_400_replicates_4",20250727,0.25,0.6,400,4,FALSE
"crispulator-f1-threshold-curves-v1","DESeq2",0.001,400,78,25,25,0,322,53,1,0.320512820512821,0.320512820512821,0.485436893203884,0,1,0.66025641025641,"moi_0.25_quality_0.6_genes_400_replicates_4",20250727,0.25,0.6,400,4,FALSE
"crispulator-f1-threshold-curves-v1","limma-voom",0.1,400,78,57,45,12,310,33,0.789473684210526,0.576923076923077,0.576923076923077,0.666666666666667,0.210526315789474,0.962732919254658,0.769827998088868,"moi_0.25_quality_0.6_genes_400_replicates_4",20250727,0.25,0.6,400,4,FALSE
"crispulator-f1-threshold-curves-v1","limma-voom",0.05,400,78,47,41,6,316,37,0.872340425531915,0.525641025641026,0.525641025641026,0.656,0.127659574468085,0.981366459627329,0.753503742634177,"moi_0.25_quality_0.6_genes_400_replicates_4",20250727,0.25,0.6,400,4,FALSE
"crispulator-f1-threshold-curves-v1","limma-voom",0.01,400,78,31,29,2,320,49,0.935483870967742,0.371794871794872,0.371794871794872,0.532110091743119,0.0645161290322581,0.993788819875776,0.682791845835324,"moi_0.25_quality_0.6_genes_400_replicates_4",20250727,0.25,0.6,400,4,FALSE
"crispulator-f1-threshold-curves-v1","limma-voom",0.005,400,78,29,28,1,321,50,0.96551724137931,0.358974358974359,0.358974358974359,0.523364485981308,0.0344827586206897,0.996894409937888,0.677934384456124,"moi_0.25_quality_0.6_genes_400_replicates_4",20250727,0.25,0.6,400,4,FALSE
"crispulator-f1-threshold-curves-v1","limma-voom",0.001,400,78,21,21,0,322,57,1,0.269230769230769,0.269230769230769,0.424242424242424,0,1,0.634615384615385,"moi_0.25_quality_0.6_genes_400_replicates_4",20250727,0.25,0.6,400,4,FALSE
"crispulator-f1-threshold-curves-v1","BARCS-original",0.1,400,95,52,47,5,300,48,0.903846153846154,0.494736842105263,0.494736842105263,0.639455782312925,0.0961538461538462,0.983606557377049,0.739171699741156,"moi_0.25_quality_0.6_genes_400_replicates_4",20250728,0.25,0.6,400,4,FALSE
"crispulator-f1-threshold-curves-v1","BARCS-original",0.05,400,95,39,39,0,305,56,1,0.410526315789474,0.410526315789474,0.582089552238806,0,1,0.705263157894737,"moi_0.25_quality_0.6_genes_400_replicates_4",20250728,0.25,0.6,400,4,FALSE
"crispulator-f1-threshold-curves-v1","BARCS-original",0.01,400,95,26,26,0,305,69,1,0.273684210526316,0.273684210526316,0.429752066115703,0,1,0.636842105263158,"moi_0.25_quality_0.6_genes_400_replicates_4",20250728,0.25,0.6,400,4,FALSE
"crispulator-f1-threshold-curves-v1","BARCS-original",0.005,400,95,22,22,0,305,73,1,0.231578947368421,0.231578947368421,0.376068376068376,0,1,0.61578947368421,"moi_0.25_quality_0.6_genes_400_replicates_4",20250728,0.25,0.6,400,4,FALSE
"crispulator-f1-threshold-curves-v1","BARCS-original",0.001,400,95,8,8,0,305,87,1,0.0842105263157895,0.0842105263157895,0.155339805825243,0,1,0.542105263157895,"moi_0.25_quality_0.6_genes_400_replicates_4",20250728,0.25,0.6,400,4,FALSE
"crispulator-f1-threshold-curves-v1","BARCS-NORM",0.1,400,95,0,0,0,305,95,0,0,0,0,0,1,0.5,"moi_0.25_quality_0.6_genes_400_replicates_4",20250728,0.25,0.6,400,4,FALSE
"crispulator-f1-threshold-curves-v1","BARCS-NORM",0.05,400,95,0,0,0,305,95,0,0,0,0,0,1,0.5,"moi_0.25_quality_0.6_genes_400_replicates_4",20250728,0.25,0.6,400,4,FALSE
"crispulator-f1-threshold-curves-v1","BARCS-NORM",0.01,400,95,0,0,0,305,95,0,0,0,0,0,1,0.5,"moi_0.25_quality_0.6_genes_400_replicates_4",20250728,0.25,0.6,400,4,FALSE
"crispulator-f1-threshold-curves-v1","BARCS-NORM",0.005,400,95,0,0,0,305,95,0,0,0,0,0,1,0.5,"moi_0.25_quality_0.6_genes_400_replicates_4",20250728,0.25,0.6,400,4,FALSE
"crispulator-f1-threshold-curves-v1","BARCS-NORM",0.001,400,95,0,0,0,305,95,0,0,0,0,0,1,0.5,"moi_0.25_quality_0.6_genes_400_replicates_4",20250728,0.25,0.6,400,4,FALSE
"crispulator-f1-threshold-curves-v1","BARCS-partial",0.1,400,95,10,10,0,305,85,1,0.105263157894737,0.105263157894737,0.19047619047619,0,1,0.552631578947368,"moi_0.25_quality_0.6_genes_400_replicates_4",20250728,0.25,0.6,400,4,FALSE
"crispulator-f1-threshold-curves-v1","BARCS-partial",0.05,400,95,7,7,0,305,88,1,0.0736842105263158,0.0736842105263158,0.137254901960784,0,1,0.536842105263158,"moi_0.25_quality_0.6_genes_400_replicates_4",20250728,0.25,0.6,400,4,FALSE
"crispulator-f1-threshold-curves-v1","BARCS-partial",0.01,400,95,5,5,0,305,90,1,0.0526315789473684,0.0526315789473684,0.1,0,1,0.526315789473684,"moi_0.25_quality_0.6_genes_400_replicates_4",20250728,0.25,0.6,400,4,FALSE
"crispulator-f1-threshold-curves-v1","BARCS-partial",0.005,400,95,5,5,0,305,90,1,0.0526315789473684,0.0526315789473684,0.1,0,1,0.526315789473684,"moi_0.25_quality_0.6_genes_400_replicates_4",20250728,0.25,0.6,400,4,FALSE
"crispulator-f1-threshold-curves-v1","BARCS-partial",0.001,400,95,3,3,0,305,92,1,0.0315789473684211,0.0315789473684211,0.0612244897959184,0,1,0.515789473684211,"moi_0.25_quality_0.6_genes_400_replicates_4",20250728,0.25,0.6,400,4,FALSE
"crispulator-f1-threshold-curves-v1","BARCS-EB",0.1,400,95,9,9,0,305,86,1,0.0947368421052632,0.0947368421052632,0.173076923076923,0,1,0.547368421052632,"moi_0.25_quality_0.6_genes_400_replicates_4",20250728,0.25,0.6,400,4,FALSE
"crispulator-f1-threshold-curves-v1","BARCS-EB",0.05,400,95,9,9,0,305,86,1,0.0947368421052632,0.0947368421052632,0.173076923076923,0,1,0.547368421052632,"moi_0.25_quality_0.6_genes_400_replicates_4",20250728,0.25,0.6,400,4,FALSE
"crispulator-f1-threshold-curves-v1","BARCS-EB",0.01,400,95,4,4,0,305,91,1,0.0421052631578947,0.0421052631578947,0.0808080808080808,0,1,0.521052631578947,"moi_0.25_quality_0.6_genes_400_replicates_4",20250728,0.25,0.6,400,4,FALSE
"crispulator-f1-threshold-curves-v1","BARCS-EB",0.005,400,95,3,3,0,305,92,1,0.0315789473684211,0.0315789473684211,0.0612244897959184,0,1,0.515789473684211,"moi_0.25_quality_0.6_genes_400_replicates_4",20250728,0.25,0.6,400,4,FALSE
"crispulator-f1-threshold-curves-v1","BARCS-EB",0.001,400,95,2,2,0,305,93,1,0.0210526315789474,0.0210526315789474,0.0412371134020619,0,1,0.510526315789474,"moi_0.25_quality_0.6_genes_400_replicates_4",20250728,0.25,0.6,400,4,FALSE
"crispulator-f1-threshold-curves-v1","MAGeCK-MLE",0.1,400,95,39,39,0,305,56,1,0.410526315789474,0.410526315789474,0.582089552238806,0,1,0.705263157894737,"moi_0.25_quality_0.6_genes_400_replicates_4",20250728,0.25,0.6,400,4,FALSE
"crispulator-f1-threshold-curves-v1","MAGeCK-MLE",0.05,400,95,34,34,0,305,61,1,0.357894736842105,0.357894736842105,0.527131782945736,0,1,0.678947368421053,"moi_0.25_quality_0.6_genes_400_replicates_4",20250728,0.25,0.6,400,4,FALSE
"crispulator-f1-threshold-curves-v1","MAGeCK-MLE",0.01,400,95,15,15,0,305,80,1,0.157894736842105,0.157894736842105,0.272727272727273,0,1,0.578947368421053,"moi_0.25_quality_0.6_genes_400_replicates_4",20250728,0.25,0.6,400,4,FALSE
"crispulator-f1-threshold-curves-v1","MAGeCK-MLE",0.005,400,95,10,10,0,305,85,1,0.105263157894737,0.105263157894737,0.19047619047619,0,1,0.552631578947368,"moi_0.25_quality_0.6_genes_400_replicates_4",20250728,0.25,0.6,400,4,FALSE
"crispulator-f1-threshold-curves-v1","MAGeCK-MLE",0.001,400,95,5,5,0,305,90,1,0.0526315789473684,0.0526315789473684,0.1,0,1,0.526315789473684,"moi_0.25_quality_0.6_genes_400_replicates_4",20250728,0.25,0.6,400,4,FALSE
"crispulator-f1-threshold-curves-v1","edgeR-QL",0.1,400,95,70,56,14,291,39,0.8,0.589473684210526,0.589473684210526,0.678787878787879,0.2,0.954098360655738,0.771786022433132,"moi_0.25_quality_0.6_genes_400_replicates_4",20250728,0.25,0.6,400,4,FALSE
"crispulator-f1-threshold-curves-v1","edgeR-QL",0.05,400,95,54,50,4,301,45,0.925925925925926,0.526315789473684,0.526315789473684,0.671140939597315,0.0740740740740741,0.986885245901639,0.756600517687662,"moi_0.25_quality_0.6_genes_400_replicates_4",20250728,0.25,0.6,400,4,FALSE
"crispulator-f1-threshold-curves-v1","edgeR-QL",0.01,400,95,43,42,1,304,53,0.976744186046512,0.442105263157895,0.442105263157895,0.608695652173913,0.0232558139534884,0.99672131147541,0.719413287316652,"moi_0.25_quality_0.6_genes_400_replicates_4",20250728,0.25,0.6,400,4,FALSE
"crispulator-f1-threshold-curves-v1","edgeR-QL",0.005,400,95,38,38,0,305,57,1,0.4,0.4,0.571428571428572,0,1,0.7,"moi_0.25_quality_0.6_genes_400_replicates_4",20250728,0.25,0.6,400,4,FALSE
"crispulator-f1-threshold-curves-v1","edgeR-QL",0.001,400,95,35,35,0,305,60,1,0.368421052631579,0.368421052631579,0.538461538461538,0,1,0.68421052631579,"moi_0.25_quality_0.6_genes_400_replicates_4",20250728,0.25,0.6,400,4,FALSE
"crispulator-f1-threshold-curves-v1","DESeq2",0.1,400,95,72,59,13,292,36,0.819444444444444,0.621052631578947,0.621052631578947,0.706586826347305,0.180555555555556,0.957377049180328,0.789214840379638,"moi_0.25_quality_0.6_genes_400_replicates_4",20250728,0.25,0.6,400,4,FALSE
"crispulator-f1-threshold-curves-v1","DESeq2",0.05,400,95,55,50,5,300,45,0.909090909090909,0.526315789473684,0.526315789473684,0.666666666666667,0.0909090909090909,0.983606557377049,0.754961173425367,"moi_0.25_quality_0.6_genes_400_replicates_4",20250728,0.25,0.6,400,4,FALSE
"crispulator-f1-threshold-curves-v1","DESeq2",0.01,400,95,47,45,2,303,50,0.957446808510638,0.473684210526316,0.473684210526316,0.633802816901408,0.0425531914893617,0.99344262295082,0.733563416738568,"moi_0.25_quality_0.6_genes_400_replicates_4",20250728,0.25,0.6,400,4,FALSE
"crispulator-f1-threshold-curves-v1","DESeq2",0.005,400,95,41,41,0,305,54,1,0.431578947368421,0.431578947368421,0.602941176470588,0,1,0.71578947368421,"moi_0.25_quality_0.6_genes_400_replicates_4",20250728,0.25,0.6,400,4,FALSE
"crispulator-f1-threshold-curves-v1","DESeq2",0.001,400,95,37,37,0,305,58,1,0.389473684210526,0.389473684210526,0.560606060606061,0,1,0.694736842105263,"moi_0.25_quality_0.6_genes_400_replicates_4",20250728,0.25,0.6,400,4,FALSE
"crispulator-f1-threshold-curves-v1","limma-voom",0.1,400,95,66,54,12,293,41,0.818181818181818,0.568421052631579,0.568421052631579,0.670807453416149,0.181818181818182,0.960655737704918,0.764538395168249,"moi_0.25_quality_0.6_genes_400_replicates_4",20250728,0.25,0.6,400,4,FALSE
"crispulator-f1-threshold-curves-v1","limma-voom",0.05,400,95,50,48,2,303,47,0.96,0.505263157894737,0.505263157894737,0.662068965517241,0.04,0.99344262295082,0.749352890422778,"moi_0.25_quality_0.6_genes_400_replicates_4",20250728,0.25,0.6,400,4,FALSE
"crispulator-f1-threshold-curves-v1","limma-voom",0.01,400,95,40,40,0,305,55,1,0.421052631578947,0.421052631578947,0.592592592592593,0,1,0.710526315789474,"moi_0.25_quality_0.6_genes_400_replicates_4",20250728,0.25,0.6,400,4,FALSE
"crispulator-f1-threshold-curves-v1","limma-voom",0.005,400,95,37,37,0,305,58,1,0.389473684210526,0.389473684210526,0.560606060606061,0,1,0.694736842105263,"moi_0.25_quality_0.6_genes_400_replicates_4",20250728,0.25,0.6,400,4,FALSE
"crispulator-f1-threshold-curves-v1","limma-voom",0.001,400,95,33,33,0,305,62,1,0.347368421052632,0.347368421052632,0.515625,0,1,0.673684210526316,"moi_0.25_quality_0.6_genes_400_replicates_4",20250728,0.25,0.6,400,4,FALSE
"crispulator-f1-threshold-curves-v1","BARCS-original",0.1,400,82,66,57,9,309,25,0.863636363636364,0.695121951219512,0.695121951219512,0.77027027027027,0.136363636363636,0.971698113207547,0.83341003221353,"moi_0.25_quality_0.75_genes_400_replicates_4",20250724,0.25,0.75,400,4,FALSE
"crispulator-f1-threshold-curves-v1","BARCS-original",0.05,400,82,59,54,5,313,28,0.915254237288136,0.658536585365854,0.658536585365854,0.765957446808511,0.0847457627118644,0.984276729559748,0.821406657462801,"moi_0.25_quality_0.75_genes_400_replicates_4",20250724,0.25,0.75,400,4,FALSE
"crispulator-f1-threshold-curves-v1","BARCS-original",0.01,400,82,42,41,1,317,41,0.976190476190476,0.5,0.5,0.661290322580645,0.0238095238095238,0.99685534591195,0.748427672955975,"moi_0.25_quality_0.75_genes_400_replicates_4",20250724,0.25,0.75,400,4,FALSE
"crispulator-f1-threshold-curves-v1","BARCS-original",0.005,400,82,36,36,0,318,46,1,0.439024390243902,0.439024390243902,0.610169491525424,0,1,0.719512195121951,"moi_0.25_quality_0.75_genes_400_replicates_4",20250724,0.25,0.75,400,4,FALSE
"crispulator-f1-threshold-curves-v1","BARCS-original",0.001,400,82,23,23,0,318,59,1,0.280487804878049,0.280487804878049,0.438095238095238,0,1,0.640243902439024,"moi_0.25_quality_0.75_genes_400_replicates_4",20250724,0.25,0.75,400,4,FALSE
"crispulator-f1-threshold-curves-v1","BARCS-NORM",0.1,400,82,6,5,1,317,77,0.833333333333333,0.0609756097560976,0.0609756097560976,0.113636363636364,0.166666666666667,0.99685534591195,0.528915477834024,"moi_0.25_quality_0.75_genes_400_replicates_4",20250724,0.25,0.75,400,4,FALSE
"crispulator-f1-threshold-curves-v1","BARCS-NORM",0.05,400,82,0,0,0,318,82,0,0,0,0,0,1,0.5,"moi_0.25_quality_0.75_genes_400_replicates_4",20250724,0.25,0.75,400,4,FALSE
"crispulator-f1-threshold-curves-v1","BARCS-NORM",0.01,400,82,0,0,0,318,82,0,0,0,0,0,1,0.5,"moi_0.25_quality_0.75_genes_400_replicates_4",20250724,0.25,0.75,400,4,FALSE
"crispulator-f1-threshold-curves-v1","BARCS-NORM",0.005,400,82,0,0,0,318,82,0,0,0,0,0,1,0.5,"moi_0.25_quality_0.75_genes_400_replicates_4",20250724,0.25,0.75,400,4,FALSE
"crispulator-f1-threshold-curves-v1","BARCS-NORM",0.001,400,82,0,0,0,318,82,0,0,0,0,0,1,0.5,"moi_0.25_quality_0.75_genes_400_replicates_4",20250724,0.25,0.75,400,4,FALSE
"crispulator-f1-threshold-curves-v1","BARCS-partial",0.1,400,82,12,12,0,318,70,1,0.146341463414634,0.146341463414634,0.25531914893617,0,1,0.573170731707317,"moi_0.25_quality_0.75_genes_400_replicates_4",20250724,0.25,0.75,400,4,FALSE
"crispulator-f1-threshold-curves-v1","BARCS-partial",0.05,400,82,10,10,0,318,72,1,0.121951219512195,0.121951219512195,0.217391304347826,0,1,0.560975609756098,"moi_0.25_quality_0.75_genes_400_replicates_4",20250724,0.25,0.75,400,4,FALSE
"crispulator-f1-threshold-curves-v1","BARCS-partial",0.01,400,82,6,6,0,318,76,1,0.0731707317073171,0.0731707317073171,0.136363636363636,0,1,0.536585365853659,"moi_0.25_quality_0.75_genes_400_replicates_4",20250724,0.25,0.75,400,4,FALSE
"crispulator-f1-threshold-curves-v1","BARCS-partial",0.005,400,82,6,6,0,318,76,1,0.0731707317073171,0.0731707317073171,0.136363636363636,0,1,0.536585365853659,"moi_0.25_quality_0.75_genes_400_replicates_4",20250724,0.25,0.75,400,4,FALSE
"crispulator-f1-threshold-curves-v1","BARCS-partial",0.001,400,82,2,2,0,318,80,1,0.024390243902439,0.024390243902439,0.0476190476190476,0,1,0.51219512195122,"moi_0.25_quality_0.75_genes_400_replicates_4",20250724,0.25,0.75,400,4,FALSE
"crispulator-f1-threshold-curves-v1","BARCS-EB",0.1,400,82,30,30,0,318,52,1,0.365853658536585,0.365853658536585,0.535714285714286,0,1,0.682926829268293,"moi_0.25_quality_0.75_genes_400_replicates_4",20250724,0.25,0.75,400,4,FALSE
"crispulator-f1-threshold-curves-v1","BARCS-EB",0.05,400,82,19,19,0,318,63,1,0.231707317073171,0.231707317073171,0.376237623762376,0,1,0.615853658536585,"moi_0.25_quality_0.75_genes_400_replicates_4",20250724,0.25,0.75,400,4,FALSE
"crispulator-f1-threshold-curves-v1","BARCS-EB",0.01,400,82,12,12,0,318,70,1,0.146341463414634,0.146341463414634,0.25531914893617,0,1,0.573170731707317,"moi_0.25_quality_0.75_genes_400_replicates_4",20250724,0.25,0.75,400,4,FALSE
"crispulator-f1-threshold-curves-v1","BARCS-EB",0.005,400,82,10,10,0,318,72,1,0.121951219512195,0.121951219512195,0.217391304347826,0,1,0.560975609756098,"moi_0.25_quality_0.75_genes_400_replicates_4",20250724,0.25,0.75,400,4,FALSE
"crispulator-f1-threshold-curves-v1","BARCS-EB",0.001,400,82,4,4,0,318,78,1,0.048780487804878,0.048780487804878,0.0930232558139535,0,1,0.524390243902439,"moi_0.25_quality_0.75_genes_400_replicates_4",20250724,0.25,0.75,400,4,FALSE
"crispulator-f1-threshold-curves-v1","MAGeCK-MLE",0.1,400,82,46,43,3,315,39,0.934782608695652,0.524390243902439,0.524390243902439,0.671875,0.0652173913043478,0.990566037735849,0.757478140819144,"moi_0.25_quality_0.75_genes_400_replicates_4",20250724,0.25,0.75,400,4,FALSE
"crispulator-f1-threshold-curves-v1","MAGeCK-MLE",0.05,400,82,41,39,2,316,43,0.951219512195122,0.475609756097561,0.475609756097561,0.634146341463415,0.048780487804878,0.993710691823899,0.73466022396073,"moi_0.25_quality_0.75_genes_400_replicates_4",20250724,0.25,0.75,400,4,FALSE
"crispulator-f1-threshold-curves-v1","MAGeCK-MLE",0.01,400,82,26,26,0,318,56,1,0.317073170731707,0.317073170731707,0.481481481481481,0,1,0.658536585365854,"moi_0.25_quality_0.75_genes_400_replicates_4",20250724,0.25,0.75,400,4,FALSE
"crispulator-f1-threshold-curves-v1","MAGeCK-MLE",0.005,400,82,22,22,0,318,60,1,0.268292682926829,0.268292682926829,0.423076923076923,0,1,0.634146341463415,"moi_0.25_quality_0.75_genes_400_replicates_4",20250724,0.25,0.75,400,4,FALSE
"crispulator-f1-threshold-curves-v1","MAGeCK-MLE",0.001,400,82,8,8,0,318,74,1,0.0975609756097561,0.0975609756097561,0.177777777777778,0,1,0.548780487804878,"moi_0.25_quality_0.75_genes_400_replicates_4",20250724,0.25,0.75,400,4,FALSE
"crispulator-f1-threshold-curves-v1","edgeR-QL",0.1,400,82,82,62,20,298,20,0.75609756097561,0.75609756097561,0.75609756097561,0.75609756097561,0.24390243902439,0.937106918238994,0.846602239607302,"moi_0.25_quality_0.75_genes_400_replicates_4",20250724,0.25,0.75,400,4,FALSE
"crispulator-f1-threshold-curves-v1","edgeR-QL",0.05,400,82,75,61,14,304,21,0.813333333333333,0.74390243902439,0.74390243902439,0.777070063694268,0.186666666666667,0.955974842767296,0.849938640895843,"moi_0.25_quality_0.75_genes_400_replicates_4",20250724,0.25,0.75,400,4,FALSE
"crispulator-f1-threshold-curves-v1","edgeR-QL",0.01,400,82,61,56,5,313,26,0.918032786885246,0.682926829268293,0.682926829268293,0.783216783216783,0.0819672131147541,0.984276729559748,0.833601779414021,"moi_0.25_quality_0.75_genes_400_replicates_4",20250724,0.25,0.75,400,4,FALSE
"crispulator-f1-threshold-curves-v1","edgeR-QL",0.005,400,82,59,55,4,314,27,0.932203389830508,0.670731707317073,0.670731707317073,0.780141843971631,0.0677966101694915,0.987421383647799,0.829076545482436,"moi_0.25_quality_0.75_genes_400_replicates_4",20250724,0.25,0.75,400,4,FALSE
"crispulator-f1-threshold-curves-v1","edgeR-QL",0.001,400,82,50,50,0,318,32,1,0.609756097560976,0.609756097560976,0.757575757575757,0,1,0.804878048780488,"moi_0.25_quality_0.75_genes_400_replicates_4",20250724,0.25,0.75,400,4,FALSE
"crispulator-f1-threshold-curves-v1","DESeq2",0.1,400,82,86,63,23,295,19,0.732558139534884,0.768292682926829,0.768292682926829,0.75,0.267441860465116,0.927672955974843,0.847982819450836,"moi_0.25_quality_0.75_genes_400_replicates_4",20250724,0.25,0.75,400,4,FALSE
"crispulator-f1-threshold-curves-v1","DESeq2",0.05,400,82,74,62,12,306,20,0.837837837837838,0.75609756097561,0.75609756097561,0.794871794871795,0.162162162162162,0.962264150943396,0.859180855959503,"moi_0.25_quality_0.75_genes_400_replicates_4",20250724,0.25,0.75,400,4,FALSE
"crispulator-f1-threshold-curves-v1","DESeq2",0.01,400,82,64,57,7,311,25,0.890625,0.695121951219512,0.695121951219512,0.780821917808219,0.109375,0.977987421383648,0.83655468630158,"moi_0.25_quality_0.75_genes_400_replicates_4",20250724,0.25,0.75,400,4,FALSE
"crispulator-f1-threshold-curves-v1","DESeq2",0.005,400,82,57,55,2,316,27,0.964912280701754,0.670731707317073,0.670731707317073,0.79136690647482,0.0350877192982456,0.993710691823899,0.832221199570486,"moi_0.25_quality_0.75_genes_400_replicates_4",20250724,0.25,0.75,400,4,FALSE
"crispulator-f1-threshold-curves-v1","DESeq2",0.001,400,82,52,51,1,317,31,0.980769230769231,0.621951219512195,0.621951219512195,0.761194029850746,0.0192307692307692,0.99685534591195,0.809403282712072,"moi_0.25_quality_0.75_genes_400_replicates_4",20250724,0.25,0.75,400,4,FALSE
"crispulator-f1-threshold-curves-v1","limma-voom",0.1,400,82,78,63,15,303,19,0.807692307692308,0.768292682926829,0.768292682926829,0.7875,0.192307692307692,0.952830188679245,0.860561435803037,"moi_0.25_quality_0.75_genes_400_replicates_4",20250724,0.25,0.75,400,4,FALSE
"crispulator-f1-threshold-curves-v1","limma-voom",0.05,400,82,70,60,10,308,22,0.857142857142857,0.731707317073171,0.731707317073171,0.789473684210526,0.142857142857143,0.968553459119497,0.850130388096334,"moi_0.25_quality_0.75_genes_400_replicates_4",20250724,0.25,0.75,400,4,FALSE
"crispulator-f1-threshold-curves-v1","limma-voom",0.01,400,82,61,56,5,313,26,0.918032786885246,0.682926829268293,0.682926829268293,0.783216783216783,0.0819672131147541,0.984276729559748,0.833601779414021,"moi_0.25_quality_0.75_genes_400_replicates_4",20250724,0.25,0.75,400,4,FALSE
"crispulator-f1-threshold-curves-v1","limma-voom",0.005,400,82,59,55,4,314,27,0.932203389830508,0.670731707317073,0.670731707317073,0.780141843971631,0.0677966101694915,0.987421383647799,0.829076545482436,"moi_0.25_quality_0.75_genes_400_replicates_4",20250724,0.25,0.75,400,4,FALSE
"crispulator-f1-threshold-curves-v1","limma-voom",0.001,400,82,50,50,0,318,32,1,0.609756097560976,0.609756097560976,0.757575757575757,0,1,0.804878048780488,"moi_0.25_quality_0.75_genes_400_replicates_4",20250724,0.25,0.75,400,4,FALSE
"crispulator-f1-threshold-curves-v1","BARCS-original",0.1,400,81,52,46,6,313,35,0.884615384615385,0.567901234567901,0.567901234567901,0.691729323308271,0.115384615384615,0.981191222570533,0.774546228569217,"moi_0.25_quality_0.75_genes_400_replicates_4",20250725,0.25,0.75,400,4,FALSE
"crispulator-f1-threshold-curves-v1","BARCS-original",0.05,400,81,46,43,3,316,38,0.934782608695652,0.530864197530864,0.530864197530864,0.677165354330709,0.0652173913043478,0.990595611285266,0.760729904408065,"moi_0.25_quality_0.75_genes_400_replicates_4",20250725,0.25,0.75,400,4,FALSE
"crispulator-f1-threshold-curves-v1","BARCS-original",0.01,400,81,29,29,0,319,52,1,0.358024691358025,0.358024691358025,0.527272727272727,0,1,0.679012345679012,"moi_0.25_quality_0.75_genes_400_replicates_4",20250725,0.25,0.75,400,4,FALSE
"crispulator-f1-threshold-curves-v1","BARCS-original",0.005,400,81,27,27,0,319,54,1,0.333333333333333,0.333333333333333,0.5,0,1,0.666666666666667,"moi_0.25_quality_0.75_genes_400_replicates_4",20250725,0.25,0.75,400,4,FALSE
"crispulator-f1-threshold-curves-v1","BARCS-original",0.001,400,81,12,12,0,319,69,1,0.148148148148148,0.148148148148148,0.258064516129032,0,1,0.574074074074074,"moi_0.25_quality_0.75_genes_400_replicates_4",20250725,0.25,0.75,400,4,FALSE
"crispulator-f1-threshold-curves-v1","BARCS-NORM",0.1,400,81,7,7,0,319,74,1,0.0864197530864197,0.0864197530864197,0.159090909090909,0,1,0.54320987654321,"moi_0.25_quality_0.75_genes_400_replicates_4",20250725,0.25,0.75,400,4,FALSE
"crispulator-f1-threshold-curves-v1","BARCS-NORM",0.05,400,81,0,0,0,319,81,0,0,0,0,0,1,0.5,"moi_0.25_quality_0.75_genes_400_replicates_4",20250725,0.25,0.75,400,4,FALSE
"crispulator-f1-threshold-curves-v1","BARCS-NORM",0.01,400,81,0,0,0,319,81,0,0,0,0,0,1,0.5,"moi_0.25_quality_0.75_genes_400_replicates_4",20250725,0.25,0.75,400,4,FALSE
"crispulator-f1-threshold-curves-v1","BARCS-NORM",0.005,400,81,0,0,0,319,81,0,0,0,0,0,1,0.5,"moi_0.25_quality_0.75_genes_400_replicates_4",20250725,0.25,0.75,400,4,FALSE
"crispulator-f1-threshold-curves-v1","BARCS-NORM",0.001,400,81,0,0,0,319,81,0,0,0,0,0,1,0.5,"moi_0.25_quality_0.75_genes_400_replicates_4",20250725,0.25,0.75,400,4,FALSE
"crispulator-f1-threshold-curves-v1","BARCS-partial",0.1,400,81,15,14,1,318,67,0.933333333333333,0.17283950617284,0.17283950617284,0.291666666666667,0.0666666666666667,0.996865203761755,0.584852354967297,"moi_0.25_quality_0.75_genes_400_replicates_4",20250725,0.25,0.75,400,4,FALSE
"crispulator-f1-threshold-curves-v1","BARCS-partial",0.05,400,81,13,13,0,319,68,1,0.160493827160494,0.160493827160494,0.276595744680851,0,1,0.580246913580247,"moi_0.25_quality_0.75_genes_400_replicates_4",20250725,0.25,0.75,400,4,FALSE
"crispulator-f1-threshold-curves-v1","BARCS-partial",0.01,400,81,9,9,0,319,72,1,0.111111111111111,0.111111111111111,0.2,0,1,0.555555555555556,"moi_0.25_quality_0.75_genes_400_replicates_4",20250725,0.25,0.75,400,4,FALSE
"crispulator-f1-threshold-curves-v1","BARCS-partial",0.005,400,81,8,8,0,319,73,1,0.0987654320987654,0.0987654320987654,0.179775280898876,0,1,0.549382716049383,"moi_0.25_quality_0.75_genes_400_replicates_4",20250725,0.25,0.75,400,4,FALSE
"crispulator-f1-threshold-curves-v1","BARCS-partial",0.001,400,81,5,5,0,319,76,1,0.0617283950617284,0.0617283950617284,0.116279069767442,0,1,0.530864197530864,"moi_0.25_quality_0.75_genes_400_replicates_4",20250725,0.25,0.75,400,4,FALSE
"crispulator-f1-threshold-curves-v1","BARCS-EB",0.1,400,81,21,21,0,319,60,1,0.259259259259259,0.259259259259259,0.411764705882353,0,1,0.62962962962963,"moi_0.25_quality_0.75_genes_400_replicates_4",20250725,0.25,0.75,400,4,FALSE
"crispulator-f1-threshold-curves-v1","BARCS-EB",0.05,400,81,18,18,0,319,63,1,0.222222222222222,0.222222222222222,0.363636363636364,0,1,0.611111111111111,"moi_0.25_quality_0.75_genes_400_replicates_4",20250725,0.25,0.75,400,4,FALSE
"crispulator-f1-threshold-curves-v1","BARCS-EB",0.01,400,81,11,11,0,319,70,1,0.135802469135802,0.135802469135802,0.239130434782609,0,1,0.567901234567901,"moi_0.25_quality_0.75_genes_400_replicates_4",20250725,0.25,0.75,400,4,FALSE
"crispulator-f1-threshold-curves-v1","BARCS-EB",0.005,400,81,10,10,0,319,71,1,0.123456790123457,0.123456790123457,0.21978021978022,0,1,0.561728395061728,"moi_0.25_quality_0.75_genes_400_replicates_4",20250725,0.25,0.75,400,4,FALSE
"crispulator-f1-threshold-curves-v1","BARCS-EB",0.001,400,81,3,3,0,319,78,1,0.037037037037037,0.037037037037037,0.0714285714285714,0,1,0.518518518518518,"moi_0.25_quality_0.75_genes_400_replicates_4",20250725,0.25,0.75,400,4,FALSE
"crispulator-f1-threshold-curves-v1","MAGeCK-MLE",0.1,400,81,48,43,5,314,38,0.895833333333333,0.530864197530864,0.530864197530864,0.666666666666667,0.104166666666667,0.984326018808777,0.757595108169821,"moi_0.25_quality_0.75_genes_400_replicates_4",20250725,0.25,0.75,400,4,FALSE
"crispulator-f1-threshold-curves-v1","MAGeCK-MLE",0.05,400,81,40,38,2,317,43,0.95,0.469135802469136,0.469135802469136,0.628099173553719,0.05,0.993730407523511,0.731433104996323,"moi_0.25_quality_0.75_genes_400_replicates_4",20250725,0.25,0.75,400,4,FALSE
"crispulator-f1-threshold-curves-v1","MAGeCK-MLE",0.01,400,81,23,23,0,319,58,1,0.283950617283951,0.283950617283951,0.442307692307692,0,1,0.641975308641975,"moi_0.25_quality_0.75_genes_400_replicates_4",20250725,0.25,0.75,400,4,FALSE
"crispulator-f1-threshold-curves-v1","MAGeCK-MLE",0.005,400,81,17,17,0,319,64,1,0.209876543209877,0.209876543209877,0.346938775510204,0,1,0.604938271604938,"moi_0.25_quality_0.75_genes_400_replicates_4",20250725,0.25,0.75,400,4,FALSE
"crispulator-f1-threshold-curves-v1","MAGeCK-MLE",0.001,400,81,4,4,0,319,77,1,0.0493827160493827,0.0493827160493827,0.0941176470588235,0,1,0.524691358024691,"moi_0.25_quality_0.75_genes_400_replicates_4",20250725,0.25,0.75,400,4,FALSE
"crispulator-f1-threshold-curves-v1","edgeR-QL",0.1,400,81,87,57,30,289,24,0.655172413793103,0.703703703703704,0.703703703703704,0.678571428571429,0.344827586206897,0.905956112852665,0.804829908278184,"moi_0.25_quality_0.75_genes_400_replicates_4",20250725,0.25,0.75,400,4,FALSE
"crispulator-f1-threshold-curves-v1","edgeR-QL",0.05,400,81,72,56,16,303,25,0.777777777777778,0.691358024691358,0.691358024691358,0.73202614379085,0.222222222222222,0.949843260188088,0.820600642439723,"moi_0.25_quality_0.75_genes_400_replicates_4",20250725,0.25,0.75,400,4,FALSE
"crispulator-f1-threshold-curves-v1","edgeR-QL",0.01,400,81,54,48,6,313,33,0.888888888888889,0.592592592592593,0.592592592592593,0.711111111111111,0.111111111111111,0.981191222570533,0.786891907581563,"moi_0.25_quality_0.75_genes_400_replicates_4",20250725,0.25,0.75,400,4,FALSE
"crispulator-f1-threshold-curves-v1","edgeR-QL",0.005,400,81,49,45,4,315,36,0.918367346938776,0.555555555555556,0.555555555555556,0.692307692307692,0.0816326530612245,0.987460815047022,0.771508185301289,"moi_0.25_quality_0.75_genes_400_replicates_4",20250725,0.25,0.75,400,4,FALSE
"crispulator-f1-threshold-curves-v1","edgeR-QL",0.001,400,81,42,41,1,318,40,0.976190476190476,0.506172839506173,0.506172839506173,0.666666666666667,0.0238095238095238,0.996865203761755,0.751519021633964,"moi_0.25_quality_0.75_genes_400_replicates_4",20250725,0.25,0.75,400,4,FALSE
"crispulator-f1-threshold-curves-v1","DESeq2",0.1,400,81,89,61,28,291,20,0.685393258426966,0.753086419753086,0.740740740740741,0.71764705882353,0.314606741573034,0.912225705329154,0.83265606254112,"moi_0.25_quality_0.75_genes_400_replicates_4",20250725,0.25,0.75,400,4,FALSE
"crispulator-f1-threshold-curves-v1","DESeq2",0.05,400,81,72,57,15,304,24,0.791666666666667,0.703703703703704,0.691358024691358,0.745098039215686,0.208333333333333,0.952978056426332,0.828340880065018,"moi_0.25_quality_0.75_genes_400_replicates_4",20250725,0.25,0.75,400,4,FALSE
"crispulator-f1-threshold-curves-v1","DESeq2",0.01,400,81,58,51,7,312,30,0.879310344827586,0.62962962962963,0.62962962962963,0.733812949640288,0.120689655172414,0.978056426332288,0.803843027980959,"moi_0.25_quality_0.75_genes_400_replicates_4",20250725,0.25,0.75,400,4,FALSE
"crispulator-f1-threshold-curves-v1","DESeq2",0.005,400,81,53,48,5,314,33,0.905660377358491,0.592592592592593,0.592592592592593,0.716417910447761,0.0943396226415094,0.984326018808777,0.788459305700685,"moi_0.25_quality_0.75_genes_400_replicates_4",20250725,0.25,0.75,400,4,FALSE
"crispulator-f1-threshold-curves-v1","DESeq2",0.001,400,81,42,41,1,318,40,0.976190476190476,0.506172839506173,0.506172839506173,0.666666666666667,0.0238095238095238,0.996865203761755,0.751519021633964,"moi_0.25_quality_0.75_genes_400_replicates_4",20250725,0.25,0.75,400,4,FALSE
"crispulator-f1-threshold-curves-v1","limma-voom",0.1,400,81,86,58,28,291,23,0.674418604651163,0.716049382716049,0.716049382716049,0.694610778443114,0.325581395348837,0.912225705329154,0.814137544022602,"moi_0.25_quality_0.75_genes_400_replicates_4",20250725,0.25,0.75,400,4,FALSE
"crispulator-f1-threshold-curves-v1","limma-voom",0.05,400,81,69,55,14,305,26,0.797101449275362,0.679012345679012,0.679012345679012,0.733333333333333,0.202898550724638,0.956112852664577,0.817562599171795,"moi_0.25_quality_0.75_genes_400_replicates_4",20250725,0.25,0.75,400,4,FALSE
"crispulator-f1-threshold-curves-v1","limma-voom",0.01,400,81,52,47,5,314,34,0.903846153846154,0.580246913580247,0.580246913580247,0.706766917293233,0.0961538461538462,0.984326018808777,0.782286466194512,"moi_0.25_quality_0.75_genes_400_replicates_4",20250725,0.25,0.75,400,4,FALSE
"crispulator-f1-threshold-curves-v1","limma-voom",0.005,400,81,51,46,5,314,35,0.901960784313726,0.567901234567901,0.567901234567901,0.696969696969697,0.0980392156862745,0.984326018808777,0.776113626688339,"moi_0.25_quality_0.75_genes_400_replicates_4",20250725,0.25,0.75,400,4,FALSE
"crispulator-f1-threshold-curves-v1","limma-voom",0.001,400,81,38,37,1,318,44,0.973684210526316,0.45679012345679,0.45679012345679,0.621848739495798,0.0263157894736842,0.996865203761755,0.726827663609273,"moi_0.25_quality_0.75_genes_400_replicates_4",20250725,0.25,0.75,400,4,FALSE
"crispulator-f1-threshold-curves-v1","BARCS-original",0.1,400,77,54,48,6,317,29,0.888888888888889,0.623376623376623,0.623376623376623,0.732824427480916,0.111111111111111,0.981424148606811,0.802400385991717,"moi_0.25_quality_0.75_genes_400_replicates_4",20250726,0.25,0.75,400,4,FALSE
"crispulator-f1-threshold-curves-v1","BARCS-original",0.05,400,77,45,42,3,320,35,0.933333333333333,0.545454545454545,0.545454545454545,0.688524590163934,0.0666666666666667,0.990712074303406,0.768083309878975,"moi_0.25_quality_0.75_genes_400_replicates_4",20250726,0.25,0.75,400,4,FALSE
"crispulator-f1-threshold-curves-v1","BARCS-original",0.01,400,77,32,32,0,323,45,1,0.415584415584416,0.415584415584416,0.587155963302752,0,1,0.707792207792208,"moi_0.25_quality_0.75_genes_400_replicates_4",20250726,0.25,0.75,400,4,FALSE
"crispulator-f1-threshold-curves-v1","BARCS-original",0.005,400,77,21,21,0,323,56,1,0.272727272727273,0.272727272727273,0.428571428571429,0,1,0.636363636363636,"moi_0.25_quality_0.75_genes_400_replicates_4",20250726,0.25,0.75,400,4,FALSE
"crispulator-f1-threshold-curves-v1","BARCS-original",0.001,400,77,14,14,0,323,63,1,0.181818181818182,0.181818181818182,0.307692307692308,0,1,0.590909090909091,"moi_0.25_quality_0.75_genes_400_replicates_4",20250726,0.25,0.75,400,4,FALSE
"crispulator-f1-threshold-curves-v1","BARCS-NORM",0.1,400,77,0,0,0,323,77,0,0,0,0,0,1,0.5,"moi_0.25_quality_0.75_genes_400_replicates_4",20250726,0.25,0.75,400,4,FALSE
"crispulator-f1-threshold-curves-v1","BARCS-NORM",0.05,400,77,0,0,0,323,77,0,0,0,0,0,1,0.5,"moi_0.25_quality_0.75_genes_400_replicates_4",20250726,0.25,0.75,400,4,FALSE
"crispulator-f1-threshold-curves-v1","BARCS-NORM",0.01,400,77,0,0,0,323,77,0,0,0,0,0,1,0.5,"moi_0.25_quality_0.75_genes_400_replicates_4",20250726,0.25,0.75,400,4,FALSE
"crispulator-f1-threshold-curves-v1","BARCS-NORM",0.005,400,77,0,0,0,323,77,0,0,0,0,0,1,0.5,"moi_0.25_quality_0.75_genes_400_replicates_4",20250726,0.25,0.75,400,4,FALSE
"crispulator-f1-threshold-curves-v1","BARCS-NORM",0.001,400,77,0,0,0,323,77,0,0,0,0,0,1,0.5,"moi_0.25_quality_0.75_genes_400_replicates_4",20250726,0.25,0.75,400,4,FALSE
"crispulator-f1-threshold-curves-v1","BARCS-partial",0.1,400,77,21,21,0,323,56,1,0.272727272727273,0.272727272727273,0.428571428571429,0,1,0.636363636363636,"moi_0.25_quality_0.75_genes_400_replicates_4",20250726,0.25,0.75,400,4,FALSE
"crispulator-f1-threshold-curves-v1","BARCS-partial",0.05,400,77,19,19,0,323,58,1,0.246753246753247,0.246753246753247,0.395833333333333,0,1,0.623376623376623,"moi_0.25_quality_0.75_genes_400_replicates_4",20250726,0.25,0.75,400,4,FALSE
"crispulator-f1-threshold-curves-v1","BARCS-partial",0.01,400,77,12,12,0,323,65,1,0.155844155844156,0.155844155844156,0.269662921348315,0,1,0.577922077922078,"moi_0.25_quality_0.75_genes_400_replicates_4",20250726,0.25,0.75,400,4,FALSE
"crispulator-f1-threshold-curves-v1","BARCS-partial",0.005,400,77,12,12,0,323,65,1,0.155844155844156,0.155844155844156,0.269662921348315,0,1,0.577922077922078,"moi_0.25_quality_0.75_genes_400_replicates_4",20250726,0.25,0.75,400,4,FALSE
"crispulator-f1-threshold-curves-v1","BARCS-partial",0.001,400,77,8,8,0,323,69,1,0.103896103896104,0.103896103896104,0.188235294117647,0,1,0.551948051948052,"moi_0.25_quality_0.75_genes_400_replicates_4",20250726,0.25,0.75,400,4,FALSE
"crispulator-f1-threshold-curves-v1","BARCS-EB",0.1,400,77,28,27,1,322,50,0.964285714285714,0.350649350649351,0.350649350649351,0.514285714285714,0.0357142857142857,0.996904024767802,0.673776687708576,"moi_0.25_quality_0.75_genes_400_replicates_4",20250726,0.25,0.75,400,4,FALSE
"crispulator-f1-threshold-curves-v1","BARCS-EB",0.05,400,77,25,25,0,323,52,1,0.324675324675325,0.324675324675325,0.490196078431373,0,1,0.662337662337662,"moi_0.25_quality_0.75_genes_400_replicates_4",20250726,0.25,0.75,400,4,FALSE
"crispulator-f1-threshold-curves-v1","BARCS-EB",0.01,400,77,10,10,0,323,67,1,0.12987012987013,0.12987012987013,0.229885057471264,0,1,0.564935064935065,"moi_0.25_quality_0.75_genes_400_replicates_4",20250726,0.25,0.75,400,4,FALSE
"crispulator-f1-threshold-curves-v1","BARCS-EB",0.005,400,77,9,9,0,323,68,1,0.116883116883117,0.116883116883117,0.209302325581395,0,1,0.558441558441558,"moi_0.25_quality_0.75_genes_400_replicates_4",20250726,0.25,0.75,400,4,FALSE
"crispulator-f1-threshold-curves-v1","BARCS-EB",0.001,400,77,4,4,0,323,73,1,0.051948051948052,0.051948051948052,0.0987654320987654,0,1,0.525974025974026,"moi_0.25_quality_0.75_genes_400_replicates_4",20250726,0.25,0.75,400,4,FALSE
"crispulator-f1-threshold-curves-v1","MAGeCK-MLE",0.1,400,77,37,35,2,321,42,0.945945945945946,0.454545454545455,0.454545454545455,0.614035087719298,0.0540540540540541,0.993808049535604,0.724176752040529,"moi_0.25_quality_0.75_genes_400_replicates_4",20250726,0.25,0.75,400,4,FALSE
"crispulator-f1-threshold-curves-v1","MAGeCK-MLE",0.05,400,77,23,23,0,323,54,1,0.298701298701299,0.298701298701299,0.46,0,1,0.649350649350649,"moi_0.25_quality_0.75_genes_400_replicates_4",20250726,0.25,0.75,400,4,FALSE
"crispulator-f1-threshold-curves-v1","MAGeCK-MLE",0.01,400,77,16,16,0,323,61,1,0.207792207792208,0.207792207792208,0.344086021505376,0,1,0.603896103896104,"moi_0.25_quality_0.75_genes_400_replicates_4",20250726,0.25,0.75,400,4,FALSE
"crispulator-f1-threshold-curves-v1","MAGeCK-MLE",0.005,400,77,13,13,0,323,64,1,0.168831168831169,0.168831168831169,0.288888888888889,0,1,0.584415584415584,"moi_0.25_quality_0.75_genes_400_replicates_4",20250726,0.25,0.75,400,4,FALSE
"crispulator-f1-threshold-curves-v1","MAGeCK-MLE",0.001,400,77,7,7,0,323,70,1,0.0909090909090909,0.0909090909090909,0.166666666666667,0,1,0.545454545454545,"moi_0.25_quality_0.75_genes_400_replicates_4",20250726,0.25,0.75,400,4,FALSE
"crispulator-f1-threshold-curves-v1","edgeR-QL",0.1,400,77,75,58,17,306,19,0.773333333333333,0.753246753246753,0.753246753246753,0.763157894736842,0.226666666666667,0.947368421052632,0.850307587149692,"moi_0.25_quality_0.75_genes_400_replicates_4",20250726,0.25,0.75,400,4,FALSE
"crispulator-f1-threshold-curves-v1","edgeR-QL",0.05,400,77,63,54,9,314,23,0.857142857142857,0.701298701298701,0.701298701298701,0.771428571428571,0.142857142857143,0.972136222910217,0.836717462104459,"moi_0.25_quality_0.75_genes_400_replicates_4",20250726,0.25,0.75,400,4,FALSE
"crispulator-f1-threshold-curves-v1","edgeR-QL",0.01,400,77,50,47,3,320,30,0.94,0.61038961038961,0.61038961038961,0.74015748031496,0.06,0.990712074303406,0.800550842346508,"moi_0.25_quality_0.75_genes_400_replicates_4",20250726,0.25,0.75,400,4,FALSE
"crispulator-f1-threshold-curves-v1","edgeR-QL",0.005,400,77,43,42,1,322,35,0.976744186046512,0.545454545454545,0.545454545454545,0.7,0.0232558139534884,0.996904024767802,0.771179285111174,"moi_0.25_quality_0.75_genes_400_replicates_4",20250726,0.25,0.75,400,4,FALSE
"crispulator-f1-threshold-curves-v1","edgeR-QL",0.001,400,77,37,37,0,323,40,1,0.48051948051948,0.48051948051948,0.649122807017544,0,1,0.74025974025974,"moi_0.25_quality_0.75_genes_400_replicates_4",20250726,0.25,0.75,400,4,FALSE
"crispulator-f1-threshold-curves-v1","DESeq2",0.1,400,77,85,62,23,300,15,0.729411764705882,0.805194805194805,0.805194805194805,0.765432098765432,0.270588235294118,0.928792569659443,0.866993687427124,"moi_0.25_quality_0.75_genes_400_replicates_4",20250726,0.25,0.75,400,4,FALSE
"crispulator-f1-threshold-curves-v1","DESeq2",0.05,400,77,71,56,15,308,21,0.788732394366197,0.727272727272727,0.727272727272727,0.756756756756757,0.211267605633803,0.953560371517028,0.840416549394878,"moi_0.25_quality_0.75_genes_400_replicates_4",20250726,0.25,0.75,400,4,FALSE
"crispulator-f1-threshold-curves-v1","DESeq2",0.01,400,77,48,46,2,321,31,0.958333333333333,0.597402597402597,0.597402597402597,0.736,0.0416666666666667,0.993808049535604,0.7956053234691,"moi_0.25_quality_0.75_genes_400_replicates_4",20250726,0.25,0.75,400,4,FALSE
"crispulator-f1-threshold-curves-v1","DESeq2",0.005,400,77,43,42,1,322,35,0.976744186046512,0.545454545454545,0.545454545454545,0.7,0.0232558139534884,0.996904024767802,0.771179285111174,"moi_0.25_quality_0.75_genes_400_replicates_4",20250726,0.25,0.75,400,4,FALSE
"crispulator-f1-threshold-curves-v1","DESeq2",0.001,400,77,38,38,0,323,39,1,0.493506493506494,0.493506493506494,0.660869565217391,0,1,0.746753246753247,"moi_0.25_quality_0.75_genes_400_replicates_4",20250726,0.25,0.75,400,4,FALSE
"crispulator-f1-threshold-curves-v1","limma-voom",0.1,400,77,73,56,17,306,21,0.767123287671233,0.727272727272727,0.727272727272727,0.746666666666667,0.232876712328767,0.947368421052632,0.83732057416268,"moi_0.25_quality_0.75_genes_400_replicates_4",20250726,0.25,0.75,400,4,FALSE
"crispulator-f1-threshold-curves-v1","limma-voom",0.05,400,77,65,53,12,311,24,0.815384615384615,0.688311688311688,0.688311688311688,0.746478873239437,0.184615384615385,0.962848297213622,0.825579992762655,"moi_0.25_quality_0.75_genes_400_replicates_4",20250726,0.25,0.75,400,4,FALSE
"crispulator-f1-threshold-curves-v1","limma-voom",0.01,400,77,45,43,2,321,34,0.955555555555556,0.558441558441558,0.558441558441558,0.704918032786885,0.0444444444444444,0.993808049535604,0.776124803988581,"moi_0.25_quality_0.75_genes_400_replicates_4",20250726,0.25,0.75,400,4,FALSE
"crispulator-f1-threshold-curves-v1","limma-voom",0.005,400,77,41,40,1,322,37,0.975609756097561,0.519480519480519,0.519480519480519,0.677966101694915,0.024390243902439,0.996904024767802,0.758192272124161,"moi_0.25_quality_0.75_genes_400_replicates_4",20250726,0.25,0.75,400,4,FALSE
"crispulator-f1-threshold-curves-v1","limma-voom",0.001,400,77,36,36,0,323,41,1,0.467532467532468,0.467532467532468,0.63716814159292,0,1,0.733766233766234,"moi_0.25_quality_0.75_genes_400_replicates_4",20250726,0.25,0.75,400,4,FALSE
"crispulator-f1-threshold-curves-v1","BARCS-original",0.1,400,75,46,44,2,323,31,0.956521739130435,0.586666666666667,0.586666666666667,0.727272727272727,0.0434782608695652,0.993846153846154,0.79025641025641,"moi_0.25_quality_0.75_genes_400_replicates_4",20250727,0.25,0.75,400,4,FALSE
"crispulator-f1-threshold-curves-v1","BARCS-original",0.05,400,75,39,39,0,325,36,1,0.52,0.52,0.68421052631579,0,1,0.76,"moi_0.25_quality_0.75_genes_400_replicates_4",20250727,0.25,0.75,400,4,FALSE
"crispulator-f1-threshold-curves-v1","BARCS-original",0.01,400,75,29,29,0,325,46,1,0.386666666666667,0.386666666666667,0.557692307692308,0,1,0.693333333333333,"moi_0.25_quality_0.75_genes_400_replicates_4",20250727,0.25,0.75,400,4,FALSE
"crispulator-f1-threshold-curves-v1","BARCS-original",0.005,400,75,24,24,0,325,51,1,0.32,0.32,0.484848484848485,0,1,0.66,"moi_0.25_quality_0.75_genes_400_replicates_4",20250727,0.25,0.75,400,4,FALSE
"crispulator-f1-threshold-curves-v1","BARCS-original",0.001,400,75,14,14,0,325,61,1,0.186666666666667,0.186666666666667,0.314606741573034,0,1,0.593333333333333,"moi_0.25_quality_0.75_genes_400_replicates_4",20250727,0.25,0.75,400,4,FALSE
"crispulator-f1-threshold-curves-v1","BARCS-NORM",0.1,400,75,0,0,0,325,75,0,0,0,0,0,1,0.5,"moi_0.25_quality_0.75_genes_400_replicates_4",20250727,0.25,0.75,400,4,FALSE
"crispulator-f1-threshold-curves-v1","BARCS-NORM",0.05,400,75,0,0,0,325,75,0,0,0,0,0,1,0.5,"moi_0.25_quality_0.75_genes_400_replicates_4",20250727,0.25,0.75,400,4,FALSE
"crispulator-f1-threshold-curves-v1","BARCS-NORM",0.01,400,75,0,0,0,325,75,0,0,0,0,0,1,0.5,"moi_0.25_quality_0.75_genes_400_replicates_4",20250727,0.25,0.75,400,4,FALSE
"crispulator-f1-threshold-curves-v1","BARCS-NORM",0.005,400,75,0,0,0,325,75,0,0,0,0,0,1,0.5,"moi_0.25_quality_0.75_genes_400_replicates_4",20250727,0.25,0.75,400,4,FALSE
"crispulator-f1-threshold-curves-v1","BARCS-NORM",0.001,400,75,0,0,0,325,75,0,0,0,0,0,1,0.5,"moi_0.25_quality_0.75_genes_400_replicates_4",20250727,0.25,0.75,400,4,FALSE
"crispulator-f1-threshold-curves-v1","BARCS-partial",0.1,400,75,34,33,1,324,42,0.970588235294118,0.44,0.44,0.605504587155963,0.0294117647058824,0.996923076923077,0.718461538461538,"moi_0.25_quality_0.75_genes_400_replicates_4",20250727,0.25,0.75,400,4,FALSE
"crispulator-f1-threshold-curves-v1","BARCS-partial",0.05,400,75,24,24,0,325,51,1,0.32,0.32,0.484848484848485,0,1,0.66,"moi_0.25_quality_0.75_genes_400_replicates_4",20250727,0.25,0.75,400,4,FALSE
"crispulator-f1-threshold-curves-v1","BARCS-partial",0.01,400,75,16,16,0,325,59,1,0.213333333333333,0.213333333333333,0.351648351648352,0,1,0.606666666666667,"moi_0.25_quality_0.75_genes_400_replicates_4",20250727,0.25,0.75,400,4,FALSE
"crispulator-f1-threshold-curves-v1","BARCS-partial",0.005,400,75,15,15,0,325,60,1,0.2,0.2,0.333333333333333,0,1,0.6,"moi_0.25_quality_0.75_genes_400_replicates_4",20250727,0.25,0.75,400,4,FALSE
"crispulator-f1-threshold-curves-v1","BARCS-partial",0.001,400,75,13,13,0,325,62,1,0.173333333333333,0.173333333333333,0.295454545454545,0,1,0.586666666666667,"moi_0.25_quality_0.75_genes_400_replicates_4",20250727,0.25,0.75,400,4,FALSE
"crispulator-f1-threshold-curves-v1","BARCS-EB",0.1,400,75,35,35,0,325,40,1,0.466666666666667,0.466666666666667,0.636363636363636,0,1,0.733333333333333,"moi_0.25_quality_0.75_genes_400_replicates_4",20250727,0.25,0.75,400,4,FALSE
"crispulator-f1-threshold-curves-v1","BARCS-EB",0.05,400,75,33,33,0,325,42,1,0.44,0.44,0.611111111111111,0,1,0.72,"moi_0.25_quality_0.75_genes_400_replicates_4",20250727,0.25,0.75,400,4,FALSE
"crispulator-f1-threshold-curves-v1","BARCS-EB",0.01,400,75,20,20,0,325,55,1,0.266666666666667,0.266666666666667,0.421052631578947,0,1,0.633333333333333,"moi_0.25_quality_0.75_genes_400_replicates_4",20250727,0.25,0.75,400,4,FALSE
"crispulator-f1-threshold-curves-v1","BARCS-EB",0.005,400,75,16,16,0,325,59,1,0.213333333333333,0.213333333333333,0.351648351648352,0,1,0.606666666666667,"moi_0.25_quality_0.75_genes_400_replicates_4",20250727,0.25,0.75,400,4,FALSE
"crispulator-f1-threshold-curves-v1","BARCS-EB",0.001,400,75,10,10,0,325,65,1,0.133333333333333,0.133333333333333,0.235294117647059,0,1,0.566666666666667,"moi_0.25_quality_0.75_genes_400_replicates_4",20250727,0.25,0.75,400,4,FALSE
"crispulator-f1-threshold-curves-v1","MAGeCK-MLE",0.1,400,75,39,38,1,324,37,0.974358974358974,0.506666666666667,0.506666666666667,0.666666666666667,0.0256410256410256,0.996923076923077,0.751794871794872,"moi_0.25_quality_0.75_genes_400_replicates_4",20250727,0.25,0.75,400,4,FALSE
"crispulator-f1-threshold-curves-v1","MAGeCK-MLE",0.05,400,75,32,32,0,325,43,1,0.426666666666667,0.426666666666667,0.598130841121495,0,1,0.713333333333333,"moi_0.25_quality_0.75_genes_400_replicates_4",20250727,0.25,0.75,400,4,FALSE
"crispulator-f1-threshold-curves-v1","MAGeCK-MLE",0.01,400,75,20,20,0,325,55,1,0.266666666666667,0.266666666666667,0.421052631578947,0,1,0.633333333333333,"moi_0.25_quality_0.75_genes_400_replicates_4",20250727,0.25,0.75,400,4,FALSE
"crispulator-f1-threshold-curves-v1","MAGeCK-MLE",0.005,400,75,14,14,0,325,61,1,0.186666666666667,0.186666666666667,0.314606741573034,0,1,0.593333333333333,"moi_0.25_quality_0.75_genes_400_replicates_4",20250727,0.25,0.75,400,4,FALSE
"crispulator-f1-threshold-curves-v1","MAGeCK-MLE",0.001,400,75,10,10,0,325,65,1,0.133333333333333,0.133333333333333,0.235294117647059,0,1,0.566666666666667,"moi_0.25_quality_0.75_genes_400_replicates_4",20250727,0.25,0.75,400,4,FALSE
"crispulator-f1-threshold-curves-v1","edgeR-QL",0.1,400,75,78,62,16,309,13,0.794871794871795,0.826666666666667,0.826666666666667,0.810457516339869,0.205128205128205,0.950769230769231,0.888717948717949,"moi_0.25_quality_0.75_genes_400_replicates_4",20250727,0.25,0.75,400,4,FALSE
"crispulator-f1-threshold-curves-v1","edgeR-QL",0.05,400,75,70,59,11,314,16,0.842857142857143,0.786666666666667,0.786666666666667,0.813793103448276,0.157142857142857,0.966153846153846,0.876410256410256,"moi_0.25_quality_0.75_genes_400_replicates_4",20250727,0.25,0.75,400,4,FALSE
"crispulator-f1-threshold-curves-v1","edgeR-QL",0.01,400,75,54,52,2,323,23,0.962962962962963,0.693333333333333,0.693333333333333,0.806201550387597,0.037037037037037,0.993846153846154,0.843589743589744,"moi_0.25_quality_0.75_genes_400_replicates_4",20250727,0.25,0.75,400,4,FALSE
"crispulator-f1-threshold-curves-v1","edgeR-QL",0.005,400,75,48,47,1,324,28,0.979166666666667,0.626666666666667,0.626666666666667,0.764227642276423,0.0208333333333333,0.996923076923077,0.811794871794872,"moi_0.25_quality_0.75_genes_400_replicates_4",20250727,0.25,0.75,400,4,FALSE
"crispulator-f1-threshold-curves-v1","edgeR-QL",0.001,400,75,43,43,0,325,32,1,0.573333333333333,0.573333333333333,0.728813559322034,0,1,0.786666666666667,"moi_0.25_quality_0.75_genes_400_replicates_4",20250727,0.25,0.75,400,4,FALSE
"crispulator-f1-threshold-curves-v1","DESeq2",0.1,400,75,75,60,15,310,15,0.8,0.8,0.8,0.8,0.2,0.953846153846154,0.876923076923077,"moi_0.25_quality_0.75_genes_400_replicates_4",20250727,0.25,0.75,400,4,FALSE
"crispulator-f1-threshold-curves-v1","DESeq2",0.05,400,75,72,60,12,313,15,0.833333333333333,0.8,0.8,0.816326530612245,0.166666666666667,0.963076923076923,0.881538461538462,"moi_0.25_quality_0.75_genes_400_replicates_4",20250727,0.25,0.75,400,4,FALSE
"crispulator-f1-threshold-curves-v1","DESeq2",0.01,400,75,55,53,2,323,22,0.963636363636364,0.706666666666667,0.706666666666667,0.815384615384615,0.0363636363636364,0.993846153846154,0.85025641025641,"moi_0.25_quality_0.75_genes_400_replicates_4",20250727,0.25,0.75,400,4,FALSE
"crispulator-f1-threshold-curves-v1","DESeq2",0.005,400,75,52,51,1,324,24,0.980769230769231,0.68,0.68,0.803149606299213,0.0192307692307692,0.996923076923077,0.838461538461538,"moi_0.25_quality_0.75_genes_400_replicates_4",20250727,0.25,0.75,400,4,FALSE
"crispulator-f1-threshold-curves-v1","DESeq2",0.001,400,75,45,45,0,325,30,1,0.6,0.6,0.75,0,1,0.8,"moi_0.25_quality_0.75_genes_400_replicates_4",20250727,0.25,0.75,400,4,FALSE
"crispulator-f1-threshold-curves-v1","limma-voom",0.1,400,75,78,61,17,308,14,0.782051282051282,0.813333333333333,0.813333333333333,0.797385620915033,0.217948717948718,0.947692307692308,0.88051282051282,"moi_0.25_quality_0.75_genes_400_replicates_4",20250727,0.25,0.75,400,4,FALSE
"crispulator-f1-threshold-curves-v1","limma-voom",0.05,400,75,66,56,10,315,19,0.848484848484849,0.746666666666667,0.746666666666667,0.794326241134752,0.151515151515152,0.969230769230769,0.857948717948718,"moi_0.25_quality_0.75_genes_400_replicates_4",20250727,0.25,0.75,400,4,FALSE
"crispulator-f1-threshold-curves-v1","limma-voom",0.01,400,75,53,52,1,324,23,0.981132075471698,0.693333333333333,0.693333333333333,0.8125,0.0188679245283019,0.996923076923077,0.845128205128205,"moi_0.25_quality_0.75_genes_400_replicates_4",20250727,0.25,0.75,400,4,FALSE
"crispulator-f1-threshold-curves-v1","limma-voom",0.005,400,75,47,46,1,324,29,0.978723404255319,0.613333333333333,0.613333333333333,0.754098360655738,0.0212765957446809,0.996923076923077,0.805128205128205,"moi_0.25_quality_0.75_genes_400_replicates_4",20250727,0.25,0.75,400,4,FALSE
"crispulator-f1-threshold-curves-v1","limma-voom",0.001,400,75,40,40,0,325,35,1,0.533333333333333,0.533333333333333,0.695652173913044,0,1,0.766666666666667,"moi_0.25_quality_0.75_genes_400_replicates_4",20250727,0.25,0.75,400,4,FALSE
"crispulator-f1-threshold-curves-v1","BARCS-original",0.1,400,93,71,64,7,300,29,0.901408450704225,0.688172043010753,0.688172043010753,0.780487804878049,0.0985915492957746,0.977198697068404,0.832685370039578,"moi_0.25_quality_0.75_genes_400_replicates_4",20250728,0.25,0.75,400,4,FALSE
"crispulator-f1-threshold-curves-v1","BARCS-original",0.05,400,93,68,63,5,302,30,0.926470588235294,0.67741935483871,0.67741935483871,0.782608695652174,0.0735294117647059,0.98371335504886,0.830566354943785,"moi_0.25_quality_0.75_genes_400_replicates_4",20250728,0.25,0.75,400,4,FALSE
"crispulator-f1-threshold-curves-v1","BARCS-original",0.01,400,93,47,47,0,307,46,1,0.505376344086022,0.505376344086022,0.671428571428571,0,1,0.752688172043011,"moi_0.25_quality_0.75_genes_400_replicates_4",20250728,0.25,0.75,400,4,FALSE
"crispulator-f1-threshold-curves-v1","BARCS-original",0.005,400,93,42,42,0,307,51,1,0.451612903225806,0.451612903225806,0.622222222222222,0,1,0.725806451612903,"moi_0.25_quality_0.75_genes_400_replicates_4",20250728,0.25,0.75,400,4,FALSE
"crispulator-f1-threshold-curves-v1","BARCS-original",0.001,400,93,29,29,0,307,64,1,0.311827956989247,0.311827956989247,0.475409836065574,0,1,0.655913978494624,"moi_0.25_quality_0.75_genes_400_replicates_4",20250728,0.25,0.75,400,4,FALSE
"crispulator-f1-threshold-curves-v1","BARCS-NORM",0.1,400,93,5,3,2,305,90,0.6,0.032258064516129,0.032258064516129,0.0612244897959184,0.4,0.993485342019544,0.512871703267836,"moi_0.25_quality_0.75_genes_400_replicates_4",20250728,0.25,0.75,400,4,FALSE
"crispulator-f1-threshold-curves-v1","BARCS-NORM",0.05,400,93,0,0,0,307,93,0,0,0,0,0,1,0.5,"moi_0.25_quality_0.75_genes_400_replicates_4",20250728,0.25,0.75,400,4,FALSE
"crispulator-f1-threshold-curves-v1","BARCS-NORM",0.01,400,93,0,0,0,307,93,0,0,0,0,0,1,0.5,"moi_0.25_quality_0.75_genes_400_replicates_4",20250728,0.25,0.75,400,4,FALSE
"crispulator-f1-threshold-curves-v1","BARCS-NORM",0.005,400,93,0,0,0,307,93,0,0,0,0,0,1,0.5,"moi_0.25_quality_0.75_genes_400_replicates_4",20250728,0.25,0.75,400,4,FALSE
"crispulator-f1-threshold-curves-v1","BARCS-NORM",0.001,400,93,0,0,0,307,93,0,0,0,0,0,1,0.5,"moi_0.25_quality_0.75_genes_400_replicates_4",20250728,0.25,0.75,400,4,FALSE
"crispulator-f1-threshold-curves-v1","BARCS-partial",0.1,400,93,24,24,0,307,69,1,0.258064516129032,0.258064516129032,0.41025641025641,0,1,0.629032258064516,"moi_0.25_quality_0.75_genes_400_replicates_4",20250728,0.25,0.75,400,4,FALSE
"crispulator-f1-threshold-curves-v1","BARCS-partial",0.05,400,93,19,19,0,307,74,1,0.204301075268817,0.204301075268817,0.339285714285714,0,1,0.602150537634409,"moi_0.25_quality_0.75_genes_400_replicates_4",20250728,0.25,0.75,400,4,FALSE
"crispulator-f1-threshold-curves-v1","BARCS-partial",0.01,400,93,12,12,0,307,81,1,0.129032258064516,0.129032258064516,0.228571428571429,0,1,0.564516129032258,"moi_0.25_quality_0.75_genes_400_replicates_4",20250728,0.25,0.75,400,4,FALSE
"crispulator-f1-threshold-curves-v1","BARCS-partial",0.005,400,93,11,11,0,307,82,1,0.118279569892473,0.118279569892473,0.211538461538462,0,1,0.559139784946237,"moi_0.25_quality_0.75_genes_400_replicates_4",20250728,0.25,0.75,400,4,FALSE
"crispulator-f1-threshold-curves-v1","BARCS-partial",0.001,400,93,9,9,0,307,84,1,0.0967741935483871,0.0967741935483871,0.176470588235294,0,1,0.548387096774194,"moi_0.25_quality_0.75_genes_400_replicates_4",20250728,0.25,0.75,400,4,FALSE
"crispulator-f1-threshold-curves-v1","BARCS-EB",0.1,400,93,32,32,0,307,61,1,0.344086021505376,0.344086021505376,0.512,0,1,0.672043010752688,"moi_0.25_quality_0.75_genes_400_replicates_4",20250728,0.25,0.75,400,4,FALSE
"crispulator-f1-threshold-curves-v1","BARCS-EB",0.05,400,93,17,17,0,307,76,1,0.182795698924731,0.182795698924731,0.309090909090909,0,1,0.591397849462366,"moi_0.25_quality_0.75_genes_400_replicates_4",20250728,0.25,0.75,400,4,FALSE
"crispulator-f1-threshold-curves-v1","BARCS-EB",0.01,400,93,10,10,0,307,83,1,0.10752688172043,0.10752688172043,0.194174757281553,0,1,0.553763440860215,"moi_0.25_quality_0.75_genes_400_replicates_4",20250728,0.25,0.75,400,4,FALSE
"crispulator-f1-threshold-curves-v1","BARCS-EB",0.005,400,93,9,9,0,307,84,1,0.0967741935483871,0.0967741935483871,0.176470588235294,0,1,0.548387096774194,"moi_0.25_quality_0.75_genes_400_replicates_4",20250728,0.25,0.75,400,4,FALSE
"crispulator-f1-threshold-curves-v1","BARCS-EB",0.001,400,93,4,4,0,307,89,1,0.043010752688172,0.043010752688172,0.0824742268041237,0,1,0.521505376344086,"moi_0.25_quality_0.75_genes_400_replicates_4",20250728,0.25,0.75,400,4,FALSE
"crispulator-f1-threshold-curves-v1","MAGeCK-MLE",0.1,400,93,52,51,1,306,42,0.980769230769231,0.548387096774194,0.548387096774194,0.703448275862069,0.0192307692307692,0.996742671009772,0.772564883891983,"moi_0.25_quality_0.75_genes_400_replicates_4",20250728,0.25,0.75,400,4,FALSE
"crispulator-f1-threshold-curves-v1","MAGeCK-MLE",0.05,400,93,37,36,1,306,57,0.972972972972973,0.387096774193548,0.387096774193548,0.553846153846154,0.027027027027027,0.996742671009772,0.69191972260166,"moi_0.25_quality_0.75_genes_400_replicates_4",20250728,0.25,0.75,400,4,FALSE
"crispulator-f1-threshold-curves-v1","MAGeCK-MLE",0.01,400,93,26,26,0,307,67,1,0.279569892473118,0.279569892473118,0.436974789915966,0,1,0.639784946236559,"moi_0.25_quality_0.75_genes_400_replicates_4",20250728,0.25,0.75,400,4,FALSE
"crispulator-f1-threshold-curves-v1","MAGeCK-MLE",0.005,400,93,19,19,0,307,74,1,0.204301075268817,0.204301075268817,0.339285714285714,0,1,0.602150537634409,"moi_0.25_quality_0.75_genes_400_replicates_4",20250728,0.25,0.75,400,4,FALSE
"crispulator-f1-threshold-curves-v1","MAGeCK-MLE",0.001,400,93,13,13,0,307,80,1,0.139784946236559,0.139784946236559,0.245283018867925,0,1,0.56989247311828,"moi_0.25_quality_0.75_genes_400_replicates_4",20250728,0.25,0.75,400,4,FALSE
"crispulator-f1-threshold-curves-v1","edgeR-QL",0.1,400,93,86,71,15,292,22,0.825581395348837,0.763440860215054,0.763440860215054,0.793296089385475,0.174418604651163,0.95114006514658,0.857290462680817,"moi_0.25_quality_0.75_genes_400_replicates_4",20250728,0.25,0.75,400,4,FALSE
"crispulator-f1-threshold-curves-v1","edgeR-QL",0.05,400,93,73,67,6,301,26,0.917808219178082,0.720430107526882,0.720430107526882,0.807228915662651,0.0821917808219178,0.980456026058632,0.850443066792757,"moi_0.25_quality_0.75_genes_400_replicates_4",20250728,0.25,0.75,400,4,FALSE
"crispulator-f1-threshold-curves-v1","edgeR-QL",0.01,400,93,65,62,3,304,31,0.953846153846154,0.666666666666667,0.666666666666667,0.784810126582278,0.0461538461538462,0.990228013029316,0.828447339847991,"moi_0.25_quality_0.75_genes_400_replicates_4",20250728,0.25,0.75,400,4,FALSE
"crispulator-f1-threshold-curves-v1","edgeR-QL",0.005,400,93,57,57,0,307,36,1,0.612903225806452,0.612903225806452,0.76,0,1,0.806451612903226,"moi_0.25_quality_0.75_genes_400_replicates_4",20250728,0.25,0.75,400,4,FALSE
"crispulator-f1-threshold-curves-v1","edgeR-QL",0.001,400,93,52,52,0,307,41,1,0.559139784946237,0.559139784946237,0.717241379310345,0,1,0.779569892473118,"moi_0.25_quality_0.75_genes_400_replicates_4",20250728,0.25,0.75,400,4,FALSE
"crispulator-f1-threshold-curves-v1","DESeq2",0.1,400,93,89,72,17,290,21,0.808988764044944,0.774193548387097,0.774193548387097,0.791208791208791,0.191011235955056,0.944625407166124,0.85940947777661,"moi_0.25_quality_0.75_genes_400_replicates_4",20250728,0.25,0.75,400,4,FALSE
"crispulator-f1-threshold-curves-v1","DESeq2",0.05,400,93,75,68,7,300,25,0.906666666666667,0.731182795698925,0.731182795698925,0.80952380952381,0.0933333333333333,0.977198697068404,0.854190746383664,"moi_0.25_quality_0.75_genes_400_replicates_4",20250728,0.25,0.75,400,4,FALSE
"crispulator-f1-threshold-curves-v1","DESeq2",0.01,400,93,65,64,1,306,29,0.984615384615385,0.688172043010753,0.688172043010753,0.810126582278481,0.0153846153846154,0.996742671009772,0.842457357010262,"moi_0.25_quality_0.75_genes_400_replicates_4",20250728,0.25,0.75,400,4,FALSE
"crispulator-f1-threshold-curves-v1","DESeq2",0.005,400,93,59,59,0,307,34,1,0.634408602150538,0.634408602150538,0.776315789473684,0,1,0.817204301075269,"moi_0.25_quality_0.75_genes_400_replicates_4",20250728,0.25,0.75,400,4,FALSE
"crispulator-f1-threshold-curves-v1","DESeq2",0.001,400,93,51,51,0,307,42,1,0.548387096774194,0.548387096774194,0.708333333333333,0,1,0.774193548387097,"moi_0.25_quality_0.75_genes_400_replicates_4",20250728,0.25,0.75,400,4,FALSE
"crispulator-f1-threshold-curves-v1","limma-voom",0.1,400,93,81,71,10,297,22,0.876543209876543,0.763440860215054,0.741935483870968,0.816091954022988,0.123456790123457,0.96742671009772,0.865433785156387,"moi_0.25_quality_0.75_genes_400_replicates_4",20250728,0.25,0.75,400,4,FALSE
"crispulator-f1-threshold-curves-v1","limma-voom",0.05,400,93,73,67,6,301,26,0.917808219178082,0.720430107526882,0.709677419354839,0.807228915662651,0.0821917808219178,0.980456026058632,0.850443066792757,"moi_0.25_quality_0.75_genes_400_replicates_4",20250728,0.25,0.75,400,4,FALSE
"crispulator-f1-threshold-curves-v1","limma-voom",0.01,400,93,60,60,0,307,33,1,0.645161290322581,0.645161290322581,0.784313725490196,0,1,0.82258064516129,"moi_0.25_quality_0.75_genes_400_replicates_4",20250728,0.25,0.75,400,4,FALSE
"crispulator-f1-threshold-curves-v1","limma-voom",0.005,400,93,57,57,0,307,36,1,0.612903225806452,0.612903225806452,0.76,0,1,0.806451612903226,"moi_0.25_quality_0.75_genes_400_replicates_4",20250728,0.25,0.75,400,4,FALSE
"crispulator-f1-threshold-curves-v1","limma-voom",0.001,400,93,52,52,0,307,41,1,0.559139784946237,0.559139784946237,0.717241379310345,0,1,0.779569892473118,"moi_0.25_quality_0.75_genes_400_replicates_4",20250728,0.25,0.75,400,4,FALSE
"crispulator-f1-threshold-curves-v1","BARCS-original",0.1,400,79,78,70,8,313,9,0.897435897435897,0.886075949367089,0.886075949367089,0.89171974522293,0.102564102564103,0.975077881619938,0.930576915493513,"moi_0.1_quality_0.9_genes_400_replicates_4",20250724,0.1,0.9,400,4,FALSE
"crispulator-f1-threshold-curves-v1","BARCS-original",0.05,400,79,74,69,5,316,10,0.932432432432432,0.873417721518987,0.873417721518987,0.901960784313725,0.0675675675675676,0.984423676012461,0.928920698765724,"moi_0.1_quality_0.9_genes_400_replicates_4",20250724,0.1,0.9,400,4,FALSE
"crispulator-f1-threshold-curves-v1","BARCS-original",0.01,400,79,61,61,0,321,18,1,0.772151898734177,0.772151898734177,0.871428571428571,0,1,0.886075949367089,"moi_0.1_quality_0.9_genes_400_replicates_4",20250724,0.1,0.9,400,4,FALSE
"crispulator-f1-threshold-curves-v1","BARCS-original",0.005,400,79,55,55,0,321,24,1,0.69620253164557,0.69620253164557,0.82089552238806,0,1,0.848101265822785,"moi_0.1_quality_0.9_genes_400_replicates_4",20250724,0.1,0.9,400,4,FALSE
"crispulator-f1-threshold-curves-v1","BARCS-original",0.001,400,79,47,47,0,321,32,1,0.59493670886076,0.59493670886076,0.746031746031746,0,1,0.79746835443038,"moi_0.1_quality_0.9_genes_400_replicates_4",20250724,0.1,0.9,400,4,FALSE
"crispulator-f1-threshold-curves-v1","BARCS-NORM",0.1,400,79,27,27,0,321,52,1,0.341772151898734,0.341772151898734,0.509433962264151,0,1,0.670886075949367,"moi_0.1_quality_0.9_genes_400_replicates_4",20250724,0.1,0.9,400,4,FALSE
"crispulator-f1-threshold-curves-v1","BARCS-NORM",0.05,400,79,16,16,0,321,63,1,0.20253164556962,0.20253164556962,0.336842105263158,0,1,0.60126582278481,"moi_0.1_quality_0.9_genes_400_replicates_4",20250724,0.1,0.9,400,4,FALSE
"crispulator-f1-threshold-curves-v1","BARCS-NORM",0.01,400,79,0,0,0,321,79,0,0,0,0,0,1,0.5,"moi_0.1_quality_0.9_genes_400_replicates_4",20250724,0.1,0.9,400,4,FALSE
"crispulator-f1-threshold-curves-v1","BARCS-NORM",0.005,400,79,0,0,0,321,79,0,0,0,0,0,1,0.5,"moi_0.1_quality_0.9_genes_400_replicates_4",20250724,0.1,0.9,400,4,FALSE
"crispulator-f1-threshold-curves-v1","BARCS-NORM",0.001,400,79,0,0,0,321,79,0,0,0,0,0,1,0.5,"moi_0.1_quality_0.9_genes_400_replicates_4",20250724,0.1,0.9,400,4,FALSE
"crispulator-f1-threshold-curves-v1","BARCS-partial",0.1,400,79,47,46,1,320,33,0.978723404255319,0.582278481012658,0.582278481012658,0.73015873015873,0.0212765957446809,0.996884735202492,0.789581608107575,"moi_0.1_quality_0.9_genes_400_replicates_4",20250724,0.1,0.9,400,4,FALSE
"crispulator-f1-threshold-curves-v1","BARCS-partial",0.05,400,79,40,40,0,321,39,1,0.506329113924051,0.506329113924051,0.672268907563025,0,1,0.753164556962025,"moi_0.1_quality_0.9_genes_400_replicates_4",20250724,0.1,0.9,400,4,FALSE
"crispulator-f1-threshold-curves-v1","BARCS-partial",0.01,400,79,33,33,0,321,46,1,0.417721518987342,0.417721518987342,0.589285714285714,0,1,0.708860759493671,"moi_0.1_quality_0.9_genes_400_replicates_4",20250724,0.1,0.9,400,4,FALSE
"crispulator-f1-threshold-curves-v1","BARCS-partial",0.005,400,79,26,26,0,321,53,1,0.329113924050633,0.329113924050633,0.495238095238095,0,1,0.664556962025316,"moi_0.1_quality_0.9_genes_400_replicates_4",20250724,0.1,0.9,400,4,FALSE
"crispulator-f1-threshold-curves-v1","BARCS-partial",0.001,400,79,24,24,0,321,55,1,0.30379746835443,0.30379746835443,0.466019417475728,0,1,0.651898734177215,"moi_0.1_quality_0.9_genes_400_replicates_4",20250724,0.1,0.9,400,4,FALSE
"crispulator-f1-threshold-curves-v1","BARCS-EB",0.1,400,79,50,50,0,321,29,1,0.632911392405063,0.632911392405063,0.775193798449612,0,1,0.816455696202532,"moi_0.1_quality_0.9_genes_400_replicates_4",20250724,0.1,0.9,400,4,FALSE
"crispulator-f1-threshold-curves-v1","BARCS-EB",0.05,400,79,45,45,0,321,34,1,0.569620253164557,0.569620253164557,0.725806451612903,0,1,0.784810126582278,"moi_0.1_quality_0.9_genes_400_replicates_4",20250724,0.1,0.9,400,4,FALSE
"crispulator-f1-threshold-curves-v1","BARCS-EB",0.01,400,79,40,40,0,321,39,1,0.506329113924051,0.506329113924051,0.672268907563025,0,1,0.753164556962025,"moi_0.1_quality_0.9_genes_400_replicates_4",20250724,0.1,0.9,400,4,FALSE
"crispulator-f1-threshold-curves-v1","BARCS-EB",0.005,400,79,32,32,0,321,47,1,0.40506329113924,0.40506329113924,0.576576576576577,0,1,0.70253164556962,"moi_0.1_quality_0.9_genes_400_replicates_4",20250724,0.1,0.9,400,4,FALSE
"crispulator-f1-threshold-curves-v1","BARCS-EB",0.001,400,79,24,24,0,321,55,1,0.30379746835443,0.30379746835443,0.466019417475728,0,1,0.651898734177215,"moi_0.1_quality_0.9_genes_400_replicates_4",20250724,0.1,0.9,400,4,FALSE
"crispulator-f1-threshold-curves-v1","MAGeCK-MLE",0.1,400,79,57,55,2,319,24,0.964912280701754,0.69620253164557,0.69620253164557,0.808823529411765,0.0350877192982456,0.993769470404984,0.844986001025277,"moi_0.1_quality_0.9_genes_400_replicates_4",20250724,0.1,0.9,400,4,FALSE
"crispulator-f1-threshold-curves-v1","MAGeCK-MLE",0.05,400,79,51,49,2,319,30,0.96078431372549,0.620253164556962,0.620253164556962,0.753846153846154,0.0392156862745098,0.993769470404984,0.807011317480973,"moi_0.1_quality_0.9_genes_400_replicates_4",20250724,0.1,0.9,400,4,FALSE
"crispulator-f1-threshold-curves-v1","MAGeCK-MLE",0.01,400,79,39,39,0,321,40,1,0.493670886075949,0.493670886075949,0.661016949152542,0,1,0.746835443037975,"moi_0.1_quality_0.9_genes_400_replicates_4",20250724,0.1,0.9,400,4,FALSE
"crispulator-f1-threshold-curves-v1","MAGeCK-MLE",0.005,400,79,33,33,0,321,46,1,0.417721518987342,0.417721518987342,0.589285714285714,0,1,0.708860759493671,"moi_0.1_quality_0.9_genes_400_replicates_4",20250724,0.1,0.9,400,4,FALSE
"crispulator-f1-threshold-curves-v1","MAGeCK-MLE",0.001,400,79,19,19,0,321,60,1,0.240506329113924,0.240506329113924,0.387755102040816,0,1,0.620253164556962,"moi_0.1_quality_0.9_genes_400_replicates_4",20250724,0.1,0.9,400,4,FALSE
"crispulator-f1-threshold-curves-v1","edgeR-QL",0.1,400,79,91,72,19,302,7,0.791208791208791,0.911392405063291,0.911392405063291,0.847058823529412,0.208791208791209,0.940809968847352,0.926101186955322,"moi_0.1_quality_0.9_genes_400_replicates_4",20250724,0.1,0.9,400,4,FALSE
"crispulator-f1-threshold-curves-v1","edgeR-QL",0.05,400,79,83,72,11,310,7,0.867469879518072,0.911392405063291,0.911392405063291,0.888888888888889,0.132530120481928,0.965732087227414,0.938562246145353,"moi_0.1_quality_0.9_genes_400_replicates_4",20250724,0.1,0.9,400,4,FALSE
"crispulator-f1-threshold-curves-v1","edgeR-QL",0.01,400,79,70,68,2,319,11,0.971428571428571,0.860759493670886,0.860759493670886,0.912751677852349,0.0285714285714286,0.993769470404984,0.927264482037935,"moi_0.1_quality_0.9_genes_400_replicates_4",20250724,0.1,0.9,400,4,FALSE
"crispulator-f1-threshold-curves-v1","edgeR-QL",0.005,400,79,68,67,1,320,12,0.985294117647059,0.848101265822785,0.848101265822785,0.91156462585034,0.0147058823529412,0.996884735202492,0.922493000512638,"moi_0.1_quality_0.9_genes_400_replicates_4",20250724,0.1,0.9,400,4,FALSE
"crispulator-f1-threshold-curves-v1","edgeR-QL",0.001,400,79,61,61,0,321,18,1,0.772151898734177,0.772151898734177,0.871428571428571,0,1,0.886075949367089,"moi_0.1_quality_0.9_genes_400_replicates_4",20250724,0.1,0.9,400,4,FALSE
"crispulator-f1-threshold-curves-v1","DESeq2",0.1,400,79,84,71,13,308,8,0.845238095238095,0.89873417721519,0.89873417721519,0.871165644171779,0.154761904761905,0.959501557632399,0.929117867423794,"moi_0.1_quality_0.9_genes_400_replicates_4",20250724,0.1,0.9,400,4,FALSE
"crispulator-f1-threshold-curves-v1","DESeq2",0.05,400,79,74,69,5,316,10,0.932432432432432,0.873417721518987,0.873417721518987,0.901960784313725,0.0675675675675676,0.984423676012461,0.928920698765724,"moi_0.1_quality_0.9_genes_400_replicates_4",20250724,0.1,0.9,400,4,FALSE
"crispulator-f1-threshold-curves-v1","DESeq2",0.01,400,79,68,66,2,319,13,0.970588235294118,0.835443037974684,0.835443037974684,0.897959183673469,0.0294117647058824,0.993769470404984,0.914606254189834,"moi_0.1_quality_0.9_genes_400_replicates_4",20250724,0.1,0.9,400,4,FALSE
"crispulator-f1-threshold-curves-v1","DESeq2",0.005,400,79,63,63,0,321,16,1,0.79746835443038,0.79746835443038,0.887323943661972,0,1,0.89873417721519,"moi_0.1_quality_0.9_genes_400_replicates_4",20250724,0.1,0.9,400,4,FALSE
"crispulator-f1-threshold-curves-v1","DESeq2",0.001,400,79,58,58,0,321,21,1,0.734177215189873,0.734177215189873,0.846715328467153,0,1,0.867088607594937,"moi_0.1_quality_0.9_genes_400_replicates_4",20250724,0.1,0.9,400,4,FALSE
"crispulator-f1-threshold-curves-v1","limma-voom",0.1,400,79,93,72,21,300,7,0.774193548387097,0.911392405063291,0.911392405063291,0.837209302325581,0.225806451612903,0.934579439252336,0.922985922157814,"moi_0.1_quality_0.9_genes_400_replicates_4",20250724,0.1,0.9,400,4,FALSE
"crispulator-f1-threshold-curves-v1","limma-voom",0.05,400,79,78,71,7,314,8,0.91025641025641,0.89873417721519,0.89873417721519,0.904458598726115,0.0897435897435897,0.978193146417445,0.938463661816318,"moi_0.1_quality_0.9_genes_400_replicates_4",20250724,0.1,0.9,400,4,FALSE
"crispulator-f1-threshold-curves-v1","limma-voom",0.01,400,79,70,68,2,319,11,0.971428571428571,0.860759493670886,0.860759493670886,0.912751677852349,0.0285714285714286,0.993769470404984,0.927264482037935,"moi_0.1_quality_0.9_genes_400_replicates_4",20250724,0.1,0.9,400,4,FALSE
"crispulator-f1-threshold-curves-v1","limma-voom",0.005,400,79,67,67,0,321,12,1,0.848101265822785,0.848101265822785,0.917808219178082,0,1,0.924050632911392,"moi_0.1_quality_0.9_genes_400_replicates_4",20250724,0.1,0.9,400,4,FALSE
"crispulator-f1-threshold-curves-v1","limma-voom",0.001,400,79,61,61,0,321,18,1,0.772151898734177,0.772151898734177,0.871428571428571,0,1,0.886075949367089,"moi_0.1_quality_0.9_genes_400_replicates_4",20250724,0.1,0.9,400,4,FALSE
"crispulator-f1-threshold-curves-v1","BARCS-original",0.1,400,60,63,53,10,330,7,0.841269841269841,0.883333333333333,0.883333333333333,0.861788617886179,0.158730158730159,0.970588235294118,0.926960784313726,"moi_0.1_quality_0.9_genes_400_replicates_4",20250725,0.1,0.9,400,4,FALSE
"crispulator-f1-threshold-curves-v1","BARCS-original",0.05,400,60,53,49,4,336,11,0.924528301886792,0.816666666666667,0.816666666666667,0.867256637168142,0.0754716981132075,0.988235294117647,0.902450980392157,"moi_0.1_quality_0.9_genes_400_replicates_4",20250725,0.1,0.9,400,4,FALSE
"crispulator-f1-threshold-curves-v1","BARCS-original",0.01,400,60,43,43,0,340,17,1,0.716666666666667,0.716666666666667,0.83495145631068,0,1,0.858333333333333,"moi_0.1_quality_0.9_genes_400_replicates_4",20250725,0.1,0.9,400,4,FALSE
"crispulator-f1-threshold-curves-v1","BARCS-original",0.005,400,60,43,43,0,340,17,1,0.716666666666667,0.716666666666667,0.83495145631068,0,1,0.858333333333333,"moi_0.1_quality_0.9_genes_400_replicates_4",20250725,0.1,0.9,400,4,FALSE
"crispulator-f1-threshold-curves-v1","BARCS-original",0.001,400,60,36,36,0,340,24,1,0.6,0.6,0.75,0,1,0.8,"moi_0.1_quality_0.9_genes_400_replicates_4",20250725,0.1,0.9,400,4,FALSE
"crispulator-f1-threshold-curves-v1","BARCS-NORM",0.1,400,60,19,18,1,339,42,0.947368421052632,0.3,0.3,0.455696202531646,0.0526315789473684,0.997058823529412,0.648529411764706,"moi_0.1_quality_0.9_genes_400_replicates_4",20250725,0.1,0.9,400,4,FALSE
"crispulator-f1-threshold-curves-v1","BARCS-NORM",0.05,400,60,13,12,1,339,48,0.923076923076923,0.2,0.2,0.328767123287671,0.0769230769230769,0.997058823529412,0.598529411764706,"moi_0.1_quality_0.9_genes_400_replicates_4",20250725,0.1,0.9,400,4,FALSE
"crispulator-f1-threshold-curves-v1","BARCS-NORM",0.01,400,60,1,1,0,340,59,1,0.0166666666666667,0.0166666666666667,0.0327868852459016,0,1,0.508333333333333,"moi_0.1_quality_0.9_genes_400_replicates_4",20250725,0.1,0.9,400,4,FALSE
"crispulator-f1-threshold-curves-v1","BARCS-NORM",0.005,400,60,1,1,0,340,59,1,0.0166666666666667,0.0166666666666667,0.0327868852459016,0,1,0.508333333333333,"moi_0.1_quality_0.9_genes_400_replicates_4",20250725,0.1,0.9,400,4,FALSE
"crispulator-f1-threshold-curves-v1","BARCS-NORM",0.001,400,60,0,0,0,340,60,0,0,0,0,0,1,0.5,"moi_0.1_quality_0.9_genes_400_replicates_4",20250725,0.1,0.9,400,4,FALSE
"crispulator-f1-threshold-curves-v1","BARCS-partial",0.1,400,60,40,38,2,338,22,0.95,0.633333333333333,0.633333333333333,0.76,0.05,0.994117647058824,0.813725490196078,"moi_0.1_quality_0.9_genes_400_replicates_4",20250725,0.1,0.9,400,4,FALSE
"crispulator-f1-threshold-curves-v1","BARCS-partial",0.05,400,60,36,35,1,339,25,0.972222222222222,0.583333333333333,0.583333333333333,0.729166666666667,0.0277777777777778,0.997058823529412,0.790196078431373,"moi_0.1_quality_0.9_genes_400_replicates_4",20250725,0.1,0.9,400,4,FALSE
"crispulator-f1-threshold-curves-v1","BARCS-partial",0.01,400,60,28,28,0,340,32,1,0.466666666666667,0.466666666666667,0.636363636363636,0,1,0.733333333333333,"moi_0.1_quality_0.9_genes_400_replicates_4",20250725,0.1,0.9,400,4,FALSE
"crispulator-f1-threshold-curves-v1","BARCS-partial",0.005,400,60,25,25,0,340,35,1,0.416666666666667,0.416666666666667,0.588235294117647,0,1,0.708333333333333,"moi_0.1_quality_0.9_genes_400_replicates_4",20250725,0.1,0.9,400,4,FALSE
"crispulator-f1-threshold-curves-v1","BARCS-partial",0.001,400,60,23,23,0,340,37,1,0.383333333333333,0.383333333333333,0.55421686746988,0,1,0.691666666666667,"moi_0.1_quality_0.9_genes_400_replicates_4",20250725,0.1,0.9,400,4,FALSE
"crispulator-f1-threshold-curves-v1","BARCS-EB",0.1,400,60,44,43,1,339,17,0.977272727272727,0.716666666666667,0.716666666666667,0.826923076923077,0.0227272727272727,0.997058823529412,0.856862745098039,"moi_0.1_quality_0.9_genes_400_replicates_4",20250725,0.1,0.9,400,4,FALSE
"crispulator-f1-threshold-curves-v1","BARCS-EB",0.05,400,60,41,41,0,340,19,1,0.683333333333333,0.683333333333333,0.811881188118812,0,1,0.841666666666667,"moi_0.1_quality_0.9_genes_400_replicates_4",20250725,0.1,0.9,400,4,FALSE
"crispulator-f1-threshold-curves-v1","BARCS-EB",0.01,400,60,35,35,0,340,25,1,0.583333333333333,0.583333333333333,0.736842105263158,0,1,0.791666666666667,"moi_0.1_quality_0.9_genes_400_replicates_4",20250725,0.1,0.9,400,4,FALSE
"crispulator-f1-threshold-curves-v1","BARCS-EB",0.005,400,60,34,34,0,340,26,1,0.566666666666667,0.566666666666667,0.723404255319149,0,1,0.783333333333333,"moi_0.1_quality_0.9_genes_400_replicates_4",20250725,0.1,0.9,400,4,FALSE
"crispulator-f1-threshold-curves-v1","BARCS-EB",0.001,400,60,27,27,0,340,33,1,0.45,0.45,0.620689655172414,0,1,0.725,"moi_0.1_quality_0.9_genes_400_replicates_4",20250725,0.1,0.9,400,4,FALSE
"crispulator-f1-threshold-curves-v1","MAGeCK-MLE",0.1,400,60,45,45,0,340,15,1,0.75,0.75,0.857142857142857,0,1,0.875,"moi_0.1_quality_0.9_genes_400_replicates_4",20250725,0.1,0.9,400,4,FALSE
"crispulator-f1-threshold-curves-v1","MAGeCK-MLE",0.05,400,60,40,40,0,340,20,1,0.666666666666667,0.666666666666667,0.8,0,1,0.833333333333333,"moi_0.1_quality_0.9_genes_400_replicates_4",20250725,0.1,0.9,400,4,FALSE
"crispulator-f1-threshold-curves-v1","MAGeCK-MLE",0.01,400,60,26,26,0,340,34,1,0.433333333333333,0.433333333333333,0.604651162790698,0,1,0.716666666666667,"moi_0.1_quality_0.9_genes_400_replicates_4",20250725,0.1,0.9,400,4,FALSE
"crispulator-f1-threshold-curves-v1","MAGeCK-MLE",0.005,400,60,24,24,0,340,36,1,0.4,0.4,0.571428571428572,0,1,0.7,"moi_0.1_quality_0.9_genes_400_replicates_4",20250725,0.1,0.9,400,4,FALSE
"crispulator-f1-threshold-curves-v1","MAGeCK-MLE",0.001,400,60,20,20,0,340,40,1,0.333333333333333,0.333333333333333,0.5,0,1,0.666666666666667,"moi_0.1_quality_0.9_genes_400_replicates_4",20250725,0.1,0.9,400,4,FALSE
"crispulator-f1-threshold-curves-v1","edgeR-QL",0.1,400,60,75,56,19,321,4,0.746666666666667,0.933333333333333,0.933333333333333,0.82962962962963,0.253333333333333,0.944117647058824,0.938725490196078,"moi_0.1_quality_0.9_genes_400_replicates_4",20250725,0.1,0.9,400,4,FALSE
"crispulator-f1-threshold-curves-v1","edgeR-QL",0.05,400,60,65,55,10,330,5,0.846153846153846,0.916666666666667,0.916666666666667,0.88,0.153846153846154,0.970588235294118,0.943627450980392,"moi_0.1_quality_0.9_genes_400_replicates_4",20250725,0.1,0.9,400,4,FALSE
"crispulator-f1-threshold-curves-v1","edgeR-QL",0.01,400,60,50,48,2,338,12,0.96,0.8,0.8,0.872727272727273,0.04,0.994117647058824,0.897058823529412,"moi_0.1_quality_0.9_genes_400_replicates_4",20250725,0.1,0.9,400,4,FALSE
"crispulator-f1-threshold-curves-v1","edgeR-QL",0.005,400,60,49,48,1,339,12,0.979591836734694,0.8,0.8,0.880733944954128,0.0204081632653061,0.997058823529412,0.898529411764706,"moi_0.1_quality_0.9_genes_400_replicates_4",20250725,0.1,0.9,400,4,FALSE
"crispulator-f1-threshold-curves-v1","edgeR-QL",0.001,400,60,45,45,0,340,15,1,0.75,0.75,0.857142857142857,0,1,0.875,"moi_0.1_quality_0.9_genes_400_replicates_4",20250725,0.1,0.9,400,4,FALSE
"crispulator-f1-threshold-curves-v1","DESeq2",0.1,400,60,67,55,12,328,5,0.82089552238806,0.916666666666667,0.916666666666667,0.866141732283465,0.17910447761194,0.964705882352941,0.940686274509804,"moi_0.1_quality_0.9_genes_400_replicates_4",20250725,0.1,0.9,400,4,FALSE
"crispulator-f1-threshold-curves-v1","DESeq2",0.05,400,60,63,54,9,331,6,0.857142857142857,0.9,0.9,0.878048780487805,0.142857142857143,0.973529411764706,0.936764705882353,"moi_0.1_quality_0.9_genes_400_replicates_4",20250725,0.1,0.9,400,4,FALSE
"crispulator-f1-threshold-curves-v1","DESeq2",0.01,400,60,49,48,1,339,12,0.979591836734694,0.8,0.8,0.880733944954128,0.0204081632653061,0.997058823529412,0.898529411764706,"moi_0.1_quality_0.9_genes_400_replicates_4",20250725,0.1,0.9,400,4,FALSE
"crispulator-f1-threshold-curves-v1","DESeq2",0.005,400,60,47,47,0,340,13,1,0.783333333333333,0.783333333333333,0.878504672897196,0,1,0.891666666666667,"moi_0.1_quality_0.9_genes_400_replicates_4",20250725,0.1,0.9,400,4,FALSE
"crispulator-f1-threshold-curves-v1","DESeq2",0.001,400,60,43,43,0,340,17,1,0.716666666666667,0.716666666666667,0.83495145631068,0,1,0.858333333333333,"moi_0.1_quality_0.9_genes_400_replicates_4",20250725,0.1,0.9,400,4,FALSE
"crispulator-f1-threshold-curves-v1","limma-voom",0.1,400,60,75,56,19,321,4,0.746666666666667,0.933333333333333,0.933333333333333,0.82962962962963,0.253333333333333,0.944117647058824,0.938725490196078,"moi_0.1_quality_0.9_genes_400_replicates_4",20250725,0.1,0.9,400,4,FALSE
"crispulator-f1-threshold-curves-v1","limma-voom",0.05,400,60,63,54,9,331,6,0.857142857142857,0.9,0.9,0.878048780487805,0.142857142857143,0.973529411764706,0.936764705882353,"moi_0.1_quality_0.9_genes_400_replicates_4",20250725,0.1,0.9,400,4,FALSE
"crispulator-f1-threshold-curves-v1","limma-voom",0.01,400,60,52,50,2,338,10,0.961538461538462,0.833333333333333,0.833333333333333,0.892857142857143,0.0384615384615385,0.994117647058824,0.913725490196079,"moi_0.1_quality_0.9_genes_400_replicates_4",20250725,0.1,0.9,400,4,FALSE
"crispulator-f1-threshold-curves-v1","limma-voom",0.005,400,60,49,48,1,339,12,0.979591836734694,0.8,0.8,0.880733944954128,0.0204081632653061,0.997058823529412,0.898529411764706,"moi_0.1_quality_0.9_genes_400_replicates_4",20250725,0.1,0.9,400,4,FALSE
"crispulator-f1-threshold-curves-v1","limma-voom",0.001,400,60,44,44,0,340,16,1,0.733333333333333,0.733333333333333,0.846153846153846,0,1,0.866666666666667,"moi_0.1_quality_0.9_genes_400_replicates_4",20250725,0.1,0.9,400,4,FALSE
"crispulator-f1-threshold-curves-v1","BARCS-original",0.1,400,92,93,79,14,294,13,0.849462365591398,0.858695652173913,0.858695652173913,0.854054054054054,0.150537634408602,0.954545454545455,0.906620553359684,"moi_0.1_quality_0.9_genes_400_replicates_4",20250726,0.1,0.9,400,4,FALSE
"crispulator-f1-threshold-curves-v1","BARCS-original",0.05,400,92,81,75,6,302,17,0.925925925925926,0.815217391304348,0.815217391304348,0.867052023121387,0.0740740740740741,0.980519480519481,0.897868435911914,"moi_0.1_quality_0.9_genes_400_replicates_4",20250726,0.1,0.9,400,4,FALSE
"crispulator-f1-threshold-curves-v1","BARCS-original",0.01,400,92,67,66,1,307,26,0.985074626865672,0.717391304347826,0.717391304347826,0.830188679245283,0.0149253731343284,0.996753246753247,0.857072275550536,"moi_0.1_quality_0.9_genes_400_replicates_4",20250726,0.1,0.9,400,4,FALSE
"crispulator-f1-threshold-curves-v1","BARCS-original",0.005,400,92,66,66,0,308,26,1,0.717391304347826,0.717391304347826,0.835443037974683,0,1,0.858695652173913,"moi_0.1_quality_0.9_genes_400_replicates_4",20250726,0.1,0.9,400,4,FALSE
"crispulator-f1-threshold-curves-v1","BARCS-original",0.001,400,92,50,50,0,308,42,1,0.543478260869565,0.543478260869565,0.704225352112676,0,1,0.771739130434783,"moi_0.1_quality_0.9_genes_400_replicates_4",20250726,0.1,0.9,400,4,FALSE
"crispulator-f1-threshold-curves-v1","BARCS-NORM",0.1,400,92,41,38,3,305,54,0.926829268292683,0.41304347826087,0.41304347826087,0.571428571428572,0.0731707317073171,0.99025974025974,0.701651609260305,"moi_0.1_quality_0.9_genes_400_replicates_4",20250726,0.1,0.9,400,4,FALSE
"crispulator-f1-threshold-curves-v1","BARCS-NORM",0.05,400,92,29,27,2,306,65,0.931034482758621,0.293478260869565,0.293478260869565,0.446280991735537,0.0689655172413793,0.993506493506494,0.643492377188029,"moi_0.1_quality_0.9_genes_400_replicates_4",20250726,0.1,0.9,400,4,FALSE
"crispulator-f1-threshold-curves-v1","BARCS-NORM",0.01,400,92,1,1,0,308,91,1,0.0108695652173913,0.0108695652173913,0.021505376344086,0,1,0.505434782608696,"moi_0.1_quality_0.9_genes_400_replicates_4",20250726,0.1,0.9,400,4,FALSE
"crispulator-f1-threshold-curves-v1","BARCS-NORM",0.005,400,92,0,0,0,308,92,0,0,0,0,0,1,0.5,"moi_0.1_quality_0.9_genes_400_replicates_4",20250726,0.1,0.9,400,4,FALSE
"crispulator-f1-threshold-curves-v1","BARCS-NORM",0.001,400,92,0,0,0,308,92,0,0,0,0,0,1,0.5,"moi_0.1_quality_0.9_genes_400_replicates_4",20250726,0.1,0.9,400,4,FALSE
"crispulator-f1-threshold-curves-v1","BARCS-partial",0.1,400,92,48,47,1,307,45,0.979166666666667,0.510869565217391,0.510869565217391,0.671428571428571,0.0208333333333333,0.996753246753247,0.753811405985319,"moi_0.1_quality_0.9_genes_400_replicates_4",20250726,0.1,0.9,400,4,FALSE
"crispulator-f1-threshold-curves-v1","BARCS-partial",0.05,400,92,47,46,1,307,46,0.978723404255319,0.5,0.5,0.661870503597122,0.0212765957446809,0.996753246753247,0.748376623376623,"moi_0.1_quality_0.9_genes_400_replicates_4",20250726,0.1,0.9,400,4,FALSE
"crispulator-f1-threshold-curves-v1","BARCS-partial",0.01,400,92,36,36,0,308,56,1,0.391304347826087,0.391304347826087,0.5625,0,1,0.695652173913043,"moi_0.1_quality_0.9_genes_400_replicates_4",20250726,0.1,0.9,400,4,FALSE
"crispulator-f1-threshold-curves-v1","BARCS-partial",0.005,400,92,35,35,0,308,57,1,0.380434782608696,0.380434782608696,0.551181102362205,0,1,0.690217391304348,"moi_0.1_quality_0.9_genes_400_replicates_4",20250726,0.1,0.9,400,4,FALSE
"crispulator-f1-threshold-curves-v1","BARCS-partial",0.001,400,92,29,29,0,308,63,1,0.315217391304348,0.315217391304348,0.479338842975207,0,1,0.657608695652174,"moi_0.1_quality_0.9_genes_400_replicates_4",20250726,0.1,0.9,400,4,FALSE
"crispulator-f1-threshold-curves-v1","BARCS-EB",0.1,400,92,64,63,1,307,29,0.984375,0.684782608695652,0.684782608695652,0.807692307692308,0.015625,0.996753246753247,0.84076792772445,"moi_0.1_quality_0.9_genes_400_replicates_4",20250726,0.1,0.9,400,4,FALSE
"crispulator-f1-threshold-curves-v1","BARCS-EB",0.05,400,92,54,53,1,307,39,0.981481481481482,0.576086956521739,0.576086956521739,0.726027397260274,0.0185185185185185,0.996753246753247,0.786420101637493,"moi_0.1_quality_0.9_genes_400_replicates_4",20250726,0.1,0.9,400,4,FALSE
"crispulator-f1-threshold-curves-v1","BARCS-EB",0.01,400,92,37,37,0,308,55,1,0.402173913043478,0.402173913043478,0.573643410852713,0,1,0.701086956521739,"moi_0.1_quality_0.9_genes_400_replicates_4",20250726,0.1,0.9,400,4,FALSE
"crispulator-f1-threshold-curves-v1","BARCS-EB",0.005,400,92,37,37,0,308,55,1,0.402173913043478,0.402173913043478,0.573643410852713,0,1,0.701086956521739,"moi_0.1_quality_0.9_genes_400_replicates_4",20250726,0.1,0.9,400,4,FALSE
"crispulator-f1-threshold-curves-v1","BARCS-EB",0.001,400,92,29,29,0,308,63,1,0.315217391304348,0.315217391304348,0.479338842975207,0,1,0.657608695652174,"moi_0.1_quality_0.9_genes_400_replicates_4",20250726,0.1,0.9,400,4,FALSE
"crispulator-f1-threshold-curves-v1","MAGeCK-MLE",0.1,400,92,79,75,4,304,17,0.949367088607595,0.815217391304348,0.815217391304348,0.87719298245614,0.0506329113924051,0.987012987012987,0.901115189158667,"moi_0.1_quality_0.9_genes_400_replicates_4",20250726,0.1,0.9,400,4,FALSE
"crispulator-f1-threshold-curves-v1","MAGeCK-MLE",0.05,400,92,70,69,1,307,23,0.985714285714286,0.75,0.75,0.851851851851852,0.0142857142857143,0.996753246753247,0.873376623376623,"moi_0.1_quality_0.9_genes_400_replicates_4",20250726,0.1,0.9,400,4,FALSE
"crispulator-f1-threshold-curves-v1","MAGeCK-MLE",0.01,400,92,50,50,0,308,42,1,0.543478260869565,0.543478260869565,0.704225352112676,0,1,0.771739130434783,"moi_0.1_quality_0.9_genes_400_replicates_4",20250726,0.1,0.9,400,4,FALSE
"crispulator-f1-threshold-curves-v1","MAGeCK-MLE",0.005,400,92,41,41,0,308,51,1,0.445652173913043,0.445652173913043,0.616541353383459,0,1,0.722826086956522,"moi_0.1_quality_0.9_genes_400_replicates_4",20250726,0.1,0.9,400,4,FALSE
"crispulator-f1-threshold-curves-v1","MAGeCK-MLE",0.001,400,92,27,27,0,308,65,1,0.293478260869565,0.293478260869565,0.453781512605042,0,1,0.646739130434783,"moi_0.1_quality_0.9_genes_400_replicates_4",20250726,0.1,0.9,400,4,FALSE
"crispulator-f1-threshold-curves-v1","edgeR-QL",0.1,400,92,120,88,32,276,4,0.733333333333333,0.956521739130435,0.956521739130435,0.830188679245283,0.266666666666667,0.896103896103896,0.926312817617165,"moi_0.1_quality_0.9_genes_400_replicates_4",20250726,0.1,0.9,400,4,FALSE
"crispulator-f1-threshold-curves-v1","edgeR-QL",0.05,400,92,101,85,16,292,7,0.841584158415842,0.923913043478261,0.923913043478261,0.880829015544041,0.158415841584158,0.948051948051948,0.935982495765104,"moi_0.1_quality_0.9_genes_400_replicates_4",20250726,0.1,0.9,400,4,FALSE
"crispulator-f1-threshold-curves-v1","edgeR-QL",0.01,400,92,87,79,8,300,13,0.908045977011494,0.858695652173913,0.858695652173913,0.88268156424581,0.0919540229885057,0.974025974025974,0.916360813099944,"moi_0.1_quality_0.9_genes_400_replicates_4",20250726,0.1,0.9,400,4,FALSE
"crispulator-f1-threshold-curves-v1","edgeR-QL",0.005,400,92,82,77,5,303,15,0.939024390243902,0.83695652173913,0.83695652173913,0.885057471264368,0.0609756097560976,0.983766233766234,0.910361377752682,"moi_0.1_quality_0.9_genes_400_replicates_4",20250726,0.1,0.9,400,4,FALSE
"crispulator-f1-threshold-curves-v1","edgeR-QL",0.001,400,92,73,73,0,308,19,1,0.793478260869565,0.793478260869565,0.884848484848485,0,1,0.896739130434783,"moi_0.1_quality_0.9_genes_400_replicates_4",20250726,0.1,0.9,400,4,FALSE
"crispulator-f1-threshold-curves-v1","DESeq2",0.1,400,92,109,86,23,285,6,0.788990825688073,0.934782608695652,0.934782608695652,0.855721393034826,0.211009174311927,0.925324675324675,0.930053642010164,"moi_0.1_quality_0.9_genes_400_replicates_4",20250726,0.1,0.9,400,4,FALSE
"crispulator-f1-threshold-curves-v1","DESeq2",0.05,400,92,97,85,12,296,7,0.876288659793814,0.923913043478261,0.923913043478261,0.8994708994709,0.123711340206186,0.961038961038961,0.942476002258611,"moi_0.1_quality_0.9_genes_400_replicates_4",20250726,0.1,0.9,400,4,FALSE
"crispulator-f1-threshold-curves-v1","DESeq2",0.01,400,92,82,77,5,303,15,0.939024390243902,0.83695652173913,0.83695652173913,0.885057471264368,0.0609756097560976,0.983766233766234,0.910361377752682,"moi_0.1_quality_0.9_genes_400_replicates_4",20250726,0.1,0.9,400,4,FALSE
"crispulator-f1-threshold-curves-v1","DESeq2",0.005,400,92,80,77,3,305,15,0.9625,0.83695652173913,0.83695652173913,0.895348837209302,0.0375,0.99025974025974,0.913608130999435,"moi_0.1_quality_0.9_genes_400_replicates_4",20250726,0.1,0.9,400,4,FALSE
"crispulator-f1-threshold-curves-v1","DESeq2",0.001,400,92,70,70,0,308,22,1,0.760869565217391,0.760869565217391,0.864197530864198,0,1,0.880434782608696,"moi_0.1_quality_0.9_genes_400_replicates_4",20250726,0.1,0.9,400,4,FALSE
"crispulator-f1-threshold-curves-v1","limma-voom",0.1,400,92,114,86,28,280,6,0.754385964912281,0.934782608695652,0.934782608695652,0.83495145631068,0.245614035087719,0.909090909090909,0.921936758893281,"moi_0.1_quality_0.9_genes_400_replicates_4",20250726,0.1,0.9,400,4,FALSE
"crispulator-f1-threshold-curves-v1","limma-voom",0.05,400,92,100,85,15,293,7,0.85,0.923913043478261,0.923913043478261,0.885416666666667,0.15,0.951298701298701,0.937605872388481,"moi_0.1_quality_0.9_genes_400_replicates_4",20250726,0.1,0.9,400,4,FALSE
"crispulator-f1-threshold-curves-v1","limma-voom",0.01,400,92,86,78,8,300,14,0.906976744186046,0.847826086956522,0.847826086956522,0.876404494382022,0.0930232558139535,0.974025974025974,0.910926030491248,"moi_0.1_quality_0.9_genes_400_replicates_4",20250726,0.1,0.9,400,4,FALSE
"crispulator-f1-threshold-curves-v1","limma-voom",0.005,400,92,80,77,3,305,15,0.9625,0.83695652173913,0.83695652173913,0.895348837209302,0.0375,0.99025974025974,0.913608130999435,"moi_0.1_quality_0.9_genes_400_replicates_4",20250726,0.1,0.9,400,4,FALSE
"crispulator-f1-threshold-curves-v1","limma-voom",0.001,400,92,69,69,0,308,23,1,0.75,0.75,0.857142857142857,0,1,0.875,"moi_0.1_quality_0.9_genes_400_replicates_4",20250726,0.1,0.9,400,4,FALSE
"crispulator-f1-threshold-curves-v1","BARCS-original",0.1,400,102,86,84,2,296,18,0.976744186046512,0.823529411764706,0.823529411764706,0.893617021276596,0.0232558139534884,0.993288590604027,0.908409001184366,"moi_0.1_quality_0.9_genes_400_replicates_4",20250727,0.1,0.9,400,4,FALSE
"crispulator-f1-threshold-curves-v1","BARCS-original",0.05,400,102,82,81,1,297,21,0.98780487804878,0.794117647058823,0.794117647058823,0.880434782608696,0.0121951219512195,0.996644295302013,0.895380971180418,"moi_0.1_quality_0.9_genes_400_replicates_4",20250727,0.1,0.9,400,4,FALSE
"crispulator-f1-threshold-curves-v1","BARCS-original",0.01,400,102,70,70,0,298,32,1,0.686274509803922,0.686274509803922,0.813953488372093,0,1,0.843137254901961,"moi_0.1_quality_0.9_genes_400_replicates_4",20250727,0.1,0.9,400,4,FALSE
"crispulator-f1-threshold-curves-v1","BARCS-original",0.005,400,102,65,65,0,298,37,1,0.637254901960784,0.637254901960784,0.778443113772455,0,1,0.818627450980392,"moi_0.1_quality_0.9_genes_400_replicates_4",20250727,0.1,0.9,400,4,FALSE
"crispulator-f1-threshold-curves-v1","BARCS-original",0.001,400,102,53,53,0,298,49,1,0.519607843137255,0.519607843137255,0.683870967741936,0,1,0.759803921568627,"moi_0.1_quality_0.9_genes_400_replicates_4",20250727,0.1,0.9,400,4,FALSE
"crispulator-f1-threshold-curves-v1","BARCS-NORM",0.1,400,102,47,43,4,294,59,0.914893617021277,0.42156862745098,0.42156862745098,0.577181208053691,0.0851063829787234,0.986577181208054,0.704072904329517,"moi_0.1_quality_0.9_genes_400_replicates_4",20250727,0.1,0.9,400,4,FALSE
"crispulator-f1-threshold-curves-v1","BARCS-NORM",0.05,400,102,18,16,2,296,86,0.888888888888889,0.156862745098039,0.156862745098039,0.266666666666667,0.111111111111111,0.993288590604027,0.575075667851033,"moi_0.1_quality_0.9_genes_400_replicates_4",20250727,0.1,0.9,400,4,FALSE
"crispulator-f1-threshold-curves-v1","BARCS-NORM",0.01,400,102,0,0,0,298,102,0,0,0,0,0,1,0.5,"moi_0.1_quality_0.9_genes_400_replicates_4",20250727,0.1,0.9,400,4,FALSE
"crispulator-f1-threshold-curves-v1","BARCS-NORM",0.005,400,102,0,0,0,298,102,0,0,0,0,0,1,0.5,"moi_0.1_quality_0.9_genes_400_replicates_4",20250727,0.1,0.9,400,4,FALSE
"crispulator-f1-threshold-curves-v1","BARCS-NORM",0.001,400,102,0,0,0,298,102,0,0,0,0,0,1,0.5,"moi_0.1_quality_0.9_genes_400_replicates_4",20250727,0.1,0.9,400,4,FALSE
"crispulator-f1-threshold-curves-v1","BARCS-partial",0.1,400,102,62,61,1,297,41,0.983870967741935,0.598039215686274,0.598039215686274,0.74390243902439,0.0161290322580645,0.996644295302013,0.797341755494144,"moi_0.1_quality_0.9_genes_400_replicates_4",20250727,0.1,0.9,400,4,FALSE
"crispulator-f1-threshold-curves-v1","BARCS-partial",0.05,400,102,56,55,1,297,47,0.982142857142857,0.53921568627451,0.53921568627451,0.69620253164557,0.0178571428571429,0.996644295302013,0.767929990788262,"moi_0.1_quality_0.9_genes_400_replicates_4",20250727,0.1,0.9,400,4,FALSE
"crispulator-f1-threshold-curves-v1","BARCS-partial",0.01,400,102,45,44,1,297,58,0.977777777777778,0.431372549019608,0.431372549019608,0.598639455782313,0.0222222222222222,0.996644295302013,0.714008422160811,"moi_0.1_quality_0.9_genes_400_replicates_4",20250727,0.1,0.9,400,4,FALSE
"crispulator-f1-threshold-curves-v1","BARCS-partial",0.005,400,102,37,37,0,298,65,1,0.362745098039216,0.362745098039216,0.532374100719424,0,1,0.681372549019608,"moi_0.1_quality_0.9_genes_400_replicates_4",20250727,0.1,0.9,400,4,FALSE
"crispulator-f1-threshold-curves-v1","BARCS-partial",0.001,400,102,30,30,0,298,72,1,0.294117647058824,0.294117647058824,0.454545454545455,0,1,0.647058823529412,"moi_0.1_quality_0.9_genes_400_replicates_4",20250727,0.1,0.9,400,4,FALSE
"crispulator-f1-threshold-curves-v1","BARCS-EB",0.1,400,102,75,75,0,298,27,1,0.735294117647059,0.735294117647059,0.847457627118644,0,1,0.86764705882353,"moi_0.1_quality_0.9_genes_400_replicates_4",20250727,0.1,0.9,400,4,FALSE
"crispulator-f1-threshold-curves-v1","BARCS-EB",0.05,400,102,59,59,0,298,43,1,0.57843137254902,0.57843137254902,0.732919254658385,0,1,0.78921568627451,"moi_0.1_quality_0.9_genes_400_replicates_4",20250727,0.1,0.9,400,4,FALSE
"crispulator-f1-threshold-curves-v1","BARCS-EB",0.01,400,102,43,43,0,298,59,1,0.42156862745098,0.42156862745098,0.593103448275862,0,1,0.71078431372549,"moi_0.1_quality_0.9_genes_400_replicates_4",20250727,0.1,0.9,400,4,FALSE
"crispulator-f1-threshold-curves-v1","BARCS-EB",0.005,400,102,39,39,0,298,63,1,0.382352941176471,0.382352941176471,0.553191489361702,0,1,0.691176470588235,"moi_0.1_quality_0.9_genes_400_replicates_4",20250727,0.1,0.9,400,4,FALSE
"crispulator-f1-threshold-curves-v1","BARCS-EB",0.001,400,102,25,25,0,298,77,1,0.245098039215686,0.245098039215686,0.393700787401575,0,1,0.622549019607843,"moi_0.1_quality_0.9_genes_400_replicates_4",20250727,0.1,0.9,400,4,FALSE
"crispulator-f1-threshold-curves-v1","MAGeCK-MLE",0.1,400,102,79,76,3,295,26,0.962025316455696,0.745098039215686,0.745098039215686,0.839779005524862,0.0379746835443038,0.98993288590604,0.867515462560863,"moi_0.1_quality_0.9_genes_400_replicates_4",20250727,0.1,0.9,400,4,FALSE
"crispulator-f1-threshold-curves-v1","MAGeCK-MLE",0.05,400,102,69,68,1,297,34,0.985507246376812,0.666666666666667,0.666666666666667,0.795321637426901,0.0144927536231884,0.996644295302013,0.83165548098434,"moi_0.1_quality_0.9_genes_400_replicates_4",20250727,0.1,0.9,400,4,FALSE
"crispulator-f1-threshold-curves-v1","MAGeCK-MLE",0.01,400,102,49,49,0,298,53,1,0.480392156862745,0.480392156862745,0.649006622516556,0,1,0.740196078431373,"moi_0.1_quality_0.9_genes_400_replicates_4",20250727,0.1,0.9,400,4,FALSE
"crispulator-f1-threshold-curves-v1","MAGeCK-MLE",0.005,400,102,37,37,0,298,65,1,0.362745098039216,0.362745098039216,0.532374100719424,0,1,0.681372549019608,"moi_0.1_quality_0.9_genes_400_replicates_4",20250727,0.1,0.9,400,4,FALSE
"crispulator-f1-threshold-curves-v1","MAGeCK-MLE",0.001,400,102,22,22,0,298,80,1,0.215686274509804,0.215686274509804,0.354838709677419,0,1,0.607843137254902,"moi_0.1_quality_0.9_genes_400_replicates_4",20250727,0.1,0.9,400,4,FALSE
"crispulator-f1-threshold-curves-v1","edgeR-QL",0.1,400,102,116,93,23,275,9,0.801724137931034,0.911764705882353,0.911764705882353,0.853211009174312,0.198275862068966,0.922818791946309,0.917291748914331,"moi_0.1_quality_0.9_genes_400_replicates_4",20250727,0.1,0.9,400,4,FALSE
"crispulator-f1-threshold-curves-v1","edgeR-QL",0.05,400,102,101,89,12,286,13,0.881188118811881,0.872549019607843,0.872549019607843,0.876847290640394,0.118811881188119,0.959731543624161,0.916140281616002,"moi_0.1_quality_0.9_genes_400_replicates_4",20250727,0.1,0.9,400,4,FALSE
"crispulator-f1-threshold-curves-v1","edgeR-QL",0.01,400,102,92,88,4,294,14,0.956521739130435,0.862745098039216,0.862745098039216,0.907216494845361,0.0434782608695652,0.986577181208054,0.924661139623635,"moi_0.1_quality_0.9_genes_400_replicates_4",20250727,0.1,0.9,400,4,FALSE
"crispulator-f1-threshold-curves-v1","edgeR-QL",0.005,400,102,86,84,2,296,18,0.976744186046512,0.823529411764706,0.823529411764706,0.893617021276596,0.0232558139534884,0.993288590604027,0.908409001184366,"moi_0.1_quality_0.9_genes_400_replicates_4",20250727,0.1,0.9,400,4,FALSE
"crispulator-f1-threshold-curves-v1","edgeR-QL",0.001,400,102,79,79,0,298,23,1,0.774509803921569,0.774509803921569,0.87292817679558,0,1,0.887254901960784,"moi_0.1_quality_0.9_genes_400_replicates_4",20250727,0.1,0.9,400,4,FALSE
"crispulator-f1-threshold-curves-v1","DESeq2",0.1,400,102,107,92,15,283,10,0.85981308411215,0.901960784313726,0.901960784313726,0.880382775119617,0.14018691588785,0.949664429530201,0.925812606921963,"moi_0.1_quality_0.9_genes_400_replicates_4",20250727,0.1,0.9,400,4,FALSE
"crispulator-f1-threshold-curves-v1","DESeq2",0.05,400,102,100,89,11,287,13,0.89,0.872549019607843,0.872549019607843,0.881188118811881,0.11,0.963087248322148,0.917818133964995,"moi_0.1_quality_0.9_genes_400_replicates_4",20250727,0.1,0.9,400,4,FALSE
"crispulator-f1-threshold-curves-v1","DESeq2",0.01,400,102,87,84,3,295,18,0.96551724137931,0.823529411764706,0.823529411764706,0.888888888888889,0.0344827586206897,0.98993288590604,0.906731148835373,"moi_0.1_quality_0.9_genes_400_replicates_4",20250727,0.1,0.9,400,4,FALSE
"crispulator-f1-threshold-curves-v1","DESeq2",0.005,400,102,84,84,0,298,18,1,0.823529411764706,0.823529411764706,0.903225806451613,0,1,0.911764705882353,"moi_0.1_quality_0.9_genes_400_replicates_4",20250727,0.1,0.9,400,4,FALSE
"crispulator-f1-threshold-curves-v1","DESeq2",0.001,400,102,78,78,0,298,24,1,0.764705882352941,0.764705882352941,0.866666666666667,0,1,0.88235294117647,"moi_0.1_quality_0.9_genes_400_replicates_4",20250727,0.1,0.9,400,4,FALSE
"crispulator-f1-threshold-curves-v1","limma-voom",0.1,400,102,111,91,20,278,11,0.81981981981982,0.892156862745098,0.892156862745098,0.854460093896714,0.18018018018018,0.932885906040268,0.912521384392683,"moi_0.1_quality_0.9_genes_400_replicates_4",20250727,0.1,0.9,400,4,FALSE
"crispulator-f1-threshold-curves-v1","limma-voom",0.05,400,102,101,89,12,286,13,0.881188118811881,0.872549019607843,0.872549019607843,0.876847290640394,0.118811881188119,0.959731543624161,0.916140281616002,"moi_0.1_quality_0.9_genes_400_replicates_4",20250727,0.1,0.9,400,4,FALSE
"crispulator-f1-threshold-curves-v1","limma-voom",0.01,400,102,92,87,5,293,15,0.945652173913043,0.852941176470588,0.852941176470588,0.896907216494845,0.0543478260869565,0.983221476510067,0.918081326490328,"moi_0.1_quality_0.9_genes_400_replicates_4",20250727,0.1,0.9,400,4,FALSE
"crispulator-f1-threshold-curves-v1","limma-voom",0.005,400,102,86,84,2,296,18,0.976744186046512,0.823529411764706,0.823529411764706,0.893617021276596,0.0232558139534884,0.993288590604027,0.908409001184366,"moi_0.1_quality_0.9_genes_400_replicates_4",20250727,0.1,0.9,400,4,FALSE
"crispulator-f1-threshold-curves-v1","limma-voom",0.001,400,102,79,79,0,298,23,1,0.774509803921569,0.774509803921569,0.87292817679558,0,1,0.887254901960784,"moi_0.1_quality_0.9_genes_400_replicates_4",20250727,0.1,0.9,400,4,FALSE
"crispulator-f1-threshold-curves-v1","BARCS-original",0.1,400,90,86,79,7,303,11,0.918604651162791,0.877777777777778,0.877777777777778,0.897727272727273,0.0813953488372093,0.97741935483871,0.927598566308244,"moi_0.1_quality_0.9_genes_400_replicates_4",20250728,0.1,0.9,400,4,FALSE
"crispulator-f1-threshold-curves-v1","BARCS-original",0.05,400,90,78,75,3,307,15,0.961538461538462,0.833333333333333,0.833333333333333,0.892857142857143,0.0384615384615385,0.990322580645161,0.911827956989247,"moi_0.1_quality_0.9_genes_400_replicates_4",20250728,0.1,0.9,400,4,FALSE
"crispulator-f1-threshold-curves-v1","BARCS-original",0.01,400,90,68,67,1,309,23,0.985294117647059,0.744444444444444,0.744444444444444,0.848101265822785,0.0147058823529412,0.996774193548387,0.870609318996416,"moi_0.1_quality_0.9_genes_400_replicates_4",20250728,0.1,0.9,400,4,FALSE
"crispulator-f1-threshold-curves-v1","BARCS-original",0.005,400,90,57,57,0,310,33,1,0.633333333333333,0.633333333333333,0.775510204081633,0,1,0.816666666666667,"moi_0.1_quality_0.9_genes_400_replicates_4",20250728,0.1,0.9,400,4,FALSE
"crispulator-f1-threshold-curves-v1","BARCS-original",0.001,400,90,50,50,0,310,40,1,0.555555555555556,0.555555555555556,0.714285714285714,0,1,0.777777777777778,"moi_0.1_quality_0.9_genes_400_replicates_4",20250728,0.1,0.9,400,4,FALSE
"crispulator-f1-threshold-curves-v1","BARCS-NORM",0.1,400,90,29,26,3,307,64,0.896551724137931,0.288888888888889,0.288888888888889,0.436974789915966,0.103448275862069,0.990322580645161,0.639605734767025,"moi_0.1_quality_0.9_genes_400_replicates_4",20250728,0.1,0.9,400,4,FALSE
"crispulator-f1-threshold-curves-v1","BARCS-NORM",0.05,400,90,12,12,0,310,78,1,0.133333333333333,0.133333333333333,0.235294117647059,0,1,0.566666666666667,"moi_0.1_quality_0.9_genes_400_replicates_4",20250728,0.1,0.9,400,4,FALSE
"crispulator-f1-threshold-curves-v1","BARCS-NORM",0.01,400,90,0,0,0,310,90,0,0,0,0,0,1,0.5,"moi_0.1_quality_0.9_genes_400_replicates_4",20250728,0.1,0.9,400,4,FALSE
"crispulator-f1-threshold-curves-v1","BARCS-NORM",0.005,400,90,0,0,0,310,90,0,0,0,0,0,1,0.5,"moi_0.1_quality_0.9_genes_400_replicates_4",20250728,0.1,0.9,400,4,FALSE
"crispulator-f1-threshold-curves-v1","BARCS-NORM",0.001,400,90,0,0,0,310,90,0,0,0,0,0,1,0.5,"moi_0.1_quality_0.9_genes_400_replicates_4",20250728,0.1,0.9,400,4,FALSE
"crispulator-f1-threshold-curves-v1","BARCS-partial",0.1,400,90,38,38,0,310,52,1,0.422222222222222,0.422222222222222,0.59375,0,1,0.711111111111111,"moi_0.1_quality_0.9_genes_400_replicates_4",20250728,0.1,0.9,400,4,FALSE
"crispulator-f1-threshold-curves-v1","BARCS-partial",0.05,400,90,31,31,0,310,59,1,0.344444444444444,0.344444444444444,0.512396694214876,0,1,0.672222222222222,"moi_0.1_quality_0.9_genes_400_replicates_4",20250728,0.1,0.9,400,4,FALSE
"crispulator-f1-threshold-curves-v1","BARCS-partial",0.01,400,90,25,25,0,310,65,1,0.277777777777778,0.277777777777778,0.434782608695652,0,1,0.638888888888889,"moi_0.1_quality_0.9_genes_400_replicates_4",20250728,0.1,0.9,400,4,FALSE
"crispulator-f1-threshold-curves-v1","BARCS-partial",0.005,400,90,23,23,0,310,67,1,0.255555555555556,0.255555555555556,0.407079646017699,0,1,0.627777777777778,"moi_0.1_quality_0.9_genes_400_replicates_4",20250728,0.1,0.9,400,4,FALSE
"crispulator-f1-threshold-curves-v1","BARCS-partial",0.001,400,90,19,19,0,310,71,1,0.211111111111111,0.211111111111111,0.348623853211009,0,1,0.605555555555556,"moi_0.1_quality_0.9_genes_400_replicates_4",20250728,0.1,0.9,400,4,FALSE
"crispulator-f1-threshold-curves-v1","BARCS-EB",0.1,400,90,48,48,0,310,42,1,0.533333333333333,0.533333333333333,0.695652173913044,0,1,0.766666666666667,"moi_0.1_quality_0.9_genes_400_replicates_4",20250728,0.1,0.9,400,4,FALSE
"crispulator-f1-threshold-curves-v1","BARCS-EB",0.05,400,90,45,45,0,310,45,1,0.5,0.5,0.666666666666667,0,1,0.75,"moi_0.1_quality_0.9_genes_400_replicates_4",20250728,0.1,0.9,400,4,FALSE
"crispulator-f1-threshold-curves-v1","BARCS-EB",0.01,400,90,31,31,0,310,59,1,0.344444444444444,0.344444444444444,0.512396694214876,0,1,0.672222222222222,"moi_0.1_quality_0.9_genes_400_replicates_4",20250728,0.1,0.9,400,4,FALSE
"crispulator-f1-threshold-curves-v1","BARCS-EB",0.005,400,90,27,27,0,310,63,1,0.3,0.3,0.461538461538462,0,1,0.65,"moi_0.1_quality_0.9_genes_400_replicates_4",20250728,0.1,0.9,400,4,FALSE
"crispulator-f1-threshold-curves-v1","BARCS-EB",0.001,400,90,24,24,0,310,66,1,0.266666666666667,0.266666666666667,0.421052631578947,0,1,0.633333333333333,"moi_0.1_quality_0.9_genes_400_replicates_4",20250728,0.1,0.9,400,4,FALSE
"crispulator-f1-threshold-curves-v1","MAGeCK-MLE",0.1,400,90,76,71,5,305,19,0.93421052631579,0.788888888888889,0.788888888888889,0.855421686746988,0.0657894736842105,0.983870967741935,0.886379928315412,"moi_0.1_quality_0.9_genes_400_replicates_4",20250728,0.1,0.9,400,4,FALSE
"crispulator-f1-threshold-curves-v1","MAGeCK-MLE",0.05,400,90,68,66,2,308,24,0.970588235294118,0.733333333333333,0.733333333333333,0.835443037974683,0.0294117647058824,0.993548387096774,0.863440860215054,"moi_0.1_quality_0.9_genes_400_replicates_4",20250728,0.1,0.9,400,4,FALSE
"crispulator-f1-threshold-curves-v1","MAGeCK-MLE",0.01,400,90,43,43,0,310,47,1,0.477777777777778,0.477777777777778,0.646616541353383,0,1,0.738888888888889,"moi_0.1_quality_0.9_genes_400_replicates_4",20250728,0.1,0.9,400,4,FALSE
"crispulator-f1-threshold-curves-v1","MAGeCK-MLE",0.005,400,90,35,35,0,310,55,1,0.388888888888889,0.388888888888889,0.56,0,1,0.694444444444444,"moi_0.1_quality_0.9_genes_400_replicates_4",20250728,0.1,0.9,400,4,FALSE
"crispulator-f1-threshold-curves-v1","MAGeCK-MLE",0.001,400,90,25,25,0,310,65,1,0.277777777777778,0.277777777777778,0.434782608695652,0,1,0.638888888888889,"moi_0.1_quality_0.9_genes_400_replicates_4",20250728,0.1,0.9,400,4,FALSE
"crispulator-f1-threshold-curves-v1","edgeR-QL",0.1,400,90,111,87,24,286,3,0.783783783783784,0.966666666666667,0.966666666666667,0.865671641791045,0.216216216216216,0.92258064516129,0.944623655913978,"moi_0.1_quality_0.9_genes_400_replicates_4",20250728,0.1,0.9,400,4,FALSE
"crispulator-f1-threshold-curves-v1","edgeR-QL",0.05,400,90,99,86,13,297,4,0.868686868686869,0.955555555555556,0.955555555555556,0.91005291005291,0.131313131313131,0.958064516129032,0.956810035842294,"moi_0.1_quality_0.9_genes_400_replicates_4",20250728,0.1,0.9,400,4,FALSE
"crispulator-f1-threshold-curves-v1","edgeR-QL",0.01,400,90,83,79,4,306,11,0.951807228915663,0.877777777777778,0.877777777777778,0.913294797687861,0.0481927710843374,0.987096774193548,0.932437275985663,"moi_0.1_quality_0.9_genes_400_replicates_4",20250728,0.1,0.9,400,4,FALSE
"crispulator-f1-threshold-curves-v1","edgeR-QL",0.005,400,90,78,77,1,309,13,0.987179487179487,0.855555555555556,0.855555555555556,0.916666666666667,0.0128205128205128,0.996774193548387,0.926164874551971,"moi_0.1_quality_0.9_genes_400_replicates_4",20250728,0.1,0.9,400,4,FALSE
"crispulator-f1-threshold-curves-v1","edgeR-QL",0.001,400,90,71,71,0,310,19,1,0.788888888888889,0.788888888888889,0.881987577639752,0,1,0.894444444444444,"moi_0.1_quality_0.9_genes_400_replicates_4",20250728,0.1,0.9,400,4,FALSE
"crispulator-f1-threshold-curves-v1","DESeq2",0.1,400,90,103,85,18,292,5,0.825242718446602,0.944444444444444,0.944444444444444,0.880829015544041,0.174757281553398,0.941935483870968,0.943189964157706,"moi_0.1_quality_0.9_genes_400_replicates_4",20250728,0.1,0.9,400,4,FALSE
"crispulator-f1-threshold-curves-v1","DESeq2",0.05,400,90,93,83,10,300,7,0.89247311827957,0.922222222222222,0.922222222222222,0.907103825136612,0.10752688172043,0.967741935483871,0.944982078853047,"moi_0.1_quality_0.9_genes_400_replicates_4",20250728,0.1,0.9,400,4,FALSE
"crispulator-f1-threshold-curves-v1","DESeq2",0.01,400,90,80,78,2,308,12,0.975,0.866666666666667,0.866666666666667,0.917647058823529,0.025,0.993548387096774,0.93010752688172,"moi_0.1_quality_0.9_genes_400_replicates_4",20250728,0.1,0.9,400,4,FALSE
"crispulator-f1-threshold-curves-v1","DESeq2",0.005,400,90,78,77,1,309,13,0.987179487179487,0.855555555555556,0.855555555555556,0.916666666666667,0.0128205128205128,0.996774193548387,0.926164874551971,"moi_0.1_quality_0.9_genes_400_replicates_4",20250728,0.1,0.9,400,4,FALSE
"crispulator-f1-threshold-curves-v1","DESeq2",0.001,400,90,67,67,0,310,23,1,0.744444444444444,0.744444444444444,0.853503184713376,0,1,0.872222222222222,"moi_0.1_quality_0.9_genes_400_replicates_4",20250728,0.1,0.9,400,4,FALSE
"crispulator-f1-threshold-curves-v1","limma-voom",0.1,400,90,108,87,21,289,3,0.805555555555556,0.966666666666667,0.966666666666667,0.878787878787879,0.194444444444444,0.932258064516129,0.949462365591398,"moi_0.1_quality_0.9_genes_400_replicates_4",20250728,0.1,0.9,400,4,FALSE
"crispulator-f1-threshold-curves-v1","limma-voom",0.05,400,90,96,84,12,298,6,0.875,0.933333333333333,0.933333333333333,0.903225806451613,0.125,0.961290322580645,0.947311827956989,"moi_0.1_quality_0.9_genes_400_replicates_4",20250728,0.1,0.9,400,4,FALSE
"crispulator-f1-threshold-curves-v1","limma-voom",0.01,400,90,82,78,4,306,12,0.951219512195122,0.866666666666667,0.866666666666667,0.906976744186046,0.048780487804878,0.987096774193548,0.926881720430108,"moi_0.1_quality_0.9_genes_400_replicates_4",20250728,0.1,0.9,400,4,FALSE
"crispulator-f1-threshold-curves-v1","limma-voom",0.005,400,90,78,77,1,309,13,0.987179487179487,0.855555555555556,0.855555555555556,0.916666666666667,0.0128205128205128,0.996774193548387,0.926164874551971,"moi_0.1_quality_0.9_genes_400_replicates_4",20250728,0.1,0.9,400,4,FALSE
"crispulator-f1-threshold-curves-v1","limma-voom",0.001,400,90,68,68,0,310,22,1,0.755555555555556,0.755555555555556,0.860759493670886,0,1,0.877777777777778,"moi_0.1_quality_0.9_genes_400_replicates_4",20250728,0.1,0.9,400,4,FALSE
"crispulator-f1-threshold-curves-v1","BARCS-original",0.1,400,79,45,45,0,321,34,1,0.569620253164557,0.569620253164557,0.725806451612903,0,1,0.784810126582278,"moi_0.4_quality_0.9_genes_400_replicates_4",20250724,0.4,0.9,400,4,FALSE
"crispulator-f1-threshold-curves-v1","BARCS-original",0.05,400,79,37,37,0,321,42,1,0.468354430379747,0.468354430379747,0.637931034482759,0,1,0.734177215189873,"moi_0.4_quality_0.9_genes_400_replicates_4",20250724,0.4,0.9,400,4,FALSE
"crispulator-f1-threshold-curves-v1","BARCS-original",0.01,400,79,27,27,0,321,52,1,0.341772151898734,0.341772151898734,0.509433962264151,0,1,0.670886075949367,"moi_0.4_quality_0.9_genes_400_replicates_4",20250724,0.4,0.9,400,4,FALSE
"crispulator-f1-threshold-curves-v1","BARCS-original",0.005,400,79,15,15,0,321,64,1,0.189873417721519,0.189873417721519,0.319148936170213,0,1,0.59493670886076,"moi_0.4_quality_0.9_genes_400_replicates_4",20250724,0.4,0.9,400,4,FALSE
"crispulator-f1-threshold-curves-v1","BARCS-original",0.001,400,79,6,6,0,321,73,1,0.0759493670886076,0.0759493670886076,0.141176470588235,0,1,0.537974683544304,"moi_0.4_quality_0.9_genes_400_replicates_4",20250724,0.4,0.9,400,4,FALSE
"crispulator-f1-threshold-curves-v1","BARCS-NORM",0.1,400,79,12,12,0,321,67,1,0.151898734177215,0.151898734177215,0.263736263736264,0,1,0.575949367088608,"moi_0.4_quality_0.9_genes_400_replicates_4",20250724,0.4,0.9,400,4,FALSE
"crispulator-f1-threshold-curves-v1","BARCS-NORM",0.05,400,79,6,6,0,321,73,1,0.0759493670886076,0.0759493670886076,0.141176470588235,0,1,0.537974683544304,"moi_0.4_quality_0.9_genes_400_replicates_4",20250724,0.4,0.9,400,4,FALSE
"crispulator-f1-threshold-curves-v1","BARCS-NORM",0.01,400,79,0,0,0,321,79,0,0,0,0,0,1,0.5,"moi_0.4_quality_0.9_genes_400_replicates_4",20250724,0.4,0.9,400,4,FALSE
"crispulator-f1-threshold-curves-v1","BARCS-NORM",0.005,400,79,0,0,0,321,79,0,0,0,0,0,1,0.5,"moi_0.4_quality_0.9_genes_400_replicates_4",20250724,0.4,0.9,400,4,FALSE
"crispulator-f1-threshold-curves-v1","BARCS-NORM",0.001,400,79,0,0,0,321,79,0,0,0,0,0,1,0.5,"moi_0.4_quality_0.9_genes_400_replicates_4",20250724,0.4,0.9,400,4,FALSE
"crispulator-f1-threshold-curves-v1","BARCS-partial",0.1,400,79,43,41,2,319,38,0.953488372093023,0.518987341772152,0.518987341772152,0.672131147540984,0.0465116279069767,0.993769470404984,0.756378406088568,"moi_0.4_quality_0.9_genes_400_replicates_4",20250724,0.4,0.9,400,4,FALSE
"crispulator-f1-threshold-curves-v1","BARCS-partial",0.05,400,79,36,36,0,321,43,1,0.455696202531646,0.455696202531646,0.626086956521739,0,1,0.727848101265823,"moi_0.4_quality_0.9_genes_400_replicates_4",20250724,0.4,0.9,400,4,FALSE
"crispulator-f1-threshold-curves-v1","BARCS-partial",0.01,400,79,25,25,0,321,54,1,0.316455696202532,0.316455696202532,0.480769230769231,0,1,0.658227848101266,"moi_0.4_quality_0.9_genes_400_replicates_4",20250724,0.4,0.9,400,4,FALSE
"crispulator-f1-threshold-curves-v1","BARCS-partial",0.005,400,79,19,19,0,321,60,1,0.240506329113924,0.240506329113924,0.387755102040816,0,1,0.620253164556962,"moi_0.4_quality_0.9_genes_400_replicates_4",20250724,0.4,0.9,400,4,FALSE
"crispulator-f1-threshold-curves-v1","BARCS-partial",0.001,400,79,12,12,0,321,67,1,0.151898734177215,0.151898734177215,0.263736263736264,0,1,0.575949367088608,"moi_0.4_quality_0.9_genes_400_replicates_4",20250724,0.4,0.9,400,4,FALSE
"crispulator-f1-threshold-curves-v1","BARCS-EB",0.1,400,79,41,41,0,321,38,1,0.518987341772152,0.518987341772152,0.683333333333333,0,1,0.759493670886076,"moi_0.4_quality_0.9_genes_400_replicates_4",20250724,0.4,0.9,400,4,FALSE
"crispulator-f1-threshold-curves-v1","BARCS-EB",0.05,400,79,37,37,0,321,42,1,0.468354430379747,0.468354430379747,0.637931034482759,0,1,0.734177215189873,"moi_0.4_quality_0.9_genes_400_replicates_4",20250724,0.4,0.9,400,4,FALSE
"crispulator-f1-threshold-curves-v1","BARCS-EB",0.01,400,79,27,27,0,321,52,1,0.341772151898734,0.341772151898734,0.509433962264151,0,1,0.670886075949367,"moi_0.4_quality_0.9_genes_400_replicates_4",20250724,0.4,0.9,400,4,FALSE
"crispulator-f1-threshold-curves-v1","BARCS-EB",0.005,400,79,20,20,0,321,59,1,0.253164556962025,0.253164556962025,0.404040404040404,0,1,0.626582278481013,"moi_0.4_quality_0.9_genes_400_replicates_4",20250724,0.4,0.9,400,4,FALSE
"crispulator-f1-threshold-curves-v1","BARCS-EB",0.001,400,79,10,10,0,321,69,1,0.126582278481013,0.126582278481013,0.224719101123596,0,1,0.563291139240506,"moi_0.4_quality_0.9_genes_400_replicates_4",20250724,0.4,0.9,400,4,FALSE
"crispulator-f1-threshold-curves-v1","MAGeCK-MLE",0.1,400,79,55,54,1,320,25,0.981818181818182,0.683544303797468,0.683544303797468,0.805970149253731,0.0181818181818182,0.996884735202492,0.84021451949998,"moi_0.4_quality_0.9_genes_400_replicates_4",20250724,0.4,0.9,400,4,FALSE
"crispulator-f1-threshold-curves-v1","MAGeCK-MLE",0.05,400,79,48,47,1,320,32,0.979166666666667,0.59493670886076,0.59493670886076,0.74015748031496,0.0208333333333333,0.996884735202492,0.795910722031626,"moi_0.4_quality_0.9_genes_400_replicates_4",20250724,0.4,0.9,400,4,FALSE
"crispulator-f1-threshold-curves-v1","MAGeCK-MLE",0.01,400,79,25,25,0,321,54,1,0.316455696202532,0.316455696202532,0.480769230769231,0,1,0.658227848101266,"moi_0.4_quality_0.9_genes_400_replicates_4",20250724,0.4,0.9,400,4,FALSE
"crispulator-f1-threshold-curves-v1","MAGeCK-MLE",0.005,400,79,24,24,0,321,55,1,0.30379746835443,0.30379746835443,0.466019417475728,0,1,0.651898734177215,"moi_0.4_quality_0.9_genes_400_replicates_4",20250724,0.4,0.9,400,4,FALSE
"crispulator-f1-threshold-curves-v1","MAGeCK-MLE",0.001,400,79,13,13,0,321,66,1,0.164556962025316,0.164556962025316,0.282608695652174,0,1,0.582278481012658,"moi_0.4_quality_0.9_genes_400_replicates_4",20250724,0.4,0.9,400,4,FALSE
"crispulator-f1-threshold-curves-v1","edgeR-QL",0.1,400,79,89,70,19,302,9,0.786516853932584,0.886075949367089,0.886075949367089,0.833333333333333,0.213483146067416,0.940809968847352,0.91344295910722,"moi_0.4_quality_0.9_genes_400_replicates_4",20250724,0.4,0.9,400,4,FALSE
"crispulator-f1-threshold-curves-v1","edgeR-QL",0.05,400,79,78,67,11,310,12,0.858974358974359,0.848101265822785,0.848101265822785,0.853503184713376,0.141025641025641,0.965732087227414,0.9069166765251,"moi_0.4_quality_0.9_genes_400_replicates_4",20250724,0.4,0.9,400,4,FALSE
"crispulator-f1-threshold-curves-v1","edgeR-QL",0.01,400,79,61,60,1,320,19,0.983606557377049,0.759493670886076,0.759493670886076,0.857142857142857,0.0163934426229508,0.996884735202492,0.878189203044284,"moi_0.4_quality_0.9_genes_400_replicates_4",20250724,0.4,0.9,400,4,FALSE
"crispulator-f1-threshold-curves-v1","edgeR-QL",0.005,400,79,55,55,0,321,24,1,0.69620253164557,0.69620253164557,0.82089552238806,0,1,0.848101265822785,"moi_0.4_quality_0.9_genes_400_replicates_4",20250724,0.4,0.9,400,4,FALSE
"crispulator-f1-threshold-curves-v1","edgeR-QL",0.001,400,79,48,48,0,321,31,1,0.607594936708861,0.607594936708861,0.755905511811024,0,1,0.80379746835443,"moi_0.4_quality_0.9_genes_400_replicates_4",20250724,0.4,0.9,400,4,FALSE
"crispulator-f1-threshold-curves-v1","DESeq2",0.1,400,79,90,70,20,301,9,0.777777777777778,0.886075949367089,0.886075949367089,0.828402366863905,0.222222222222222,0.937694704049844,0.911885326708466,"moi_0.4_quality_0.9_genes_400_replicates_4",20250724,0.4,0.9,400,4,FALSE
"crispulator-f1-threshold-curves-v1","DESeq2",0.05,400,79,75,68,7,314,11,0.906666666666667,0.860759493670886,0.860759493670886,0.883116883116883,0.0933333333333333,0.978193146417445,0.919476320044166,"moi_0.4_quality_0.9_genes_400_replicates_4",20250724,0.4,0.9,400,4,FALSE
"crispulator-f1-threshold-curves-v1","DESeq2",0.01,400,79,64,63,1,320,16,0.984375,0.79746835443038,0.79746835443038,0.881118881118881,0.015625,0.996884735202492,0.897176544816436,"moi_0.4_quality_0.9_genes_400_replicates_4",20250724,0.4,0.9,400,4,FALSE
"crispulator-f1-threshold-curves-v1","DESeq2",0.005,400,79,55,55,0,321,24,1,0.69620253164557,0.69620253164557,0.82089552238806,0,1,0.848101265822785,"moi_0.4_quality_0.9_genes_400_replicates_4",20250724,0.4,0.9,400,4,FALSE
"crispulator-f1-threshold-curves-v1","DESeq2",0.001,400,79,50,50,0,321,29,1,0.632911392405063,0.632911392405063,0.775193798449612,0,1,0.816455696202532,"moi_0.4_quality_0.9_genes_400_replicates_4",20250724,0.4,0.9,400,4,FALSE
"crispulator-f1-threshold-curves-v1","limma-voom",0.1,400,79,86,68,18,303,11,0.790697674418605,0.860759493670886,0.860759493670886,0.824242424242424,0.209302325581395,0.94392523364486,0.902342363657873,"moi_0.4_quality_0.9_genes_400_replicates_4",20250724,0.4,0.9,400,4,FALSE
"crispulator-f1-threshold-curves-v1","limma-voom",0.05,400,79,78,68,10,311,11,0.871794871794872,0.860759493670886,0.860759493670886,0.86624203821656,0.128205128205128,0.968847352024922,0.914803422847904,"moi_0.4_quality_0.9_genes_400_replicates_4",20250724,0.4,0.9,400,4,FALSE
"crispulator-f1-threshold-curves-v1","limma-voom",0.01,400,79,62,61,1,320,18,0.983870967741935,0.772151898734177,0.772151898734177,0.865248226950355,0.0161290322580645,0.996884735202492,0.884518316968335,"moi_0.4_quality_0.9_genes_400_replicates_4",20250724,0.4,0.9,400,4,FALSE
"crispulator-f1-threshold-curves-v1","limma-voom",0.005,400,79,52,52,0,321,27,1,0.658227848101266,0.658227848101266,0.793893129770992,0,1,0.829113924050633,"moi_0.4_quality_0.9_genes_400_replicates_4",20250724,0.4,0.9,400,4,FALSE
"crispulator-f1-threshold-curves-v1","limma-voom",0.001,400,79,47,47,0,321,32,1,0.59493670886076,0.59493670886076,0.746031746031746,0,1,0.79746835443038,"moi_0.4_quality_0.9_genes_400_replicates_4",20250724,0.4,0.9,400,4,FALSE
"crispulator-f1-threshold-curves-v1","BARCS-original",0.1,400,60,43,39,4,336,21,0.906976744186046,0.65,0.65,0.757281553398058,0.0930232558139535,0.988235294117647,0.819117647058824,"moi_0.4_quality_0.9_genes_400_replicates_4",20250725,0.4,0.9,400,4,FALSE
"crispulator-f1-threshold-curves-v1","BARCS-original",0.05,400,60,36,34,2,338,26,0.944444444444444,0.566666666666667,0.566666666666667,0.708333333333333,0.0555555555555556,0.994117647058824,0.780392156862745,"moi_0.4_quality_0.9_genes_400_replicates_4",20250725,0.4,0.9,400,4,FALSE
"crispulator-f1-threshold-curves-v1","BARCS-original",0.01,400,60,27,26,1,339,34,0.962962962962963,0.433333333333333,0.433333333333333,0.597701149425287,0.037037037037037,0.997058823529412,0.715196078431373,"moi_0.4_quality_0.9_genes_400_replicates_4",20250725,0.4,0.9,400,4,FALSE
"crispulator-f1-threshold-curves-v1","BARCS-original",0.005,400,60,24,24,0,340,36,1,0.4,0.4,0.571428571428572,0,1,0.7,"moi_0.4_quality_0.9_genes_400_replicates_4",20250725,0.4,0.9,400,4,FALSE
"crispulator-f1-threshold-curves-v1","BARCS-original",0.001,400,60,19,19,0,340,41,1,0.316666666666667,0.316666666666667,0.481012658227848,0,1,0.658333333333333,"moi_0.4_quality_0.9_genes_400_replicates_4",20250725,0.4,0.9,400,4,FALSE
"crispulator-f1-threshold-curves-v1","BARCS-NORM",0.1,400,60,17,15,2,338,45,0.88235294117647,0.25,0.25,0.38961038961039,0.117647058823529,0.994117647058824,0.622058823529412,"moi_0.4_quality_0.9_genes_400_replicates_4",20250725,0.4,0.9,400,4,FALSE
"crispulator-f1-threshold-curves-v1","BARCS-NORM",0.05,400,60,3,3,0,340,57,1,0.05,0.05,0.0952380952380952,0,1,0.525,"moi_0.4_quality_0.9_genes_400_replicates_4",20250725,0.4,0.9,400,4,FALSE
"crispulator-f1-threshold-curves-v1","BARCS-NORM",0.01,400,60,0,0,0,340,60,0,0,0,0,0,1,0.5,"moi_0.4_quality_0.9_genes_400_replicates_4",20250725,0.4,0.9,400,4,FALSE
"crispulator-f1-threshold-curves-v1","BARCS-NORM",0.005,400,60,0,0,0,340,60,0,0,0,0,0,1,0.5,"moi_0.4_quality_0.9_genes_400_replicates_4",20250725,0.4,0.9,400,4,FALSE
"crispulator-f1-threshold-curves-v1","BARCS-NORM",0.001,400,60,0,0,0,340,60,0,0,0,0,0,1,0.5,"moi_0.4_quality_0.9_genes_400_replicates_4",20250725,0.4,0.9,400,4,FALSE
"crispulator-f1-threshold-curves-v1","BARCS-partial",0.1,400,60,31,27,4,336,33,0.870967741935484,0.45,0.45,0.593406593406593,0.129032258064516,0.988235294117647,0.719117647058824,"moi_0.4_quality_0.9_genes_400_replicates_4",20250725,0.4,0.9,400,4,FALSE
"crispulator-f1-threshold-curves-v1","BARCS-partial",0.05,400,60,27,25,2,338,35,0.925925925925926,0.416666666666667,0.416666666666667,0.574712643678161,0.0740740740740741,0.994117647058824,0.705392156862745,"moi_0.4_quality_0.9_genes_400_replicates_4",20250725,0.4,0.9,400,4,FALSE
"crispulator-f1-threshold-curves-v1","BARCS-partial",0.01,400,60,26,24,2,338,36,0.923076923076923,0.4,0.4,0.558139534883721,0.0769230769230769,0.994117647058824,0.697058823529412,"moi_0.4_quality_0.9_genes_400_replicates_4",20250725,0.4,0.9,400,4,FALSE
"crispulator-f1-threshold-curves-v1","BARCS-partial",0.005,400,60,24,23,1,339,37,0.958333333333333,0.383333333333333,0.383333333333333,0.547619047619048,0.0416666666666667,0.997058823529412,0.690196078431373,"moi_0.4_quality_0.9_genes_400_replicates_4",20250725,0.4,0.9,400,4,FALSE
"crispulator-f1-threshold-curves-v1","BARCS-partial",0.001,400,60,20,19,1,339,41,0.95,0.316666666666667,0.316666666666667,0.475,0.05,0.997058823529412,0.656862745098039,"moi_0.4_quality_0.9_genes_400_replicates_4",20250725,0.4,0.9,400,4,FALSE
"crispulator-f1-threshold-curves-v1","BARCS-EB",0.1,400,60,31,30,1,339,30,0.967741935483871,0.5,0.5,0.659340659340659,0.032258064516129,0.997058823529412,0.748529411764706,"moi_0.4_quality_0.9_genes_400_replicates_4",20250725,0.4,0.9,400,4,FALSE
"crispulator-f1-threshold-curves-v1","BARCS-EB",0.05,400,60,29,28,1,339,32,0.96551724137931,0.466666666666667,0.466666666666667,0.629213483146068,0.0344827586206897,0.997058823529412,0.731862745098039,"moi_0.4_quality_0.9_genes_400_replicates_4",20250725,0.4,0.9,400,4,FALSE
"crispulator-f1-threshold-curves-v1","BARCS-EB",0.01,400,60,23,22,1,339,38,0.956521739130435,0.366666666666667,0.366666666666667,0.530120481927711,0.0434782608695652,0.997058823529412,0.681862745098039,"moi_0.4_quality_0.9_genes_400_replicates_4",20250725,0.4,0.9,400,4,FALSE
"crispulator-f1-threshold-curves-v1","BARCS-EB",0.005,400,60,18,18,0,340,42,1,0.3,0.3,0.461538461538462,0,1,0.65,"moi_0.4_quality_0.9_genes_400_replicates_4",20250725,0.4,0.9,400,4,FALSE
"crispulator-f1-threshold-curves-v1","BARCS-EB",0.001,400,60,14,14,0,340,46,1,0.233333333333333,0.233333333333333,0.378378378378378,0,1,0.616666666666667,"moi_0.4_quality_0.9_genes_400_replicates_4",20250725,0.4,0.9,400,4,FALSE
"crispulator-f1-threshold-curves-v1","MAGeCK-MLE",0.1,400,60,46,42,4,336,18,0.91304347826087,0.7,0.7,0.792452830188679,0.0869565217391304,0.988235294117647,0.844117647058824,"moi_0.4_quality_0.9_genes_400_replicates_4",20250725,0.4,0.9,400,4,FALSE
"crispulator-f1-threshold-curves-v1","MAGeCK-MLE",0.05,400,60,35,35,0,340,25,1,0.583333333333333,0.583333333333333,0.736842105263158,0,1,0.791666666666667,"moi_0.4_quality_0.9_genes_400_replicates_4",20250725,0.4,0.9,400,4,FALSE
"crispulator-f1-threshold-curves-v1","MAGeCK-MLE",0.01,400,60,20,20,0,340,40,1,0.333333333333333,0.333333333333333,0.5,0,1,0.666666666666667,"moi_0.4_quality_0.9_genes_400_replicates_4",20250725,0.4,0.9,400,4,FALSE
"crispulator-f1-threshold-curves-v1","MAGeCK-MLE",0.005,400,60,17,17,0,340,43,1,0.283333333333333,0.283333333333333,0.441558441558442,0,1,0.641666666666667,"moi_0.4_quality_0.9_genes_400_replicates_4",20250725,0.4,0.9,400,4,FALSE
"crispulator-f1-threshold-curves-v1","MAGeCK-MLE",0.001,400,60,10,10,0,340,50,1,0.166666666666667,0.166666666666667,0.285714285714286,0,1,0.583333333333333,"moi_0.4_quality_0.9_genes_400_replicates_4",20250725,0.4,0.9,400,4,FALSE
"crispulator-f1-threshold-curves-v1","edgeR-QL",0.1,400,60,69,52,17,323,8,0.753623188405797,0.866666666666667,0.866666666666667,0.806201550387597,0.246376811594203,0.95,0.908333333333333,"moi_0.4_quality_0.9_genes_400_replicates_4",20250725,0.4,0.9,400,4,FALSE
"crispulator-f1-threshold-curves-v1","edgeR-QL",0.05,400,60,60,50,10,330,10,0.833333333333333,0.833333333333333,0.833333333333333,0.833333333333333,0.166666666666667,0.970588235294118,0.901960784313726,"moi_0.4_quality_0.9_genes_400_replicates_4",20250725,0.4,0.9,400,4,FALSE
"crispulator-f1-threshold-curves-v1","edgeR-QL",0.01,400,60,48,44,4,336,16,0.916666666666667,0.733333333333333,0.733333333333333,0.814814814814815,0.0833333333333333,0.988235294117647,0.86078431372549,"moi_0.4_quality_0.9_genes_400_replicates_4",20250725,0.4,0.9,400,4,FALSE
"crispulator-f1-threshold-curves-v1","edgeR-QL",0.005,400,60,45,43,2,338,17,0.955555555555556,0.716666666666667,0.716666666666667,0.819047619047619,0.0444444444444444,0.994117647058824,0.855392156862745,"moi_0.4_quality_0.9_genes_400_replicates_4",20250725,0.4,0.9,400,4,FALSE
"crispulator-f1-threshold-curves-v1","edgeR-QL",0.001,400,60,39,38,1,339,22,0.974358974358974,0.633333333333333,0.633333333333333,0.767676767676768,0.0256410256410256,0.997058823529412,0.815196078431373,"moi_0.4_quality_0.9_genes_400_replicates_4",20250725,0.4,0.9,400,4,FALSE
"crispulator-f1-threshold-curves-v1","DESeq2",0.1,400,60,69,51,18,322,9,0.739130434782609,0.85,0.85,0.790697674418605,0.260869565217391,0.947058823529412,0.898529411764706,"moi_0.4_quality_0.9_genes_400_replicates_4",20250725,0.4,0.9,400,4,FALSE
"crispulator-f1-threshold-curves-v1","DESeq2",0.05,400,60,63,51,12,328,9,0.80952380952381,0.85,0.85,0.829268292682927,0.19047619047619,0.964705882352941,0.907352941176471,"moi_0.4_quality_0.9_genes_400_replicates_4",20250725,0.4,0.9,400,4,FALSE
"crispulator-f1-threshold-curves-v1","DESeq2",0.01,400,60,49,46,3,337,14,0.938775510204082,0.766666666666667,0.766666666666667,0.844036697247706,0.0612244897959184,0.991176470588235,0.878921568627451,"moi_0.4_quality_0.9_genes_400_replicates_4",20250725,0.4,0.9,400,4,FALSE
"crispulator-f1-threshold-curves-v1","DESeq2",0.005,400,60,47,45,2,338,15,0.957446808510638,0.75,0.75,0.841121495327103,0.0425531914893617,0.994117647058824,0.872058823529412,"moi_0.4_quality_0.9_genes_400_replicates_4",20250725,0.4,0.9,400,4,FALSE
"crispulator-f1-threshold-curves-v1","DESeq2",0.001,400,60,43,41,2,338,19,0.953488372093023,0.683333333333333,0.683333333333333,0.796116504854369,0.0465116279069767,0.994117647058824,0.838725490196078,"moi_0.4_quality_0.9_genes_400_replicates_4",20250725,0.4,0.9,400,4,FALSE
"crispulator-f1-threshold-curves-v1","limma-voom",0.1,400,60,63,50,13,327,10,0.793650793650794,0.833333333333333,0.833333333333333,0.813008130081301,0.206349206349206,0.961764705882353,0.897549019607843,"moi_0.4_quality_0.9_genes_400_replicates_4",20250725,0.4,0.9,400,4,FALSE
"crispulator-f1-threshold-curves-v1","limma-voom",0.05,400,60,58,50,8,332,10,0.862068965517241,0.833333333333333,0.833333333333333,0.847457627118644,0.137931034482759,0.976470588235294,0.904901960784314,"moi_0.4_quality_0.9_genes_400_replicates_4",20250725,0.4,0.9,400,4,FALSE
"crispulator-f1-threshold-curves-v1","limma-voom",0.01,400,60,50,46,4,336,14,0.92,0.766666666666667,0.766666666666667,0.836363636363636,0.08,0.988235294117647,0.877450980392157,"moi_0.4_quality_0.9_genes_400_replicates_4",20250725,0.4,0.9,400,4,FALSE
"crispulator-f1-threshold-curves-v1","limma-voom",0.005,400,60,44,42,2,338,18,0.954545454545455,0.7,0.7,0.807692307692308,0.0454545454545455,0.994117647058824,0.847058823529412,"moi_0.4_quality_0.9_genes_400_replicates_4",20250725,0.4,0.9,400,4,FALSE
"crispulator-f1-threshold-curves-v1","limma-voom",0.001,400,60,38,37,1,339,23,0.973684210526316,0.616666666666667,0.616666666666667,0.755102040816326,0.0263157894736842,0.997058823529412,0.806862745098039,"moi_0.4_quality_0.9_genes_400_replicates_4",20250725,0.4,0.9,400,4,FALSE
"crispulator-f1-threshold-curves-v1","BARCS-original",0.1,400,92,90,81,9,299,11,0.9,0.880434782608696,0.880434782608696,0.89010989010989,0.1,0.970779220779221,0.925607001693958,"moi_0.4_quality_0.9_genes_400_replicates_4",20250726,0.4,0.9,400,4,FALSE
"crispulator-f1-threshold-curves-v1","BARCS-original",0.05,400,92,82,76,6,302,16,0.926829268292683,0.826086956521739,0.826086956521739,0.873563218390805,0.0731707317073171,0.980519480519481,0.90330321852061,"moi_0.4_quality_0.9_genes_400_replicates_4",20250726,0.4,0.9,400,4,FALSE
"crispulator-f1-threshold-curves-v1","BARCS-original",0.01,400,92,65,63,2,306,29,0.969230769230769,0.684782608695652,0.684782608695652,0.802547770700637,0.0307692307692308,0.993506493506494,0.839144551101073,"moi_0.4_quality_0.9_genes_400_replicates_4",20250726,0.4,0.9,400,4,FALSE
"crispulator-f1-threshold-curves-v1","BARCS-original",0.005,400,92,57,56,1,307,36,0.982456140350877,0.608695652173913,0.608695652173913,0.751677852348993,0.0175438596491228,0.996753246753247,0.80272444946358,"moi_0.4_quality_0.9_genes_400_replicates_4",20250726,0.4,0.9,400,4,FALSE
"crispulator-f1-threshold-curves-v1","BARCS-original",0.001,400,92,49,49,0,308,43,1,0.532608695652174,0.532608695652174,0.695035460992908,0,1,0.766304347826087,"moi_0.4_quality_0.9_genes_400_replicates_4",20250726,0.4,0.9,400,4,FALSE
"crispulator-f1-threshold-curves-v1","BARCS-NORM",0.1,400,92,18,17,1,307,75,0.944444444444444,0.184782608695652,0.184782608695652,0.309090909090909,0.0555555555555556,0.996753246753247,0.590767927724449,"moi_0.4_quality_0.9_genes_400_replicates_4",20250726,0.4,0.9,400,4,FALSE
"crispulator-f1-threshold-curves-v1","BARCS-NORM",0.05,400,92,5,5,0,308,87,1,0.0543478260869565,0.0543478260869565,0.103092783505155,0,1,0.527173913043478,"moi_0.4_quality_0.9_genes_400_replicates_4",20250726,0.4,0.9,400,4,FALSE
"crispulator-f1-threshold-curves-v1","BARCS-NORM",0.01,400,92,0,0,0,308,92,0,0,0,0,0,1,0.5,"moi_0.4_quality_0.9_genes_400_replicates_4",20250726,0.4,0.9,400,4,FALSE
"crispulator-f1-threshold-curves-v1","BARCS-NORM",0.005,400,92,0,0,0,308,92,0,0,0,0,0,1,0.5,"moi_0.4_quality_0.9_genes_400_replicates_4",20250726,0.4,0.9,400,4,FALSE
"crispulator-f1-threshold-curves-v1","BARCS-NORM",0.001,400,92,0,0,0,308,92,0,0,0,0,0,1,0.5,"moi_0.4_quality_0.9_genes_400_replicates_4",20250726,0.4,0.9,400,4,FALSE
"crispulator-f1-threshold-curves-v1","BARCS-partial",0.1,400,92,56,54,2,306,38,0.964285714285714,0.58695652173913,0.58695652173913,0.72972972972973,0.0357142857142857,0.993506493506494,0.790231507622812,"moi_0.4_quality_0.9_genes_400_replicates_4",20250726,0.4,0.9,400,4,FALSE
"crispulator-f1-threshold-curves-v1","BARCS-partial",0.05,400,92,44,44,0,308,48,1,0.478260869565217,0.478260869565217,0.647058823529412,0,1,0.739130434782609,"moi_0.4_quality_0.9_genes_400_replicates_4",20250726,0.4,0.9,400,4,FALSE
"crispulator-f1-threshold-curves-v1","BARCS-partial",0.01,400,92,32,32,0,308,60,1,0.347826086956522,0.347826086956522,0.516129032258065,0,1,0.673913043478261,"moi_0.4_quality_0.9_genes_400_replicates_4",20250726,0.4,0.9,400,4,FALSE
"crispulator-f1-threshold-curves-v1","BARCS-partial",0.005,400,92,29,29,0,308,63,1,0.315217391304348,0.315217391304348,0.479338842975207,0,1,0.657608695652174,"moi_0.4_quality_0.9_genes_400_replicates_4",20250726,0.4,0.9,400,4,FALSE
"crispulator-f1-threshold-curves-v1","BARCS-partial",0.001,400,92,26,26,0,308,66,1,0.282608695652174,0.282608695652174,0.440677966101695,0,1,0.641304347826087,"moi_0.4_quality_0.9_genes_400_replicates_4",20250726,0.4,0.9,400,4,FALSE
"crispulator-f1-threshold-curves-v1","BARCS-EB",0.1,400,92,57,57,0,308,35,1,0.619565217391304,0.619565217391304,0.76510067114094,0,1,0.809782608695652,"moi_0.4_quality_0.9_genes_400_replicates_4",20250726,0.4,0.9,400,4,FALSE
"crispulator-f1-threshold-curves-v1","BARCS-EB",0.05,400,92,50,50,0,308,42,1,0.543478260869565,0.543478260869565,0.704225352112676,0,1,0.771739130434783,"moi_0.4_quality_0.9_genes_400_replicates_4",20250726,0.4,0.9,400,4,FALSE
"crispulator-f1-threshold-curves-v1","BARCS-EB",0.01,400,92,43,43,0,308,49,1,0.467391304347826,0.467391304347826,0.637037037037037,0,1,0.733695652173913,"moi_0.4_quality_0.9_genes_400_replicates_4",20250726,0.4,0.9,400,4,FALSE
"crispulator-f1-threshold-curves-v1","BARCS-EB",0.005,400,92,37,37,0,308,55,1,0.402173913043478,0.402173913043478,0.573643410852713,0,1,0.701086956521739,"moi_0.4_quality_0.9_genes_400_replicates_4",20250726,0.4,0.9,400,4,FALSE
"crispulator-f1-threshold-curves-v1","BARCS-EB",0.001,400,92,21,21,0,308,71,1,0.228260869565217,0.228260869565217,0.371681415929204,0,1,0.614130434782609,"moi_0.4_quality_0.9_genes_400_replicates_4",20250726,0.4,0.9,400,4,FALSE
"crispulator-f1-threshold-curves-v1","MAGeCK-MLE",0.1,400,92,77,74,3,305,18,0.961038961038961,0.804347826086957,0.804347826086957,0.875739644970414,0.038961038961039,0.99025974025974,0.897303783173348,"moi_0.4_quality_0.9_genes_400_replicates_4",20250726,0.4,0.9,400,4,FALSE
"crispulator-f1-threshold-curves-v1","MAGeCK-MLE",0.05,400,92,63,63,0,308,29,1,0.684782608695652,0.684782608695652,0.812903225806452,0,1,0.842391304347826,"moi_0.4_quality_0.9_genes_400_replicates_4",20250726,0.4,0.9,400,4,FALSE
"crispulator-f1-threshold-curves-v1","MAGeCK-MLE",0.01,400,92,42,42,0,308,50,1,0.456521739130435,0.456521739130435,0.626865671641791,0,1,0.728260869565217,"moi_0.4_quality_0.9_genes_400_replicates_4",20250726,0.4,0.9,400,4,FALSE
"crispulator-f1-threshold-curves-v1","MAGeCK-MLE",0.005,400,92,32,32,0,308,60,1,0.347826086956522,0.347826086956522,0.516129032258065,0,1,0.673913043478261,"moi_0.4_quality_0.9_genes_400_replicates_4",20250726,0.4,0.9,400,4,FALSE
"crispulator-f1-threshold-curves-v1","MAGeCK-MLE",0.001,400,92,22,22,0,308,70,1,0.239130434782609,0.239130434782609,0.385964912280702,0,1,0.619565217391304,"moi_0.4_quality_0.9_genes_400_replicates_4",20250726,0.4,0.9,400,4,FALSE
"crispulator-f1-threshold-curves-v1","edgeR-QL",0.1,400,92,96,83,13,295,9,0.864583333333333,0.902173913043478,0.902173913043478,0.882978723404255,0.135416666666667,0.957792207792208,0.929983060417843,"moi_0.4_quality_0.9_genes_400_replicates_4",20250726,0.4,0.9,400,4,FALSE
"crispulator-f1-threshold-curves-v1","edgeR-QL",0.05,400,92,91,83,8,300,9,0.912087912087912,0.902173913043478,0.902173913043478,0.907103825136612,0.0879120879120879,0.974025974025974,0.938099943534726,"moi_0.4_quality_0.9_genes_400_replicates_4",20250726,0.4,0.9,400,4,FALSE
"crispulator-f1-threshold-curves-v1","edgeR-QL",0.01,400,92,79,75,4,304,17,0.949367088607595,0.815217391304348,0.815217391304348,0.87719298245614,0.0506329113924051,0.987012987012987,0.901115189158667,"moi_0.4_quality_0.9_genes_400_replicates_4",20250726,0.4,0.9,400,4,FALSE
"crispulator-f1-threshold-curves-v1","edgeR-QL",0.005,400,92,75,73,2,306,19,0.973333333333333,0.793478260869565,0.793478260869565,0.874251497005988,0.0266666666666667,0.993506493506494,0.893492377188029,"moi_0.4_quality_0.9_genes_400_replicates_4",20250726,0.4,0.9,400,4,FALSE
"crispulator-f1-threshold-curves-v1","edgeR-QL",0.001,400,92,62,61,1,307,31,0.983870967741935,0.66304347826087,0.66304347826087,0.792207792207792,0.0161290322580645,0.996753246753247,0.829898362507058,"moi_0.4_quality_0.9_genes_400_replicates_4",20250726,0.4,0.9,400,4,FALSE
"crispulator-f1-threshold-curves-v1","DESeq2",0.1,400,92,98,83,15,293,9,0.846938775510204,0.902173913043478,0.902173913043478,0.873684210526316,0.153061224489796,0.951298701298701,0.92673630717109,"moi_0.4_quality_0.9_genes_400_replicates_4",20250726,0.4,0.9,400,4,FALSE
"crispulator-f1-threshold-curves-v1","DESeq2",0.05,400,92,89,82,7,301,10,0.921348314606742,0.891304347826087,0.891304347826087,0.906077348066298,0.0786516853932584,0.977272727272727,0.934288537549407,"moi_0.4_quality_0.9_genes_400_replicates_4",20250726,0.4,0.9,400,4,FALSE
"crispulator-f1-threshold-curves-v1","DESeq2",0.01,400,92,79,76,3,305,16,0.962025316455696,0.826086956521739,0.826086956521739,0.888888888888889,0.0379746835443038,0.99025974025974,0.90817334839074,"moi_0.4_quality_0.9_genes_400_replicates_4",20250726,0.4,0.9,400,4,FALSE
"crispulator-f1-threshold-curves-v1","DESeq2",0.005,400,92,75,73,2,306,19,0.973333333333333,0.793478260869565,0.793478260869565,0.874251497005988,0.0266666666666667,0.993506493506494,0.893492377188029,"moi_0.4_quality_0.9_genes_400_replicates_4",20250726,0.4,0.9,400,4,FALSE
"crispulator-f1-threshold-curves-v1","DESeq2",0.001,400,92,66,64,2,306,28,0.96969696969697,0.695652173913043,0.695652173913043,0.810126582278481,0.0303030303030303,0.993506493506494,0.844579333709768,"moi_0.4_quality_0.9_genes_400_replicates_4",20250726,0.4,0.9,400,4,FALSE
"crispulator-f1-threshold-curves-v1","limma-voom",0.1,400,92,94,83,11,297,9,0.882978723404255,0.902173913043478,0.902173913043478,0.89247311827957,0.117021276595745,0.964285714285714,0.933229813664596,"moi_0.4_quality_0.9_genes_400_replicates_4",20250726,0.4,0.9,400,4,FALSE
"crispulator-f1-threshold-curves-v1","limma-voom",0.05,400,92,89,82,7,301,10,0.921348314606742,0.891304347826087,0.891304347826087,0.906077348066298,0.0786516853932584,0.977272727272727,0.934288537549407,"moi_0.4_quality_0.9_genes_400_replicates_4",20250726,0.4,0.9,400,4,FALSE
"crispulator-f1-threshold-curves-v1","limma-voom",0.01,400,92,76,74,2,306,18,0.973684210526316,0.804347826086957,0.804347826086957,0.880952380952381,0.0263157894736842,0.993506493506494,0.898927159796725,"moi_0.4_quality_0.9_genes_400_replicates_4",20250726,0.4,0.9,400,4,FALSE
"crispulator-f1-threshold-curves-v1","limma-voom",0.005,400,92,73,72,1,307,20,0.986301369863014,0.782608695652174,0.782608695652174,0.872727272727273,0.0136986301369863,0.996753246753247,0.88968097120271,"moi_0.4_quality_0.9_genes_400_replicates_4",20250726,0.4,0.9,400,4,FALSE
"crispulator-f1-threshold-curves-v1","limma-voom",0.001,400,92,58,58,0,308,34,1,0.630434782608696,0.630434782608696,0.773333333333333,0,1,0.815217391304348,"moi_0.4_quality_0.9_genes_400_replicates_4",20250726,0.4,0.9,400,4,FALSE
"crispulator-f1-threshold-curves-v1","BARCS-original",0.1,400,102,88,84,4,294,18,0.954545454545455,0.823529411764706,0.823529411764706,0.88421052631579,0.0454545454545455,0.986577181208054,0.90505329648638,"moi_0.4_quality_0.9_genes_400_replicates_4",20250727,0.4,0.9,400,4,FALSE
"crispulator-f1-threshold-curves-v1","BARCS-original",0.05,400,102,81,80,1,297,22,0.987654320987654,0.784313725490196,0.784313725490196,0.87431693989071,0.0123456790123457,0.996644295302013,0.890479010396105,"moi_0.4_quality_0.9_genes_400_replicates_4",20250727,0.4,0.9,400,4,FALSE
"crispulator-f1-threshold-curves-v1","BARCS-original",0.01,400,102,59,59,0,298,43,1,0.57843137254902,0.57843137254902,0.732919254658385,0,1,0.78921568627451,"moi_0.4_quality_0.9_genes_400_replicates_4",20250727,0.4,0.9,400,4,FALSE
"crispulator-f1-threshold-curves-v1","BARCS-original",0.005,400,102,54,54,0,298,48,1,0.529411764705882,0.529411764705882,0.692307692307692,0,1,0.764705882352941,"moi_0.4_quality_0.9_genes_400_replicates_4",20250727,0.4,0.9,400,4,FALSE
"crispulator-f1-threshold-curves-v1","BARCS-original",0.001,400,102,35,35,0,298,67,1,0.343137254901961,0.343137254901961,0.510948905109489,0,1,0.67156862745098,"moi_0.4_quality_0.9_genes_400_replicates_4",20250727,0.4,0.9,400,4,FALSE
"crispulator-f1-threshold-curves-v1","BARCS-NORM",0.1,400,102,32,30,2,296,72,0.9375,0.294117647058824,0.294117647058824,0.447761194029851,0.0625,0.993288590604027,0.643703118831425,"moi_0.4_quality_0.9_genes_400_replicates_4",20250727,0.4,0.9,400,4,FALSE
"crispulator-f1-threshold-curves-v1","BARCS-NORM",0.05,400,102,13,13,0,298,89,1,0.127450980392157,0.127450980392157,0.226086956521739,0,1,0.563725490196078,"moi_0.4_quality_0.9_genes_400_replicates_4",20250727,0.4,0.9,400,4,FALSE
"crispulator-f1-threshold-curves-v1","BARCS-NORM",0.01,400,102,2,2,0,298,100,1,0.0196078431372549,0.0196078431372549,0.0384615384615385,0,1,0.509803921568627,"moi_0.4_quality_0.9_genes_400_replicates_4",20250727,0.4,0.9,400,4,FALSE
"crispulator-f1-threshold-curves-v1","BARCS-NORM",0.005,400,102,2,2,0,298,100,1,0.0196078431372549,0.0196078431372549,0.0384615384615385,0,1,0.509803921568627,"moi_0.4_quality_0.9_genes_400_replicates_4",20250727,0.4,0.9,400,4,FALSE
"crispulator-f1-threshold-curves-v1","BARCS-NORM",0.001,400,102,2,2,0,298,100,1,0.0196078431372549,0.0196078431372549,0.0384615384615385,0,1,0.509803921568627,"moi_0.4_quality_0.9_genes_400_replicates_4",20250727,0.4,0.9,400,4,FALSE
"crispulator-f1-threshold-curves-v1","BARCS-partial",0.1,400,102,50,47,3,295,55,0.94,0.46078431372549,0.46078431372549,0.618421052631579,0.06,0.98993288590604,0.725358599815765,"moi_0.4_quality_0.9_genes_400_replicates_4",20250727,0.4,0.9,400,4,FALSE
"crispulator-f1-threshold-curves-v1","BARCS-partial",0.05,400,102,46,44,2,296,58,0.956521739130435,0.431372549019608,0.431372549019608,0.594594594594595,0.0434782608695652,0.993288590604027,0.712330569811817,"moi_0.4_quality_0.9_genes_400_replicates_4",20250727,0.4,0.9,400,4,FALSE
"crispulator-f1-threshold-curves-v1","BARCS-partial",0.01,400,102,33,33,0,298,69,1,0.323529411764706,0.323529411764706,0.488888888888889,0,1,0.661764705882353,"moi_0.4_quality_0.9_genes_400_replicates_4",20250727,0.4,0.9,400,4,FALSE
"crispulator-f1-threshold-curves-v1","BARCS-partial",0.005,400,102,31,31,0,298,71,1,0.303921568627451,0.303921568627451,0.466165413533835,0,1,0.651960784313726,"moi_0.4_quality_0.9_genes_400_replicates_4",20250727,0.4,0.9,400,4,FALSE
"crispulator-f1-threshold-curves-v1","BARCS-partial",0.001,400,102,19,19,0,298,83,1,0.186274509803922,0.186274509803922,0.31404958677686,0,1,0.593137254901961,"moi_0.4_quality_0.9_genes_400_replicates_4",20250727,0.4,0.9,400,4,FALSE
"crispulator-f1-threshold-curves-v1","BARCS-EB",0.1,400,102,47,47,0,298,55,1,0.46078431372549,0.46078431372549,0.630872483221476,0,1,0.730392156862745,"moi_0.4_quality_0.9_genes_400_replicates_4",20250727,0.4,0.9,400,4,FALSE
"crispulator-f1-threshold-curves-v1","BARCS-EB",0.05,400,102,42,42,0,298,60,1,0.411764705882353,0.411764705882353,0.583333333333333,0,1,0.705882352941176,"moi_0.4_quality_0.9_genes_400_replicates_4",20250727,0.4,0.9,400,4,FALSE
"crispulator-f1-threshold-curves-v1","BARCS-EB",0.01,400,102,17,17,0,298,85,1,0.166666666666667,0.166666666666667,0.285714285714286,0,1,0.583333333333333,"moi_0.4_quality_0.9_genes_400_replicates_4",20250727,0.4,0.9,400,4,FALSE
"crispulator-f1-threshold-curves-v1","BARCS-EB",0.005,400,102,15,15,0,298,87,1,0.147058823529412,0.147058823529412,0.256410256410256,0,1,0.573529411764706,"moi_0.4_quality_0.9_genes_400_replicates_4",20250727,0.4,0.9,400,4,FALSE
"crispulator-f1-threshold-curves-v1","BARCS-EB",0.001,400,102,10,10,0,298,92,1,0.0980392156862745,0.0980392156862745,0.178571428571429,0,1,0.549019607843137,"moi_0.4_quality_0.9_genes_400_replicates_4",20250727,0.4,0.9,400,4,FALSE
"crispulator-f1-threshold-curves-v1","MAGeCK-MLE",0.1,400,102,86,81,5,293,21,0.941860465116279,0.794117647058823,0.794117647058823,0.861702127659574,0.0581395348837209,0.983221476510067,0.888669561784445,"moi_0.4_quality_0.9_genes_400_replicates_4",20250727,0.4,0.9,400,4,FALSE
"crispulator-f1-threshold-curves-v1","MAGeCK-MLE",0.05,400,102,73,71,2,296,31,0.972602739726027,0.696078431372549,0.696078431372549,0.811428571428571,0.0273972602739726,0.993288590604027,0.844683510988288,"moi_0.4_quality_0.9_genes_400_replicates_4",20250727,0.4,0.9,400,4,FALSE
"crispulator-f1-threshold-curves-v1","MAGeCK-MLE",0.01,400,102,45,45,0,298,57,1,0.441176470588235,0.441176470588235,0.612244897959184,0,1,0.720588235294118,"moi_0.4_quality_0.9_genes_400_replicates_4",20250727,0.4,0.9,400,4,FALSE
"crispulator-f1-threshold-curves-v1","MAGeCK-MLE",0.005,400,102,35,35,0,298,67,1,0.343137254901961,0.343137254901961,0.510948905109489,0,1,0.67156862745098,"moi_0.4_quality_0.9_genes_400_replicates_4",20250727,0.4,0.9,400,4,FALSE
"crispulator-f1-threshold-curves-v1","MAGeCK-MLE",0.001,400,102,19,19,0,298,83,1,0.186274509803922,0.186274509803922,0.31404958677686,0,1,0.593137254901961,"moi_0.4_quality_0.9_genes_400_replicates_4",20250727,0.4,0.9,400,4,FALSE
"crispulator-f1-threshold-curves-v1","edgeR-QL",0.1,400,102,121,94,27,271,8,0.776859504132231,0.92156862745098,0.92156862745098,0.84304932735426,0.223140495867769,0.909395973154362,0.915482300302671,"moi_0.4_quality_0.9_genes_400_replicates_4",20250727,0.4,0.9,400,4,FALSE
"crispulator-f1-threshold-curves-v1","edgeR-QL",0.05,400,102,105,89,16,282,13,0.847619047619048,0.872549019607843,0.872549019607843,0.859903381642512,0.152380952380952,0.946308724832215,0.909428872220029,"moi_0.4_quality_0.9_genes_400_replicates_4",20250727,0.4,0.9,400,4,FALSE
"crispulator-f1-threshold-curves-v1","edgeR-QL",0.01,400,102,90,84,6,292,18,0.933333333333333,0.823529411764706,0.823529411764706,0.875,0.0666666666666667,0.979865771812081,0.901697591788393,"moi_0.4_quality_0.9_genes_400_replicates_4",20250727,0.4,0.9,400,4,FALSE
"crispulator-f1-threshold-curves-v1","edgeR-QL",0.005,400,102,87,83,4,294,19,0.954022988505747,0.813725490196078,0.813725490196078,0.878306878306878,0.0459770114942529,0.986577181208054,0.900151335702066,"moi_0.4_quality_0.9_genes_400_replicates_4",20250727,0.4,0.9,400,4,FALSE
"crispulator-f1-threshold-curves-v1","edgeR-QL",0.001,400,102,78,78,0,298,24,1,0.764705882352941,0.764705882352941,0.866666666666667,0,1,0.88235294117647,"moi_0.4_quality_0.9_genes_400_replicates_4",20250727,0.4,0.9,400,4,FALSE
"crispulator-f1-threshold-curves-v1","DESeq2",0.1,400,102,120,94,26,272,8,0.783333333333333,0.92156862745098,0.92156862745098,0.846846846846847,0.216666666666667,0.912751677852349,0.917160152651665,"moi_0.4_quality_0.9_genes_400_replicates_4",20250727,0.4,0.9,400,4,FALSE
"crispulator-f1-threshold-curves-v1","DESeq2",0.05,400,102,108,91,17,281,11,0.842592592592593,0.892156862745098,0.892156862745098,0.866666666666667,0.157407407407407,0.942953020134228,0.917554941439663,"moi_0.4_quality_0.9_genes_400_replicates_4",20250727,0.4,0.9,400,4,FALSE
"crispulator-f1-threshold-curves-v1","DESeq2",0.01,400,102,90,85,5,293,17,0.944444444444444,0.833333333333333,0.833333333333333,0.885416666666667,0.0555555555555556,0.983221476510067,0.9082774049217,"moi_0.4_quality_0.9_genes_400_replicates_4",20250727,0.4,0.9,400,4,FALSE
"crispulator-f1-threshold-curves-v1","DESeq2",0.005,400,102,88,85,3,295,17,0.965909090909091,0.833333333333333,0.833333333333333,0.894736842105263,0.0340909090909091,0.98993288590604,0.911633109619687,"moi_0.4_quality_0.9_genes_400_replicates_4",20250727,0.4,0.9,400,4,FALSE
"crispulator-f1-threshold-curves-v1","DESeq2",0.001,400,102,81,81,0,298,21,1,0.794117647058823,0.794117647058823,0.885245901639344,0,1,0.897058823529412,"moi_0.4_quality_0.9_genes_400_replicates_4",20250727,0.4,0.9,400,4,FALSE
"crispulator-f1-threshold-curves-v1","limma-voom",0.1,400,102,118,92,26,272,10,0.779661016949153,0.901960784313726,0.901960784313726,0.836363636363636,0.220338983050847,0.912751677852349,0.907356231083037,"moi_0.4_quality_0.9_genes_400_replicates_4",20250727,0.4,0.9,400,4,FALSE
"crispulator-f1-threshold-curves-v1","limma-voom",0.05,400,102,99,87,12,286,15,0.878787878787879,0.852941176470588,0.852941176470588,0.865671641791045,0.121212121212121,0.959731543624161,0.906336360047375,"moi_0.4_quality_0.9_genes_400_replicates_4",20250727,0.4,0.9,400,4,FALSE
"crispulator-f1-threshold-curves-v1","limma-voom",0.01,400,102,90,85,5,293,17,0.944444444444444,0.833333333333333,0.833333333333333,0.885416666666667,0.0555555555555556,0.983221476510067,0.9082774049217,"moi_0.4_quality_0.9_genes_400_replicates_4",20250727,0.4,0.9,400,4,FALSE
"crispulator-f1-threshold-curves-v1","limma-voom",0.005,400,102,85,82,3,295,20,0.964705882352941,0.803921568627451,0.803921568627451,0.877005347593583,0.0352941176470588,0.98993288590604,0.896927227266746,"moi_0.4_quality_0.9_genes_400_replicates_4",20250727,0.4,0.9,400,4,FALSE
"crispulator-f1-threshold-curves-v1","limma-voom",0.001,400,102,79,79,0,298,23,1,0.774509803921569,0.774509803921569,0.87292817679558,0,1,0.887254901960784,"moi_0.4_quality_0.9_genes_400_replicates_4",20250727,0.4,0.9,400,4,FALSE
"crispulator-f1-threshold-curves-v1","BARCS-original",0.1,400,90,63,60,3,307,30,0.952380952380952,0.666666666666667,0.666666666666667,0.784313725490196,0.0476190476190476,0.990322580645161,0.828494623655914,"moi_0.4_quality_0.9_genes_400_replicates_4",20250728,0.4,0.9,400,4,FALSE
"crispulator-f1-threshold-curves-v1","BARCS-original",0.05,400,90,56,55,1,309,35,0.982142857142857,0.611111111111111,0.611111111111111,0.753424657534246,0.0178571428571429,0.996774193548387,0.803942652329749,"moi_0.4_quality_0.9_genes_400_replicates_4",20250728,0.4,0.9,400,4,FALSE
"crispulator-f1-threshold-curves-v1","BARCS-original",0.01,400,90,41,41,0,310,49,1,0.455555555555556,0.455555555555556,0.625954198473282,0,1,0.727777777777778,"moi_0.4_quality_0.9_genes_400_replicates_4",20250728,0.4,0.9,400,4,FALSE
"crispulator-f1-threshold-curves-v1","BARCS-original",0.005,400,90,29,29,0,310,61,1,0.322222222222222,0.322222222222222,0.487394957983193,0,1,0.661111111111111,"moi_0.4_quality_0.9_genes_400_replicates_4",20250728,0.4,0.9,400,4,FALSE
"crispulator-f1-threshold-curves-v1","BARCS-original",0.001,400,90,23,23,0,310,67,1,0.255555555555556,0.255555555555556,0.407079646017699,0,1,0.627777777777778,"moi_0.4_quality_0.9_genes_400_replicates_4",20250728,0.4,0.9,400,4,FALSE
"crispulator-f1-threshold-curves-v1","BARCS-NORM",0.1,400,90,18,17,1,309,73,0.944444444444444,0.188888888888889,0.188888888888889,0.314814814814815,0.0555555555555556,0.996774193548387,0.592831541218638,"moi_0.4_quality_0.9_genes_400_replicates_4",20250728,0.4,0.9,400,4,FALSE
"crispulator-f1-threshold-curves-v1","BARCS-NORM",0.05,400,90,2,2,0,310,88,1,0.0222222222222222,0.0222222222222222,0.0434782608695652,0,1,0.511111111111111,"moi_0.4_quality_0.9_genes_400_replicates_4",20250728,0.4,0.9,400,4,FALSE
"crispulator-f1-threshold-curves-v1","BARCS-NORM",0.01,400,90,1,1,0,310,89,1,0.0111111111111111,0.0111111111111111,0.021978021978022,0,1,0.505555555555556,"moi_0.4_quality_0.9_genes_400_replicates_4",20250728,0.4,0.9,400,4,FALSE
"crispulator-f1-threshold-curves-v1","BARCS-NORM",0.005,400,90,1,1,0,310,89,1,0.0111111111111111,0.0111111111111111,0.021978021978022,0,1,0.505555555555556,"moi_0.4_quality_0.9_genes_400_replicates_4",20250728,0.4,0.9,400,4,FALSE
"crispulator-f1-threshold-curves-v1","BARCS-NORM",0.001,400,90,0,0,0,310,90,0,0,0,0,0,1,0.5,"moi_0.4_quality_0.9_genes_400_replicates_4",20250728,0.4,0.9,400,4,FALSE
"crispulator-f1-threshold-curves-v1","BARCS-partial",0.1,400,90,34,33,1,309,57,0.970588235294118,0.366666666666667,0.366666666666667,0.532258064516129,0.0294117647058824,0.996774193548387,0.681720430107527,"moi_0.4_quality_0.9_genes_400_replicates_4",20250728,0.4,0.9,400,4,FALSE
"crispulator-f1-threshold-curves-v1","BARCS-partial",0.05,400,90,31,30,1,309,60,0.967741935483871,0.333333333333333,0.333333333333333,0.495867768595041,0.032258064516129,0.996774193548387,0.66505376344086,"moi_0.4_quality_0.9_genes_400_replicates_4",20250728,0.4,0.9,400,4,FALSE
"crispulator-f1-threshold-curves-v1","BARCS-partial",0.01,400,90,23,23,0,310,67,1,0.255555555555556,0.255555555555556,0.407079646017699,0,1,0.627777777777778,"moi_0.4_quality_0.9_genes_400_replicates_4",20250728,0.4,0.9,400,4,FALSE
"crispulator-f1-threshold-curves-v1","BARCS-partial",0.005,400,90,21,21,0,310,69,1,0.233333333333333,0.233333333333333,0.378378378378378,0,1,0.616666666666667,"moi_0.4_quality_0.9_genes_400_replicates_4",20250728,0.4,0.9,400,4,FALSE
"crispulator-f1-threshold-curves-v1","BARCS-partial",0.001,400,90,15,15,0,310,75,1,0.166666666666667,0.166666666666667,0.285714285714286,0,1,0.583333333333333,"moi_0.4_quality_0.9_genes_400_replicates_4",20250728,0.4,0.9,400,4,FALSE
"crispulator-f1-threshold-curves-v1","BARCS-EB",0.1,400,90,53,52,1,309,38,0.981132075471698,0.577777777777778,0.577777777777778,0.727272727272727,0.0188679245283019,0.996774193548387,0.787275985663082,"moi_0.4_quality_0.9_genes_400_replicates_4",20250728,0.4,0.9,400,4,FALSE
"crispulator-f1-threshold-curves-v1","BARCS-EB",0.05,400,90,43,42,1,309,48,0.976744186046512,0.466666666666667,0.466666666666667,0.631578947368421,0.0232558139534884,0.996774193548387,0.731720430107527,"moi_0.4_quality_0.9_genes_400_replicates_4",20250728,0.4,0.9,400,4,FALSE
"crispulator-f1-threshold-curves-v1","BARCS-EB",0.01,400,90,25,25,0,310,65,1,0.277777777777778,0.277777777777778,0.434782608695652,0,1,0.638888888888889,"moi_0.4_quality_0.9_genes_400_replicates_4",20250728,0.4,0.9,400,4,FALSE
"crispulator-f1-threshold-curves-v1","BARCS-EB",0.005,400,90,23,23,0,310,67,1,0.255555555555556,0.255555555555556,0.407079646017699,0,1,0.627777777777778,"moi_0.4_quality_0.9_genes_400_replicates_4",20250728,0.4,0.9,400,4,FALSE
"crispulator-f1-threshold-curves-v1","BARCS-EB",0.001,400,90,14,14,0,310,76,1,0.155555555555556,0.155555555555556,0.269230769230769,0,1,0.577777777777778,"moi_0.4_quality_0.9_genes_400_replicates_4",20250728,0.4,0.9,400,4,FALSE
"crispulator-f1-threshold-curves-v1","MAGeCK-MLE",0.1,400,90,64,63,1,309,27,0.984375,0.7,0.7,0.818181818181818,0.015625,0.996774193548387,0.848387096774194,"moi_0.4_quality_0.9_genes_400_replicates_4",20250728,0.4,0.9,400,4,FALSE
"crispulator-f1-threshold-curves-v1","MAGeCK-MLE",0.05,400,90,55,55,0,310,35,1,0.611111111111111,0.611111111111111,0.758620689655172,0,1,0.805555555555556,"moi_0.4_quality_0.9_genes_400_replicates_4",20250728,0.4,0.9,400,4,FALSE
"crispulator-f1-threshold-curves-v1","MAGeCK-MLE",0.01,400,90,39,39,0,310,51,1,0.433333333333333,0.433333333333333,0.604651162790698,0,1,0.716666666666667,"moi_0.4_quality_0.9_genes_400_replicates_4",20250728,0.4,0.9,400,4,FALSE
"crispulator-f1-threshold-curves-v1","MAGeCK-MLE",0.005,400,90,25,25,0,310,65,1,0.277777777777778,0.277777777777778,0.434782608695652,0,1,0.638888888888889,"moi_0.4_quality_0.9_genes_400_replicates_4",20250728,0.4,0.9,400,4,FALSE
"crispulator-f1-threshold-curves-v1","MAGeCK-MLE",0.001,400,90,17,17,0,310,73,1,0.188888888888889,0.188888888888889,0.317757009345794,0,1,0.594444444444444,"moi_0.4_quality_0.9_genes_400_replicates_4",20250728,0.4,0.9,400,4,FALSE
"crispulator-f1-threshold-curves-v1","edgeR-QL",0.1,400,90,99,77,22,288,13,0.777777777777778,0.855555555555556,0.855555555555556,0.814814814814815,0.222222222222222,0.929032258064516,0.892293906810036,"moi_0.4_quality_0.9_genes_400_replicates_4",20250728,0.4,0.9,400,4,FALSE
"crispulator-f1-threshold-curves-v1","edgeR-QL",0.05,400,90,90,75,15,295,15,0.833333333333333,0.833333333333333,0.833333333333333,0.833333333333333,0.166666666666667,0.951612903225806,0.89247311827957,"moi_0.4_quality_0.9_genes_400_replicates_4",20250728,0.4,0.9,400,4,FALSE
"crispulator-f1-threshold-curves-v1","edgeR-QL",0.01,400,90,74,71,3,307,19,0.959459459459459,0.788888888888889,0.788888888888889,0.865853658536585,0.0405405405405405,0.990322580645161,0.889605734767025,"moi_0.4_quality_0.9_genes_400_replicates_4",20250728,0.4,0.9,400,4,FALSE
"crispulator-f1-threshold-curves-v1","edgeR-QL",0.005,400,90,69,67,2,308,23,0.971014492753623,0.744444444444444,0.744444444444444,0.842767295597484,0.0289855072463768,0.993548387096774,0.868996415770609,"moi_0.4_quality_0.9_genes_400_replicates_4",20250728,0.4,0.9,400,4,FALSE
"crispulator-f1-threshold-curves-v1","edgeR-QL",0.001,400,90,58,57,1,309,33,0.982758620689655,0.633333333333333,0.633333333333333,0.77027027027027,0.0172413793103448,0.996774193548387,0.81505376344086,"moi_0.4_quality_0.9_genes_400_replicates_4",20250728,0.4,0.9,400,4,FALSE
"crispulator-f1-threshold-curves-v1","DESeq2",0.1,400,90,102,78,24,286,12,0.764705882352941,0.866666666666667,0.866666666666667,0.8125,0.235294117647059,0.92258064516129,0.894623655913979,"moi_0.4_quality_0.9_genes_400_replicates_4",20250728,0.4,0.9,400,4,FALSE
"crispulator-f1-threshold-curves-v1","DESeq2",0.05,400,90,89,74,15,295,16,0.831460674157303,0.822222222222222,0.822222222222222,0.8268156424581,0.168539325842697,0.951612903225806,0.886917562724014,"moi_0.4_quality_0.9_genes_400_replicates_4",20250728,0.4,0.9,400,4,FALSE
"crispulator-f1-threshold-curves-v1","DESeq2",0.01,400,90,72,70,2,308,20,0.972222222222222,0.777777777777778,0.777777777777778,0.864197530864198,0.0277777777777778,0.993548387096774,0.885663082437276,"moi_0.4_quality_0.9_genes_400_replicates_4",20250728,0.4,0.9,400,4,FALSE
"crispulator-f1-threshold-curves-v1","DESeq2",0.005,400,90,70,68,2,308,22,0.971428571428571,0.755555555555556,0.755555555555556,0.85,0.0285714285714286,0.993548387096774,0.874551971326165,"moi_0.4_quality_0.9_genes_400_replicates_4",20250728,0.4,0.9,400,4,FALSE
"crispulator-f1-threshold-curves-v1","DESeq2",0.001,400,90,60,59,1,309,31,0.983333333333333,0.655555555555556,0.655555555555556,0.786666666666667,0.0166666666666667,0.996774193548387,0.826164874551971,"moi_0.4_quality_0.9_genes_400_replicates_4",20250728,0.4,0.9,400,4,FALSE
"crispulator-f1-threshold-curves-v1","limma-voom",0.1,400,90,96,76,20,290,14,0.791666666666667,0.844444444444444,0.844444444444444,0.817204301075269,0.208333333333333,0.935483870967742,0.889964157706093,"moi_0.4_quality_0.9_genes_400_replicates_4",20250728,0.4,0.9,400,4,FALSE
"crispulator-f1-threshold-curves-v1","limma-voom",0.05,400,90,87,73,14,296,17,0.839080459770115,0.811111111111111,0.811111111111111,0.824858757062147,0.160919540229885,0.954838709677419,0.882974910394265,"moi_0.4_quality_0.9_genes_400_replicates_4",20250728,0.4,0.9,400,4,FALSE
"crispulator-f1-threshold-curves-v1","limma-voom",0.01,400,90,71,69,2,308,21,0.971830985915493,0.766666666666667,0.766666666666667,0.857142857142857,0.028169014084507,0.993548387096774,0.88010752688172,"moi_0.4_quality_0.9_genes_400_replicates_4",20250728,0.4,0.9,400,4,FALSE
"crispulator-f1-threshold-curves-v1","limma-voom",0.005,400,90,65,64,1,309,26,0.984615384615385,0.711111111111111,0.711111111111111,0.825806451612903,0.0153846153846154,0.996774193548387,0.853942652329749,"moi_0.4_quality_0.9_genes_400_replicates_4",20250728,0.4,0.9,400,4,FALSE
"crispulator-f1-threshold-curves-v1","limma-voom",0.001,400,90,57,56,1,309,34,0.982456140350877,0.622222222222222,0.622222222222222,0.761904761904762,0.0175438596491228,0.996774193548387,0.809498207885305,"moi_0.4_quality_0.9_genes_400_replicates_4",20250728,0.4,0.9,400,4,FALSE
"crispulator-f1-threshold-curves-v1","BARCS-original",0.1,1000,188,136,131,5,807,57,0.963235294117647,0.696808510638298,0.696808510638298,0.808641975308642,0.0367647058823529,0.99384236453202,0.845325437585159,"moi_0.25_quality_0.9_genes_1000_replicates_4",20250724,0.25,0.9,1000,4,FALSE
"crispulator-f1-threshold-curves-v1","BARCS-original",0.05,1000,188,117,116,1,811,72,0.991452991452991,0.617021276595745,0.617021276595745,0.760655737704918,0.00854700854700855,0.998768472906404,0.807894874751074,"moi_0.25_quality_0.9_genes_1000_replicates_4",20250724,0.25,0.9,1000,4,FALSE
"crispulator-f1-threshold-curves-v1","BARCS-original",0.01,1000,188,81,81,0,812,107,1,0.430851063829787,0.430851063829787,0.602230483271375,0,1,0.715425531914894,"moi_0.25_quality_0.9_genes_1000_replicates_4",20250724,0.25,0.9,1000,4,FALSE
"crispulator-f1-threshold-curves-v1","BARCS-original",0.005,1000,188,67,67,0,812,121,1,0.356382978723404,0.356382978723404,0.525490196078431,0,1,0.678191489361702,"moi_0.25_quality_0.9_genes_1000_replicates_4",20250724,0.25,0.9,1000,4,FALSE
"crispulator-f1-threshold-curves-v1","BARCS-original",0.001,1000,188,46,46,0,812,142,1,0.24468085106383,0.24468085106383,0.393162393162393,0,1,0.622340425531915,"moi_0.25_quality_0.9_genes_1000_replicates_4",20250724,0.25,0.9,1000,4,FALSE
"crispulator-f1-threshold-curves-v1","BARCS-NORM",0.1,1000,188,44,40,4,808,148,0.909090909090909,0.212765957446809,0.212765957446809,0.344827586206897,0.0909090909090909,0.995073891625616,0.603919924536212,"moi_0.25_quality_0.9_genes_1000_replicates_4",20250724,0.25,0.9,1000,4,FALSE
"crispulator-f1-threshold-curves-v1","BARCS-NORM",0.05,1000,188,15,15,0,812,173,1,0.0797872340425532,0.0797872340425532,0.147783251231527,0,1,0.539893617021277,"moi_0.25_quality_0.9_genes_1000_replicates_4",20250724,0.25,0.9,1000,4,FALSE
"crispulator-f1-threshold-curves-v1","BARCS-NORM",0.01,1000,188,0,0,0,812,188,0,0,0,0,0,1,0.5,"moi_0.25_quality_0.9_genes_1000_replicates_4",20250724,0.25,0.9,1000,4,FALSE
"crispulator-f1-threshold-curves-v1","BARCS-NORM",0.005,1000,188,0,0,0,812,188,0,0,0,0,0,1,0.5,"moi_0.25_quality_0.9_genes_1000_replicates_4",20250724,0.25,0.9,1000,4,FALSE
"crispulator-f1-threshold-curves-v1","BARCS-NORM",0.001,1000,188,0,0,0,812,188,0,0,0,0,0,1,0.5,"moi_0.25_quality_0.9_genes_1000_replicates_4",20250724,0.25,0.9,1000,4,FALSE
"crispulator-f1-threshold-curves-v1","BARCS-partial",0.1,1000,188,93,91,2,810,97,0.978494623655914,0.484042553191489,0.484042553191489,0.647686832740214,0.021505376344086,0.997536945812808,0.740789749502149,"moi_0.25_quality_0.9_genes_1000_replicates_4",20250724,0.25,0.9,1000,4,FALSE
"crispulator-f1-threshold-curves-v1","BARCS-partial",0.05,1000,188,82,82,0,812,106,1,0.436170212765957,0.436170212765957,0.607407407407407,0,1,0.718085106382979,"moi_0.25_quality_0.9_genes_1000_replicates_4",20250724,0.25,0.9,1000,4,FALSE
"crispulator-f1-threshold-curves-v1","BARCS-partial",0.01,1000,188,61,61,0,812,127,1,0.324468085106383,0.324468085106383,0.48995983935743,0,1,0.662234042553192,"moi_0.25_quality_0.9_genes_1000_replicates_4",20250724,0.25,0.9,1000,4,FALSE
"crispulator-f1-threshold-curves-v1","BARCS-partial",0.005,1000,188,55,55,0,812,133,1,0.292553191489362,0.292553191489362,0.452674897119342,0,1,0.646276595744681,"moi_0.25_quality_0.9_genes_1000_replicates_4",20250724,0.25,0.9,1000,4,FALSE
"crispulator-f1-threshold-curves-v1","BARCS-partial",0.001,1000,188,41,41,0,812,147,1,0.218085106382979,0.218085106382979,0.358078602620087,0,1,0.609042553191489,"moi_0.25_quality_0.9_genes_1000_replicates_4",20250724,0.25,0.9,1000,4,FALSE
"crispulator-f1-threshold-curves-v1","BARCS-EB",0.1,1000,188,101,101,0,812,87,1,0.537234042553192,0.537234042553192,0.698961937716263,0,1,0.768617021276596,"moi_0.25_quality_0.9_genes_1000_replicates_4",20250724,0.25,0.9,1000,4,FALSE
"crispulator-f1-threshold-curves-v1","BARCS-EB",0.05,1000,188,81,81,0,812,107,1,0.430851063829787,0.430851063829787,0.602230483271375,0,1,0.715425531914894,"moi_0.25_quality_0.9_genes_1000_replicates_4",20250724,0.25,0.9,1000,4,FALSE
"crispulator-f1-threshold-curves-v1","BARCS-EB",0.01,1000,188,59,59,0,812,129,1,0.313829787234043,0.313829787234043,0.477732793522267,0,1,0.656914893617021,"moi_0.25_quality_0.9_genes_1000_replicates_4",20250724,0.25,0.9,1000,4,FALSE
"crispulator-f1-threshold-curves-v1","BARCS-EB",0.005,1000,188,51,51,0,812,137,1,0.271276595744681,0.271276595744681,0.426778242677824,0,1,0.63563829787234,"moi_0.25_quality_0.9_genes_1000_replicates_4",20250724,0.25,0.9,1000,4,FALSE
"crispulator-f1-threshold-curves-v1","BARCS-EB",0.001,1000,188,33,33,0,812,155,1,0.175531914893617,0.175531914893617,0.298642533936652,0,1,0.587765957446808,"moi_0.25_quality_0.9_genes_1000_replicates_4",20250724,0.25,0.9,1000,4,FALSE
"crispulator-f1-threshold-curves-v1","MAGeCK-MLE",0.1,1000,188,136,128,8,804,60,0.941176470588235,0.680851063829787,0.680851063829787,0.790123456790124,0.0588235294117647,0.990147783251232,0.835499423540509,"moi_0.25_quality_0.9_genes_1000_replicates_4",20250724,0.25,0.9,1000,4,FALSE
"crispulator-f1-threshold-curves-v1","MAGeCK-MLE",0.05,1000,188,105,101,4,808,87,0.961904761904762,0.537234042553192,0.537234042553192,0.689419795221843,0.0380952380952381,0.995073891625616,0.766153967089404,"moi_0.25_quality_0.9_genes_1000_replicates_4",20250724,0.25,0.9,1000,4,FALSE
"crispulator-f1-threshold-curves-v1","MAGeCK-MLE",0.01,1000,188,62,62,0,812,126,1,0.329787234042553,0.329787234042553,0.496,0,1,0.664893617021277,"moi_0.25_quality_0.9_genes_1000_replicates_4",20250724,0.25,0.9,1000,4,FALSE
"crispulator-f1-threshold-curves-v1","MAGeCK-MLE",0.005,1000,188,54,54,0,812,134,1,0.287234042553192,0.287234042553192,0.446280991735537,0,1,0.643617021276596,"moi_0.25_quality_0.9_genes_1000_replicates_4",20250724,0.25,0.9,1000,4,FALSE
"crispulator-f1-threshold-curves-v1","MAGeCK-MLE",0.001,1000,188,37,37,0,812,151,1,0.196808510638298,0.196808510638298,0.328888888888889,0,1,0.598404255319149,"moi_0.25_quality_0.9_genes_1000_replicates_4",20250724,0.25,0.9,1000,4,FALSE
"crispulator-f1-threshold-curves-v1","edgeR-QL",0.1,1000,188,219,157,62,750,31,0.71689497716895,0.835106382978723,0.835106382978723,0.771498771498772,0.28310502283105,0.923645320197044,0.879375851587884,"moi_0.25_quality_0.9_genes_1000_replicates_4",20250724,0.25,0.9,1000,4,FALSE
"crispulator-f1-threshold-curves-v1","edgeR-QL",0.05,1000,188,185,151,34,778,37,0.816216216216216,0.803191489361702,0.803191489361702,0.809651474530831,0.183783783783784,0.958128078817734,0.880659784089718,"moi_0.25_quality_0.9_genes_1000_replicates_4",20250724,0.25,0.9,1000,4,FALSE
"crispulator-f1-threshold-curves-v1","edgeR-QL",0.01,1000,188,146,138,8,804,50,0.945205479452055,0.734042553191489,0.734042553191489,0.826347305389222,0.0547945205479452,0.990147783251232,0.86209516822136,"moi_0.25_quality_0.9_genes_1000_replicates_4",20250724,0.25,0.9,1000,4,FALSE
"crispulator-f1-threshold-curves-v1","edgeR-QL",0.005,1000,188,140,134,6,806,54,0.957142857142857,0.712765957446808,0.712765957446808,0.817073170731707,0.0428571428571429,0.992610837438424,0.852688397442616,"moi_0.25_quality_0.9_genes_1000_replicates_4",20250724,0.25,0.9,1000,4,FALSE
"crispulator-f1-threshold-curves-v1","edgeR-QL",0.001,1000,188,124,123,1,811,65,0.991935483870968,0.654255319148936,0.654255319148936,0.788461538461539,0.00806451612903226,0.998768472906404,0.82651189602767,"moi_0.25_quality_0.9_genes_1000_replicates_4",20250724,0.25,0.9,1000,4,FALSE
"crispulator-f1-threshold-curves-v1","DESeq2",0.1,1000,188,226,160,66,746,28,0.707964601769911,0.851063829787234,0.851063829787234,0.772946859903382,0.292035398230089,0.91871921182266,0.884891520804947,"moi_0.25_quality_0.9_genes_1000_replicates_4",20250724,0.25,0.9,1000,4,FALSE
"crispulator-f1-threshold-curves-v1","DESeq2",0.05,1000,188,196,153,43,769,35,0.780612244897959,0.813829787234043,0.813829787234043,0.796875,0.219387755102041,0.94704433497537,0.880437061104706,"moi_0.25_quality_0.9_genes_1000_replicates_4",20250724,0.25,0.9,1000,4,FALSE
"crispulator-f1-threshold-curves-v1","DESeq2",0.01,1000,188,156,141,15,797,47,0.903846153846154,0.75,0.75,0.819767441860465,0.0961538461538462,0.981527093596059,0.86576354679803,"moi_0.25_quality_0.9_genes_1000_replicates_4",20250724,0.25,0.9,1000,4,FALSE
"crispulator-f1-threshold-curves-v1","DESeq2",0.005,1000,188,142,136,6,806,52,0.957746478873239,0.723404255319149,0.723404255319149,0.824242424242424,0.0422535211267606,0.992610837438424,0.858007546378786,"moi_0.25_quality_0.9_genes_1000_replicates_4",20250724,0.25,0.9,1000,4,FALSE
"crispulator-f1-threshold-curves-v1","DESeq2",0.001,1000,188,127,126,1,811,62,0.992125984251969,0.670212765957447,0.670212765957447,0.8,0.0078740157480315,0.998768472906404,0.834490619431925,"moi_0.25_quality_0.9_genes_1000_replicates_4",20250724,0.25,0.9,1000,4,FALSE
"crispulator-f1-threshold-curves-v1","limma-voom",0.1,1000,188,212,157,55,757,31,0.740566037735849,0.835106382978723,0.835106382978723,0.785,0.259433962264151,0.932266009852217,0.88368619641547,"moi_0.25_quality_0.9_genes_1000_replicates_4",20250724,0.25,0.9,1000,4,FALSE
"crispulator-f1-threshold-curves-v1","limma-voom",0.05,1000,188,180,151,29,783,37,0.838888888888889,0.803191489361702,0.803191489361702,0.820652173913043,0.161111111111111,0.964285714285714,0.883738601823708,"moi_0.25_quality_0.9_genes_1000_replicates_4",20250724,0.25,0.9,1000,4,FALSE
"crispulator-f1-threshold-curves-v1","limma-voom",0.01,1000,188,145,136,9,803,52,0.937931034482759,0.723404255319149,0.723404255319149,0.816816816816817,0.0620689655172414,0.988916256157635,0.856160255738392,"moi_0.25_quality_0.9_genes_1000_replicates_4",20250724,0.25,0.9,1000,4,FALSE
"crispulator-f1-threshold-curves-v1","limma-voom",0.005,1000,188,137,132,5,807,56,0.963503649635037,0.702127659574468,0.702127659574468,0.812307692307692,0.0364963503649635,0.99384236453202,0.847985012053244,"moi_0.25_quality_0.9_genes_1000_replicates_4",20250724,0.25,0.9,1000,4,FALSE
"crispulator-f1-threshold-curves-v1","limma-voom",0.001,1000,188,119,118,1,811,70,0.991596638655462,0.627659574468085,0.627659574468085,0.768729641693811,0.00840336134453781,0.998768472906404,0.813214023687244,"moi_0.25_quality_0.9_genes_1000_replicates_4",20250724,0.25,0.9,1000,4,FALSE
"crispulator-f1-threshold-curves-v1","BARCS-original",0.1,1000,180,146,134,12,808,46,0.917808219178082,0.744444444444444,0.744444444444444,0.822085889570552,0.0821917808219178,0.985365853658537,0.86490514905149,"moi_0.25_quality_0.9_genes_1000_replicates_4",20250725,0.25,0.9,1000,4,FALSE
"crispulator-f1-threshold-curves-v1","BARCS-original",0.05,1000,180,128,118,10,810,62,0.921875,0.655555555555556,0.655555555555556,0.766233766233766,0.078125,0.98780487804878,0.821680216802168,"moi_0.25_quality_0.9_genes_1000_replicates_4",20250725,0.25,0.9,1000,4,FALSE
"crispulator-f1-threshold-curves-v1","BARCS-original",0.01,1000,180,88,88,0,820,92,1,0.488888888888889,0.488888888888889,0.656716417910448,0,1,0.744444444444444,"moi_0.25_quality_0.9_genes_1000_replicates_4",20250725,0.25,0.9,1000,4,FALSE
"crispulator-f1-threshold-curves-v1","BARCS-original",0.005,1000,180,77,77,0,820,103,1,0.427777777777778,0.427777777777778,0.599221789883268,0,1,0.713888888888889,"moi_0.25_quality_0.9_genes_1000_replicates_4",20250725,0.25,0.9,1000,4,FALSE
"crispulator-f1-threshold-curves-v1","BARCS-original",0.001,1000,180,49,49,0,820,131,1,0.272222222222222,0.272222222222222,0.427947598253275,0,1,0.636111111111111,"moi_0.25_quality_0.9_genes_1000_replicates_4",20250725,0.25,0.9,1000,4,FALSE
"crispulator-f1-threshold-curves-v1","BARCS-NORM",0.1,1000,180,14,14,0,820,166,1,0.0777777777777778,0.0777777777777778,0.144329896907217,0,1,0.538888888888889,"moi_0.25_quality_0.9_genes_1000_replicates_4",20250725,0.25,0.9,1000,4,FALSE
"crispulator-f1-threshold-curves-v1","BARCS-NORM",0.05,1000,180,2,2,0,820,178,1,0.0111111111111111,0.0111111111111111,0.021978021978022,0,1,0.505555555555556,"moi_0.25_quality_0.9_genes_1000_replicates_4",20250725,0.25,0.9,1000,4,FALSE
"crispulator-f1-threshold-curves-v1","BARCS-NORM",0.01,1000,180,1,1,0,820,179,1,0.00555555555555556,0.00555555555555556,0.0110497237569061,0,1,0.502777777777778,"moi_0.25_quality_0.9_genes_1000_replicates_4",20250725,0.25,0.9,1000,4,FALSE
"crispulator-f1-threshold-curves-v1","BARCS-NORM",0.005,1000,180,0,0,0,820,180,0,0,0,0,0,1,0.5,"moi_0.25_quality_0.9_genes_1000_replicates_4",20250725,0.25,0.9,1000,4,FALSE
"crispulator-f1-threshold-curves-v1","BARCS-NORM",0.001,1000,180,0,0,0,820,180,0,0,0,0,0,1,0.5,"moi_0.25_quality_0.9_genes_1000_replicates_4",20250725,0.25,0.9,1000,4,FALSE
"crispulator-f1-threshold-curves-v1","BARCS-partial",0.1,1000,180,97,91,6,814,89,0.938144329896907,0.505555555555556,0.505555555555556,0.657039711191336,0.0618556701030928,0.992682926829268,0.749119241192412,"moi_0.25_quality_0.9_genes_1000_replicates_4",20250725,0.25,0.9,1000,4,FALSE
"crispulator-f1-threshold-curves-v1","BARCS-partial",0.05,1000,180,78,76,2,818,104,0.974358974358974,0.422222222222222,0.422222222222222,0.589147286821705,0.0256410256410256,0.997560975609756,0.709891598915989,"moi_0.25_quality_0.9_genes_1000_replicates_4",20250725,0.25,0.9,1000,4,FALSE
"crispulator-f1-threshold-curves-v1","BARCS-partial",0.01,1000,180,60,60,0,820,120,1,0.333333333333333,0.333333333333333,0.5,0,1,0.666666666666667,"moi_0.25_quality_0.9_genes_1000_replicates_4",20250725,0.25,0.9,1000,4,FALSE
"crispulator-f1-threshold-curves-v1","BARCS-partial",0.005,1000,180,54,54,0,820,126,1,0.3,0.3,0.461538461538462,0,1,0.65,"moi_0.25_quality_0.9_genes_1000_replicates_4",20250725,0.25,0.9,1000,4,FALSE
"crispulator-f1-threshold-curves-v1","BARCS-partial",0.001,1000,180,46,46,0,820,134,1,0.255555555555556,0.255555555555556,0.407079646017699,0,1,0.627777777777778,"moi_0.25_quality_0.9_genes_1000_replicates_4",20250725,0.25,0.9,1000,4,FALSE
"crispulator-f1-threshold-curves-v1","BARCS-EB",0.1,1000,180,108,106,2,818,74,0.981481481481482,0.588888888888889,0.588888888888889,0.736111111111111,0.0185185185185185,0.997560975609756,0.793224932249323,"moi_0.25_quality_0.9_genes_1000_replicates_4",20250725,0.25,0.9,1000,4,FALSE
"crispulator-f1-threshold-curves-v1","BARCS-EB",0.05,1000,180,79,78,1,819,102,0.987341772151899,0.433333333333333,0.433333333333333,0.602316602316602,0.0126582278481013,0.998780487804878,0.716056910569106,"moi_0.25_quality_0.9_genes_1000_replicates_4",20250725,0.25,0.9,1000,4,FALSE
"crispulator-f1-threshold-curves-v1","BARCS-EB",0.01,1000,180,51,51,0,820,129,1,0.283333333333333,0.283333333333333,0.441558441558442,0,1,0.641666666666667,"moi_0.25_quality_0.9_genes_1000_replicates_4",20250725,0.25,0.9,1000,4,FALSE
"crispulator-f1-threshold-curves-v1","BARCS-EB",0.005,1000,180,45,45,0,820,135,1,0.25,0.25,0.4,0,1,0.625,"moi_0.25_quality_0.9_genes_1000_replicates_4",20250725,0.25,0.9,1000,4,FALSE
"crispulator-f1-threshold-curves-v1","BARCS-EB",0.001,1000,180,36,36,0,820,144,1,0.2,0.2,0.333333333333333,0,1,0.6,"moi_0.25_quality_0.9_genes_1000_replicates_4",20250725,0.25,0.9,1000,4,FALSE
"crispulator-f1-threshold-curves-v1","MAGeCK-MLE",0.1,1000,180,131,125,6,814,55,0.954198473282443,0.694444444444444,0.694444444444444,0.803858520900322,0.0458015267175573,0.992682926829268,0.843563685636856,"moi_0.25_quality_0.9_genes_1000_replicates_4",20250725,0.25,0.9,1000,4,FALSE
"crispulator-f1-threshold-curves-v1","MAGeCK-MLE",0.05,1000,180,109,108,1,819,72,0.990825688073395,0.6,0.6,0.747404844290658,0.0091743119266055,0.998780487804878,0.799390243902439,"moi_0.25_quality_0.9_genes_1000_replicates_4",20250725,0.25,0.9,1000,4,FALSE
"crispulator-f1-threshold-curves-v1","MAGeCK-MLE",0.01,1000,180,63,63,0,820,117,1,0.35,0.35,0.518518518518518,0,1,0.675,"moi_0.25_quality_0.9_genes_1000_replicates_4",20250725,0.25,0.9,1000,4,FALSE
"crispulator-f1-threshold-curves-v1","MAGeCK-MLE",0.005,1000,180,55,55,0,820,125,1,0.305555555555556,0.305555555555556,0.468085106382979,0,1,0.652777777777778,"moi_0.25_quality_0.9_genes_1000_replicates_4",20250725,0.25,0.9,1000,4,FALSE
"crispulator-f1-threshold-curves-v1","MAGeCK-MLE",0.001,1000,180,37,37,0,820,143,1,0.205555555555556,0.205555555555556,0.341013824884793,0,1,0.602777777777778,"moi_0.25_quality_0.9_genes_1000_replicates_4",20250725,0.25,0.9,1000,4,FALSE
"crispulator-f1-threshold-curves-v1","edgeR-QL",0.1,1000,180,228,158,70,750,22,0.692982456140351,0.877777777777778,0.877777777777778,0.774509803921569,0.307017543859649,0.914634146341463,0.89620596205962,"moi_0.25_quality_0.9_genes_1000_replicates_4",20250725,0.25,0.9,1000,4,FALSE
"crispulator-f1-threshold-curves-v1","edgeR-QL",0.05,1000,180,184,150,34,786,30,0.815217391304348,0.833333333333333,0.833333333333333,0.824175824175824,0.184782608695652,0.958536585365854,0.895934959349594,"moi_0.25_quality_0.9_genes_1000_replicates_4",20250725,0.25,0.9,1000,4,FALSE
"crispulator-f1-threshold-curves-v1","edgeR-QL",0.01,1000,180,155,143,12,808,37,0.92258064516129,0.794444444444444,0.794444444444444,0.853731343283582,0.0774193548387097,0.985365853658537,0.88990514905149,"moi_0.25_quality_0.9_genes_1000_replicates_4",20250725,0.25,0.9,1000,4,FALSE
"crispulator-f1-threshold-curves-v1","edgeR-QL",0.005,1000,180,144,135,9,811,45,0.9375,0.75,0.75,0.833333333333333,0.0625,0.989024390243902,0.869512195121951,"moi_0.25_quality_0.9_genes_1000_replicates_4",20250725,0.25,0.9,1000,4,FALSE
"crispulator-f1-threshold-curves-v1","edgeR-QL",0.001,1000,180,116,112,4,816,68,0.96551724137931,0.622222222222222,0.622222222222222,0.756756756756757,0.0344827586206897,0.995121951219512,0.808672086720867,"moi_0.25_quality_0.9_genes_1000_replicates_4",20250725,0.25,0.9,1000,4,FALSE
"crispulator-f1-threshold-curves-v1","DESeq2",0.1,1000,180,234,160,74,746,20,0.683760683760684,0.888888888888889,0.888888888888889,0.772946859903382,0.316239316239316,0.909756097560976,0.899322493224932,"moi_0.25_quality_0.9_genes_1000_replicates_4",20250725,0.25,0.9,1000,4,FALSE
"crispulator-f1-threshold-curves-v1","DESeq2",0.05,1000,180,196,154,42,778,26,0.785714285714286,0.855555555555556,0.855555555555556,0.819148936170213,0.214285714285714,0.948780487804878,0.902168021680217,"moi_0.25_quality_0.9_genes_1000_replicates_4",20250725,0.25,0.9,1000,4,FALSE
"crispulator-f1-threshold-curves-v1","DESeq2",0.01,1000,180,157,143,14,806,37,0.910828025477707,0.794444444444444,0.794444444444444,0.8486646884273,0.089171974522293,0.982926829268293,0.888685636856368,"moi_0.25_quality_0.9_genes_1000_replicates_4",20250725,0.25,0.9,1000,4,FALSE
"crispulator-f1-threshold-curves-v1","DESeq2",0.005,1000,180,146,135,11,809,45,0.924657534246575,0.75,0.75,0.828220858895706,0.0753424657534247,0.986585365853659,0.868292682926829,"moi_0.25_quality_0.9_genes_1000_replicates_4",20250725,0.25,0.9,1000,4,FALSE
"crispulator-f1-threshold-curves-v1","DESeq2",0.001,1000,180,123,118,5,815,62,0.959349593495935,0.655555555555556,0.655555555555556,0.778877887788779,0.040650406504065,0.99390243902439,0.824728997289973,"moi_0.25_quality_0.9_genes_1000_replicates_4",20250725,0.25,0.9,1000,4,FALSE
"crispulator-f1-threshold-curves-v1","limma-voom",0.1,1000,180,227,160,67,753,20,0.704845814977974,0.888888888888889,0.888888888888889,0.786240786240786,0.295154185022026,0.918292682926829,0.903590785907859,"moi_0.25_quality_0.9_genes_1000_replicates_4",20250725,0.25,0.9,1000,4,FALSE
"crispulator-f1-threshold-curves-v1","limma-voom",0.05,1000,180,183,149,34,786,31,0.814207650273224,0.827777777777778,0.827777777777778,0.820936639118457,0.185792349726776,0.958536585365854,0.893157181571816,"moi_0.25_quality_0.9_genes_1000_replicates_4",20250725,0.25,0.9,1000,4,FALSE
"crispulator-f1-threshold-curves-v1","limma-voom",0.01,1000,180,152,141,11,809,39,0.927631578947368,0.783333333333333,0.783333333333333,0.849397590361446,0.0723684210526316,0.986585365853659,0.884959349593496,"moi_0.25_quality_0.9_genes_1000_replicates_4",20250725,0.25,0.9,1000,4,FALSE
"crispulator-f1-threshold-curves-v1","limma-voom",0.005,1000,180,139,130,9,811,50,0.935251798561151,0.722222222222222,0.722222222222222,0.815047021943574,0.0647482014388489,0.989024390243902,0.855623306233062,"moi_0.25_quality_0.9_genes_1000_replicates_4",20250725,0.25,0.9,1000,4,FALSE
"crispulator-f1-threshold-curves-v1","limma-voom",0.001,1000,180,111,109,2,818,71,0.981981981981982,0.605555555555556,0.605555555555556,0.74914089347079,0.018018018018018,0.997560975609756,0.801558265582656,"moi_0.25_quality_0.9_genes_1000_replicates_4",20250725,0.25,0.9,1000,4,FALSE
"crispulator-f1-threshold-curves-v1","BARCS-original",0.1,1000,222,170,159,11,767,63,0.935294117647059,0.716216216216216,0.716216216216216,0.811224489795918,0.0647058823529412,0.98586118251928,0.851038699367748,"moi_0.25_quality_0.9_genes_1000_replicates_4",20250726,0.25,0.9,1000,4,FALSE
"crispulator-f1-threshold-curves-v1","BARCS-original",0.05,1000,222,143,139,4,774,83,0.972027972027972,0.626126126126126,0.626126126126126,0.761643835616438,0.027972027972028,0.994858611825193,0.81049236897566,"moi_0.25_quality_0.9_genes_1000_replicates_4",20250726,0.25,0.9,1000,4,FALSE
"crispulator-f1-threshold-curves-v1","BARCS-original",0.01,1000,222,96,96,0,778,126,1,0.432432432432432,0.432432432432432,0.60377358490566,0,1,0.716216216216216,"moi_0.25_quality_0.9_genes_1000_replicates_4",20250726,0.25,0.9,1000,4,FALSE
"crispulator-f1-threshold-curves-v1","BARCS-original",0.005,1000,222,88,88,0,778,134,1,0.396396396396396,0.396396396396396,0.567741935483871,0,1,0.698198198198198,"moi_0.25_quality_0.9_genes_1000_replicates_4",20250726,0.25,0.9,1000,4,FALSE
"crispulator-f1-threshold-curves-v1","BARCS-original",0.001,1000,222,58,58,0,778,164,1,0.261261261261261,0.261261261261261,0.414285714285714,0,1,0.630630630630631,"moi_0.25_quality_0.9_genes_1000_replicates_4",20250726,0.25,0.9,1000,4,FALSE
"crispulator-f1-threshold-curves-v1","BARCS-NORM",0.1,1000,222,27,24,3,775,198,0.888888888888889,0.108108108108108,0.108108108108108,0.192771084337349,0.111111111111111,0.996143958868895,0.552126033488501,"moi_0.25_quality_0.9_genes_1000_replicates_4",20250726,0.25,0.9,1000,4,FALSE
"crispulator-f1-threshold-curves-v1","BARCS-NORM",0.05,1000,222,0,0,0,778,222,0,0,0,0,0,1,0.5,"moi_0.25_quality_0.9_genes_1000_replicates_4",20250726,0.25,0.9,1000,4,FALSE
"crispulator-f1-threshold-curves-v1","BARCS-NORM",0.01,1000,222,0,0,0,778,222,0,0,0,0,0,1,0.5,"moi_0.25_quality_0.9_genes_1000_replicates_4",20250726,0.25,0.9,1000,4,FALSE
"crispulator-f1-threshold-curves-v1","BARCS-NORM",0.005,1000,222,0,0,0,778,222,0,0,0,0,0,1,0.5,"moi_0.25_quality_0.9_genes_1000_replicates_4",20250726,0.25,0.9,1000,4,FALSE
"crispulator-f1-threshold-curves-v1","BARCS-NORM",0.001,1000,222,0,0,0,778,222,0,0,0,0,0,1,0.5,"moi_0.25_quality_0.9_genes_1000_replicates_4",20250726,0.25,0.9,1000,4,FALSE
"crispulator-f1-threshold-curves-v1","BARCS-partial",0.1,1000,222,67,66,1,777,156,0.985074626865672,0.297297297297297,0.297297297297297,0.456747404844291,0.0149253731343284,0.998714652956298,0.648005975126798,"moi_0.25_quality_0.9_genes_1000_replicates_4",20250726,0.25,0.9,1000,4,FALSE
"crispulator-f1-threshold-curves-v1","BARCS-partial",0.05,1000,222,58,57,1,777,165,0.982758620689655,0.256756756756757,0.256756756756757,0.407142857142857,0.0172413793103448,0.998714652956298,0.627735704856528,"moi_0.25_quality_0.9_genes_1000_replicates_4",20250726,0.25,0.9,1000,4,FALSE
"crispulator-f1-threshold-curves-v1","BARCS-partial",0.01,1000,222,41,41,0,778,181,1,0.184684684684685,0.184684684684685,0.311787072243346,0,1,0.592342342342342,"moi_0.25_quality_0.9_genes_1000_replicates_4",20250726,0.25,0.9,1000,4,FALSE
"crispulator-f1-threshold-curves-v1","BARCS-partial",0.005,1000,222,33,33,0,778,189,1,0.148648648648649,0.148648648648649,0.258823529411765,0,1,0.574324324324324,"moi_0.25_quality_0.9_genes_1000_replicates_4",20250726,0.25,0.9,1000,4,FALSE
"crispulator-f1-threshold-curves-v1","BARCS-partial",0.001,1000,222,26,26,0,778,196,1,0.117117117117117,0.117117117117117,0.209677419354839,0,1,0.558558558558559,"moi_0.25_quality_0.9_genes_1000_replicates_4",20250726,0.25,0.9,1000,4,FALSE
"crispulator-f1-threshold-curves-v1","BARCS-EB",0.1,1000,222,125,123,2,776,99,0.984,0.554054054054054,0.554054054054054,0.708933717579251,0.016,0.997429305912596,0.775741679983325,"moi_0.25_quality_0.9_genes_1000_replicates_4",20250726,0.25,0.9,1000,4,FALSE
"crispulator-f1-threshold-curves-v1","BARCS-EB",0.05,1000,222,108,107,1,777,115,0.990740740740741,0.481981981981982,0.481981981981982,0.648484848484849,0.00925925925925926,0.998714652956298,0.74034831746914,"moi_0.25_quality_0.9_genes_1000_replicates_4",20250726,0.25,0.9,1000,4,FALSE
"crispulator-f1-threshold-curves-v1","BARCS-EB",0.01,1000,222,60,60,0,778,162,1,0.27027027027027,0.27027027027027,0.425531914893617,0,1,0.635135135135135,"moi_0.25_quality_0.9_genes_1000_replicates_4",20250726,0.25,0.9,1000,4,FALSE
"crispulator-f1-threshold-curves-v1","BARCS-EB",0.005,1000,222,56,56,0,778,166,1,0.252252252252252,0.252252252252252,0.402877697841727,0,1,0.626126126126126,"moi_0.25_quality_0.9_genes_1000_replicates_4",20250726,0.25,0.9,1000,4,FALSE
"crispulator-f1-threshold-curves-v1","BARCS-EB",0.001,1000,222,36,36,0,778,186,1,0.162162162162162,0.162162162162162,0.27906976744186,0,1,0.581081081081081,"moi_0.25_quality_0.9_genes_1000_replicates_4",20250726,0.25,0.9,1000,4,FALSE
"crispulator-f1-threshold-curves-v1","MAGeCK-MLE",0.1,1000,222,148,142,6,772,80,0.959459459459459,0.63963963963964,0.63963963963964,0.767567567567568,0.0405405405405405,0.992287917737789,0.815963778688714,"moi_0.25_quality_0.9_genes_1000_replicates_4",20250726,0.25,0.9,1000,4,FALSE
"crispulator-f1-threshold-curves-v1","MAGeCK-MLE",0.05,1000,222,126,125,1,777,97,0.992063492063492,0.563063063063063,0.563063063063063,0.718390804597701,0.00793650793650794,0.998714652956298,0.780888858009681,"moi_0.25_quality_0.9_genes_1000_replicates_4",20250726,0.25,0.9,1000,4,FALSE
"crispulator-f1-threshold-curves-v1","MAGeCK-MLE",0.01,1000,222,84,84,0,778,138,1,0.378378378378378,0.378378378378378,0.549019607843137,0,1,0.689189189189189,"moi_0.25_quality_0.9_genes_1000_replicates_4",20250726,0.25,0.9,1000,4,FALSE
"crispulator-f1-threshold-curves-v1","MAGeCK-MLE",0.005,1000,222,68,68,0,778,154,1,0.306306306306306,0.306306306306306,0.468965517241379,0,1,0.653153153153153,"moi_0.25_quality_0.9_genes_1000_replicates_4",20250726,0.25,0.9,1000,4,FALSE
"crispulator-f1-threshold-curves-v1","MAGeCK-MLE",0.001,1000,222,43,43,0,778,179,1,0.193693693693694,0.193693693693694,0.324528301886792,0,1,0.596846846846847,"moi_0.25_quality_0.9_genes_1000_replicates_4",20250726,0.25,0.9,1000,4,FALSE
"crispulator-f1-threshold-curves-v1","edgeR-QL",0.1,1000,222,249,185,64,714,37,0.742971887550201,0.833333333333333,0.833333333333333,0.785562632696391,0.257028112449799,0.917737789203085,0.875535561268209,"moi_0.25_quality_0.9_genes_1000_replicates_4",20250726,0.25,0.9,1000,4,FALSE
"crispulator-f1-threshold-curves-v1","edgeR-QL",0.05,1000,222,214,180,34,744,42,0.841121495327103,0.810810810810811,0.810810810810811,0.825688073394495,0.158878504672897,0.956298200514139,0.883554505662475,"moi_0.25_quality_0.9_genes_1000_replicates_4",20250726,0.25,0.9,1000,4,FALSE
"crispulator-f1-threshold-curves-v1","edgeR-QL",0.01,1000,222,175,172,3,775,50,0.982857142857143,0.774774774774775,0.774774774774775,0.866498740554156,0.0171428571428571,0.996143958868895,0.885459366821835,"moi_0.25_quality_0.9_genes_1000_replicates_4",20250726,0.25,0.9,1000,4,FALSE
"crispulator-f1-threshold-curves-v1","edgeR-QL",0.005,1000,222,166,163,3,775,59,0.981927710843373,0.734234234234234,0.734234234234234,0.84020618556701,0.0180722891566265,0.996143958868895,0.865189096551565,"moi_0.25_quality_0.9_genes_1000_replicates_4",20250726,0.25,0.9,1000,4,FALSE
"crispulator-f1-threshold-curves-v1","edgeR-QL",0.001,1000,222,137,136,1,777,86,0.992700729927007,0.612612612612613,0.612612612612613,0.757660167130919,0.0072992700729927,0.998714652956298,0.805663632784455,"moi_0.25_quality_0.9_genes_1000_replicates_4",20250726,0.25,0.9,1000,4,FALSE
"crispulator-f1-threshold-curves-v1","DESeq2",0.1,1000,222,245,184,61,717,38,0.751020408163265,0.828828828828829,0.828828828828829,0.788008565310492,0.248979591836735,0.92159383033419,0.87521132958151,"moi_0.25_quality_0.9_genes_1000_replicates_4",20250726,0.25,0.9,1000,4,FALSE
"crispulator-f1-threshold-curves-v1","DESeq2",0.05,1000,222,211,181,30,748,41,0.85781990521327,0.815315315315315,0.815315315315315,0.836027713625866,0.14218009478673,0.961439588688946,0.888377452002131,"moi_0.25_quality_0.9_genes_1000_replicates_4",20250726,0.25,0.9,1000,4,FALSE
"crispulator-f1-threshold-curves-v1","DESeq2",0.01,1000,222,175,169,6,772,53,0.965714285714286,0.761261261261261,0.761261261261261,0.851385390428212,0.0342857142857143,0.992287917737789,0.876774589499525,"moi_0.25_quality_0.9_genes_1000_replicates_4",20250726,0.25,0.9,1000,4,FALSE
"crispulator-f1-threshold-curves-v1","DESeq2",0.005,1000,222,163,160,3,775,62,0.98159509202454,0.720720720720721,0.720720720720721,0.831168831168831,0.0184049079754601,0.996143958868895,0.858432339794808,"moi_0.25_quality_0.9_genes_1000_replicates_4",20250726,0.25,0.9,1000,4,FALSE
"crispulator-f1-threshold-curves-v1","DESeq2",0.001,1000,222,145,143,2,776,79,0.986206896551724,0.644144144144144,0.644144144144144,0.779291553133515,0.0137931034482759,0.997429305912596,0.82078672502837,"moi_0.25_quality_0.9_genes_1000_replicates_4",20250726,0.25,0.9,1000,4,FALSE
"crispulator-f1-threshold-curves-v1","limma-voom",0.1,1000,222,244,184,60,718,38,0.754098360655738,0.828828828828829,0.828828828828829,0.789699570815451,0.245901639344262,0.922879177377892,0.87585400310336,"moi_0.25_quality_0.9_genes_1000_replicates_4",20250726,0.25,0.9,1000,4,FALSE
"crispulator-f1-threshold-curves-v1","limma-voom",0.05,1000,222,210,179,31,747,43,0.852380952380952,0.806306306306306,0.806306306306306,0.828703703703704,0.147619047619048,0.960154241645244,0.883230273975775,"moi_0.25_quality_0.9_genes_1000_replicates_4",20250726,0.25,0.9,1000,4,FALSE
"crispulator-f1-threshold-curves-v1","limma-voom",0.01,1000,222,170,167,3,775,55,0.98235294117647,0.752252252252252,0.752252252252252,0.85204081632653,0.0176470588235294,0.996143958868895,0.874198105560573,"moi_0.25_quality_0.9_genes_1000_replicates_4",20250726,0.25,0.9,1000,4,FALSE
"crispulator-f1-threshold-curves-v1","limma-voom",0.005,1000,222,164,161,3,775,61,0.981707317073171,0.725225225225225,0.725225225225225,0.83419689119171,0.0182926829268293,0.996143958868895,0.86068459204706,"moi_0.25_quality_0.9_genes_1000_replicates_4",20250726,0.25,0.9,1000,4,FALSE
"crispulator-f1-threshold-curves-v1","limma-voom",0.001,1000,222,134,133,1,777,89,0.992537313432836,0.599099099099099,0.599099099099099,0.747191011235955,0.00746268656716418,0.998714652956298,0.798906876027699,"moi_0.25_quality_0.9_genes_1000_replicates_4",20250726,0.25,0.9,1000,4,FALSE
"crispulator-f1-threshold-curves-v1","BARCS-original",0.1,1000,233,205,183,22,745,50,0.892682926829268,0.785407725321888,0.785407725321888,0.835616438356164,0.107317073170732,0.971316818774446,0.878362272048167,"moi_0.25_quality_0.9_genes_1000_replicates_4",20250727,0.25,0.9,1000,4,FALSE
"crispulator-f1-threshold-curves-v1","BARCS-original",0.05,1000,233,181,170,11,756,63,0.939226519337017,0.729613733905579,0.729613733905579,0.821256038647343,0.0607734806629834,0.985658409387223,0.857636071646401,"moi_0.25_quality_0.9_genes_1000_replicates_4",20250727,0.25,0.9,1000,4,FALSE
"crispulator-f1-threshold-curves-v1","BARCS-original",0.01,1000,233,136,134,2,765,99,0.985294117647059,0.575107296137339,0.575107296137339,0.726287262872629,0.0147058823529412,0.997392438070404,0.786249867103872,"moi_0.25_quality_0.9_genes_1000_replicates_4",20250727,0.25,0.9,1000,4,FALSE
"crispulator-f1-threshold-curves-v1","BARCS-original",0.005,1000,233,122,122,0,767,111,1,0.523605150214592,0.523605150214592,0.687323943661972,0,1,0.761802575107296,"moi_0.25_quality_0.9_genes_1000_replicates_4",20250727,0.25,0.9,1000,4,FALSE
"crispulator-f1-threshold-curves-v1","BARCS-original",0.001,1000,233,83,83,0,767,150,1,0.356223175965665,0.356223175965665,0.525316455696203,0,1,0.678111587982833,"moi_0.25_quality_0.9_genes_1000_replicates_4",20250727,0.25,0.9,1000,4,FALSE
"crispulator-f1-threshold-curves-v1","BARCS-NORM",0.1,1000,233,45,43,2,765,190,0.955555555555556,0.184549356223176,0.184549356223176,0.309352517985612,0.0444444444444444,0.997392438070404,0.59097089714679,"moi_0.25_quality_0.9_genes_1000_replicates_4",20250727,0.25,0.9,1000,4,FALSE
"crispulator-f1-threshold-curves-v1","BARCS-NORM",0.05,1000,233,7,7,0,767,226,1,0.0300429184549356,0.0300429184549356,0.0583333333333333,0,1,0.515021459227468,"moi_0.25_quality_0.9_genes_1000_replicates_4",20250727,0.25,0.9,1000,4,FALSE
"crispulator-f1-threshold-curves-v1","BARCS-NORM",0.01,1000,233,0,0,0,767,233,0,0,0,0,0,1,0.5,"moi_0.25_quality_0.9_genes_1000_replicates_4",20250727,0.25,0.9,1000,4,FALSE
"crispulator-f1-threshold-curves-v1","BARCS-NORM",0.005,1000,233,0,0,0,767,233,0,0,0,0,0,1,0.5,"moi_0.25_quality_0.9_genes_1000_replicates_4",20250727,0.25,0.9,1000,4,FALSE
"crispulator-f1-threshold-curves-v1","BARCS-NORM",0.001,1000,233,0,0,0,767,233,0,0,0,0,0,1,0.5,"moi_0.25_quality_0.9_genes_1000_replicates_4",20250727,0.25,0.9,1000,4,FALSE
"crispulator-f1-threshold-curves-v1","BARCS-partial",0.1,1000,233,126,120,6,761,113,0.952380952380952,0.515021459227468,0.515021459227468,0.668523676880223,0.0476190476190476,0.992177314211212,0.75359938671934,"moi_0.25_quality_0.9_genes_1000_replicates_4",20250727,0.25,0.9,1000,4,FALSE
"crispulator-f1-threshold-curves-v1","BARCS-partial",0.05,1000,233,104,103,1,766,130,0.990384615384615,0.44206008583691,0.44206008583691,0.611275964391691,0.00961538461538462,0.998696219035202,0.720378152436056,"moi_0.25_quality_0.9_genes_1000_replicates_4",20250727,0.25,0.9,1000,4,FALSE
"crispulator-f1-threshold-curves-v1","BARCS-partial",0.01,1000,233,72,72,0,767,161,1,0.309012875536481,0.309012875536481,0.472131147540984,0,1,0.65450643776824,"moi_0.25_quality_0.9_genes_1000_replicates_4",20250727,0.25,0.9,1000,4,FALSE
"crispulator-f1-threshold-curves-v1","BARCS-partial",0.005,1000,233,67,67,0,767,166,1,0.28755364806867,0.28755364806867,0.446666666666667,0,1,0.643776824034335,"moi_0.25_quality_0.9_genes_1000_replicates_4",20250727,0.25,0.9,1000,4,FALSE
"crispulator-f1-threshold-curves-v1","BARCS-partial",0.001,1000,233,47,47,0,767,186,1,0.201716738197425,0.201716738197425,0.335714285714286,0,1,0.600858369098712,"moi_0.25_quality_0.9_genes_1000_replicates_4",20250727,0.25,0.9,1000,4,FALSE
"crispulator-f1-threshold-curves-v1","BARCS-EB",0.1,1000,233,132,131,1,766,102,0.992424242424242,0.562231759656652,0.562231759656652,0.717808219178082,0.00757575757575758,0.998696219035202,0.780463989345927,"moi_0.25_quality_0.9_genes_1000_replicates_4",20250727,0.25,0.9,1000,4,FALSE
"crispulator-f1-threshold-curves-v1","BARCS-EB",0.05,1000,233,108,108,0,767,125,1,0.463519313304721,0.463519313304721,0.633431085043988,0,1,0.73175965665236,"moi_0.25_quality_0.9_genes_1000_replicates_4",20250727,0.25,0.9,1000,4,FALSE
"crispulator-f1-threshold-curves-v1","BARCS-EB",0.01,1000,233,66,66,0,767,167,1,0.283261802575107,0.283261802575107,0.441471571906355,0,1,0.641630901287554,"moi_0.25_quality_0.9_genes_1000_replicates_4",20250727,0.25,0.9,1000,4,FALSE
"crispulator-f1-threshold-curves-v1","BARCS-EB",0.005,1000,233,53,53,0,767,180,1,0.227467811158798,0.227467811158798,0.370629370629371,0,1,0.613733905579399,"moi_0.25_quality_0.9_genes_1000_replicates_4",20250727,0.25,0.9,1000,4,FALSE
"crispulator-f1-threshold-curves-v1","BARCS-EB",0.001,1000,233,34,34,0,767,199,1,0.145922746781116,0.145922746781116,0.254681647940075,0,1,0.572961373390558,"moi_0.25_quality_0.9_genes_1000_replicates_4",20250727,0.25,0.9,1000,4,FALSE
"crispulator-f1-threshold-curves-v1","MAGeCK-MLE",0.1,1000,233,173,161,12,755,72,0.930635838150289,0.690987124463519,0.690987124463519,0.793103448275862,0.069364161849711,0.984354628422425,0.837670876442972,"moi_0.25_quality_0.9_genes_1000_replicates_4",20250727,0.25,0.9,1000,4,FALSE
"crispulator-f1-threshold-curves-v1","MAGeCK-MLE",0.05,1000,233,144,138,6,761,95,0.958333333333333,0.592274678111588,0.592274678111588,0.73209549071618,0.0416666666666667,0.992177314211212,0.7922259961614,"moi_0.25_quality_0.9_genes_1000_replicates_4",20250727,0.25,0.9,1000,4,FALSE
"crispulator-f1-threshold-curves-v1","MAGeCK-MLE",0.01,1000,233,82,82,0,767,151,1,0.351931330472103,0.351931330472103,0.520634920634921,0,1,0.675965665236052,"moi_0.25_quality_0.9_genes_1000_replicates_4",20250727,0.25,0.9,1000,4,FALSE
"crispulator-f1-threshold-curves-v1","MAGeCK-MLE",0.005,1000,233,68,68,0,767,165,1,0.291845493562232,0.291845493562232,0.451827242524917,0,1,0.645922746781116,"moi_0.25_quality_0.9_genes_1000_replicates_4",20250727,0.25,0.9,1000,4,FALSE
"crispulator-f1-threshold-curves-v1","MAGeCK-MLE",0.001,1000,233,37,37,0,767,196,1,0.158798283261803,0.158798283261803,0.274074074074074,0,1,0.579399141630901,"moi_0.25_quality_0.9_genes_1000_replicates_4",20250727,0.25,0.9,1000,4,FALSE
"crispulator-f1-threshold-curves-v1","edgeR-QL",0.1,1000,233,252,206,46,721,27,0.817460317460317,0.88412017167382,0.88412017167382,0.849484536082474,0.182539682539683,0.940026075619296,0.912073123646558,"moi_0.25_quality_0.9_genes_1000_replicates_4",20250727,0.25,0.9,1000,4,FALSE
"crispulator-f1-threshold-curves-v1","edgeR-QL",0.05,1000,233,225,198,27,740,35,0.88,0.849785407725322,0.849785407725322,0.864628820960699,0.12,0.964797913950456,0.907291660837889,"moi_0.25_quality_0.9_genes_1000_replicates_4",20250727,0.25,0.9,1000,4,FALSE
"crispulator-f1-threshold-curves-v1","edgeR-QL",0.01,1000,233,191,178,13,754,55,0.931937172774869,0.763948497854077,0.763948497854077,0.839622641509434,0.0680628272251309,0.983050847457627,0.873499672655852,"moi_0.25_quality_0.9_genes_1000_replicates_4",20250727,0.25,0.9,1000,4,FALSE
"crispulator-f1-threshold-curves-v1","edgeR-QL",0.005,1000,233,176,166,10,757,67,0.943181818181818,0.71244635193133,0.71244635193133,0.811735941320293,0.0568181818181818,0.986962190352021,0.849704271141676,"moi_0.25_quality_0.9_genes_1000_replicates_4",20250727,0.25,0.9,1000,4,FALSE
"crispulator-f1-threshold-curves-v1","edgeR-QL",0.001,1000,233,155,152,3,764,81,0.980645161290323,0.652360515021459,0.652360515021459,0.783505154639175,0.0193548387096774,0.996088657105606,0.824224586063533,"moi_0.25_quality_0.9_genes_1000_replicates_4",20250727,0.25,0.9,1000,4,FALSE
"crispulator-f1-threshold-curves-v1","DESeq2",0.1,1000,233,253,204,49,718,29,0.806324110671937,0.875536480686695,0.875536480686695,0.839506172839506,0.193675889328063,0.936114732724902,0.905825606705799,"moi_0.25_quality_0.9_genes_1000_replicates_4",20250727,0.25,0.9,1000,4,FALSE
"crispulator-f1-threshold-curves-v1","DESeq2",0.05,1000,233,225,199,26,741,34,0.884444444444444,0.854077253218884,0.854077253218884,0.868995633187773,0.115555555555556,0.966101694915254,0.910089474067069,"moi_0.25_quality_0.9_genes_1000_replicates_4",20250727,0.25,0.9,1000,4,FALSE
"crispulator-f1-threshold-curves-v1","DESeq2",0.01,1000,233,196,182,14,753,51,0.928571428571429,0.781115879828326,0.781115879828326,0.848484848484849,0.0714285714285714,0.981747066492829,0.881431473160578,"moi_0.25_quality_0.9_genes_1000_replicates_4",20250727,0.25,0.9,1000,4,FALSE
"crispulator-f1-threshold-curves-v1","DESeq2",0.005,1000,233,182,173,9,758,60,0.95054945054945,0.742489270386266,0.742489270386266,0.833734939759036,0.0494505494505494,0.988265971316819,0.865377620851542,"moi_0.25_quality_0.9_genes_1000_replicates_4",20250727,0.25,0.9,1000,4,FALSE
"crispulator-f1-threshold-curves-v1","DESeq2",0.001,1000,233,157,154,3,764,79,0.980891719745223,0.660944206008584,0.660944206008584,0.78974358974359,0.0191082802547771,0.996088657105606,0.828516431557095,"moi_0.25_quality_0.9_genes_1000_replicates_4",20250727,0.25,0.9,1000,4,FALSE
"crispulator-f1-threshold-curves-v1","limma-voom",0.1,1000,233,248,205,43,724,28,0.826612903225806,0.879828326180258,0.879828326180258,0.852390852390852,0.173387096774194,0.94393741851369,0.911882872346974,"moi_0.25_quality_0.9_genes_1000_replicates_4",20250727,0.25,0.9,1000,4,FALSE
"crispulator-f1-threshold-curves-v1","limma-voom",0.05,1000,233,220,196,24,743,37,0.890909090909091,0.841201716738197,0.841201716738197,0.865342163355408,0.109090909090909,0.96870925684485,0.904955486791524,"moi_0.25_quality_0.9_genes_1000_replicates_4",20250727,0.25,0.9,1000,4,FALSE
"crispulator-f1-threshold-curves-v1","limma-voom",0.01,1000,233,186,176,10,757,57,0.946236559139785,0.755364806866953,0.755364806866953,0.840095465393795,0.0537634408602151,0.986962190352021,0.871163498609487,"moi_0.25_quality_0.9_genes_1000_replicates_4",20250727,0.25,0.9,1000,4,FALSE
"crispulator-f1-threshold-curves-v1","limma-voom",0.005,1000,233,173,166,7,760,67,0.959537572254335,0.71244635193133,0.71244635193133,0.817733990147783,0.0404624277456647,0.990873533246415,0.851659942588872,"moi_0.25_quality_0.9_genes_1000_replicates_4",20250727,0.25,0.9,1000,4,FALSE
"crispulator-f1-threshold-curves-v1","limma-voom",0.001,1000,233,147,145,2,765,88,0.986394557823129,0.622317596566524,0.622317596566524,0.763157894736842,0.0136054421768707,0.997392438070404,0.809855017318464,"moi_0.25_quality_0.9_genes_1000_replicates_4",20250727,0.25,0.9,1000,4,FALSE
"crispulator-f1-threshold-curves-v1","BARCS-original",0.1,1000,209,176,160,16,775,49,0.909090909090909,0.76555023923445,0.76555023923445,0.831168831168831,0.0909090909090909,0.979772439949431,0.87266133959194,"moi_0.25_quality_0.9_genes_1000_replicates_4",20250728,0.25,0.9,1000,4,FALSE
"crispulator-f1-threshold-curves-v1","BARCS-original",0.05,1000,209,145,141,4,787,68,0.972413793103448,0.674641148325359,0.674641148325359,0.796610169491525,0.0275862068965517,0.994943109987358,0.834792129156358,"moi_0.25_quality_0.9_genes_1000_replicates_4",20250728,0.25,0.9,1000,4,FALSE
"crispulator-f1-threshold-curves-v1","BARCS-original",0.01,1000,209,112,112,0,791,97,1,0.535885167464115,0.535885167464115,0.697819314641745,0,1,0.767942583732057,"moi_0.25_quality_0.9_genes_1000_replicates_4",20250728,0.25,0.9,1000,4,FALSE
"crispulator-f1-threshold-curves-v1","BARCS-original",0.005,1000,209,104,104,0,791,105,1,0.497607655502392,0.497607655502392,0.664536741214057,0,1,0.748803827751196,"moi_0.25_quality_0.9_genes_1000_replicates_4",20250728,0.25,0.9,1000,4,FALSE
"crispulator-f1-threshold-curves-v1","BARCS-original",0.001,1000,209,79,79,0,791,130,1,0.37799043062201,0.37799043062201,0.548611111111111,0,1,0.688995215311005,"moi_0.25_quality_0.9_genes_1000_replicates_4",20250728,0.25,0.9,1000,4,FALSE
"crispulator-f1-threshold-curves-v1","BARCS-NORM",0.1,1000,209,34,33,1,790,176,0.970588235294118,0.157894736842105,0.157894736842105,0.271604938271605,0.0294117647058824,0.998735777496839,0.578315257169472,"moi_0.25_quality_0.9_genes_1000_replicates_4",20250728,0.25,0.9,1000,4,FALSE
"crispulator-f1-threshold-curves-v1","BARCS-NORM",0.05,1000,209,8,8,0,791,201,1,0.0382775119617225,0.0382775119617225,0.0737327188940092,0,1,0.519138755980861,"moi_0.25_quality_0.9_genes_1000_replicates_4",20250728,0.25,0.9,1000,4,FALSE
"crispulator-f1-threshold-curves-v1","BARCS-NORM",0.01,1000,209,1,1,0,791,208,1,0.00478468899521531,0.00478468899521531,0.00952380952380952,0,1,0.502392344497608,"moi_0.25_quality_0.9_genes_1000_replicates_4",20250728,0.25,0.9,1000,4,FALSE
"crispulator-f1-threshold-curves-v1","BARCS-NORM",0.005,1000,209,1,1,0,791,208,1,0.00478468899521531,0.00478468899521531,0.00952380952380952,0,1,0.502392344497608,"moi_0.25_quality_0.9_genes_1000_replicates_4",20250728,0.25,0.9,1000,4,FALSE
"crispulator-f1-threshold-curves-v1","BARCS-NORM",0.001,1000,209,0,0,0,791,209,0,0,0,0,0,1,0.5,"moi_0.25_quality_0.9_genes_1000_replicates_4",20250728,0.25,0.9,1000,4,FALSE
"crispulator-f1-threshold-curves-v1","BARCS-partial",0.1,1000,209,95,95,0,791,114,1,0.454545454545455,0.454545454545455,0.625,0,1,0.727272727272727,"moi_0.25_quality_0.9_genes_1000_replicates_4",20250728,0.25,0.9,1000,4,FALSE
"crispulator-f1-threshold-curves-v1","BARCS-partial",0.05,1000,209,80,80,0,791,129,1,0.382775119617225,0.382775119617225,0.55363321799308,0,1,0.691387559808612,"moi_0.25_quality_0.9_genes_1000_replicates_4",20250728,0.25,0.9,1000,4,FALSE
"crispulator-f1-threshold-curves-v1","BARCS-partial",0.01,1000,209,61,61,0,791,148,1,0.291866028708134,0.291866028708134,0.451851851851852,0,1,0.645933014354067,"moi_0.25_quality_0.9_genes_1000_replicates_4",20250728,0.25,0.9,1000,4,FALSE
"crispulator-f1-threshold-curves-v1","BARCS-partial",0.005,1000,209,53,53,0,791,156,1,0.253588516746411,0.253588516746411,0.404580152671756,0,1,0.626794258373206,"moi_0.25_quality_0.9_genes_1000_replicates_4",20250728,0.25,0.9,1000,4,FALSE
"crispulator-f1-threshold-curves-v1","BARCS-partial",0.001,1000,209,43,43,0,791,166,1,0.205741626794258,0.205741626794258,0.341269841269841,0,1,0.602870813397129,"moi_0.25_quality_0.9_genes_1000_replicates_4",20250728,0.25,0.9,1000,4,FALSE
"crispulator-f1-threshold-curves-v1","BARCS-EB",0.1,1000,209,106,106,0,791,103,1,0.507177033492823,0.507177033492823,0.673015873015873,0,1,0.753588516746411,"moi_0.25_quality_0.9_genes_1000_replicates_4",20250728,0.25,0.9,1000,4,FALSE
"crispulator-f1-threshold-curves-v1","BARCS-EB",0.05,1000,209,90,90,0,791,119,1,0.430622009569378,0.430622009569378,0.602006688963211,0,1,0.715311004784689,"moi_0.25_quality_0.9_genes_1000_replicates_4",20250728,0.25,0.9,1000,4,FALSE
"crispulator-f1-threshold-curves-v1","BARCS-EB",0.01,1000,209,67,67,0,791,142,1,0.320574162679426,0.320574162679426,0.485507246376812,0,1,0.660287081339713,"moi_0.25_quality_0.9_genes_1000_replicates_4",20250728,0.25,0.9,1000,4,FALSE
"crispulator-f1-threshold-curves-v1","BARCS-EB",0.005,1000,209,55,55,0,791,154,1,0.263157894736842,0.263157894736842,0.416666666666667,0,1,0.631578947368421,"moi_0.25_quality_0.9_genes_1000_replicates_4",20250728,0.25,0.9,1000,4,FALSE
"crispulator-f1-threshold-curves-v1","BARCS-EB",0.001,1000,209,39,39,0,791,170,1,0.186602870813397,0.186602870813397,0.314516129032258,0,1,0.593301435406699,"moi_0.25_quality_0.9_genes_1000_replicates_4",20250728,0.25,0.9,1000,4,FALSE
"crispulator-f1-threshold-curves-v1","MAGeCK-MLE",0.1,1000,209,153,144,9,782,65,0.941176470588235,0.688995215311005,0.688995215311005,0.795580110497238,0.0588235294117647,0.988621997471555,0.83880860639128,"moi_0.25_quality_0.9_genes_1000_replicates_4",20250728,0.25,0.9,1000,4,FALSE
"crispulator-f1-threshold-curves-v1","MAGeCK-MLE",0.05,1000,209,116,115,1,790,94,0.991379310344828,0.550239234449761,0.550239234449761,0.707692307692308,0.00862068965517241,0.998735777496839,0.7744875059733,"moi_0.25_quality_0.9_genes_1000_replicates_4",20250728,0.25,0.9,1000,4,FALSE
"crispulator-f1-threshold-curves-v1","MAGeCK-MLE",0.01,1000,209,73,73,0,791,136,1,0.349282296650718,0.349282296650718,0.517730496453901,0,1,0.674641148325359,"moi_0.25_quality_0.9_genes_1000_replicates_4",20250728,0.25,0.9,1000,4,FALSE
"crispulator-f1-threshold-curves-v1","MAGeCK-MLE",0.005,1000,209,58,58,0,791,151,1,0.277511961722488,0.277511961722488,0.434456928838951,0,1,0.638755980861244,"moi_0.25_quality_0.9_genes_1000_replicates_4",20250728,0.25,0.9,1000,4,FALSE
"crispulator-f1-threshold-curves-v1","MAGeCK-MLE",0.001,1000,209,37,37,0,791,172,1,0.177033492822967,0.177033492822967,0.300813008130081,0,1,0.588516746411483,"moi_0.25_quality_0.9_genes_1000_replicates_4",20250728,0.25,0.9,1000,4,FALSE
"crispulator-f1-threshold-curves-v1","edgeR-QL",0.1,1000,209,215,175,40,751,34,0.813953488372093,0.83732057416268,0.83732057416268,0.825471698113208,0.186046511627907,0.949431099873578,0.893375837018129,"moi_0.25_quality_0.9_genes_1000_replicates_4",20250728,0.25,0.9,1000,4,FALSE
"crispulator-f1-threshold-curves-v1","edgeR-QL",0.05,1000,209,194,173,21,770,36,0.891752577319588,0.827751196172249,0.827751196172249,0.858560794044665,0.108247422680412,0.973451327433628,0.900601261802939,"moi_0.25_quality_0.9_genes_1000_replicates_4",20250728,0.25,0.9,1000,4,FALSE
"crispulator-f1-threshold-curves-v1","edgeR-QL",0.01,1000,209,159,155,4,787,54,0.974842767295597,0.741626794258373,0.741626794258373,0.842391304347826,0.0251572327044025,0.994943109987358,0.868284952122865,"moi_0.25_quality_0.9_genes_1000_replicates_4",20250728,0.25,0.9,1000,4,FALSE
"crispulator-f1-threshold-curves-v1","edgeR-QL",0.005,1000,209,148,146,2,789,63,0.986486486486487,0.698564593301435,0.698564593301435,0.817927170868347,0.0135135135135135,0.997471554993679,0.848018074147557,"moi_0.25_quality_0.9_genes_1000_replicates_4",20250728,0.25,0.9,1000,4,FALSE
"crispulator-f1-threshold-curves-v1","edgeR-QL",0.001,1000,209,127,127,0,791,82,1,0.607655502392344,0.607655502392344,0.755952380952381,0,1,0.803827751196172,"moi_0.25_quality_0.9_genes_1000_replicates_4",20250728,0.25,0.9,1000,4,FALSE
"crispulator-f1-threshold-curves-v1","DESeq2",0.1,1000,209,220,178,42,749,31,0.809090909090909,0.851674641148325,0.851674641148325,0.82983682983683,0.190909090909091,0.946902654867257,0.899288648007791,"moi_0.25_quality_0.9_genes_1000_replicates_4",20250728,0.25,0.9,1000,4,FALSE
"crispulator-f1-threshold-curves-v1","DESeq2",0.05,1000,209,198,174,24,767,35,0.878787878787879,0.832535885167464,0.832535885167464,0.855036855036855,0.121212121212121,0.969658659924147,0.901097272545805,"moi_0.25_quality_0.9_genes_1000_replicates_4",20250728,0.25,0.9,1000,4,FALSE
"crispulator-f1-threshold-curves-v1","DESeq2",0.01,1000,209,161,157,4,787,52,0.975155279503106,0.751196172248804,0.751196172248804,0.848648648648649,0.0248447204968944,0.994943109987358,0.873069641118081,"moi_0.25_quality_0.9_genes_1000_replicates_4",20250728,0.25,0.9,1000,4,FALSE
"crispulator-f1-threshold-curves-v1","DESeq2",0.005,1000,209,153,152,1,790,57,0.993464052287582,0.727272727272727,0.727272727272727,0.839779005524862,0.0065359477124183,0.998735777496839,0.863004252384783,"moi_0.25_quality_0.9_genes_1000_replicates_4",20250728,0.25,0.9,1000,4,FALSE
"crispulator-f1-threshold-curves-v1","DESeq2",0.001,1000,209,132,132,0,791,77,1,0.631578947368421,0.631578947368421,0.774193548387097,0,1,0.81578947368421,"moi_0.25_quality_0.9_genes_1000_replicates_4",20250728,0.25,0.9,1000,4,FALSE
"crispulator-f1-threshold-curves-v1","limma-voom",0.1,1000,209,203,173,30,761,36,0.852216748768473,0.827751196172249,0.827751196172249,0.839805825242718,0.147783251231527,0.962073324905183,0.894912260538716,"moi_0.25_quality_0.9_genes_1000_replicates_4",20250728,0.25,0.9,1000,4,FALSE
"crispulator-f1-threshold-curves-v1","limma-voom",0.05,1000,209,188,169,19,772,40,0.898936170212766,0.808612440191388,0.808612440191388,0.851385390428212,0.101063829787234,0.975979772439949,0.892296106315668,"moi_0.25_quality_0.9_genes_1000_replicates_4",20250728,0.25,0.9,1000,4,FALSE
"crispulator-f1-threshold-curves-v1","limma-voom",0.01,1000,209,155,152,3,788,57,0.980645161290323,0.727272727272727,0.727272727272727,0.835164835164835,0.0193548387096774,0.996207332490518,0.861740029881623,"moi_0.25_quality_0.9_genes_1000_replicates_4",20250728,0.25,0.9,1000,4,FALSE
"crispulator-f1-threshold-curves-v1","limma-voom",0.005,1000,209,147,145,2,789,64,0.986394557823129,0.69377990430622,0.69377990430622,0.814606741573034,0.0136054421768707,0.997471554993679,0.845625729649949,"moi_0.25_quality_0.9_genes_1000_replicates_4",20250728,0.25,0.9,1000,4,FALSE
"crispulator-f1-threshold-curves-v1","limma-voom",0.001,1000,209,117,117,0,791,92,1,0.559808612440191,0.559808612440191,0.717791411042945,0,1,0.779904306220096,"moi_0.25_quality_0.9_genes_1000_replicates_4",20250728,0.25,0.9,1000,4,FALSE
"crispulator-f1-threshold-curves-v1","BARCS-original",0.1,400,79,67,66,1,320,13,0.985074626865672,0.835443037974684,0.835443037974684,0.904109589041096,0.0149253731343284,0.996884735202492,0.916163886588588,"moi_0.25_quality_0.9_genes_400_replicates_6",20250724,0.25,0.9,400,6,FALSE
"crispulator-f1-threshold-curves-v1","BARCS-original",0.05,400,79,60,60,0,321,19,1,0.759493670886076,0.759493670886076,0.863309352517986,0,1,0.879746835443038,"moi_0.25_quality_0.9_genes_400_replicates_6",20250724,0.25,0.9,400,6,FALSE
"crispulator-f1-threshold-curves-v1","BARCS-original",0.01,400,79,50,50,0,321,29,1,0.632911392405063,0.632911392405063,0.775193798449612,0,1,0.816455696202532,"moi_0.25_quality_0.9_genes_400_replicates_6",20250724,0.25,0.9,400,6,FALSE
"crispulator-f1-threshold-curves-v1","BARCS-original",0.005,400,79,42,42,0,321,37,1,0.531645569620253,0.531645569620253,0.694214876033058,0,1,0.765822784810127,"moi_0.25_quality_0.9_genes_400_replicates_6",20250724,0.25,0.9,400,6,FALSE
"crispulator-f1-threshold-curves-v1","BARCS-original",0.001,400,79,39,39,0,321,40,1,0.493670886075949,0.493670886075949,0.661016949152542,0,1,0.746835443037975,"moi_0.25_quality_0.9_genes_400_replicates_6",20250724,0.25,0.9,400,6,FALSE
"crispulator-f1-threshold-curves-v1","BARCS-NORM",0.1,400,79,27,25,2,319,54,0.925925925925926,0.316455696202532,0.316455696202532,0.471698113207547,0.0740740740740741,0.993769470404984,0.655112583303758,"moi_0.25_quality_0.9_genes_400_replicates_6",20250724,0.25,0.9,400,6,FALSE
"crispulator-f1-threshold-curves-v1","BARCS-NORM",0.05,400,79,23,22,1,320,57,0.956521739130435,0.278481012658228,0.278481012658228,0.431372549019608,0.0434782608695652,0.996884735202492,0.63768287393036,"moi_0.25_quality_0.9_genes_400_replicates_6",20250724,0.25,0.9,400,6,FALSE
"crispulator-f1-threshold-curves-v1","BARCS-NORM",0.01,400,79,0,0,0,321,79,0,0,0,0,0,1,0.5,"moi_0.25_quality_0.9_genes_400_replicates_6",20250724,0.25,0.9,400,6,FALSE
"crispulator-f1-threshold-curves-v1","BARCS-NORM",0.005,400,79,0,0,0,321,79,0,0,0,0,0,1,0.5,"moi_0.25_quality_0.9_genes_400_replicates_6",20250724,0.25,0.9,400,6,FALSE
"crispulator-f1-threshold-curves-v1","BARCS-NORM",0.001,400,79,0,0,0,321,79,0,0,0,0,0,1,0.5,"moi_0.25_quality_0.9_genes_400_replicates_6",20250724,0.25,0.9,400,6,FALSE
"crispulator-f1-threshold-curves-v1","BARCS-partial",0.1,400,79,48,45,3,318,34,0.9375,0.569620253164557,0.569620253164557,0.708661417322835,0.0625,0.990654205607477,0.780137229386017,"moi_0.25_quality_0.9_genes_400_replicates_6",20250724,0.25,0.9,400,6,FALSE
"crispulator-f1-threshold-curves-v1","BARCS-partial",0.05,400,79,42,41,1,320,38,0.976190476190476,0.518987341772152,0.518987341772152,0.677685950413223,0.0238095238095238,0.996884735202492,0.757936038487322,"moi_0.25_quality_0.9_genes_400_replicates_6",20250724,0.25,0.9,400,6,FALSE
"crispulator-f1-threshold-curves-v1","BARCS-partial",0.01,400,79,33,33,0,321,46,1,0.417721518987342,0.417721518987342,0.589285714285714,0,1,0.708860759493671,"moi_0.25_quality_0.9_genes_400_replicates_6",20250724,0.25,0.9,400,6,FALSE
"crispulator-f1-threshold-curves-v1","BARCS-partial",0.005,400,79,28,28,0,321,51,1,0.354430379746835,0.354430379746835,0.523364485981308,0,1,0.677215189873418,"moi_0.25_quality_0.9_genes_400_replicates_6",20250724,0.25,0.9,400,6,FALSE
"crispulator-f1-threshold-curves-v1","BARCS-partial",0.001,400,79,22,22,0,321,57,1,0.278481012658228,0.278481012658228,0.435643564356436,0,1,0.639240506329114,"moi_0.25_quality_0.9_genes_400_replicates_6",20250724,0.25,0.9,400,6,FALSE
"crispulator-f1-threshold-curves-v1","BARCS-EB",0.1,400,79,54,53,1,320,26,0.981481481481482,0.670886075949367,0.670886075949367,0.796992481203008,0.0185185185185185,0.996884735202492,0.83388540557593,"moi_0.25_quality_0.9_genes_400_replicates_6",20250724,0.25,0.9,400,6,FALSE
"crispulator-f1-threshold-curves-v1","BARCS-EB",0.05,400,79,50,49,1,320,30,0.98,0.620253164556962,0.620253164556962,0.75968992248062,0.02,0.996884735202492,0.808568949879727,"moi_0.25_quality_0.9_genes_400_replicates_6",20250724,0.25,0.9,400,6,FALSE
"crispulator-f1-threshold-curves-v1","BARCS-EB",0.01,400,79,37,37,0,321,42,1,0.468354430379747,0.468354430379747,0.637931034482759,0,1,0.734177215189873,"moi_0.25_quality_0.9_genes_400_replicates_6",20250724,0.25,0.9,400,6,FALSE
"crispulator-f1-threshold-curves-v1","BARCS-EB",0.005,400,79,30,30,0,321,49,1,0.379746835443038,0.379746835443038,0.55045871559633,0,1,0.689873417721519,"moi_0.25_quality_0.9_genes_400_replicates_6",20250724,0.25,0.9,400,6,FALSE
"crispulator-f1-threshold-curves-v1","BARCS-EB",0.001,400,79,24,24,0,321,55,1,0.30379746835443,0.30379746835443,0.466019417475728,0,1,0.651898734177215,"moi_0.25_quality_0.9_genes_400_replicates_6",20250724,0.25,0.9,400,6,FALSE
"crispulator-f1-threshold-curves-v1","MAGeCK-MLE",0.1,400,79,72,68,4,317,11,0.944444444444444,0.860759493670886,0.860759493670886,0.900662251655629,0.0555555555555556,0.987538940809969,0.924149217240428,"moi_0.25_quality_0.9_genes_400_replicates_6",20250724,0.25,0.9,400,6,FALSE
"crispulator-f1-threshold-curves-v1","MAGeCK-MLE",0.05,400,79,68,66,2,319,13,0.970588235294118,0.835443037974684,0.835443037974684,0.897959183673469,0.0294117647058824,0.993769470404984,0.914606254189834,"moi_0.25_quality_0.9_genes_400_replicates_6",20250724,0.25,0.9,400,6,FALSE
"crispulator-f1-threshold-curves-v1","MAGeCK-MLE",0.01,400,79,50,49,1,320,30,0.98,0.620253164556962,0.620253164556962,0.75968992248062,0.02,0.996884735202492,0.808568949879727,"moi_0.25_quality_0.9_genes_400_replicates_6",20250724,0.25,0.9,400,6,FALSE
"crispulator-f1-threshold-curves-v1","MAGeCK-MLE",0.005,400,79,42,41,1,320,38,0.976190476190476,0.518987341772152,0.518987341772152,0.677685950413223,0.0238095238095238,0.996884735202492,0.757936038487322,"moi_0.25_quality_0.9_genes_400_replicates_6",20250724,0.25,0.9,400,6,FALSE
"crispulator-f1-threshold-curves-v1","MAGeCK-MLE",0.001,400,79,34,34,0,321,45,1,0.430379746835443,0.430379746835443,0.601769911504425,0,1,0.715189873417722,"moi_0.25_quality_0.9_genes_400_replicates_6",20250724,0.25,0.9,400,6,FALSE
"crispulator-f1-threshold-curves-v1","edgeR-QL",0.1,400,79,99,74,25,296,5,0.747474747474748,0.936708860759494,0.936708860759494,0.831460674157303,0.252525252525253,0.922118380062305,0.9294136204109,"moi_0.25_quality_0.9_genes_400_replicates_6",20250724,0.25,0.9,400,6,FALSE
"crispulator-f1-threshold-curves-v1","edgeR-QL",0.05,400,79,85,73,12,309,6,0.858823529411765,0.924050632911392,0.924050632911392,0.890243902439024,0.141176470588235,0.962616822429907,0.94333372767065,"moi_0.25_quality_0.9_genes_400_replicates_6",20250724,0.25,0.9,400,6,FALSE
"crispulator-f1-threshold-curves-v1","edgeR-QL",0.01,400,79,70,68,2,319,11,0.971428571428571,0.860759493670886,0.860759493670886,0.912751677852349,0.0285714285714286,0.993769470404984,0.927264482037935,"moi_0.25_quality_0.9_genes_400_replicates_6",20250724,0.25,0.9,400,6,FALSE
"crispulator-f1-threshold-curves-v1","edgeR-QL",0.005,400,79,67,66,1,320,13,0.985074626865672,0.835443037974684,0.835443037974684,0.904109589041096,0.0149253731343284,0.996884735202492,0.916163886588588,"moi_0.25_quality_0.9_genes_400_replicates_6",20250724,0.25,0.9,400,6,FALSE
"crispulator-f1-threshold-curves-v1","edgeR-QL",0.001,400,79,61,61,0,321,18,1,0.772151898734177,0.772151898734177,0.871428571428571,0,1,0.886075949367089,"moi_0.25_quality_0.9_genes_400_replicates_6",20250724,0.25,0.9,400,6,FALSE
"crispulator-f1-threshold-curves-v1","DESeq2",0.1,400,79,102,76,26,295,3,0.745098039215686,0.962025316455696,0.962025316455696,0.839779005524862,0.254901960784314,0.919003115264797,0.940514215860247,"moi_0.25_quality_0.9_genes_400_replicates_6",20250724,0.25,0.9,400,6,FALSE
"crispulator-f1-threshold-curves-v1","DESeq2",0.05,400,79,92,73,19,302,6,0.793478260869565,0.924050632911392,0.924050632911392,0.853801169590643,0.206521739130435,0.940809968847352,0.932430300879372,"moi_0.25_quality_0.9_genes_400_replicates_6",20250724,0.25,0.9,400,6,FALSE
"crispulator-f1-threshold-curves-v1","DESeq2",0.01,400,79,69,67,2,319,12,0.971014492753623,0.848101265822785,0.848101265822785,0.905405405405405,0.0289855072463768,0.993769470404984,0.920935368113885,"moi_0.25_quality_0.9_genes_400_replicates_6",20250724,0.25,0.9,400,6,FALSE
"crispulator-f1-threshold-curves-v1","DESeq2",0.005,400,79,69,67,2,319,12,0.971014492753623,0.848101265822785,0.848101265822785,0.905405405405405,0.0289855072463768,0.993769470404984,0.920935368113885,"moi_0.25_quality_0.9_genes_400_replicates_6",20250724,0.25,0.9,400,6,FALSE
"crispulator-f1-threshold-curves-v1","DESeq2",0.001,400,79,66,65,1,320,14,0.984848484848485,0.822784810126582,0.822784810126582,0.896551724137931,0.0151515151515152,0.996884735202492,0.909834772664537,"moi_0.25_quality_0.9_genes_400_replicates_6",20250724,0.25,0.9,400,6,FALSE
"crispulator-f1-threshold-curves-v1","limma-voom",0.1,400,79,88,73,15,306,6,0.829545454545455,0.924050632911392,0.924050632911392,0.874251497005988,0.170454545454545,0.953271028037383,0.938660830474388,"moi_0.25_quality_0.9_genes_400_replicates_6",20250724,0.25,0.9,400,6,FALSE
"crispulator-f1-threshold-curves-v1","limma-voom",0.05,400,79,82,71,11,310,8,0.865853658536585,0.89873417721519,0.89873417721519,0.881987577639752,0.134146341463415,0.965732087227414,0.932233132221302,"moi_0.25_quality_0.9_genes_400_replicates_6",20250724,0.25,0.9,400,6,FALSE
"crispulator-f1-threshold-curves-v1","limma-voom",0.01,400,79,68,67,1,320,12,0.985294117647059,0.848101265822785,0.848101265822785,0.91156462585034,0.0147058823529412,0.996884735202492,0.922493000512638,"moi_0.25_quality_0.9_genes_400_replicates_6",20250724,0.25,0.9,400,6,FALSE
"crispulator-f1-threshold-curves-v1","limma-voom",0.005,400,79,67,66,1,320,13,0.985074626865672,0.835443037974684,0.835443037974684,0.904109589041096,0.0149253731343284,0.996884735202492,0.916163886588588,"moi_0.25_quality_0.9_genes_400_replicates_6",20250724,0.25,0.9,400,6,FALSE
"crispulator-f1-threshold-curves-v1","limma-voom",0.001,400,79,60,60,0,321,19,1,0.759493670886076,0.759493670886076,0.863309352517986,0,1,0.879746835443038,"moi_0.25_quality_0.9_genes_400_replicates_6",20250724,0.25,0.9,400,6,FALSE
"crispulator-f1-threshold-curves-v1","BARCS-original",0.1,400,60,60,51,9,331,9,0.85,0.85,0.85,0.85,0.15,0.973529411764706,0.911764705882353,"moi_0.25_quality_0.9_genes_400_replicates_6",20250725,0.25,0.9,400,6,FALSE
"crispulator-f1-threshold-curves-v1","BARCS-original",0.05,400,60,52,48,4,336,12,0.923076923076923,0.8,0.8,0.857142857142857,0.0769230769230769,0.988235294117647,0.894117647058824,"moi_0.25_quality_0.9_genes_400_replicates_6",20250725,0.25,0.9,400,6,FALSE
"crispulator-f1-threshold-curves-v1","BARCS-original",0.01,400,60,43,43,0,340,17,1,0.716666666666667,0.716666666666667,0.83495145631068,0,1,0.858333333333333,"moi_0.25_quality_0.9_genes_400_replicates_6",20250725,0.25,0.9,400,6,FALSE
"crispulator-f1-threshold-curves-v1","BARCS-original",0.005,400,60,39,39,0,340,21,1,0.65,0.65,0.787878787878788,0,1,0.825,"moi_0.25_quality_0.9_genes_400_replicates_6",20250725,0.25,0.9,400,6,FALSE
"crispulator-f1-threshold-curves-v1","BARCS-original",0.001,400,60,36,36,0,340,24,1,0.6,0.6,0.75,0,1,0.8,"moi_0.25_quality_0.9_genes_400_replicates_6",20250725,0.25,0.9,400,6,FALSE
"crispulator-f1-threshold-curves-v1","BARCS-NORM",0.1,400,60,19,16,3,337,44,0.842105263157895,0.266666666666667,0.266666666666667,0.40506329113924,0.157894736842105,0.991176470588235,0.628921568627451,"moi_0.25_quality_0.9_genes_400_replicates_6",20250725,0.25,0.9,400,6,FALSE
"crispulator-f1-threshold-curves-v1","BARCS-NORM",0.05,400,60,0,0,0,340,60,0,0,0,0,0,1,0.5,"moi_0.25_quality_0.9_genes_400_replicates_6",20250725,0.25,0.9,400,6,FALSE
"crispulator-f1-threshold-curves-v1","BARCS-NORM",0.01,400,60,0,0,0,340,60,0,0,0,0,0,1,0.5,"moi_0.25_quality_0.9_genes_400_replicates_6",20250725,0.25,0.9,400,6,FALSE
"crispulator-f1-threshold-curves-v1","BARCS-NORM",0.005,400,60,0,0,0,340,60,0,0,0,0,0,1,0.5,"moi_0.25_quality_0.9_genes_400_replicates_6",20250725,0.25,0.9,400,6,FALSE
"crispulator-f1-threshold-curves-v1","BARCS-NORM",0.001,400,60,0,0,0,340,60,0,0,0,0,0,1,0.5,"moi_0.25_quality_0.9_genes_400_replicates_6",20250725,0.25,0.9,400,6,FALSE
"crispulator-f1-threshold-curves-v1","BARCS-partial",0.1,400,60,36,34,2,338,26,0.944444444444444,0.566666666666667,0.566666666666667,0.708333333333333,0.0555555555555556,0.994117647058824,0.780392156862745,"moi_0.25_quality_0.9_genes_400_replicates_6",20250725,0.25,0.9,400,6,FALSE
"crispulator-f1-threshold-curves-v1","BARCS-partial",0.05,400,60,29,28,1,339,32,0.96551724137931,0.466666666666667,0.466666666666667,0.629213483146068,0.0344827586206897,0.997058823529412,0.731862745098039,"moi_0.25_quality_0.9_genes_400_replicates_6",20250725,0.25,0.9,400,6,FALSE
"crispulator-f1-threshold-curves-v1","BARCS-partial",0.01,400,60,24,24,0,340,36,1,0.4,0.4,0.571428571428572,0,1,0.7,"moi_0.25_quality_0.9_genes_400_replicates_6",20250725,0.25,0.9,400,6,FALSE
"crispulator-f1-threshold-curves-v1","BARCS-partial",0.005,400,60,21,21,0,340,39,1,0.35,0.35,0.518518518518518,0,1,0.675,"moi_0.25_quality_0.9_genes_400_replicates_6",20250725,0.25,0.9,400,6,FALSE
"crispulator-f1-threshold-curves-v1","BARCS-partial",0.001,400,60,16,16,0,340,44,1,0.266666666666667,0.266666666666667,0.421052631578947,0,1,0.633333333333333,"moi_0.25_quality_0.9_genes_400_replicates_6",20250725,0.25,0.9,400,6,FALSE
"crispulator-f1-threshold-curves-v1","BARCS-EB",0.1,400,60,41,41,0,340,19,1,0.683333333333333,0.683333333333333,0.811881188118812,0,1,0.841666666666667,"moi_0.25_quality_0.9_genes_400_replicates_6",20250725,0.25,0.9,400,6,FALSE
"crispulator-f1-threshold-curves-v1","BARCS-EB",0.05,400,60,37,37,0,340,23,1,0.616666666666667,0.616666666666667,0.762886597938144,0,1,0.808333333333333,"moi_0.25_quality_0.9_genes_400_replicates_6",20250725,0.25,0.9,400,6,FALSE
"crispulator-f1-threshold-curves-v1","BARCS-EB",0.01,400,60,30,30,0,340,30,1,0.5,0.5,0.666666666666667,0,1,0.75,"moi_0.25_quality_0.9_genes_400_replicates_6",20250725,0.25,0.9,400,6,FALSE
"crispulator-f1-threshold-curves-v1","BARCS-EB",0.005,400,60,25,25,0,340,35,1,0.416666666666667,0.416666666666667,0.588235294117647,0,1,0.708333333333333,"moi_0.25_quality_0.9_genes_400_replicates_6",20250725,0.25,0.9,400,6,FALSE
"crispulator-f1-threshold-curves-v1","BARCS-EB",0.001,400,60,17,17,0,340,43,1,0.283333333333333,0.283333333333333,0.441558441558442,0,1,0.641666666666667,"moi_0.25_quality_0.9_genes_400_replicates_6",20250725,0.25,0.9,400,6,FALSE
"crispulator-f1-threshold-curves-v1","MAGeCK-MLE",0.1,400,60,60,53,7,333,7,0.883333333333333,0.883333333333333,0.883333333333333,0.883333333333333,0.116666666666667,0.979411764705882,0.931372549019608,"moi_0.25_quality_0.9_genes_400_replicates_6",20250725,0.25,0.9,400,6,FALSE
"crispulator-f1-threshold-curves-v1","MAGeCK-MLE",0.05,400,60,46,46,0,340,14,1,0.766666666666667,0.766666666666667,0.867924528301887,0,1,0.883333333333333,"moi_0.25_quality_0.9_genes_400_replicates_6",20250725,0.25,0.9,400,6,FALSE
"crispulator-f1-threshold-curves-v1","MAGeCK-MLE",0.01,400,60,39,39,0,340,21,1,0.65,0.65,0.787878787878788,0,1,0.825,"moi_0.25_quality_0.9_genes_400_replicates_6",20250725,0.25,0.9,400,6,FALSE
"crispulator-f1-threshold-curves-v1","MAGeCK-MLE",0.005,400,60,38,38,0,340,22,1,0.633333333333333,0.633333333333333,0.775510204081633,0,1,0.816666666666667,"moi_0.25_quality_0.9_genes_400_replicates_6",20250725,0.25,0.9,400,6,FALSE
"crispulator-f1-threshold-curves-v1","MAGeCK-MLE",0.001,400,60,31,31,0,340,29,1,0.516666666666667,0.516666666666667,0.681318681318681,0,1,0.758333333333333,"moi_0.25_quality_0.9_genes_400_replicates_6",20250725,0.25,0.9,400,6,FALSE
"crispulator-f1-threshold-curves-v1","edgeR-QL",0.1,400,60,82,55,27,313,5,0.670731707317073,0.916666666666667,0.916666666666667,0.774647887323944,0.329268292682927,0.920588235294118,0.918627450980392,"moi_0.25_quality_0.9_genes_400_replicates_6",20250725,0.25,0.9,400,6,FALSE
"crispulator-f1-threshold-curves-v1","edgeR-QL",0.05,400,60,69,54,15,325,6,0.782608695652174,0.9,0.9,0.837209302325581,0.217391304347826,0.955882352941177,0.927941176470588,"moi_0.25_quality_0.9_genes_400_replicates_6",20250725,0.25,0.9,400,6,FALSE
"crispulator-f1-threshold-curves-v1","edgeR-QL",0.01,400,60,57,52,5,335,8,0.912280701754386,0.866666666666667,0.866666666666667,0.888888888888889,0.087719298245614,0.985294117647059,0.925980392156863,"moi_0.25_quality_0.9_genes_400_replicates_6",20250725,0.25,0.9,400,6,FALSE
"crispulator-f1-threshold-curves-v1","edgeR-QL",0.005,400,60,53,50,3,337,10,0.943396226415094,0.833333333333333,0.833333333333333,0.884955752212389,0.0566037735849057,0.991176470588235,0.912254901960784,"moi_0.25_quality_0.9_genes_400_replicates_6",20250725,0.25,0.9,400,6,FALSE
"crispulator-f1-threshold-curves-v1","edgeR-QL",0.001,400,60,46,45,1,339,15,0.978260869565217,0.75,0.75,0.849056603773585,0.0217391304347826,0.997058823529412,0.873529411764706,"moi_0.25_quality_0.9_genes_400_replicates_6",20250725,0.25,0.9,400,6,FALSE
"crispulator-f1-threshold-curves-v1","DESeq2",0.1,400,60,82,55,27,313,5,0.670731707317073,0.916666666666667,0.916666666666667,0.774647887323944,0.329268292682927,0.920588235294118,0.918627450980392,"moi_0.25_quality_0.9_genes_400_replicates_6",20250725,0.25,0.9,400,6,FALSE
"crispulator-f1-threshold-curves-v1","DESeq2",0.05,400,60,74,55,19,321,5,0.743243243243243,0.916666666666667,0.916666666666667,0.82089552238806,0.256756756756757,0.944117647058824,0.930392156862745,"moi_0.25_quality_0.9_genes_400_replicates_6",20250725,0.25,0.9,400,6,FALSE
"crispulator-f1-threshold-curves-v1","DESeq2",0.01,400,60,61,53,8,332,7,0.868852459016393,0.883333333333333,0.883333333333333,0.87603305785124,0.131147540983607,0.976470588235294,0.929901960784314,"moi_0.25_quality_0.9_genes_400_replicates_6",20250725,0.25,0.9,400,6,FALSE
"crispulator-f1-threshold-curves-v1","DESeq2",0.005,400,60,55,52,3,337,8,0.945454545454545,0.866666666666667,0.866666666666667,0.904347826086957,0.0545454545454545,0.991176470588235,0.928921568627451,"moi_0.25_quality_0.9_genes_400_replicates_6",20250725,0.25,0.9,400,6,FALSE
"crispulator-f1-threshold-curves-v1","DESeq2",0.001,400,60,47,46,1,339,14,0.978723404255319,0.766666666666667,0.766666666666667,0.85981308411215,0.0212765957446809,0.997058823529412,0.881862745098039,"moi_0.25_quality_0.9_genes_400_replicates_6",20250725,0.25,0.9,400,6,FALSE
"crispulator-f1-threshold-curves-v1","limma-voom",0.1,400,60,78,55,23,317,5,0.705128205128205,0.916666666666667,0.916666666666667,0.797101449275362,0.294871794871795,0.932352941176471,0.924509803921569,"moi_0.25_quality_0.9_genes_400_replicates_6",20250725,0.25,0.9,400,6,FALSE
"crispulator-f1-threshold-curves-v1","limma-voom",0.05,400,60,72,54,18,322,6,0.75,0.9,0.9,0.818181818181818,0.25,0.947058823529412,0.923529411764706,"moi_0.25_quality_0.9_genes_400_replicates_6",20250725,0.25,0.9,400,6,FALSE
"crispulator-f1-threshold-curves-v1","limma-voom",0.01,400,60,55,51,4,336,9,0.927272727272727,0.85,0.85,0.88695652173913,0.0727272727272727,0.988235294117647,0.919117647058824,"moi_0.25_quality_0.9_genes_400_replicates_6",20250725,0.25,0.9,400,6,FALSE
"crispulator-f1-threshold-curves-v1","limma-voom",0.005,400,60,51,48,3,337,12,0.941176470588235,0.8,0.8,0.864864864864865,0.0588235294117647,0.991176470588235,0.895588235294118,"moi_0.25_quality_0.9_genes_400_replicates_6",20250725,0.25,0.9,400,6,FALSE
"crispulator-f1-threshold-curves-v1","limma-voom",0.001,400,60,44,44,0,340,16,1,0.733333333333333,0.733333333333333,0.846153846153846,0,1,0.866666666666667,"moi_0.25_quality_0.9_genes_400_replicates_6",20250725,0.25,0.9,400,6,FALSE
"crispulator-f1-threshold-curves-v1","BARCS-original",0.1,400,92,92,83,9,299,9,0.902173913043478,0.902173913043478,0.902173913043478,0.902173913043478,0.0978260869565217,0.970779220779221,0.93647656691135,"moi_0.25_quality_0.9_genes_400_replicates_6",20250726,0.25,0.9,400,6,FALSE
"crispulator-f1-threshold-curves-v1","BARCS-original",0.05,400,92,84,79,5,303,13,0.94047619047619,0.858695652173913,0.858695652173913,0.897727272727273,0.0595238095238095,0.983766233766234,0.921230942970073,"moi_0.25_quality_0.9_genes_400_replicates_6",20250726,0.25,0.9,400,6,FALSE
"crispulator-f1-threshold-curves-v1","BARCS-original",0.01,400,92,71,71,0,308,21,1,0.771739130434783,0.771739130434783,0.871165644171779,0,1,0.885869565217391,"moi_0.25_quality_0.9_genes_400_replicates_6",20250726,0.25,0.9,400,6,FALSE
"crispulator-f1-threshold-curves-v1","BARCS-original",0.005,400,92,66,66,0,308,26,1,0.717391304347826,0.717391304347826,0.835443037974683,0,1,0.858695652173913,"moi_0.25_quality_0.9_genes_400_replicates_6",20250726,0.25,0.9,400,6,FALSE
"crispulator-f1-threshold-curves-v1","BARCS-original",0.001,400,92,57,57,0,308,35,1,0.619565217391304,0.619565217391304,0.76510067114094,0,1,0.809782608695652,"moi_0.25_quality_0.9_genes_400_replicates_6",20250726,0.25,0.9,400,6,FALSE
"crispulator-f1-threshold-curves-v1","BARCS-NORM",0.1,400,92,35,32,3,305,60,0.914285714285714,0.347826086956522,0.347826086956522,0.503937007874016,0.0857142857142857,0.99025974025974,0.669042913608131,"moi_0.25_quality_0.9_genes_400_replicates_6",20250726,0.25,0.9,400,6,FALSE
"crispulator-f1-threshold-curves-v1","BARCS-NORM",0.05,400,92,25,24,1,307,68,0.96,0.260869565217391,0.260869565217391,0.41025641025641,0.04,0.996753246753247,0.628811405985319,"moi_0.25_quality_0.9_genes_400_replicates_6",20250726,0.25,0.9,400,6,FALSE
"crispulator-f1-threshold-curves-v1","BARCS-NORM",0.01,400,92,0,0,0,308,92,0,0,0,0,0,1,0.5,"moi_0.25_quality_0.9_genes_400_replicates_6",20250726,0.25,0.9,400,6,FALSE
"crispulator-f1-threshold-curves-v1","BARCS-NORM",0.005,400,92,0,0,0,308,92,0,0,0,0,0,1,0.5,"moi_0.25_quality_0.9_genes_400_replicates_6",20250726,0.25,0.9,400,6,FALSE
"crispulator-f1-threshold-curves-v1","BARCS-NORM",0.001,400,92,0,0,0,308,92,0,0,0,0,0,1,0.5,"moi_0.25_quality_0.9_genes_400_replicates_6",20250726,0.25,0.9,400,6,FALSE
"crispulator-f1-threshold-curves-v1","BARCS-partial",0.1,400,92,47,47,0,308,45,1,0.510869565217391,0.510869565217391,0.676258992805755,0,1,0.755434782608696,"moi_0.25_quality_0.9_genes_400_replicates_6",20250726,0.25,0.9,400,6,FALSE
"crispulator-f1-threshold-curves-v1","BARCS-partial",0.05,400,92,40,40,0,308,52,1,0.434782608695652,0.434782608695652,0.606060606060606,0,1,0.717391304347826,"moi_0.25_quality_0.9_genes_400_replicates_6",20250726,0.25,0.9,400,6,FALSE
"crispulator-f1-threshold-curves-v1","BARCS-partial",0.01,400,92,37,37,0,308,55,1,0.402173913043478,0.402173913043478,0.573643410852713,0,1,0.701086956521739,"moi_0.25_quality_0.9_genes_400_replicates_6",20250726,0.25,0.9,400,6,FALSE
"crispulator-f1-threshold-curves-v1","BARCS-partial",0.005,400,92,37,37,0,308,55,1,0.402173913043478,0.402173913043478,0.573643410852713,0,1,0.701086956521739,"moi_0.25_quality_0.9_genes_400_replicates_6",20250726,0.25,0.9,400,6,FALSE
"crispulator-f1-threshold-curves-v1","BARCS-partial",0.001,400,92,26,26,0,308,66,1,0.282608695652174,0.282608695652174,0.440677966101695,0,1,0.641304347826087,"moi_0.25_quality_0.9_genes_400_replicates_6",20250726,0.25,0.9,400,6,FALSE
"crispulator-f1-threshold-curves-v1","BARCS-EB",0.1,400,92,55,55,0,308,37,1,0.597826086956522,0.597826086956522,0.748299319727891,0,1,0.798913043478261,"moi_0.25_quality_0.9_genes_400_replicates_6",20250726,0.25,0.9,400,6,FALSE
"crispulator-f1-threshold-curves-v1","BARCS-EB",0.05,400,92,47,47,0,308,45,1,0.510869565217391,0.510869565217391,0.676258992805755,0,1,0.755434782608696,"moi_0.25_quality_0.9_genes_400_replicates_6",20250726,0.25,0.9,400,6,FALSE
"crispulator-f1-threshold-curves-v1","BARCS-EB",0.01,400,92,38,38,0,308,54,1,0.41304347826087,0.41304347826087,0.584615384615385,0,1,0.706521739130435,"moi_0.25_quality_0.9_genes_400_replicates_6",20250726,0.25,0.9,400,6,FALSE
"crispulator-f1-threshold-curves-v1","BARCS-EB",0.005,400,92,36,36,0,308,56,1,0.391304347826087,0.391304347826087,0.5625,0,1,0.695652173913043,"moi_0.25_quality_0.9_genes_400_replicates_6",20250726,0.25,0.9,400,6,FALSE
"crispulator-f1-threshold-curves-v1","BARCS-EB",0.001,400,92,26,26,0,308,66,1,0.282608695652174,0.282608695652174,0.440677966101695,0,1,0.641304347826087,"moi_0.25_quality_0.9_genes_400_replicates_6",20250726,0.25,0.9,400,6,FALSE
"crispulator-f1-threshold-curves-v1","MAGeCK-MLE",0.1,400,92,88,83,5,303,9,0.943181818181818,0.902173913043478,0.902173913043478,0.922222222222222,0.0568181818181818,0.983766233766234,0.942970073404856,"moi_0.25_quality_0.9_genes_400_replicates_6",20250726,0.25,0.9,400,6,FALSE
"crispulator-f1-threshold-curves-v1","MAGeCK-MLE",0.05,400,92,77,76,1,307,16,0.987012987012987,0.826086956521739,0.826086956521739,0.899408284023669,0.012987012987013,0.996753246753247,0.911420101637493,"moi_0.25_quality_0.9_genes_400_replicates_6",20250726,0.25,0.9,400,6,FALSE
"crispulator-f1-threshold-curves-v1","MAGeCK-MLE",0.01,400,92,59,59,0,308,33,1,0.641304347826087,0.641304347826087,0.781456953642384,0,1,0.820652173913043,"moi_0.25_quality_0.9_genes_400_replicates_6",20250726,0.25,0.9,400,6,FALSE
"crispulator-f1-threshold-curves-v1","MAGeCK-MLE",0.005,400,92,54,54,0,308,38,1,0.58695652173913,0.58695652173913,0.73972602739726,0,1,0.793478260869565,"moi_0.25_quality_0.9_genes_400_replicates_6",20250726,0.25,0.9,400,6,FALSE
"crispulator-f1-threshold-curves-v1","MAGeCK-MLE",0.001,400,92,36,36,0,308,56,1,0.391304347826087,0.391304347826087,0.5625,0,1,0.695652173913043,"moi_0.25_quality_0.9_genes_400_replicates_6",20250726,0.25,0.9,400,6,FALSE
"crispulator-f1-threshold-curves-v1","edgeR-QL",0.1,400,92,113,87,26,282,5,0.769911504424779,0.945652173913043,0.945652173913043,0.848780487804878,0.230088495575221,0.915584415584416,0.93061829474873,"moi_0.25_quality_0.9_genes_400_replicates_6",20250726,0.25,0.9,400,6,FALSE
"crispulator-f1-threshold-curves-v1","edgeR-QL",0.05,400,92,98,87,11,297,5,0.887755102040816,0.945652173913043,0.945652173913043,0.91578947368421,0.112244897959184,0.964285714285714,0.954968944099379,"moi_0.25_quality_0.9_genes_400_replicates_6",20250726,0.25,0.9,400,6,FALSE
"crispulator-f1-threshold-curves-v1","edgeR-QL",0.01,400,92,86,82,4,304,10,0.953488372093023,0.891304347826087,0.891304347826087,0.921348314606742,0.0465116279069767,0.987012987012987,0.939158667419537,"moi_0.25_quality_0.9_genes_400_replicates_6",20250726,0.25,0.9,400,6,FALSE
"crispulator-f1-threshold-curves-v1","edgeR-QL",0.005,400,92,82,79,3,305,13,0.963414634146341,0.858695652173913,0.858695652173913,0.908045977011494,0.0365853658536585,0.99025974025974,0.924477696216827,"moi_0.25_quality_0.9_genes_400_replicates_6",20250726,0.25,0.9,400,6,FALSE
"crispulator-f1-threshold-curves-v1","edgeR-QL",0.001,400,92,73,73,0,308,19,1,0.793478260869565,0.793478260869565,0.884848484848485,0,1,0.896739130434783,"moi_0.25_quality_0.9_genes_400_replicates_6",20250726,0.25,0.9,400,6,FALSE
"crispulator-f1-threshold-curves-v1","DESeq2",0.1,400,92,113,88,25,283,4,0.778761061946903,0.956521739130435,0.956521739130435,0.858536585365854,0.221238938053097,0.918831168831169,0.937676453980802,"moi_0.25_quality_0.9_genes_400_replicates_6",20250726,0.25,0.9,400,6,FALSE
"crispulator-f1-threshold-curves-v1","DESeq2",0.05,400,92,103,87,16,292,5,0.844660194174757,0.945652173913043,0.945652173913043,0.892307692307692,0.155339805825243,0.948051948051948,0.946852060982496,"moi_0.25_quality_0.9_genes_400_replicates_6",20250726,0.25,0.9,400,6,FALSE
"crispulator-f1-threshold-curves-v1","DESeq2",0.01,400,92,86,82,4,304,10,0.953488372093023,0.891304347826087,0.891304347826087,0.921348314606742,0.0465116279069767,0.987012987012987,0.939158667419537,"moi_0.25_quality_0.9_genes_400_replicates_6",20250726,0.25,0.9,400,6,FALSE
"crispulator-f1-threshold-curves-v1","DESeq2",0.005,400,92,84,81,3,305,11,0.964285714285714,0.880434782608696,0.880434782608696,0.920454545454546,0.0357142857142857,0.99025974025974,0.935347261434218,"moi_0.25_quality_0.9_genes_400_replicates_6",20250726,0.25,0.9,400,6,FALSE
"crispulator-f1-threshold-curves-v1","DESeq2",0.001,400,92,74,74,0,308,18,1,0.804347826086957,0.804347826086957,0.891566265060241,0,1,0.902173913043478,"moi_0.25_quality_0.9_genes_400_replicates_6",20250726,0.25,0.9,400,6,FALSE
"crispulator-f1-threshold-curves-v1","limma-voom",0.1,400,92,108,87,21,287,5,0.805555555555556,0.945652173913043,0.945652173913043,0.87,0.194444444444444,0.931818181818182,0.938735177865613,"moi_0.25_quality_0.9_genes_400_replicates_6",20250726,0.25,0.9,400,6,FALSE
"crispulator-f1-threshold-curves-v1","limma-voom",0.05,400,92,98,86,12,296,6,0.877551020408163,0.934782608695652,0.934782608695652,0.905263157894737,0.122448979591837,0.961038961038961,0.947910784867307,"moi_0.25_quality_0.9_genes_400_replicates_6",20250726,0.25,0.9,400,6,FALSE
"crispulator-f1-threshold-curves-v1","limma-voom",0.01,400,92,83,80,3,305,12,0.963855421686747,0.869565217391304,0.869565217391304,0.914285714285714,0.036144578313253,0.99025974025974,0.929912478825522,"moi_0.25_quality_0.9_genes_400_replicates_6",20250726,0.25,0.9,400,6,FALSE
"crispulator-f1-threshold-curves-v1","limma-voom",0.005,400,92,78,76,2,306,16,0.974358974358974,0.826086956521739,0.826086956521739,0.894117647058823,0.0256410256410256,0.993506493506494,0.909796725014116,"moi_0.25_quality_0.9_genes_400_replicates_6",20250726,0.25,0.9,400,6,FALSE
"crispulator-f1-threshold-curves-v1","limma-voom",0.001,400,92,72,72,0,308,20,1,0.782608695652174,0.782608695652174,0.878048780487805,0,1,0.891304347826087,"moi_0.25_quality_0.9_genes_400_replicates_6",20250726,0.25,0.9,400,6,FALSE
"crispulator-f1-threshold-curves-v1","BARCS-original",0.1,400,102,89,86,3,295,16,0.966292134831461,0.843137254901961,0.843137254901961,0.900523560209424,0.0337078651685393,0.98993288590604,0.916535070404,"moi_0.25_quality_0.9_genes_400_replicates_6",20250727,0.25,0.9,400,6,FALSE
"crispulator-f1-threshold-curves-v1","BARCS-original",0.05,400,102,83,82,1,297,20,0.987951807228916,0.803921568627451,0.803921568627451,0.886486486486486,0.0120481927710843,0.996644295302013,0.900282931964732,"moi_0.25_quality_0.9_genes_400_replicates_6",20250727,0.25,0.9,400,6,FALSE
"crispulator-f1-threshold-curves-v1","BARCS-original",0.01,400,102,71,71,0,298,31,1,0.696078431372549,0.696078431372549,0.820809248554913,0,1,0.848039215686274,"moi_0.25_quality_0.9_genes_400_replicates_6",20250727,0.25,0.9,400,6,FALSE
"crispulator-f1-threshold-curves-v1","BARCS-original",0.005,400,102,69,69,0,298,33,1,0.676470588235294,0.676470588235294,0.807017543859649,0,1,0.838235294117647,"moi_0.25_quality_0.9_genes_400_replicates_6",20250727,0.25,0.9,400,6,FALSE
"crispulator-f1-threshold-curves-v1","BARCS-original",0.001,400,102,58,58,0,298,44,1,0.568627450980392,0.568627450980392,0.725,0,1,0.784313725490196,"moi_0.25_quality_0.9_genes_400_replicates_6",20250727,0.25,0.9,400,6,FALSE
"crispulator-f1-threshold-curves-v1","BARCS-NORM",0.1,400,102,52,51,1,297,51,0.980769230769231,0.5,0.5,0.662337662337662,0.0192307692307692,0.996644295302013,0.748322147651007,"moi_0.25_quality_0.9_genes_400_replicates_6",20250727,0.25,0.9,400,6,FALSE
"crispulator-f1-threshold-curves-v1","BARCS-NORM",0.05,400,102,22,22,0,298,80,1,0.215686274509804,0.215686274509804,0.354838709677419,0,1,0.607843137254902,"moi_0.25_quality_0.9_genes_400_replicates_6",20250727,0.25,0.9,400,6,FALSE
"crispulator-f1-threshold-curves-v1","BARCS-NORM",0.01,400,102,3,3,0,298,99,1,0.0294117647058824,0.0294117647058824,0.0571428571428571,0,1,0.514705882352941,"moi_0.25_quality_0.9_genes_400_replicates_6",20250727,0.25,0.9,400,6,FALSE
"crispulator-f1-threshold-curves-v1","BARCS-NORM",0.005,400,102,3,3,0,298,99,1,0.0294117647058824,0.0294117647058824,0.0571428571428571,0,1,0.514705882352941,"moi_0.25_quality_0.9_genes_400_replicates_6",20250727,0.25,0.9,400,6,FALSE
"crispulator-f1-threshold-curves-v1","BARCS-NORM",0.001,400,102,0,0,0,298,102,0,0,0,0,0,1,0.5,"moi_0.25_quality_0.9_genes_400_replicates_6",20250727,0.25,0.9,400,6,FALSE
"crispulator-f1-threshold-curves-v1","BARCS-partial",0.1,400,102,68,65,3,295,37,0.955882352941177,0.637254901960784,0.637254901960784,0.764705882352941,0.0441176470588235,0.98993288590604,0.813593893933412,"moi_0.25_quality_0.9_genes_400_replicates_6",20250727,0.25,0.9,400,6,FALSE
"crispulator-f1-threshold-curves-v1","BARCS-partial",0.05,400,102,63,62,1,297,40,0.984126984126984,0.607843137254902,0.607843137254902,0.751515151515151,0.0158730158730159,0.996644295302013,0.802243716278458,"moi_0.25_quality_0.9_genes_400_replicates_6",20250727,0.25,0.9,400,6,FALSE
"crispulator-f1-threshold-curves-v1","BARCS-partial",0.01,400,102,50,50,0,298,52,1,0.490196078431373,0.490196078431373,0.657894736842105,0,1,0.745098039215686,"moi_0.25_quality_0.9_genes_400_replicates_6",20250727,0.25,0.9,400,6,FALSE
"crispulator-f1-threshold-curves-v1","BARCS-partial",0.005,400,102,48,48,0,298,54,1,0.470588235294118,0.470588235294118,0.64,0,1,0.735294117647059,"moi_0.25_quality_0.9_genes_400_replicates_6",20250727,0.25,0.9,400,6,FALSE
"crispulator-f1-threshold-curves-v1","BARCS-partial",0.001,400,102,38,38,0,298,64,1,0.372549019607843,0.372549019607843,0.542857142857143,0,1,0.686274509803922,"moi_0.25_quality_0.9_genes_400_replicates_6",20250727,0.25,0.9,400,6,FALSE
"crispulator-f1-threshold-curves-v1","BARCS-EB",0.1,400,102,73,73,0,298,29,1,0.715686274509804,0.715686274509804,0.834285714285714,0,1,0.857843137254902,"moi_0.25_quality_0.9_genes_400_replicates_6",20250727,0.25,0.9,400,6,FALSE
"crispulator-f1-threshold-curves-v1","BARCS-EB",0.05,400,102,66,66,0,298,36,1,0.647058823529412,0.647058823529412,0.785714285714286,0,1,0.823529411764706,"moi_0.25_quality_0.9_genes_400_replicates_6",20250727,0.25,0.9,400,6,FALSE
"crispulator-f1-threshold-curves-v1","BARCS-EB",0.01,400,102,56,56,0,298,46,1,0.549019607843137,0.549019607843137,0.708860759493671,0,1,0.774509803921569,"moi_0.25_quality_0.9_genes_400_replicates_6",20250727,0.25,0.9,400,6,FALSE
"crispulator-f1-threshold-curves-v1","BARCS-EB",0.005,400,102,55,55,0,298,47,1,0.53921568627451,0.53921568627451,0.700636942675159,0,1,0.769607843137255,"moi_0.25_quality_0.9_genes_400_replicates_6",20250727,0.25,0.9,400,6,FALSE
"crispulator-f1-threshold-curves-v1","BARCS-EB",0.001,400,102,36,36,0,298,66,1,0.352941176470588,0.352941176470588,0.521739130434783,0,1,0.676470588235294,"moi_0.25_quality_0.9_genes_400_replicates_6",20250727,0.25,0.9,400,6,FALSE
"crispulator-f1-threshold-curves-v1","MAGeCK-MLE",0.1,400,102,89,86,3,295,16,0.966292134831461,0.843137254901961,0.843137254901961,0.900523560209424,0.0337078651685393,0.98993288590604,0.916535070404,"moi_0.25_quality_0.9_genes_400_replicates_6",20250727,0.25,0.9,400,6,FALSE
"crispulator-f1-threshold-curves-v1","MAGeCK-MLE",0.05,400,102,83,81,2,296,21,0.975903614457831,0.794117647058823,0.794117647058823,0.875675675675676,0.0240963855421687,0.993288590604027,0.893703118831425,"moi_0.25_quality_0.9_genes_400_replicates_6",20250727,0.25,0.9,400,6,FALSE
"crispulator-f1-threshold-curves-v1","MAGeCK-MLE",0.01,400,102,68,68,0,298,34,1,0.666666666666667,0.666666666666667,0.8,0,1,0.833333333333333,"moi_0.25_quality_0.9_genes_400_replicates_6",20250727,0.25,0.9,400,6,FALSE
"crispulator-f1-threshold-curves-v1","MAGeCK-MLE",0.005,400,102,63,63,0,298,39,1,0.61764705882353,0.61764705882353,0.763636363636364,0,1,0.808823529411765,"moi_0.25_quality_0.9_genes_400_replicates_6",20250727,0.25,0.9,400,6,FALSE
"crispulator-f1-threshold-curves-v1","MAGeCK-MLE",0.001,400,102,43,43,0,298,59,1,0.42156862745098,0.42156862745098,0.593103448275862,0,1,0.71078431372549,"moi_0.25_quality_0.9_genes_400_replicates_6",20250727,0.25,0.9,400,6,FALSE
"crispulator-f1-threshold-curves-v1","edgeR-QL",0.1,400,102,109,95,14,284,7,0.871559633027523,0.931372549019608,0.931372549019608,0.900473933649289,0.128440366972477,0.953020134228188,0.942196341623898,"moi_0.25_quality_0.9_genes_400_replicates_6",20250727,0.25,0.9,400,6,FALSE
"crispulator-f1-threshold-curves-v1","edgeR-QL",0.05,400,102,98,93,5,293,9,0.948979591836735,0.911764705882353,0.911764705882353,0.93,0.0510204081632653,0.983221476510067,0.94749309119621,"moi_0.25_quality_0.9_genes_400_replicates_6",20250727,0.25,0.9,400,6,FALSE
"crispulator-f1-threshold-curves-v1","edgeR-QL",0.01,400,102,89,86,3,295,16,0.966292134831461,0.843137254901961,0.843137254901961,0.900523560209424,0.0337078651685393,0.98993288590604,0.916535070404,"moi_0.25_quality_0.9_genes_400_replicates_6",20250727,0.25,0.9,400,6,FALSE
"crispulator-f1-threshold-curves-v1","edgeR-QL",0.005,400,102,84,82,2,296,20,0.976190476190476,0.803921568627451,0.803921568627451,0.881720430107527,0.0238095238095238,0.993288590604027,0.898605079615739,"moi_0.25_quality_0.9_genes_400_replicates_6",20250727,0.25,0.9,400,6,FALSE
"crispulator-f1-threshold-curves-v1","edgeR-QL",0.001,400,102,80,80,0,298,22,1,0.784313725490196,0.784313725490196,0.879120879120879,0,1,0.892156862745098,"moi_0.25_quality_0.9_genes_400_replicates_6",20250727,0.25,0.9,400,6,FALSE
"crispulator-f1-threshold-curves-v1","DESeq2",0.1,400,102,107,93,14,284,9,0.869158878504673,0.911764705882353,0.911764705882353,0.889952153110048,0.130841121495327,0.953020134228188,0.93239242005527,"moi_0.25_quality_0.9_genes_400_replicates_6",20250727,0.25,0.9,400,6,FALSE
"crispulator-f1-threshold-curves-v1","DESeq2",0.05,400,102,100,92,8,290,10,0.92,0.901960784313726,0.901960784313726,0.910891089108911,0.08,0.973154362416107,0.937557573364916,"moi_0.25_quality_0.9_genes_400_replicates_6",20250727,0.25,0.9,400,6,FALSE
"crispulator-f1-threshold-curves-v1","DESeq2",0.01,400,102,89,86,3,295,16,0.966292134831461,0.843137254901961,0.843137254901961,0.900523560209424,0.0337078651685393,0.98993288590604,0.916535070404,"moi_0.25_quality_0.9_genes_400_replicates_6",20250727,0.25,0.9,400,6,FALSE
"crispulator-f1-threshold-curves-v1","DESeq2",0.005,400,102,84,82,2,296,20,0.976190476190476,0.803921568627451,0.803921568627451,0.881720430107527,0.0238095238095238,0.993288590604027,0.898605079615739,"moi_0.25_quality_0.9_genes_400_replicates_6",20250727,0.25,0.9,400,6,FALSE
"crispulator-f1-threshold-curves-v1","DESeq2",0.001,400,102,79,79,0,298,23,1,0.774509803921569,0.774509803921569,0.87292817679558,0,1,0.887254901960784,"moi_0.25_quality_0.9_genes_400_replicates_6",20250727,0.25,0.9,400,6,FALSE
"crispulator-f1-threshold-curves-v1","limma-voom",0.1,400,102,106,94,12,286,8,0.886792452830189,0.92156862745098,0.92156862745098,0.903846153846154,0.113207547169811,0.959731543624161,0.940650085537571,"moi_0.25_quality_0.9_genes_400_replicates_6",20250727,0.25,0.9,400,6,FALSE
"crispulator-f1-threshold-curves-v1","limma-voom",0.05,400,102,97,92,5,293,10,0.948453608247423,0.901960784313726,0.901960784313726,0.924623115577889,0.0515463917525773,0.983221476510067,0.942591130411896,"moi_0.25_quality_0.9_genes_400_replicates_6",20250727,0.25,0.9,400,6,FALSE
"crispulator-f1-threshold-curves-v1","limma-voom",0.01,400,102,89,86,3,295,16,0.966292134831461,0.843137254901961,0.843137254901961,0.900523560209424,0.0337078651685393,0.98993288590604,0.916535070404,"moi_0.25_quality_0.9_genes_400_replicates_6",20250727,0.25,0.9,400,6,FALSE
"crispulator-f1-threshold-curves-v1","limma-voom",0.005,400,102,85,83,2,296,19,0.976470588235294,0.813725490196078,0.813725490196078,0.887700534759358,0.0235294117647059,0.993288590604027,0.903507040400053,"moi_0.25_quality_0.9_genes_400_replicates_6",20250727,0.25,0.9,400,6,FALSE
"crispulator-f1-threshold-curves-v1","limma-voom",0.001,400,102,79,79,0,298,23,1,0.774509803921569,0.774509803921569,0.87292817679558,0,1,0.887254901960784,"moi_0.25_quality_0.9_genes_400_replicates_6",20250727,0.25,0.9,400,6,FALSE
"crispulator-f1-threshold-curves-v1","BARCS-original",0.1,400,90,91,82,9,301,8,0.901098901098901,0.911111111111111,0.911111111111111,0.906077348066298,0.0989010989010989,0.970967741935484,0.941039426523298,"moi_0.25_quality_0.9_genes_400_replicates_6",20250728,0.25,0.9,400,6,FALSE
"crispulator-f1-threshold-curves-v1","BARCS-original",0.05,400,90,84,80,4,306,10,0.952380952380952,0.888888888888889,0.888888888888889,0.919540229885057,0.0476190476190476,0.987096774193548,0.937992831541219,"moi_0.25_quality_0.9_genes_400_replicates_6",20250728,0.25,0.9,400,6,FALSE
"crispulator-f1-threshold-curves-v1","BARCS-original",0.01,400,90,73,73,0,310,17,1,0.811111111111111,0.811111111111111,0.895705521472393,0,1,0.905555555555556,"moi_0.25_quality_0.9_genes_400_replicates_6",20250728,0.25,0.9,400,6,FALSE
"crispulator-f1-threshold-curves-v1","BARCS-original",0.005,400,90,72,72,0,310,18,1,0.8,0.8,0.888888888888889,0,1,0.9,"moi_0.25_quality_0.9_genes_400_replicates_6",20250728,0.25,0.9,400,6,FALSE
"crispulator-f1-threshold-curves-v1","BARCS-original",0.001,400,90,60,60,0,310,30,1,0.666666666666667,0.666666666666667,0.8,0,1,0.833333333333333,"moi_0.25_quality_0.9_genes_400_replicates_6",20250728,0.25,0.9,400,6,FALSE
"crispulator-f1-threshold-curves-v1","BARCS-NORM",0.1,400,90,41,38,3,307,52,0.926829268292683,0.422222222222222,0.422222222222222,0.580152671755725,0.0731707317073171,0.990322580645161,0.706272401433692,"moi_0.25_quality_0.9_genes_400_replicates_6",20250728,0.25,0.9,400,6,FALSE
"crispulator-f1-threshold-curves-v1","BARCS-NORM",0.05,400,90,9,9,0,310,81,1,0.1,0.1,0.181818181818182,0,1,0.55,"moi_0.25_quality_0.9_genes_400_replicates_6",20250728,0.25,0.9,400,6,FALSE
"crispulator-f1-threshold-curves-v1","BARCS-NORM",0.01,400,90,3,3,0,310,87,1,0.0333333333333333,0.0333333333333333,0.0645161290322581,0,1,0.516666666666667,"moi_0.25_quality_0.9_genes_400_replicates_6",20250728,0.25,0.9,400,6,FALSE
"crispulator-f1-threshold-curves-v1","BARCS-NORM",0.005,400,90,1,1,0,310,89,1,0.0111111111111111,0.0111111111111111,0.021978021978022,0,1,0.505555555555556,"moi_0.25_quality_0.9_genes_400_replicates_6",20250728,0.25,0.9,400,6,FALSE
"crispulator-f1-threshold-curves-v1","BARCS-NORM",0.001,400,90,0,0,0,310,90,0,0,0,0,0,1,0.5,"moi_0.25_quality_0.9_genes_400_replicates_6",20250728,0.25,0.9,400,6,FALSE
"crispulator-f1-threshold-curves-v1","BARCS-partial",0.1,400,90,74,68,6,304,22,0.918918918918919,0.755555555555556,0.755555555555556,0.829268292682927,0.0810810810810811,0.980645161290323,0.868100358422939,"moi_0.25_quality_0.9_genes_400_replicates_6",20250728,0.25,0.9,400,6,FALSE
"crispulator-f1-threshold-curves-v1","BARCS-partial",0.05,400,90,58,56,2,308,34,0.96551724137931,0.622222222222222,0.622222222222222,0.756756756756757,0.0344827586206897,0.993548387096774,0.807885304659498,"moi_0.25_quality_0.9_genes_400_replicates_6",20250728,0.25,0.9,400,6,FALSE
"crispulator-f1-threshold-curves-v1","BARCS-partial",0.01,400,90,47,47,0,310,43,1,0.522222222222222,0.522222222222222,0.686131386861314,0,1,0.761111111111111,"moi_0.25_quality_0.9_genes_400_replicates_6",20250728,0.25,0.9,400,6,FALSE
"crispulator-f1-threshold-curves-v1","BARCS-partial",0.005,400,90,40,40,0,310,50,1,0.444444444444444,0.444444444444444,0.615384615384615,0,1,0.722222222222222,"moi_0.25_quality_0.9_genes_400_replicates_6",20250728,0.25,0.9,400,6,FALSE
"crispulator-f1-threshold-curves-v1","BARCS-partial",0.001,400,90,33,33,0,310,57,1,0.366666666666667,0.366666666666667,0.536585365853658,0,1,0.683333333333333,"moi_0.25_quality_0.9_genes_400_replicates_6",20250728,0.25,0.9,400,6,FALSE
"crispulator-f1-threshold-curves-v1","BARCS-EB",0.1,400,90,75,74,1,309,16,0.986666666666667,0.822222222222222,0.822222222222222,0.896969696969697,0.0133333333333333,0.996774193548387,0.909498207885305,"moi_0.25_quality_0.9_genes_400_replicates_6",20250728,0.25,0.9,400,6,FALSE
"crispulator-f1-threshold-curves-v1","BARCS-EB",0.05,400,90,70,70,0,310,20,1,0.777777777777778,0.777777777777778,0.875,0,1,0.888888888888889,"moi_0.25_quality_0.9_genes_400_replicates_6",20250728,0.25,0.9,400,6,FALSE
"crispulator-f1-threshold-curves-v1","BARCS-EB",0.01,400,90,57,57,0,310,33,1,0.633333333333333,0.633333333333333,0.775510204081633,0,1,0.816666666666667,"moi_0.25_quality_0.9_genes_400_replicates_6",20250728,0.25,0.9,400,6,FALSE
"crispulator-f1-threshold-curves-v1","BARCS-EB",0.005,400,90,48,48,0,310,42,1,0.533333333333333,0.533333333333333,0.695652173913044,0,1,0.766666666666667,"moi_0.25_quality_0.9_genes_400_replicates_6",20250728,0.25,0.9,400,6,FALSE
"crispulator-f1-threshold-curves-v1","BARCS-EB",0.001,400,90,38,38,0,310,52,1,0.422222222222222,0.422222222222222,0.59375,0,1,0.711111111111111,"moi_0.25_quality_0.9_genes_400_replicates_6",20250728,0.25,0.9,400,6,FALSE
"crispulator-f1-threshold-curves-v1","MAGeCK-MLE",0.1,400,90,87,82,5,305,8,0.942528735632184,0.911111111111111,0.911111111111111,0.926553672316384,0.0574712643678161,0.983870967741935,0.947491039426523,"moi_0.25_quality_0.9_genes_400_replicates_6",20250728,0.25,0.9,400,6,FALSE
"crispulator-f1-threshold-curves-v1","MAGeCK-MLE",0.05,400,90,80,77,3,307,13,0.9625,0.855555555555556,0.855555555555556,0.905882352941176,0.0375,0.990322580645161,0.922939068100358,"moi_0.25_quality_0.9_genes_400_replicates_6",20250728,0.25,0.9,400,6,FALSE
"crispulator-f1-threshold-curves-v1","MAGeCK-MLE",0.01,400,90,59,59,0,310,31,1,0.655555555555556,0.655555555555556,0.791946308724832,0,1,0.827777777777778,"moi_0.25_quality_0.9_genes_400_replicates_6",20250728,0.25,0.9,400,6,FALSE
"crispulator-f1-threshold-curves-v1","MAGeCK-MLE",0.005,400,90,54,54,0,310,36,1,0.6,0.6,0.75,0,1,0.8,"moi_0.25_quality_0.9_genes_400_replicates_6",20250728,0.25,0.9,400,6,FALSE
"crispulator-f1-threshold-curves-v1","MAGeCK-MLE",0.001,400,90,46,46,0,310,44,1,0.511111111111111,0.511111111111111,0.676470588235294,0,1,0.755555555555556,"moi_0.25_quality_0.9_genes_400_replicates_6",20250728,0.25,0.9,400,6,FALSE
"crispulator-f1-threshold-curves-v1","edgeR-QL",0.1,400,90,111,85,26,284,5,0.765765765765766,0.944444444444444,0.944444444444444,0.845771144278607,0.234234234234234,0.916129032258065,0.930286738351255,"moi_0.25_quality_0.9_genes_400_replicates_6",20250728,0.25,0.9,400,6,FALSE
"crispulator-f1-threshold-curves-v1","edgeR-QL",0.05,400,90,95,83,12,298,7,0.873684210526316,0.922222222222222,0.922222222222222,0.897297297297297,0.126315789473684,0.961290322580645,0.941756272401434,"moi_0.25_quality_0.9_genes_400_replicates_6",20250728,0.25,0.9,400,6,FALSE
"crispulator-f1-threshold-curves-v1","edgeR-QL",0.01,400,90,85,81,4,306,9,0.952941176470588,0.9,0.9,0.925714285714286,0.0470588235294118,0.987096774193548,0.943548387096774,"moi_0.25_quality_0.9_genes_400_replicates_6",20250728,0.25,0.9,400,6,FALSE
"crispulator-f1-threshold-curves-v1","edgeR-QL",0.005,400,90,84,81,3,307,9,0.964285714285714,0.9,0.9,0.931034482758621,0.0357142857142857,0.990322580645161,0.945161290322581,"moi_0.25_quality_0.9_genes_400_replicates_6",20250728,0.25,0.9,400,6,FALSE
"crispulator-f1-threshold-curves-v1","edgeR-QL",0.001,400,90,75,75,0,310,15,1,0.833333333333333,0.833333333333333,0.909090909090909,0,1,0.916666666666667,"moi_0.25_quality_0.9_genes_400_replicates_6",20250728,0.25,0.9,400,6,FALSE
"crispulator-f1-threshold-curves-v1","DESeq2",0.1,400,90,108,85,23,287,5,0.787037037037037,0.944444444444444,0.944444444444444,0.858585858585859,0.212962962962963,0.925806451612903,0.935125448028674,"moi_0.25_quality_0.9_genes_400_replicates_6",20250728,0.25,0.9,400,6,FALSE
"crispulator-f1-threshold-curves-v1","DESeq2",0.05,400,90,94,83,11,299,7,0.882978723404255,0.922222222222222,0.922222222222222,0.902173913043478,0.117021276595745,0.964516129032258,0.94336917562724,"moi_0.25_quality_0.9_genes_400_replicates_6",20250728,0.25,0.9,400,6,FALSE
"crispulator-f1-threshold-curves-v1","DESeq2",0.01,400,90,85,81,4,306,9,0.952941176470588,0.9,0.9,0.925714285714286,0.0470588235294118,0.987096774193548,0.943548387096774,"moi_0.25_quality_0.9_genes_400_replicates_6",20250728,0.25,0.9,400,6,FALSE
"crispulator-f1-threshold-curves-v1","DESeq2",0.005,400,90,84,81,3,307,9,0.964285714285714,0.9,0.9,0.931034482758621,0.0357142857142857,0.990322580645161,0.945161290322581,"moi_0.25_quality_0.9_genes_400_replicates_6",20250728,0.25,0.9,400,6,FALSE
"crispulator-f1-threshold-curves-v1","DESeq2",0.001,400,90,81,80,1,309,10,0.987654320987654,0.888888888888889,0.888888888888889,0.935672514619883,0.0123456790123457,0.996774193548387,0.942831541218638,"moi_0.25_quality_0.9_genes_400_replicates_6",20250728,0.25,0.9,400,6,FALSE
"crispulator-f1-threshold-curves-v1","limma-voom",0.1,400,90,107,85,22,288,5,0.794392523364486,0.944444444444444,0.944444444444444,0.862944162436548,0.205607476635514,0.929032258064516,0.93673835125448,"moi_0.25_quality_0.9_genes_400_replicates_6",20250728,0.25,0.9,400,6,FALSE
"crispulator-f1-threshold-curves-v1","limma-voom",0.05,400,90,97,83,14,296,7,0.855670103092783,0.922222222222222,0.922222222222222,0.887700534759358,0.144329896907216,0.954838709677419,0.938530465949821,"moi_0.25_quality_0.9_genes_400_replicates_6",20250728,0.25,0.9,400,6,FALSE
"crispulator-f1-threshold-curves-v1","limma-voom",0.01,400,90,85,81,4,306,9,0.952941176470588,0.9,0.9,0.925714285714286,0.0470588235294118,0.987096774193548,0.943548387096774,"moi_0.25_quality_0.9_genes_400_replicates_6",20250728,0.25,0.9,400,6,FALSE
"crispulator-f1-threshold-curves-v1","limma-voom",0.005,400,90,81,79,2,308,11,0.975308641975309,0.877777777777778,0.877777777777778,0.923976608187135,0.0246913580246914,0.993548387096774,0.935663082437276,"moi_0.25_quality_0.9_genes_400_replicates_6",20250728,0.25,0.9,400,6,FALSE
"crispulator-f1-threshold-curves-v1","limma-voom",0.001,400,90,73,73,0,310,17,1,0.811111111111111,0.811111111111111,0.895705521472393,0,1,0.905555555555556,"moi_0.25_quality_0.9_genes_400_replicates_6",20250728,0.25,0.9,400,6,FALSE
