"analysis_protocol","scenario_id","seed","method","result_source","result_path","result_md5","count_path","count_md5","truth_path","truth_md5","design_path","design_md5","barcs_max_effect_difference","barcs_max_p_difference","barcs_max_fdr_difference"
"barcs-external-headtohead-v1","moi_0.25_quality_0.9_genes_400_replicates_4",20250724,"BARCS-original","current three-method run","results/crispulator_facs/repeated/moi_0.25_quality_0.9/seed_20250724/analysis_three_methods/low_bulk_high_original_gene_results.csv","e47eecef8e4d9def35c153249b9a0ed9","results/crispulator_facs/repeated/moi_0.25_quality_0.9/seed_20250724/data/counts.tsv","e586cf795b0f742fa2948d51958b4080","results/crispulator_facs/repeated/moi_0.25_quality_0.9/seed_20250724/data/gene_truth.tsv","e3f5f7157210b23a3522994a9dfefb50","results/crispulator_facs/repeated/moi_0.25_quality_0.9/seed_20250724/data/sample_design.tsv","259f4c270ceb3c9eb5838c111c405bec",0,0,0
"barcs-external-headtohead-v1","moi_0.25_quality_0.9_genes_400_replicates_4",20250724,"BARCS-partial","current three-method run","results/crispulator_facs/repeated/moi_0.25_quality_0.9/seed_20250724/analysis_three_methods/low_bulk_high_partial_gene_results.csv","8d577911bdd4a4b3e8e42fcd71dd0db9","results/crispulator_facs/repeated/moi_0.25_quality_0.9/seed_20250724/data/counts.tsv","e586cf795b0f742fa2948d51958b4080","results/crispulator_facs/repeated/moi_0.25_quality_0.9/seed_20250724/data/gene_truth.tsv","e3f5f7157210b23a3522994a9dfefb50","results/crispulator_facs/repeated/moi_0.25_quality_0.9/seed_20250724/data/sample_design.tsv","259f4c270ceb3c9eb5838c111c405bec",0,0,0
"barcs-external-headtohead-v1","moi_0.25_quality_0.9_genes_400_replicates_4",20250724,"BARCS-EB","current three-method run","results/crispulator_facs/repeated/moi_0.25_quality_0.9/seed_20250724/analysis_three_methods/low_bulk_high_eb_gene_results.csv","e721512aca90e72f3695902871031769","results/crispulator_facs/repeated/moi_0.25_quality_0.9/seed_20250724/data/counts.tsv","e586cf795b0f742fa2948d51958b4080","results/crispulator_facs/repeated/moi_0.25_quality_0.9/seed_20250724/data/gene_truth.tsv","e3f5f7157210b23a3522994a9dfefb50","results/crispulator_facs/repeated/moi_0.25_quality_0.9/seed_20250724/data/sample_design.tsv","259f4c270ceb3c9eb5838c111c405bec",0,0,0
"barcs-external-headtohead-v1","moi_0.25_quality_0.9_genes_400_replicates_4",20250724,"MAGeCK-MLE","verified stored external fit","results/crispulator_facs/repeated/moi_0.25_quality_0.9/seed_20250724/analysis/mageck_mle_low_bulk_high_gene_results.csv","42e3614487e53af17a23777a7698ce28","results/crispulator_facs/repeated/moi_0.25_quality_0.9/seed_20250724/data/counts.tsv","e586cf795b0f742fa2948d51958b4080","results/crispulator_facs/repeated/moi_0.25_quality_0.9/seed_20250724/data/gene_truth.tsv","e3f5f7157210b23a3522994a9dfefb50","results/crispulator_facs/repeated/moi_0.25_quality_0.9/seed_20250724/data/sample_design.tsv","259f4c270ceb3c9eb5838c111c405bec",0,0,0
"barcs-external-headtohead-v1","moi_0.25_quality_0.9_genes_400_replicates_4",20250724,"edgeR-QL","verified stored external fit","results/crispulator_facs/repeated/moi_0.25_quality_0.9/seed_20250724/analysis/edger_ql_low_bulk_high_gene_results.csv","0162a26c809fdd8428c0099bcd6661f3","results/crispulator_facs/repeated/moi_0.25_quality_0.9/seed_20250724/data/counts.tsv","e586cf795b0f742fa2948d51958b4080","results/crispulator_facs/repeated/moi_0.25_quality_0.9/seed_20250724/data/gene_truth.tsv","e3f5f7157210b23a3522994a9dfefb50","results/crispulator_facs/repeated/moi_0.25_quality_0.9/seed_20250724/data/sample_design.tsv","259f4c270ceb3c9eb5838c111c405bec",0,0,0
"barcs-external-headtohead-v1","moi_0.25_quality_0.9_genes_400_replicates_4",20250724,"DESeq2","verified stored external fit","results/crispulator_facs/repeated/moi_0.25_quality_0.9/seed_20250724/analysis/deseq2_low_bulk_high_gene_results.csv","dac991556868cccb7ba1ab9e133fc17c","results/crispulator_facs/repeated/moi_0.25_quality_0.9/seed_20250724/data/counts.tsv","e586cf795b0f742fa2948d51958b4080","results/crispulator_facs/repeated/moi_0.25_quality_0.9/seed_20250724/data/gene_truth.tsv","e3f5f7157210b23a3522994a9dfefb50","results/crispulator_facs/repeated/moi_0.25_quality_0.9/seed_20250724/data/sample_design.tsv","259f4c270ceb3c9eb5838c111c405bec",0,0,0
"barcs-external-headtohead-v1","moi_0.25_quality_0.9_genes_400_replicates_4",20250724,"limma-voom","verified stored external fit","results/crispulator_facs/repeated/moi_0.25_quality_0.9/seed_20250724/analysis/limma_voom_low_bulk_high_gene_results.csv","ba949936a8f33527a95eb09af5dc304d","results/crispulator_facs/repeated/moi_0.25_quality_0.9/seed_20250724/data/counts.tsv","e586cf795b0f742fa2948d51958b4080","results/crispulator_facs/repeated/moi_0.25_quality_0.9/seed_20250724/data/gene_truth.tsv","e3f5f7157210b23a3522994a9dfefb50","results/crispulator_facs/repeated/moi_0.25_quality_0.9/seed_20250724/data/sample_design.tsv","259f4c270ceb3c9eb5838c111c405bec",0,0,0
"barcs-external-headtohead-v1","moi_0.25_quality_0.9_genes_400_replicates_4",20250725,"BARCS-original","current three-method run","results/crispulator_facs/repeated/moi_0.25_quality_0.9/seed_20250725/analysis_three_methods/low_bulk_high_original_gene_results.csv","2cb22e336973c4edffb81b07f6b15603","results/crispulator_facs/repeated/moi_0.25_quality_0.9/seed_20250725/data/counts.tsv","548ddd14b1d90928f64acd19d072374f","results/crispulator_facs/repeated/moi_0.25_quality_0.9/seed_20250725/data/gene_truth.tsv","4ef0dd1fb2040099ebb9c600e4ff2420","results/crispulator_facs/repeated/moi_0.25_quality_0.9/seed_20250725/data/sample_design.tsv","259f4c270ceb3c9eb5838c111c405bec",0,0,0
"barcs-external-headtohead-v1","moi_0.25_quality_0.9_genes_400_replicates_4",20250725,"BARCS-partial","current three-method run","results/crispulator_facs/repeated/moi_0.25_quality_0.9/seed_20250725/analysis_three_methods/low_bulk_high_partial_gene_results.csv","d105a6615d5e968e957d88b3a28dd1d9","results/crispulator_facs/repeated/moi_0.25_quality_0.9/seed_20250725/data/counts.tsv","548ddd14b1d90928f64acd19d072374f","results/crispulator_facs/repeated/moi_0.25_quality_0.9/seed_20250725/data/gene_truth.tsv","4ef0dd1fb2040099ebb9c600e4ff2420","results/crispulator_facs/repeated/moi_0.25_quality_0.9/seed_20250725/data/sample_design.tsv","259f4c270ceb3c9eb5838c111c405bec",0,0,0
"barcs-external-headtohead-v1","moi_0.25_quality_0.9_genes_400_replicates_4",20250725,"BARCS-EB","current three-method run","results/crispulator_facs/repeated/moi_0.25_quality_0.9/seed_20250725/analysis_three_methods/low_bulk_high_eb_gene_results.csv","fc27a7988d425b375368940682a9d981","results/crispulator_facs/repeated/moi_0.25_quality_0.9/seed_20250725/data/counts.tsv","548ddd14b1d90928f64acd19d072374f","results/crispulator_facs/repeated/moi_0.25_quality_0.9/seed_20250725/data/gene_truth.tsv","4ef0dd1fb2040099ebb9c600e4ff2420","results/crispulator_facs/repeated/moi_0.25_quality_0.9/seed_20250725/data/sample_design.tsv","259f4c270ceb3c9eb5838c111c405bec",0,0,0
"barcs-external-headtohead-v1","moi_0.25_quality_0.9_genes_400_replicates_4",20250725,"MAGeCK-MLE","verified stored external fit","results/crispulator_facs/repeated/moi_0.25_quality_0.9/seed_20250725/analysis/mageck_mle_low_bulk_high_gene_results.csv","1db7427d3280d276ca0e3ff831656812","results/crispulator_facs/repeated/moi_0.25_quality_0.9/seed_20250725/data/counts.tsv","548ddd14b1d90928f64acd19d072374f","results/crispulator_facs/repeated/moi_0.25_quality_0.9/seed_20250725/data/gene_truth.tsv","4ef0dd1fb2040099ebb9c600e4ff2420","results/crispulator_facs/repeated/moi_0.25_quality_0.9/seed_20250725/data/sample_design.tsv","259f4c270ceb3c9eb5838c111c405bec",0,0,0
"barcs-external-headtohead-v1","moi_0.25_quality_0.9_genes_400_replicates_4",20250725,"edgeR-QL","verified stored external fit","results/crispulator_facs/repeated/moi_0.25_quality_0.9/seed_20250725/analysis/edger_ql_low_bulk_high_gene_results.csv","93807fc50cec960ec1971a92e90fdc9d","results/crispulator_facs/repeated/moi_0.25_quality_0.9/seed_20250725/data/counts.tsv","548ddd14b1d90928f64acd19d072374f","results/crispulator_facs/repeated/moi_0.25_quality_0.9/seed_20250725/data/gene_truth.tsv","4ef0dd1fb2040099ebb9c600e4ff2420","results/crispulator_facs/repeated/moi_0.25_quality_0.9/seed_20250725/data/sample_design.tsv","259f4c270ceb3c9eb5838c111c405bec",0,0,0
"barcs-external-headtohead-v1","moi_0.25_quality_0.9_genes_400_replicates_4",20250725,"DESeq2","verified stored external fit","results/crispulator_facs/repeated/moi_0.25_quality_0.9/seed_20250725/analysis/deseq2_low_bulk_high_gene_results.csv","a7a8acf968bec0595f1fbfbc05629e01","results/crispulator_facs/repeated/moi_0.25_quality_0.9/seed_20250725/data/counts.tsv","548ddd14b1d90928f64acd19d072374f","results/crispulator_facs/repeated/moi_0.25_quality_0.9/seed_20250725/data/gene_truth.tsv","4ef0dd1fb2040099ebb9c600e4ff2420","results/crispulator_facs/repeated/moi_0.25_quality_0.9/seed_20250725/data/sample_design.tsv","259f4c270ceb3c9eb5838c111c405bec",0,0,0
"barcs-external-headtohead-v1","moi_0.25_quality_0.9_genes_400_replicates_4",20250725,"limma-voom","verified stored external fit","results/crispulator_facs/repeated/moi_0.25_quality_0.9/seed_20250725/analysis/limma_voom_low_bulk_high_gene_results.csv","73fc71ea20fcadef9295ed07fdab75d8","results/crispulator_facs/repeated/moi_0.25_quality_0.9/seed_20250725/data/counts.tsv","548ddd14b1d90928f64acd19d072374f","results/crispulator_facs/repeated/moi_0.25_quality_0.9/seed_20250725/data/gene_truth.tsv","4ef0dd1fb2040099ebb9c600e4ff2420","results/crispulator_facs/repeated/moi_0.25_quality_0.9/seed_20250725/data/sample_design.tsv","259f4c270ceb3c9eb5838c111c405bec",0,0,0
"barcs-external-headtohead-v1","moi_0.25_quality_0.9_genes_400_replicates_4",20250726,"BARCS-original","current three-method run","results/crispulator_facs/repeated/moi_0.25_quality_0.9/seed_20250726/analysis_three_methods/low_bulk_high_original_gene_results.csv","9136167aaa458e6582e712f4f0a78896","results/crispulator_facs/repeated/moi_0.25_quality_0.9/seed_20250726/data/counts.tsv","62372e5631f4ba2bd00467b7aa4b587c","results/crispulator_facs/repeated/moi_0.25_quality_0.9/seed_20250726/data/gene_truth.tsv","b96f59e42708dcb79803e0db52bc930c","results/crispulator_facs/repeated/moi_0.25_quality_0.9/seed_20250726/data/sample_design.tsv","259f4c270ceb3c9eb5838c111c405bec",0,0,0
"barcs-external-headtohead-v1","moi_0.25_quality_0.9_genes_400_replicates_4",20250726,"BARCS-partial","current three-method run","results/crispulator_facs/repeated/moi_0.25_quality_0.9/seed_20250726/analysis_three_methods/low_bulk_high_partial_gene_results.csv","7289e7db15c721acb27aedb106b9b02e","results/crispulator_facs/repeated/moi_0.25_quality_0.9/seed_20250726/data/counts.tsv","62372e5631f4ba2bd00467b7aa4b587c","results/crispulator_facs/repeated/moi_0.25_quality_0.9/seed_20250726/data/gene_truth.tsv","b96f59e42708dcb79803e0db52bc930c","results/crispulator_facs/repeated/moi_0.25_quality_0.9/seed_20250726/data/sample_design.tsv","259f4c270ceb3c9eb5838c111c405bec",0,0,0
"barcs-external-headtohead-v1","moi_0.25_quality_0.9_genes_400_replicates_4",20250726,"BARCS-EB","current three-method run","results/crispulator_facs/repeated/moi_0.25_quality_0.9/seed_20250726/analysis_three_methods/low_bulk_high_eb_gene_results.csv","2fbe3ec55896f9ba260f945738ccbd41","results/crispulator_facs/repeated/moi_0.25_quality_0.9/seed_20250726/data/counts.tsv","62372e5631f4ba2bd00467b7aa4b587c","results/crispulator_facs/repeated/moi_0.25_quality_0.9/seed_20250726/data/gene_truth.tsv","b96f59e42708dcb79803e0db52bc930c","results/crispulator_facs/repeated/moi_0.25_quality_0.9/seed_20250726/data/sample_design.tsv","259f4c270ceb3c9eb5838c111c405bec",0,0,0
"barcs-external-headtohead-v1","moi_0.25_quality_0.9_genes_400_replicates_4",20250726,"MAGeCK-MLE","verified stored external fit","results/crispulator_facs/repeated/moi_0.25_quality_0.9/seed_20250726/analysis/mageck_mle_low_bulk_high_gene_results.csv","ec84a21c1788d91d0110c943835ebbef","results/crispulator_facs/repeated/moi_0.25_quality_0.9/seed_20250726/data/counts.tsv","62372e5631f4ba2bd00467b7aa4b587c","results/crispulator_facs/repeated/moi_0.25_quality_0.9/seed_20250726/data/gene_truth.tsv","b96f59e42708dcb79803e0db52bc930c","results/crispulator_facs/repeated/moi_0.25_quality_0.9/seed_20250726/data/sample_design.tsv","259f4c270ceb3c9eb5838c111c405bec",0,0,0
"barcs-external-headtohead-v1","moi_0.25_quality_0.9_genes_400_replicates_4",20250726,"edgeR-QL","verified stored external fit","results/crispulator_facs/repeated/moi_0.25_quality_0.9/seed_20250726/analysis/edger_ql_low_bulk_high_gene_results.csv","91bf01f1342df36376cda9881f8ece9e","results/crispulator_facs/repeated/moi_0.25_quality_0.9/seed_20250726/data/counts.tsv","62372e5631f4ba2bd00467b7aa4b587c","results/crispulator_facs/repeated/moi_0.25_quality_0.9/seed_20250726/data/gene_truth.tsv","b96f59e42708dcb79803e0db52bc930c","results/crispulator_facs/repeated/moi_0.25_quality_0.9/seed_20250726/data/sample_design.tsv","259f4c270ceb3c9eb5838c111c405bec",0,0,0
"barcs-external-headtohead-v1","moi_0.25_quality_0.9_genes_400_replicates_4",20250726,"DESeq2","verified stored external fit","results/crispulator_facs/repeated/moi_0.25_quality_0.9/seed_20250726/analysis/deseq2_low_bulk_high_gene_results.csv","1be8ca094f1049192f71015fb98a51de","results/crispulator_facs/repeated/moi_0.25_quality_0.9/seed_20250726/data/counts.tsv","62372e5631f4ba2bd00467b7aa4b587c","results/crispulator_facs/repeated/moi_0.25_quality_0.9/seed_20250726/data/gene_truth.tsv","b96f59e42708dcb79803e0db52bc930c","results/crispulator_facs/repeated/moi_0.25_quality_0.9/seed_20250726/data/sample_design.tsv","259f4c270ceb3c9eb5838c111c405bec",0,0,0
"barcs-external-headtohead-v1","moi_0.25_quality_0.9_genes_400_replicates_4",20250726,"limma-voom","verified stored external fit","results/crispulator_facs/repeated/moi_0.25_quality_0.9/seed_20250726/analysis/limma_voom_low_bulk_high_gene_results.csv","45a3e3321ac2fbf7be11fe4fd5ad28a0","results/crispulator_facs/repeated/moi_0.25_quality_0.9/seed_20250726/data/counts.tsv","62372e5631f4ba2bd00467b7aa4b587c","results/crispulator_facs/repeated/moi_0.25_quality_0.9/seed_20250726/data/gene_truth.tsv","b96f59e42708dcb79803e0db52bc930c","results/crispulator_facs/repeated/moi_0.25_quality_0.9/seed_20250726/data/sample_design.tsv","259f4c270ceb3c9eb5838c111c405bec",0,0,0
"barcs-external-headtohead-v1","moi_0.25_quality_0.9_genes_400_replicates_4",20250727,"BARCS-original","current three-method run","results/crispulator_facs/repeated/moi_0.25_quality_0.9/seed_20250727/analysis_three_methods/low_bulk_high_original_gene_results.csv","3ec0b5bd742c29ac83baad4347666b32","results/crispulator_facs/repeated/moi_0.25_quality_0.9/seed_20250727/data/counts.tsv","dd26b269765adebd773f858c82c94423","results/crispulator_facs/repeated/moi_0.25_quality_0.9/seed_20250727/data/gene_truth.tsv","f58ae16e56128f355564b426d61f6ada","results/crispulator_facs/repeated/moi_0.25_quality_0.9/seed_20250727/data/sample_design.tsv","259f4c270ceb3c9eb5838c111c405bec",0,0,0
"barcs-external-headtohead-v1","moi_0.25_quality_0.9_genes_400_replicates_4",20250727,"BARCS-partial","current three-method run","results/crispulator_facs/repeated/moi_0.25_quality_0.9/seed_20250727/analysis_three_methods/low_bulk_high_partial_gene_results.csv","a1ff0afc7a26fd03bd3196d52caccaf5","results/crispulator_facs/repeated/moi_0.25_quality_0.9/seed_20250727/data/counts.tsv","dd26b269765adebd773f858c82c94423","results/crispulator_facs/repeated/moi_0.25_quality_0.9/seed_20250727/data/gene_truth.tsv","f58ae16e56128f355564b426d61f6ada","results/crispulator_facs/repeated/moi_0.25_quality_0.9/seed_20250727/data/sample_design.tsv","259f4c270ceb3c9eb5838c111c405bec",0,0,0
"barcs-external-headtohead-v1","moi_0.25_quality_0.9_genes_400_replicates_4",20250727,"BARCS-EB","current three-method run","results/crispulator_facs/repeated/moi_0.25_quality_0.9/seed_20250727/analysis_three_methods/low_bulk_high_eb_gene_results.csv","ffa81be3f33ae76318f3c482d45a101c","results/crispulator_facs/repeated/moi_0.25_quality_0.9/seed_20250727/data/counts.tsv","dd26b269765adebd773f858c82c94423","results/crispulator_facs/repeated/moi_0.25_quality_0.9/seed_20250727/data/gene_truth.tsv","f58ae16e56128f355564b426d61f6ada","results/crispulator_facs/repeated/moi_0.25_quality_0.9/seed_20250727/data/sample_design.tsv","259f4c270ceb3c9eb5838c111c405bec",0,0,0
"barcs-external-headtohead-v1","moi_0.25_quality_0.9_genes_400_replicates_4",20250727,"MAGeCK-MLE","verified stored external fit","results/crispulator_facs/repeated/moi_0.25_quality_0.9/seed_20250727/analysis/mageck_mle_low_bulk_high_gene_results.csv","ef248466c37c54a4e3a6d52fac70a513","results/crispulator_facs/repeated/moi_0.25_quality_0.9/seed_20250727/data/counts.tsv","dd26b269765adebd773f858c82c94423","results/crispulator_facs/repeated/moi_0.25_quality_0.9/seed_20250727/data/gene_truth.tsv","f58ae16e56128f355564b426d61f6ada","results/crispulator_facs/repeated/moi_0.25_quality_0.9/seed_20250727/data/sample_design.tsv","259f4c270ceb3c9eb5838c111c405bec",0,0,0
"barcs-external-headtohead-v1","moi_0.25_quality_0.9_genes_400_replicates_4",20250727,"edgeR-QL","verified stored external fit","results/crispulator_facs/repeated/moi_0.25_quality_0.9/seed_20250727/analysis/edger_ql_low_bulk_high_gene_results.csv","6daf96c88a538e404a314cbfb115c4a2","results/crispulator_facs/repeated/moi_0.25_quality_0.9/seed_20250727/data/counts.tsv","dd26b269765adebd773f858c82c94423","results/crispulator_facs/repeated/moi_0.25_quality_0.9/seed_20250727/data/gene_truth.tsv","f58ae16e56128f355564b426d61f6ada","results/crispulator_facs/repeated/moi_0.25_quality_0.9/seed_20250727/data/sample_design.tsv","259f4c270ceb3c9eb5838c111c405bec",0,0,0
"barcs-external-headtohead-v1","moi_0.25_quality_0.9_genes_400_replicates_4",20250727,"DESeq2","verified stored external fit","results/crispulator_facs/repeated/moi_0.25_quality_0.9/seed_20250727/analysis/deseq2_low_bulk_high_gene_results.csv","c51496341d25b8c9a2315dff2c6b0e2c","results/crispulator_facs/repeated/moi_0.25_quality_0.9/seed_20250727/data/counts.tsv","dd26b269765adebd773f858c82c94423","results/crispulator_facs/repeated/moi_0.25_quality_0.9/seed_20250727/data/gene_truth.tsv","f58ae16e56128f355564b426d61f6ada","results/crispulator_facs/repeated/moi_0.25_quality_0.9/seed_20250727/data/sample_design.tsv","259f4c270ceb3c9eb5838c111c405bec",0,0,0
"barcs-external-headtohead-v1","moi_0.25_quality_0.9_genes_400_replicates_4",20250727,"limma-voom","verified stored external fit","results/crispulator_facs/repeated/moi_0.25_quality_0.9/seed_20250727/analysis/limma_voom_low_bulk_high_gene_results.csv","72b65e7fa5256f3e7284bf5fe17d8008","results/crispulator_facs/repeated/moi_0.25_quality_0.9/seed_20250727/data/counts.tsv","dd26b269765adebd773f858c82c94423","results/crispulator_facs/repeated/moi_0.25_quality_0.9/seed_20250727/data/gene_truth.tsv","f58ae16e56128f355564b426d61f6ada","results/crispulator_facs/repeated/moi_0.25_quality_0.9/seed_20250727/data/sample_design.tsv","259f4c270ceb3c9eb5838c111c405bec",0,0,0
"barcs-external-headtohead-v1","moi_0.25_quality_0.9_genes_400_replicates_4",20250728,"BARCS-original","current three-method run","results/crispulator_facs/repeated/moi_0.25_quality_0.9/seed_20250728/analysis_three_methods/low_bulk_high_original_gene_results.csv","23f5afb08c9ebbd1913a4019ba60d622","results/crispulator_facs/repeated/moi_0.25_quality_0.9/seed_20250728/data/counts.tsv","ac2f17b87a1bb292d6fa2403f3e48466","results/crispulator_facs/repeated/moi_0.25_quality_0.9/seed_20250728/data/gene_truth.tsv","fd3ed42ca66f73f655eeb1ddd496b12e","results/crispulator_facs/repeated/moi_0.25_quality_0.9/seed_20250728/data/sample_design.tsv","259f4c270ceb3c9eb5838c111c405bec",0,0,0
"barcs-external-headtohead-v1","moi_0.25_quality_0.9_genes_400_replicates_4",20250728,"BARCS-partial","current three-method run","results/crispulator_facs/repeated/moi_0.25_quality_0.9/seed_20250728/analysis_three_methods/low_bulk_high_partial_gene_results.csv","4d16980c87372d96469773bd83badc0b","results/crispulator_facs/repeated/moi_0.25_quality_0.9/seed_20250728/data/counts.tsv","ac2f17b87a1bb292d6fa2403f3e48466","results/crispulator_facs/repeated/moi_0.25_quality_0.9/seed_20250728/data/gene_truth.tsv","fd3ed42ca66f73f655eeb1ddd496b12e","results/crispulator_facs/repeated/moi_0.25_quality_0.9/seed_20250728/data/sample_design.tsv","259f4c270ceb3c9eb5838c111c405bec",0,0,0
"barcs-external-headtohead-v1","moi_0.25_quality_0.9_genes_400_replicates_4",20250728,"BARCS-EB","current three-method run","results/crispulator_facs/repeated/moi_0.25_quality_0.9/seed_20250728/analysis_three_methods/low_bulk_high_eb_gene_results.csv","c7fdd4309c391c902e09745f951a01c0","results/crispulator_facs/repeated/moi_0.25_quality_0.9/seed_20250728/data/counts.tsv","ac2f17b87a1bb292d6fa2403f3e48466","results/crispulator_facs/repeated/moi_0.25_quality_0.9/seed_20250728/data/gene_truth.tsv","fd3ed42ca66f73f655eeb1ddd496b12e","results/crispulator_facs/repeated/moi_0.25_quality_0.9/seed_20250728/data/sample_design.tsv","259f4c270ceb3c9eb5838c111c405bec",0,0,0
"barcs-external-headtohead-v1","moi_0.25_quality_0.9_genes_400_replicates_4",20250728,"MAGeCK-MLE","verified stored external fit","results/crispulator_facs/repeated/moi_0.25_quality_0.9/seed_20250728/analysis/mageck_mle_low_bulk_high_gene_results.csv","dd8bb553c41aba4eb3351190075a02c4","results/crispulator_facs/repeated/moi_0.25_quality_0.9/seed_20250728/data/counts.tsv","ac2f17b87a1bb292d6fa2403f3e48466","results/crispulator_facs/repeated/moi_0.25_quality_0.9/seed_20250728/data/gene_truth.tsv","fd3ed42ca66f73f655eeb1ddd496b12e","results/crispulator_facs/repeated/moi_0.25_quality_0.9/seed_20250728/data/sample_design.tsv","259f4c270ceb3c9eb5838c111c405bec",0,0,0
"barcs-external-headtohead-v1","moi_0.25_quality_0.9_genes_400_replicates_4",20250728,"edgeR-QL","verified stored external fit","results/crispulator_facs/repeated/moi_0.25_quality_0.9/seed_20250728/analysis/edger_ql_low_bulk_high_gene_results.csv","e53e9b10fe966749d13c371590376c4d","results/crispulator_facs/repeated/moi_0.25_quality_0.9/seed_20250728/data/counts.tsv","ac2f17b87a1bb292d6fa2403f3e48466","results/crispulator_facs/repeated/moi_0.25_quality_0.9/seed_20250728/data/gene_truth.tsv","fd3ed42ca66f73f655eeb1ddd496b12e","results/crispulator_facs/repeated/moi_0.25_quality_0.9/seed_20250728/data/sample_design.tsv","259f4c270ceb3c9eb5838c111c405bec",0,0,0
"barcs-external-headtohead-v1","moi_0.25_quality_0.9_genes_400_replicates_4",20250728,"DESeq2","verified stored external fit","results/crispulator_facs/repeated/moi_0.25_quality_0.9/seed_20250728/analysis/deseq2_low_bulk_high_gene_results.csv","47399f8ce79a4fa470ee5a50fcb218bd","results/crispulator_facs/repeated/moi_0.25_quality_0.9/seed_20250728/data/counts.tsv","ac2f17b87a1bb292d6fa2403f3e48466","results/crispulator_facs/repeated/moi_0.25_quality_0.9/seed_20250728/data/gene_truth.tsv","fd3ed42ca66f73f655eeb1ddd496b12e","results/crispulator_facs/repeated/moi_0.25_quality_0.9/seed_20250728/data/sample_design.tsv","259f4c270ceb3c9eb5838c111c405bec",0,0,0
"barcs-external-headtohead-v1","moi_0.25_quality_0.9_genes_400_replicates_4",20250728,"limma-voom","verified stored external fit","results/crispulator_facs/repeated/moi_0.25_quality_0.9/seed_20250728/analysis/limma_voom_low_bulk_high_gene_results.csv","2efae60c5df26bccbc12ed99ed97cac4","results/crispulator_facs/repeated/moi_0.25_quality_0.9/seed_20250728/data/counts.tsv","ac2f17b87a1bb292d6fa2403f3e48466","results/crispulator_facs/repeated/moi_0.25_quality_0.9/seed_20250728/data/gene_truth.tsv","fd3ed42ca66f73f655eeb1ddd496b12e","results/crispulator_facs/repeated/moi_0.25_quality_0.9/seed_20250728/data/sample_design.tsv","259f4c270ceb3c9eb5838c111c405bec",0,0,0
"barcs-external-headtohead-v1","moi_0.25_quality_0.9_genes_400_replicates_1",20250724,"BARCS-original","current three-method run","results/crispulator_facs/repeated/moi_0.25_quality_0.9_replicates_1/seed_20250724/analysis_three_methods/low_bulk_high_original_gene_results.csv","faf139296f5846c35e6303300aad9f3d","results/crispulator_facs/repeated/moi_0.25_quality_0.9_replicates_1/seed_20250724/data/counts.tsv","3330a699f76eafe04ad9f499c7e7cf74","results/crispulator_facs/repeated/moi_0.25_quality_0.9_replicates_1/seed_20250724/data/gene_truth.tsv","e3f5f7157210b23a3522994a9dfefb50","results/crispulator_facs/repeated/moi_0.25_quality_0.9_replicates_1/seed_20250724/data/sample_design.tsv","4324244e54489a1509762f069513fc42",0,0,0
"barcs-external-headtohead-v1","moi_0.25_quality_0.9_genes_400_replicates_1",20250724,"BARCS-partial","current three-method run","results/crispulator_facs/repeated/moi_0.25_quality_0.9_replicates_1/seed_20250724/analysis_three_methods/low_bulk_high_partial_gene_results.csv","bd45767836309f4a5f57d53c04c25628","results/crispulator_facs/repeated/moi_0.25_quality_0.9_replicates_1/seed_20250724/data/counts.tsv","3330a699f76eafe04ad9f499c7e7cf74","results/crispulator_facs/repeated/moi_0.25_quality_0.9_replicates_1/seed_20250724/data/gene_truth.tsv","e3f5f7157210b23a3522994a9dfefb50","results/crispulator_facs/repeated/moi_0.25_quality_0.9_replicates_1/seed_20250724/data/sample_design.tsv","4324244e54489a1509762f069513fc42",0,0,0
"barcs-external-headtohead-v1","moi_0.25_quality_0.9_genes_400_replicates_1",20250724,"BARCS-EB","current three-method run","results/crispulator_facs/repeated/moi_0.25_quality_0.9_replicates_1/seed_20250724/analysis_three_methods/low_bulk_high_eb_gene_results.csv","64b154ad128ded8c37b356383b19567f","results/crispulator_facs/repeated/moi_0.25_quality_0.9_replicates_1/seed_20250724/data/counts.tsv","3330a699f76eafe04ad9f499c7e7cf74","results/crispulator_facs/repeated/moi_0.25_quality_0.9_replicates_1/seed_20250724/data/gene_truth.tsv","e3f5f7157210b23a3522994a9dfefb50","results/crispulator_facs/repeated/moi_0.25_quality_0.9_replicates_1/seed_20250724/data/sample_design.tsv","4324244e54489a1509762f069513fc42",0,0,0
"barcs-external-headtohead-v1","moi_0.25_quality_0.9_genes_400_replicates_1",20250724,"MAGeCK-MLE","verified stored external fit","results/crispulator_facs/repeated/moi_0.25_quality_0.9_replicates_1/seed_20250724/analysis/mageck_mle_low_bulk_high_gene_results.csv","9fd49477aca3c31ccfdc040306fd8747","results/crispulator_facs/repeated/moi_0.25_quality_0.9_replicates_1/seed_20250724/data/counts.tsv","3330a699f76eafe04ad9f499c7e7cf74","results/crispulator_facs/repeated/moi_0.25_quality_0.9_replicates_1/seed_20250724/data/gene_truth.tsv","e3f5f7157210b23a3522994a9dfefb50","results/crispulator_facs/repeated/moi_0.25_quality_0.9_replicates_1/seed_20250724/data/sample_design.tsv","4324244e54489a1509762f069513fc42",0,0,0
"barcs-external-headtohead-v1","moi_0.25_quality_0.9_genes_400_replicates_1",20250724,"edgeR-QL","verified stored external fit","results/crispulator_facs/repeated/moi_0.25_quality_0.9_replicates_1/seed_20250724/analysis/edger_ql_low_bulk_high_gene_results.csv","69212dbc8302343f6f087a36a1d5c00f","results/crispulator_facs/repeated/moi_0.25_quality_0.9_replicates_1/seed_20250724/data/counts.tsv","3330a699f76eafe04ad9f499c7e7cf74","results/crispulator_facs/repeated/moi_0.25_quality_0.9_replicates_1/seed_20250724/data/gene_truth.tsv","e3f5f7157210b23a3522994a9dfefb50","results/crispulator_facs/repeated/moi_0.25_quality_0.9_replicates_1/seed_20250724/data/sample_design.tsv","4324244e54489a1509762f069513fc42",0,0,0
"barcs-external-headtohead-v1","moi_0.25_quality_0.9_genes_400_replicates_1",20250724,"DESeq2","verified stored external fit","results/crispulator_facs/repeated/moi_0.25_quality_0.9_replicates_1/seed_20250724/analysis/deseq2_low_bulk_high_gene_results.csv","21271e8fc990b281d2d73a581c6be7ee","results/crispulator_facs/repeated/moi_0.25_quality_0.9_replicates_1/seed_20250724/data/counts.tsv","3330a699f76eafe04ad9f499c7e7cf74","results/crispulator_facs/repeated/moi_0.25_quality_0.9_replicates_1/seed_20250724/data/gene_truth.tsv","e3f5f7157210b23a3522994a9dfefb50","results/crispulator_facs/repeated/moi_0.25_quality_0.9_replicates_1/seed_20250724/data/sample_design.tsv","4324244e54489a1509762f069513fc42",0,0,0
"barcs-external-headtohead-v1","moi_0.25_quality_0.9_genes_400_replicates_1",20250724,"limma-voom","verified stored external fit","results/crispulator_facs/repeated/moi_0.25_quality_0.9_replicates_1/seed_20250724/analysis/limma_voom_low_bulk_high_gene_results.csv","db7ec78759c2ddf92938dd37a754f343","results/crispulator_facs/repeated/moi_0.25_quality_0.9_replicates_1/seed_20250724/data/counts.tsv","3330a699f76eafe04ad9f499c7e7cf74","results/crispulator_facs/repeated/moi_0.25_quality_0.9_replicates_1/seed_20250724/data/gene_truth.tsv","e3f5f7157210b23a3522994a9dfefb50","results/crispulator_facs/repeated/moi_0.25_quality_0.9_replicates_1/seed_20250724/data/sample_design.tsv","4324244e54489a1509762f069513fc42",0,0,0
"barcs-external-headtohead-v1","moi_0.25_quality_0.9_genes_400_replicates_1",20250725,"BARCS-original","current three-method run","results/crispulator_facs/repeated/moi_0.25_quality_0.9_replicates_1/seed_20250725/analysis_three_methods/low_bulk_high_original_gene_results.csv","077c4d89b8db958d4992b5d57e855482","results/crispulator_facs/repeated/moi_0.25_quality_0.9_replicates_1/seed_20250725/data/counts.tsv","6da37b5d38b30e6202b28a934bb3ec62","results/crispulator_facs/repeated/moi_0.25_quality_0.9_replicates_1/seed_20250725/data/gene_truth.tsv","4ef0dd1fb2040099ebb9c600e4ff2420","results/crispulator_facs/repeated/moi_0.25_quality_0.9_replicates_1/seed_20250725/data/sample_design.tsv","4324244e54489a1509762f069513fc42",0,0,0
"barcs-external-headtohead-v1","moi_0.25_quality_0.9_genes_400_replicates_1",20250725,"BARCS-partial","current three-method run","results/crispulator_facs/repeated/moi_0.25_quality_0.9_replicates_1/seed_20250725/analysis_three_methods/low_bulk_high_partial_gene_results.csv","a55aeb9c03b2792833dfdfef62bc1055","results/crispulator_facs/repeated/moi_0.25_quality_0.9_replicates_1/seed_20250725/data/counts.tsv","6da37b5d38b30e6202b28a934bb3ec62","results/crispulator_facs/repeated/moi_0.25_quality_0.9_replicates_1/seed_20250725/data/gene_truth.tsv","4ef0dd1fb2040099ebb9c600e4ff2420","results/crispulator_facs/repeated/moi_0.25_quality_0.9_replicates_1/seed_20250725/data/sample_design.tsv","4324244e54489a1509762f069513fc42",0,0,0
"barcs-external-headtohead-v1","moi_0.25_quality_0.9_genes_400_replicates_1",20250725,"BARCS-EB","current three-method run","results/crispulator_facs/repeated/moi_0.25_quality_0.9_replicates_1/seed_20250725/analysis_three_methods/low_bulk_high_eb_gene_results.csv","8c9d7e1b8cc40841211022b49be2c9da","results/crispulator_facs/repeated/moi_0.25_quality_0.9_replicates_1/seed_20250725/data/counts.tsv","6da37b5d38b30e6202b28a934bb3ec62","results/crispulator_facs/repeated/moi_0.25_quality_0.9_replicates_1/seed_20250725/data/gene_truth.tsv","4ef0dd1fb2040099ebb9c600e4ff2420","results/crispulator_facs/repeated/moi_0.25_quality_0.9_replicates_1/seed_20250725/data/sample_design.tsv","4324244e54489a1509762f069513fc42",0,0,0
"barcs-external-headtohead-v1","moi_0.25_quality_0.9_genes_400_replicates_1",20250725,"MAGeCK-MLE","verified stored external fit","results/crispulator_facs/repeated/moi_0.25_quality_0.9_replicates_1/seed_20250725/analysis/mageck_mle_low_bulk_high_gene_results.csv","829d2402a8de0d4a63ad5a8e64b65ce6","results/crispulator_facs/repeated/moi_0.25_quality_0.9_replicates_1/seed_20250725/data/counts.tsv","6da37b5d38b30e6202b28a934bb3ec62","results/crispulator_facs/repeated/moi_0.25_quality_0.9_replicates_1/seed_20250725/data/gene_truth.tsv","4ef0dd1fb2040099ebb9c600e4ff2420","results/crispulator_facs/repeated/moi_0.25_quality_0.9_replicates_1/seed_20250725/data/sample_design.tsv","4324244e54489a1509762f069513fc42",0,0,0
"barcs-external-headtohead-v1","moi_0.25_quality_0.9_genes_400_replicates_1",20250725,"edgeR-QL","verified stored external fit","results/crispulator_facs/repeated/moi_0.25_quality_0.9_replicates_1/seed_20250725/analysis/edger_ql_low_bulk_high_gene_results.csv","22962460b5ef2a82a3d56ad14b19f157","results/crispulator_facs/repeated/moi_0.25_quality_0.9_replicates_1/seed_20250725/data/counts.tsv","6da37b5d38b30e6202b28a934bb3ec62","results/crispulator_facs/repeated/moi_0.25_quality_0.9_replicates_1/seed_20250725/data/gene_truth.tsv","4ef0dd1fb2040099ebb9c600e4ff2420","results/crispulator_facs/repeated/moi_0.25_quality_0.9_replicates_1/seed_20250725/data/sample_design.tsv","4324244e54489a1509762f069513fc42",0,0,0
"barcs-external-headtohead-v1","moi_0.25_quality_0.9_genes_400_replicates_1",20250725,"DESeq2","verified stored external fit","results/crispulator_facs/repeated/moi_0.25_quality_0.9_replicates_1/seed_20250725/analysis/deseq2_low_bulk_high_gene_results.csv","e2a84bd5417120721d8c11c027caebd1","results/crispulator_facs/repeated/moi_0.25_quality_0.9_replicates_1/seed_20250725/data/counts.tsv","6da37b5d38b30e6202b28a934bb3ec62","results/crispulator_facs/repeated/moi_0.25_quality_0.9_replicates_1/seed_20250725/data/gene_truth.tsv","4ef0dd1fb2040099ebb9c600e4ff2420","results/crispulator_facs/repeated/moi_0.25_quality_0.9_replicates_1/seed_20250725/data/sample_design.tsv","4324244e54489a1509762f069513fc42",0,0,0
"barcs-external-headtohead-v1","moi_0.25_quality_0.9_genes_400_replicates_1",20250725,"limma-voom","verified stored external fit","results/crispulator_facs/repeated/moi_0.25_quality_0.9_replicates_1/seed_20250725/analysis/limma_voom_low_bulk_high_gene_results.csv","45a32e9e2d6f33913ca73288b142a4df","results/crispulator_facs/repeated/moi_0.25_quality_0.9_replicates_1/seed_20250725/data/counts.tsv","6da37b5d38b30e6202b28a934bb3ec62","results/crispulator_facs/repeated/moi_0.25_quality_0.9_replicates_1/seed_20250725/data/gene_truth.tsv","4ef0dd1fb2040099ebb9c600e4ff2420","results/crispulator_facs/repeated/moi_0.25_quality_0.9_replicates_1/seed_20250725/data/sample_design.tsv","4324244e54489a1509762f069513fc42",0,0,0
"barcs-external-headtohead-v1","moi_0.25_quality_0.9_genes_400_replicates_1",20250726,"BARCS-original","current three-method run","results/crispulator_facs/repeated/moi_0.25_quality_0.9_replicates_1/seed_20250726/analysis_three_methods/low_bulk_high_original_gene_results.csv","31d7e7fa2dc380fedd5c4a269c02f340","results/crispulator_facs/repeated/moi_0.25_quality_0.9_replicates_1/seed_20250726/data/counts.tsv","b13284100e9639b2fb59a3208a321ecb","results/crispulator_facs/repeated/moi_0.25_quality_0.9_replicates_1/seed_20250726/data/gene_truth.tsv","b96f59e42708dcb79803e0db52bc930c","results/crispulator_facs/repeated/moi_0.25_quality_0.9_replicates_1/seed_20250726/data/sample_design.tsv","4324244e54489a1509762f069513fc42",0,0,0
"barcs-external-headtohead-v1","moi_0.25_quality_0.9_genes_400_replicates_1",20250726,"BARCS-partial","current three-method run","results/crispulator_facs/repeated/moi_0.25_quality_0.9_replicates_1/seed_20250726/analysis_three_methods/low_bulk_high_partial_gene_results.csv","957fb025d6aea4bc1ab837abb0d367d6","results/crispulator_facs/repeated/moi_0.25_quality_0.9_replicates_1/seed_20250726/data/counts.tsv","b13284100e9639b2fb59a3208a321ecb","results/crispulator_facs/repeated/moi_0.25_quality_0.9_replicates_1/seed_20250726/data/gene_truth.tsv","b96f59e42708dcb79803e0db52bc930c","results/crispulator_facs/repeated/moi_0.25_quality_0.9_replicates_1/seed_20250726/data/sample_design.tsv","4324244e54489a1509762f069513fc42",0,0,0
"barcs-external-headtohead-v1","moi_0.25_quality_0.9_genes_400_replicates_1",20250726,"BARCS-EB","current three-method run","results/crispulator_facs/repeated/moi_0.25_quality_0.9_replicates_1/seed_20250726/analysis_three_methods/low_bulk_high_eb_gene_results.csv","958b70b59ab06d7e9022cf366eb31431","results/crispulator_facs/repeated/moi_0.25_quality_0.9_replicates_1/seed_20250726/data/counts.tsv","b13284100e9639b2fb59a3208a321ecb","results/crispulator_facs/repeated/moi_0.25_quality_0.9_replicates_1/seed_20250726/data/gene_truth.tsv","b96f59e42708dcb79803e0db52bc930c","results/crispulator_facs/repeated/moi_0.25_quality_0.9_replicates_1/seed_20250726/data/sample_design.tsv","4324244e54489a1509762f069513fc42",0,0,0
"barcs-external-headtohead-v1","moi_0.25_quality_0.9_genes_400_replicates_1",20250726,"MAGeCK-MLE","verified stored external fit","results/crispulator_facs/repeated/moi_0.25_quality_0.9_replicates_1/seed_20250726/analysis/mageck_mle_low_bulk_high_gene_results.csv","e6c007c080ac00aa9abedddf0f9d4a21","results/crispulator_facs/repeated/moi_0.25_quality_0.9_replicates_1/seed_20250726/data/counts.tsv","b13284100e9639b2fb59a3208a321ecb","results/crispulator_facs/repeated/moi_0.25_quality_0.9_replicates_1/seed_20250726/data/gene_truth.tsv","b96f59e42708dcb79803e0db52bc930c","results/crispulator_facs/repeated/moi_0.25_quality_0.9_replicates_1/seed_20250726/data/sample_design.tsv","4324244e54489a1509762f069513fc42",0,0,0
"barcs-external-headtohead-v1","moi_0.25_quality_0.9_genes_400_replicates_1",20250726,"edgeR-QL","verified stored external fit","results/crispulator_facs/repeated/moi_0.25_quality_0.9_replicates_1/seed_20250726/analysis/edger_ql_low_bulk_high_gene_results.csv","f4ef0883b2090c56a45d7656ff0a2891","results/crispulator_facs/repeated/moi_0.25_quality_0.9_replicates_1/seed_20250726/data/counts.tsv","b13284100e9639b2fb59a3208a321ecb","results/crispulator_facs/repeated/moi_0.25_quality_0.9_replicates_1/seed_20250726/data/gene_truth.tsv","b96f59e42708dcb79803e0db52bc930c","results/crispulator_facs/repeated/moi_0.25_quality_0.9_replicates_1/seed_20250726/data/sample_design.tsv","4324244e54489a1509762f069513fc42",0,0,0
"barcs-external-headtohead-v1","moi_0.25_quality_0.9_genes_400_replicates_1",20250726,"DESeq2","verified stored external fit","results/crispulator_facs/repeated/moi_0.25_quality_0.9_replicates_1/seed_20250726/analysis/deseq2_low_bulk_high_gene_results.csv","0e8106a15d2e3a9580da3a3e8e3dd15e","results/crispulator_facs/repeated/moi_0.25_quality_0.9_replicates_1/seed_20250726/data/counts.tsv","b13284100e9639b2fb59a3208a321ecb","results/crispulator_facs/repeated/moi_0.25_quality_0.9_replicates_1/seed_20250726/data/gene_truth.tsv","b96f59e42708dcb79803e0db52bc930c","results/crispulator_facs/repeated/moi_0.25_quality_0.9_replicates_1/seed_20250726/data/sample_design.tsv","4324244e54489a1509762f069513fc42",0,0,0
"barcs-external-headtohead-v1","moi_0.25_quality_0.9_genes_400_replicates_1",20250726,"limma-voom","verified stored external fit","results/crispulator_facs/repeated/moi_0.25_quality_0.9_replicates_1/seed_20250726/analysis/limma_voom_low_bulk_high_gene_results.csv","aff54dc401b6e99a1e7ca240af04fe6f","results/crispulator_facs/repeated/moi_0.25_quality_0.9_replicates_1/seed_20250726/data/counts.tsv","b13284100e9639b2fb59a3208a321ecb","results/crispulator_facs/repeated/moi_0.25_quality_0.9_replicates_1/seed_20250726/data/gene_truth.tsv","b96f59e42708dcb79803e0db52bc930c","results/crispulator_facs/repeated/moi_0.25_quality_0.9_replicates_1/seed_20250726/data/sample_design.tsv","4324244e54489a1509762f069513fc42",0,0,0
"barcs-external-headtohead-v1","moi_0.25_quality_0.9_genes_400_replicates_1",20250727,"BARCS-original","current three-method run","results/crispulator_facs/repeated/moi_0.25_quality_0.9_replicates_1/seed_20250727/analysis_three_methods/low_bulk_high_original_gene_results.csv","44db74f9729c6d89a2577dc0f142a740","results/crispulator_facs/repeated/moi_0.25_quality_0.9_replicates_1/seed_20250727/data/counts.tsv","8cba7e3227b325a1af46d45a0b4969a4","results/crispulator_facs/repeated/moi_0.25_quality_0.9_replicates_1/seed_20250727/data/gene_truth.tsv","f58ae16e56128f355564b426d61f6ada","results/crispulator_facs/repeated/moi_0.25_quality_0.9_replicates_1/seed_20250727/data/sample_design.tsv","4324244e54489a1509762f069513fc42",0,0,0
"barcs-external-headtohead-v1","moi_0.25_quality_0.9_genes_400_replicates_1",20250727,"BARCS-partial","current three-method run","results/crispulator_facs/repeated/moi_0.25_quality_0.9_replicates_1/seed_20250727/analysis_three_methods/low_bulk_high_partial_gene_results.csv","9c7024f07c029938d8f8f43c9f700e9a","results/crispulator_facs/repeated/moi_0.25_quality_0.9_replicates_1/seed_20250727/data/counts.tsv","8cba7e3227b325a1af46d45a0b4969a4","results/crispulator_facs/repeated/moi_0.25_quality_0.9_replicates_1/seed_20250727/data/gene_truth.tsv","f58ae16e56128f355564b426d61f6ada","results/crispulator_facs/repeated/moi_0.25_quality_0.9_replicates_1/seed_20250727/data/sample_design.tsv","4324244e54489a1509762f069513fc42",0,0,0
"barcs-external-headtohead-v1","moi_0.25_quality_0.9_genes_400_replicates_1",20250727,"BARCS-EB","current three-method run","results/crispulator_facs/repeated/moi_0.25_quality_0.9_replicates_1/seed_20250727/analysis_three_methods/low_bulk_high_eb_gene_results.csv","3041f9756b9d46552349660e2a8dbc44","results/crispulator_facs/repeated/moi_0.25_quality_0.9_replicates_1/seed_20250727/data/counts.tsv","8cba7e3227b325a1af46d45a0b4969a4","results/crispulator_facs/repeated/moi_0.25_quality_0.9_replicates_1/seed_20250727/data/gene_truth.tsv","f58ae16e56128f355564b426d61f6ada","results/crispulator_facs/repeated/moi_0.25_quality_0.9_replicates_1/seed_20250727/data/sample_design.tsv","4324244e54489a1509762f069513fc42",0,0,0
"barcs-external-headtohead-v1","moi_0.25_quality_0.9_genes_400_replicates_1",20250727,"MAGeCK-MLE","verified stored external fit","results/crispulator_facs/repeated/moi_0.25_quality_0.9_replicates_1/seed_20250727/analysis/mageck_mle_low_bulk_high_gene_results.csv","092a25af39f06feda0b6f39f3e0c64a6","results/crispulator_facs/repeated/moi_0.25_quality_0.9_replicates_1/seed_20250727/data/counts.tsv","8cba7e3227b325a1af46d45a0b4969a4","results/crispulator_facs/repeated/moi_0.25_quality_0.9_replicates_1/seed_20250727/data/gene_truth.tsv","f58ae16e56128f355564b426d61f6ada","results/crispulator_facs/repeated/moi_0.25_quality_0.9_replicates_1/seed_20250727/data/sample_design.tsv","4324244e54489a1509762f069513fc42",0,0,0
"barcs-external-headtohead-v1","moi_0.25_quality_0.9_genes_400_replicates_1",20250727,"edgeR-QL","verified stored external fit","results/crispulator_facs/repeated/moi_0.25_quality_0.9_replicates_1/seed_20250727/analysis/edger_ql_low_bulk_high_gene_results.csv","ce3decdc72a40c6a1f19b4a78cb50bfe","results/crispulator_facs/repeated/moi_0.25_quality_0.9_replicates_1/seed_20250727/data/counts.tsv","8cba7e3227b325a1af46d45a0b4969a4","results/crispulator_facs/repeated/moi_0.25_quality_0.9_replicates_1/seed_20250727/data/gene_truth.tsv","f58ae16e56128f355564b426d61f6ada","results/crispulator_facs/repeated/moi_0.25_quality_0.9_replicates_1/seed_20250727/data/sample_design.tsv","4324244e54489a1509762f069513fc42",0,0,0
"barcs-external-headtohead-v1","moi_0.25_quality_0.9_genes_400_replicates_1",20250727,"DESeq2","verified stored external fit","results/crispulator_facs/repeated/moi_0.25_quality_0.9_replicates_1/seed_20250727/analysis/deseq2_low_bulk_high_gene_results.csv","f6b66fdf1877ed6485b64c313f9b2aa9","results/crispulator_facs/repeated/moi_0.25_quality_0.9_replicates_1/seed_20250727/data/counts.tsv","8cba7e3227b325a1af46d45a0b4969a4","results/crispulator_facs/repeated/moi_0.25_quality_0.9_replicates_1/seed_20250727/data/gene_truth.tsv","f58ae16e56128f355564b426d61f6ada","results/crispulator_facs/repeated/moi_0.25_quality_0.9_replicates_1/seed_20250727/data/sample_design.tsv","4324244e54489a1509762f069513fc42",0,0,0
"barcs-external-headtohead-v1","moi_0.25_quality_0.9_genes_400_replicates_1",20250727,"limma-voom","verified stored external fit","results/crispulator_facs/repeated/moi_0.25_quality_0.9_replicates_1/seed_20250727/analysis/limma_voom_low_bulk_high_gene_results.csv","b693364b5132ec751e37f6f701c23e30","results/crispulator_facs/repeated/moi_0.25_quality_0.9_replicates_1/seed_20250727/data/counts.tsv","8cba7e3227b325a1af46d45a0b4969a4","results/crispulator_facs/repeated/moi_0.25_quality_0.9_replicates_1/seed_20250727/data/gene_truth.tsv","f58ae16e56128f355564b426d61f6ada","results/crispulator_facs/repeated/moi_0.25_quality_0.9_replicates_1/seed_20250727/data/sample_design.tsv","4324244e54489a1509762f069513fc42",0,0,0
"barcs-external-headtohead-v1","moi_0.25_quality_0.9_genes_400_replicates_1",20250728,"BARCS-original","current three-method run","results/crispulator_facs/repeated/moi_0.25_quality_0.9_replicates_1/seed_20250728/analysis_three_methods/low_bulk_high_original_gene_results.csv","c210e0d1c8070f893bbcaf1737048a64","results/crispulator_facs/repeated/moi_0.25_quality_0.9_replicates_1/seed_20250728/data/counts.tsv","8ef47f21ae9b9c799ef68ebae323256e","results/crispulator_facs/repeated/moi_0.25_quality_0.9_replicates_1/seed_20250728/data/gene_truth.tsv","fd3ed42ca66f73f655eeb1ddd496b12e","results/crispulator_facs/repeated/moi_0.25_quality_0.9_replicates_1/seed_20250728/data/sample_design.tsv","4324244e54489a1509762f069513fc42",0,0,0
"barcs-external-headtohead-v1","moi_0.25_quality_0.9_genes_400_replicates_1",20250728,"BARCS-partial","current three-method run","results/crispulator_facs/repeated/moi_0.25_quality_0.9_replicates_1/seed_20250728/analysis_three_methods/low_bulk_high_partial_gene_results.csv","8e9279c981f03b7c3e6f2006d1885300","results/crispulator_facs/repeated/moi_0.25_quality_0.9_replicates_1/seed_20250728/data/counts.tsv","8ef47f21ae9b9c799ef68ebae323256e","results/crispulator_facs/repeated/moi_0.25_quality_0.9_replicates_1/seed_20250728/data/gene_truth.tsv","fd3ed42ca66f73f655eeb1ddd496b12e","results/crispulator_facs/repeated/moi_0.25_quality_0.9_replicates_1/seed_20250728/data/sample_design.tsv","4324244e54489a1509762f069513fc42",0,0,0
"barcs-external-headtohead-v1","moi_0.25_quality_0.9_genes_400_replicates_1",20250728,"BARCS-EB","current three-method run","results/crispulator_facs/repeated/moi_0.25_quality_0.9_replicates_1/seed_20250728/analysis_three_methods/low_bulk_high_eb_gene_results.csv","53d235e90753fad396ade50dfd79cef0","results/crispulator_facs/repeated/moi_0.25_quality_0.9_replicates_1/seed_20250728/data/counts.tsv","8ef47f21ae9b9c799ef68ebae323256e","results/crispulator_facs/repeated/moi_0.25_quality_0.9_replicates_1/seed_20250728/data/gene_truth.tsv","fd3ed42ca66f73f655eeb1ddd496b12e","results/crispulator_facs/repeated/moi_0.25_quality_0.9_replicates_1/seed_20250728/data/sample_design.tsv","4324244e54489a1509762f069513fc42",0,0,0
"barcs-external-headtohead-v1","moi_0.25_quality_0.9_genes_400_replicates_1",20250728,"MAGeCK-MLE","verified stored external fit","results/crispulator_facs/repeated/moi_0.25_quality_0.9_replicates_1/seed_20250728/analysis/mageck_mle_low_bulk_high_gene_results.csv","b992f09a5b0f1e481cc371f9b715dbf5","results/crispulator_facs/repeated/moi_0.25_quality_0.9_replicates_1/seed_20250728/data/counts.tsv","8ef47f21ae9b9c799ef68ebae323256e","results/crispulator_facs/repeated/moi_0.25_quality_0.9_replicates_1/seed_20250728/data/gene_truth.tsv","fd3ed42ca66f73f655eeb1ddd496b12e","results/crispulator_facs/repeated/moi_0.25_quality_0.9_replicates_1/seed_20250728/data/sample_design.tsv","4324244e54489a1509762f069513fc42",0,0,0
"barcs-external-headtohead-v1","moi_0.25_quality_0.9_genes_400_replicates_1",20250728,"edgeR-QL","verified stored external fit","results/crispulator_facs/repeated/moi_0.25_quality_0.9_replicates_1/seed_20250728/analysis/edger_ql_low_bulk_high_gene_results.csv","69f58794059bef3164eac641157f264f","results/crispulator_facs/repeated/moi_0.25_quality_0.9_replicates_1/seed_20250728/data/counts.tsv","8ef47f21ae9b9c799ef68ebae323256e","results/crispulator_facs/repeated/moi_0.25_quality_0.9_replicates_1/seed_20250728/data/gene_truth.tsv","fd3ed42ca66f73f655eeb1ddd496b12e","results/crispulator_facs/repeated/moi_0.25_quality_0.9_replicates_1/seed_20250728/data/sample_design.tsv","4324244e54489a1509762f069513fc42",0,0,0
"barcs-external-headtohead-v1","moi_0.25_quality_0.9_genes_400_replicates_1",20250728,"DESeq2","verified stored external fit","results/crispulator_facs/repeated/moi_0.25_quality_0.9_replicates_1/seed_20250728/analysis/deseq2_low_bulk_high_gene_results.csv","ea0dbe7d7da4766a08ea98db9de72392","results/crispulator_facs/repeated/moi_0.25_quality_0.9_replicates_1/seed_20250728/data/counts.tsv","8ef47f21ae9b9c799ef68ebae323256e","results/crispulator_facs/repeated/moi_0.25_quality_0.9_replicates_1/seed_20250728/data/gene_truth.tsv","fd3ed42ca66f73f655eeb1ddd496b12e","results/crispulator_facs/repeated/moi_0.25_quality_0.9_replicates_1/seed_20250728/data/sample_design.tsv","4324244e54489a1509762f069513fc42",0,0,0
"barcs-external-headtohead-v1","moi_0.25_quality_0.9_genes_400_replicates_1",20250728,"limma-voom","verified stored external fit","results/crispulator_facs/repeated/moi_0.25_quality_0.9_replicates_1/seed_20250728/analysis/limma_voom_low_bulk_high_gene_results.csv","1e55021d9afcfea35f9b423a08296d57","results/crispulator_facs/repeated/moi_0.25_quality_0.9_replicates_1/seed_20250728/data/counts.tsv","8ef47f21ae9b9c799ef68ebae323256e","results/crispulator_facs/repeated/moi_0.25_quality_0.9_replicates_1/seed_20250728/data/gene_truth.tsv","fd3ed42ca66f73f655eeb1ddd496b12e","results/crispulator_facs/repeated/moi_0.25_quality_0.9_replicates_1/seed_20250728/data/sample_design.tsv","4324244e54489a1509762f069513fc42",0,0,0
"barcs-external-headtohead-v1","moi_0.25_quality_0.9_genes_400_replicates_3",20250724,"BARCS-original","current three-method run","results/crispulator_facs/repeated/moi_0.25_quality_0.9_replicates_3/seed_20250724/analysis_three_methods/low_bulk_high_original_gene_results.csv","cd7d2c29c5f557966779d2464353f824","results/crispulator_facs/repeated/moi_0.25_quality_0.9_replicates_3/seed_20250724/data/counts.tsv","4a7bf167f215752a4aba990d99361202","results/crispulator_facs/repeated/moi_0.25_quality_0.9_replicates_3/seed_20250724/data/gene_truth.tsv","e3f5f7157210b23a3522994a9dfefb50","results/crispulator_facs/repeated/moi_0.25_quality_0.9_replicates_3/seed_20250724/data/sample_design.tsv","e9dc0745b0502105a0aff99f1f0dca33",0,0,0
"barcs-external-headtohead-v1","moi_0.25_quality_0.9_genes_400_replicates_3",20250724,"BARCS-partial","current three-method run","results/crispulator_facs/repeated/moi_0.25_quality_0.9_replicates_3/seed_20250724/analysis_three_methods/low_bulk_high_partial_gene_results.csv","ab29f81b0fd30cbc3738519be15e6eec","results/crispulator_facs/repeated/moi_0.25_quality_0.9_replicates_3/seed_20250724/data/counts.tsv","4a7bf167f215752a4aba990d99361202","results/crispulator_facs/repeated/moi_0.25_quality_0.9_replicates_3/seed_20250724/data/gene_truth.tsv","e3f5f7157210b23a3522994a9dfefb50","results/crispulator_facs/repeated/moi_0.25_quality_0.9_replicates_3/seed_20250724/data/sample_design.tsv","e9dc0745b0502105a0aff99f1f0dca33",0,0,0
"barcs-external-headtohead-v1","moi_0.25_quality_0.9_genes_400_replicates_3",20250724,"BARCS-EB","current three-method run","results/crispulator_facs/repeated/moi_0.25_quality_0.9_replicates_3/seed_20250724/analysis_three_methods/low_bulk_high_eb_gene_results.csv","436584e700ba8a89f38d4ab827fb9b9f","results/crispulator_facs/repeated/moi_0.25_quality_0.9_replicates_3/seed_20250724/data/counts.tsv","4a7bf167f215752a4aba990d99361202","results/crispulator_facs/repeated/moi_0.25_quality_0.9_replicates_3/seed_20250724/data/gene_truth.tsv","e3f5f7157210b23a3522994a9dfefb50","results/crispulator_facs/repeated/moi_0.25_quality_0.9_replicates_3/seed_20250724/data/sample_design.tsv","e9dc0745b0502105a0aff99f1f0dca33",0,0,0
"barcs-external-headtohead-v1","moi_0.25_quality_0.9_genes_400_replicates_3",20250724,"MAGeCK-MLE","verified stored external fit","results/crispulator_facs/repeated/moi_0.25_quality_0.9_replicates_3/seed_20250724/analysis/mageck_mle_low_bulk_high_gene_results.csv","dac2fff5294eb15d88fc40c1ea3fb02c","results/crispulator_facs/repeated/moi_0.25_quality_0.9_replicates_3/seed_20250724/data/counts.tsv","4a7bf167f215752a4aba990d99361202","results/crispulator_facs/repeated/moi_0.25_quality_0.9_replicates_3/seed_20250724/data/gene_truth.tsv","e3f5f7157210b23a3522994a9dfefb50","results/crispulator_facs/repeated/moi_0.25_quality_0.9_replicates_3/seed_20250724/data/sample_design.tsv","e9dc0745b0502105a0aff99f1f0dca33",0,0,0
"barcs-external-headtohead-v1","moi_0.25_quality_0.9_genes_400_replicates_3",20250724,"edgeR-QL","verified stored external fit","results/crispulator_facs/repeated/moi_0.25_quality_0.9_replicates_3/seed_20250724/analysis/edger_ql_low_bulk_high_gene_results.csv","f28595fe6b698a04c24047f3a6f54736","results/crispulator_facs/repeated/moi_0.25_quality_0.9_replicates_3/seed_20250724/data/counts.tsv","4a7bf167f215752a4aba990d99361202","results/crispulator_facs/repeated/moi_0.25_quality_0.9_replicates_3/seed_20250724/data/gene_truth.tsv","e3f5f7157210b23a3522994a9dfefb50","results/crispulator_facs/repeated/moi_0.25_quality_0.9_replicates_3/seed_20250724/data/sample_design.tsv","e9dc0745b0502105a0aff99f1f0dca33",0,0,0
"barcs-external-headtohead-v1","moi_0.25_quality_0.9_genes_400_replicates_3",20250724,"DESeq2","verified stored external fit","results/crispulator_facs/repeated/moi_0.25_quality_0.9_replicates_3/seed_20250724/analysis/deseq2_low_bulk_high_gene_results.csv","9bae006c1e51e71dc1a2c16349d3e300","results/crispulator_facs/repeated/moi_0.25_quality_0.9_replicates_3/seed_20250724/data/counts.tsv","4a7bf167f215752a4aba990d99361202","results/crispulator_facs/repeated/moi_0.25_quality_0.9_replicates_3/seed_20250724/data/gene_truth.tsv","e3f5f7157210b23a3522994a9dfefb50","results/crispulator_facs/repeated/moi_0.25_quality_0.9_replicates_3/seed_20250724/data/sample_design.tsv","e9dc0745b0502105a0aff99f1f0dca33",0,0,0
"barcs-external-headtohead-v1","moi_0.25_quality_0.9_genes_400_replicates_3",20250724,"limma-voom","verified stored external fit","results/crispulator_facs/repeated/moi_0.25_quality_0.9_replicates_3/seed_20250724/analysis/limma_voom_low_bulk_high_gene_results.csv","bf4d56ce6cbdfd18ca16584ae46a408d","results/crispulator_facs/repeated/moi_0.25_quality_0.9_replicates_3/seed_20250724/data/counts.tsv","4a7bf167f215752a4aba990d99361202","results/crispulator_facs/repeated/moi_0.25_quality_0.9_replicates_3/seed_20250724/data/gene_truth.tsv","e3f5f7157210b23a3522994a9dfefb50","results/crispulator_facs/repeated/moi_0.25_quality_0.9_replicates_3/seed_20250724/data/sample_design.tsv","e9dc0745b0502105a0aff99f1f0dca33",0,0,0
"barcs-external-headtohead-v1","moi_0.25_quality_0.9_genes_400_replicates_3",20250725,"BARCS-original","current three-method run","results/crispulator_facs/repeated/moi_0.25_quality_0.9_replicates_3/seed_20250725/analysis_three_methods/low_bulk_high_original_gene_results.csv","c591da95691757b74bbff71668c79279","results/crispulator_facs/repeated/moi_0.25_quality_0.9_replicates_3/seed_20250725/data/counts.tsv","245a59713bf9e8d224ccbea479487fd5","results/crispulator_facs/repeated/moi_0.25_quality_0.9_replicates_3/seed_20250725/data/gene_truth.tsv","4ef0dd1fb2040099ebb9c600e4ff2420","results/crispulator_facs/repeated/moi_0.25_quality_0.9_replicates_3/seed_20250725/data/sample_design.tsv","e9dc0745b0502105a0aff99f1f0dca33",0,0,0
"barcs-external-headtohead-v1","moi_0.25_quality_0.9_genes_400_replicates_3",20250725,"BARCS-partial","current three-method run","results/crispulator_facs/repeated/moi_0.25_quality_0.9_replicates_3/seed_20250725/analysis_three_methods/low_bulk_high_partial_gene_results.csv","c5709794829c66f28f8428f7406706ac","results/crispulator_facs/repeated/moi_0.25_quality_0.9_replicates_3/seed_20250725/data/counts.tsv","245a59713bf9e8d224ccbea479487fd5","results/crispulator_facs/repeated/moi_0.25_quality_0.9_replicates_3/seed_20250725/data/gene_truth.tsv","4ef0dd1fb2040099ebb9c600e4ff2420","results/crispulator_facs/repeated/moi_0.25_quality_0.9_replicates_3/seed_20250725/data/sample_design.tsv","e9dc0745b0502105a0aff99f1f0dca33",0,0,0
"barcs-external-headtohead-v1","moi_0.25_quality_0.9_genes_400_replicates_3",20250725,"BARCS-EB","current three-method run","results/crispulator_facs/repeated/moi_0.25_quality_0.9_replicates_3/seed_20250725/analysis_three_methods/low_bulk_high_eb_gene_results.csv","165eb1fd592c5abfec75a5bd9dfb20d9","results/crispulator_facs/repeated/moi_0.25_quality_0.9_replicates_3/seed_20250725/data/counts.tsv","245a59713bf9e8d224ccbea479487fd5","results/crispulator_facs/repeated/moi_0.25_quality_0.9_replicates_3/seed_20250725/data/gene_truth.tsv","4ef0dd1fb2040099ebb9c600e4ff2420","results/crispulator_facs/repeated/moi_0.25_quality_0.9_replicates_3/seed_20250725/data/sample_design.tsv","e9dc0745b0502105a0aff99f1f0dca33",0,0,0
"barcs-external-headtohead-v1","moi_0.25_quality_0.9_genes_400_replicates_3",20250725,"MAGeCK-MLE","verified stored external fit","results/crispulator_facs/repeated/moi_0.25_quality_0.9_replicates_3/seed_20250725/analysis/mageck_mle_low_bulk_high_gene_results.csv","83408210686dcc485f42d93f80910053","results/crispulator_facs/repeated/moi_0.25_quality_0.9_replicates_3/seed_20250725/data/counts.tsv","245a59713bf9e8d224ccbea479487fd5","results/crispulator_facs/repeated/moi_0.25_quality_0.9_replicates_3/seed_20250725/data/gene_truth.tsv","4ef0dd1fb2040099ebb9c600e4ff2420","results/crispulator_facs/repeated/moi_0.25_quality_0.9_replicates_3/seed_20250725/data/sample_design.tsv","e9dc0745b0502105a0aff99f1f0dca33",0,0,0
"barcs-external-headtohead-v1","moi_0.25_quality_0.9_genes_400_replicates_3",20250725,"edgeR-QL","verified stored external fit","results/crispulator_facs/repeated/moi_0.25_quality_0.9_replicates_3/seed_20250725/analysis/edger_ql_low_bulk_high_gene_results.csv","9c2d16843144d52274835079dc23aca7","results/crispulator_facs/repeated/moi_0.25_quality_0.9_replicates_3/seed_20250725/data/counts.tsv","245a59713bf9e8d224ccbea479487fd5","results/crispulator_facs/repeated/moi_0.25_quality_0.9_replicates_3/seed_20250725/data/gene_truth.tsv","4ef0dd1fb2040099ebb9c600e4ff2420","results/crispulator_facs/repeated/moi_0.25_quality_0.9_replicates_3/seed_20250725/data/sample_design.tsv","e9dc0745b0502105a0aff99f1f0dca33",0,0,0
"barcs-external-headtohead-v1","moi_0.25_quality_0.9_genes_400_replicates_3",20250725,"DESeq2","verified stored external fit","results/crispulator_facs/repeated/moi_0.25_quality_0.9_replicates_3/seed_20250725/analysis/deseq2_low_bulk_high_gene_results.csv","68503500d4848e209247b5225741a29f","results/crispulator_facs/repeated/moi_0.25_quality_0.9_replicates_3/seed_20250725/data/counts.tsv","245a59713bf9e8d224ccbea479487fd5","results/crispulator_facs/repeated/moi_0.25_quality_0.9_replicates_3/seed_20250725/data/gene_truth.tsv","4ef0dd1fb2040099ebb9c600e4ff2420","results/crispulator_facs/repeated/moi_0.25_quality_0.9_replicates_3/seed_20250725/data/sample_design.tsv","e9dc0745b0502105a0aff99f1f0dca33",0,0,0
"barcs-external-headtohead-v1","moi_0.25_quality_0.9_genes_400_replicates_3",20250725,"limma-voom","verified stored external fit","results/crispulator_facs/repeated/moi_0.25_quality_0.9_replicates_3/seed_20250725/analysis/limma_voom_low_bulk_high_gene_results.csv","6ba7e5c4e411402801dd3ccb8f2764ce","results/crispulator_facs/repeated/moi_0.25_quality_0.9_replicates_3/seed_20250725/data/counts.tsv","245a59713bf9e8d224ccbea479487fd5","results/crispulator_facs/repeated/moi_0.25_quality_0.9_replicates_3/seed_20250725/data/gene_truth.tsv","4ef0dd1fb2040099ebb9c600e4ff2420","results/crispulator_facs/repeated/moi_0.25_quality_0.9_replicates_3/seed_20250725/data/sample_design.tsv","e9dc0745b0502105a0aff99f1f0dca33",0,0,0
"barcs-external-headtohead-v1","moi_0.25_quality_0.9_genes_400_replicates_3",20250726,"BARCS-original","current three-method run","results/crispulator_facs/repeated/moi_0.25_quality_0.9_replicates_3/seed_20250726/analysis_three_methods/low_bulk_high_original_gene_results.csv","0c2984161240f0da706dda2e23fd1c8b","results/crispulator_facs/repeated/moi_0.25_quality_0.9_replicates_3/seed_20250726/data/counts.tsv","c82ffa5aacd978f081a71a5d95a8aa3b","results/crispulator_facs/repeated/moi_0.25_quality_0.9_replicates_3/seed_20250726/data/gene_truth.tsv","b96f59e42708dcb79803e0db52bc930c","results/crispulator_facs/repeated/moi_0.25_quality_0.9_replicates_3/seed_20250726/data/sample_design.tsv","e9dc0745b0502105a0aff99f1f0dca33",0,0,0
"barcs-external-headtohead-v1","moi_0.25_quality_0.9_genes_400_replicates_3",20250726,"BARCS-partial","current three-method run","results/crispulator_facs/repeated/moi_0.25_quality_0.9_replicates_3/seed_20250726/analysis_three_methods/low_bulk_high_partial_gene_results.csv","419f8be5d526a4a5287b7df4d73de6fa","results/crispulator_facs/repeated/moi_0.25_quality_0.9_replicates_3/seed_20250726/data/counts.tsv","c82ffa5aacd978f081a71a5d95a8aa3b","results/crispulator_facs/repeated/moi_0.25_quality_0.9_replicates_3/seed_20250726/data/gene_truth.tsv","b96f59e42708dcb79803e0db52bc930c","results/crispulator_facs/repeated/moi_0.25_quality_0.9_replicates_3/seed_20250726/data/sample_design.tsv","e9dc0745b0502105a0aff99f1f0dca33",0,0,0
"barcs-external-headtohead-v1","moi_0.25_quality_0.9_genes_400_replicates_3",20250726,"BARCS-EB","current three-method run","results/crispulator_facs/repeated/moi_0.25_quality_0.9_replicates_3/seed_20250726/analysis_three_methods/low_bulk_high_eb_gene_results.csv","45be75f712266dc7dc71aa35c55fb819","results/crispulator_facs/repeated/moi_0.25_quality_0.9_replicates_3/seed_20250726/data/counts.tsv","c82ffa5aacd978f081a71a5d95a8aa3b","results/crispulator_facs/repeated/moi_0.25_quality_0.9_replicates_3/seed_20250726/data/gene_truth.tsv","b96f59e42708dcb79803e0db52bc930c","results/crispulator_facs/repeated/moi_0.25_quality_0.9_replicates_3/seed_20250726/data/sample_design.tsv","e9dc0745b0502105a0aff99f1f0dca33",0,0,0
"barcs-external-headtohead-v1","moi_0.25_quality_0.9_genes_400_replicates_3",20250726,"MAGeCK-MLE","verified stored external fit","results/crispulator_facs/repeated/moi_0.25_quality_0.9_replicates_3/seed_20250726/analysis/mageck_mle_low_bulk_high_gene_results.csv","6d15bfe70d852433b4ed9e1987e41b5f","results/crispulator_facs/repeated/moi_0.25_quality_0.9_replicates_3/seed_20250726/data/counts.tsv","c82ffa5aacd978f081a71a5d95a8aa3b","results/crispulator_facs/repeated/moi_0.25_quality_0.9_replicates_3/seed_20250726/data/gene_truth.tsv","b96f59e42708dcb79803e0db52bc930c","results/crispulator_facs/repeated/moi_0.25_quality_0.9_replicates_3/seed_20250726/data/sample_design.tsv","e9dc0745b0502105a0aff99f1f0dca33",0,0,0
"barcs-external-headtohead-v1","moi_0.25_quality_0.9_genes_400_replicates_3",20250726,"edgeR-QL","verified stored external fit","results/crispulator_facs/repeated/moi_0.25_quality_0.9_replicates_3/seed_20250726/analysis/edger_ql_low_bulk_high_gene_results.csv","15ce565a2d9180bc9dd58316c0523189","results/crispulator_facs/repeated/moi_0.25_quality_0.9_replicates_3/seed_20250726/data/counts.tsv","c82ffa5aacd978f081a71a5d95a8aa3b","results/crispulator_facs/repeated/moi_0.25_quality_0.9_replicates_3/seed_20250726/data/gene_truth.tsv","b96f59e42708dcb79803e0db52bc930c","results/crispulator_facs/repeated/moi_0.25_quality_0.9_replicates_3/seed_20250726/data/sample_design.tsv","e9dc0745b0502105a0aff99f1f0dca33",0,0,0
"barcs-external-headtohead-v1","moi_0.25_quality_0.9_genes_400_replicates_3",20250726,"DESeq2","verified stored external fit","results/crispulator_facs/repeated/moi_0.25_quality_0.9_replicates_3/seed_20250726/analysis/deseq2_low_bulk_high_gene_results.csv","68c2e6b9d1ab150a9efb8cb15a887f80","results/crispulator_facs/repeated/moi_0.25_quality_0.9_replicates_3/seed_20250726/data/counts.tsv","c82ffa5aacd978f081a71a5d95a8aa3b","results/crispulator_facs/repeated/moi_0.25_quality_0.9_replicates_3/seed_20250726/data/gene_truth.tsv","b96f59e42708dcb79803e0db52bc930c","results/crispulator_facs/repeated/moi_0.25_quality_0.9_replicates_3/seed_20250726/data/sample_design.tsv","e9dc0745b0502105a0aff99f1f0dca33",0,0,0
"barcs-external-headtohead-v1","moi_0.25_quality_0.9_genes_400_replicates_3",20250726,"limma-voom","verified stored external fit","results/crispulator_facs/repeated/moi_0.25_quality_0.9_replicates_3/seed_20250726/analysis/limma_voom_low_bulk_high_gene_results.csv","e230cb4dc7ec3f5ab907e5f6bf67e8a3","results/crispulator_facs/repeated/moi_0.25_quality_0.9_replicates_3/seed_20250726/data/counts.tsv","c82ffa5aacd978f081a71a5d95a8aa3b","results/crispulator_facs/repeated/moi_0.25_quality_0.9_replicates_3/seed_20250726/data/gene_truth.tsv","b96f59e42708dcb79803e0db52bc930c","results/crispulator_facs/repeated/moi_0.25_quality_0.9_replicates_3/seed_20250726/data/sample_design.tsv","e9dc0745b0502105a0aff99f1f0dca33",0,0,0
"barcs-external-headtohead-v1","moi_0.25_quality_0.9_genes_400_replicates_3",20250727,"BARCS-original","current three-method run","results/crispulator_facs/repeated/moi_0.25_quality_0.9_replicates_3/seed_20250727/analysis_three_methods/low_bulk_high_original_gene_results.csv","af492c44a9abda63b7a48c33183f5c5b","results/crispulator_facs/repeated/moi_0.25_quality_0.9_replicates_3/seed_20250727/data/counts.tsv","901e70f4533a606046b8cb0e63d926e1","results/crispulator_facs/repeated/moi_0.25_quality_0.9_replicates_3/seed_20250727/data/gene_truth.tsv","f58ae16e56128f355564b426d61f6ada","results/crispulator_facs/repeated/moi_0.25_quality_0.9_replicates_3/seed_20250727/data/sample_design.tsv","e9dc0745b0502105a0aff99f1f0dca33",0,0,0
"barcs-external-headtohead-v1","moi_0.25_quality_0.9_genes_400_replicates_3",20250727,"BARCS-partial","current three-method run","results/crispulator_facs/repeated/moi_0.25_quality_0.9_replicates_3/seed_20250727/analysis_three_methods/low_bulk_high_partial_gene_results.csv","ab0ce8666069e875ea8953db2bbdb5f9","results/crispulator_facs/repeated/moi_0.25_quality_0.9_replicates_3/seed_20250727/data/counts.tsv","901e70f4533a606046b8cb0e63d926e1","results/crispulator_facs/repeated/moi_0.25_quality_0.9_replicates_3/seed_20250727/data/gene_truth.tsv","f58ae16e56128f355564b426d61f6ada","results/crispulator_facs/repeated/moi_0.25_quality_0.9_replicates_3/seed_20250727/data/sample_design.tsv","e9dc0745b0502105a0aff99f1f0dca33",0,0,0
"barcs-external-headtohead-v1","moi_0.25_quality_0.9_genes_400_replicates_3",20250727,"BARCS-EB","current three-method run","results/crispulator_facs/repeated/moi_0.25_quality_0.9_replicates_3/seed_20250727/analysis_three_methods/low_bulk_high_eb_gene_results.csv","c03b26dc579ea236494fee26714fed3d","results/crispulator_facs/repeated/moi_0.25_quality_0.9_replicates_3/seed_20250727/data/counts.tsv","901e70f4533a606046b8cb0e63d926e1","results/crispulator_facs/repeated/moi_0.25_quality_0.9_replicates_3/seed_20250727/data/gene_truth.tsv","f58ae16e56128f355564b426d61f6ada","results/crispulator_facs/repeated/moi_0.25_quality_0.9_replicates_3/seed_20250727/data/sample_design.tsv","e9dc0745b0502105a0aff99f1f0dca33",0,0,0
"barcs-external-headtohead-v1","moi_0.25_quality_0.9_genes_400_replicates_3",20250727,"MAGeCK-MLE","verified stored external fit","results/crispulator_facs/repeated/moi_0.25_quality_0.9_replicates_3/seed_20250727/analysis/mageck_mle_low_bulk_high_gene_results.csv","49640e76cd21af4185271b2f96f6c5f8","results/crispulator_facs/repeated/moi_0.25_quality_0.9_replicates_3/seed_20250727/data/counts.tsv","901e70f4533a606046b8cb0e63d926e1","results/crispulator_facs/repeated/moi_0.25_quality_0.9_replicates_3/seed_20250727/data/gene_truth.tsv","f58ae16e56128f355564b426d61f6ada","results/crispulator_facs/repeated/moi_0.25_quality_0.9_replicates_3/seed_20250727/data/sample_design.tsv","e9dc0745b0502105a0aff99f1f0dca33",0,0,0
"barcs-external-headtohead-v1","moi_0.25_quality_0.9_genes_400_replicates_3",20250727,"edgeR-QL","verified stored external fit","results/crispulator_facs/repeated/moi_0.25_quality_0.9_replicates_3/seed_20250727/analysis/edger_ql_low_bulk_high_gene_results.csv","43b96ec2a6e3e9ec5a48472844ec8b26","results/crispulator_facs/repeated/moi_0.25_quality_0.9_replicates_3/seed_20250727/data/counts.tsv","901e70f4533a606046b8cb0e63d926e1","results/crispulator_facs/repeated/moi_0.25_quality_0.9_replicates_3/seed_20250727/data/gene_truth.tsv","f58ae16e56128f355564b426d61f6ada","results/crispulator_facs/repeated/moi_0.25_quality_0.9_replicates_3/seed_20250727/data/sample_design.tsv","e9dc0745b0502105a0aff99f1f0dca33",0,0,0
"barcs-external-headtohead-v1","moi_0.25_quality_0.9_genes_400_replicates_3",20250727,"DESeq2","verified stored external fit","results/crispulator_facs/repeated/moi_0.25_quality_0.9_replicates_3/seed_20250727/analysis/deseq2_low_bulk_high_gene_results.csv","45de4bc0d9a3b0c73335441cbfce84f1","results/crispulator_facs/repeated/moi_0.25_quality_0.9_replicates_3/seed_20250727/data/counts.tsv","901e70f4533a606046b8cb0e63d926e1","results/crispulator_facs/repeated/moi_0.25_quality_0.9_replicates_3/seed_20250727/data/gene_truth.tsv","f58ae16e56128f355564b426d61f6ada","results/crispulator_facs/repeated/moi_0.25_quality_0.9_replicates_3/seed_20250727/data/sample_design.tsv","e9dc0745b0502105a0aff99f1f0dca33",0,0,0
"barcs-external-headtohead-v1","moi_0.25_quality_0.9_genes_400_replicates_3",20250727,"limma-voom","verified stored external fit","results/crispulator_facs/repeated/moi_0.25_quality_0.9_replicates_3/seed_20250727/analysis/limma_voom_low_bulk_high_gene_results.csv","15caf6506912481786a6aa376c7308c4","results/crispulator_facs/repeated/moi_0.25_quality_0.9_replicates_3/seed_20250727/data/counts.tsv","901e70f4533a606046b8cb0e63d926e1","results/crispulator_facs/repeated/moi_0.25_quality_0.9_replicates_3/seed_20250727/data/gene_truth.tsv","f58ae16e56128f355564b426d61f6ada","results/crispulator_facs/repeated/moi_0.25_quality_0.9_replicates_3/seed_20250727/data/sample_design.tsv","e9dc0745b0502105a0aff99f1f0dca33",0,0,0
"barcs-external-headtohead-v1","moi_0.25_quality_0.9_genes_400_replicates_3",20250728,"BARCS-original","current three-method run","results/crispulator_facs/repeated/moi_0.25_quality_0.9_replicates_3/seed_20250728/analysis_three_methods/low_bulk_high_original_gene_results.csv","5c26a03475dfffd54f5573fffa122510","results/crispulator_facs/repeated/moi_0.25_quality_0.9_replicates_3/seed_20250728/data/counts.tsv","03287df6e22a933e6be2add8e07bb433","results/crispulator_facs/repeated/moi_0.25_quality_0.9_replicates_3/seed_20250728/data/gene_truth.tsv","fd3ed42ca66f73f655eeb1ddd496b12e","results/crispulator_facs/repeated/moi_0.25_quality_0.9_replicates_3/seed_20250728/data/sample_design.tsv","e9dc0745b0502105a0aff99f1f0dca33",0,0,0
"barcs-external-headtohead-v1","moi_0.25_quality_0.9_genes_400_replicates_3",20250728,"BARCS-partial","current three-method run","results/crispulator_facs/repeated/moi_0.25_quality_0.9_replicates_3/seed_20250728/analysis_three_methods/low_bulk_high_partial_gene_results.csv","dd6ac70e8c9e649c76fe9edc3e33241f","results/crispulator_facs/repeated/moi_0.25_quality_0.9_replicates_3/seed_20250728/data/counts.tsv","03287df6e22a933e6be2add8e07bb433","results/crispulator_facs/repeated/moi_0.25_quality_0.9_replicates_3/seed_20250728/data/gene_truth.tsv","fd3ed42ca66f73f655eeb1ddd496b12e","results/crispulator_facs/repeated/moi_0.25_quality_0.9_replicates_3/seed_20250728/data/sample_design.tsv","e9dc0745b0502105a0aff99f1f0dca33",0,0,0
"barcs-external-headtohead-v1","moi_0.25_quality_0.9_genes_400_replicates_3",20250728,"BARCS-EB","current three-method run","results/crispulator_facs/repeated/moi_0.25_quality_0.9_replicates_3/seed_20250728/analysis_three_methods/low_bulk_high_eb_gene_results.csv","1982f518729ede0a44cfacdc882594c6","results/crispulator_facs/repeated/moi_0.25_quality_0.9_replicates_3/seed_20250728/data/counts.tsv","03287df6e22a933e6be2add8e07bb433","results/crispulator_facs/repeated/moi_0.25_quality_0.9_replicates_3/seed_20250728/data/gene_truth.tsv","fd3ed42ca66f73f655eeb1ddd496b12e","results/crispulator_facs/repeated/moi_0.25_quality_0.9_replicates_3/seed_20250728/data/sample_design.tsv","e9dc0745b0502105a0aff99f1f0dca33",0,0,0
"barcs-external-headtohead-v1","moi_0.25_quality_0.9_genes_400_replicates_3",20250728,"MAGeCK-MLE","verified stored external fit","results/crispulator_facs/repeated/moi_0.25_quality_0.9_replicates_3/seed_20250728/analysis/mageck_mle_low_bulk_high_gene_results.csv","2f450c04bf1758e7f89296523e6c4068","results/crispulator_facs/repeated/moi_0.25_quality_0.9_replicates_3/seed_20250728/data/counts.tsv","03287df6e22a933e6be2add8e07bb433","results/crispulator_facs/repeated/moi_0.25_quality_0.9_replicates_3/seed_20250728/data/gene_truth.tsv","fd3ed42ca66f73f655eeb1ddd496b12e","results/crispulator_facs/repeated/moi_0.25_quality_0.9_replicates_3/seed_20250728/data/sample_design.tsv","e9dc0745b0502105a0aff99f1f0dca33",0,0,0
"barcs-external-headtohead-v1","moi_0.25_quality_0.9_genes_400_replicates_3",20250728,"edgeR-QL","verified stored external fit","results/crispulator_facs/repeated/moi_0.25_quality_0.9_replicates_3/seed_20250728/analysis/edger_ql_low_bulk_high_gene_results.csv","f0d519ae21f84f9ac073da86dff1d122","results/crispulator_facs/repeated/moi_0.25_quality_0.9_replicates_3/seed_20250728/data/counts.tsv","03287df6e22a933e6be2add8e07bb433","results/crispulator_facs/repeated/moi_0.25_quality_0.9_replicates_3/seed_20250728/data/gene_truth.tsv","fd3ed42ca66f73f655eeb1ddd496b12e","results/crispulator_facs/repeated/moi_0.25_quality_0.9_replicates_3/seed_20250728/data/sample_design.tsv","e9dc0745b0502105a0aff99f1f0dca33",0,0,0
"barcs-external-headtohead-v1","moi_0.25_quality_0.9_genes_400_replicates_3",20250728,"DESeq2","verified stored external fit","results/crispulator_facs/repeated/moi_0.25_quality_0.9_replicates_3/seed_20250728/analysis/deseq2_low_bulk_high_gene_results.csv","5f1d2e445568a58746e1e4c43b11858d","results/crispulator_facs/repeated/moi_0.25_quality_0.9_replicates_3/seed_20250728/data/counts.tsv","03287df6e22a933e6be2add8e07bb433","results/crispulator_facs/repeated/moi_0.25_quality_0.9_replicates_3/seed_20250728/data/gene_truth.tsv","fd3ed42ca66f73f655eeb1ddd496b12e","results/crispulator_facs/repeated/moi_0.25_quality_0.9_replicates_3/seed_20250728/data/sample_design.tsv","e9dc0745b0502105a0aff99f1f0dca33",0,0,0
"barcs-external-headtohead-v1","moi_0.25_quality_0.9_genes_400_replicates_3",20250728,"limma-voom","verified stored external fit","results/crispulator_facs/repeated/moi_0.25_quality_0.9_replicates_3/seed_20250728/analysis/limma_voom_low_bulk_high_gene_results.csv","8314de4b7a7929e42dcc53f89ececb81","results/crispulator_facs/repeated/moi_0.25_quality_0.9_replicates_3/seed_20250728/data/counts.tsv","03287df6e22a933e6be2add8e07bb433","results/crispulator_facs/repeated/moi_0.25_quality_0.9_replicates_3/seed_20250728/data/gene_truth.tsv","fd3ed42ca66f73f655eeb1ddd496b12e","results/crispulator_facs/repeated/moi_0.25_quality_0.9_replicates_3/seed_20250728/data/sample_design.tsv","e9dc0745b0502105a0aff99f1f0dca33",0,0,0
"barcs-external-headtohead-v1","moi_0.25_quality_0.9_genes_100_replicates_4",20250724,"BARCS-original","current three-method run","results/crispulator_facs/repeated/moi_0.25_quality_0.9_genes_100/seed_20250724/analysis_three_methods/low_bulk_high_original_gene_results.csv","eab79d272f2930dce019bcf1c162f0cc","results/crispulator_facs/repeated/moi_0.25_quality_0.9_genes_100/seed_20250724/data/counts.tsv","32287531022e78f62bdbd3f528e1bb6c","results/crispulator_facs/repeated/moi_0.25_quality_0.9_genes_100/seed_20250724/data/gene_truth.tsv","f4749b58a0fa55710455fbab02e6aceb","results/crispulator_facs/repeated/moi_0.25_quality_0.9_genes_100/seed_20250724/data/sample_design.tsv","259f4c270ceb3c9eb5838c111c405bec",0,0,0
"barcs-external-headtohead-v1","moi_0.25_quality_0.9_genes_100_replicates_4",20250724,"BARCS-partial","current three-method run","results/crispulator_facs/repeated/moi_0.25_quality_0.9_genes_100/seed_20250724/analysis_three_methods/low_bulk_high_partial_gene_results.csv","85434391dd4932d762e0d00d9869b996","results/crispulator_facs/repeated/moi_0.25_quality_0.9_genes_100/seed_20250724/data/counts.tsv","32287531022e78f62bdbd3f528e1bb6c","results/crispulator_facs/repeated/moi_0.25_quality_0.9_genes_100/seed_20250724/data/gene_truth.tsv","f4749b58a0fa55710455fbab02e6aceb","results/crispulator_facs/repeated/moi_0.25_quality_0.9_genes_100/seed_20250724/data/sample_design.tsv","259f4c270ceb3c9eb5838c111c405bec",0,0,0
"barcs-external-headtohead-v1","moi_0.25_quality_0.9_genes_100_replicates_4",20250724,"BARCS-EB","current three-method run","results/crispulator_facs/repeated/moi_0.25_quality_0.9_genes_100/seed_20250724/analysis_three_methods/low_bulk_high_eb_gene_results.csv","74c5b24e2da4c015277971fb35b9aef9","results/crispulator_facs/repeated/moi_0.25_quality_0.9_genes_100/seed_20250724/data/counts.tsv","32287531022e78f62bdbd3f528e1bb6c","results/crispulator_facs/repeated/moi_0.25_quality_0.9_genes_100/seed_20250724/data/gene_truth.tsv","f4749b58a0fa55710455fbab02e6aceb","results/crispulator_facs/repeated/moi_0.25_quality_0.9_genes_100/seed_20250724/data/sample_design.tsv","259f4c270ceb3c9eb5838c111c405bec",0,0,0
"barcs-external-headtohead-v1","moi_0.25_quality_0.9_genes_100_replicates_4",20250724,"MAGeCK-MLE","verified stored external fit","results/crispulator_facs/repeated/moi_0.25_quality_0.9_genes_100/seed_20250724/analysis/mageck_mle_low_bulk_high_gene_results.csv","b723b146c2f5a350cbaf683bfa97bb49","results/crispulator_facs/repeated/moi_0.25_quality_0.9_genes_100/seed_20250724/data/counts.tsv","32287531022e78f62bdbd3f528e1bb6c","results/crispulator_facs/repeated/moi_0.25_quality_0.9_genes_100/seed_20250724/data/gene_truth.tsv","f4749b58a0fa55710455fbab02e6aceb","results/crispulator_facs/repeated/moi_0.25_quality_0.9_genes_100/seed_20250724/data/sample_design.tsv","259f4c270ceb3c9eb5838c111c405bec",0,0,0
"barcs-external-headtohead-v1","moi_0.25_quality_0.9_genes_100_replicates_4",20250724,"edgeR-QL","verified stored external fit","results/crispulator_facs/repeated/moi_0.25_quality_0.9_genes_100/seed_20250724/analysis/edger_ql_low_bulk_high_gene_results.csv","7b6675ff2149e24e8572223c7649da09","results/crispulator_facs/repeated/moi_0.25_quality_0.9_genes_100/seed_20250724/data/counts.tsv","32287531022e78f62bdbd3f528e1bb6c","results/crispulator_facs/repeated/moi_0.25_quality_0.9_genes_100/seed_20250724/data/gene_truth.tsv","f4749b58a0fa55710455fbab02e6aceb","results/crispulator_facs/repeated/moi_0.25_quality_0.9_genes_100/seed_20250724/data/sample_design.tsv","259f4c270ceb3c9eb5838c111c405bec",0,0,0
"barcs-external-headtohead-v1","moi_0.25_quality_0.9_genes_100_replicates_4",20250724,"DESeq2","verified stored external fit","results/crispulator_facs/repeated/moi_0.25_quality_0.9_genes_100/seed_20250724/analysis/deseq2_low_bulk_high_gene_results.csv","c26e6c491e681e6905df7d968092b8ce","results/crispulator_facs/repeated/moi_0.25_quality_0.9_genes_100/seed_20250724/data/counts.tsv","32287531022e78f62bdbd3f528e1bb6c","results/crispulator_facs/repeated/moi_0.25_quality_0.9_genes_100/seed_20250724/data/gene_truth.tsv","f4749b58a0fa55710455fbab02e6aceb","results/crispulator_facs/repeated/moi_0.25_quality_0.9_genes_100/seed_20250724/data/sample_design.tsv","259f4c270ceb3c9eb5838c111c405bec",0,0,0
"barcs-external-headtohead-v1","moi_0.25_quality_0.9_genes_100_replicates_4",20250724,"limma-voom","verified stored external fit","results/crispulator_facs/repeated/moi_0.25_quality_0.9_genes_100/seed_20250724/analysis/limma_voom_low_bulk_high_gene_results.csv","ed848709be5ad77e2d598d2313346e51","results/crispulator_facs/repeated/moi_0.25_quality_0.9_genes_100/seed_20250724/data/counts.tsv","32287531022e78f62bdbd3f528e1bb6c","results/crispulator_facs/repeated/moi_0.25_quality_0.9_genes_100/seed_20250724/data/gene_truth.tsv","f4749b58a0fa55710455fbab02e6aceb","results/crispulator_facs/repeated/moi_0.25_quality_0.9_genes_100/seed_20250724/data/sample_design.tsv","259f4c270ceb3c9eb5838c111c405bec",0,0,0
"barcs-external-headtohead-v1","moi_0.25_quality_0.9_genes_100_replicates_4",20250725,"BARCS-original","current three-method run","results/crispulator_facs/repeated/moi_0.25_quality_0.9_genes_100/seed_20250725/analysis_three_methods/low_bulk_high_original_gene_results.csv","cbe3efdf5ba6c16d99dc882db628df89","results/crispulator_facs/repeated/moi_0.25_quality_0.9_genes_100/seed_20250725/data/counts.tsv","8733c5421facbefdf33b728ae5964aff","results/crispulator_facs/repeated/moi_0.25_quality_0.9_genes_100/seed_20250725/data/gene_truth.tsv","7cbf94f7d4aba60853ca09df0eb7800b","results/crispulator_facs/repeated/moi_0.25_quality_0.9_genes_100/seed_20250725/data/sample_design.tsv","259f4c270ceb3c9eb5838c111c405bec",0,0,0
"barcs-external-headtohead-v1","moi_0.25_quality_0.9_genes_100_replicates_4",20250725,"BARCS-partial","current three-method run","results/crispulator_facs/repeated/moi_0.25_quality_0.9_genes_100/seed_20250725/analysis_three_methods/low_bulk_high_partial_gene_results.csv","0d05d8ff745f3fd6aa520fb999828fa0","results/crispulator_facs/repeated/moi_0.25_quality_0.9_genes_100/seed_20250725/data/counts.tsv","8733c5421facbefdf33b728ae5964aff","results/crispulator_facs/repeated/moi_0.25_quality_0.9_genes_100/seed_20250725/data/gene_truth.tsv","7cbf94f7d4aba60853ca09df0eb7800b","results/crispulator_facs/repeated/moi_0.25_quality_0.9_genes_100/seed_20250725/data/sample_design.tsv","259f4c270ceb3c9eb5838c111c405bec",0,0,0
"barcs-external-headtohead-v1","moi_0.25_quality_0.9_genes_100_replicates_4",20250725,"BARCS-EB","current three-method run","results/crispulator_facs/repeated/moi_0.25_quality_0.9_genes_100/seed_20250725/analysis_three_methods/low_bulk_high_eb_gene_results.csv","a37e3c90aa65e8a5a4e7faefa2c28ef1","results/crispulator_facs/repeated/moi_0.25_quality_0.9_genes_100/seed_20250725/data/counts.tsv","8733c5421facbefdf33b728ae5964aff","results/crispulator_facs/repeated/moi_0.25_quality_0.9_genes_100/seed_20250725/data/gene_truth.tsv","7cbf94f7d4aba60853ca09df0eb7800b","results/crispulator_facs/repeated/moi_0.25_quality_0.9_genes_100/seed_20250725/data/sample_design.tsv","259f4c270ceb3c9eb5838c111c405bec",0,0,0
"barcs-external-headtohead-v1","moi_0.25_quality_0.9_genes_100_replicates_4",20250725,"MAGeCK-MLE","verified stored external fit","results/crispulator_facs/repeated/moi_0.25_quality_0.9_genes_100/seed_20250725/analysis/mageck_mle_low_bulk_high_gene_results.csv","151005c49bb0110e19aeedfceef119e9","results/crispulator_facs/repeated/moi_0.25_quality_0.9_genes_100/seed_20250725/data/counts.tsv","8733c5421facbefdf33b728ae5964aff","results/crispulator_facs/repeated/moi_0.25_quality_0.9_genes_100/seed_20250725/data/gene_truth.tsv","7cbf94f7d4aba60853ca09df0eb7800b","results/crispulator_facs/repeated/moi_0.25_quality_0.9_genes_100/seed_20250725/data/sample_design.tsv","259f4c270ceb3c9eb5838c111c405bec",0,0,0
"barcs-external-headtohead-v1","moi_0.25_quality_0.9_genes_100_replicates_4",20250725,"edgeR-QL","verified stored external fit","results/crispulator_facs/repeated/moi_0.25_quality_0.9_genes_100/seed_20250725/analysis/edger_ql_low_bulk_high_gene_results.csv","5035822284cfb5d802b8b4d1a48a8a22","results/crispulator_facs/repeated/moi_0.25_quality_0.9_genes_100/seed_20250725/data/counts.tsv","8733c5421facbefdf33b728ae5964aff","results/crispulator_facs/repeated/moi_0.25_quality_0.9_genes_100/seed_20250725/data/gene_truth.tsv","7cbf94f7d4aba60853ca09df0eb7800b","results/crispulator_facs/repeated/moi_0.25_quality_0.9_genes_100/seed_20250725/data/sample_design.tsv","259f4c270ceb3c9eb5838c111c405bec",0,0,0
"barcs-external-headtohead-v1","moi_0.25_quality_0.9_genes_100_replicates_4",20250725,"DESeq2","verified stored external fit","results/crispulator_facs/repeated/moi_0.25_quality_0.9_genes_100/seed_20250725/analysis/deseq2_low_bulk_high_gene_results.csv","768976890d3dd1d545de7059ecd3c6c1","results/crispulator_facs/repeated/moi_0.25_quality_0.9_genes_100/seed_20250725/data/counts.tsv","8733c5421facbefdf33b728ae5964aff","results/crispulator_facs/repeated/moi_0.25_quality_0.9_genes_100/seed_20250725/data/gene_truth.tsv","7cbf94f7d4aba60853ca09df0eb7800b","results/crispulator_facs/repeated/moi_0.25_quality_0.9_genes_100/seed_20250725/data/sample_design.tsv","259f4c270ceb3c9eb5838c111c405bec",0,0,0
"barcs-external-headtohead-v1","moi_0.25_quality_0.9_genes_100_replicates_4",20250725,"limma-voom","verified stored external fit","results/crispulator_facs/repeated/moi_0.25_quality_0.9_genes_100/seed_20250725/analysis/limma_voom_low_bulk_high_gene_results.csv","1d562ac0e985dd9ed8caef95044029a6","results/crispulator_facs/repeated/moi_0.25_quality_0.9_genes_100/seed_20250725/data/counts.tsv","8733c5421facbefdf33b728ae5964aff","results/crispulator_facs/repeated/moi_0.25_quality_0.9_genes_100/seed_20250725/data/gene_truth.tsv","7cbf94f7d4aba60853ca09df0eb7800b","results/crispulator_facs/repeated/moi_0.25_quality_0.9_genes_100/seed_20250725/data/sample_design.tsv","259f4c270ceb3c9eb5838c111c405bec",0,0,0
"barcs-external-headtohead-v1","moi_0.25_quality_0.9_genes_100_replicates_4",20250726,"BARCS-original","current three-method run","results/crispulator_facs/repeated/moi_0.25_quality_0.9_genes_100/seed_20250726/analysis_three_methods/low_bulk_high_original_gene_results.csv","be6890fa49c0d621d483faca19d8faad","results/crispulator_facs/repeated/moi_0.25_quality_0.9_genes_100/seed_20250726/data/counts.tsv","7bea6ec642ffc8ca919073764e37f573","results/crispulator_facs/repeated/moi_0.25_quality_0.9_genes_100/seed_20250726/data/gene_truth.tsv","feac64ba7cf317ef2401c480119dfd02","results/crispulator_facs/repeated/moi_0.25_quality_0.9_genes_100/seed_20250726/data/sample_design.tsv","259f4c270ceb3c9eb5838c111c405bec",0,0,0
"barcs-external-headtohead-v1","moi_0.25_quality_0.9_genes_100_replicates_4",20250726,"BARCS-partial","current three-method run","results/crispulator_facs/repeated/moi_0.25_quality_0.9_genes_100/seed_20250726/analysis_three_methods/low_bulk_high_partial_gene_results.csv","0995df29fc2fb51a977db5cf3fc8d153","results/crispulator_facs/repeated/moi_0.25_quality_0.9_genes_100/seed_20250726/data/counts.tsv","7bea6ec642ffc8ca919073764e37f573","results/crispulator_facs/repeated/moi_0.25_quality_0.9_genes_100/seed_20250726/data/gene_truth.tsv","feac64ba7cf317ef2401c480119dfd02","results/crispulator_facs/repeated/moi_0.25_quality_0.9_genes_100/seed_20250726/data/sample_design.tsv","259f4c270ceb3c9eb5838c111c405bec",0,0,0
"barcs-external-headtohead-v1","moi_0.25_quality_0.9_genes_100_replicates_4",20250726,"BARCS-EB","current three-method run","results/crispulator_facs/repeated/moi_0.25_quality_0.9_genes_100/seed_20250726/analysis_three_methods/low_bulk_high_eb_gene_results.csv","261f2413d919e3f44779522fbabff50b","results/crispulator_facs/repeated/moi_0.25_quality_0.9_genes_100/seed_20250726/data/counts.tsv","7bea6ec642ffc8ca919073764e37f573","results/crispulator_facs/repeated/moi_0.25_quality_0.9_genes_100/seed_20250726/data/gene_truth.tsv","feac64ba7cf317ef2401c480119dfd02","results/crispulator_facs/repeated/moi_0.25_quality_0.9_genes_100/seed_20250726/data/sample_design.tsv","259f4c270ceb3c9eb5838c111c405bec",0,0,0
"barcs-external-headtohead-v1","moi_0.25_quality_0.9_genes_100_replicates_4",20250726,"MAGeCK-MLE","verified stored external fit","results/crispulator_facs/repeated/moi_0.25_quality_0.9_genes_100/seed_20250726/analysis/mageck_mle_low_bulk_high_gene_results.csv","0e2ecd8d9e97a035a07fadcef762578a","results/crispulator_facs/repeated/moi_0.25_quality_0.9_genes_100/seed_20250726/data/counts.tsv","7bea6ec642ffc8ca919073764e37f573","results/crispulator_facs/repeated/moi_0.25_quality_0.9_genes_100/seed_20250726/data/gene_truth.tsv","feac64ba7cf317ef2401c480119dfd02","results/crispulator_facs/repeated/moi_0.25_quality_0.9_genes_100/seed_20250726/data/sample_design.tsv","259f4c270ceb3c9eb5838c111c405bec",0,0,0
"barcs-external-headtohead-v1","moi_0.25_quality_0.9_genes_100_replicates_4",20250726,"edgeR-QL","verified stored external fit","results/crispulator_facs/repeated/moi_0.25_quality_0.9_genes_100/seed_20250726/analysis/edger_ql_low_bulk_high_gene_results.csv","8ee44e8ba6d509405f25d4035e24f154","results/crispulator_facs/repeated/moi_0.25_quality_0.9_genes_100/seed_20250726/data/counts.tsv","7bea6ec642ffc8ca919073764e37f573","results/crispulator_facs/repeated/moi_0.25_quality_0.9_genes_100/seed_20250726/data/gene_truth.tsv","feac64ba7cf317ef2401c480119dfd02","results/crispulator_facs/repeated/moi_0.25_quality_0.9_genes_100/seed_20250726/data/sample_design.tsv","259f4c270ceb3c9eb5838c111c405bec",0,0,0
"barcs-external-headtohead-v1","moi_0.25_quality_0.9_genes_100_replicates_4",20250726,"DESeq2","verified stored external fit","results/crispulator_facs/repeated/moi_0.25_quality_0.9_genes_100/seed_20250726/analysis/deseq2_low_bulk_high_gene_results.csv","0007e7b7c6db64910bcb0345cf4af28f","results/crispulator_facs/repeated/moi_0.25_quality_0.9_genes_100/seed_20250726/data/counts.tsv","7bea6ec642ffc8ca919073764e37f573","results/crispulator_facs/repeated/moi_0.25_quality_0.9_genes_100/seed_20250726/data/gene_truth.tsv","feac64ba7cf317ef2401c480119dfd02","results/crispulator_facs/repeated/moi_0.25_quality_0.9_genes_100/seed_20250726/data/sample_design.tsv","259f4c270ceb3c9eb5838c111c405bec",0,0,0
"barcs-external-headtohead-v1","moi_0.25_quality_0.9_genes_100_replicates_4",20250726,"limma-voom","verified stored external fit","results/crispulator_facs/repeated/moi_0.25_quality_0.9_genes_100/seed_20250726/analysis/limma_voom_low_bulk_high_gene_results.csv","8b77f2b2dafa32eb319cf185f8371494","results/crispulator_facs/repeated/moi_0.25_quality_0.9_genes_100/seed_20250726/data/counts.tsv","7bea6ec642ffc8ca919073764e37f573","results/crispulator_facs/repeated/moi_0.25_quality_0.9_genes_100/seed_20250726/data/gene_truth.tsv","feac64ba7cf317ef2401c480119dfd02","results/crispulator_facs/repeated/moi_0.25_quality_0.9_genes_100/seed_20250726/data/sample_design.tsv","259f4c270ceb3c9eb5838c111c405bec",0,0,0
"barcs-external-headtohead-v1","moi_0.25_quality_0.9_genes_100_replicates_4",20250727,"BARCS-original","current three-method run","results/crispulator_facs/repeated/moi_0.25_quality_0.9_genes_100/seed_20250727/analysis_three_methods/low_bulk_high_original_gene_results.csv","9fe4e2f904369f12b9905b35f6bb7929","results/crispulator_facs/repeated/moi_0.25_quality_0.9_genes_100/seed_20250727/data/counts.tsv","f9383b2dedae3c7e7bb6e5cff9113245","results/crispulator_facs/repeated/moi_0.25_quality_0.9_genes_100/seed_20250727/data/gene_truth.tsv","bac51bf0d18ea34a19d261ee8d1fa4be","results/crispulator_facs/repeated/moi_0.25_quality_0.9_genes_100/seed_20250727/data/sample_design.tsv","259f4c270ceb3c9eb5838c111c405bec",0,0,0
"barcs-external-headtohead-v1","moi_0.25_quality_0.9_genes_100_replicates_4",20250727,"BARCS-partial","current three-method run","results/crispulator_facs/repeated/moi_0.25_quality_0.9_genes_100/seed_20250727/analysis_three_methods/low_bulk_high_partial_gene_results.csv","0014df52fedc953fb0c4058a0f3d6ad9","results/crispulator_facs/repeated/moi_0.25_quality_0.9_genes_100/seed_20250727/data/counts.tsv","f9383b2dedae3c7e7bb6e5cff9113245","results/crispulator_facs/repeated/moi_0.25_quality_0.9_genes_100/seed_20250727/data/gene_truth.tsv","bac51bf0d18ea34a19d261ee8d1fa4be","results/crispulator_facs/repeated/moi_0.25_quality_0.9_genes_100/seed_20250727/data/sample_design.tsv","259f4c270ceb3c9eb5838c111c405bec",0,0,0
"barcs-external-headtohead-v1","moi_0.25_quality_0.9_genes_100_replicates_4",20250727,"BARCS-EB","current three-method run","results/crispulator_facs/repeated/moi_0.25_quality_0.9_genes_100/seed_20250727/analysis_three_methods/low_bulk_high_eb_gene_results.csv","767aba12ace301d4ab65e8e6a1d4d87d","results/crispulator_facs/repeated/moi_0.25_quality_0.9_genes_100/seed_20250727/data/counts.tsv","f9383b2dedae3c7e7bb6e5cff9113245","results/crispulator_facs/repeated/moi_0.25_quality_0.9_genes_100/seed_20250727/data/gene_truth.tsv","bac51bf0d18ea34a19d261ee8d1fa4be","results/crispulator_facs/repeated/moi_0.25_quality_0.9_genes_100/seed_20250727/data/sample_design.tsv","259f4c270ceb3c9eb5838c111c405bec",0,0,0
"barcs-external-headtohead-v1","moi_0.25_quality_0.9_genes_100_replicates_4",20250727,"MAGeCK-MLE","verified stored external fit","results/crispulator_facs/repeated/moi_0.25_quality_0.9_genes_100/seed_20250727/analysis/mageck_mle_low_bulk_high_gene_results.csv","93afad3db932266e27e6989593d9af66","results/crispulator_facs/repeated/moi_0.25_quality_0.9_genes_100/seed_20250727/data/counts.tsv","f9383b2dedae3c7e7bb6e5cff9113245","results/crispulator_facs/repeated/moi_0.25_quality_0.9_genes_100/seed_20250727/data/gene_truth.tsv","bac51bf0d18ea34a19d261ee8d1fa4be","results/crispulator_facs/repeated/moi_0.25_quality_0.9_genes_100/seed_20250727/data/sample_design.tsv","259f4c270ceb3c9eb5838c111c405bec",0,0,0
"barcs-external-headtohead-v1","moi_0.25_quality_0.9_genes_100_replicates_4",20250727,"edgeR-QL","verified stored external fit","results/crispulator_facs/repeated/moi_0.25_quality_0.9_genes_100/seed_20250727/analysis/edger_ql_low_bulk_high_gene_results.csv","746bfbb9b5459f2964b7c79a41abc627","results/crispulator_facs/repeated/moi_0.25_quality_0.9_genes_100/seed_20250727/data/counts.tsv","f9383b2dedae3c7e7bb6e5cff9113245","results/crispulator_facs/repeated/moi_0.25_quality_0.9_genes_100/seed_20250727/data/gene_truth.tsv","bac51bf0d18ea34a19d261ee8d1fa4be","results/crispulator_facs/repeated/moi_0.25_quality_0.9_genes_100/seed_20250727/data/sample_design.tsv","259f4c270ceb3c9eb5838c111c405bec",0,0,0
"barcs-external-headtohead-v1","moi_0.25_quality_0.9_genes_100_replicates_4",20250727,"DESeq2","verified stored external fit","results/crispulator_facs/repeated/moi_0.25_quality_0.9_genes_100/seed_20250727/analysis/deseq2_low_bulk_high_gene_results.csv","1588f1f91b4c2125dd8ce28797df2e87","results/crispulator_facs/repeated/moi_0.25_quality_0.9_genes_100/seed_20250727/data/counts.tsv","f9383b2dedae3c7e7bb6e5cff9113245","results/crispulator_facs/repeated/moi_0.25_quality_0.9_genes_100/seed_20250727/data/gene_truth.tsv","bac51bf0d18ea34a19d261ee8d1fa4be","results/crispulator_facs/repeated/moi_0.25_quality_0.9_genes_100/seed_20250727/data/sample_design.tsv","259f4c270ceb3c9eb5838c111c405bec",0,0,0
"barcs-external-headtohead-v1","moi_0.25_quality_0.9_genes_100_replicates_4",20250727,"limma-voom","verified stored external fit","results/crispulator_facs/repeated/moi_0.25_quality_0.9_genes_100/seed_20250727/analysis/limma_voom_low_bulk_high_gene_results.csv","d01f20aef90f73fab470ef83dc984932","results/crispulator_facs/repeated/moi_0.25_quality_0.9_genes_100/seed_20250727/data/counts.tsv","f9383b2dedae3c7e7bb6e5cff9113245","results/crispulator_facs/repeated/moi_0.25_quality_0.9_genes_100/seed_20250727/data/gene_truth.tsv","bac51bf0d18ea34a19d261ee8d1fa4be","results/crispulator_facs/repeated/moi_0.25_quality_0.9_genes_100/seed_20250727/data/sample_design.tsv","259f4c270ceb3c9eb5838c111c405bec",0,0,0
"barcs-external-headtohead-v1","moi_0.25_quality_0.9_genes_100_replicates_4",20250728,"BARCS-original","current three-method run","results/crispulator_facs/repeated/moi_0.25_quality_0.9_genes_100/seed_20250728/analysis_three_methods/low_bulk_high_original_gene_results.csv","15f621a7daab96a33839bc5f87c53df6","results/crispulator_facs/repeated/moi_0.25_quality_0.9_genes_100/seed_20250728/data/counts.tsv","79d1e807609dba446998c42359aba940","results/crispulator_facs/repeated/moi_0.25_quality_0.9_genes_100/seed_20250728/data/gene_truth.tsv","04f4bcd37dd2fc19a73508f8c0b05718","results/crispulator_facs/repeated/moi_0.25_quality_0.9_genes_100/seed_20250728/data/sample_design.tsv","259f4c270ceb3c9eb5838c111c405bec",0,0,0
"barcs-external-headtohead-v1","moi_0.25_quality_0.9_genes_100_replicates_4",20250728,"BARCS-partial","current three-method run","results/crispulator_facs/repeated/moi_0.25_quality_0.9_genes_100/seed_20250728/analysis_three_methods/low_bulk_high_partial_gene_results.csv","398da07519f23adfda0592eb2a355980","results/crispulator_facs/repeated/moi_0.25_quality_0.9_genes_100/seed_20250728/data/counts.tsv","79d1e807609dba446998c42359aba940","results/crispulator_facs/repeated/moi_0.25_quality_0.9_genes_100/seed_20250728/data/gene_truth.tsv","04f4bcd37dd2fc19a73508f8c0b05718","results/crispulator_facs/repeated/moi_0.25_quality_0.9_genes_100/seed_20250728/data/sample_design.tsv","259f4c270ceb3c9eb5838c111c405bec",0,0,0
"barcs-external-headtohead-v1","moi_0.25_quality_0.9_genes_100_replicates_4",20250728,"BARCS-EB","current three-method run","results/crispulator_facs/repeated/moi_0.25_quality_0.9_genes_100/seed_20250728/analysis_three_methods/low_bulk_high_eb_gene_results.csv","83a0e8fc1af135064a10025659e8b96b","results/crispulator_facs/repeated/moi_0.25_quality_0.9_genes_100/seed_20250728/data/counts.tsv","79d1e807609dba446998c42359aba940","results/crispulator_facs/repeated/moi_0.25_quality_0.9_genes_100/seed_20250728/data/gene_truth.tsv","04f4bcd37dd2fc19a73508f8c0b05718","results/crispulator_facs/repeated/moi_0.25_quality_0.9_genes_100/seed_20250728/data/sample_design.tsv","259f4c270ceb3c9eb5838c111c405bec",0,0,0
"barcs-external-headtohead-v1","moi_0.25_quality_0.9_genes_100_replicates_4",20250728,"MAGeCK-MLE","verified stored external fit","results/crispulator_facs/repeated/moi_0.25_quality_0.9_genes_100/seed_20250728/analysis/mageck_mle_low_bulk_high_gene_results.csv","89e890c975cafb9fbe37c06bc808749d","results/crispulator_facs/repeated/moi_0.25_quality_0.9_genes_100/seed_20250728/data/counts.tsv","79d1e807609dba446998c42359aba940","results/crispulator_facs/repeated/moi_0.25_quality_0.9_genes_100/seed_20250728/data/gene_truth.tsv","04f4bcd37dd2fc19a73508f8c0b05718","results/crispulator_facs/repeated/moi_0.25_quality_0.9_genes_100/seed_20250728/data/sample_design.tsv","259f4c270ceb3c9eb5838c111c405bec",0,0,0
"barcs-external-headtohead-v1","moi_0.25_quality_0.9_genes_100_replicates_4",20250728,"edgeR-QL","verified stored external fit","results/crispulator_facs/repeated/moi_0.25_quality_0.9_genes_100/seed_20250728/analysis/edger_ql_low_bulk_high_gene_results.csv","0402e619275763ee95f3f7683f7bf6ab","results/crispulator_facs/repeated/moi_0.25_quality_0.9_genes_100/seed_20250728/data/counts.tsv","79d1e807609dba446998c42359aba940","results/crispulator_facs/repeated/moi_0.25_quality_0.9_genes_100/seed_20250728/data/gene_truth.tsv","04f4bcd37dd2fc19a73508f8c0b05718","results/crispulator_facs/repeated/moi_0.25_quality_0.9_genes_100/seed_20250728/data/sample_design.tsv","259f4c270ceb3c9eb5838c111c405bec",0,0,0
"barcs-external-headtohead-v1","moi_0.25_quality_0.9_genes_100_replicates_4",20250728,"DESeq2","verified stored external fit","results/crispulator_facs/repeated/moi_0.25_quality_0.9_genes_100/seed_20250728/analysis/deseq2_low_bulk_high_gene_results.csv","6e04ad071ce30a7006106b82fd3b0563","results/crispulator_facs/repeated/moi_0.25_quality_0.9_genes_100/seed_20250728/data/counts.tsv","79d1e807609dba446998c42359aba940","results/crispulator_facs/repeated/moi_0.25_quality_0.9_genes_100/seed_20250728/data/gene_truth.tsv","04f4bcd37dd2fc19a73508f8c0b05718","results/crispulator_facs/repeated/moi_0.25_quality_0.9_genes_100/seed_20250728/data/sample_design.tsv","259f4c270ceb3c9eb5838c111c405bec",0,0,0
"barcs-external-headtohead-v1","moi_0.25_quality_0.9_genes_100_replicates_4",20250728,"limma-voom","verified stored external fit","results/crispulator_facs/repeated/moi_0.25_quality_0.9_genes_100/seed_20250728/analysis/limma_voom_low_bulk_high_gene_results.csv","1149ea85000f7bf1804dce901840ba22","results/crispulator_facs/repeated/moi_0.25_quality_0.9_genes_100/seed_20250728/data/counts.tsv","79d1e807609dba446998c42359aba940","results/crispulator_facs/repeated/moi_0.25_quality_0.9_genes_100/seed_20250728/data/gene_truth.tsv","04f4bcd37dd2fc19a73508f8c0b05718","results/crispulator_facs/repeated/moi_0.25_quality_0.9_genes_100/seed_20250728/data/sample_design.tsv","259f4c270ceb3c9eb5838c111c405bec",0,0,0
"barcs-external-headtohead-v1","moi_0.25_quality_0.6_genes_400_replicates_4",20250724,"BARCS-original","current three-method run","results/crispulator_facs/repeated/moi_0.25_quality_0.6/seed_20250724/analysis_three_methods/low_bulk_high_original_gene_results.csv","0ebfbc11dd5a112dc0d30352d7904cb4","results/crispulator_facs/repeated/moi_0.25_quality_0.6/seed_20250724/data/counts.tsv","d7da7a0a6f1a6b59ff5cc8f56cc890eb","results/crispulator_facs/repeated/moi_0.25_quality_0.6/seed_20250724/data/gene_truth.tsv","b5cc289f630a9703843004b754b95bb8","results/crispulator_facs/repeated/moi_0.25_quality_0.6/seed_20250724/data/sample_design.tsv","259f4c270ceb3c9eb5838c111c405bec",0,0,0
"barcs-external-headtohead-v1","moi_0.25_quality_0.6_genes_400_replicates_4",20250724,"BARCS-partial","current three-method run","results/crispulator_facs/repeated/moi_0.25_quality_0.6/seed_20250724/analysis_three_methods/low_bulk_high_partial_gene_results.csv","6260a20ae59dd90c2e273b93a7ad64fd","results/crispulator_facs/repeated/moi_0.25_quality_0.6/seed_20250724/data/counts.tsv","d7da7a0a6f1a6b59ff5cc8f56cc890eb","results/crispulator_facs/repeated/moi_0.25_quality_0.6/seed_20250724/data/gene_truth.tsv","b5cc289f630a9703843004b754b95bb8","results/crispulator_facs/repeated/moi_0.25_quality_0.6/seed_20250724/data/sample_design.tsv","259f4c270ceb3c9eb5838c111c405bec",0,0,0
"barcs-external-headtohead-v1","moi_0.25_quality_0.6_genes_400_replicates_4",20250724,"BARCS-EB","current three-method run","results/crispulator_facs/repeated/moi_0.25_quality_0.6/seed_20250724/analysis_three_methods/low_bulk_high_eb_gene_results.csv","8a67b1eda5347b0dc4a24b4f3c2d8332","results/crispulator_facs/repeated/moi_0.25_quality_0.6/seed_20250724/data/counts.tsv","d7da7a0a6f1a6b59ff5cc8f56cc890eb","results/crispulator_facs/repeated/moi_0.25_quality_0.6/seed_20250724/data/gene_truth.tsv","b5cc289f630a9703843004b754b95bb8","results/crispulator_facs/repeated/moi_0.25_quality_0.6/seed_20250724/data/sample_design.tsv","259f4c270ceb3c9eb5838c111c405bec",0,0,0
"barcs-external-headtohead-v1","moi_0.25_quality_0.6_genes_400_replicates_4",20250724,"MAGeCK-MLE","verified stored external fit","results/crispulator_facs/repeated/moi_0.25_quality_0.6/seed_20250724/analysis/mageck_mle_low_bulk_high_gene_results.csv","3fe7a77a8c795d76e6d593cadf712880","results/crispulator_facs/repeated/moi_0.25_quality_0.6/seed_20250724/data/counts.tsv","d7da7a0a6f1a6b59ff5cc8f56cc890eb","results/crispulator_facs/repeated/moi_0.25_quality_0.6/seed_20250724/data/gene_truth.tsv","b5cc289f630a9703843004b754b95bb8","results/crispulator_facs/repeated/moi_0.25_quality_0.6/seed_20250724/data/sample_design.tsv","259f4c270ceb3c9eb5838c111c405bec",0,0,0
"barcs-external-headtohead-v1","moi_0.25_quality_0.6_genes_400_replicates_4",20250724,"edgeR-QL","verified stored external fit","results/crispulator_facs/repeated/moi_0.25_quality_0.6/seed_20250724/analysis/edger_ql_low_bulk_high_gene_results.csv","df550e9617d18a3591f8d4572b632ee7","results/crispulator_facs/repeated/moi_0.25_quality_0.6/seed_20250724/data/counts.tsv","d7da7a0a6f1a6b59ff5cc8f56cc890eb","results/crispulator_facs/repeated/moi_0.25_quality_0.6/seed_20250724/data/gene_truth.tsv","b5cc289f630a9703843004b754b95bb8","results/crispulator_facs/repeated/moi_0.25_quality_0.6/seed_20250724/data/sample_design.tsv","259f4c270ceb3c9eb5838c111c405bec",0,0,0
"barcs-external-headtohead-v1","moi_0.25_quality_0.6_genes_400_replicates_4",20250724,"DESeq2","verified stored external fit","results/crispulator_facs/repeated/moi_0.25_quality_0.6/seed_20250724/analysis/deseq2_low_bulk_high_gene_results.csv","3cb28f4214fdb8c1bfbc9e5d43542875","results/crispulator_facs/repeated/moi_0.25_quality_0.6/seed_20250724/data/counts.tsv","d7da7a0a6f1a6b59ff5cc8f56cc890eb","results/crispulator_facs/repeated/moi_0.25_quality_0.6/seed_20250724/data/gene_truth.tsv","b5cc289f630a9703843004b754b95bb8","results/crispulator_facs/repeated/moi_0.25_quality_0.6/seed_20250724/data/sample_design.tsv","259f4c270ceb3c9eb5838c111c405bec",0,0,0
"barcs-external-headtohead-v1","moi_0.25_quality_0.6_genes_400_replicates_4",20250724,"limma-voom","verified stored external fit","results/crispulator_facs/repeated/moi_0.25_quality_0.6/seed_20250724/analysis/limma_voom_low_bulk_high_gene_results.csv","94dde761b9cdc62091972bfee5e72650","results/crispulator_facs/repeated/moi_0.25_quality_0.6/seed_20250724/data/counts.tsv","d7da7a0a6f1a6b59ff5cc8f56cc890eb","results/crispulator_facs/repeated/moi_0.25_quality_0.6/seed_20250724/data/gene_truth.tsv","b5cc289f630a9703843004b754b95bb8","results/crispulator_facs/repeated/moi_0.25_quality_0.6/seed_20250724/data/sample_design.tsv","259f4c270ceb3c9eb5838c111c405bec",0,0,0
"barcs-external-headtohead-v1","moi_0.25_quality_0.6_genes_400_replicates_4",20250725,"BARCS-original","current three-method run","results/crispulator_facs/repeated/moi_0.25_quality_0.6/seed_20250725/analysis_three_methods/low_bulk_high_original_gene_results.csv","09ab7f176ee5e94ca192a8711060cff0","results/crispulator_facs/repeated/moi_0.25_quality_0.6/seed_20250725/data/counts.tsv","c229fba32507708a54fffe0d53c509cd","results/crispulator_facs/repeated/moi_0.25_quality_0.6/seed_20250725/data/gene_truth.tsv","0cf01a8b6c8ef144696e719b37a77d48","results/crispulator_facs/repeated/moi_0.25_quality_0.6/seed_20250725/data/sample_design.tsv","259f4c270ceb3c9eb5838c111c405bec",0,0,0
"barcs-external-headtohead-v1","moi_0.25_quality_0.6_genes_400_replicates_4",20250725,"BARCS-partial","current three-method run","results/crispulator_facs/repeated/moi_0.25_quality_0.6/seed_20250725/analysis_three_methods/low_bulk_high_partial_gene_results.csv","c69a4e5a950b153a6f534aba6c5db962","results/crispulator_facs/repeated/moi_0.25_quality_0.6/seed_20250725/data/counts.tsv","c229fba32507708a54fffe0d53c509cd","results/crispulator_facs/repeated/moi_0.25_quality_0.6/seed_20250725/data/gene_truth.tsv","0cf01a8b6c8ef144696e719b37a77d48","results/crispulator_facs/repeated/moi_0.25_quality_0.6/seed_20250725/data/sample_design.tsv","259f4c270ceb3c9eb5838c111c405bec",0,0,0
"barcs-external-headtohead-v1","moi_0.25_quality_0.6_genes_400_replicates_4",20250725,"BARCS-EB","current three-method run","results/crispulator_facs/repeated/moi_0.25_quality_0.6/seed_20250725/analysis_three_methods/low_bulk_high_eb_gene_results.csv","70e28eb33f38b08145af37705fd36439","results/crispulator_facs/repeated/moi_0.25_quality_0.6/seed_20250725/data/counts.tsv","c229fba32507708a54fffe0d53c509cd","results/crispulator_facs/repeated/moi_0.25_quality_0.6/seed_20250725/data/gene_truth.tsv","0cf01a8b6c8ef144696e719b37a77d48","results/crispulator_facs/repeated/moi_0.25_quality_0.6/seed_20250725/data/sample_design.tsv","259f4c270ceb3c9eb5838c111c405bec",0,0,0
"barcs-external-headtohead-v1","moi_0.25_quality_0.6_genes_400_replicates_4",20250725,"MAGeCK-MLE","verified stored external fit","results/crispulator_facs/repeated/moi_0.25_quality_0.6/seed_20250725/analysis/mageck_mle_low_bulk_high_gene_results.csv","8700b680a2b1b30a7073e085e800c17f","results/crispulator_facs/repeated/moi_0.25_quality_0.6/seed_20250725/data/counts.tsv","c229fba32507708a54fffe0d53c509cd","results/crispulator_facs/repeated/moi_0.25_quality_0.6/seed_20250725/data/gene_truth.tsv","0cf01a8b6c8ef144696e719b37a77d48","results/crispulator_facs/repeated/moi_0.25_quality_0.6/seed_20250725/data/sample_design.tsv","259f4c270ceb3c9eb5838c111c405bec",0,0,0
"barcs-external-headtohead-v1","moi_0.25_quality_0.6_genes_400_replicates_4",20250725,"edgeR-QL","verified stored external fit","results/crispulator_facs/repeated/moi_0.25_quality_0.6/seed_20250725/analysis/edger_ql_low_bulk_high_gene_results.csv","374cf33d5654ca821ed09b19d70ed070","results/crispulator_facs/repeated/moi_0.25_quality_0.6/seed_20250725/data/counts.tsv","c229fba32507708a54fffe0d53c509cd","results/crispulator_facs/repeated/moi_0.25_quality_0.6/seed_20250725/data/gene_truth.tsv","0cf01a8b6c8ef144696e719b37a77d48","results/crispulator_facs/repeated/moi_0.25_quality_0.6/seed_20250725/data/sample_design.tsv","259f4c270ceb3c9eb5838c111c405bec",0,0,0
"barcs-external-headtohead-v1","moi_0.25_quality_0.6_genes_400_replicates_4",20250725,"DESeq2","verified stored external fit","results/crispulator_facs/repeated/moi_0.25_quality_0.6/seed_20250725/analysis/deseq2_low_bulk_high_gene_results.csv","cada699eebbbdf9db67b0b6cbbdbda2f","results/crispulator_facs/repeated/moi_0.25_quality_0.6/seed_20250725/data/counts.tsv","c229fba32507708a54fffe0d53c509cd","results/crispulator_facs/repeated/moi_0.25_quality_0.6/seed_20250725/data/gene_truth.tsv","0cf01a8b6c8ef144696e719b37a77d48","results/crispulator_facs/repeated/moi_0.25_quality_0.6/seed_20250725/data/sample_design.tsv","259f4c270ceb3c9eb5838c111c405bec",0,0,0
"barcs-external-headtohead-v1","moi_0.25_quality_0.6_genes_400_replicates_4",20250725,"limma-voom","verified stored external fit","results/crispulator_facs/repeated/moi_0.25_quality_0.6/seed_20250725/analysis/limma_voom_low_bulk_high_gene_results.csv","6263ed9266230b7d99c3c587d02e5fc4","results/crispulator_facs/repeated/moi_0.25_quality_0.6/seed_20250725/data/counts.tsv","c229fba32507708a54fffe0d53c509cd","results/crispulator_facs/repeated/moi_0.25_quality_0.6/seed_20250725/data/gene_truth.tsv","0cf01a8b6c8ef144696e719b37a77d48","results/crispulator_facs/repeated/moi_0.25_quality_0.6/seed_20250725/data/sample_design.tsv","259f4c270ceb3c9eb5838c111c405bec",0,0,0
"barcs-external-headtohead-v1","moi_0.25_quality_0.6_genes_400_replicates_4",20250726,"BARCS-original","current three-method run","results/crispulator_facs/repeated/moi_0.25_quality_0.6/seed_20250726/analysis_three_methods/low_bulk_high_original_gene_results.csv","b4ecafb44a8c02cf4302d39b5194f870","results/crispulator_facs/repeated/moi_0.25_quality_0.6/seed_20250726/data/counts.tsv","c5137b0e12f10a5ef198d35588071986","results/crispulator_facs/repeated/moi_0.25_quality_0.6/seed_20250726/data/gene_truth.tsv","89e0ff5db4d9a444b9145dd75ea9756a","results/crispulator_facs/repeated/moi_0.25_quality_0.6/seed_20250726/data/sample_design.tsv","259f4c270ceb3c9eb5838c111c405bec",0,0,0
"barcs-external-headtohead-v1","moi_0.25_quality_0.6_genes_400_replicates_4",20250726,"BARCS-partial","current three-method run","results/crispulator_facs/repeated/moi_0.25_quality_0.6/seed_20250726/analysis_three_methods/low_bulk_high_partial_gene_results.csv","c28f4dffec532e3145d555056e035272","results/crispulator_facs/repeated/moi_0.25_quality_0.6/seed_20250726/data/counts.tsv","c5137b0e12f10a5ef198d35588071986","results/crispulator_facs/repeated/moi_0.25_quality_0.6/seed_20250726/data/gene_truth.tsv","89e0ff5db4d9a444b9145dd75ea9756a","results/crispulator_facs/repeated/moi_0.25_quality_0.6/seed_20250726/data/sample_design.tsv","259f4c270ceb3c9eb5838c111c405bec",0,0,0
"barcs-external-headtohead-v1","moi_0.25_quality_0.6_genes_400_replicates_4",20250726,"BARCS-EB","current three-method run","results/crispulator_facs/repeated/moi_0.25_quality_0.6/seed_20250726/analysis_three_methods/low_bulk_high_eb_gene_results.csv","05642609c1fc99b4084882368ddd55aa","results/crispulator_facs/repeated/moi_0.25_quality_0.6/seed_20250726/data/counts.tsv","c5137b0e12f10a5ef198d35588071986","results/crispulator_facs/repeated/moi_0.25_quality_0.6/seed_20250726/data/gene_truth.tsv","89e0ff5db4d9a444b9145dd75ea9756a","results/crispulator_facs/repeated/moi_0.25_quality_0.6/seed_20250726/data/sample_design.tsv","259f4c270ceb3c9eb5838c111c405bec",0,0,0
"barcs-external-headtohead-v1","moi_0.25_quality_0.6_genes_400_replicates_4",20250726,"MAGeCK-MLE","verified stored external fit","results/crispulator_facs/repeated/moi_0.25_quality_0.6/seed_20250726/analysis/mageck_mle_low_bulk_high_gene_results.csv","495ac4841674d70045bd2ebe1da08f6d","results/crispulator_facs/repeated/moi_0.25_quality_0.6/seed_20250726/data/counts.tsv","c5137b0e12f10a5ef198d35588071986","results/crispulator_facs/repeated/moi_0.25_quality_0.6/seed_20250726/data/gene_truth.tsv","89e0ff5db4d9a444b9145dd75ea9756a","results/crispulator_facs/repeated/moi_0.25_quality_0.6/seed_20250726/data/sample_design.tsv","259f4c270ceb3c9eb5838c111c405bec",0,0,0
"barcs-external-headtohead-v1","moi_0.25_quality_0.6_genes_400_replicates_4",20250726,"edgeR-QL","verified stored external fit","results/crispulator_facs/repeated/moi_0.25_quality_0.6/seed_20250726/analysis/edger_ql_low_bulk_high_gene_results.csv","59f1b73da17716bd1051cc5315e44c82","results/crispulator_facs/repeated/moi_0.25_quality_0.6/seed_20250726/data/counts.tsv","c5137b0e12f10a5ef198d35588071986","results/crispulator_facs/repeated/moi_0.25_quality_0.6/seed_20250726/data/gene_truth.tsv","89e0ff5db4d9a444b9145dd75ea9756a","results/crispulator_facs/repeated/moi_0.25_quality_0.6/seed_20250726/data/sample_design.tsv","259f4c270ceb3c9eb5838c111c405bec",0,0,0
"barcs-external-headtohead-v1","moi_0.25_quality_0.6_genes_400_replicates_4",20250726,"DESeq2","verified stored external fit","results/crispulator_facs/repeated/moi_0.25_quality_0.6/seed_20250726/analysis/deseq2_low_bulk_high_gene_results.csv","e53acbbd2eeb5b66d31191127692c585","results/crispulator_facs/repeated/moi_0.25_quality_0.6/seed_20250726/data/counts.tsv","c5137b0e12f10a5ef198d35588071986","results/crispulator_facs/repeated/moi_0.25_quality_0.6/seed_20250726/data/gene_truth.tsv","89e0ff5db4d9a444b9145dd75ea9756a","results/crispulator_facs/repeated/moi_0.25_quality_0.6/seed_20250726/data/sample_design.tsv","259f4c270ceb3c9eb5838c111c405bec",0,0,0
"barcs-external-headtohead-v1","moi_0.25_quality_0.6_genes_400_replicates_4",20250726,"limma-voom","verified stored external fit","results/crispulator_facs/repeated/moi_0.25_quality_0.6/seed_20250726/analysis/limma_voom_low_bulk_high_gene_results.csv","2da53dfd5f5428123adb0a072f72bfd2","results/crispulator_facs/repeated/moi_0.25_quality_0.6/seed_20250726/data/counts.tsv","c5137b0e12f10a5ef198d35588071986","results/crispulator_facs/repeated/moi_0.25_quality_0.6/seed_20250726/data/gene_truth.tsv","89e0ff5db4d9a444b9145dd75ea9756a","results/crispulator_facs/repeated/moi_0.25_quality_0.6/seed_20250726/data/sample_design.tsv","259f4c270ceb3c9eb5838c111c405bec",0,0,0
"barcs-external-headtohead-v1","moi_0.25_quality_0.6_genes_400_replicates_4",20250727,"BARCS-original","current three-method run","results/crispulator_facs/repeated/moi_0.25_quality_0.6/seed_20250727/analysis_three_methods/low_bulk_high_original_gene_results.csv","38c4dcd4be81b00136cf289d46963645","results/crispulator_facs/repeated/moi_0.25_quality_0.6/seed_20250727/data/counts.tsv","1ad18cb9dbc64ba9ceced75e2b16fa5b","results/crispulator_facs/repeated/moi_0.25_quality_0.6/seed_20250727/data/gene_truth.tsv","883a89a386fcd8badd4c0c5233a1d39a","results/crispulator_facs/repeated/moi_0.25_quality_0.6/seed_20250727/data/sample_design.tsv","259f4c270ceb3c9eb5838c111c405bec",0,0,0
"barcs-external-headtohead-v1","moi_0.25_quality_0.6_genes_400_replicates_4",20250727,"BARCS-partial","current three-method run","results/crispulator_facs/repeated/moi_0.25_quality_0.6/seed_20250727/analysis_three_methods/low_bulk_high_partial_gene_results.csv","ee547496eaa2b6b8b104fc63fdd30026","results/crispulator_facs/repeated/moi_0.25_quality_0.6/seed_20250727/data/counts.tsv","1ad18cb9dbc64ba9ceced75e2b16fa5b","results/crispulator_facs/repeated/moi_0.25_quality_0.6/seed_20250727/data/gene_truth.tsv","883a89a386fcd8badd4c0c5233a1d39a","results/crispulator_facs/repeated/moi_0.25_quality_0.6/seed_20250727/data/sample_design.tsv","259f4c270ceb3c9eb5838c111c405bec",0,0,0
"barcs-external-headtohead-v1","moi_0.25_quality_0.6_genes_400_replicates_4",20250727,"BARCS-EB","current three-method run","results/crispulator_facs/repeated/moi_0.25_quality_0.6/seed_20250727/analysis_three_methods/low_bulk_high_eb_gene_results.csv","fd2be51681bc026d46ccb2833f48b16a","results/crispulator_facs/repeated/moi_0.25_quality_0.6/seed_20250727/data/counts.tsv","1ad18cb9dbc64ba9ceced75e2b16fa5b","results/crispulator_facs/repeated/moi_0.25_quality_0.6/seed_20250727/data/gene_truth.tsv","883a89a386fcd8badd4c0c5233a1d39a","results/crispulator_facs/repeated/moi_0.25_quality_0.6/seed_20250727/data/sample_design.tsv","259f4c270ceb3c9eb5838c111c405bec",0,0,0
"barcs-external-headtohead-v1","moi_0.25_quality_0.6_genes_400_replicates_4",20250727,"MAGeCK-MLE","verified stored external fit","results/crispulator_facs/repeated/moi_0.25_quality_0.6/seed_20250727/analysis/mageck_mle_low_bulk_high_gene_results.csv","d37030e2a83568f2b38c03cc30385da2","results/crispulator_facs/repeated/moi_0.25_quality_0.6/seed_20250727/data/counts.tsv","1ad18cb9dbc64ba9ceced75e2b16fa5b","results/crispulator_facs/repeated/moi_0.25_quality_0.6/seed_20250727/data/gene_truth.tsv","883a89a386fcd8badd4c0c5233a1d39a","results/crispulator_facs/repeated/moi_0.25_quality_0.6/seed_20250727/data/sample_design.tsv","259f4c270ceb3c9eb5838c111c405bec",0,0,0
"barcs-external-headtohead-v1","moi_0.25_quality_0.6_genes_400_replicates_4",20250727,"edgeR-QL","verified stored external fit","results/crispulator_facs/repeated/moi_0.25_quality_0.6/seed_20250727/analysis/edger_ql_low_bulk_high_gene_results.csv","7bd389d604376766b82b0cad776ea6fa","results/crispulator_facs/repeated/moi_0.25_quality_0.6/seed_20250727/data/counts.tsv","1ad18cb9dbc64ba9ceced75e2b16fa5b","results/crispulator_facs/repeated/moi_0.25_quality_0.6/seed_20250727/data/gene_truth.tsv","883a89a386fcd8badd4c0c5233a1d39a","results/crispulator_facs/repeated/moi_0.25_quality_0.6/seed_20250727/data/sample_design.tsv","259f4c270ceb3c9eb5838c111c405bec",0,0,0
"barcs-external-headtohead-v1","moi_0.25_quality_0.6_genes_400_replicates_4",20250727,"DESeq2","verified stored external fit","results/crispulator_facs/repeated/moi_0.25_quality_0.6/seed_20250727/analysis/deseq2_low_bulk_high_gene_results.csv","239449d115257223bdce987e36e986aa","results/crispulator_facs/repeated/moi_0.25_quality_0.6/seed_20250727/data/counts.tsv","1ad18cb9dbc64ba9ceced75e2b16fa5b","results/crispulator_facs/repeated/moi_0.25_quality_0.6/seed_20250727/data/gene_truth.tsv","883a89a386fcd8badd4c0c5233a1d39a","results/crispulator_facs/repeated/moi_0.25_quality_0.6/seed_20250727/data/sample_design.tsv","259f4c270ceb3c9eb5838c111c405bec",0,0,0
"barcs-external-headtohead-v1","moi_0.25_quality_0.6_genes_400_replicates_4",20250727,"limma-voom","verified stored external fit","results/crispulator_facs/repeated/moi_0.25_quality_0.6/seed_20250727/analysis/limma_voom_low_bulk_high_gene_results.csv","5dc93d9f39b2eb2e6f406a93431bdc13","results/crispulator_facs/repeated/moi_0.25_quality_0.6/seed_20250727/data/counts.tsv","1ad18cb9dbc64ba9ceced75e2b16fa5b","results/crispulator_facs/repeated/moi_0.25_quality_0.6/seed_20250727/data/gene_truth.tsv","883a89a386fcd8badd4c0c5233a1d39a","results/crispulator_facs/repeated/moi_0.25_quality_0.6/seed_20250727/data/sample_design.tsv","259f4c270ceb3c9eb5838c111c405bec",0,0,0
"barcs-external-headtohead-v1","moi_0.25_quality_0.6_genes_400_replicates_4",20250728,"BARCS-original","current three-method run","results/crispulator_facs/repeated/moi_0.25_quality_0.6/seed_20250728/analysis_three_methods/low_bulk_high_original_gene_results.csv","b6f1e3cdc898ff7c32e596e6774337c4","results/crispulator_facs/repeated/moi_0.25_quality_0.6/seed_20250728/data/counts.tsv","e5513452fd3ae7e44326f8f2e18c5cfa","results/crispulator_facs/repeated/moi_0.25_quality_0.6/seed_20250728/data/gene_truth.tsv","6ccf6149cf45746eed554738fa59a2ec","results/crispulator_facs/repeated/moi_0.25_quality_0.6/seed_20250728/data/sample_design.tsv","259f4c270ceb3c9eb5838c111c405bec",0,0,0
"barcs-external-headtohead-v1","moi_0.25_quality_0.6_genes_400_replicates_4",20250728,"BARCS-partial","current three-method run","results/crispulator_facs/repeated/moi_0.25_quality_0.6/seed_20250728/analysis_three_methods/low_bulk_high_partial_gene_results.csv","58b8acce282ab5a7a41425b8e0ee895c","results/crispulator_facs/repeated/moi_0.25_quality_0.6/seed_20250728/data/counts.tsv","e5513452fd3ae7e44326f8f2e18c5cfa","results/crispulator_facs/repeated/moi_0.25_quality_0.6/seed_20250728/data/gene_truth.tsv","6ccf6149cf45746eed554738fa59a2ec","results/crispulator_facs/repeated/moi_0.25_quality_0.6/seed_20250728/data/sample_design.tsv","259f4c270ceb3c9eb5838c111c405bec",0,0,0
"barcs-external-headtohead-v1","moi_0.25_quality_0.6_genes_400_replicates_4",20250728,"BARCS-EB","current three-method run","results/crispulator_facs/repeated/moi_0.25_quality_0.6/seed_20250728/analysis_three_methods/low_bulk_high_eb_gene_results.csv","ba8e82d54c54dcb5077cf289bed37810","results/crispulator_facs/repeated/moi_0.25_quality_0.6/seed_20250728/data/counts.tsv","e5513452fd3ae7e44326f8f2e18c5cfa","results/crispulator_facs/repeated/moi_0.25_quality_0.6/seed_20250728/data/gene_truth.tsv","6ccf6149cf45746eed554738fa59a2ec","results/crispulator_facs/repeated/moi_0.25_quality_0.6/seed_20250728/data/sample_design.tsv","259f4c270ceb3c9eb5838c111c405bec",0,0,0
"barcs-external-headtohead-v1","moi_0.25_quality_0.6_genes_400_replicates_4",20250728,"MAGeCK-MLE","verified stored external fit","results/crispulator_facs/repeated/moi_0.25_quality_0.6/seed_20250728/analysis/mageck_mle_low_bulk_high_gene_results.csv","20ef17c48bd797b2c55a8fb80c741212","results/crispulator_facs/repeated/moi_0.25_quality_0.6/seed_20250728/data/counts.tsv","e5513452fd3ae7e44326f8f2e18c5cfa","results/crispulator_facs/repeated/moi_0.25_quality_0.6/seed_20250728/data/gene_truth.tsv","6ccf6149cf45746eed554738fa59a2ec","results/crispulator_facs/repeated/moi_0.25_quality_0.6/seed_20250728/data/sample_design.tsv","259f4c270ceb3c9eb5838c111c405bec",0,0,0
"barcs-external-headtohead-v1","moi_0.25_quality_0.6_genes_400_replicates_4",20250728,"edgeR-QL","verified stored external fit","results/crispulator_facs/repeated/moi_0.25_quality_0.6/seed_20250728/analysis/edger_ql_low_bulk_high_gene_results.csv","43ee7f4b0571ada281e5790d6069e223","results/crispulator_facs/repeated/moi_0.25_quality_0.6/seed_20250728/data/counts.tsv","e5513452fd3ae7e44326f8f2e18c5cfa","results/crispulator_facs/repeated/moi_0.25_quality_0.6/seed_20250728/data/gene_truth.tsv","6ccf6149cf45746eed554738fa59a2ec","results/crispulator_facs/repeated/moi_0.25_quality_0.6/seed_20250728/data/sample_design.tsv","259f4c270ceb3c9eb5838c111c405bec",0,0,0
"barcs-external-headtohead-v1","moi_0.25_quality_0.6_genes_400_replicates_4",20250728,"DESeq2","verified stored external fit","results/crispulator_facs/repeated/moi_0.25_quality_0.6/seed_20250728/analysis/deseq2_low_bulk_high_gene_results.csv","eade2998a4024d0e29b0e93f5819f000","results/crispulator_facs/repeated/moi_0.25_quality_0.6/seed_20250728/data/counts.tsv","e5513452fd3ae7e44326f8f2e18c5cfa","results/crispulator_facs/repeated/moi_0.25_quality_0.6/seed_20250728/data/gene_truth.tsv","6ccf6149cf45746eed554738fa59a2ec","results/crispulator_facs/repeated/moi_0.25_quality_0.6/seed_20250728/data/sample_design.tsv","259f4c270ceb3c9eb5838c111c405bec",0,0,0
"barcs-external-headtohead-v1","moi_0.25_quality_0.6_genes_400_replicates_4",20250728,"limma-voom","verified stored external fit","results/crispulator_facs/repeated/moi_0.25_quality_0.6/seed_20250728/analysis/limma_voom_low_bulk_high_gene_results.csv","0a0d43447f617f49b22c0b32e894bc7e","results/crispulator_facs/repeated/moi_0.25_quality_0.6/seed_20250728/data/counts.tsv","e5513452fd3ae7e44326f8f2e18c5cfa","results/crispulator_facs/repeated/moi_0.25_quality_0.6/seed_20250728/data/gene_truth.tsv","6ccf6149cf45746eed554738fa59a2ec","results/crispulator_facs/repeated/moi_0.25_quality_0.6/seed_20250728/data/sample_design.tsv","259f4c270ceb3c9eb5838c111c405bec",0,0,0
"barcs-external-headtohead-v1","moi_0.25_quality_0.75_genes_400_replicates_4",20250724,"BARCS-original","current three-method run","results/crispulator_facs/repeated/moi_0.25_quality_0.75/seed_20250724/analysis_three_methods/low_bulk_high_original_gene_results.csv","4822e79589a00bdfb0e9c4b95fa34650","results/crispulator_facs/repeated/moi_0.25_quality_0.75/seed_20250724/data/counts.tsv","37263b40c167d15be4a197bfb6056628","results/crispulator_facs/repeated/moi_0.25_quality_0.75/seed_20250724/data/gene_truth.tsv","bdd52e4ccf77b9032dbd33143f8f3ce5","results/crispulator_facs/repeated/moi_0.25_quality_0.75/seed_20250724/data/sample_design.tsv","259f4c270ceb3c9eb5838c111c405bec",0,0,0
"barcs-external-headtohead-v1","moi_0.25_quality_0.75_genes_400_replicates_4",20250724,"BARCS-partial","current three-method run","results/crispulator_facs/repeated/moi_0.25_quality_0.75/seed_20250724/analysis_three_methods/low_bulk_high_partial_gene_results.csv","21ca94c0bbfc6098cd34d254db37a7b2","results/crispulator_facs/repeated/moi_0.25_quality_0.75/seed_20250724/data/counts.tsv","37263b40c167d15be4a197bfb6056628","results/crispulator_facs/repeated/moi_0.25_quality_0.75/seed_20250724/data/gene_truth.tsv","bdd52e4ccf77b9032dbd33143f8f3ce5","results/crispulator_facs/repeated/moi_0.25_quality_0.75/seed_20250724/data/sample_design.tsv","259f4c270ceb3c9eb5838c111c405bec",0,0,0
"barcs-external-headtohead-v1","moi_0.25_quality_0.75_genes_400_replicates_4",20250724,"BARCS-EB","current three-method run","results/crispulator_facs/repeated/moi_0.25_quality_0.75/seed_20250724/analysis_three_methods/low_bulk_high_eb_gene_results.csv","06d6881c957f4d7bbc4a8a5a0a9ab4f8","results/crispulator_facs/repeated/moi_0.25_quality_0.75/seed_20250724/data/counts.tsv","37263b40c167d15be4a197bfb6056628","results/crispulator_facs/repeated/moi_0.25_quality_0.75/seed_20250724/data/gene_truth.tsv","bdd52e4ccf77b9032dbd33143f8f3ce5","results/crispulator_facs/repeated/moi_0.25_quality_0.75/seed_20250724/data/sample_design.tsv","259f4c270ceb3c9eb5838c111c405bec",0,0,0
"barcs-external-headtohead-v1","moi_0.25_quality_0.75_genes_400_replicates_4",20250724,"MAGeCK-MLE","verified stored external fit","results/crispulator_facs/repeated/moi_0.25_quality_0.75/seed_20250724/analysis/mageck_mle_low_bulk_high_gene_results.csv","a7aae39d26d1c3f970e3115afd6a90d7","results/crispulator_facs/repeated/moi_0.25_quality_0.75/seed_20250724/data/counts.tsv","37263b40c167d15be4a197bfb6056628","results/crispulator_facs/repeated/moi_0.25_quality_0.75/seed_20250724/data/gene_truth.tsv","bdd52e4ccf77b9032dbd33143f8f3ce5","results/crispulator_facs/repeated/moi_0.25_quality_0.75/seed_20250724/data/sample_design.tsv","259f4c270ceb3c9eb5838c111c405bec",0,0,0
"barcs-external-headtohead-v1","moi_0.25_quality_0.75_genes_400_replicates_4",20250724,"edgeR-QL","verified stored external fit","results/crispulator_facs/repeated/moi_0.25_quality_0.75/seed_20250724/analysis/edger_ql_low_bulk_high_gene_results.csv","a6ea1655044dd322820d5baab98b6969","results/crispulator_facs/repeated/moi_0.25_quality_0.75/seed_20250724/data/counts.tsv","37263b40c167d15be4a197bfb6056628","results/crispulator_facs/repeated/moi_0.25_quality_0.75/seed_20250724/data/gene_truth.tsv","bdd52e4ccf77b9032dbd33143f8f3ce5","results/crispulator_facs/repeated/moi_0.25_quality_0.75/seed_20250724/data/sample_design.tsv","259f4c270ceb3c9eb5838c111c405bec",0,0,0
"barcs-external-headtohead-v1","moi_0.25_quality_0.75_genes_400_replicates_4",20250724,"DESeq2","verified stored external fit","results/crispulator_facs/repeated/moi_0.25_quality_0.75/seed_20250724/analysis/deseq2_low_bulk_high_gene_results.csv","9e930ce70d6f004e838ac7be347e1fec","results/crispulator_facs/repeated/moi_0.25_quality_0.75/seed_20250724/data/counts.tsv","37263b40c167d15be4a197bfb6056628","results/crispulator_facs/repeated/moi_0.25_quality_0.75/seed_20250724/data/gene_truth.tsv","bdd52e4ccf77b9032dbd33143f8f3ce5","results/crispulator_facs/repeated/moi_0.25_quality_0.75/seed_20250724/data/sample_design.tsv","259f4c270ceb3c9eb5838c111c405bec",0,0,0
"barcs-external-headtohead-v1","moi_0.25_quality_0.75_genes_400_replicates_4",20250724,"limma-voom","verified stored external fit","results/crispulator_facs/repeated/moi_0.25_quality_0.75/seed_20250724/analysis/limma_voom_low_bulk_high_gene_results.csv","8916e585d56ce2002016bf4433a3f9b0","results/crispulator_facs/repeated/moi_0.25_quality_0.75/seed_20250724/data/counts.tsv","37263b40c167d15be4a197bfb6056628","results/crispulator_facs/repeated/moi_0.25_quality_0.75/seed_20250724/data/gene_truth.tsv","bdd52e4ccf77b9032dbd33143f8f3ce5","results/crispulator_facs/repeated/moi_0.25_quality_0.75/seed_20250724/data/sample_design.tsv","259f4c270ceb3c9eb5838c111c405bec",0,0,0
"barcs-external-headtohead-v1","moi_0.25_quality_0.75_genes_400_replicates_4",20250725,"BARCS-original","current three-method run","results/crispulator_facs/repeated/moi_0.25_quality_0.75/seed_20250725/analysis_three_methods/low_bulk_high_original_gene_results.csv","1e010f31419f05194ab6b7a58b47cf7d","results/crispulator_facs/repeated/moi_0.25_quality_0.75/seed_20250725/data/counts.tsv","977f391f2c9fb03906a075f052b06737","results/crispulator_facs/repeated/moi_0.25_quality_0.75/seed_20250725/data/gene_truth.tsv","78eabc31d57b57eb813b67609be863b5","results/crispulator_facs/repeated/moi_0.25_quality_0.75/seed_20250725/data/sample_design.tsv","259f4c270ceb3c9eb5838c111c405bec",0,0,0
"barcs-external-headtohead-v1","moi_0.25_quality_0.75_genes_400_replicates_4",20250725,"BARCS-partial","current three-method run","results/crispulator_facs/repeated/moi_0.25_quality_0.75/seed_20250725/analysis_three_methods/low_bulk_high_partial_gene_results.csv","4de276d872b124ad87b5d1f9835117ae","results/crispulator_facs/repeated/moi_0.25_quality_0.75/seed_20250725/data/counts.tsv","977f391f2c9fb03906a075f052b06737","results/crispulator_facs/repeated/moi_0.25_quality_0.75/seed_20250725/data/gene_truth.tsv","78eabc31d57b57eb813b67609be863b5","results/crispulator_facs/repeated/moi_0.25_quality_0.75/seed_20250725/data/sample_design.tsv","259f4c270ceb3c9eb5838c111c405bec",0,0,0
"barcs-external-headtohead-v1","moi_0.25_quality_0.75_genes_400_replicates_4",20250725,"BARCS-EB","current three-method run","results/crispulator_facs/repeated/moi_0.25_quality_0.75/seed_20250725/analysis_three_methods/low_bulk_high_eb_gene_results.csv","b17f7412ea0e5c2850b92e71ff02a8e8","results/crispulator_facs/repeated/moi_0.25_quality_0.75/seed_20250725/data/counts.tsv","977f391f2c9fb03906a075f052b06737","results/crispulator_facs/repeated/moi_0.25_quality_0.75/seed_20250725/data/gene_truth.tsv","78eabc31d57b57eb813b67609be863b5","results/crispulator_facs/repeated/moi_0.25_quality_0.75/seed_20250725/data/sample_design.tsv","259f4c270ceb3c9eb5838c111c405bec",0,0,0
"barcs-external-headtohead-v1","moi_0.25_quality_0.75_genes_400_replicates_4",20250725,"MAGeCK-MLE","verified stored external fit","results/crispulator_facs/repeated/moi_0.25_quality_0.75/seed_20250725/analysis/mageck_mle_low_bulk_high_gene_results.csv","906ff998bb1333a9714dc71597bd264d","results/crispulator_facs/repeated/moi_0.25_quality_0.75/seed_20250725/data/counts.tsv","977f391f2c9fb03906a075f052b06737","results/crispulator_facs/repeated/moi_0.25_quality_0.75/seed_20250725/data/gene_truth.tsv","78eabc31d57b57eb813b67609be863b5","results/crispulator_facs/repeated/moi_0.25_quality_0.75/seed_20250725/data/sample_design.tsv","259f4c270ceb3c9eb5838c111c405bec",0,0,0
"barcs-external-headtohead-v1","moi_0.25_quality_0.75_genes_400_replicates_4",20250725,"edgeR-QL","verified stored external fit","results/crispulator_facs/repeated/moi_0.25_quality_0.75/seed_20250725/analysis/edger_ql_low_bulk_high_gene_results.csv","3a3c2532339bcdb1c2aab2a6c26093bc","results/crispulator_facs/repeated/moi_0.25_quality_0.75/seed_20250725/data/counts.tsv","977f391f2c9fb03906a075f052b06737","results/crispulator_facs/repeated/moi_0.25_quality_0.75/seed_20250725/data/gene_truth.tsv","78eabc31d57b57eb813b67609be863b5","results/crispulator_facs/repeated/moi_0.25_quality_0.75/seed_20250725/data/sample_design.tsv","259f4c270ceb3c9eb5838c111c405bec",0,0,0
"barcs-external-headtohead-v1","moi_0.25_quality_0.75_genes_400_replicates_4",20250725,"DESeq2","verified stored external fit","results/crispulator_facs/repeated/moi_0.25_quality_0.75/seed_20250725/analysis/deseq2_low_bulk_high_gene_results.csv","e47cac144a5eacb88aeda60e83551df8","results/crispulator_facs/repeated/moi_0.25_quality_0.75/seed_20250725/data/counts.tsv","977f391f2c9fb03906a075f052b06737","results/crispulator_facs/repeated/moi_0.25_quality_0.75/seed_20250725/data/gene_truth.tsv","78eabc31d57b57eb813b67609be863b5","results/crispulator_facs/repeated/moi_0.25_quality_0.75/seed_20250725/data/sample_design.tsv","259f4c270ceb3c9eb5838c111c405bec",0,0,0
"barcs-external-headtohead-v1","moi_0.25_quality_0.75_genes_400_replicates_4",20250725,"limma-voom","verified stored external fit","results/crispulator_facs/repeated/moi_0.25_quality_0.75/seed_20250725/analysis/limma_voom_low_bulk_high_gene_results.csv","1f2aebce9269e15f467d2b5e34b2bd8f","results/crispulator_facs/repeated/moi_0.25_quality_0.75/seed_20250725/data/counts.tsv","977f391f2c9fb03906a075f052b06737","results/crispulator_facs/repeated/moi_0.25_quality_0.75/seed_20250725/data/gene_truth.tsv","78eabc31d57b57eb813b67609be863b5","results/crispulator_facs/repeated/moi_0.25_quality_0.75/seed_20250725/data/sample_design.tsv","259f4c270ceb3c9eb5838c111c405bec",0,0,0
"barcs-external-headtohead-v1","moi_0.25_quality_0.75_genes_400_replicates_4",20250726,"BARCS-original","current three-method run","results/crispulator_facs/repeated/moi_0.25_quality_0.75/seed_20250726/analysis_three_methods/low_bulk_high_original_gene_results.csv","b47d9500fc77f82f743d53e11c27c697","results/crispulator_facs/repeated/moi_0.25_quality_0.75/seed_20250726/data/counts.tsv","f27216419cf78c1331580a18c9bc40d9","results/crispulator_facs/repeated/moi_0.25_quality_0.75/seed_20250726/data/gene_truth.tsv","e9991017576b6239e03868d8ad4c34a3","results/crispulator_facs/repeated/moi_0.25_quality_0.75/seed_20250726/data/sample_design.tsv","259f4c270ceb3c9eb5838c111c405bec",0,0,0
"barcs-external-headtohead-v1","moi_0.25_quality_0.75_genes_400_replicates_4",20250726,"BARCS-partial","current three-method run","results/crispulator_facs/repeated/moi_0.25_quality_0.75/seed_20250726/analysis_three_methods/low_bulk_high_partial_gene_results.csv","233126a6bf4d120b7abe3fcf98d0f2ab","results/crispulator_facs/repeated/moi_0.25_quality_0.75/seed_20250726/data/counts.tsv","f27216419cf78c1331580a18c9bc40d9","results/crispulator_facs/repeated/moi_0.25_quality_0.75/seed_20250726/data/gene_truth.tsv","e9991017576b6239e03868d8ad4c34a3","results/crispulator_facs/repeated/moi_0.25_quality_0.75/seed_20250726/data/sample_design.tsv","259f4c270ceb3c9eb5838c111c405bec",0,0,0
"barcs-external-headtohead-v1","moi_0.25_quality_0.75_genes_400_replicates_4",20250726,"BARCS-EB","current three-method run","results/crispulator_facs/repeated/moi_0.25_quality_0.75/seed_20250726/analysis_three_methods/low_bulk_high_eb_gene_results.csv","0f80b9242520c969910b34cb15b4a1d1","results/crispulator_facs/repeated/moi_0.25_quality_0.75/seed_20250726/data/counts.tsv","f27216419cf78c1331580a18c9bc40d9","results/crispulator_facs/repeated/moi_0.25_quality_0.75/seed_20250726/data/gene_truth.tsv","e9991017576b6239e03868d8ad4c34a3","results/crispulator_facs/repeated/moi_0.25_quality_0.75/seed_20250726/data/sample_design.tsv","259f4c270ceb3c9eb5838c111c405bec",0,0,0
"barcs-external-headtohead-v1","moi_0.25_quality_0.75_genes_400_replicates_4",20250726,"MAGeCK-MLE","verified stored external fit","results/crispulator_facs/repeated/moi_0.25_quality_0.75/seed_20250726/analysis/mageck_mle_low_bulk_high_gene_results.csv","8166946121829d94b236c91d7f7cc74e","results/crispulator_facs/repeated/moi_0.25_quality_0.75/seed_20250726/data/counts.tsv","f27216419cf78c1331580a18c9bc40d9","results/crispulator_facs/repeated/moi_0.25_quality_0.75/seed_20250726/data/gene_truth.tsv","e9991017576b6239e03868d8ad4c34a3","results/crispulator_facs/repeated/moi_0.25_quality_0.75/seed_20250726/data/sample_design.tsv","259f4c270ceb3c9eb5838c111c405bec",0,0,0
"barcs-external-headtohead-v1","moi_0.25_quality_0.75_genes_400_replicates_4",20250726,"edgeR-QL","verified stored external fit","results/crispulator_facs/repeated/moi_0.25_quality_0.75/seed_20250726/analysis/edger_ql_low_bulk_high_gene_results.csv","c831e81dca71b7d7406548ab7d4ff8d5","results/crispulator_facs/repeated/moi_0.25_quality_0.75/seed_20250726/data/counts.tsv","f27216419cf78c1331580a18c9bc40d9","results/crispulator_facs/repeated/moi_0.25_quality_0.75/seed_20250726/data/gene_truth.tsv","e9991017576b6239e03868d8ad4c34a3","results/crispulator_facs/repeated/moi_0.25_quality_0.75/seed_20250726/data/sample_design.tsv","259f4c270ceb3c9eb5838c111c405bec",0,0,0
"barcs-external-headtohead-v1","moi_0.25_quality_0.75_genes_400_replicates_4",20250726,"DESeq2","verified stored external fit","results/crispulator_facs/repeated/moi_0.25_quality_0.75/seed_20250726/analysis/deseq2_low_bulk_high_gene_results.csv","d7a5478f81fd6038944e35ffa321db3d","results/crispulator_facs/repeated/moi_0.25_quality_0.75/seed_20250726/data/counts.tsv","f27216419cf78c1331580a18c9bc40d9","results/crispulator_facs/repeated/moi_0.25_quality_0.75/seed_20250726/data/gene_truth.tsv","e9991017576b6239e03868d8ad4c34a3","results/crispulator_facs/repeated/moi_0.25_quality_0.75/seed_20250726/data/sample_design.tsv","259f4c270ceb3c9eb5838c111c405bec",0,0,0
"barcs-external-headtohead-v1","moi_0.25_quality_0.75_genes_400_replicates_4",20250726,"limma-voom","verified stored external fit","results/crispulator_facs/repeated/moi_0.25_quality_0.75/seed_20250726/analysis/limma_voom_low_bulk_high_gene_results.csv","e9fedec74afead1a55843ca23a856cf8","results/crispulator_facs/repeated/moi_0.25_quality_0.75/seed_20250726/data/counts.tsv","f27216419cf78c1331580a18c9bc40d9","results/crispulator_facs/repeated/moi_0.25_quality_0.75/seed_20250726/data/gene_truth.tsv","e9991017576b6239e03868d8ad4c34a3","results/crispulator_facs/repeated/moi_0.25_quality_0.75/seed_20250726/data/sample_design.tsv","259f4c270ceb3c9eb5838c111c405bec",0,0,0
"barcs-external-headtohead-v1","moi_0.25_quality_0.75_genes_400_replicates_4",20250727,"BARCS-original","current three-method run","results/crispulator_facs/repeated/moi_0.25_quality_0.75/seed_20250727/analysis_three_methods/low_bulk_high_original_gene_results.csv","5ecaa8e4e00a7e360a15cbe0eee9f01e","results/crispulator_facs/repeated/moi_0.25_quality_0.75/seed_20250727/data/counts.tsv","31de55eb60aa4d77eafdb1aa11ede3b8","results/crispulator_facs/repeated/moi_0.25_quality_0.75/seed_20250727/data/gene_truth.tsv","d6baf680f02a2ce6f66b038f4a4c68a3","results/crispulator_facs/repeated/moi_0.25_quality_0.75/seed_20250727/data/sample_design.tsv","259f4c270ceb3c9eb5838c111c405bec",0,0,0
"barcs-external-headtohead-v1","moi_0.25_quality_0.75_genes_400_replicates_4",20250727,"BARCS-partial","current three-method run","results/crispulator_facs/repeated/moi_0.25_quality_0.75/seed_20250727/analysis_three_methods/low_bulk_high_partial_gene_results.csv","26de2a42f2f4ebe86d4393c463bc5134","results/crispulator_facs/repeated/moi_0.25_quality_0.75/seed_20250727/data/counts.tsv","31de55eb60aa4d77eafdb1aa11ede3b8","results/crispulator_facs/repeated/moi_0.25_quality_0.75/seed_20250727/data/gene_truth.tsv","d6baf680f02a2ce6f66b038f4a4c68a3","results/crispulator_facs/repeated/moi_0.25_quality_0.75/seed_20250727/data/sample_design.tsv","259f4c270ceb3c9eb5838c111c405bec",0,0,0
"barcs-external-headtohead-v1","moi_0.25_quality_0.75_genes_400_replicates_4",20250727,"BARCS-EB","current three-method run","results/crispulator_facs/repeated/moi_0.25_quality_0.75/seed_20250727/analysis_three_methods/low_bulk_high_eb_gene_results.csv","177245baefc741c16bd1d96130415d39","results/crispulator_facs/repeated/moi_0.25_quality_0.75/seed_20250727/data/counts.tsv","31de55eb60aa4d77eafdb1aa11ede3b8","results/crispulator_facs/repeated/moi_0.25_quality_0.75/seed_20250727/data/gene_truth.tsv","d6baf680f02a2ce6f66b038f4a4c68a3","results/crispulator_facs/repeated/moi_0.25_quality_0.75/seed_20250727/data/sample_design.tsv","259f4c270ceb3c9eb5838c111c405bec",0,0,0
"barcs-external-headtohead-v1","moi_0.25_quality_0.75_genes_400_replicates_4",20250727,"MAGeCK-MLE","verified stored external fit","results/crispulator_facs/repeated/moi_0.25_quality_0.75/seed_20250727/analysis/mageck_mle_low_bulk_high_gene_results.csv","74ba71d299c64ac142ae7a3e6bf04753","results/crispulator_facs/repeated/moi_0.25_quality_0.75/seed_20250727/data/counts.tsv","31de55eb60aa4d77eafdb1aa11ede3b8","results/crispulator_facs/repeated/moi_0.25_quality_0.75/seed_20250727/data/gene_truth.tsv","d6baf680f02a2ce6f66b038f4a4c68a3","results/crispulator_facs/repeated/moi_0.25_quality_0.75/seed_20250727/data/sample_design.tsv","259f4c270ceb3c9eb5838c111c405bec",0,0,0
"barcs-external-headtohead-v1","moi_0.25_quality_0.75_genes_400_replicates_4",20250727,"edgeR-QL","verified stored external fit","results/crispulator_facs/repeated/moi_0.25_quality_0.75/seed_20250727/analysis/edger_ql_low_bulk_high_gene_results.csv","4c7228360f64640447cb89123bc94e3d","results/crispulator_facs/repeated/moi_0.25_quality_0.75/seed_20250727/data/counts.tsv","31de55eb60aa4d77eafdb1aa11ede3b8","results/crispulator_facs/repeated/moi_0.25_quality_0.75/seed_20250727/data/gene_truth.tsv","d6baf680f02a2ce6f66b038f4a4c68a3","results/crispulator_facs/repeated/moi_0.25_quality_0.75/seed_20250727/data/sample_design.tsv","259f4c270ceb3c9eb5838c111c405bec",0,0,0
"barcs-external-headtohead-v1","moi_0.25_quality_0.75_genes_400_replicates_4",20250727,"DESeq2","verified stored external fit","results/crispulator_facs/repeated/moi_0.25_quality_0.75/seed_20250727/analysis/deseq2_low_bulk_high_gene_results.csv","72f5ff8abc8cc2ff80bd24b06fb10798","results/crispulator_facs/repeated/moi_0.25_quality_0.75/seed_20250727/data/counts.tsv","31de55eb60aa4d77eafdb1aa11ede3b8","results/crispulator_facs/repeated/moi_0.25_quality_0.75/seed_20250727/data/gene_truth.tsv","d6baf680f02a2ce6f66b038f4a4c68a3","results/crispulator_facs/repeated/moi_0.25_quality_0.75/seed_20250727/data/sample_design.tsv","259f4c270ceb3c9eb5838c111c405bec",0,0,0
"barcs-external-headtohead-v1","moi_0.25_quality_0.75_genes_400_replicates_4",20250727,"limma-voom","verified stored external fit","results/crispulator_facs/repeated/moi_0.25_quality_0.75/seed_20250727/analysis/limma_voom_low_bulk_high_gene_results.csv","c6a190c674ebc0e8e53fd59132f5fb48","results/crispulator_facs/repeated/moi_0.25_quality_0.75/seed_20250727/data/counts.tsv","31de55eb60aa4d77eafdb1aa11ede3b8","results/crispulator_facs/repeated/moi_0.25_quality_0.75/seed_20250727/data/gene_truth.tsv","d6baf680f02a2ce6f66b038f4a4c68a3","results/crispulator_facs/repeated/moi_0.25_quality_0.75/seed_20250727/data/sample_design.tsv","259f4c270ceb3c9eb5838c111c405bec",0,0,0
"barcs-external-headtohead-v1","moi_0.25_quality_0.75_genes_400_replicates_4",20250728,"BARCS-original","current three-method run","results/crispulator_facs/repeated/moi_0.25_quality_0.75/seed_20250728/analysis_three_methods/low_bulk_high_original_gene_results.csv","0e161892981a07c72139cb4ff0120930","results/crispulator_facs/repeated/moi_0.25_quality_0.75/seed_20250728/data/counts.tsv","a3bebda45ff8a621704a8ae437e95ae3","results/crispulator_facs/repeated/moi_0.25_quality_0.75/seed_20250728/data/gene_truth.tsv","cf7c8d239cdbbf4634e376093eafa859","results/crispulator_facs/repeated/moi_0.25_quality_0.75/seed_20250728/data/sample_design.tsv","259f4c270ceb3c9eb5838c111c405bec",0,0,0
"barcs-external-headtohead-v1","moi_0.25_quality_0.75_genes_400_replicates_4",20250728,"BARCS-partial","current three-method run","results/crispulator_facs/repeated/moi_0.25_quality_0.75/seed_20250728/analysis_three_methods/low_bulk_high_partial_gene_results.csv","5028834487745b775198354254294231","results/crispulator_facs/repeated/moi_0.25_quality_0.75/seed_20250728/data/counts.tsv","a3bebda45ff8a621704a8ae437e95ae3","results/crispulator_facs/repeated/moi_0.25_quality_0.75/seed_20250728/data/gene_truth.tsv","cf7c8d239cdbbf4634e376093eafa859","results/crispulator_facs/repeated/moi_0.25_quality_0.75/seed_20250728/data/sample_design.tsv","259f4c270ceb3c9eb5838c111c405bec",0,0,0
"barcs-external-headtohead-v1","moi_0.25_quality_0.75_genes_400_replicates_4",20250728,"BARCS-EB","current three-method run","results/crispulator_facs/repeated/moi_0.25_quality_0.75/seed_20250728/analysis_three_methods/low_bulk_high_eb_gene_results.csv","98b148cac951b97d22603026cc18d737","results/crispulator_facs/repeated/moi_0.25_quality_0.75/seed_20250728/data/counts.tsv","a3bebda45ff8a621704a8ae437e95ae3","results/crispulator_facs/repeated/moi_0.25_quality_0.75/seed_20250728/data/gene_truth.tsv","cf7c8d239cdbbf4634e376093eafa859","results/crispulator_facs/repeated/moi_0.25_quality_0.75/seed_20250728/data/sample_design.tsv","259f4c270ceb3c9eb5838c111c405bec",0,0,0
"barcs-external-headtohead-v1","moi_0.25_quality_0.75_genes_400_replicates_4",20250728,"MAGeCK-MLE","verified stored external fit","results/crispulator_facs/repeated/moi_0.25_quality_0.75/seed_20250728/analysis/mageck_mle_low_bulk_high_gene_results.csv","0b6a9bd44ed87e6de9122bbcb5957754","results/crispulator_facs/repeated/moi_0.25_quality_0.75/seed_20250728/data/counts.tsv","a3bebda45ff8a621704a8ae437e95ae3","results/crispulator_facs/repeated/moi_0.25_quality_0.75/seed_20250728/data/gene_truth.tsv","cf7c8d239cdbbf4634e376093eafa859","results/crispulator_facs/repeated/moi_0.25_quality_0.75/seed_20250728/data/sample_design.tsv","259f4c270ceb3c9eb5838c111c405bec",0,0,0
"barcs-external-headtohead-v1","moi_0.25_quality_0.75_genes_400_replicates_4",20250728,"edgeR-QL","verified stored external fit","results/crispulator_facs/repeated/moi_0.25_quality_0.75/seed_20250728/analysis/edger_ql_low_bulk_high_gene_results.csv","c7dc7533b3a26892b4c01ff5b9646823","results/crispulator_facs/repeated/moi_0.25_quality_0.75/seed_20250728/data/counts.tsv","a3bebda45ff8a621704a8ae437e95ae3","results/crispulator_facs/repeated/moi_0.25_quality_0.75/seed_20250728/data/gene_truth.tsv","cf7c8d239cdbbf4634e376093eafa859","results/crispulator_facs/repeated/moi_0.25_quality_0.75/seed_20250728/data/sample_design.tsv","259f4c270ceb3c9eb5838c111c405bec",0,0,0
"barcs-external-headtohead-v1","moi_0.25_quality_0.75_genes_400_replicates_4",20250728,"DESeq2","verified stored external fit","results/crispulator_facs/repeated/moi_0.25_quality_0.75/seed_20250728/analysis/deseq2_low_bulk_high_gene_results.csv","283a676c04202d6c8903f29077c6dc09","results/crispulator_facs/repeated/moi_0.25_quality_0.75/seed_20250728/data/counts.tsv","a3bebda45ff8a621704a8ae437e95ae3","results/crispulator_facs/repeated/moi_0.25_quality_0.75/seed_20250728/data/gene_truth.tsv","cf7c8d239cdbbf4634e376093eafa859","results/crispulator_facs/repeated/moi_0.25_quality_0.75/seed_20250728/data/sample_design.tsv","259f4c270ceb3c9eb5838c111c405bec",0,0,0
"barcs-external-headtohead-v1","moi_0.25_quality_0.75_genes_400_replicates_4",20250728,"limma-voom","verified stored external fit","results/crispulator_facs/repeated/moi_0.25_quality_0.75/seed_20250728/analysis/limma_voom_low_bulk_high_gene_results.csv","9c736628270042538d9775f25554968d","results/crispulator_facs/repeated/moi_0.25_quality_0.75/seed_20250728/data/counts.tsv","a3bebda45ff8a621704a8ae437e95ae3","results/crispulator_facs/repeated/moi_0.25_quality_0.75/seed_20250728/data/gene_truth.tsv","cf7c8d239cdbbf4634e376093eafa859","results/crispulator_facs/repeated/moi_0.25_quality_0.75/seed_20250728/data/sample_design.tsv","259f4c270ceb3c9eb5838c111c405bec",0,0,0
"barcs-external-headtohead-v1","moi_0.1_quality_0.9_genes_400_replicates_4",20250724,"BARCS-original","current three-method run","results/crispulator_facs/repeated/moi_0.1_quality_0.9/seed_20250724/analysis_three_methods/low_bulk_high_original_gene_results.csv","3d289349bfa457f1192bad8bbe64388a","results/crispulator_facs/repeated/moi_0.1_quality_0.9/seed_20250724/data/counts.tsv","40d519057cbe80c342cadccf7aed08a0","results/crispulator_facs/repeated/moi_0.1_quality_0.9/seed_20250724/data/gene_truth.tsv","e3f5f7157210b23a3522994a9dfefb50","results/crispulator_facs/repeated/moi_0.1_quality_0.9/seed_20250724/data/sample_design.tsv","259f4c270ceb3c9eb5838c111c405bec",0,0,0
"barcs-external-headtohead-v1","moi_0.1_quality_0.9_genes_400_replicates_4",20250724,"BARCS-partial","current three-method run","results/crispulator_facs/repeated/moi_0.1_quality_0.9/seed_20250724/analysis_three_methods/low_bulk_high_partial_gene_results.csv","fc0357207d36e7dca382844e2d96635c","results/crispulator_facs/repeated/moi_0.1_quality_0.9/seed_20250724/data/counts.tsv","40d519057cbe80c342cadccf7aed08a0","results/crispulator_facs/repeated/moi_0.1_quality_0.9/seed_20250724/data/gene_truth.tsv","e3f5f7157210b23a3522994a9dfefb50","results/crispulator_facs/repeated/moi_0.1_quality_0.9/seed_20250724/data/sample_design.tsv","259f4c270ceb3c9eb5838c111c405bec",0,0,0
"barcs-external-headtohead-v1","moi_0.1_quality_0.9_genes_400_replicates_4",20250724,"BARCS-EB","current three-method run","results/crispulator_facs/repeated/moi_0.1_quality_0.9/seed_20250724/analysis_three_methods/low_bulk_high_eb_gene_results.csv","87078e09cf1fbfbe4a0946f8be395a11","results/crispulator_facs/repeated/moi_0.1_quality_0.9/seed_20250724/data/counts.tsv","40d519057cbe80c342cadccf7aed08a0","results/crispulator_facs/repeated/moi_0.1_quality_0.9/seed_20250724/data/gene_truth.tsv","e3f5f7157210b23a3522994a9dfefb50","results/crispulator_facs/repeated/moi_0.1_quality_0.9/seed_20250724/data/sample_design.tsv","259f4c270ceb3c9eb5838c111c405bec",0,0,0
"barcs-external-headtohead-v1","moi_0.1_quality_0.9_genes_400_replicates_4",20250724,"MAGeCK-MLE","verified stored external fit","results/crispulator_facs/repeated/moi_0.1_quality_0.9/seed_20250724/analysis/mageck_mle_low_bulk_high_gene_results.csv","715526e06df4756961acdf1ae91ed354","results/crispulator_facs/repeated/moi_0.1_quality_0.9/seed_20250724/data/counts.tsv","40d519057cbe80c342cadccf7aed08a0","results/crispulator_facs/repeated/moi_0.1_quality_0.9/seed_20250724/data/gene_truth.tsv","e3f5f7157210b23a3522994a9dfefb50","results/crispulator_facs/repeated/moi_0.1_quality_0.9/seed_20250724/data/sample_design.tsv","259f4c270ceb3c9eb5838c111c405bec",0,0,0
"barcs-external-headtohead-v1","moi_0.1_quality_0.9_genes_400_replicates_4",20250724,"edgeR-QL","verified stored external fit","results/crispulator_facs/repeated/moi_0.1_quality_0.9/seed_20250724/analysis/edger_ql_low_bulk_high_gene_results.csv","33e205d47221aea0985fe911fc89b129","results/crispulator_facs/repeated/moi_0.1_quality_0.9/seed_20250724/data/counts.tsv","40d519057cbe80c342cadccf7aed08a0","results/crispulator_facs/repeated/moi_0.1_quality_0.9/seed_20250724/data/gene_truth.tsv","e3f5f7157210b23a3522994a9dfefb50","results/crispulator_facs/repeated/moi_0.1_quality_0.9/seed_20250724/data/sample_design.tsv","259f4c270ceb3c9eb5838c111c405bec",0,0,0
"barcs-external-headtohead-v1","moi_0.1_quality_0.9_genes_400_replicates_4",20250724,"DESeq2","verified stored external fit","results/crispulator_facs/repeated/moi_0.1_quality_0.9/seed_20250724/analysis/deseq2_low_bulk_high_gene_results.csv","5374073aa02ab8a85b2ea0f8c7466bb3","results/crispulator_facs/repeated/moi_0.1_quality_0.9/seed_20250724/data/counts.tsv","40d519057cbe80c342cadccf7aed08a0","results/crispulator_facs/repeated/moi_0.1_quality_0.9/seed_20250724/data/gene_truth.tsv","e3f5f7157210b23a3522994a9dfefb50","results/crispulator_facs/repeated/moi_0.1_quality_0.9/seed_20250724/data/sample_design.tsv","259f4c270ceb3c9eb5838c111c405bec",0,0,0
"barcs-external-headtohead-v1","moi_0.1_quality_0.9_genes_400_replicates_4",20250724,"limma-voom","verified stored external fit","results/crispulator_facs/repeated/moi_0.1_quality_0.9/seed_20250724/analysis/limma_voom_low_bulk_high_gene_results.csv","0dac905eaf90e58b92f9dd68a38faf7b","results/crispulator_facs/repeated/moi_0.1_quality_0.9/seed_20250724/data/counts.tsv","40d519057cbe80c342cadccf7aed08a0","results/crispulator_facs/repeated/moi_0.1_quality_0.9/seed_20250724/data/gene_truth.tsv","e3f5f7157210b23a3522994a9dfefb50","results/crispulator_facs/repeated/moi_0.1_quality_0.9/seed_20250724/data/sample_design.tsv","259f4c270ceb3c9eb5838c111c405bec",0,0,0
"barcs-external-headtohead-v1","moi_0.1_quality_0.9_genes_400_replicates_4",20250725,"BARCS-original","current three-method run","results/crispulator_facs/repeated/moi_0.1_quality_0.9/seed_20250725/analysis_three_methods/low_bulk_high_original_gene_results.csv","10211495c5c03ce6134f6db887d67567","results/crispulator_facs/repeated/moi_0.1_quality_0.9/seed_20250725/data/counts.tsv","7f90c536557149a61d4a70d08edcf502","results/crispulator_facs/repeated/moi_0.1_quality_0.9/seed_20250725/data/gene_truth.tsv","4ef0dd1fb2040099ebb9c600e4ff2420","results/crispulator_facs/repeated/moi_0.1_quality_0.9/seed_20250725/data/sample_design.tsv","259f4c270ceb3c9eb5838c111c405bec",0,0,0
"barcs-external-headtohead-v1","moi_0.1_quality_0.9_genes_400_replicates_4",20250725,"BARCS-partial","current three-method run","results/crispulator_facs/repeated/moi_0.1_quality_0.9/seed_20250725/analysis_three_methods/low_bulk_high_partial_gene_results.csv","ea6c3e7e921addbc451646d91ec918b0","results/crispulator_facs/repeated/moi_0.1_quality_0.9/seed_20250725/data/counts.tsv","7f90c536557149a61d4a70d08edcf502","results/crispulator_facs/repeated/moi_0.1_quality_0.9/seed_20250725/data/gene_truth.tsv","4ef0dd1fb2040099ebb9c600e4ff2420","results/crispulator_facs/repeated/moi_0.1_quality_0.9/seed_20250725/data/sample_design.tsv","259f4c270ceb3c9eb5838c111c405bec",0,0,0
"barcs-external-headtohead-v1","moi_0.1_quality_0.9_genes_400_replicates_4",20250725,"BARCS-EB","current three-method run","results/crispulator_facs/repeated/moi_0.1_quality_0.9/seed_20250725/analysis_three_methods/low_bulk_high_eb_gene_results.csv","62ed321fa1fa4195590828445ef0bf70","results/crispulator_facs/repeated/moi_0.1_quality_0.9/seed_20250725/data/counts.tsv","7f90c536557149a61d4a70d08edcf502","results/crispulator_facs/repeated/moi_0.1_quality_0.9/seed_20250725/data/gene_truth.tsv","4ef0dd1fb2040099ebb9c600e4ff2420","results/crispulator_facs/repeated/moi_0.1_quality_0.9/seed_20250725/data/sample_design.tsv","259f4c270ceb3c9eb5838c111c405bec",0,0,0
"barcs-external-headtohead-v1","moi_0.1_quality_0.9_genes_400_replicates_4",20250725,"MAGeCK-MLE","verified stored external fit","results/crispulator_facs/repeated/moi_0.1_quality_0.9/seed_20250725/analysis/mageck_mle_low_bulk_high_gene_results.csv","83c12d91f3246a998653e6304db17551","results/crispulator_facs/repeated/moi_0.1_quality_0.9/seed_20250725/data/counts.tsv","7f90c536557149a61d4a70d08edcf502","results/crispulator_facs/repeated/moi_0.1_quality_0.9/seed_20250725/data/gene_truth.tsv","4ef0dd1fb2040099ebb9c600e4ff2420","results/crispulator_facs/repeated/moi_0.1_quality_0.9/seed_20250725/data/sample_design.tsv","259f4c270ceb3c9eb5838c111c405bec",0,0,0
"barcs-external-headtohead-v1","moi_0.1_quality_0.9_genes_400_replicates_4",20250725,"edgeR-QL","verified stored external fit","results/crispulator_facs/repeated/moi_0.1_quality_0.9/seed_20250725/analysis/edger_ql_low_bulk_high_gene_results.csv","19524bed66967b9f4024138e1381495f","results/crispulator_facs/repeated/moi_0.1_quality_0.9/seed_20250725/data/counts.tsv","7f90c536557149a61d4a70d08edcf502","results/crispulator_facs/repeated/moi_0.1_quality_0.9/seed_20250725/data/gene_truth.tsv","4ef0dd1fb2040099ebb9c600e4ff2420","results/crispulator_facs/repeated/moi_0.1_quality_0.9/seed_20250725/data/sample_design.tsv","259f4c270ceb3c9eb5838c111c405bec",0,0,0
"barcs-external-headtohead-v1","moi_0.1_quality_0.9_genes_400_replicates_4",20250725,"DESeq2","verified stored external fit","results/crispulator_facs/repeated/moi_0.1_quality_0.9/seed_20250725/analysis/deseq2_low_bulk_high_gene_results.csv","7f042b4c525d7226af0f05562a5efff7","results/crispulator_facs/repeated/moi_0.1_quality_0.9/seed_20250725/data/counts.tsv","7f90c536557149a61d4a70d08edcf502","results/crispulator_facs/repeated/moi_0.1_quality_0.9/seed_20250725/data/gene_truth.tsv","4ef0dd1fb2040099ebb9c600e4ff2420","results/crispulator_facs/repeated/moi_0.1_quality_0.9/seed_20250725/data/sample_design.tsv","259f4c270ceb3c9eb5838c111c405bec",0,0,0
"barcs-external-headtohead-v1","moi_0.1_quality_0.9_genes_400_replicates_4",20250725,"limma-voom","verified stored external fit","results/crispulator_facs/repeated/moi_0.1_quality_0.9/seed_20250725/analysis/limma_voom_low_bulk_high_gene_results.csv","730edd4eb24f5191eac1416aa21bab83","results/crispulator_facs/repeated/moi_0.1_quality_0.9/seed_20250725/data/counts.tsv","7f90c536557149a61d4a70d08edcf502","results/crispulator_facs/repeated/moi_0.1_quality_0.9/seed_20250725/data/gene_truth.tsv","4ef0dd1fb2040099ebb9c600e4ff2420","results/crispulator_facs/repeated/moi_0.1_quality_0.9/seed_20250725/data/sample_design.tsv","259f4c270ceb3c9eb5838c111c405bec",0,0,0
"barcs-external-headtohead-v1","moi_0.1_quality_0.9_genes_400_replicates_4",20250726,"BARCS-original","current three-method run","results/crispulator_facs/repeated/moi_0.1_quality_0.9/seed_20250726/analysis_three_methods/low_bulk_high_original_gene_results.csv","8280598521efde5e69e8af81df0d523a","results/crispulator_facs/repeated/moi_0.1_quality_0.9/seed_20250726/data/counts.tsv","bc12bf4c8c4b23db2c85ca801a783a08","results/crispulator_facs/repeated/moi_0.1_quality_0.9/seed_20250726/data/gene_truth.tsv","b96f59e42708dcb79803e0db52bc930c","results/crispulator_facs/repeated/moi_0.1_quality_0.9/seed_20250726/data/sample_design.tsv","259f4c270ceb3c9eb5838c111c405bec",0,0,0
"barcs-external-headtohead-v1","moi_0.1_quality_0.9_genes_400_replicates_4",20250726,"BARCS-partial","current three-method run","results/crispulator_facs/repeated/moi_0.1_quality_0.9/seed_20250726/analysis_three_methods/low_bulk_high_partial_gene_results.csv","19ef90f3534da798909f00d0bf5b154f","results/crispulator_facs/repeated/moi_0.1_quality_0.9/seed_20250726/data/counts.tsv","bc12bf4c8c4b23db2c85ca801a783a08","results/crispulator_facs/repeated/moi_0.1_quality_0.9/seed_20250726/data/gene_truth.tsv","b96f59e42708dcb79803e0db52bc930c","results/crispulator_facs/repeated/moi_0.1_quality_0.9/seed_20250726/data/sample_design.tsv","259f4c270ceb3c9eb5838c111c405bec",0,0,0
"barcs-external-headtohead-v1","moi_0.1_quality_0.9_genes_400_replicates_4",20250726,"BARCS-EB","current three-method run","results/crispulator_facs/repeated/moi_0.1_quality_0.9/seed_20250726/analysis_three_methods/low_bulk_high_eb_gene_results.csv","2b38a90d2dde0619ba5fc3b7e28f84f2","results/crispulator_facs/repeated/moi_0.1_quality_0.9/seed_20250726/data/counts.tsv","bc12bf4c8c4b23db2c85ca801a783a08","results/crispulator_facs/repeated/moi_0.1_quality_0.9/seed_20250726/data/gene_truth.tsv","b96f59e42708dcb79803e0db52bc930c","results/crispulator_facs/repeated/moi_0.1_quality_0.9/seed_20250726/data/sample_design.tsv","259f4c270ceb3c9eb5838c111c405bec",0,0,0
"barcs-external-headtohead-v1","moi_0.1_quality_0.9_genes_400_replicates_4",20250726,"MAGeCK-MLE","verified stored external fit","results/crispulator_facs/repeated/moi_0.1_quality_0.9/seed_20250726/analysis/mageck_mle_low_bulk_high_gene_results.csv","ff623f2677607a9db396827547dfc4be","results/crispulator_facs/repeated/moi_0.1_quality_0.9/seed_20250726/data/counts.tsv","bc12bf4c8c4b23db2c85ca801a783a08","results/crispulator_facs/repeated/moi_0.1_quality_0.9/seed_20250726/data/gene_truth.tsv","b96f59e42708dcb79803e0db52bc930c","results/crispulator_facs/repeated/moi_0.1_quality_0.9/seed_20250726/data/sample_design.tsv","259f4c270ceb3c9eb5838c111c405bec",0,0,0
"barcs-external-headtohead-v1","moi_0.1_quality_0.9_genes_400_replicates_4",20250726,"edgeR-QL","verified stored external fit","results/crispulator_facs/repeated/moi_0.1_quality_0.9/seed_20250726/analysis/edger_ql_low_bulk_high_gene_results.csv","6487e45624de5cc12c38ca58234938af","results/crispulator_facs/repeated/moi_0.1_quality_0.9/seed_20250726/data/counts.tsv","bc12bf4c8c4b23db2c85ca801a783a08","results/crispulator_facs/repeated/moi_0.1_quality_0.9/seed_20250726/data/gene_truth.tsv","b96f59e42708dcb79803e0db52bc930c","results/crispulator_facs/repeated/moi_0.1_quality_0.9/seed_20250726/data/sample_design.tsv","259f4c270ceb3c9eb5838c111c405bec",0,0,0
"barcs-external-headtohead-v1","moi_0.1_quality_0.9_genes_400_replicates_4",20250726,"DESeq2","verified stored external fit","results/crispulator_facs/repeated/moi_0.1_quality_0.9/seed_20250726/analysis/deseq2_low_bulk_high_gene_results.csv","a6243809bd8066c27746c2eea170ba48","results/crispulator_facs/repeated/moi_0.1_quality_0.9/seed_20250726/data/counts.tsv","bc12bf4c8c4b23db2c85ca801a783a08","results/crispulator_facs/repeated/moi_0.1_quality_0.9/seed_20250726/data/gene_truth.tsv","b96f59e42708dcb79803e0db52bc930c","results/crispulator_facs/repeated/moi_0.1_quality_0.9/seed_20250726/data/sample_design.tsv","259f4c270ceb3c9eb5838c111c405bec",0,0,0
"barcs-external-headtohead-v1","moi_0.1_quality_0.9_genes_400_replicates_4",20250726,"limma-voom","verified stored external fit","results/crispulator_facs/repeated/moi_0.1_quality_0.9/seed_20250726/analysis/limma_voom_low_bulk_high_gene_results.csv","ec8711626c2f76bc898c3b7e07fe4a23","results/crispulator_facs/repeated/moi_0.1_quality_0.9/seed_20250726/data/counts.tsv","bc12bf4c8c4b23db2c85ca801a783a08","results/crispulator_facs/repeated/moi_0.1_quality_0.9/seed_20250726/data/gene_truth.tsv","b96f59e42708dcb79803e0db52bc930c","results/crispulator_facs/repeated/moi_0.1_quality_0.9/seed_20250726/data/sample_design.tsv","259f4c270ceb3c9eb5838c111c405bec",0,0,0
"barcs-external-headtohead-v1","moi_0.1_quality_0.9_genes_400_replicates_4",20250727,"BARCS-original","current three-method run","results/crispulator_facs/repeated/moi_0.1_quality_0.9/seed_20250727/analysis_three_methods/low_bulk_high_original_gene_results.csv","3b4e03f1676767c7c75c258d683f2663","results/crispulator_facs/repeated/moi_0.1_quality_0.9/seed_20250727/data/counts.tsv","c1dd4fd6fd02caedfd74ec3bd2a1db91","results/crispulator_facs/repeated/moi_0.1_quality_0.9/seed_20250727/data/gene_truth.tsv","f58ae16e56128f355564b426d61f6ada","results/crispulator_facs/repeated/moi_0.1_quality_0.9/seed_20250727/data/sample_design.tsv","259f4c270ceb3c9eb5838c111c405bec",0,0,0
"barcs-external-headtohead-v1","moi_0.1_quality_0.9_genes_400_replicates_4",20250727,"BARCS-partial","current three-method run","results/crispulator_facs/repeated/moi_0.1_quality_0.9/seed_20250727/analysis_three_methods/low_bulk_high_partial_gene_results.csv","7dd973789217be27c8dbd2d325fbeceb","results/crispulator_facs/repeated/moi_0.1_quality_0.9/seed_20250727/data/counts.tsv","c1dd4fd6fd02caedfd74ec3bd2a1db91","results/crispulator_facs/repeated/moi_0.1_quality_0.9/seed_20250727/data/gene_truth.tsv","f58ae16e56128f355564b426d61f6ada","results/crispulator_facs/repeated/moi_0.1_quality_0.9/seed_20250727/data/sample_design.tsv","259f4c270ceb3c9eb5838c111c405bec",0,0,0
"barcs-external-headtohead-v1","moi_0.1_quality_0.9_genes_400_replicates_4",20250727,"BARCS-EB","current three-method run","results/crispulator_facs/repeated/moi_0.1_quality_0.9/seed_20250727/analysis_three_methods/low_bulk_high_eb_gene_results.csv","85304cc06a3a0e1db3c320ced6f737e9","results/crispulator_facs/repeated/moi_0.1_quality_0.9/seed_20250727/data/counts.tsv","c1dd4fd6fd02caedfd74ec3bd2a1db91","results/crispulator_facs/repeated/moi_0.1_quality_0.9/seed_20250727/data/gene_truth.tsv","f58ae16e56128f355564b426d61f6ada","results/crispulator_facs/repeated/moi_0.1_quality_0.9/seed_20250727/data/sample_design.tsv","259f4c270ceb3c9eb5838c111c405bec",0,0,0
"barcs-external-headtohead-v1","moi_0.1_quality_0.9_genes_400_replicates_4",20250727,"MAGeCK-MLE","verified stored external fit","results/crispulator_facs/repeated/moi_0.1_quality_0.9/seed_20250727/analysis/mageck_mle_low_bulk_high_gene_results.csv","66cfbed1b467ba9585749b276f22934a","results/crispulator_facs/repeated/moi_0.1_quality_0.9/seed_20250727/data/counts.tsv","c1dd4fd6fd02caedfd74ec3bd2a1db91","results/crispulator_facs/repeated/moi_0.1_quality_0.9/seed_20250727/data/gene_truth.tsv","f58ae16e56128f355564b426d61f6ada","results/crispulator_facs/repeated/moi_0.1_quality_0.9/seed_20250727/data/sample_design.tsv","259f4c270ceb3c9eb5838c111c405bec",0,0,0
"barcs-external-headtohead-v1","moi_0.1_quality_0.9_genes_400_replicates_4",20250727,"edgeR-QL","verified stored external fit","results/crispulator_facs/repeated/moi_0.1_quality_0.9/seed_20250727/analysis/edger_ql_low_bulk_high_gene_results.csv","4aaf4aa7a2dd7be2bb9104ac39f0b3d2","results/crispulator_facs/repeated/moi_0.1_quality_0.9/seed_20250727/data/counts.tsv","c1dd4fd6fd02caedfd74ec3bd2a1db91","results/crispulator_facs/repeated/moi_0.1_quality_0.9/seed_20250727/data/gene_truth.tsv","f58ae16e56128f355564b426d61f6ada","results/crispulator_facs/repeated/moi_0.1_quality_0.9/seed_20250727/data/sample_design.tsv","259f4c270ceb3c9eb5838c111c405bec",0,0,0
"barcs-external-headtohead-v1","moi_0.1_quality_0.9_genes_400_replicates_4",20250727,"DESeq2","verified stored external fit","results/crispulator_facs/repeated/moi_0.1_quality_0.9/seed_20250727/analysis/deseq2_low_bulk_high_gene_results.csv","3efcab3c389e5635009ce84c1030d5c5","results/crispulator_facs/repeated/moi_0.1_quality_0.9/seed_20250727/data/counts.tsv","c1dd4fd6fd02caedfd74ec3bd2a1db91","results/crispulator_facs/repeated/moi_0.1_quality_0.9/seed_20250727/data/gene_truth.tsv","f58ae16e56128f355564b426d61f6ada","results/crispulator_facs/repeated/moi_0.1_quality_0.9/seed_20250727/data/sample_design.tsv","259f4c270ceb3c9eb5838c111c405bec",0,0,0
"barcs-external-headtohead-v1","moi_0.1_quality_0.9_genes_400_replicates_4",20250727,"limma-voom","verified stored external fit","results/crispulator_facs/repeated/moi_0.1_quality_0.9/seed_20250727/analysis/limma_voom_low_bulk_high_gene_results.csv","0ffffd0178a0aac842c1c212f1e91b83","results/crispulator_facs/repeated/moi_0.1_quality_0.9/seed_20250727/data/counts.tsv","c1dd4fd6fd02caedfd74ec3bd2a1db91","results/crispulator_facs/repeated/moi_0.1_quality_0.9/seed_20250727/data/gene_truth.tsv","f58ae16e56128f355564b426d61f6ada","results/crispulator_facs/repeated/moi_0.1_quality_0.9/seed_20250727/data/sample_design.tsv","259f4c270ceb3c9eb5838c111c405bec",0,0,0
"barcs-external-headtohead-v1","moi_0.1_quality_0.9_genes_400_replicates_4",20250728,"BARCS-original","current three-method run","results/crispulator_facs/repeated/moi_0.1_quality_0.9/seed_20250728/analysis_three_methods/low_bulk_high_original_gene_results.csv","ff242363ec524ed15522f5af63b0596e","results/crispulator_facs/repeated/moi_0.1_quality_0.9/seed_20250728/data/counts.tsv","a0a0ac120d935aced84f1ac533d04e42","results/crispulator_facs/repeated/moi_0.1_quality_0.9/seed_20250728/data/gene_truth.tsv","fd3ed42ca66f73f655eeb1ddd496b12e","results/crispulator_facs/repeated/moi_0.1_quality_0.9/seed_20250728/data/sample_design.tsv","259f4c270ceb3c9eb5838c111c405bec",0,0,0
"barcs-external-headtohead-v1","moi_0.1_quality_0.9_genes_400_replicates_4",20250728,"BARCS-partial","current three-method run","results/crispulator_facs/repeated/moi_0.1_quality_0.9/seed_20250728/analysis_three_methods/low_bulk_high_partial_gene_results.csv","f367692b7e1eb6ebf78fd073821150fb","results/crispulator_facs/repeated/moi_0.1_quality_0.9/seed_20250728/data/counts.tsv","a0a0ac120d935aced84f1ac533d04e42","results/crispulator_facs/repeated/moi_0.1_quality_0.9/seed_20250728/data/gene_truth.tsv","fd3ed42ca66f73f655eeb1ddd496b12e","results/crispulator_facs/repeated/moi_0.1_quality_0.9/seed_20250728/data/sample_design.tsv","259f4c270ceb3c9eb5838c111c405bec",0,0,0
"barcs-external-headtohead-v1","moi_0.1_quality_0.9_genes_400_replicates_4",20250728,"BARCS-EB","current three-method run","results/crispulator_facs/repeated/moi_0.1_quality_0.9/seed_20250728/analysis_three_methods/low_bulk_high_eb_gene_results.csv","2d79a995aa55cb483025d972c2a27e14","results/crispulator_facs/repeated/moi_0.1_quality_0.9/seed_20250728/data/counts.tsv","a0a0ac120d935aced84f1ac533d04e42","results/crispulator_facs/repeated/moi_0.1_quality_0.9/seed_20250728/data/gene_truth.tsv","fd3ed42ca66f73f655eeb1ddd496b12e","results/crispulator_facs/repeated/moi_0.1_quality_0.9/seed_20250728/data/sample_design.tsv","259f4c270ceb3c9eb5838c111c405bec",0,0,0
"barcs-external-headtohead-v1","moi_0.1_quality_0.9_genes_400_replicates_4",20250728,"MAGeCK-MLE","verified stored external fit","results/crispulator_facs/repeated/moi_0.1_quality_0.9/seed_20250728/analysis/mageck_mle_low_bulk_high_gene_results.csv","54327a853c46a5a8e4680f1052155bfb","results/crispulator_facs/repeated/moi_0.1_quality_0.9/seed_20250728/data/counts.tsv","a0a0ac120d935aced84f1ac533d04e42","results/crispulator_facs/repeated/moi_0.1_quality_0.9/seed_20250728/data/gene_truth.tsv","fd3ed42ca66f73f655eeb1ddd496b12e","results/crispulator_facs/repeated/moi_0.1_quality_0.9/seed_20250728/data/sample_design.tsv","259f4c270ceb3c9eb5838c111c405bec",0,0,0
"barcs-external-headtohead-v1","moi_0.1_quality_0.9_genes_400_replicates_4",20250728,"edgeR-QL","verified stored external fit","results/crispulator_facs/repeated/moi_0.1_quality_0.9/seed_20250728/analysis/edger_ql_low_bulk_high_gene_results.csv","6f8c7124429162dd03fe4c1d6ee70e8c","results/crispulator_facs/repeated/moi_0.1_quality_0.9/seed_20250728/data/counts.tsv","a0a0ac120d935aced84f1ac533d04e42","results/crispulator_facs/repeated/moi_0.1_quality_0.9/seed_20250728/data/gene_truth.tsv","fd3ed42ca66f73f655eeb1ddd496b12e","results/crispulator_facs/repeated/moi_0.1_quality_0.9/seed_20250728/data/sample_design.tsv","259f4c270ceb3c9eb5838c111c405bec",0,0,0
"barcs-external-headtohead-v1","moi_0.1_quality_0.9_genes_400_replicates_4",20250728,"DESeq2","verified stored external fit","results/crispulator_facs/repeated/moi_0.1_quality_0.9/seed_20250728/analysis/deseq2_low_bulk_high_gene_results.csv","55a28a3bad227096e18d3295a53920b6","results/crispulator_facs/repeated/moi_0.1_quality_0.9/seed_20250728/data/counts.tsv","a0a0ac120d935aced84f1ac533d04e42","results/crispulator_facs/repeated/moi_0.1_quality_0.9/seed_20250728/data/gene_truth.tsv","fd3ed42ca66f73f655eeb1ddd496b12e","results/crispulator_facs/repeated/moi_0.1_quality_0.9/seed_20250728/data/sample_design.tsv","259f4c270ceb3c9eb5838c111c405bec",0,0,0
"barcs-external-headtohead-v1","moi_0.1_quality_0.9_genes_400_replicates_4",20250728,"limma-voom","verified stored external fit","results/crispulator_facs/repeated/moi_0.1_quality_0.9/seed_20250728/analysis/limma_voom_low_bulk_high_gene_results.csv","e29eac9920eebbe499b09d07cb3330ee","results/crispulator_facs/repeated/moi_0.1_quality_0.9/seed_20250728/data/counts.tsv","a0a0ac120d935aced84f1ac533d04e42","results/crispulator_facs/repeated/moi_0.1_quality_0.9/seed_20250728/data/gene_truth.tsv","fd3ed42ca66f73f655eeb1ddd496b12e","results/crispulator_facs/repeated/moi_0.1_quality_0.9/seed_20250728/data/sample_design.tsv","259f4c270ceb3c9eb5838c111c405bec",0,0,0
"barcs-external-headtohead-v1","moi_0.4_quality_0.9_genes_400_replicates_4",20250724,"BARCS-original","current three-method run","results/crispulator_facs/repeated/moi_0.4_quality_0.9/seed_20250724/analysis_three_methods/low_bulk_high_original_gene_results.csv","a3af504ecd6ec19a2da14c805bcbadaf","results/crispulator_facs/repeated/moi_0.4_quality_0.9/seed_20250724/data/counts.tsv","fffc8469507142fbeabfd32062470f81","results/crispulator_facs/repeated/moi_0.4_quality_0.9/seed_20250724/data/gene_truth.tsv","e3f5f7157210b23a3522994a9dfefb50","results/crispulator_facs/repeated/moi_0.4_quality_0.9/seed_20250724/data/sample_design.tsv","259f4c270ceb3c9eb5838c111c405bec",0,0,0
"barcs-external-headtohead-v1","moi_0.4_quality_0.9_genes_400_replicates_4",20250724,"BARCS-partial","current three-method run","results/crispulator_facs/repeated/moi_0.4_quality_0.9/seed_20250724/analysis_three_methods/low_bulk_high_partial_gene_results.csv","45122ba8eab1b464843d0ca6f53db982","results/crispulator_facs/repeated/moi_0.4_quality_0.9/seed_20250724/data/counts.tsv","fffc8469507142fbeabfd32062470f81","results/crispulator_facs/repeated/moi_0.4_quality_0.9/seed_20250724/data/gene_truth.tsv","e3f5f7157210b23a3522994a9dfefb50","results/crispulator_facs/repeated/moi_0.4_quality_0.9/seed_20250724/data/sample_design.tsv","259f4c270ceb3c9eb5838c111c405bec",0,0,0
"barcs-external-headtohead-v1","moi_0.4_quality_0.9_genes_400_replicates_4",20250724,"BARCS-EB","current three-method run","results/crispulator_facs/repeated/moi_0.4_quality_0.9/seed_20250724/analysis_three_methods/low_bulk_high_eb_gene_results.csv","22f0928f022a02f1e91c41348b346853","results/crispulator_facs/repeated/moi_0.4_quality_0.9/seed_20250724/data/counts.tsv","fffc8469507142fbeabfd32062470f81","results/crispulator_facs/repeated/moi_0.4_quality_0.9/seed_20250724/data/gene_truth.tsv","e3f5f7157210b23a3522994a9dfefb50","results/crispulator_facs/repeated/moi_0.4_quality_0.9/seed_20250724/data/sample_design.tsv","259f4c270ceb3c9eb5838c111c405bec",0,0,0
"barcs-external-headtohead-v1","moi_0.4_quality_0.9_genes_400_replicates_4",20250724,"MAGeCK-MLE","verified stored external fit","results/crispulator_facs/repeated/moi_0.4_quality_0.9/seed_20250724/analysis/mageck_mle_low_bulk_high_gene_results.csv","2ecf5df59fed2199bc48fd5f1ca5eab2","results/crispulator_facs/repeated/moi_0.4_quality_0.9/seed_20250724/data/counts.tsv","fffc8469507142fbeabfd32062470f81","results/crispulator_facs/repeated/moi_0.4_quality_0.9/seed_20250724/data/gene_truth.tsv","e3f5f7157210b23a3522994a9dfefb50","results/crispulator_facs/repeated/moi_0.4_quality_0.9/seed_20250724/data/sample_design.tsv","259f4c270ceb3c9eb5838c111c405bec",0,0,0
"barcs-external-headtohead-v1","moi_0.4_quality_0.9_genes_400_replicates_4",20250724,"edgeR-QL","verified stored external fit","results/crispulator_facs/repeated/moi_0.4_quality_0.9/seed_20250724/analysis/edger_ql_low_bulk_high_gene_results.csv","f8126f228fcc16fac1dd83f64eea6c6c","results/crispulator_facs/repeated/moi_0.4_quality_0.9/seed_20250724/data/counts.tsv","fffc8469507142fbeabfd32062470f81","results/crispulator_facs/repeated/moi_0.4_quality_0.9/seed_20250724/data/gene_truth.tsv","e3f5f7157210b23a3522994a9dfefb50","results/crispulator_facs/repeated/moi_0.4_quality_0.9/seed_20250724/data/sample_design.tsv","259f4c270ceb3c9eb5838c111c405bec",0,0,0
"barcs-external-headtohead-v1","moi_0.4_quality_0.9_genes_400_replicates_4",20250724,"DESeq2","verified stored external fit","results/crispulator_facs/repeated/moi_0.4_quality_0.9/seed_20250724/analysis/deseq2_low_bulk_high_gene_results.csv","802c8470898ec1c63f8e1ab6bfdff1a7","results/crispulator_facs/repeated/moi_0.4_quality_0.9/seed_20250724/data/counts.tsv","fffc8469507142fbeabfd32062470f81","results/crispulator_facs/repeated/moi_0.4_quality_0.9/seed_20250724/data/gene_truth.tsv","e3f5f7157210b23a3522994a9dfefb50","results/crispulator_facs/repeated/moi_0.4_quality_0.9/seed_20250724/data/sample_design.tsv","259f4c270ceb3c9eb5838c111c405bec",0,0,0
"barcs-external-headtohead-v1","moi_0.4_quality_0.9_genes_400_replicates_4",20250724,"limma-voom","verified stored external fit","results/crispulator_facs/repeated/moi_0.4_quality_0.9/seed_20250724/analysis/limma_voom_low_bulk_high_gene_results.csv","73feb5d8fed717b4379f0c06f6b5ac2c","results/crispulator_facs/repeated/moi_0.4_quality_0.9/seed_20250724/data/counts.tsv","fffc8469507142fbeabfd32062470f81","results/crispulator_facs/repeated/moi_0.4_quality_0.9/seed_20250724/data/gene_truth.tsv","e3f5f7157210b23a3522994a9dfefb50","results/crispulator_facs/repeated/moi_0.4_quality_0.9/seed_20250724/data/sample_design.tsv","259f4c270ceb3c9eb5838c111c405bec",0,0,0
"barcs-external-headtohead-v1","moi_0.4_quality_0.9_genes_400_replicates_4",20250725,"BARCS-original","current three-method run","results/crispulator_facs/repeated/moi_0.4_quality_0.9/seed_20250725/analysis_three_methods/low_bulk_high_original_gene_results.csv","21f444b5591a8c1444227c792b6591e2","results/crispulator_facs/repeated/moi_0.4_quality_0.9/seed_20250725/data/counts.tsv","76a927876d6bc7e5d6158ac4ee8c2511","results/crispulator_facs/repeated/moi_0.4_quality_0.9/seed_20250725/data/gene_truth.tsv","4ef0dd1fb2040099ebb9c600e4ff2420","results/crispulator_facs/repeated/moi_0.4_quality_0.9/seed_20250725/data/sample_design.tsv","259f4c270ceb3c9eb5838c111c405bec",0,0,0
"barcs-external-headtohead-v1","moi_0.4_quality_0.9_genes_400_replicates_4",20250725,"BARCS-partial","current three-method run","results/crispulator_facs/repeated/moi_0.4_quality_0.9/seed_20250725/analysis_three_methods/low_bulk_high_partial_gene_results.csv","bf3170756e9245b5039c2377c81d535b","results/crispulator_facs/repeated/moi_0.4_quality_0.9/seed_20250725/data/counts.tsv","76a927876d6bc7e5d6158ac4ee8c2511","results/crispulator_facs/repeated/moi_0.4_quality_0.9/seed_20250725/data/gene_truth.tsv","4ef0dd1fb2040099ebb9c600e4ff2420","results/crispulator_facs/repeated/moi_0.4_quality_0.9/seed_20250725/data/sample_design.tsv","259f4c270ceb3c9eb5838c111c405bec",0,0,0
"barcs-external-headtohead-v1","moi_0.4_quality_0.9_genes_400_replicates_4",20250725,"BARCS-EB","current three-method run","results/crispulator_facs/repeated/moi_0.4_quality_0.9/seed_20250725/analysis_three_methods/low_bulk_high_eb_gene_results.csv","a510d45dd68477988a9f1e4013d0e8bb","results/crispulator_facs/repeated/moi_0.4_quality_0.9/seed_20250725/data/counts.tsv","76a927876d6bc7e5d6158ac4ee8c2511","results/crispulator_facs/repeated/moi_0.4_quality_0.9/seed_20250725/data/gene_truth.tsv","4ef0dd1fb2040099ebb9c600e4ff2420","results/crispulator_facs/repeated/moi_0.4_quality_0.9/seed_20250725/data/sample_design.tsv","259f4c270ceb3c9eb5838c111c405bec",0,0,0
"barcs-external-headtohead-v1","moi_0.4_quality_0.9_genes_400_replicates_4",20250725,"MAGeCK-MLE","verified stored external fit","results/crispulator_facs/repeated/moi_0.4_quality_0.9/seed_20250725/analysis/mageck_mle_low_bulk_high_gene_results.csv","d94ecd834048b72495b6a8f17f446746","results/crispulator_facs/repeated/moi_0.4_quality_0.9/seed_20250725/data/counts.tsv","76a927876d6bc7e5d6158ac4ee8c2511","results/crispulator_facs/repeated/moi_0.4_quality_0.9/seed_20250725/data/gene_truth.tsv","4ef0dd1fb2040099ebb9c600e4ff2420","results/crispulator_facs/repeated/moi_0.4_quality_0.9/seed_20250725/data/sample_design.tsv","259f4c270ceb3c9eb5838c111c405bec",0,0,0
"barcs-external-headtohead-v1","moi_0.4_quality_0.9_genes_400_replicates_4",20250725,"edgeR-QL","verified stored external fit","results/crispulator_facs/repeated/moi_0.4_quality_0.9/seed_20250725/analysis/edger_ql_low_bulk_high_gene_results.csv","025f30f7eaadd17cc9023de80970fc66","results/crispulator_facs/repeated/moi_0.4_quality_0.9/seed_20250725/data/counts.tsv","76a927876d6bc7e5d6158ac4ee8c2511","results/crispulator_facs/repeated/moi_0.4_quality_0.9/seed_20250725/data/gene_truth.tsv","4ef0dd1fb2040099ebb9c600e4ff2420","results/crispulator_facs/repeated/moi_0.4_quality_0.9/seed_20250725/data/sample_design.tsv","259f4c270ceb3c9eb5838c111c405bec",0,0,0
"barcs-external-headtohead-v1","moi_0.4_quality_0.9_genes_400_replicates_4",20250725,"DESeq2","verified stored external fit","results/crispulator_facs/repeated/moi_0.4_quality_0.9/seed_20250725/analysis/deseq2_low_bulk_high_gene_results.csv","ee895ffc9eabd544b05c357da9acaa3f","results/crispulator_facs/repeated/moi_0.4_quality_0.9/seed_20250725/data/counts.tsv","76a927876d6bc7e5d6158ac4ee8c2511","results/crispulator_facs/repeated/moi_0.4_quality_0.9/seed_20250725/data/gene_truth.tsv","4ef0dd1fb2040099ebb9c600e4ff2420","results/crispulator_facs/repeated/moi_0.4_quality_0.9/seed_20250725/data/sample_design.tsv","259f4c270ceb3c9eb5838c111c405bec",0,0,0
"barcs-external-headtohead-v1","moi_0.4_quality_0.9_genes_400_replicates_4",20250725,"limma-voom","verified stored external fit","results/crispulator_facs/repeated/moi_0.4_quality_0.9/seed_20250725/analysis/limma_voom_low_bulk_high_gene_results.csv","a7cdc3eeb0eb5a15429451199e8aecd5","results/crispulator_facs/repeated/moi_0.4_quality_0.9/seed_20250725/data/counts.tsv","76a927876d6bc7e5d6158ac4ee8c2511","results/crispulator_facs/repeated/moi_0.4_quality_0.9/seed_20250725/data/gene_truth.tsv","4ef0dd1fb2040099ebb9c600e4ff2420","results/crispulator_facs/repeated/moi_0.4_quality_0.9/seed_20250725/data/sample_design.tsv","259f4c270ceb3c9eb5838c111c405bec",0,0,0
"barcs-external-headtohead-v1","moi_0.4_quality_0.9_genes_400_replicates_4",20250726,"BARCS-original","current three-method run","results/crispulator_facs/repeated/moi_0.4_quality_0.9/seed_20250726/analysis_three_methods/low_bulk_high_original_gene_results.csv","4460ed6b26a10f0cdd399d7f2d71fb5d","results/crispulator_facs/repeated/moi_0.4_quality_0.9/seed_20250726/data/counts.tsv","f309f2f1e5495c75de391a974dccde59","results/crispulator_facs/repeated/moi_0.4_quality_0.9/seed_20250726/data/gene_truth.tsv","b96f59e42708dcb79803e0db52bc930c","results/crispulator_facs/repeated/moi_0.4_quality_0.9/seed_20250726/data/sample_design.tsv","259f4c270ceb3c9eb5838c111c405bec",0,0,0
"barcs-external-headtohead-v1","moi_0.4_quality_0.9_genes_400_replicates_4",20250726,"BARCS-partial","current three-method run","results/crispulator_facs/repeated/moi_0.4_quality_0.9/seed_20250726/analysis_three_methods/low_bulk_high_partial_gene_results.csv","4c4a262417e5637135010ee0d99d1838","results/crispulator_facs/repeated/moi_0.4_quality_0.9/seed_20250726/data/counts.tsv","f309f2f1e5495c75de391a974dccde59","results/crispulator_facs/repeated/moi_0.4_quality_0.9/seed_20250726/data/gene_truth.tsv","b96f59e42708dcb79803e0db52bc930c","results/crispulator_facs/repeated/moi_0.4_quality_0.9/seed_20250726/data/sample_design.tsv","259f4c270ceb3c9eb5838c111c405bec",0,0,0
"barcs-external-headtohead-v1","moi_0.4_quality_0.9_genes_400_replicates_4",20250726,"BARCS-EB","current three-method run","results/crispulator_facs/repeated/moi_0.4_quality_0.9/seed_20250726/analysis_three_methods/low_bulk_high_eb_gene_results.csv","b9dd73c949d9c0f3eea08e8e6658a0a0","results/crispulator_facs/repeated/moi_0.4_quality_0.9/seed_20250726/data/counts.tsv","f309f2f1e5495c75de391a974dccde59","results/crispulator_facs/repeated/moi_0.4_quality_0.9/seed_20250726/data/gene_truth.tsv","b96f59e42708dcb79803e0db52bc930c","results/crispulator_facs/repeated/moi_0.4_quality_0.9/seed_20250726/data/sample_design.tsv","259f4c270ceb3c9eb5838c111c405bec",0,0,0
"barcs-external-headtohead-v1","moi_0.4_quality_0.9_genes_400_replicates_4",20250726,"MAGeCK-MLE","verified stored external fit","results/crispulator_facs/repeated/moi_0.4_quality_0.9/seed_20250726/analysis/mageck_mle_low_bulk_high_gene_results.csv","de5139315f545e3891abaf105cc4a78f","results/crispulator_facs/repeated/moi_0.4_quality_0.9/seed_20250726/data/counts.tsv","f309f2f1e5495c75de391a974dccde59","results/crispulator_facs/repeated/moi_0.4_quality_0.9/seed_20250726/data/gene_truth.tsv","b96f59e42708dcb79803e0db52bc930c","results/crispulator_facs/repeated/moi_0.4_quality_0.9/seed_20250726/data/sample_design.tsv","259f4c270ceb3c9eb5838c111c405bec",0,0,0
"barcs-external-headtohead-v1","moi_0.4_quality_0.9_genes_400_replicates_4",20250726,"edgeR-QL","verified stored external fit","results/crispulator_facs/repeated/moi_0.4_quality_0.9/seed_20250726/analysis/edger_ql_low_bulk_high_gene_results.csv","e6e1ca1e3f12b63596635ba660ae0886","results/crispulator_facs/repeated/moi_0.4_quality_0.9/seed_20250726/data/counts.tsv","f309f2f1e5495c75de391a974dccde59","results/crispulator_facs/repeated/moi_0.4_quality_0.9/seed_20250726/data/gene_truth.tsv","b96f59e42708dcb79803e0db52bc930c","results/crispulator_facs/repeated/moi_0.4_quality_0.9/seed_20250726/data/sample_design.tsv","259f4c270ceb3c9eb5838c111c405bec",0,0,0
"barcs-external-headtohead-v1","moi_0.4_quality_0.9_genes_400_replicates_4",20250726,"DESeq2","verified stored external fit","results/crispulator_facs/repeated/moi_0.4_quality_0.9/seed_20250726/analysis/deseq2_low_bulk_high_gene_results.csv","d480d78f9e635d62122a7618889f9507","results/crispulator_facs/repeated/moi_0.4_quality_0.9/seed_20250726/data/counts.tsv","f309f2f1e5495c75de391a974dccde59","results/crispulator_facs/repeated/moi_0.4_quality_0.9/seed_20250726/data/gene_truth.tsv","b96f59e42708dcb79803e0db52bc930c","results/crispulator_facs/repeated/moi_0.4_quality_0.9/seed_20250726/data/sample_design.tsv","259f4c270ceb3c9eb5838c111c405bec",0,0,0
"barcs-external-headtohead-v1","moi_0.4_quality_0.9_genes_400_replicates_4",20250726,"limma-voom","verified stored external fit","results/crispulator_facs/repeated/moi_0.4_quality_0.9/seed_20250726/analysis/limma_voom_low_bulk_high_gene_results.csv","ad50ca2f6ab6e46121fc62cde6ed2433","results/crispulator_facs/repeated/moi_0.4_quality_0.9/seed_20250726/data/counts.tsv","f309f2f1e5495c75de391a974dccde59","results/crispulator_facs/repeated/moi_0.4_quality_0.9/seed_20250726/data/gene_truth.tsv","b96f59e42708dcb79803e0db52bc930c","results/crispulator_facs/repeated/moi_0.4_quality_0.9/seed_20250726/data/sample_design.tsv","259f4c270ceb3c9eb5838c111c405bec",0,0,0
"barcs-external-headtohead-v1","moi_0.4_quality_0.9_genes_400_replicates_4",20250727,"BARCS-original","current three-method run","results/crispulator_facs/repeated/moi_0.4_quality_0.9/seed_20250727/analysis_three_methods/low_bulk_high_original_gene_results.csv","b6d19c8c72dde3d9411e331c4f507ae0","results/crispulator_facs/repeated/moi_0.4_quality_0.9/seed_20250727/data/counts.tsv","fbf54497dc7f7617b4f2dc307d5f35af","results/crispulator_facs/repeated/moi_0.4_quality_0.9/seed_20250727/data/gene_truth.tsv","f58ae16e56128f355564b426d61f6ada","results/crispulator_facs/repeated/moi_0.4_quality_0.9/seed_20250727/data/sample_design.tsv","259f4c270ceb3c9eb5838c111c405bec",0,0,0
"barcs-external-headtohead-v1","moi_0.4_quality_0.9_genes_400_replicates_4",20250727,"BARCS-partial","current three-method run","results/crispulator_facs/repeated/moi_0.4_quality_0.9/seed_20250727/analysis_three_methods/low_bulk_high_partial_gene_results.csv","3f53f24aacbc3991216c1a0f92da9a1d","results/crispulator_facs/repeated/moi_0.4_quality_0.9/seed_20250727/data/counts.tsv","fbf54497dc7f7617b4f2dc307d5f35af","results/crispulator_facs/repeated/moi_0.4_quality_0.9/seed_20250727/data/gene_truth.tsv","f58ae16e56128f355564b426d61f6ada","results/crispulator_facs/repeated/moi_0.4_quality_0.9/seed_20250727/data/sample_design.tsv","259f4c270ceb3c9eb5838c111c405bec",0,0,0
"barcs-external-headtohead-v1","moi_0.4_quality_0.9_genes_400_replicates_4",20250727,"BARCS-EB","current three-method run","results/crispulator_facs/repeated/moi_0.4_quality_0.9/seed_20250727/analysis_three_methods/low_bulk_high_eb_gene_results.csv","d388fb192ac740a8ea43d8561089fb1d","results/crispulator_facs/repeated/moi_0.4_quality_0.9/seed_20250727/data/counts.tsv","fbf54497dc7f7617b4f2dc307d5f35af","results/crispulator_facs/repeated/moi_0.4_quality_0.9/seed_20250727/data/gene_truth.tsv","f58ae16e56128f355564b426d61f6ada","results/crispulator_facs/repeated/moi_0.4_quality_0.9/seed_20250727/data/sample_design.tsv","259f4c270ceb3c9eb5838c111c405bec",0,0,0
"barcs-external-headtohead-v1","moi_0.4_quality_0.9_genes_400_replicates_4",20250727,"MAGeCK-MLE","verified stored external fit","results/crispulator_facs/repeated/moi_0.4_quality_0.9/seed_20250727/analysis/mageck_mle_low_bulk_high_gene_results.csv","5f2cfd29c1386f0db77fc1c5536e153a","results/crispulator_facs/repeated/moi_0.4_quality_0.9/seed_20250727/data/counts.tsv","fbf54497dc7f7617b4f2dc307d5f35af","results/crispulator_facs/repeated/moi_0.4_quality_0.9/seed_20250727/data/gene_truth.tsv","f58ae16e56128f355564b426d61f6ada","results/crispulator_facs/repeated/moi_0.4_quality_0.9/seed_20250727/data/sample_design.tsv","259f4c270ceb3c9eb5838c111c405bec",0,0,0
"barcs-external-headtohead-v1","moi_0.4_quality_0.9_genes_400_replicates_4",20250727,"edgeR-QL","verified stored external fit","results/crispulator_facs/repeated/moi_0.4_quality_0.9/seed_20250727/analysis/edger_ql_low_bulk_high_gene_results.csv","278064e6635fea542b9b3b6ff46cdd66","results/crispulator_facs/repeated/moi_0.4_quality_0.9/seed_20250727/data/counts.tsv","fbf54497dc7f7617b4f2dc307d5f35af","results/crispulator_facs/repeated/moi_0.4_quality_0.9/seed_20250727/data/gene_truth.tsv","f58ae16e56128f355564b426d61f6ada","results/crispulator_facs/repeated/moi_0.4_quality_0.9/seed_20250727/data/sample_design.tsv","259f4c270ceb3c9eb5838c111c405bec",0,0,0
"barcs-external-headtohead-v1","moi_0.4_quality_0.9_genes_400_replicates_4",20250727,"DESeq2","verified stored external fit","results/crispulator_facs/repeated/moi_0.4_quality_0.9/seed_20250727/analysis/deseq2_low_bulk_high_gene_results.csv","5c227476780f65369e64e1a8e586e2e7","results/crispulator_facs/repeated/moi_0.4_quality_0.9/seed_20250727/data/counts.tsv","fbf54497dc7f7617b4f2dc307d5f35af","results/crispulator_facs/repeated/moi_0.4_quality_0.9/seed_20250727/data/gene_truth.tsv","f58ae16e56128f355564b426d61f6ada","results/crispulator_facs/repeated/moi_0.4_quality_0.9/seed_20250727/data/sample_design.tsv","259f4c270ceb3c9eb5838c111c405bec",0,0,0
"barcs-external-headtohead-v1","moi_0.4_quality_0.9_genes_400_replicates_4",20250727,"limma-voom","verified stored external fit","results/crispulator_facs/repeated/moi_0.4_quality_0.9/seed_20250727/analysis/limma_voom_low_bulk_high_gene_results.csv","ac8e73a1b6549219d22792fda91d5334","results/crispulator_facs/repeated/moi_0.4_quality_0.9/seed_20250727/data/counts.tsv","fbf54497dc7f7617b4f2dc307d5f35af","results/crispulator_facs/repeated/moi_0.4_quality_0.9/seed_20250727/data/gene_truth.tsv","f58ae16e56128f355564b426d61f6ada","results/crispulator_facs/repeated/moi_0.4_quality_0.9/seed_20250727/data/sample_design.tsv","259f4c270ceb3c9eb5838c111c405bec",0,0,0
"barcs-external-headtohead-v1","moi_0.4_quality_0.9_genes_400_replicates_4",20250728,"BARCS-original","current three-method run","results/crispulator_facs/repeated/moi_0.4_quality_0.9/seed_20250728/analysis_three_methods/low_bulk_high_original_gene_results.csv","173fa334b1ffeeaa094cb5c92a41d0ef","results/crispulator_facs/repeated/moi_0.4_quality_0.9/seed_20250728/data/counts.tsv","5dff139c95b6347975a3fa430380b502","results/crispulator_facs/repeated/moi_0.4_quality_0.9/seed_20250728/data/gene_truth.tsv","fd3ed42ca66f73f655eeb1ddd496b12e","results/crispulator_facs/repeated/moi_0.4_quality_0.9/seed_20250728/data/sample_design.tsv","259f4c270ceb3c9eb5838c111c405bec",0,0,0
"barcs-external-headtohead-v1","moi_0.4_quality_0.9_genes_400_replicates_4",20250728,"BARCS-partial","current three-method run","results/crispulator_facs/repeated/moi_0.4_quality_0.9/seed_20250728/analysis_three_methods/low_bulk_high_partial_gene_results.csv","4a2bc4d79c16d48d9e6cf3d849f91a96","results/crispulator_facs/repeated/moi_0.4_quality_0.9/seed_20250728/data/counts.tsv","5dff139c95b6347975a3fa430380b502","results/crispulator_facs/repeated/moi_0.4_quality_0.9/seed_20250728/data/gene_truth.tsv","fd3ed42ca66f73f655eeb1ddd496b12e","results/crispulator_facs/repeated/moi_0.4_quality_0.9/seed_20250728/data/sample_design.tsv","259f4c270ceb3c9eb5838c111c405bec",0,0,0
"barcs-external-headtohead-v1","moi_0.4_quality_0.9_genes_400_replicates_4",20250728,"BARCS-EB","current three-method run","results/crispulator_facs/repeated/moi_0.4_quality_0.9/seed_20250728/analysis_three_methods/low_bulk_high_eb_gene_results.csv","ba5d29066370f53af9abce9abda4d0a8","results/crispulator_facs/repeated/moi_0.4_quality_0.9/seed_20250728/data/counts.tsv","5dff139c95b6347975a3fa430380b502","results/crispulator_facs/repeated/moi_0.4_quality_0.9/seed_20250728/data/gene_truth.tsv","fd3ed42ca66f73f655eeb1ddd496b12e","results/crispulator_facs/repeated/moi_0.4_quality_0.9/seed_20250728/data/sample_design.tsv","259f4c270ceb3c9eb5838c111c405bec",0,0,0
"barcs-external-headtohead-v1","moi_0.4_quality_0.9_genes_400_replicates_4",20250728,"MAGeCK-MLE","verified stored external fit","results/crispulator_facs/repeated/moi_0.4_quality_0.9/seed_20250728/analysis/mageck_mle_low_bulk_high_gene_results.csv","571c54f4056731b6b441a85c75daaa83","results/crispulator_facs/repeated/moi_0.4_quality_0.9/seed_20250728/data/counts.tsv","5dff139c95b6347975a3fa430380b502","results/crispulator_facs/repeated/moi_0.4_quality_0.9/seed_20250728/data/gene_truth.tsv","fd3ed42ca66f73f655eeb1ddd496b12e","results/crispulator_facs/repeated/moi_0.4_quality_0.9/seed_20250728/data/sample_design.tsv","259f4c270ceb3c9eb5838c111c405bec",0,0,0
"barcs-external-headtohead-v1","moi_0.4_quality_0.9_genes_400_replicates_4",20250728,"edgeR-QL","verified stored external fit","results/crispulator_facs/repeated/moi_0.4_quality_0.9/seed_20250728/analysis/edger_ql_low_bulk_high_gene_results.csv","94dd53f69d5c49452d6c4cf168aa5a9c","results/crispulator_facs/repeated/moi_0.4_quality_0.9/seed_20250728/data/counts.tsv","5dff139c95b6347975a3fa430380b502","results/crispulator_facs/repeated/moi_0.4_quality_0.9/seed_20250728/data/gene_truth.tsv","fd3ed42ca66f73f655eeb1ddd496b12e","results/crispulator_facs/repeated/moi_0.4_quality_0.9/seed_20250728/data/sample_design.tsv","259f4c270ceb3c9eb5838c111c405bec",0,0,0
"barcs-external-headtohead-v1","moi_0.4_quality_0.9_genes_400_replicates_4",20250728,"DESeq2","verified stored external fit","results/crispulator_facs/repeated/moi_0.4_quality_0.9/seed_20250728/analysis/deseq2_low_bulk_high_gene_results.csv","0546c2a0232cbda0b9eba401110f174b","results/crispulator_facs/repeated/moi_0.4_quality_0.9/seed_20250728/data/counts.tsv","5dff139c95b6347975a3fa430380b502","results/crispulator_facs/repeated/moi_0.4_quality_0.9/seed_20250728/data/gene_truth.tsv","fd3ed42ca66f73f655eeb1ddd496b12e","results/crispulator_facs/repeated/moi_0.4_quality_0.9/seed_20250728/data/sample_design.tsv","259f4c270ceb3c9eb5838c111c405bec",0,0,0
"barcs-external-headtohead-v1","moi_0.4_quality_0.9_genes_400_replicates_4",20250728,"limma-voom","verified stored external fit","results/crispulator_facs/repeated/moi_0.4_quality_0.9/seed_20250728/analysis/limma_voom_low_bulk_high_gene_results.csv","959c5cdf3e0bc7eb29e84ec17506b094","results/crispulator_facs/repeated/moi_0.4_quality_0.9/seed_20250728/data/counts.tsv","5dff139c95b6347975a3fa430380b502","results/crispulator_facs/repeated/moi_0.4_quality_0.9/seed_20250728/data/gene_truth.tsv","fd3ed42ca66f73f655eeb1ddd496b12e","results/crispulator_facs/repeated/moi_0.4_quality_0.9/seed_20250728/data/sample_design.tsv","259f4c270ceb3c9eb5838c111c405bec",0,0,0
"barcs-external-headtohead-v1","moi_0.25_quality_0.9_genes_1000_replicates_4",20250724,"BARCS-original","current three-method run","results/crispulator_facs/repeated/moi_0.25_quality_0.9_genes_1000/seed_20250724/analysis_three_methods/low_bulk_high_original_gene_results.csv","b357954c586518095834f25162144739","results/crispulator_facs/repeated/moi_0.25_quality_0.9_genes_1000/seed_20250724/data/counts.tsv","17fb7f8d12f8121b802e1d87c43efae4","results/crispulator_facs/repeated/moi_0.25_quality_0.9_genes_1000/seed_20250724/data/gene_truth.tsv","dd3df5c5212ee095baa013dc56a8ab16","results/crispulator_facs/repeated/moi_0.25_quality_0.9_genes_1000/seed_20250724/data/sample_design.tsv","259f4c270ceb3c9eb5838c111c405bec",0,0,0
"barcs-external-headtohead-v1","moi_0.25_quality_0.9_genes_1000_replicates_4",20250724,"BARCS-partial","current three-method run","results/crispulator_facs/repeated/moi_0.25_quality_0.9_genes_1000/seed_20250724/analysis_three_methods/low_bulk_high_partial_gene_results.csv","64361103a706ab14d366210ea3d2dac4","results/crispulator_facs/repeated/moi_0.25_quality_0.9_genes_1000/seed_20250724/data/counts.tsv","17fb7f8d12f8121b802e1d87c43efae4","results/crispulator_facs/repeated/moi_0.25_quality_0.9_genes_1000/seed_20250724/data/gene_truth.tsv","dd3df5c5212ee095baa013dc56a8ab16","results/crispulator_facs/repeated/moi_0.25_quality_0.9_genes_1000/seed_20250724/data/sample_design.tsv","259f4c270ceb3c9eb5838c111c405bec",0,0,0
"barcs-external-headtohead-v1","moi_0.25_quality_0.9_genes_1000_replicates_4",20250724,"BARCS-EB","current three-method run","results/crispulator_facs/repeated/moi_0.25_quality_0.9_genes_1000/seed_20250724/analysis_three_methods/low_bulk_high_eb_gene_results.csv","4f66840e01de313c5f9ffc8e845d2191","results/crispulator_facs/repeated/moi_0.25_quality_0.9_genes_1000/seed_20250724/data/counts.tsv","17fb7f8d12f8121b802e1d87c43efae4","results/crispulator_facs/repeated/moi_0.25_quality_0.9_genes_1000/seed_20250724/data/gene_truth.tsv","dd3df5c5212ee095baa013dc56a8ab16","results/crispulator_facs/repeated/moi_0.25_quality_0.9_genes_1000/seed_20250724/data/sample_design.tsv","259f4c270ceb3c9eb5838c111c405bec",0,0,0
"barcs-external-headtohead-v1","moi_0.25_quality_0.9_genes_1000_replicates_4",20250724,"MAGeCK-MLE","verified stored external fit","results/crispulator_facs/repeated/moi_0.25_quality_0.9_genes_1000/seed_20250724/analysis/mageck_mle_low_bulk_high_gene_results.csv","95fba157c50fccbfe914af33e6473d79","results/crispulator_facs/repeated/moi_0.25_quality_0.9_genes_1000/seed_20250724/data/counts.tsv","17fb7f8d12f8121b802e1d87c43efae4","results/crispulator_facs/repeated/moi_0.25_quality_0.9_genes_1000/seed_20250724/data/gene_truth.tsv","dd3df5c5212ee095baa013dc56a8ab16","results/crispulator_facs/repeated/moi_0.25_quality_0.9_genes_1000/seed_20250724/data/sample_design.tsv","259f4c270ceb3c9eb5838c111c405bec",0,0,0
"barcs-external-headtohead-v1","moi_0.25_quality_0.9_genes_1000_replicates_4",20250724,"edgeR-QL","verified stored external fit","results/crispulator_facs/repeated/moi_0.25_quality_0.9_genes_1000/seed_20250724/analysis/edger_ql_low_bulk_high_gene_results.csv","570df5e50df1dcc8c86baed38881039e","results/crispulator_facs/repeated/moi_0.25_quality_0.9_genes_1000/seed_20250724/data/counts.tsv","17fb7f8d12f8121b802e1d87c43efae4","results/crispulator_facs/repeated/moi_0.25_quality_0.9_genes_1000/seed_20250724/data/gene_truth.tsv","dd3df5c5212ee095baa013dc56a8ab16","results/crispulator_facs/repeated/moi_0.25_quality_0.9_genes_1000/seed_20250724/data/sample_design.tsv","259f4c270ceb3c9eb5838c111c405bec",0,0,0
"barcs-external-headtohead-v1","moi_0.25_quality_0.9_genes_1000_replicates_4",20250724,"DESeq2","verified stored external fit","results/crispulator_facs/repeated/moi_0.25_quality_0.9_genes_1000/seed_20250724/analysis/deseq2_low_bulk_high_gene_results.csv","f192bafa5c767b1a83d27026abf811ae","results/crispulator_facs/repeated/moi_0.25_quality_0.9_genes_1000/seed_20250724/data/counts.tsv","17fb7f8d12f8121b802e1d87c43efae4","results/crispulator_facs/repeated/moi_0.25_quality_0.9_genes_1000/seed_20250724/data/gene_truth.tsv","dd3df5c5212ee095baa013dc56a8ab16","results/crispulator_facs/repeated/moi_0.25_quality_0.9_genes_1000/seed_20250724/data/sample_design.tsv","259f4c270ceb3c9eb5838c111c405bec",0,0,0
"barcs-external-headtohead-v1","moi_0.25_quality_0.9_genes_1000_replicates_4",20250724,"limma-voom","verified stored external fit","results/crispulator_facs/repeated/moi_0.25_quality_0.9_genes_1000/seed_20250724/analysis/limma_voom_low_bulk_high_gene_results.csv","3ebff6e2e1a783449419c420366b6465","results/crispulator_facs/repeated/moi_0.25_quality_0.9_genes_1000/seed_20250724/data/counts.tsv","17fb7f8d12f8121b802e1d87c43efae4","results/crispulator_facs/repeated/moi_0.25_quality_0.9_genes_1000/seed_20250724/data/gene_truth.tsv","dd3df5c5212ee095baa013dc56a8ab16","results/crispulator_facs/repeated/moi_0.25_quality_0.9_genes_1000/seed_20250724/data/sample_design.tsv","259f4c270ceb3c9eb5838c111c405bec",0,0,0
"barcs-external-headtohead-v1","moi_0.25_quality_0.9_genes_1000_replicates_4",20250725,"BARCS-original","current three-method run","results/crispulator_facs/repeated/moi_0.25_quality_0.9_genes_1000/seed_20250725/analysis_three_methods/low_bulk_high_original_gene_results.csv","66806439d09258e699271ec1d72ff8f5","results/crispulator_facs/repeated/moi_0.25_quality_0.9_genes_1000/seed_20250725/data/counts.tsv","5d98c378439f35b8f78e1930c3e3e781","results/crispulator_facs/repeated/moi_0.25_quality_0.9_genes_1000/seed_20250725/data/gene_truth.tsv","de5dc5ef3a917f1d4a91288e052b4b49","results/crispulator_facs/repeated/moi_0.25_quality_0.9_genes_1000/seed_20250725/data/sample_design.tsv","259f4c270ceb3c9eb5838c111c405bec",0,0,0
"barcs-external-headtohead-v1","moi_0.25_quality_0.9_genes_1000_replicates_4",20250725,"BARCS-partial","current three-method run","results/crispulator_facs/repeated/moi_0.25_quality_0.9_genes_1000/seed_20250725/analysis_three_methods/low_bulk_high_partial_gene_results.csv","e2b6d46a8bf593b9c286550da27c92f5","results/crispulator_facs/repeated/moi_0.25_quality_0.9_genes_1000/seed_20250725/data/counts.tsv","5d98c378439f35b8f78e1930c3e3e781","results/crispulator_facs/repeated/moi_0.25_quality_0.9_genes_1000/seed_20250725/data/gene_truth.tsv","de5dc5ef3a917f1d4a91288e052b4b49","results/crispulator_facs/repeated/moi_0.25_quality_0.9_genes_1000/seed_20250725/data/sample_design.tsv","259f4c270ceb3c9eb5838c111c405bec",0,0,0
"barcs-external-headtohead-v1","moi_0.25_quality_0.9_genes_1000_replicates_4",20250725,"BARCS-EB","current three-method run","results/crispulator_facs/repeated/moi_0.25_quality_0.9_genes_1000/seed_20250725/analysis_three_methods/low_bulk_high_eb_gene_results.csv","347ce53a1674355fd8d873a15112c39d","results/crispulator_facs/repeated/moi_0.25_quality_0.9_genes_1000/seed_20250725/data/counts.tsv","5d98c378439f35b8f78e1930c3e3e781","results/crispulator_facs/repeated/moi_0.25_quality_0.9_genes_1000/seed_20250725/data/gene_truth.tsv","de5dc5ef3a917f1d4a91288e052b4b49","results/crispulator_facs/repeated/moi_0.25_quality_0.9_genes_1000/seed_20250725/data/sample_design.tsv","259f4c270ceb3c9eb5838c111c405bec",0,0,0
"barcs-external-headtohead-v1","moi_0.25_quality_0.9_genes_1000_replicates_4",20250725,"MAGeCK-MLE","verified stored external fit","results/crispulator_facs/repeated/moi_0.25_quality_0.9_genes_1000/seed_20250725/analysis/mageck_mle_low_bulk_high_gene_results.csv","e0c1f4d683d083ca0eea30cd70a0472c","results/crispulator_facs/repeated/moi_0.25_quality_0.9_genes_1000/seed_20250725/data/counts.tsv","5d98c378439f35b8f78e1930c3e3e781","results/crispulator_facs/repeated/moi_0.25_quality_0.9_genes_1000/seed_20250725/data/gene_truth.tsv","de5dc5ef3a917f1d4a91288e052b4b49","results/crispulator_facs/repeated/moi_0.25_quality_0.9_genes_1000/seed_20250725/data/sample_design.tsv","259f4c270ceb3c9eb5838c111c405bec",0,0,0
"barcs-external-headtohead-v1","moi_0.25_quality_0.9_genes_1000_replicates_4",20250725,"edgeR-QL","verified stored external fit","results/crispulator_facs/repeated/moi_0.25_quality_0.9_genes_1000/seed_20250725/analysis/edger_ql_low_bulk_high_gene_results.csv","e2ccb78a500da02aac93ebdbbc5349dd","results/crispulator_facs/repeated/moi_0.25_quality_0.9_genes_1000/seed_20250725/data/counts.tsv","5d98c378439f35b8f78e1930c3e3e781","results/crispulator_facs/repeated/moi_0.25_quality_0.9_genes_1000/seed_20250725/data/gene_truth.tsv","de5dc5ef3a917f1d4a91288e052b4b49","results/crispulator_facs/repeated/moi_0.25_quality_0.9_genes_1000/seed_20250725/data/sample_design.tsv","259f4c270ceb3c9eb5838c111c405bec",0,0,0
"barcs-external-headtohead-v1","moi_0.25_quality_0.9_genes_1000_replicates_4",20250725,"DESeq2","verified stored external fit","results/crispulator_facs/repeated/moi_0.25_quality_0.9_genes_1000/seed_20250725/analysis/deseq2_low_bulk_high_gene_results.csv","447314603da2c3356d673d5d30980484","results/crispulator_facs/repeated/moi_0.25_quality_0.9_genes_1000/seed_20250725/data/counts.tsv","5d98c378439f35b8f78e1930c3e3e781","results/crispulator_facs/repeated/moi_0.25_quality_0.9_genes_1000/seed_20250725/data/gene_truth.tsv","de5dc5ef3a917f1d4a91288e052b4b49","results/crispulator_facs/repeated/moi_0.25_quality_0.9_genes_1000/seed_20250725/data/sample_design.tsv","259f4c270ceb3c9eb5838c111c405bec",0,0,0
"barcs-external-headtohead-v1","moi_0.25_quality_0.9_genes_1000_replicates_4",20250725,"limma-voom","verified stored external fit","results/crispulator_facs/repeated/moi_0.25_quality_0.9_genes_1000/seed_20250725/analysis/limma_voom_low_bulk_high_gene_results.csv","208cc2d13eec6b31a7b44e76f4948ba8","results/crispulator_facs/repeated/moi_0.25_quality_0.9_genes_1000/seed_20250725/data/counts.tsv","5d98c378439f35b8f78e1930c3e3e781","results/crispulator_facs/repeated/moi_0.25_quality_0.9_genes_1000/seed_20250725/data/gene_truth.tsv","de5dc5ef3a917f1d4a91288e052b4b49","results/crispulator_facs/repeated/moi_0.25_quality_0.9_genes_1000/seed_20250725/data/sample_design.tsv","259f4c270ceb3c9eb5838c111c405bec",0,0,0
"barcs-external-headtohead-v1","moi_0.25_quality_0.9_genes_1000_replicates_4",20250726,"BARCS-original","current three-method run","results/crispulator_facs/repeated/moi_0.25_quality_0.9_genes_1000/seed_20250726/analysis_three_methods/low_bulk_high_original_gene_results.csv","7d65ce59c340f676e4015272fa617505","results/crispulator_facs/repeated/moi_0.25_quality_0.9_genes_1000/seed_20250726/data/counts.tsv","ada633e4e8c1cfe8b197e14512b56764","results/crispulator_facs/repeated/moi_0.25_quality_0.9_genes_1000/seed_20250726/data/gene_truth.tsv","703ef79a6440de1e234c30dce80c8971","results/crispulator_facs/repeated/moi_0.25_quality_0.9_genes_1000/seed_20250726/data/sample_design.tsv","259f4c270ceb3c9eb5838c111c405bec",0,0,0
"barcs-external-headtohead-v1","moi_0.25_quality_0.9_genes_1000_replicates_4",20250726,"BARCS-partial","current three-method run","results/crispulator_facs/repeated/moi_0.25_quality_0.9_genes_1000/seed_20250726/analysis_three_methods/low_bulk_high_partial_gene_results.csv","f48c8e5496cfb4bb3f23386f512a8890","results/crispulator_facs/repeated/moi_0.25_quality_0.9_genes_1000/seed_20250726/data/counts.tsv","ada633e4e8c1cfe8b197e14512b56764","results/crispulator_facs/repeated/moi_0.25_quality_0.9_genes_1000/seed_20250726/data/gene_truth.tsv","703ef79a6440de1e234c30dce80c8971","results/crispulator_facs/repeated/moi_0.25_quality_0.9_genes_1000/seed_20250726/data/sample_design.tsv","259f4c270ceb3c9eb5838c111c405bec",0,0,0
"barcs-external-headtohead-v1","moi_0.25_quality_0.9_genes_1000_replicates_4",20250726,"BARCS-EB","current three-method run","results/crispulator_facs/repeated/moi_0.25_quality_0.9_genes_1000/seed_20250726/analysis_three_methods/low_bulk_high_eb_gene_results.csv","a50d9402296e46187eb85cf2ffc8ef7e","results/crispulator_facs/repeated/moi_0.25_quality_0.9_genes_1000/seed_20250726/data/counts.tsv","ada633e4e8c1cfe8b197e14512b56764","results/crispulator_facs/repeated/moi_0.25_quality_0.9_genes_1000/seed_20250726/data/gene_truth.tsv","703ef79a6440de1e234c30dce80c8971","results/crispulator_facs/repeated/moi_0.25_quality_0.9_genes_1000/seed_20250726/data/sample_design.tsv","259f4c270ceb3c9eb5838c111c405bec",0,0,0
"barcs-external-headtohead-v1","moi_0.25_quality_0.9_genes_1000_replicates_4",20250726,"MAGeCK-MLE","verified stored external fit","results/crispulator_facs/repeated/moi_0.25_quality_0.9_genes_1000/seed_20250726/analysis/mageck_mle_low_bulk_high_gene_results.csv","4a113573c5f33c7410bcdbba0374e63c","results/crispulator_facs/repeated/moi_0.25_quality_0.9_genes_1000/seed_20250726/data/counts.tsv","ada633e4e8c1cfe8b197e14512b56764","results/crispulator_facs/repeated/moi_0.25_quality_0.9_genes_1000/seed_20250726/data/gene_truth.tsv","703ef79a6440de1e234c30dce80c8971","results/crispulator_facs/repeated/moi_0.25_quality_0.9_genes_1000/seed_20250726/data/sample_design.tsv","259f4c270ceb3c9eb5838c111c405bec",0,0,0
"barcs-external-headtohead-v1","moi_0.25_quality_0.9_genes_1000_replicates_4",20250726,"edgeR-QL","verified stored external fit","results/crispulator_facs/repeated/moi_0.25_quality_0.9_genes_1000/seed_20250726/analysis/edger_ql_low_bulk_high_gene_results.csv","d68ef17d937cab168ee372744e088f3c","results/crispulator_facs/repeated/moi_0.25_quality_0.9_genes_1000/seed_20250726/data/counts.tsv","ada633e4e8c1cfe8b197e14512b56764","results/crispulator_facs/repeated/moi_0.25_quality_0.9_genes_1000/seed_20250726/data/gene_truth.tsv","703ef79a6440de1e234c30dce80c8971","results/crispulator_facs/repeated/moi_0.25_quality_0.9_genes_1000/seed_20250726/data/sample_design.tsv","259f4c270ceb3c9eb5838c111c405bec",0,0,0
"barcs-external-headtohead-v1","moi_0.25_quality_0.9_genes_1000_replicates_4",20250726,"DESeq2","verified stored external fit","results/crispulator_facs/repeated/moi_0.25_quality_0.9_genes_1000/seed_20250726/analysis/deseq2_low_bulk_high_gene_results.csv","581c5d46ad0d337d8d941d577fcfd599","results/crispulator_facs/repeated/moi_0.25_quality_0.9_genes_1000/seed_20250726/data/counts.tsv","ada633e4e8c1cfe8b197e14512b56764","results/crispulator_facs/repeated/moi_0.25_quality_0.9_genes_1000/seed_20250726/data/gene_truth.tsv","703ef79a6440de1e234c30dce80c8971","results/crispulator_facs/repeated/moi_0.25_quality_0.9_genes_1000/seed_20250726/data/sample_design.tsv","259f4c270ceb3c9eb5838c111c405bec",0,0,0
"barcs-external-headtohead-v1","moi_0.25_quality_0.9_genes_1000_replicates_4",20250726,"limma-voom","verified stored external fit","results/crispulator_facs/repeated/moi_0.25_quality_0.9_genes_1000/seed_20250726/analysis/limma_voom_low_bulk_high_gene_results.csv","c0d141e238c928e8c79fb5fd0a53445e","results/crispulator_facs/repeated/moi_0.25_quality_0.9_genes_1000/seed_20250726/data/counts.tsv","ada633e4e8c1cfe8b197e14512b56764","results/crispulator_facs/repeated/moi_0.25_quality_0.9_genes_1000/seed_20250726/data/gene_truth.tsv","703ef79a6440de1e234c30dce80c8971","results/crispulator_facs/repeated/moi_0.25_quality_0.9_genes_1000/seed_20250726/data/sample_design.tsv","259f4c270ceb3c9eb5838c111c405bec",0,0,0
"barcs-external-headtohead-v1","moi_0.25_quality_0.9_genes_1000_replicates_4",20250727,"BARCS-original","current three-method run","results/crispulator_facs/repeated/moi_0.25_quality_0.9_genes_1000/seed_20250727/analysis_three_methods/low_bulk_high_original_gene_results.csv","dd4d409d7e1dad6064bf55146721b5b4","results/crispulator_facs/repeated/moi_0.25_quality_0.9_genes_1000/seed_20250727/data/counts.tsv","0ca64e99fff2b7c6fd004a8f916f6eee","results/crispulator_facs/repeated/moi_0.25_quality_0.9_genes_1000/seed_20250727/data/gene_truth.tsv","eaaf5d91bdff9c69e671699ef1b39121","results/crispulator_facs/repeated/moi_0.25_quality_0.9_genes_1000/seed_20250727/data/sample_design.tsv","259f4c270ceb3c9eb5838c111c405bec",0,0,0
"barcs-external-headtohead-v1","moi_0.25_quality_0.9_genes_1000_replicates_4",20250727,"BARCS-partial","current three-method run","results/crispulator_facs/repeated/moi_0.25_quality_0.9_genes_1000/seed_20250727/analysis_three_methods/low_bulk_high_partial_gene_results.csv","75b7f50bdf90e94d93018a0cb08a9e28","results/crispulator_facs/repeated/moi_0.25_quality_0.9_genes_1000/seed_20250727/data/counts.tsv","0ca64e99fff2b7c6fd004a8f916f6eee","results/crispulator_facs/repeated/moi_0.25_quality_0.9_genes_1000/seed_20250727/data/gene_truth.tsv","eaaf5d91bdff9c69e671699ef1b39121","results/crispulator_facs/repeated/moi_0.25_quality_0.9_genes_1000/seed_20250727/data/sample_design.tsv","259f4c270ceb3c9eb5838c111c405bec",0,0,0
"barcs-external-headtohead-v1","moi_0.25_quality_0.9_genes_1000_replicates_4",20250727,"BARCS-EB","current three-method run","results/crispulator_facs/repeated/moi_0.25_quality_0.9_genes_1000/seed_20250727/analysis_three_methods/low_bulk_high_eb_gene_results.csv","736ee5635e1aac440685de3309ba9269","results/crispulator_facs/repeated/moi_0.25_quality_0.9_genes_1000/seed_20250727/data/counts.tsv","0ca64e99fff2b7c6fd004a8f916f6eee","results/crispulator_facs/repeated/moi_0.25_quality_0.9_genes_1000/seed_20250727/data/gene_truth.tsv","eaaf5d91bdff9c69e671699ef1b39121","results/crispulator_facs/repeated/moi_0.25_quality_0.9_genes_1000/seed_20250727/data/sample_design.tsv","259f4c270ceb3c9eb5838c111c405bec",0,0,0
"barcs-external-headtohead-v1","moi_0.25_quality_0.9_genes_1000_replicates_4",20250727,"MAGeCK-MLE","verified stored external fit","results/crispulator_facs/repeated/moi_0.25_quality_0.9_genes_1000/seed_20250727/analysis/mageck_mle_low_bulk_high_gene_results.csv","ddf34a8e6b47e31296aa2822b44a0fcb","results/crispulator_facs/repeated/moi_0.25_quality_0.9_genes_1000/seed_20250727/data/counts.tsv","0ca64e99fff2b7c6fd004a8f916f6eee","results/crispulator_facs/repeated/moi_0.25_quality_0.9_genes_1000/seed_20250727/data/gene_truth.tsv","eaaf5d91bdff9c69e671699ef1b39121","results/crispulator_facs/repeated/moi_0.25_quality_0.9_genes_1000/seed_20250727/data/sample_design.tsv","259f4c270ceb3c9eb5838c111c405bec",0,0,0
"barcs-external-headtohead-v1","moi_0.25_quality_0.9_genes_1000_replicates_4",20250727,"edgeR-QL","verified stored external fit","results/crispulator_facs/repeated/moi_0.25_quality_0.9_genes_1000/seed_20250727/analysis/edger_ql_low_bulk_high_gene_results.csv","a295b743f2531c4901a8ad93cce052b7","results/crispulator_facs/repeated/moi_0.25_quality_0.9_genes_1000/seed_20250727/data/counts.tsv","0ca64e99fff2b7c6fd004a8f916f6eee","results/crispulator_facs/repeated/moi_0.25_quality_0.9_genes_1000/seed_20250727/data/gene_truth.tsv","eaaf5d91bdff9c69e671699ef1b39121","results/crispulator_facs/repeated/moi_0.25_quality_0.9_genes_1000/seed_20250727/data/sample_design.tsv","259f4c270ceb3c9eb5838c111c405bec",0,0,0
"barcs-external-headtohead-v1","moi_0.25_quality_0.9_genes_1000_replicates_4",20250727,"DESeq2","verified stored external fit","results/crispulator_facs/repeated/moi_0.25_quality_0.9_genes_1000/seed_20250727/analysis/deseq2_low_bulk_high_gene_results.csv","21d5c49ac294bdec5e1f5568f983d676","results/crispulator_facs/repeated/moi_0.25_quality_0.9_genes_1000/seed_20250727/data/counts.tsv","0ca64e99fff2b7c6fd004a8f916f6eee","results/crispulator_facs/repeated/moi_0.25_quality_0.9_genes_1000/seed_20250727/data/gene_truth.tsv","eaaf5d91bdff9c69e671699ef1b39121","results/crispulator_facs/repeated/moi_0.25_quality_0.9_genes_1000/seed_20250727/data/sample_design.tsv","259f4c270ceb3c9eb5838c111c405bec",0,0,0
"barcs-external-headtohead-v1","moi_0.25_quality_0.9_genes_1000_replicates_4",20250727,"limma-voom","verified stored external fit","results/crispulator_facs/repeated/moi_0.25_quality_0.9_genes_1000/seed_20250727/analysis/limma_voom_low_bulk_high_gene_results.csv","21694ce4a526ecd4aaa8444d57a0142d","results/crispulator_facs/repeated/moi_0.25_quality_0.9_genes_1000/seed_20250727/data/counts.tsv","0ca64e99fff2b7c6fd004a8f916f6eee","results/crispulator_facs/repeated/moi_0.25_quality_0.9_genes_1000/seed_20250727/data/gene_truth.tsv","eaaf5d91bdff9c69e671699ef1b39121","results/crispulator_facs/repeated/moi_0.25_quality_0.9_genes_1000/seed_20250727/data/sample_design.tsv","259f4c270ceb3c9eb5838c111c405bec",0,0,0
"barcs-external-headtohead-v1","moi_0.25_quality_0.9_genes_1000_replicates_4",20250728,"BARCS-original","current three-method run","results/crispulator_facs/repeated/moi_0.25_quality_0.9_genes_1000/seed_20250728/analysis_three_methods/low_bulk_high_original_gene_results.csv","03eeaac33d3c68a6f7d59119a22dbffe","results/crispulator_facs/repeated/moi_0.25_quality_0.9_genes_1000/seed_20250728/data/counts.tsv","e471ac4fefe590fa8cc3629a47a77a62","results/crispulator_facs/repeated/moi_0.25_quality_0.9_genes_1000/seed_20250728/data/gene_truth.tsv","1f1c0c1043bbddbb1cac7bb716fffac6","results/crispulator_facs/repeated/moi_0.25_quality_0.9_genes_1000/seed_20250728/data/sample_design.tsv","259f4c270ceb3c9eb5838c111c405bec",0,0,0
"barcs-external-headtohead-v1","moi_0.25_quality_0.9_genes_1000_replicates_4",20250728,"BARCS-partial","current three-method run","results/crispulator_facs/repeated/moi_0.25_quality_0.9_genes_1000/seed_20250728/analysis_three_methods/low_bulk_high_partial_gene_results.csv","f5c78d3e7ed1e5adf50fa5d232b82624","results/crispulator_facs/repeated/moi_0.25_quality_0.9_genes_1000/seed_20250728/data/counts.tsv","e471ac4fefe590fa8cc3629a47a77a62","results/crispulator_facs/repeated/moi_0.25_quality_0.9_genes_1000/seed_20250728/data/gene_truth.tsv","1f1c0c1043bbddbb1cac7bb716fffac6","results/crispulator_facs/repeated/moi_0.25_quality_0.9_genes_1000/seed_20250728/data/sample_design.tsv","259f4c270ceb3c9eb5838c111c405bec",0,0,0
"barcs-external-headtohead-v1","moi_0.25_quality_0.9_genes_1000_replicates_4",20250728,"BARCS-EB","current three-method run","results/crispulator_facs/repeated/moi_0.25_quality_0.9_genes_1000/seed_20250728/analysis_three_methods/low_bulk_high_eb_gene_results.csv","67d0b227dbb2cdae8ee45ffcb0029188","results/crispulator_facs/repeated/moi_0.25_quality_0.9_genes_1000/seed_20250728/data/counts.tsv","e471ac4fefe590fa8cc3629a47a77a62","results/crispulator_facs/repeated/moi_0.25_quality_0.9_genes_1000/seed_20250728/data/gene_truth.tsv","1f1c0c1043bbddbb1cac7bb716fffac6","results/crispulator_facs/repeated/moi_0.25_quality_0.9_genes_1000/seed_20250728/data/sample_design.tsv","259f4c270ceb3c9eb5838c111c405bec",0,0,0
"barcs-external-headtohead-v1","moi_0.25_quality_0.9_genes_1000_replicates_4",20250728,"MAGeCK-MLE","verified stored external fit","results/crispulator_facs/repeated/moi_0.25_quality_0.9_genes_1000/seed_20250728/analysis/mageck_mle_low_bulk_high_gene_results.csv","bc40262f64c2d53f5c18cf4bc68605c6","results/crispulator_facs/repeated/moi_0.25_quality_0.9_genes_1000/seed_20250728/data/counts.tsv","e471ac4fefe590fa8cc3629a47a77a62","results/crispulator_facs/repeated/moi_0.25_quality_0.9_genes_1000/seed_20250728/data/gene_truth.tsv","1f1c0c1043bbddbb1cac7bb716fffac6","results/crispulator_facs/repeated/moi_0.25_quality_0.9_genes_1000/seed_20250728/data/sample_design.tsv","259f4c270ceb3c9eb5838c111c405bec",0,0,0
"barcs-external-headtohead-v1","moi_0.25_quality_0.9_genes_1000_replicates_4",20250728,"edgeR-QL","verified stored external fit","results/crispulator_facs/repeated/moi_0.25_quality_0.9_genes_1000/seed_20250728/analysis/edger_ql_low_bulk_high_gene_results.csv","a299512cad8781e8505f0d6562b7de0d","results/crispulator_facs/repeated/moi_0.25_quality_0.9_genes_1000/seed_20250728/data/counts.tsv","e471ac4fefe590fa8cc3629a47a77a62","results/crispulator_facs/repeated/moi_0.25_quality_0.9_genes_1000/seed_20250728/data/gene_truth.tsv","1f1c0c1043bbddbb1cac7bb716fffac6","results/crispulator_facs/repeated/moi_0.25_quality_0.9_genes_1000/seed_20250728/data/sample_design.tsv","259f4c270ceb3c9eb5838c111c405bec",0,0,0
"barcs-external-headtohead-v1","moi_0.25_quality_0.9_genes_1000_replicates_4",20250728,"DESeq2","verified stored external fit","results/crispulator_facs/repeated/moi_0.25_quality_0.9_genes_1000/seed_20250728/analysis/deseq2_low_bulk_high_gene_results.csv","6aad3452ebda77060c12b702ea41cbdd","results/crispulator_facs/repeated/moi_0.25_quality_0.9_genes_1000/seed_20250728/data/counts.tsv","e471ac4fefe590fa8cc3629a47a77a62","results/crispulator_facs/repeated/moi_0.25_quality_0.9_genes_1000/seed_20250728/data/gene_truth.tsv","1f1c0c1043bbddbb1cac7bb716fffac6","results/crispulator_facs/repeated/moi_0.25_quality_0.9_genes_1000/seed_20250728/data/sample_design.tsv","259f4c270ceb3c9eb5838c111c405bec",0,0,0
"barcs-external-headtohead-v1","moi_0.25_quality_0.9_genes_1000_replicates_4",20250728,"limma-voom","verified stored external fit","results/crispulator_facs/repeated/moi_0.25_quality_0.9_genes_1000/seed_20250728/analysis/limma_voom_low_bulk_high_gene_results.csv","5c7112920c64bf91663c57e691e7a94e","results/crispulator_facs/repeated/moi_0.25_quality_0.9_genes_1000/seed_20250728/data/counts.tsv","e471ac4fefe590fa8cc3629a47a77a62","results/crispulator_facs/repeated/moi_0.25_quality_0.9_genes_1000/seed_20250728/data/gene_truth.tsv","1f1c0c1043bbddbb1cac7bb716fffac6","results/crispulator_facs/repeated/moi_0.25_quality_0.9_genes_1000/seed_20250728/data/sample_design.tsv","259f4c270ceb3c9eb5838c111c405bec",0,0,0
"barcs-external-headtohead-v1","moi_0.25_quality_0.9_genes_400_replicates_6",20250724,"BARCS-original","current three-method run","results/crispulator_facs/repeated/moi_0.25_quality_0.9_replicates_6/seed_20250724/analysis_three_methods/low_bulk_high_original_gene_results.csv","057d52398c340275c4a458ec574d1416","results/crispulator_facs/repeated/moi_0.25_quality_0.9_replicates_6/seed_20250724/data/counts.tsv","b470ebc67447d4484414f4835ce3aad4","results/crispulator_facs/repeated/moi_0.25_quality_0.9_replicates_6/seed_20250724/data/gene_truth.tsv","e3f5f7157210b23a3522994a9dfefb50","results/crispulator_facs/repeated/moi_0.25_quality_0.9_replicates_6/seed_20250724/data/sample_design.tsv","6a9bc2c339b71356c518bdbec20cdcd3",0,0,0
"barcs-external-headtohead-v1","moi_0.25_quality_0.9_genes_400_replicates_6",20250724,"BARCS-partial","current three-method run","results/crispulator_facs/repeated/moi_0.25_quality_0.9_replicates_6/seed_20250724/analysis_three_methods/low_bulk_high_partial_gene_results.csv","dc5347466ccfb7f68908d092bd2559ad","results/crispulator_facs/repeated/moi_0.25_quality_0.9_replicates_6/seed_20250724/data/counts.tsv","b470ebc67447d4484414f4835ce3aad4","results/crispulator_facs/repeated/moi_0.25_quality_0.9_replicates_6/seed_20250724/data/gene_truth.tsv","e3f5f7157210b23a3522994a9dfefb50","results/crispulator_facs/repeated/moi_0.25_quality_0.9_replicates_6/seed_20250724/data/sample_design.tsv","6a9bc2c339b71356c518bdbec20cdcd3",0,0,0
"barcs-external-headtohead-v1","moi_0.25_quality_0.9_genes_400_replicates_6",20250724,"BARCS-EB","current three-method run","results/crispulator_facs/repeated/moi_0.25_quality_0.9_replicates_6/seed_20250724/analysis_three_methods/low_bulk_high_eb_gene_results.csv","59c8314a5b1e561adf92bd798efeef8a","results/crispulator_facs/repeated/moi_0.25_quality_0.9_replicates_6/seed_20250724/data/counts.tsv","b470ebc67447d4484414f4835ce3aad4","results/crispulator_facs/repeated/moi_0.25_quality_0.9_replicates_6/seed_20250724/data/gene_truth.tsv","e3f5f7157210b23a3522994a9dfefb50","results/crispulator_facs/repeated/moi_0.25_quality_0.9_replicates_6/seed_20250724/data/sample_design.tsv","6a9bc2c339b71356c518bdbec20cdcd3",0,0,0
"barcs-external-headtohead-v1","moi_0.25_quality_0.9_genes_400_replicates_6",20250724,"MAGeCK-MLE","verified stored external fit","results/crispulator_facs/repeated/moi_0.25_quality_0.9_replicates_6/seed_20250724/analysis/mageck_mle_low_bulk_high_gene_results.csv","a2b30e701b0cf82419ab1d9483be2517","results/crispulator_facs/repeated/moi_0.25_quality_0.9_replicates_6/seed_20250724/data/counts.tsv","b470ebc67447d4484414f4835ce3aad4","results/crispulator_facs/repeated/moi_0.25_quality_0.9_replicates_6/seed_20250724/data/gene_truth.tsv","e3f5f7157210b23a3522994a9dfefb50","results/crispulator_facs/repeated/moi_0.25_quality_0.9_replicates_6/seed_20250724/data/sample_design.tsv","6a9bc2c339b71356c518bdbec20cdcd3",0,0,0
"barcs-external-headtohead-v1","moi_0.25_quality_0.9_genes_400_replicates_6",20250724,"edgeR-QL","verified stored external fit","results/crispulator_facs/repeated/moi_0.25_quality_0.9_replicates_6/seed_20250724/analysis/edger_ql_low_bulk_high_gene_results.csv","dddb48fb38011b7f3cc829a8ac6c7447","results/crispulator_facs/repeated/moi_0.25_quality_0.9_replicates_6/seed_20250724/data/counts.tsv","b470ebc67447d4484414f4835ce3aad4","results/crispulator_facs/repeated/moi_0.25_quality_0.9_replicates_6/seed_20250724/data/gene_truth.tsv","e3f5f7157210b23a3522994a9dfefb50","results/crispulator_facs/repeated/moi_0.25_quality_0.9_replicates_6/seed_20250724/data/sample_design.tsv","6a9bc2c339b71356c518bdbec20cdcd3",0,0,0
"barcs-external-headtohead-v1","moi_0.25_quality_0.9_genes_400_replicates_6",20250724,"DESeq2","verified stored external fit","results/crispulator_facs/repeated/moi_0.25_quality_0.9_replicates_6/seed_20250724/analysis/deseq2_low_bulk_high_gene_results.csv","0aba24b45b35b1a1500bbd142cdeb3de","results/crispulator_facs/repeated/moi_0.25_quality_0.9_replicates_6/seed_20250724/data/counts.tsv","b470ebc67447d4484414f4835ce3aad4","results/crispulator_facs/repeated/moi_0.25_quality_0.9_replicates_6/seed_20250724/data/gene_truth.tsv","e3f5f7157210b23a3522994a9dfefb50","results/crispulator_facs/repeated/moi_0.25_quality_0.9_replicates_6/seed_20250724/data/sample_design.tsv","6a9bc2c339b71356c518bdbec20cdcd3",0,0,0
"barcs-external-headtohead-v1","moi_0.25_quality_0.9_genes_400_replicates_6",20250724,"limma-voom","verified stored external fit","results/crispulator_facs/repeated/moi_0.25_quality_0.9_replicates_6/seed_20250724/analysis/limma_voom_low_bulk_high_gene_results.csv","f5b36d65b45983777820791e2fef3288","results/crispulator_facs/repeated/moi_0.25_quality_0.9_replicates_6/seed_20250724/data/counts.tsv","b470ebc67447d4484414f4835ce3aad4","results/crispulator_facs/repeated/moi_0.25_quality_0.9_replicates_6/seed_20250724/data/gene_truth.tsv","e3f5f7157210b23a3522994a9dfefb50","results/crispulator_facs/repeated/moi_0.25_quality_0.9_replicates_6/seed_20250724/data/sample_design.tsv","6a9bc2c339b71356c518bdbec20cdcd3",0,0,0
"barcs-external-headtohead-v1","moi_0.25_quality_0.9_genes_400_replicates_6",20250725,"BARCS-original","current three-method run","results/crispulator_facs/repeated/moi_0.25_quality_0.9_replicates_6/seed_20250725/analysis_three_methods/low_bulk_high_original_gene_results.csv","3a70fd0f9ecff69d795c1737791d0ba8","results/crispulator_facs/repeated/moi_0.25_quality_0.9_replicates_6/seed_20250725/data/counts.tsv","61c49c3bbab5b2a4ea72eab0d15ac52f","results/crispulator_facs/repeated/moi_0.25_quality_0.9_replicates_6/seed_20250725/data/gene_truth.tsv","4ef0dd1fb2040099ebb9c600e4ff2420","results/crispulator_facs/repeated/moi_0.25_quality_0.9_replicates_6/seed_20250725/data/sample_design.tsv","6a9bc2c339b71356c518bdbec20cdcd3",0,0,0
"barcs-external-headtohead-v1","moi_0.25_quality_0.9_genes_400_replicates_6",20250725,"BARCS-partial","current three-method run","results/crispulator_facs/repeated/moi_0.25_quality_0.9_replicates_6/seed_20250725/analysis_three_methods/low_bulk_high_partial_gene_results.csv","c30f319e7ddb5900c2629277e8bbd976","results/crispulator_facs/repeated/moi_0.25_quality_0.9_replicates_6/seed_20250725/data/counts.tsv","61c49c3bbab5b2a4ea72eab0d15ac52f","results/crispulator_facs/repeated/moi_0.25_quality_0.9_replicates_6/seed_20250725/data/gene_truth.tsv","4ef0dd1fb2040099ebb9c600e4ff2420","results/crispulator_facs/repeated/moi_0.25_quality_0.9_replicates_6/seed_20250725/data/sample_design.tsv","6a9bc2c339b71356c518bdbec20cdcd3",0,0,0
"barcs-external-headtohead-v1","moi_0.25_quality_0.9_genes_400_replicates_6",20250725,"BARCS-EB","current three-method run","results/crispulator_facs/repeated/moi_0.25_quality_0.9_replicates_6/seed_20250725/analysis_three_methods/low_bulk_high_eb_gene_results.csv","72e3b276cc9612ecc1bb289a052bcf43","results/crispulator_facs/repeated/moi_0.25_quality_0.9_replicates_6/seed_20250725/data/counts.tsv","61c49c3bbab5b2a4ea72eab0d15ac52f","results/crispulator_facs/repeated/moi_0.25_quality_0.9_replicates_6/seed_20250725/data/gene_truth.tsv","4ef0dd1fb2040099ebb9c600e4ff2420","results/crispulator_facs/repeated/moi_0.25_quality_0.9_replicates_6/seed_20250725/data/sample_design.tsv","6a9bc2c339b71356c518bdbec20cdcd3",0,0,0
"barcs-external-headtohead-v1","moi_0.25_quality_0.9_genes_400_replicates_6",20250725,"MAGeCK-MLE","verified stored external fit","results/crispulator_facs/repeated/moi_0.25_quality_0.9_replicates_6/seed_20250725/analysis/mageck_mle_low_bulk_high_gene_results.csv","2eaa37a3d093597a5b749c05adbddd2b","results/crispulator_facs/repeated/moi_0.25_quality_0.9_replicates_6/seed_20250725/data/counts.tsv","61c49c3bbab5b2a4ea72eab0d15ac52f","results/crispulator_facs/repeated/moi_0.25_quality_0.9_replicates_6/seed_20250725/data/gene_truth.tsv","4ef0dd1fb2040099ebb9c600e4ff2420","results/crispulator_facs/repeated/moi_0.25_quality_0.9_replicates_6/seed_20250725/data/sample_design.tsv","6a9bc2c339b71356c518bdbec20cdcd3",0,0,0
"barcs-external-headtohead-v1","moi_0.25_quality_0.9_genes_400_replicates_6",20250725,"edgeR-QL","verified stored external fit","results/crispulator_facs/repeated/moi_0.25_quality_0.9_replicates_6/seed_20250725/analysis/edger_ql_low_bulk_high_gene_results.csv","20702a3d0c880cb416e19057e73f78ac","results/crispulator_facs/repeated/moi_0.25_quality_0.9_replicates_6/seed_20250725/data/counts.tsv","61c49c3bbab5b2a4ea72eab0d15ac52f","results/crispulator_facs/repeated/moi_0.25_quality_0.9_replicates_6/seed_20250725/data/gene_truth.tsv","4ef0dd1fb2040099ebb9c600e4ff2420","results/crispulator_facs/repeated/moi_0.25_quality_0.9_replicates_6/seed_20250725/data/sample_design.tsv","6a9bc2c339b71356c518bdbec20cdcd3",0,0,0
"barcs-external-headtohead-v1","moi_0.25_quality_0.9_genes_400_replicates_6",20250725,"DESeq2","verified stored external fit","results/crispulator_facs/repeated/moi_0.25_quality_0.9_replicates_6/seed_20250725/analysis/deseq2_low_bulk_high_gene_results.csv","827f69d685aad9bc2d3cab31cbfb5e86","results/crispulator_facs/repeated/moi_0.25_quality_0.9_replicates_6/seed_20250725/data/counts.tsv","61c49c3bbab5b2a4ea72eab0d15ac52f","results/crispulator_facs/repeated/moi_0.25_quality_0.9_replicates_6/seed_20250725/data/gene_truth.tsv","4ef0dd1fb2040099ebb9c600e4ff2420","results/crispulator_facs/repeated/moi_0.25_quality_0.9_replicates_6/seed_20250725/data/sample_design.tsv","6a9bc2c339b71356c518bdbec20cdcd3",0,0,0
"barcs-external-headtohead-v1","moi_0.25_quality_0.9_genes_400_replicates_6",20250725,"limma-voom","verified stored external fit","results/crispulator_facs/repeated/moi_0.25_quality_0.9_replicates_6/seed_20250725/analysis/limma_voom_low_bulk_high_gene_results.csv","b32d286205d078f5216be12fd137e14b","results/crispulator_facs/repeated/moi_0.25_quality_0.9_replicates_6/seed_20250725/data/counts.tsv","61c49c3bbab5b2a4ea72eab0d15ac52f","results/crispulator_facs/repeated/moi_0.25_quality_0.9_replicates_6/seed_20250725/data/gene_truth.tsv","4ef0dd1fb2040099ebb9c600e4ff2420","results/crispulator_facs/repeated/moi_0.25_quality_0.9_replicates_6/seed_20250725/data/sample_design.tsv","6a9bc2c339b71356c518bdbec20cdcd3",0,0,0
"barcs-external-headtohead-v1","moi_0.25_quality_0.9_genes_400_replicates_6",20250726,"BARCS-original","current three-method run","results/crispulator_facs/repeated/moi_0.25_quality_0.9_replicates_6/seed_20250726/analysis_three_methods/low_bulk_high_original_gene_results.csv","7da5b3ba59e2f185202355186e69503b","results/crispulator_facs/repeated/moi_0.25_quality_0.9_replicates_6/seed_20250726/data/counts.tsv","b84e5a684277432c0b85240fef614794","results/crispulator_facs/repeated/moi_0.25_quality_0.9_replicates_6/seed_20250726/data/gene_truth.tsv","b96f59e42708dcb79803e0db52bc930c","results/crispulator_facs/repeated/moi_0.25_quality_0.9_replicates_6/seed_20250726/data/sample_design.tsv","6a9bc2c339b71356c518bdbec20cdcd3",0,0.000195016356327959,0.000399504535218032
"barcs-external-headtohead-v1","moi_0.25_quality_0.9_genes_400_replicates_6",20250726,"BARCS-partial","current three-method run","results/crispulator_facs/repeated/moi_0.25_quality_0.9_replicates_6/seed_20250726/analysis_three_methods/low_bulk_high_partial_gene_results.csv","a46ae2c9313ab7f01f9fec34e24c4582","results/crispulator_facs/repeated/moi_0.25_quality_0.9_replicates_6/seed_20250726/data/counts.tsv","b84e5a684277432c0b85240fef614794","results/crispulator_facs/repeated/moi_0.25_quality_0.9_replicates_6/seed_20250726/data/gene_truth.tsv","b96f59e42708dcb79803e0db52bc930c","results/crispulator_facs/repeated/moi_0.25_quality_0.9_replicates_6/seed_20250726/data/sample_design.tsv","6a9bc2c339b71356c518bdbec20cdcd3",0,0.000195016356327959,0.000399504535218032
"barcs-external-headtohead-v1","moi_0.25_quality_0.9_genes_400_replicates_6",20250726,"BARCS-EB","current three-method run","results/crispulator_facs/repeated/moi_0.25_quality_0.9_replicates_6/seed_20250726/analysis_three_methods/low_bulk_high_eb_gene_results.csv","cecc2e51a5539d1c291d96478a9d64fb","results/crispulator_facs/repeated/moi_0.25_quality_0.9_replicates_6/seed_20250726/data/counts.tsv","b84e5a684277432c0b85240fef614794","results/crispulator_facs/repeated/moi_0.25_quality_0.9_replicates_6/seed_20250726/data/gene_truth.tsv","b96f59e42708dcb79803e0db52bc930c","results/crispulator_facs/repeated/moi_0.25_quality_0.9_replicates_6/seed_20250726/data/sample_design.tsv","6a9bc2c339b71356c518bdbec20cdcd3",0,0.000195016356327959,0.000399504535218032
"barcs-external-headtohead-v1","moi_0.25_quality_0.9_genes_400_replicates_6",20250726,"MAGeCK-MLE","verified stored external fit","results/crispulator_facs/repeated/moi_0.25_quality_0.9_replicates_6/seed_20250726/analysis/mageck_mle_low_bulk_high_gene_results.csv","711040016f32827879c9a847b8b89cf6","results/crispulator_facs/repeated/moi_0.25_quality_0.9_replicates_6/seed_20250726/data/counts.tsv","b84e5a684277432c0b85240fef614794","results/crispulator_facs/repeated/moi_0.25_quality_0.9_replicates_6/seed_20250726/data/gene_truth.tsv","b96f59e42708dcb79803e0db52bc930c","results/crispulator_facs/repeated/moi_0.25_quality_0.9_replicates_6/seed_20250726/data/sample_design.tsv","6a9bc2c339b71356c518bdbec20cdcd3",0,0.000195016356327959,0.000399504535218032
"barcs-external-headtohead-v1","moi_0.25_quality_0.9_genes_400_replicates_6",20250726,"edgeR-QL","verified stored external fit","results/crispulator_facs/repeated/moi_0.25_quality_0.9_replicates_6/seed_20250726/analysis/edger_ql_low_bulk_high_gene_results.csv","2c4832fd1224a482fe3297f3036594b4","results/crispulator_facs/repeated/moi_0.25_quality_0.9_replicates_6/seed_20250726/data/counts.tsv","b84e5a684277432c0b85240fef614794","results/crispulator_facs/repeated/moi_0.25_quality_0.9_replicates_6/seed_20250726/data/gene_truth.tsv","b96f59e42708dcb79803e0db52bc930c","results/crispulator_facs/repeated/moi_0.25_quality_0.9_replicates_6/seed_20250726/data/sample_design.tsv","6a9bc2c339b71356c518bdbec20cdcd3",0,0.000195016356327959,0.000399504535218032
"barcs-external-headtohead-v1","moi_0.25_quality_0.9_genes_400_replicates_6",20250726,"DESeq2","verified stored external fit","results/crispulator_facs/repeated/moi_0.25_quality_0.9_replicates_6/seed_20250726/analysis/deseq2_low_bulk_high_gene_results.csv","5b0d18a46714770bbc88951b48fd8a72","results/crispulator_facs/repeated/moi_0.25_quality_0.9_replicates_6/seed_20250726/data/counts.tsv","b84e5a684277432c0b85240fef614794","results/crispulator_facs/repeated/moi_0.25_quality_0.9_replicates_6/seed_20250726/data/gene_truth.tsv","b96f59e42708dcb79803e0db52bc930c","results/crispulator_facs/repeated/moi_0.25_quality_0.9_replicates_6/seed_20250726/data/sample_design.tsv","6a9bc2c339b71356c518bdbec20cdcd3",0,0.000195016356327959,0.000399504535218032
"barcs-external-headtohead-v1","moi_0.25_quality_0.9_genes_400_replicates_6",20250726,"limma-voom","verified stored external fit","results/crispulator_facs/repeated/moi_0.25_quality_0.9_replicates_6/seed_20250726/analysis/limma_voom_low_bulk_high_gene_results.csv","9f17508bdb3327deadad74eee58d59fc","results/crispulator_facs/repeated/moi_0.25_quality_0.9_replicates_6/seed_20250726/data/counts.tsv","b84e5a684277432c0b85240fef614794","results/crispulator_facs/repeated/moi_0.25_quality_0.9_replicates_6/seed_20250726/data/gene_truth.tsv","b96f59e42708dcb79803e0db52bc930c","results/crispulator_facs/repeated/moi_0.25_quality_0.9_replicates_6/seed_20250726/data/sample_design.tsv","6a9bc2c339b71356c518bdbec20cdcd3",0,0.000195016356327959,0.000399504535218032
"barcs-external-headtohead-v1","moi_0.25_quality_0.9_genes_400_replicates_6",20250727,"BARCS-original","current three-method run","results/crispulator_facs/repeated/moi_0.25_quality_0.9_replicates_6/seed_20250727/analysis_three_methods/low_bulk_high_original_gene_results.csv","6afbfedf0018ddd3808461bcf6fbb7a3","results/crispulator_facs/repeated/moi_0.25_quality_0.9_replicates_6/seed_20250727/data/counts.tsv","bb7599e4ec7fa67a8c74660f8d95f801","results/crispulator_facs/repeated/moi_0.25_quality_0.9_replicates_6/seed_20250727/data/gene_truth.tsv","f58ae16e56128f355564b426d61f6ada","results/crispulator_facs/repeated/moi_0.25_quality_0.9_replicates_6/seed_20250727/data/sample_design.tsv","6a9bc2c339b71356c518bdbec20cdcd3",0,0,0
"barcs-external-headtohead-v1","moi_0.25_quality_0.9_genes_400_replicates_6",20250727,"BARCS-partial","current three-method run","results/crispulator_facs/repeated/moi_0.25_quality_0.9_replicates_6/seed_20250727/analysis_three_methods/low_bulk_high_partial_gene_results.csv","6606d7b6650153bd5dfb7ea8bf5efe75","results/crispulator_facs/repeated/moi_0.25_quality_0.9_replicates_6/seed_20250727/data/counts.tsv","bb7599e4ec7fa67a8c74660f8d95f801","results/crispulator_facs/repeated/moi_0.25_quality_0.9_replicates_6/seed_20250727/data/gene_truth.tsv","f58ae16e56128f355564b426d61f6ada","results/crispulator_facs/repeated/moi_0.25_quality_0.9_replicates_6/seed_20250727/data/sample_design.tsv","6a9bc2c339b71356c518bdbec20cdcd3",0,0,0
"barcs-external-headtohead-v1","moi_0.25_quality_0.9_genes_400_replicates_6",20250727,"BARCS-EB","current three-method run","results/crispulator_facs/repeated/moi_0.25_quality_0.9_replicates_6/seed_20250727/analysis_three_methods/low_bulk_high_eb_gene_results.csv","403afafb52cbfbcbdea69b294746d80f","results/crispulator_facs/repeated/moi_0.25_quality_0.9_replicates_6/seed_20250727/data/counts.tsv","bb7599e4ec7fa67a8c74660f8d95f801","results/crispulator_facs/repeated/moi_0.25_quality_0.9_replicates_6/seed_20250727/data/gene_truth.tsv","f58ae16e56128f355564b426d61f6ada","results/crispulator_facs/repeated/moi_0.25_quality_0.9_replicates_6/seed_20250727/data/sample_design.tsv","6a9bc2c339b71356c518bdbec20cdcd3",0,0,0
"barcs-external-headtohead-v1","moi_0.25_quality_0.9_genes_400_replicates_6",20250727,"MAGeCK-MLE","verified stored external fit","results/crispulator_facs/repeated/moi_0.25_quality_0.9_replicates_6/seed_20250727/analysis/mageck_mle_low_bulk_high_gene_results.csv","08d0039b55100a15b841ad6164186f41","results/crispulator_facs/repeated/moi_0.25_quality_0.9_replicates_6/seed_20250727/data/counts.tsv","bb7599e4ec7fa67a8c74660f8d95f801","results/crispulator_facs/repeated/moi_0.25_quality_0.9_replicates_6/seed_20250727/data/gene_truth.tsv","f58ae16e56128f355564b426d61f6ada","results/crispulator_facs/repeated/moi_0.25_quality_0.9_replicates_6/seed_20250727/data/sample_design.tsv","6a9bc2c339b71356c518bdbec20cdcd3",0,0,0
"barcs-external-headtohead-v1","moi_0.25_quality_0.9_genes_400_replicates_6",20250727,"edgeR-QL","verified stored external fit","results/crispulator_facs/repeated/moi_0.25_quality_0.9_replicates_6/seed_20250727/analysis/edger_ql_low_bulk_high_gene_results.csv","b20a849aa2b00ae05ad080d34278dfc6","results/crispulator_facs/repeated/moi_0.25_quality_0.9_replicates_6/seed_20250727/data/counts.tsv","bb7599e4ec7fa67a8c74660f8d95f801","results/crispulator_facs/repeated/moi_0.25_quality_0.9_replicates_6/seed_20250727/data/gene_truth.tsv","f58ae16e56128f355564b426d61f6ada","results/crispulator_facs/repeated/moi_0.25_quality_0.9_replicates_6/seed_20250727/data/sample_design.tsv","6a9bc2c339b71356c518bdbec20cdcd3",0,0,0
"barcs-external-headtohead-v1","moi_0.25_quality_0.9_genes_400_replicates_6",20250727,"DESeq2","verified stored external fit","results/crispulator_facs/repeated/moi_0.25_quality_0.9_replicates_6/seed_20250727/analysis/deseq2_low_bulk_high_gene_results.csv","00f7fa26ee73ab0cb1ee6bec87baa975","results/crispulator_facs/repeated/moi_0.25_quality_0.9_replicates_6/seed_20250727/data/counts.tsv","bb7599e4ec7fa67a8c74660f8d95f801","results/crispulator_facs/repeated/moi_0.25_quality_0.9_replicates_6/seed_20250727/data/gene_truth.tsv","f58ae16e56128f355564b426d61f6ada","results/crispulator_facs/repeated/moi_0.25_quality_0.9_replicates_6/seed_20250727/data/sample_design.tsv","6a9bc2c339b71356c518bdbec20cdcd3",0,0,0
"barcs-external-headtohead-v1","moi_0.25_quality_0.9_genes_400_replicates_6",20250727,"limma-voom","verified stored external fit","results/crispulator_facs/repeated/moi_0.25_quality_0.9_replicates_6/seed_20250727/analysis/limma_voom_low_bulk_high_gene_results.csv","c45bd279f9114e8d900faf6f77bf6b24","results/crispulator_facs/repeated/moi_0.25_quality_0.9_replicates_6/seed_20250727/data/counts.tsv","bb7599e4ec7fa67a8c74660f8d95f801","results/crispulator_facs/repeated/moi_0.25_quality_0.9_replicates_6/seed_20250727/data/gene_truth.tsv","f58ae16e56128f355564b426d61f6ada","results/crispulator_facs/repeated/moi_0.25_quality_0.9_replicates_6/seed_20250727/data/sample_design.tsv","6a9bc2c339b71356c518bdbec20cdcd3",0,0,0
"barcs-external-headtohead-v1","moi_0.25_quality_0.9_genes_400_replicates_6",20250728,"BARCS-original","current three-method run","results/crispulator_facs/repeated/moi_0.25_quality_0.9_replicates_6/seed_20250728/analysis_three_methods/low_bulk_high_original_gene_results.csv","46e6663b319f7bec0ae1ed26e6694f36","results/crispulator_facs/repeated/moi_0.25_quality_0.9_replicates_6/seed_20250728/data/counts.tsv","a523b892e98ea2f7da5beb7a8cdb39f9","results/crispulator_facs/repeated/moi_0.25_quality_0.9_replicates_6/seed_20250728/data/gene_truth.tsv","fd3ed42ca66f73f655eeb1ddd496b12e","results/crispulator_facs/repeated/moi_0.25_quality_0.9_replicates_6/seed_20250728/data/sample_design.tsv","6a9bc2c339b71356c518bdbec20cdcd3",0,0,0
"barcs-external-headtohead-v1","moi_0.25_quality_0.9_genes_400_replicates_6",20250728,"BARCS-partial","current three-method run","results/crispulator_facs/repeated/moi_0.25_quality_0.9_replicates_6/seed_20250728/analysis_three_methods/low_bulk_high_partial_gene_results.csv","001533aa2ce2cdec079fb9725bda9492","results/crispulator_facs/repeated/moi_0.25_quality_0.9_replicates_6/seed_20250728/data/counts.tsv","a523b892e98ea2f7da5beb7a8cdb39f9","results/crispulator_facs/repeated/moi_0.25_quality_0.9_replicates_6/seed_20250728/data/gene_truth.tsv","fd3ed42ca66f73f655eeb1ddd496b12e","results/crispulator_facs/repeated/moi_0.25_quality_0.9_replicates_6/seed_20250728/data/sample_design.tsv","6a9bc2c339b71356c518bdbec20cdcd3",0,0,0
"barcs-external-headtohead-v1","moi_0.25_quality_0.9_genes_400_replicates_6",20250728,"BARCS-EB","current three-method run","results/crispulator_facs/repeated/moi_0.25_quality_0.9_replicates_6/seed_20250728/analysis_three_methods/low_bulk_high_eb_gene_results.csv","b08176bfded47acc062bdc7cc2192837","results/crispulator_facs/repeated/moi_0.25_quality_0.9_replicates_6/seed_20250728/data/counts.tsv","a523b892e98ea2f7da5beb7a8cdb39f9","results/crispulator_facs/repeated/moi_0.25_quality_0.9_replicates_6/seed_20250728/data/gene_truth.tsv","fd3ed42ca66f73f655eeb1ddd496b12e","results/crispulator_facs/repeated/moi_0.25_quality_0.9_replicates_6/seed_20250728/data/sample_design.tsv","6a9bc2c339b71356c518bdbec20cdcd3",0,0,0
"barcs-external-headtohead-v1","moi_0.25_quality_0.9_genes_400_replicates_6",20250728,"MAGeCK-MLE","verified stored external fit","results/crispulator_facs/repeated/moi_0.25_quality_0.9_replicates_6/seed_20250728/analysis/mageck_mle_low_bulk_high_gene_results.csv","db25486eae3968b3792c41eeba62599b","results/crispulator_facs/repeated/moi_0.25_quality_0.9_replicates_6/seed_20250728/data/counts.tsv","a523b892e98ea2f7da5beb7a8cdb39f9","results/crispulator_facs/repeated/moi_0.25_quality_0.9_replicates_6/seed_20250728/data/gene_truth.tsv","fd3ed42ca66f73f655eeb1ddd496b12e","results/crispulator_facs/repeated/moi_0.25_quality_0.9_replicates_6/seed_20250728/data/sample_design.tsv","6a9bc2c339b71356c518bdbec20cdcd3",0,0,0
"barcs-external-headtohead-v1","moi_0.25_quality_0.9_genes_400_replicates_6",20250728,"edgeR-QL","verified stored external fit","results/crispulator_facs/repeated/moi_0.25_quality_0.9_replicates_6/seed_20250728/analysis/edger_ql_low_bulk_high_gene_results.csv","38406543a1a3680d815bd74ad32875ca","results/crispulator_facs/repeated/moi_0.25_quality_0.9_replicates_6/seed_20250728/data/counts.tsv","a523b892e98ea2f7da5beb7a8cdb39f9","results/crispulator_facs/repeated/moi_0.25_quality_0.9_replicates_6/seed_20250728/data/gene_truth.tsv","fd3ed42ca66f73f655eeb1ddd496b12e","results/crispulator_facs/repeated/moi_0.25_quality_0.9_replicates_6/seed_20250728/data/sample_design.tsv","6a9bc2c339b71356c518bdbec20cdcd3",0,0,0
"barcs-external-headtohead-v1","moi_0.25_quality_0.9_genes_400_replicates_6",20250728,"DESeq2","verified stored external fit","results/crispulator_facs/repeated/moi_0.25_quality_0.9_replicates_6/seed_20250728/analysis/deseq2_low_bulk_high_gene_results.csv","7b02ca68028a4ce624dc81c273905100","results/crispulator_facs/repeated/moi_0.25_quality_0.9_replicates_6/seed_20250728/data/counts.tsv","a523b892e98ea2f7da5beb7a8cdb39f9","results/crispulator_facs/repeated/moi_0.25_quality_0.9_replicates_6/seed_20250728/data/gene_truth.tsv","fd3ed42ca66f73f655eeb1ddd496b12e","results/crispulator_facs/repeated/moi_0.25_quality_0.9_replicates_6/seed_20250728/data/sample_design.tsv","6a9bc2c339b71356c518bdbec20cdcd3",0,0,0
"barcs-external-headtohead-v1","moi_0.25_quality_0.9_genes_400_replicates_6",20250728,"limma-voom","verified stored external fit","results/crispulator_facs/repeated/moi_0.25_quality_0.9_replicates_6/seed_20250728/analysis/limma_voom_low_bulk_high_gene_results.csv","9ca2497d6e282674241b463e81122c17","results/crispulator_facs/repeated/moi_0.25_quality_0.9_replicates_6/seed_20250728/data/counts.tsv","a523b892e98ea2f7da5beb7a8cdb39f9","results/crispulator_facs/repeated/moi_0.25_quality_0.9_replicates_6/seed_20250728/data/gene_truth.tsv","fd3ed42ca66f73f655eeb1ddd496b12e","results/crispulator_facs/repeated/moi_0.25_quality_0.9_replicates_6/seed_20250728/data/sample_design.tsv","6a9bc2c339b71356c518bdbec20cdcd3",0,0,0
