gene_id	SYMBOL	HT29_LARGE_INTESTINE
TSPAN6 (7105)	TSPAN6	4.39985467357243
TNMD (64102)	TNMD	0
DPM1 (8813)	DPM1	6.71836162613835
SCYL3 (57147)	SCYL3	2.78450398292957
C1orf112 (55732)	C1orf112	3.46858331700683
FGR (2268)	FGR	0.0143552929770701
CFH (3075)	CFH	4.08151006812092
FUCA2 (2519)	FUCA2	5.35508676166836
GCLC (2729)	GCLC	5.10097764772482
NFYA (4800)	NFYA	4.32481060342048
STPG1 (90529)	STPG1	2.78450398292957
NIPAL3 (57185)	NIPAL3	4.39094277280254
LAS1L (81887)	LAS1L	5.80503443985454
ENPP4 (22875)	ENPP4	2.27798474729977
SEMA3F (6405)	SEMA3F	3.07895134139482
CFTR (1080)	CFTR	5.58556349845569
ANKIB1 (54467)	ANKIB1	4.611172380044
CYP51A1 (1595)	CYP51A1	5.75435307169213
KRIT1 (889)	KRIT1	4.58315800387441
RAD52 (5893)	RAD52	2.77399632511117
BAD (572)	BAD	5.68088692071969
LAP3 (51056)	LAP3	6.05311133645956
CD99 (4267)	CD99	2.75274859140713
HS3ST1 (9957)	HS3ST1	2.82578562746479
AOC1 (26)	AOC1	3.55213110825378
WNT16 (51384)	WNT16	0.111031312388744
HECW1 (23072)	HECW1	0
MAD1L1 (8379)	MAD1L1	3.82680268428583
LASP1 (3927)	LASP1	7.60710834359133
SNX11 (29916)	SNX11	4.14323013477689
TMEM176A (55365)	TMEM176A	0.422233000683048
M6PR (4074)	M6PR	5.8011586560937
KLHL13 (90293)	KLHL13	0.070389327891398
CYP26B1 (56603)	CYP26B1	0.20163386116965
ICA1 (3382)	ICA1	5.39848719001897
DBNDD1 (79007)	DBNDD1	3.20633064787105
ALS2 (57679)	ALS2	3.16832111573972
CASP10 (843)	CASP10	1.74416109557041
CFLAR (8837)	CFLAR	4.59275601044103
TFPI (7035)	TFPI	6.15076274435542
NDUFAF7 (55471)	NDUFAF7	3.99367436175058
RBM5 (10181)	RBM5	5.55366768848306
MTMR7 (9108)	MTMR7	0.150559676575381
SLC7A2 (6542)	SLC7A2	1.20163386116965
ARF5 (381)	ARF5	7.68776058407035
SARM1 (23098)	SARM1	2.28688114778816
POLDIP2 (26073)	POLDIP2	5.91814767387683
PLXND1 (23129)	PLXND1	5.01524777369894
AK2 (204)	AK2	7.91504279137198
CD38 (952)	CD38	0.0840642647884745
FKBP4 (2288)	FKBP4	6.30961277245412
KDM1A (23028)	KDM1A	6.19455988602261
RBM6 (10180)	RBM6	5.10055722078293
CAMKK1 (84254)	CAMKK1	2.55826763405574
RECQL (5965)	RECQL	4.44691786486603
VPS50 (55610)	VPS50	3.4369613378336
HSPB6 (126393)	HSPB6	0.176322772640463
ARHGAP33 (115703)	ARHGAP33	3.42492208821069
NDUFAB1 (4706)	NDUFAB1	7.69237139970866
PDK4 (5166)	PDK4	1.71369581484336
SLC22A16 (85413)	SLC22A16	0
ZMYND10 (51364)	ZMYND10	0.356143810225275
ABCB5 (340273)	ABCB5	0
ARX (170302)	ARX	0.0426443374084937
SLC25A13 (10165)	SLC25A13	4.97361127551947
ST7 (7982)	ST7	4.15946772926677
CDC27 (996)	CDC27	4.14893410452634
SLC4A1 (6521)	SLC4A1	0
CALCR (799)	CALCR	0
HCCS (3052)	HCCS	4.29278174922785
DVL2 (1856)	DVL2	4.01613970265525
PRSS22 (64063)	PRSS22	4.92884403671257
UPF1 (5976)	UPF1	4.75595576955096
SKAP2 (8935)	SKAP2	4.37851162325373
SLC25A5 (292)	SLC25A5	9.39585541261337
MCUB (55013)	MCUB	1.02147972741045
HOXA11 (3207)	HOXA11	4.98367769469807
POLR2J (5439)	POLR2J	6.61500424163503
DHX33 (56919)	DHX33	3.73443866613717
MEOX1 (4222)	MEOX1	0.0565835283663675
THSD7A (221981)	THSD7A	0
LIG3 (3980)	LIG3	4.81249822533356
RPAP3 (79657)	RPAP3	4.47118746038699
ACSM3 (6296)	ACSM3	4.5963388642052
REXO5 (81691)	REXO5	2.78031009904338
CIAPIN1 (57019)	CIAPIN1	5.22419466397043
SPPL2B (56928)	SPPL2B	5.81915722367497
FAM214B (80256)	FAM214B	3.32337006906127
COPZ2 (51226)	COPZ2	0.641546029087524
PRKAR2B (5577)	PRKAR2B	0.0143552929770701
MSL3 (10943)	MSL3	3.32768736417605
CREBBP (1387)	CREBBP	4.06263982828646
TSPOAP1 (9256)	TSPOAP1	0.790772037862
MPO (4353)	MPO	0.0426443374084937
PON1 (5444)	PON1	0.659924558402378
GCFC2 (6936)	GCFC2	3.06522762277562
WDR54 (84058)	WDR54	5.16751850373522
CROT (54677)	CROT	2.88752527074159
ABCB4 (5244)	ABCB4	0.250961573533219
KMT2E (55904)	KMT2E	4.69932952567316
RHBDD2 (57414)	RHBDD2	4.62993940943954
SOX8 (30812)	SOX8	0.0840642647884745
IBTK (25998)	IBTK	3.91456452349394
ZNF195 (7748)	ZNF195	5.38922261635589
MYCBP2 (23077)	MYCBP2	4.94345253855882
FBXL3 (26224)	FBXL3	4.1168637576909
ITGAL (3683)	ITGAL	0.604071323668861
PDK2 (5164)	PDK2	4.30451104180995
ITGA3 (3675)	ITGA3	5.78188423454149
ZFX (7543)	ZFX	3.30597052098439
LAMP2 (3920)	LAMP2	4.9518675043269
ITGA2B (3674)	ITGA2B	0.0143552929770701
ASB4 (51666)	ASB4	0.0143552929770701
GDE1 (51573)	GDE1	5.79415589787641
REX1BD (55049)	REX1BD	5.07980475463526
CRLF1 (9244)	CRLF1	1.63226821549951
OSBPL7 (114881)	OSBPL7	3.60288440871842
TMEM98 (26022)	TMEM98	0.400537929583729
YBX2 (51087)	YBX2	3
KRT33A (3883)	KRT33A	0
MAP3K14 (9020)	MAP3K14	2.26603689399532
ABCC8 (6833)	ABCC8	0.124328135002202
CACNG3 (10368)	CACNG3	0
TMEM132A (54972)	TMEM132A	4.28466218548316
AP2B1 (163)	AP2B1	6.77860284514321
TAC1 (6863)	TAC1	0.0426443374084937
ZNF263 (10127)	ZNF263	4.99774402605963
CX3CL1 (6376)	CX3CL1	0.411426245726465
SPATA20 (64847)	SPATA20	3.92789645372882
CACNA1G (8913)	CACNA1G	0.070389327891398
TNFRSF12A (51330)	TNFRSF12A	6.98504496225347
DLX6 (1750)	DLX6	0
MAP3K9 (4293)	MAP3K9	2.20476675065461
RALA (5898)	RALA	4.9759052735237
BAIAP2L1 (55971)	BAIAP2L1	5.0518071070133
KDM7A (80853)	KDM7A	1.41142624572647
ETV1 (2115)	ETV1	1.78240856492737
AGK (55750)	AGK	4.58135124716878
ALDH3B1 (221)	ALDH3B1	5.34837407519116
TTC22 (55001)	TTC22	3.31179371775365
PHTF2 (57157)	PHTF2	3.23112515787905
CCL26 (10344)	CCL26	0
FARP2 (9855)	FARP2	4.93026424523502
USH1C (10083)	USH1C	5.93357263826102
GGCT (79017)	GGCT	7.55949181320504
DBF4 (10926)	DBF4	5.05093696522523
TBXA2R (6915)	TBXA2R	0.0143552929770701
IFRD1 (3475)	IFRD1	5.10055722078293
LGALS14 (56891)	LGALS14	0
COX10 (1352)	COX10	3.39780296186249
GTF2IRD1 (9569)	GTF2IRD1	4.64904056563445
PAF1 (54623)	PAF1	6.18388345903223
VPS41 (27072)	VPS41	4.21179097625254
ARHGAP44 (9912)	ARHGAP44	0.400537929583729
ELAC2 (60528)	ELAC2	4.99186193055632
SCIN (85477)	SCIN	1.61823865559545
ARSD (414)	ARSD	3.79285535236249
PNPLA4 (8228)	PNPLA4	2.15380533607904
MYH13 (8735)	MYH13	0
ADIPOR2 (79602)	ADIPOR2	5.28243980500639
CDKL3 (51265)	CDKL3	0.37851162325373
UPP2 (151531)	UPP2	0
PRSS21 (10942)	PRSS21	0.0840642647884745
MARK4 (57787)	MARK4	3.16510798514454
PROM1 (8842)	PROM1	5.70487196445635
CCDC124 (115098)	CCDC124	6.83086375675176
CEACAM21 (90273)	CEACAM21	0
PAFAH1B1 (5048)	PAFAH1B1	4.61941301059794
NOS2 (4843)	NOS2	0
DNAH9 (1770)	DNAH9	0.111031312388744
KIAA0100 (9703)	KIAA0100	6.17112674665207
SLC13A2 (9058)	SLC13A2	0
GAS7 (8522)	GAS7	0.150559676575381
TRAPPC6A (79090)	TRAPPC6A	6.01256867350306
MATK (4145)	MATK	0.250961573533219
CEACAM7 (1087)	CEACAM7	0.613531652917927
CD79B (974)	CD79B	0.070389327891398
SCN4A (6329)	SCN4A	0
ST7L (54879)	ST7L	4.09761079662642
TKTL1 (8277)	TKTL1	0.0143552929770701
PAX6 (5080)	PAX6	0.070389327891398
RPUSD1 (113000)	RPUSD1	5.07809742302666
RHBDF1 (64285)	RHBDF1	6.549823164967
LUC7L (55692)	LUC7L	4.94251450533924
CACNA2D2 (9254)	CACNA2D2	0.790772037862
BAIAP3 (8938)	BAIAP3	2.37016428054021
TSR3 (115939)	TSR3	5.46466826700344
PIGQ (9091)	PIGQ	4.68257329734758
CRAMP1 (57585)	CRAMP1	3.0071955014042
TEAD3 (7005)	TEAD3	4.27575204882853
SELE (6401)	SELE	0
DNAJC11 (55735)	DNAJC11	5.61500424163503
FMO3 (2328)	FMO3	0
MYLIP (29116)	MYLIP	3.31759350462347
NOX1 (27035)	NOX1	4.13996056954546
E2F2 (1870)	E2F2	1.20163386116965
PSMB1 (5689)	PSMB1	8.32809144899525
SYN1 (6853)	SYN1	0.150559676575381
JARID2 (3720)	JARID2	2.45680614923047
CDKL5 (6792)	CDKL5	0.941106310946431
CAMK1G (57172)	CAMK1G	0
CDK11A (728642)	CDK11A	5.35755200461808
NADK (65220)	NADK	6.09360242879573
TFAP2B (7021)	TFAP2B	0
TFAP2D (83741)	TFAP2D	0
DLEC1 (9940)	DLEC1	0.895302621333307
CYTH3 (9265)	CYTH3	1.24488705912353
ADAM22 (53616)	ADAM22	2.15704371014558
SYPL1 (6856)	SYPL1	6.63981097771678
CYB561 (1534)	CYB561	5.65535182861255
SPAG9 (9043)	SPAG9	4.16108148227718
CELSR3 (1951)	CELSR3	2.94673086014031
AASS (10157)	AASS	0.20163386116965
PLEKHG6 (55200)	PLEKHG6	4.11186596386756
SS18L2 (51188)	SS18L2	4.72574115650395
MPND (84954)	MPND	3.45022149589718
MGST1 (4257)	MGST1	8.08709151165491
CRY1 (1407)	CRY1	3.21878116778407
PGLYRP1 (8993)	PGLYRP1	0.739848102699327
NFIX (4784)	NFIX	4.07980475463526
ST3GAL1 (6482)	ST3GAL1	6.20906339534927
MMP25 (64386)	MMP25	0.356143810225275
IL32 (9235)	IL32	1.37851162325373
PKD1 (5310)	PKD1	4.877744249949
MAPK8IP2 (23542)	MAPK8IP2	0.0285691521967709
MED24 (9862)	MED24	5.51601514700366
RHOBTB2 (23221)	RHOBTB2	1.70929063572336
HEATR5B (54497)	HEATR5B	2.89336221076387
SEC62 (7095)	SEC62	6.0360636887437
RPS20 (6224)	RPS20	10.7913257117639
CSDE1 (7812)	CSDE1	7.87553435157324
UBE3C (9690)	UBE3C	5.67666233485797
REV3L (5980)	REV3L	2.79285535236249
TENM1 (10178)	TENM1	0.0143552929770701
PAX7 (5081)	PAX7	0.0426443374084937
MASP2 (10747)	MASP2	0.678071905112638
IYD (389434)	IYD	1.18903382439002
FAM76A (199870)	FAM76A	1.94860084749336
TRAF3IP3 (80342)	TRAF3IP3	0.0143552929770701
POMT2 (29954)	POMT2	3.0071955014042
VTA1 (51534)	VTA1	5.17990909001493
MLXIPL (51085)	MLXIPL	1.09761079662642
BAZ1B (9031)	BAZ1B	5.50303064564116
RANBP9 (10048)	RANBP9	4.49569516262407
ETV7 (51513)	ETV7	0.124328135002202
SPRTN (83932)	SPRTN	3.17632277264046
METTL13 (51603)	METTL13	4.83390207666916
DYRK4 (8798)	DYRK4	2.76341157447001
ZNF207 (7756)	ZNF207	7.43671154213721
UQCRC1 (7384)	UQCRC1	7.2045711442492
STARD3NL (83930)	STARD3NL	4.79441586635011
CD9 (928)	CD9	7.30451104180995
HHATL (57467)	HHATL	0
NCAPD2 (9918)	NCAPD2	6.03672310600552
IFFO1 (25900)	IFFO1	0.855989697308481
GIPR (2696)	GIPR	2.24488705912353
PHF7 (51533)	PHF7	1.50589092972996
SEMA3G (56920)	SEMA3G	0.321928094887362
NISCH (11188)	NISCH	4.39985467357243
STAB1 (23166)	STAB1	0.0285691521967709
FUZ (80199)	FUZ	0.53605290024021
SLC6A13 (6540)	SLC6A13	0.0285691521967709
IDS (3423)	IDS	3.86888427302877
PRSS3 (5646)	PRSS3	6.15400794755902
ZNF200 (7752)	ZNF200	2.7311832415722
CD4 (920)	CD4	0.389566811762726
LRRC23 (10233)	LRRC23	1.67355642399014
BTK (695)	BTK	0.0840642647884745
HFE (3077)	HFE	2.95791459863299
SCMH1 (22955)	SCMH1	4.23955079661364
FYN (2534)	FYN	3.5909612413426
HIVEP2 (3097)	HIVEP2	1.94110631094643
FMO1 (2326)	FMO1	0
ELOA (6924)	ELOA	4.54905302933729
LYPLA2 (11313)	LYPLA2	7.07349893229018
CLCN6 (1185)	CLCN6	2.92029330021101
MRC2 (9902)	MRC2	0.594548549550354
SLC6A7 (6534)	SLC6A7	0.070389327891398
TSPAN9 (10867)	TSPAN9	2.77610398807316
BTBD7 (55727)	BTBD7	3.10265813136374
APBA3 (9546)	APBA3	2.98367769469807
MKS1 (54903)	MKS1	3.56803210477128
ABHD5 (51099)	ABHD5	2.44360665147561
ANOS1 (3730)	ANOS1	0
AKAP8L (26993)	AKAP8L	4.90110824301451
MBTD1 (54799)	MBTD1	3.31034012061215
UTP18 (51096)	UTP18	5.41852730210161
RNF216 (54476)	RNF216	3.44757919654888
TTC19 (54902)	TTC19	3.63459326844576
PTBP1 (5725)	PTBP1	8.11270013274936
DPF1 (8193)	DPF1	0.250961573533219
SYT7 (9066)	SYT7	2.70043971814109
LARS2 (23395)	LARS2	3.32048467801769
PIK3C2A (5286)	PIK3C2A	4.51601514700366
PLAUR (5329)	PLAUR	4.71644223684332
ANLN (54443)	ANLN	5.06953032516231
WIZ (58525)	WIZ	3.4905701304462
RABGAP1 (23637)	RABGAP1	4.80529245560071
DCN (1634)	DCN	0.137503523749935
QPCTL (54814)	QPCTL	3.55090066464752
PPP5C (5536)	PPP5C	6.82005128463813
CEP68 (23177)	CEP68	1.56071495447448
MAP4K3 (8491)	MAP4K3	3.22650852980868
ZBTB32 (27033)	ZBTB32	0.20163386116965
TYROBP (7305)	TYROBP	0
TMEM159 (57146)	TMEM159	4.62993940943954
GABRA3 (2556)	GABRA3	0.298658315564515
BRCA1 (672)	BRCA1	4.16027483140859
ERCC1 (2067)	ERCC1	5.43362716708478
CD22 (933)	CD22	0.070389327891398
SEMA3B (7869)	SEMA3B	4.47508488294878
MBTPS2 (51360)	MBTPS2	2.34198574722862
PRICKLE3 (4007)	PRICKLE3	3.37573453858316
LTF (4057)	LTF	0.0143552929770701
EXTL3 (2137)	EXTL3	1.60880924267552
NR1H4 (9971)	NR1H4	0.111031312388744
ELOVL5 (60481)	ELOVL5	0.250961573533219
ALOX5 (240)	ALOX5	3.7311832415722
KDM5D (8284)	KDM5D	0.176322772640463
CALCOCO1 (57658)	CALCOCO1	5.23993261348524
UBR7 (55148)	UBR7	4.0241423458978
MAP4K5 (11183)	MAP4K5	3.5765221379205
EHD3 (30845)	EHD3	0.0143552929770701
PSMC4 (5704)	PSMC4	7.17941152317403
MAN2B2 (23324)	MAN2B2	3.51727569320958
SLC7A14 (57709)	SLC7A14	0
CLDN11 (5010)	CLDN11	0.464668267003444
SLC25A39 (51629)	SLC25A39	7.17552460108987
MVP (9961)	MVP	5.86567141764843
NUB1 (51667)	NUB1	5.64270157183323
PGM3 (5238)	PGM3	4.54720302475693
RWDD2A (112611)	RWDD2A	1.48026512205446
CLK1 (1195)	CLK1	5.61441538650813
POLR3B (55703)	POLR3B	2.97636363573276
ANGEL1 (23357)	ANGEL1	2.72465027173297
RNF14 (9604)	RNF14	3.77082904603249
DNASE1L1 (1774)	DNASE1L1	5.47248777146274
DDX11 (1663)	DDX11	6.20359271420771
HEBP1 (50865)	HEBP1	3.23419472295381
GPRC5A (9052)	GPRC5A	5.95930648975966
MAMLD1 (10046)	MAMLD1	0.238786859587116
CD6 (923)	CD6	0.344828496997441
TACC3 (10460)	TACC3	6.03979640762002
UFL1 (23376)	UFL1	3.3547342399706
POLA2 (23649)	POLA2	4.8293421939028
ZC3H3 (23144)	ZC3H3	2.99819550315325
CAPN1 (823)	CAPN1	7.2457428347537
ACPP (55)	ACPP	1.24488705912353
MDH1 (4190)	MDH1	6.47265022797335
SLC30A9 (10463)	SLC30A9	4.8860623383456
MTMR11 (10903)	MTMR11	3.90785207184596
COX15 (1355)	COX15	4.79701297783614
CCDC88C (440193)	CCDC88C	4.06522762277562
YAF2 (10138)	YAF2	3.07724299893246
ZMYND11 (10771)	ZMYND11	4.80529245560071
WAS (7454)	WAS	0.704871964456353
DPEP1 (1800)	DPEP1	4.84046323386954
BID (637)	BID	5.55151601762801
MATR3 (9782)	MATR3	7.16269343221124
NPC1L1 (29881)	NPC1L1	0.137503523749935
XYLT2 (64132)	XYLT2	3.40190347160796
RGPD5 (84220)	RGPD5	3.18428029441938
STMN4 (81551)	STMN4	0.0426443374084937
NUDCD3 (23386)	NUDCD3	4.99593670350459
ISL1 (3670)	ISL1	2.60644222813161
CHDH (55349)	CHDH	3.57773093149008
IL20RA (53832)	IL20RA	2.26002565596146
CLCA1 (1179)	CLCA1	0.0285691521967709
CLCA4 (22802)	CLCA4	0.238786859587116
GLT8D1 (55830)	GLT8D1	4.77135740899056
ATP2C1 (27032)	ATP2C1	5.33949373790173
IGF1 (3479)	IGF1	0
SLC38A5 (92745)	SLC38A5	6.33664044640873
RALBP1 (10928)	RALBP1	5.49984588708321
RUFY3 (22902)	RUFY3	4.13010717865883
CNTN1 (1272)	CNTN1	0.0143552929770701
SLC11A1 (6556)	SLC11A1	0.344828496997441
WWTR1 (25937)	WWTR1	0.214124805352847
AGPS (8540)	AGPS	4.15704371014558
CXorf56 (63932)	CXorf56	4.96162332828694
ATP1A2 (477)	ATP1A2	0
TTC27 (55622)	TTC27	3.52481592835751
ZNF582 (147948)	ZNF582	0
VSIG2 (23584)	VSIG2	6.26753579806874
PHLDB1 (23187)	PHLDB1	6.40531168259745
MARCO (8685)	MARCO	0
CYP24A1 (1591)	CYP24A1	1.0071955014042
PRDM11 (56981)	PRDM11	0.918386234446348
SYT13 (57586)	SYT13	2.39506279951758
SNAI2 (6591)	SNAI2	0.0565835283663675
CD74 (972)	CD74	1.81966818349646
HGF (3082)	HGF	0.20163386116965
ZRANB1 (54764)	ZRANB1	2.84197311892718
NCDN (23154)	NCDN	4.47638168756724
ADGRA2 (25960)	ADGRA2	0.0143552929770701
ZFP64 (55734)	ZFP64	3.84799690655495
MNAT1 (4331)	MNAT1	4.75808993420181
SAMD4A (23034)	SAMD4A	1.90689059560852
RUNX3 (864)	RUNX3	0.20163386116965
MRE11 (4361)	MRE11	4.38887833881199
PLEKHB1 (58473)	PLEKHB1	5.09971599916091
SERPINB1 (1992)	SERPINB1	6.9525665409428
CYP3A43 (64816)	CYP3A43	0
SLC7A9 (11136)	SLC7A9	0.137503523749935
SPAST (6683)	SPAST	2.81147103052984
NRXN3 (9369)	NRXN3	0.0143552929770701
OSBPL5 (114879)	OSBPL5	4.87872534148011
AQR (9716)	AQR	4.25247621413522
CPS1 (1373)	CPS1	0.070389327891398
C8B (732)	C8B	0
FHL1 (2273)	FHL1	0.389566811762726
RTF2 (51507)	RTF2	6.42928119333566
GABRA1 (2554)	GABRA1	0
NLRP2 (55655)	NLRP2	0.176322772640463
SLC45A4 (57210)	SLC45A4	4.62351574149055
RNF10 (9921)	RNF10	6.44277765930152
ZNF839 (55778)	ZNF839	1.88362081628567
ZDHHC6 (64429)	ZDHHC6	5.23610988988963
GRAMD1B (57476)	GRAMD1B	5.19455988602261
RNH1 (6050)	RNH1	6.93628458266144
NDUFS1 (4719)	NDUFS1	6.21645486514476
RB1CC1 (9821)	RB1CC1	3.51096191927738
ERP44 (23071)	ERP44	3.73660487531425
ALAS1 (211)	ALAS1	4.66163560233596
BIRC3 (330)	BIRC3	1.15055967657538
AKAP11 (11215)	AKAP11	3.36597242759338
GLRX2 (51022)	GLRX2	4.33985000288462
SNAPC1 (6617)	SNAPC1	1.55090066464752
DERA (51071)	DERA	5.09634619899318
STRAP (11171)	STRAP	7.03386345186628
ABCC2 (1244)	ABCC2	0.263034405833794
DEF6 (50619)	DEF6	1.02147972741045
PLEKHO1 (51177)	PLEKHO1	0.575312330687437
GCLM (2730)	GCLM	3.30742852519225
UBR2 (23304)	UBR2	2.86195536414487
EHD2 (30846)	EHD2	3.94673086014031
DEPDC1 (55635)	DEPDC1	3.52732060787705
CCDC28A (25901)	CCDC28A	4.49249415167943
RRAGD (58528)	RRAGD	0
HSF2 (3298)	HSF2	3.03738222200308
PHF20 (51230)	PHF20	4.84699468696557
HSD17B6 (8630)	HSD17B6	0.111031312388744
NR1H3 (10062)	NR1H3	6.08873524619028
TYMP (1890)	TYMP	0.823749360308273
NCAPH2 (29781)	NCAPH2	4.84096670448742
TOMM34 (10953)	TOMM34	5.88923015239289
SEC63 (11231)	SEC63	4.44824022521607
KPNA6 (23633)	KPNA6	3.93828579188405
VIM (7431)	VIM	1.65992455840238
FAS (355)	FAS	1.50589092972996
RNASET2 (8635)	RNASET2	6.91229058335111
CD44 (960)	CD44	8.10512279826352
KCNG1 (3755)	KCNG1	0
AGPAT4 (56895)	AGPAT4	0.411426245726465
SLAMF7 (57823)	SLAMF7	0.0285691521967709
BTN3A1 (11119)	BTN3A1	2.38128337250378
MIPEP (4285)	MIPEP	4.80683958179819
PRKCH (5583)	PRKCH	2.93357263826102
INSRR (3645)	INSRR	0.0285691521967709
IFNGR1 (3459)	IFNGR1	5.36492255850577
B4GALT7 (11285)	B4GALT7	3.83794324189103
SH2D2A (9047)	SH2D2A	2.41683974191283
VRK2 (7444)	VRK2	3.95046841415012
TNFRSF1B (7133)	TNFRSF1B	0.0976107966264223
VEZT (55591)	VEZT	4.5981269599196
POU2F2 (5452)	POU2F2	2.01792190799726
BRD9 (65980)	BRD9	5.915759896038
SNX1 (6642)	SNX1	5.98344969074012
TBPL1 (9519)	TBPL1	4.6507645591169
ARNTL2 (56938)	ARNTL2	3.97727992349992
BCLAF1 (9774)	BCLAF1	5.62556273996637
SLC39A9 (55334)	SLC39A9	4.65306001710456
ANK1 (286)	ANK1	0.37851162325373
IBSP (3381)	IBSP	0
TFB1M (51106)	TFB1M	4.05224198118114
RABEP1 (9135)	RABEP1	3.78345665436024
HMGB3 (3149)	HMGB3	7.11301282177437
NUP160 (23279)	NUP160	5.16148463864166
BAK1 (578)	BAK1	4.55458885167764
MUSK (4593)	MUSK	0
IKZF2 (22807)	IKZF2	1.36176835941915
GRN (2896)	GRN	7.74139956916985
FAM13B (51306)	FAM13B	3.3533232911629
ARHGAP31 (57514)	ARHGAP31	0.0565835283663675
CENPQ (55166)	CENPQ	3.25247621413522
SARS (6301)	SARS	7.16691625156997
RANBP3 (8498)	RANBP3	5.15987133677839
ARID4A (5926)	ARID4A	2.65535182861255
EIPR1 (7260)	EIPR1	5.36106648879432
PNPLA6 (10908)	PNPLA6	3.83693401132109
IFT88 (8100)	IFT88	3.66334461936608
ALG1 (56052)	ALG1	4.84247606299394
ZCCHC8 (55596)	ZCCHC8	4.39985467357243
ABCF2 (10061)	ABCF2	5.61235249875266
CHPF2 (54480)	CHPF2	4.47767732756531
LRRC7 (57554)	LRRC7	0.176322772640463
FUT8 (2530)	FUT8	1.6507645591169
UBA6 (55236)	UBA6	4.5453506448223
GAB2 (9846)	GAB2	1.73552217729654
ATP6V0A1 (535)	ATP6V0A1	4.45811948117451
PIAS1 (8554)	PIAS1	4.32192809488736
SLC4A7 (9497)	SLC4A7	2.98550043030489
APBA2 (321)	APBA2	0.0426443374084937
MAP2K3 (5606)	MAP2K3	5.50652577904312
EFCAB1 (79645)	EFCAB1	0
TMSB10 (9168)	TMSB10	12.379215892265
ASTE1 (28990)	ASTE1	1.95233356636969
RNF19A (25897)	RNF19A	3.34198574722862
PEX3 (8504)	PEX3	3.32912359629157
GABARAPL2 (11345)	GABARAPL2	6.82578562746479
MYOC (4653)	MYOC	0
SH3YL1 (26751)	SH3YL1	5.61647532878288
FAM136A (84908)	FAM136A	6.45088131527337
VCL (7414)	VCL	4.20633064787105
DEPDC1B (55789)	DEPDC1B	3.98185265328974
DAPK2 (23604)	DAPK2	0.475084882948783
NSMAF (8439)	NSMAF	3.61353165291793
ADSS (159)	ADSS	5.23342794374847
STAP1 (26228)	STAP1	0.0426443374084937
TIMP2 (7077)	TIMP2	3.09592441999854
RFC1 (5981)	RFC1	5.10810622368613
TBC1D23 (55773)	TBC1D23	3.5837597536395
CUL3 (8452)	CUL3	5.51349074558812
MYOM2 (9172)	MYOM2	0
OTC (5009)	OTC	0.0976107966264223
CYP46A1 (10858)	CYP46A1	0
ZZZ3 (26009)	ZZZ3	4.38818953715608
SLC18A1 (6570)	SLC18A1	0
USP2 (9099)	USP2	0.53605290024021
CASR (846)	CASR	0.0143552929770701
TUBG2 (27175)	TUBG2	2.92409988564074
RPL26L1 (51121)	RPL26L1	5.7062542535732
FLT4 (2324)	FLT4	0.0143552929770701
NSUN2 (54888)	NSUN2	6.39557697654977
FBXO42 (54455)	FBXO42	2.94485844580754
MFAP3 (4238)	MFAP3	3.71259578044703
MRI1 (84245)	MRI1	2.68257329734758
METTL1 (4234)	METTL1	4.97361127551947
HOXC8 (3224)	HOXC8	1.11103131238874
AGA (175)	AGA	4.09508049190141
PI4K2B (55300)	PI4K2B	3.53106949272595
BOD1L1 (259282)	BOD1L1	4.19692173382033
MAT2B (27430)	MAT2B	5.62585493136806
TLL1 (7092)	TLL1	0
EDC4 (23644)	EDC4	5.40429006444484
TRIO (7204)	TRIO	5.29572302453997
VCAN (1462)	VCAN	0.55581615506164
CLEC16A (23274)	CLEC16A	3.11103131238874
MSR1 (4481)	MSR1	0
CDH1 (999)	CDH1	6.79558514511806
MTREX (23517)	MTREX	5.53294028837287
DNAH5 (1767)	DNAH5	0.956056652412403
ZFYVE16 (9765)	ZFYVE16	3.28835856219366
RIPOR1 (79567)	RIPOR1	4.13504228623365
C6 (729)	C6	0.176322772640463
RAI14 (26064)	RAI14	4.18824265626441
SOX30 (11063)	SOX30	0.321928094887362
PNKP (11284)	PNKP	6.28484722941863
BEST2 (54831)	BEST2	0
PHLPP2 (23035)	PHLPP2	2.77399632511117
SPDL1 (54908)	SPDL1	4.77873424411784
STAU2 (27067)	STAU2	4.39780296186249
PQLC2 (54896)	PQLC2	3.12763327972587
CTNS (1497)	CTNS	2.48800077083407
RTN4R (65078)	RTN4R	3.46466826700344
PHF23 (79142)	PHF23	4.79701297783614
CDH10 (1008)	CDH10	0.0285691521967709
INPP4A (3631)	INPP4A	2.36457243229586
RAB27B (5874)	RAB27B	1.88362081628567
PSMA4 (5685)	PSMA4	9.17761886032181
MYO16 (23026)	MYO16	0
LSG1 (55341)	LSG1	4.94626298433245
PARP3 (10039)	PARP3	2.90303827011291
TNC (3371)	TNC	0.37851162325373
THAP3 (90326)	THAP3	3.54349588342577
RIPOR3 (140876)	RIPOR3	0.356143810225275
TDP1 (55775)	TDP1	3.31614574229336
AIFM2 (84883)	AIFM2	4.26978123827438
C2orf83 (56918)	C2orf83	0
SPATA7 (55812)	SPATA7	1.09085343045111
MED17 (9440)	MED17	4.48607074373567
RETSAT (54884)	RETSAT	4.50462039240355
CAPG (822)	CAPG	7.53783961591647
AP2S1 (1175)	AP2S1	7.74993644999986
USH2A (7399)	USH2A	0.0285691521967709
ZPBP (11055)	ZPBP	0
TG (7038)	TG	0.0285691521967709
ADAM28 (10863)	ADAM28	1.42223300068305
BARX2 (8538)	BARX2	3.4032677223393
DCUN1D1 (54165)	DCUN1D1	3.90977310414164
JADE2 (23338)	JADE2	3.96901230751632
ZIC2 (7546)	ZIC2	0.27500704749987
LCP2 (3937)	LCP2	0.0840642647884745
TRIT1 (54802)	TRIT1	4.43562859405209
ADRB1 (153)	ADRB1	0.526068811667588
GUCA2B (2981)	GUCA2B	1.41142624572647
CUL7 (9820)	CUL7	3.37989816352469
CTNNA1 (1495)	CTNNA1	7.57871233104817
PHKA2 (5256)	PHKA2	4.11186596386756
CNTLN (54875)	CNTLN	0.27500704749987
EPHA3 (2042)	EPHA3	0
HSPA5 (3309)	HSPA5	7.36465997181476
DSG2 (1829)	DSG2	4.86145916636151
GEMIN8 (54960)	GEMIN8	4.19927972133662
OFD1 (8481)	OFD1	4.11935617703968
GPM6B (2824)	GPM6B	0.333423733725192
MAGEC2 (51438)	MAGEC2	0.0143552929770701
PREX2 (80243)	PREX2	0
WDR37 (22884)	WDR37	2.69821847822441
YTHDC2 (64848)	YTHDC2	3.24336442569366
CTPS2 (56474)	CTPS2	3.26453643099903
ATP6V1H (51606)	ATP6V1H	4.61706334388818
POLR2B (5431)	POLR2B	5.8636907136601
FAM214A (56204)	FAM214A	3.37155886261196
ARAP2 (116984)	ARAP2	2.22958792274065
TPR (7175)	TPR	4.87135084063403
CP (1356)	CP	0.765534746362977
KIAA0556 (23247)	KIAA0556	3.55581615506164
DTNBP1 (84062)	DTNBP1	3.46858331700683
XK (7504)	XK	1.75702324650746
ANO2 (57101)	ANO2	0
C12orf4 (57102)	C12orf4	3.13914201914569
SCML1 (6322)	SCML1	3.73335434061383
WWC3 (55841)	WWC3	0.978195629681652
ARHGAP6 (395)	ARHGAP6	0.176322772640463
FAM184B (27146)	FAM184B	0.0143552929770701
MAP4 (4134)	MAP4	5.74846123300404
GOPC (57120)	GOPC	3.65306001710456
ROS1 (6098)	ROS1	0.0143552929770701
USP28 (57646)	USP28	4.43229133824778
HDAC9 (9734)	HDAC9	0.176322772640463
TSPAN17 (26262)	TSPAN17	4.41210404467757
NOP16 (51491)	NOP16	6.09761079662642
CC2D2A (57545)	CC2D2A	1.48542682717024
RRM2B (50484)	RRM2B	2.62993940943954
ZNF800 (168850)	ZNF800	3.01792190799726
TNFRSF17 (608)	TNFRSF17	0
SNX29 (92017)	SNX29	1.52606881166759
LMO3 (55885)	LMO3	0.214124805352847
MRPS10 (55173)	MRPS10	5.07124781946144
GUCA1A (2978)	GUCA1A	0
RSF1 (51773)	RSF1	4.35120427725799
VPS13D (55187)	VPS13D	3.14404636961671
CELF2 (10659)	CELF2	0.111031312388744
FAM120A (23196)	FAM120A	6.30286736097287
R3HDM1 (23518)	R3HDM1	4.69376571221778
COL9A2 (1298)	COL9A2	0.0840642647884745
KITLG (4254)	KITLG	4.24107745817504
ERCC8 (1161)	ERCC8	3.33342373372519
ADAMTS6 (11174)	ADAMTS6	3.66902676550963
H6PD (9563)	H6PD	2.62993940943954
VAMP3 (9341)	VAMP3	5.85996954822103
PER3 (8863)	PER3	2.07724299893246
UTS2 (10911)	UTS2	0
TNFRSF9 (3604)	TNFRSF9	0.16349873228288
EPN3 (55040)	EPN3	4.01881218574282
LTBP1 (4052)	LTBP1	0.970853654340484
RCN1 (5954)	RCN1	5.4905701304462
ELN (2006)	ELN	0.55581615506164
RFC2 (5982)	RFC2	5.7062542535732
ARID1B (57492)	ARID1B	4.33342373372519
CLPTM1L (81037)	CLPTM1L	7.22631584933549
NEDD4L (23327)	NEDD4L	5.06263982828646
FOXP3 (50943)	FOXP3	0.464668267003444
PPP1R3F (89801)	PPP1R3F	0.925999418556223
HEXB (3074)	HEXB	6.24583788960736
PTCD2 (79810)	PTCD2	2.38681094647222
NEXMIF (340533)	NEXMIF	0
JKAMP (51528)	JKAMP	4.32984117653063
DKK3 (27122)	DKK3	0.238786859587116
ARHGEF5 (7984)	ARHGEF5	4.49249415167943
NFE2L3 (9603)	NFE2L3	4.86839045305445
MCUR1 (63933)	MCUR1	3.56803210477128
LIMA1 (51474)	LIMA1	6.49841044886098
LETMD1 (25875)	LETMD1	5.8972404255748
SLC4A8 (9498)	SLC4A8	0.0285691521967709
LAMC3 (10319)	LAMC3	0
PTGER3 (5733)	PTGER3	0
TNIP3 (79931)	TNIP3	0
MAPK9 (5601)	MAPK9	4.33485426933163
COL23A1 (91522)	COL23A1	0
BCAR1 (9564)	BCAR1	5.7679195858018
FAM160A2 (84067)	FAM160A2	5.37989816352469
HERPUD1 (9709)	HERPUD1	5.61588707391606
HOMER3 (9454)	HOMER3	1.71808758396052
RAD51 (5888)	RAD51	4.4276061727819
POLQ (10721)	POLQ	3.22958792274065
PIK3CB (5291)	PIK3CB	4.47638168756724
CYBA (1535)	CYBA	8.63110428236588
THOC3 (84321)	THOC3	6.01346225980656
HEBP2 (23593)	HEBP2	5.21567859660793
MPHOSPH9 (10198)	MPHOSPH9	4.16108148227718
PLEKHA5 (54477)	PLEKHA5	4.04701481951759
PRSS8 (5652)	PRSS8	5.74819284958946
SIKE1 (80143)	SIKE1	4.98230913012977
RRP12 (23223)	RRP12	4.68088692071969
FNIP2 (57600)	FNIP2	3.02147972741045
MSMO1 (6307)	MSMO1	4.78502736223547
TTC17 (55761)	TTC17	5.52324829260521
ALX4 (60529)	ALX4	0
FSTL4 (23105)	FSTL4	0.137503523749935
FOXN3 (1112)	FOXN3	2
METTL24 (728464)	METTL24	0
AKR7A2 (8574)	AKR7A2	5.89384755813292
MRTO4 (51154)	MRTO4	5.88239850405388
NNAT (4826)	NNAT	1.90303827011291
USE1 (55850)	USE1	4.69821847822441
MCF2L2 (23101)	MCF2L2	0.070389327891398
NRIP2 (83714)	NRIP2	1.49569516262407
LAMA3 (3909)	LAMA3	2.64154602908752
AP5M1 (55745)	AP5M1	3.64616265715789
ANAPC4 (29945)	ANAPC4	4.00809242094872
KCNQ1 (3784)	KCNQ1	3.62058641045188
TRAPPC3 (27095)	TRAPPC3	5.97475873047608
THRAP3 (9967)	THRAP3	6.02702131462225
PHPT1 (29085)	PHPT1	6.78109738148632
ENTPD2 (954)	ENTPD2	2.77610398807316
LY75 (4065)	LY75	4.28909670241999
ARID4B (51742)	ARID4B	3.73768676140986
OPN3 (23596)	OPN3	2.61353165291793
SDCCAG8 (10806)	SDCCAG8	2.91647664443772
PTPRN (5798)	PTPRN	0.0143552929770701
HHAT (55733)	HHAT	0.475084882948783
KIF1B (23095)	KIF1B	3.47508488294878
FOXC1 (2296)	FOXC1	1.67807190511264
TBC1D22A (25771)	TBC1D22A	3.48284828306847
SYNE2 (23224)	SYNE2	4.7457751494858
PLEKHH1 (57475)	PLEKHH1	3.33913738491959
ATP9A (10079)	ATP9A	5.32337006906127
SPO11 (23626)	SPO11	0
CBLN4 (140689)	CBLN4	0
CHRDL2 (25884)	CHRDL2	0
FAM168A (23201)	FAM168A	3.05311133645956
RELT (84957)	RELT	2.7158933705476
GALC (2581)	GALC	0.0143552929770701
NOP58 (51602)	NOP58	6.67496903062497
SZRD1 (26099)	SZRD1	6.29975751183932
KCNH2 (3757)	KCNH2	1.35049724708413
CUL1 (8454)	CUL1	5.6085135781513
FAM114A2 (10827)	FAM114A2	2.99457972421575
CYFIP2 (26999)	CYFIP2	2.87578006306849
TAB2 (23118)	TAB2	4.49121175600309
GINM1 (116254)	GINM1	3.87578006306849
EIF2AK2 (5610)	EIF2AK2	3.71149490665009
USP36 (57602)	USP36	4.96947286459633
KMT2C (58508)	KMT2C	3.93828579188405
MCOLN3 (55283)	MCOLN3	0.0565835283663675
CCDC85A (114800)	CCDC85A	0.0285691521967709
PUM2 (23369)	PUM2	5.12845838414693
MRPL43 (84545)	MRPL43	6.35684807923652
ITIH4 (3700)	ITIH4	0.20163386116965
ITIH1 (3697)	ITIH1	0
HPF1 (54969)	HPF1	3.16027483140859
ZFR (51663)	ZFR	5.33913738491959
ZNF280C (55609)	ZNF280C	1.54596836910529
NPFFR2 (10886)	NPFFR2	0
PHF21B (112885)	PHF21B	0.0285691521967709
TRAF1 (7185)	TRAF1	0.55581615506164
RC3H2 (54542)	RC3H2	3.81352468929781
IL17RB (55540)	IL17RB	3.60407132366886
TRAF3IP2 (10758)	TRAF3IP2	3.1586601753465
GYG2 (8908)	GYG2	0.464668267003444
DCBLD2 (131566)	DCBLD2	5.13216552547809
SERPINB3 (6317)	SERPINB3	0.0565835283663675
SOAT1 (6646)	SOAT1	0.903038270112912
PKP2 (5318)	PKP2	4.20633064787105
MSH4 (4438)	MSH4	0
F7 (2155)	F7	0.0840642647884745
GDI2 (2665)	GDI2	7.49393548558052
PRDM1 (639)	PRDM1	0.16349873228288
ATG5 (9474)	ATG5	4.16269343221124
TMCC3 (57458)	TMCC3	1.83187724119167
PITHD1 (57095)	PITHD1	5.90905301675914
MTA3 (57504)	MTA3	4.73876783680019
USP13 (8975)	USP13	1.82781902461732
ATP11B (23200)	ATP11B	3.86987140617771
LAMC2 (3918)	LAMC2	2.43295940727611
CDK14 (5218)	CDK14	0.124328135002202
SEC61A1 (29927)	SEC61A1	7.1378108834161
PPP1R12A (4659)	PPP1R12A	4.48155728070859
RASGRF1 (5923)	RASGRF1	0.6959938131099
CAMK2B (816)	CAMK2B	0.495695162624069
CROCC (9696)	CROCC	3.31614574229336
POLR3E (55718)	POLR3E	5.44757919654888
ATP2B4 (493)	ATP2B4	3.0232553523003
ZC3H11A (9877)	ZC3H11A	5.79779120047889
RIOK2 (55781)	RIOK2	3.11103131238874
YIPF1 (54432)	YIPF1	3.35049724708413
NDC1 (55706)	NDC1	4.71644223684332
DGKG (1608)	DGKG	0.250961573533219
FLYWCH1 (84256)	FLYWCH1	3.16027483140859
UNKL (64718)	UNKL	3.74308405554959
TBXAS1 (6916)	TBXAS1	4.20241772157518
PARP12 (64761)	PARP12	3.60762622084549
ALDH18A1 (5832)	ALDH18A1	6.56848819678442
TARBP1 (6894)	TARBP1	4.96486066424585
GATB (5188)	GATB	3.67807190511264
MXD1 (4084)	MXD1	3.26002565596146
CDK17 (5128)	CDK17	2.48026512205446
DNAJC25 (548645)	DNAJC25	2.40053792958373
SLC2A3 (6515)	SLC2A3	0.150559676575381
PSD (5662)	PSD	1.15055967657538
CTDP1 (9150)	CTDP1	3.41278152533848
YBX3 (8531)	YBX3	7.50390522313617
STYK1 (55359)	STYK1	3.4594316186373
WNK1 (65125)	WNK1	5.32445060465607
CCAR1 (55749)	CCAR1	5.7311832415722
OGFR (11054)	OGFR	5.27686882997646
GNA15 (2769)	GNA15	2.56071495447448
CREB3L3 (84699)	CREB3L3	0.0285691521967709
PIGV (55650)	PIGV	3.9174317553901
PTPRU (10076)	PTPRU	0.0976107966264223
SNRNP40 (9410)	SNRNP40	6.12701414158281
RIMBP2 (23504)	RIMBP2	1.23266075679027
COL11A1 (1301)	COL11A1	0.0426443374084937
QSER1 (79832)	QSER1	3.80632405739003
MPC1 (51660)	MPC1	5.05093696522523
ACAA1 (30)	ACAA1	6.13051908302734
BCAT1 (586)	BCAT1	0.111031312388744
HDAC7 (51564)	HDAC7	5.34978987024187
LZTS1 (11178)	LZTS1	0.0285691521967709
PRDM6 (93166)	PRDM6	0.0143552929770701
WNT8A (7478)	WNT8A	0
SPAG4 (6676)	SPAG4	4.24868662687383
NCKAP1 (10787)	NCKAP1	5.74765593293239
MRPS35 (60488)	MRPS35	6.70583970588368
GUCY1B1 (2983)	GUCY1B1	0.0143552929770701
SFSWAP (6433)	SFSWAP	4.65764000520782
TNK2 (10188)	TNK2	6.28188367456292
MON2 (23041)	MON2	2.98732086592925
CDH3 (1001)	CDH3	1.99276843076892
ARSF (416)	ARSF	0
GPBP1 (65056)	GPBP1	5.34056226902641
DGAT2 (84649)	DGAT2	3.7771566660045
ZNF112 (7771)	ZNF112	1.17632277264046
CS (1431)	CS	7.18675804558811
LTK (4058)	LTK	0.20163386116965
MRPS24 (64951)	MRPS24	7.31650781910311
ELMO2 (63916)	ELMO2	4.63052196347164
WAPL (23063)	WAPL	4.55949181320504
VMP1 (81671)	VMP1	7.13647851834917
APPBP2 (10513)	APPBP2	3.02680005934372
POLD1 (5424)	POLD1	5.71039319217052
SEZ6 (124925)	SEZ6	0.070389327891398
EIF4B (1975)	EIF4B	8.31894946359502
SLC6A16 (28968)	SLC6A16	0.495695162624069
BICRA (29998)	BICRA	2.9297909977186
SPHK2 (56848)	SPHK2	5.9217219470096
RPL18 (6141)	RPL18	11.6798759066493
CA11 (770)	CA11	2.25096157353322
ISOC2 (79763)	ISOC2	6.47443604325227
U2AF2 (11338)	U2AF2	8.76841593153574
EPN1 (29924)	EPN1	6.97682185236069
MED29 (55588)	MED29	4.89627184880738
AHRR (57491)	AHRR	1.50589092972996
GSC2 (2928)	GSC2	0
ZNF275 (10838)	ZNF275	2.03913839390696
MTMR1 (8776)	MTMR1	4.4369613378336
GPC1 (2817)	GPC1	2.76341157447001
ADCK1 (57143)	ADCK1	1.97085365434048
HAGH (3029)	HAGH	4.8801957289431
RNF4 (6047)	RNF4	5.18348651445939
CASP8 (841)	CASP8	4.88801258540283
LIMCH1 (22998)	LIMCH1	3.4262647547021
INTS13 (55726)	INTS13	5.15340002773506
TM7SF3 (51768)	TM7SF3	6.35614381022528
DLX3 (1747)	DLX3	0.137503523749935
SPA17 (53340)	SPA17	4.29057185085208
TSPAN32 (10077)	TSPAN32	0.659924558402378
WISP2 (8839)	WISP2	0
DMRT3 (58524)	DMRT3	0
ST3GAL6 (10402)	ST3GAL6	1.07724299893246
ATP2C2 (9914)	ATP2C2	5.48220292629596
NGFR (4804)	NGFR	0.0285691521967709
CDON (50937)	CDON	1.96716860753263
TAF2 (6873)	TAF2	5.30305008468167
HIPK2 (28996)	HIPK2	2.48800077083407
TNPO3 (23534)	TNPO3	5.6055535954944
RFXANK (8625)	RFXANK	5.70321146739115
TMEM161A (54929)	TMEM161A	4.52606881166759
LPAR2 (9170)	LPAR2	3.62527048937469
CTSA (5476)	CTSA	6.76686014382955
SUGP2 (10147)	SUGP2	4.49185309632967
SLC12A2 (6558)	SLC12A2	7.02934244868806
SNX24 (28966)	SNX24	1.28688114778816
EYA2 (2139)	EYA2	0.0143552929770701
CNN2 (1265)	CNN2	7.16057737834079
ABCA7 (10347)	ABCA7	4.48928602262588
SNCAIP (9627)	SNCAIP	0.137503523749935
DDX20 (11218)	DDX20	2.87970576628229
BTBD1 (53339)	BTBD1	5.56254772419912
FAR2 (55711)	FAR2	4.0574502721839
BCAS1 (8537)	BCAS1	5.18269229751619
POU1F1 (5449)	POU1F1	0
CHI3L2 (1117)	CHI3L2	0.189033824390017
SBNO2 (22904)	SBNO2	3.74738739965272
PMS1 (5378)	PMS1	3.83794324189103
HMG20B (10362)	HMG20B	6.03848007993665
CALCRL (10203)	CALCRL	0
TAF11 (6882)	TAF11	4.71699089440494
ANKS1A (23294)	ANKS1A	3.78972925137577
AP3D1 (8943)	AP3D1	5.79337571126475
ZNF76 (7629)	ZNF76	4.25398926623079
SLC9A3R2 (9351)	SLC9A3R2	6.96797551620983
NTHL1 (4913)	NTHL1	5.67609812091222
UHRF1BP1 (54887)	UHRF1BP1	2.92219784839637
GNAI3 (2773)	GNAI3	2.50842865253186
IPO5 (3843)	IPO5	6.81877388501431
OAT (4942)	OAT	4.59275601044103
WDR3 (10885)	WDR3	4.74792441623844
PKN2 (5586)	PKN2	4.37155886261196
WDR18 (57418)	WDR18	5.29682445864937
TRAM2 (9697)	TRAM2	1.96716860753263
NTN1 (9423)	NTN1	0.0565835283663675
GLP2R (9340)	GLP2R	0
MCM10 (55388)	MCM10	3.38266725274504
DGKA (1606)	DGKA	2.71149490665009
ERBB3 (2065)	ERBB3	6.43779367792528
ROPN1 (54763)	ROPN1	0.0285691521967709
ANKRD44 (91526)	ANKRD44	1.0496307677246
KARS (3735)	KARS	7.06447332875342
ADAT1 (23536)	ADAT1	4.33342373372519
PDIA5 (10954)	PDIA5	4.55090066464752
TBC1D22B (55633)	TBC1D22B	2.99457972421575
NDUFB4 (4710)	NDUFB4	8.17692111164436
SPEN (23013)	SPEN	4.83693401132109
MYLK (4638)	MYLK	2.47248777146274
ZC3H15 (55854)	ZC3H15	6.36159292377221
MAP2K4 (6416)	MAP2K4	2.5385381636298
TMEM206 (55248)	TMEM206	2.62760683812965
SNAP91 (9892)	SNAP91	0
SLK (9748)	SLK	4.03562390973072
CYB5R4 (51167)	CYB5R4	3.08746284125034
COL17A1 (1308)	COL17A1	4.47832471148503
GSTO2 (119391)	GSTO2	4.77610398807316
SEC61A2 (55176)	SEC61A2	2.20163386116965
PRKCQ (5588)	PRKCQ	0.0840642647884745
TLE2 (7089)	TLE2	0.263034405833794
ASB1 (51665)	ASB1	3.41683974191283
FAM107B (83641)	FAM107B	5.23687524536694
ME1 (4199)	ME1	4.14893410452634
TBC1D1 (23216)	TBC1D1	5.32228872357088
CDK13 (8621)	CDK13	4.63459326844576
MTHFD2 (10797)	MTHFD2	6.95081831391518
SLC9A7 (84679)	SLC9A7	2.57773093149008
FOXJ2 (55810)	FOXJ2	2.25096157353322
YBX1 (4904)	YBX1	9.90660503395537
PDE4A (5141)	PDE4A	0.584962500721156
PPP2R5A (5525)	PPP2R5A	4.28243980500639
CTNNA2 (1496)	CTNNA2	0.0426443374084937
ELAVL1 (1994)	ELAVL1	5.28872767951457
TIE1 (7075)	TIE1	0.0143552929770701
DIP2B (57609)	DIP2B	3.4369613378336
SMARCD1 (6602)	SMARCD1	5.57712666130705
KDM4A (9682)	KDM4A	4.4867143730307
NFYC (4802)	NFYC	5.00045077177086
ZMYND12 (84217)	ZMYND12	0.31034012061215
SLC9A3 (6550)	SLC9A3	2.38681094647222
NGEF (25791)	NGEF	3.84197311892718
ASPM (259266)	ASPM	4.10097764772482
CD84 (8832)	CD84	0
ELOVL1 (64834)	ELOVL1	6.95512678126137
SPI1 (6688)	SPI1	0.124328135002202
ZNRD1 (30834)	ZNRD1	5.07296327155522
MPPED2 (744)	MPPED2	0.0565835283663675
CLDN18 (51208)	CLDN18	0.070389327891398
ZBTB11 (27107)	ZBTB11	3.57046293102604
ATXN3 (4287)	ATXN3	3.23572705983806
GOLGA5 (9950)	GOLGA5	3.77188557851537
FGFR2 (2263)	FGFR2	4.31034012061215
LRRC40 (55631)	LRRC40	3.63110428236588
ISOC1 (51015)	ISOC1	4.60703434594862
EML1 (2009)	EML1	0.0976107966264223
TRMT11 (60487)	TRMT11	4.29057185085208
THUMPD1 (55623)	THUMPD1	4.54349588342577
MSANTD3 (91283)	MSANTD3	3.91456452349394
KIF26A (26153)	KIF26A	0.0143552929770701
ATG2B (55102)	ATG2B	2.33913738491959
ARFGEF1 (10565)	ARFGEF1	5.05528243550119
ACSM2B (348158)	ACSM2B	0
ZFAT (57623)	ZFAT	3.18428029441938
MTFR1 (9650)	MTFR1	4.76924279514054
STAG3 (10734)	STAG3	1.61353165291793
FECH (2235)	FECH	3.25096157353322
MYO9A (4649)	MYO9A	2.26603689399532
DDX3Y (8653)	DDX3Y	0.0285691521967709
PFKP (5214)	PFKP	6.3876727200125
IDI1 (3422)	IDI1	6.16128307454201
SP100 (6672)	SP100	4.67581593117227
KLF6 (1316)	KLF6	5.24906603385587
PLPP1 (8611)	PLPP1	3.93828579188405
NEO1 (4756)	NEO1	3.03210084316702
TRAM1 (23471)	TRAM1	6.00202736474428
PHKA1 (5255)	PHKA1	1.96716860753263
TNFRSF1A (7132)	TNFRSF1A	5.4093909361377
CACNB1 (782)	CACNB1	2.26002565596146
EVI5 (7813)	EVI5	2.28392177230762
STOML1 (9399)	STOML1	3.08746284125034
PKM (5315)	PKM	10.3882325968956
DHX29 (54505)	DHX29	3.25096157353322
DNTTIP2 (30836)	DNTTIP2	4.95419631038687
METTL22 (79091)	METTL22	4.04176864995163
TP53BP1 (7158)	TP53BP1	4.83794324189103
TRO (7216)	TRO	0.111031312388744
RRP15 (51018)	RRP15	3.72900887033786
RHOA (387)	RHOA	8.05891172262887
DHX8 (1659)	DHX8	4.32696871158789
PRKCZ (5590)	PRKCZ	4.77294133783134
ZFY (7544)	ZFY	0
IARS2 (55699)	IARS2	5.79025073883523
SYT1 (6857)	SYT1	0.0426443374084937
NAV3 (89795)	NAV3	0.400537929583729
IDH3G (3421)	IDH3G	6.38905048785353
ROGDI (79641)	ROGDI	5.09212284983868
PDZD4 (57595)	PDZD4	0.0565835283663675
ATP2B3 (492)	ATP2B3	0
ROCK1 (6093)	ROCK1	3.52230689287139
CBFB (865)	CBFB	5.26040209302579
PDK3 (5165)	PDK3	1.15704371014558
HYAL2 (8692)	HYAL2	4.43895814789755
HDAC4 (9759)	HDAC4	2.95791459863299
RASSF1 (11186)	RASSF1	4.08151006812092
FGFR3 (2261)	FGFR3	4.53480866123175
IFI35 (3430)	IFI35	3.41142624572647
HEATR6 (63897)	HEATR6	2.60880924267552
COASY (80347)	COASY	6.31215688831337
PLEKHH3 (79990)	PLEKHH3	3.98093926608551
MEF2A (4205)	MEF2A	3.74308405554959
OTUD5 (55593)	OTUD5	5.03298241669943
TFE3 (7030)	TFE3	4.57106999816771
TBC1D25 (4943)	TBC1D25	2.85798099512757
ACSL4 (2182)	ACSL4	4.61353165291793
INPP5A (3632)	INPP5A	3.04264433740849
GPKOW (27238)	GPKOW	4.50842865253186
GRIPAP1 (56850)	GRIPAP1	4.95745033634712
FTSJ1 (24140)	FTSJ1	5.46008724011683
PRR11 (55771)	PRR11	5.17871464117544
REEP1 (65055)	REEP1	0.250961573533219
ATP11A (23250)	ATP11A	4.89336221076387
POLR1A (25885)	POLR1A	3.86690797814317
LAPTM4A (9741)	LAPTM4A	6.57667329251657
TTC7A (57217)	TTC7A	3.28392177230762
IP6K2 (51447)	IP6K2	5.799087306074
SRBD1 (55133)	SRBD1	2.68929916053589
KIF2A (3796)	KIF2A	4.65363331138625
RASGRP2 (10235)	RASGRP2	0.0143552929770701
PSME4 (23198)	PSME4	4.86245139132558
IFT80 (57560)	IFT80	3.92219784839637
SIRT2 (22933)	SIRT2	5.3037807481771
ERLEC1 (27248)	ERLEC1	4.82374936030827
PPP2R5B (5526)	PPP2R5B	2
PYGM (5837)	PYGM	0.137503523749935
PAGE1 (8712)	PAGE1	0
PITX1 (5307)	PITX1	3.81659970653491
TRPC7 (57113)	TRPC7	0
MAST4 (375449)	MAST4	1.16992500144231
ADGRF5 (221395)	ADGRF5	0.0976107966264223
SDK2 (54549)	SDK2	0
ADAM7 (8756)	ADAM7	0
NUP133 (55746)	NUP133	4.00629802390037
NUCKS1 (64710)	NUCKS1	6.26472407423801
VPS35 (55737)	VPS35	5.77346892790519
DNAJA2 (10294)	DNAJA2	5.17192735435346
BCL3 (602)	BCL3	3.31469652565629
KCNAB2 (8514)	KCNAB2	2.04614178164472
ABCC9 (10060)	ABCC9	0.0143552929770701
GAL (51083)	GAL	0
CLEC2D (29121)	CLEC2D	0.356143810225275
FUNDC1 (139341)	FUNDC1	4.41953889151378
MAOB (4129)	MAOB	1.799087306074
RORA (6095)	RORA	0.400537929583729
DRD4 (1815)	DRD4	0.495695162624069
TGFBR3 (7049)	TGFBR3	1.30451104180995
PLA2G10 (8399)	PLA2G10	0.422233000683048
HES2 (54626)	HES2	0.111031312388744
ATP1B3 (483)	ATP1B3	5.59424994765735
NEDD4 (4734)	NEDD4	2.6959938131099
PIGB (9488)	PIGB	3.66220549965362
MAPK6 (5597)	MAPK6	4.74308405554959
GNB5 (10681)	GNB5	3.93073733756289
RAB27A (5873)	RAB27A	2.44625622988956
HDHD5 (27440)	HDHD5	4.90785207184596
UFD1 (7353)	UFD1	7.14363830992204
LRP6 (4040)	LRP6	3.78135971352466
GUCY2C (2984)	GUCY2C	0.0976107966264223
SCT (6343)	SCT	0
PHRF1 (57661)	PHRF1	4.75702324650746
ELP1 (8518)	ELP1	4.84899843040002
NUCB2 (4925)	NUCB2	3.71918344048179
PFN2 (5217)	PFN2	7.26096656451949
PTPN3 (5774)	PTPN3	3.24031432933371
SPTB (6710)	SPTB	0.16349873228288
DAPP1 (27071)	DAPP1	2.38956681176273
FGF10 (2255)	FGF10	0
SLC44A1 (23446)	SLC44A1	4.37295209791183
TMEM260 (54916)	TMEM260	2.25096157353322
SMG6 (23293)	SMG6	3.41278152533848
EXOC5 (10640)	EXOC5	3.26303440583379
CLTCL1 (8218)	CLTCL1	0.124328135002202
FGF22 (27006)	FGF22	0.298658315564515
FSTL3 (10272)	FSTL3	2.09423606984577
DGCR2 (9993)	DGCR2	5.2349610948395
RNF126 (55658)	RNF126	5.00898878322726
MNT (4335)	MNT	3.54225804976692
ZXDC (79364)	ZXDC	4.16510798514454
JMJD6 (23210)	JMJD6	4.33771109212829
POLB (5423)	POLB	3.37155886261196
ST6GALNAC1 (55808)	ST6GALNAC1	2.65306001710456
WIPI1 (55062)	WIPI1	3.03210084316702
FRMPD1 (22844)	FRMPD1	0
GBA2 (57704)	GBA2	5.56498780095989
NDST1 (3340)	NDST1	2.14730669878029
ASNS (440)	ASNS	6.32966181492899
AP3M2 (10947)	AP3M2	2.14404636961671
CNGB1 (1258)	CNGB1	0
ST6GALNAC2 (10610)	ST6GALNAC2	0.713695814843359
CHAT (1103)	CHAT	0
PABPC1 (26986)	PABPC1	9.93129893327936
TESK2 (10420)	TESK2	1.14404636961671
CFAP20 (29105)	CFAP20	5.40701277351601
CSNK2A2 (1459)	CSNK2A2	4.96855160336395
PTPN21 (11099)	PTPN21	1.57531233068744
EIF2B3 (8891)	EIF2B3	4.68369645430652
CAMK2A (815)	CAMK2A	0
TCOF1 (6949)	TCOF1	5.25323293853803
CDC42 (998)	CDC42	7.56201340683177
OSBPL3 (26031)	OSBPL3	2.48284828306847
EPHA8 (2046)	EPHA8	0.0285691521967709
SLC12A3 (6559)	SLC12A3	0.0143552929770701
RAD18 (56852)	RAD18	3.01613970265525
ATP2B1 (490)	ATP2B1	4.6724253419715
TRPM5 (29850)	TRPM5	0.389566811762726
NCK2 (8440)	NCK2	4.10349763970334
MAP4K4 (9448)	MAP4K4	3.4905701304462
MGAT4A (11320)	MGAT4A	0.367371065648529
RPL31 (6160)	RPL31	12.2589487389524
WDR1 (9948)	WDR1	7.16771919860107
SNX13 (23161)	SNX13	3.27202318906105
MS4A12 (54860)	MS4A12	0
ARHGAP10 (79658)	ARHGAP10	1.89917563048051
RPS6KA2 (6196)	RPS6KA2	0.321928094887362
ING3 (54556)	ING3	4.10685079645022
VASH1 (22846)	VASH1	0.0426443374084937
LMCD1 (29995)	LMCD1	3.1586601753465
BUD23 (114049)	BUD23	7.99197527423717
SEL1L (6400)	SEL1L	3.4995270242151
TRIP13 (9319)	TRIP13	5.605257262939
ATP6AP1 (537)	ATP6AP1	6.48928602262588
TCF3 (6929)	TCF3	6.34908214639109
TRIB2 (28951)	TRIB2	1.16992500144231
DAZAP1 (26528)	DAZAP1	6.42004442035417
MBD3 (53615)	MBD3	5.54318652456517
PRLH (51052)	PRLH	0
HLTF (6596)	HLTF	0.238786859587116
FAM50A (9130)	FAM50A	6.4036085835437
FAM3A (60343)	FAM3A	4.97315203787724
CPSF1 (29894)	CPSF1	5.79753183957196
MYO3B (140469)	MYO3B	0.0143552929770701
CYBRD1 (79901)	CYBRD1	0.214124805352847
CDH19 (28513)	CDH19	0
PDCD2 (5134)	PDCD2	5.69181329717138
SLC6A15 (55117)	SLC6A15	0.0143552929770701
RDH11 (51109)	RDH11	5.5197934862411
PRKACA (5566)	PRKACA	4.75221336786514
ADGRL1 (22859)	ADGRL1	0.526068811667588
SPP2 (6694)	SPP2	0
ACTN1 (87)	ACTN1	5.93121027480393
ZFYVE26 (23503)	ZFYVE26	2.26903314645524
RPS6KA6 (27330)	RPS6KA6	1.17632277264046
EPN2 (22905)	EPN2	3.43429461795993
PTPN18 (26469)	PTPN18	5.29130885982897
LIMS2 (55679)	LIMS2	6.09106507793054
ASIC4 (55515)	ASIC4	0.0976107966264223
SPEG (10290)	SPEG	1.63691458035588
LNX1 (84708)	LNX1	2.59693514238723
ALDH3A2 (224)	ALDH3A2	5.41852730210161
TFRC (7037)	TFRC	6.83111719461642
SREBF1 (6720)	SREBF1	6.40582222051167
TRPC5 (7224)	TRPC5	0
AFF4 (27125)	AFF4	3.48155728070859
UBE2D1 (7321)	UBE2D1	2.6959938131099
MPP5 (64398)	MPP5	3.10601323762212
RHOBTB1 (9886)	RHOBTB1	1.82781902461732
SMC1A (8243)	SMC1A	6.17791779219584
HSD17B10 (3028)	HSD17B10	6.93746210071644
MARK2 (2011)	MARK2	5.2475478068903
HMMR (3161)	HMMR	4.63401235640212
CHFR (55743)	CHFR	2.16349873228288
TRHDE (29953)	TRHDE	0
P4HA2 (8974)	P4HA2	4.13257684267001
FCGR2B (2213)	FCGR2B	0.0143552929770701
NFATC3 (4775)	NFATC3	3.21723071622067
TRNT1 (51095)	TRNT1	4.06263982828646
ACADVL (37)	ACADVL	7.69327785610887
STK10 (6793)	STK10	3.55704241526372
FBXW11 (23291)	FBXW11	4.50525580093216
ACAP1 (9744)	ACAP1	0.356143810225275
CRMP1 (1400)	CRMP1	0.0285691521967709
EVC (2121)	EVC	0.0426443374084937
DERL2 (51009)	DERL2	4.74416109557041
SIDT1 (54847)	SIDT1	1.91838623444635
NDE1 (54820)	NDE1	5.66192057913509
MRVI1 (10335)	MRVI1	0.189033824390017
TMEM38A (79041)	TMEM38A	3.13093086982645
AP1M1 (8907)	AP1M1	4.57349571549561
PVR (5817)	PVR	5.96208624985064
XRCC1 (7515)	XRCC1	5.31903981556254
SCARB1 (949)	SCARB1	5.67270819562222
CYP2W1 (54905)	CYP2W1	0.970853654340484
MCM2 (4171)	MCM2	6.45104622297668
MOV10L1 (54456)	MOV10L1	0.0426443374084937
PANX2 (56666)	PANX2	0.956056652412403
SELENOO (83642)	SELENOO	4.3037807481771
TP63 (8626)	TP63	0.0840642647884745
ALPK1 (80216)	ALPK1	1.97819562968165
LLGL2 (3993)	LLGL2	6.11207455130967
PDE8A (5151)	PDE8A	4.47897180503294
CLCN4 (1183)	CLCN4	0.250961573533219
NLE1 (54475)	NLE1	5.40769264866568
SDHA (6389)	SDHA	7.74913197319041
SMARCE1 (6605)	SMARCE1	6.28281043957256
FNDC8 (54752)	FNDC8	0.0840642647884745
GSDMB (55876)	GSDMB	3.49697358099828
KDM5A (5927)	KDM5A	3.38818953715608
ADAM11 (4185)	ADAM11	0.0840642647884745
PPP2R3A (5523)	PPP2R3A	0.66902676550963
FERMT2 (10979)	FERMT2	0.214124805352847
ABCB11 (8647)	ABCB11	0.0143552929770701
DHRS9 (10170)	DHRS9	1.0496307677246
CD5L (922)	CD5L	0
PTGS2 (5743)	PTGS2	1.86789646399265
IGF2BP2 (10644)	IGF2BP2	4.67525138605026
MAP3K13 (9175)	MAP3K13	4.19770815795585
ST6GAL1 (6480)	ST6GAL1	2.24184018356467
TBX21 (30009)	TBX21	0
FRY (10129)	FRY	4.02768487693716
PICALM (8301)	PICALM	6.58751501381819
NSF (4905)	NSF	4.54596836910529
GLI2 (2736)	GLI2	0.584962500721156
CLASP1 (23332)	CLASP1	3.92884403671257
MRPS34 (65993)	MRPS34	7.26256470208851
NOTCH3 (4854)	NOTCH3	0.333423733725192
CLNS1A (1207)	CLNS1A	7.58330846484768
PPP2R2C (5522)	PPP2R2C	0.0976107966264223
TEAD2 (8463)	TEAD2	4.36667191611176
EED (8726)	EED	5.01658546043445
CDHR2 (54825)	CDHR2	0.111031312388744
SNCB (6620)	SNCB	0
TSG101 (7251)	TSG101	6.05506547256509
NCBP3 (55421)	NCBP3	3.89044669267991
ATP2A3 (489)	ATP2A3	4.10181813422741
CA12 (771)	CA12	5.67891698667984
MGLL (11343)	MGLL	5.5579614268932
NTN4 (59277)	NTN4	3.62643913669732
BCS1L (617)	BCS1L	5.41447383643093
NUAK1 (9891)	NUAK1	0.863938450423971
DPP8 (54878)	DPP8	4.41345868800798
SLC24A1 (9187)	SLC24A1	3.0071955014042
ZNF532 (55205)	ZNF532	2.98913900736823
SCARF1 (8578)	SCARF1	0.641546029087524
LMAN1 (3998)	LMAN1	4.90062533253607
HACD3 (51495)	HACD3	5.96000193206808
IPCEF1 (26034)	IPCEF1	0.176322772640463
ZZEF1 (23140)	ZZEF1	3.05658352836637
NOX3 (50508)	NOX3	0
ENO1 (2023)	ENO1	10.6204947729481
SLC12A1 (6557)	SLC12A1	0
MYDGF (56005)	MYDGF	6.65635335245763
ANO8 (57719)	ANO8	1.32192809488736
TUBE1 (51175)	TUBE1	3.60169651648096
ARHGEF10L (55160)	ARHGEF10L	4.43095427138573
TXK (7294)	TXK	2.03562390973072
WSCD2 (9671)	WSCD2	0
KCNQ2 (3785)	KCNQ2	0.0143552929770701
TACR2 (6865)	TACR2	0.831877241191673
ACTR6 (64431)	ACTR6	4.54101915313356
TIPIN (54962)	TIPIN	4.12101540096137
SRI (6717)	SRI	6.75381844317354
EIF4G3 (8672)	EIF4G3	5.06781078378962
NUP37 (79023)	NUP37	5.60673831741759
SEMA3A (10371)	SEMA3A	2.35049724708413
GTSE1 (51512)	GTSE1	4.23955079661364
SEMA3C (10512)	SEMA3C	4.3037807481771
TTC38 (55020)	TTC38	4.56254772419912
ACAT1 (38)	ACAT1	4.97865326490861
GRAMD4 (23151)	GRAMD4	3.62643913669732
CELSR1 (9620)	CELSR1	2.24488705912353
WNT8B (7479)	WNT8B	0.150559676575381
ZNF638 (27332)	ZNF638	5.9986468390058
SLC25A40 (55972)	SLC25A40	4.17712050284652
TIMM21 (29090)	TIMM21	4.13422093976063
ADD2 (119)	ADD2	0.66902676550963
FGF4 (2249)	FGF4	0.124328135002202
RASAL2 (9462)	RASAL2	2.67807190511264
VPS9D1 (9605)	VPS9D1	2.25398926623079
ZNF37A (7587)	ZNF37A	2.16992500144231
MARK3 (4140)	MARK3	5.09381367340273
SLC25A3 (5250)	SLC25A3	8.52524672973023
FNDC3B (64778)	FNDC3B	3.70818723602071
FOSL2 (2355)	FOSL2	3.83289001416474
CACNG5 (27091)	CACNG5	0
CACNG4 (27092)	CACNG4	3.17951105027151
FRYL (285527)	FRYL	4.46008724011683
TMEM131 (23505)	TMEM131	3.13914201914569
FSCN1 (6624)	FSCN1	0.970853654340484
ACTB (60)	ACTB	10.8722131439758
MOCOS (55034)	MOCOS	2.08746284125034
PLD1 (5337)	PLD1	4.07980475463526
ATP12A (479)	ATP12A	0
WDR62 (284403)	WDR62	3.88947354253111
DLG1 (1739)	DLG1	5.28762004411207
RAB7A (7879)	RAB7A	7.7790626892054
BCAP29 (55973)	BCAP29	4.78607355157855
SEC31B (25956)	SEC31B	1.65992455840238
SART3 (9733)	SART3	5.27724089833207
ARHGAP15 (55843)	ARHGAP15	0.0426443374084937
TUBA3D (113457)	TUBA3D	0.400537929583729
PAX2 (5076)	PAX2	0
EXOSC7 (23016)	EXOSC7	5.86814347966673
KIFAP3 (22920)	KIFAP3	2.32768736417605
MKRN2 (23609)	MKRN2	3.56315813040281
MCM6 (4175)	MCM6	5.47378691161437
REXO2 (25996)	REXO2	7.06414993912135
RBM7 (10179)	RBM7	4.57046293102604
RBMS2 (5939)	RBMS2	3.25247621413522
BAZ2A (11176)	BAZ2A	5.48960715674871
PTPN23 (25930)	PTPN23	3.37155886261196
MLH1 (4292)	MLH1	4.04614178164472
UNG (7374)	UNG	6.1872530855823
FMO4 (2329)	FMO4	0.575312330687437
KLHL20 (27252)	KLHL20	3.22342254993494
RGS11 (8786)	RGS11	0.6959938131099
SLC46A1 (113235)	SLC46A1	2.59215800212536
PLXNA2 (5362)	PLXNA2	3.1586601753465
SPAG5 (10615)	SPAG5	5.63662462054365
ANKRD13A (88455)	ANKRD13A	3.84197311892718
TPD52 (7163)	TPD52	5.94673086014031
ACACB (32)	ACACB	1.54596836910529
TRAF4 (9618)	TRAF4	6.65892551149237
PAG1 (55824)	PAG1	1.09761079662642
GPATCH1 (55094)	GPATCH1	3.45549162062847
ICAM3 (3385)	ICAM3	2.60644222813161
NT5C2 (22978)	NT5C2	5.41953889151378
MCAM (4162)	MCAM	3.39231742277876
GPC4 (2239)	GPC4	1.53106949272595
MBNL3 (55796)	MBNL3	2.56559717585422
CAMSAP3 (57662)	CAMSAP3	4.00450139223494
RAP1GAP (5909)	RAP1GAP	5.11144869848767
XAB2 (56949)	XAB2	4.22187708107703
ARHGEF1 (9138)	ARHGEF1	6.86616616903904
STXBP2 (6813)	STXBP2	6.02989454966334
MAP2K7 (5609)	MAP2K7	4.39848719001897
NMRK2 (27231)	NMRK2	0
DGKD (8527)	DGKD	4.29939120612683
CTTNBP2 (83992)	CTTNBP2	0.84799690655495
ACTL6B (51412)	ACTL6B	0
RARB (5915)	RARB	0.0426443374084937
TOP2B (7155)	TOP2B	4.88313201565728
TM9SF3 (56889)	TM9SF3	6.13586316536868
NFKB2 (4791)	NFKB2	3.20006486151431
UBE2T (29089)	UBE2T	6.141187525005
PPP1R12B (4660)	PPP1R12B	2.08065766334523
DNAJC10 (54431)	DNAJC10	5.17672169288105
GTF3C1 (2975)	GTF3C1	5.13422093976063
IL4R (3566)	IL4R	4.87528859822269
USP33 (23032)	USP33	4.2667865406949
PAK3 (5063)	PAK3	0.0143552929770701
CAPN6 (827)	CAPN6	0.0143552929770701
DCX (1641)	DCX	0
SNRPA (6626)	SNRPA	6.90544717873885
SPAG6 (9576)	SPAG6	0
EXOSC5 (56915)	EXOSC5	6.36264521779471
DYNC1I2 (1781)	DYNC1I2	5.5737986435893
APBB1IP (54518)	APBB1IP	0.0143552929770701
LRCH4 (4034)	LRCH4	5.44857062600553
FAM76B (143684)	FAM76B	4.27426166125705
SIRT6 (51548)	SIRT6	4.38474058729238
TYR (7299)	TYR	0.0565835283663675
POLD3 (10714)	POLD3	4.57288966842058
ACTN2 (88)	ACTN2	0
CAPZB (832)	CAPZB	7.99004721957379
GPR137B (7107)	GPR137B	1.30451104180995
NAALAD2 (10003)	NAALAD2	0.238786859587116
JADE1 (79960)	JADE1	3.48542682717024
SLC25A43 (203427)	SLC25A43	3.29719141656586
UBE2A (7319)	UBE2A	5.13545278418517
FGFR1 (2260)	FGFR1	0.20163386116965
FKBP6 (8468)	FKBP6	0
SMC1B (27127)	SMC1B	0.0426443374084937
FBLN1 (2192)	FBLN1	0.20163386116965
ITGA8 (8516)	ITGA8	0
CST7 (8530)	CST7	0.0565835283663675
MAP2 (4133)	MAP2	0.27500704749987
PIAS2 (9063)	PIAS2	2.17632277264046
AMPH (273)	AMPH	0.0285691521967709
ARAF (369)	ARAF	5.41074812818595
MCCC1 (56922)	MCCC1	4.14730669878029
LAMP3 (27074)	LAMP3	0.124328135002202
FAP (2191)	FAP	0.344828496997441
NEBL (10529)	NEBL	1.42223300068305
ACER3 (55331)	ACER3	2.15380533607904
UBE2K (3093)	UBE2K	5.93828579188405
PIK3C3 (5289)	PIK3C3	3.4262647547021
N4BP2 (55728)	N4BP2	1.52105073690096
TIGAR (57103)	TIGAR	3.32624970083746
TULP3 (7289)	TULP3	3.5668151540109
SYNJ2 (8871)	SYNJ2	3.51222688651396
ADCY2 (108)	ADCY2	0.111031312388744
PPP2R5C (5527)	PPP2R5C	5.92124588858559
RBFOX1 (54715)	RBFOX1	0
GNB1 (2782)	GNB1	7.23534412817267
HOXA9 (3205)	HOXA9	5.89917563048051
EDN1 (1906)	EDN1	4.12598165385472
MLLT10 (8028)	MLLT10	4.54101915313356
ZCWPW1 (55063)	ZCWPW1	1.82374936030827
ADCYAP1R1 (117)	ADCYAP1R1	0.0143552929770701
FGF20 (26281)	FGF20	0
P2RY10 (27334)	P2RY10	0.0285691521967709
ITM2A (9452)	ITM2A	0
NRDC (4898)	NRDC	5.73443866613717
VDAC3 (7419)	VDAC3	4.98913900736823
PCM1 (5108)	PCM1	3.26453643099903
TNRC6C (57690)	TNRC6C	1.790772037862
CBFA2T2 (9139)	CBFA2T2	3.23572705983806
BRINP1 (1620)	BRINP1	0
ITCH (83737)	ITCH	4.08746284125034
PKD2L2 (27039)	PKD2L2	0.0426443374084937
TP53INP2 (58476)	TP53INP2	1.82781902461732
SDF4 (51150)	SDF4	6.78424222205778
MYH7B (57644)	MYH7B	0.400537929583729
BPIFB2 (80341)	BPIFB2	0.070389327891398
TP73 (7161)	TP73	1.7311832415722
TOLLIP (54472)	TOLLIP	5.10349763970334
UBE2D4 (51619)	UBE2D4	3.91934008244201
CLUL1 (27098)	CLUL1	0
RUNX1T1 (862)	RUNX1T1	0
CDH17 (1015)	CDH17	1.0703893278914
THOC1 (9984)	THOC1	5.53884852074424
FKBP7 (51661)	FKBP7	1.30451104180995
OSBPL6 (114880)	OSBPL6	0.0143552929770701
SLC1A3 (6507)	SLC1A3	0.0840642647884745
XRCC5 (7520)	XRCC5	7.27342264114565
LXN (56925)	LXN	3.19219416528334
SP140 (11262)	SP140	0.367371065648529
MKNK1 (8569)	MKNK1	4.19377174339668
TNS1 (7145)	TNS1	2.37851162325373
REXO1 (57455)	REXO1	4.05398016818765
SAR1A (56681)	SAR1A	5.10013667128545
CDC14A (8556)	CDC14A	1.64154602908752
RAPGEF3 (10411)	RAPGEF3	4.17232749165762
CEACAM1 (634)	CEACAM1	4.97682185236069
SENP1 (29843)	SENP1	3.21256933885081
DUSP13 (51207)	DUSP13	0
CIC (23152)	CIC	4.94906796585291
LIPE (3991)	LIPE	4.74200621086674
FDFT1 (2222)	FDFT1	7.38327228317575
PAFAH1B3 (5050)	PAFAH1B3	6.74779018083096
OPHN1 (4983)	OPHN1	1.41683974191283
AFM (173)	AFM	0
KIF22 (3835)	KIF22	5.94227990170576
SCGN (10590)	SCGN	0.150559676575381
CARMIL1 (55604)	CARMIL1	3.80632405739003
PGM1 (5236)	PGM1	3.82680268428583
DDX1 (1653)	DDX1	6.39214566314514
DNM2 (1785)	DNM2	6.72519581722666
EPB41L2 (2037)	EPB41L2	2.38681094647222
RIMS1 (22999)	RIMS1	0.0285691521967709
MOXD1 (26002)	MOXD1	0
STX7 (8417)	STX7	4.44691786486603
RABL2B (11158)	RABL2B	3.7279204545632
KEAP1 (9817)	KEAP1	5.17032569441556
DDX43 (55510)	DDX43	0
PTPRH (5794)	PTPRH	4.74846123300404
DCT (1638)	DCT	0.0285691521967709
SLC35C2 (51006)	SLC35C2	5.69488019279919
CRYBG3 (131544)	CRYBG3	2.85399564717639
EPHA6 (285220)	EPHA6	0
SCTR (6344)	SCTR	0
RFX3 (5991)	RFX3	2.09761079662642
RIF1 (55183)	RIF1	3.43562859405209
RAB21 (23011)	RAB21	4.27426166125705
SLC4A4 (8671)	SLC4A4	1.55581615506164
SMARCA2 (6595)	SMARCA2	4.75221336786514
RDH8 (50700)	RDH8	0
SESN1 (27244)	SESN1	3.63807383718072
MID2 (11043)	MID2	0.176322772640463
PIH1D3 (139212)	PIH1D3	0.0285691521967709
COL5A3 (50509)	COL5A3	0.0143552929770701
SRCAP (10847)	SRCAP	4.11603199344711
PUM3 (9933)	PUM3	5.46597446450407
CPB2 (1361)	CPB2	0.111031312388744
CHRNA3 (1136)	CHRNA3	0.53605290024021
KCNN2 (3781)	KCNN2	0.070389327891398
CNOT4 (4850)	CNOT4	3.07382023329167
PSEN1 (5663)	PSEN1	3.92884403671257
CPOX (1371)	CPOX	3.9560566524124
CLDND1 (56650)	CLDND1	5.11811050560737
MOK (5891)	MOK	2.70487196445635
HSP90AA1 (3320)	HSP90AA1	8.81954046050572
RBL1 (5933)	RBL1	2.95791459863299
DLGAP4 (22839)	DLGAP4	5.24830712008724
IGSF9B (22997)	IGSF9B	2.01792190799726
CFHR2 (3080)	CFHR2	0
NDC80 (10403)	NDC80	4.68873986801449
AP4E1 (23431)	AP4E1	2.27500704749987
RSBN1 (54665)	RSBN1	2.07382023329167
MAGI3 (260425)	MAGI3	3.09254574154357
CXCL2 (2920)	CXCL2	1.11103131238874
AFP (174)	AFP	0.124328135002202
COL4A4 (1286)	COL4A4	0.0285691521967709
TCF7 (6932)	TCF7	4.4535175792155
OSTM1 (28962)	OSTM1	1.53605290024021
CDH7 (1005)	CDH7	0.584962500721156
IMPG2 (50939)	IMPG2	0
PCNP (57092)	PCNP	6.83010317592004
EXD2 (55218)	EXD2	2.11103131238874
ARG2 (384)	ARG2	1.36176835941915
MEF2C (4208)	MEF2C	0.31034012061215
PTPRC (5788)	PTPRC	0
CACNA1S (779)	CACNA1S	0.0143552929770701
PKP1 (5317)	PKP1	0.659924558402378
UBA5 (79876)	UBA5	5.60614607806572
STK17B (9262)	STK17B	2.9297909977186
CDC14B (8555)	CDC14B	3.66902676550963
ZNF510 (22869)	ZNF510	2.43295940727611
LRP2 (4036)	LRP2	0.0143552929770701
ZNF506 (440515)	ZNF506	2.1243281350022
JMJD4 (65094)	JMJD4	3.85399564717639
DUSP12 (11266)	DUSP12	4.93922657772821
AACS (65985)	AACS	4.95930648975966
DELE1 (9812)	DELE1	5.4715126480455
SLC13A1 (6561)	SLC13A1	0
CADPS2 (93664)	CADPS2	0.713695814843359
HSPB11 (51668)	HSPB11	5.11769504266975
PHLPP1 (23239)	PHLPP1	1.83187724119167
ATP8B1 (5205)	ATP8B1	4.4235781709818
IL12RB2 (3595)	IL12RB2	0.356143810225275
SMARCD3 (6604)	SMARCD3	2.114367024952
WDR70 (55100)	WDR70	3.93168305705981
FYB1 (2533)	FYB1	0.0143552929770701
MPP4 (58538)	MPP4	0
STRADB (55437)	STRADB	2.99276843076892
BZW1 (9689)	BZW1	6.93569546303184
PGR (5241)	PGR	0
C1QTNF3 (114899)	C1QTNF3	1.73552217729654
ME2 (4200)	ME2	3.99638874644762
C5orf22 (55322)	C5orf22	3.95791459863299
CCNT2 (905)	CCNT2	3.68032435684402
FAM135A (57579)	FAM135A	3.71808758396052
COL19A1 (1310)	COL19A1	0
EPB41L3 (23136)	EPB41L3	0.22650852980868
COBLL1 (22837)	COBLL1	3.91934008244201
DLG3 (1741)	DLG3	5.26940724085404
KCNK2 (3776)	KCNK2	0.0143552929770701
SERTAD4 (56256)	SERTAD4	0.0426443374084937
TRAF5 (7188)	TRAF5	3.26753579806873
MRPL22 (29093)	MRPL22	4.90977310414164
GEMIN5 (25929)	GEMIN5	3.27798474729977
OPRK1 (4986)	OPRK1	0
NFE2L1 (4779)	NFE2L1	6.69139457853808
SEMA5B (54437)	SEMA5B	0
GSK3B (2932)	GSK3B	4.4262647547021
ITGB5 (3693)	ITGB5	6.83756486315715
ERC1 (23085)	ERC1	3.08746284125034
XPO1 (7514)	XPO1	6.4920133868738
RNF13 (11342)	RNF13	4.61823865559545
TRPM3 (80036)	TRPM3	0
PALB2 (79728)	PALB2	3.31324585178756
DOP1A (23033)	DOP1A	2.52606881166759
LYRM2 (57226)	LYRM2	5.14159627838382
BCKDHB (594)	BCKDHB	4.41278152533848
KAT6A (7994)	KAT6A	2.10097764772482
TUT7 (79670)	TUT7	4.08406426478847
ULK2 (9706)	ULK2	0.389566811762726
GRHL2 (79977)	GRHL2	3.98732086592925
TNPO1 (3842)	TNPO1	5.10349763970334
PLOD1 (5351)	PLOD1	4.29645740737124
P2RX5 (5026)	P2RX5	0
ITGAE (3682)	ITGAE	5.45088131527337
DIS3 (22894)	DIS3	4.94579495674006
PIBF1 (10464)	PIBF1	3.95512678126137
TDRD3 (81550)	TDRD3	3.27202318906105
NUFIP1 (26747)	NUFIP1	2.76128527336162
PDS5B (23047)	PDS5B	5.07638806851284
OXCT1 (5019)	OXCT1	0.356143810225275
RRAGB (10325)	RRAGB	2.74416109557041
EPYC (1833)	EPYC	0
CYLD (1540)	CYLD	1.96716860753263
SLC27A5 (10998)	SLC27A5	4.7338966052475
ZNF324 (25799)	ZNF324	2.94860084749336
ZNF671 (79891)	ZNF671	0.584962500721156
ZNF416 (55659)	ZNF416	1.98913900736823
ZNF586 (54807)	ZNF586	3.49825086752783
ZNF446 (55663)	ZNF446	3.1407786557828
ZNF264 (9422)	ZNF264	2.22650852980868
RPS5 (6193)	RPS5	10.9188632372746
FAT1 (2195)	FAT1	6.63821867880936
YTHDC1 (91746)	YTHDC1	5.64760232900762
CHMP2B (25978)	CHMP2B	3.86690797814317
SMAP2 (64744)	SMAP2	3.60407132366886
PPIE (10450)	PPIE	5.73443866613717
ZMPSTE24 (10269)	ZMPSTE24	5.30414594120295
STARD7 (56910)	STARD7	6.27649666564036
NOA1 (84273)	NOA1	4.26453643099903
REST (5978)	REST	3.17312743348066
HAL (3034)	HAL	0.111031312388744
SSH1 (54434)	SSH1	2.40871186102943
GSTP1 (2950)	GSTP1	10.3934977170285
APLP2 (334)	APLP2	7.71039319217052
FAM234B (57613)	FAM234B	0.389566811762726
SLCO1A2 (6579)	SLCO1A2	0.0143552929770701
WBP11 (51729)	WBP11	4.96578428466209
EIF3I (8668)	EIF3I	7.98493107276922
NKAIN1 (79570)	NKAIN1	0
COL16A1 (1307)	COL16A1	3.43962313755712
TXLNA (200081)	TXLNA	4.86542397831313
APOB (338)	APOB	0.0840642647884745
NCOA1 (8648)	NCOA1	1.79493566280354
AGBL5 (60509)	AGBL5	5
EFR3B (22979)	EFR3B	0.0840642647884745
KIF3C (3797)	KIF3C	1.74846123300404
RAB10 (10890)	RAB10	6.03232128705788
GCKR (2646)	GCKR	2.0071955014042
HADHA (3030)	HADHA	6.10496560483998
MAPRE3 (22924)	MAPRE3	3.04264433740849
CAD (790)	CAD	5.27686882997646
CD59 (966)	CD59	7.54024430213427
CD82 (3732)	CD82	6.61544572530479
BCORL1 (63035)	BCORL1	2.39231742277876
ATRX (546)	ATRX	4.74038793246835
AK6 (102157402)	AK6	5.60673831741759
FCN1 (2219)	FCN1	0
MYNN (55892)	MYNN	3.60169651648096
MECOM (2122)	MECOM	4.57349571549561
SCAMP1 (9522)	SCAMP1	4.08746284125034
PREP (5550)	PREP	4.75381844317354
HACE1 (57531)	HACE1	0.505890929729957
SEH1L (81929)	SEH1L	5.90352037372338
WDR47 (22911)	WDR47	1.57046293102604
WDFY1 (57590)	WDFY1	4.19534759832222
OVGP1 (5016)	OVGP1	1.93357263826102
SLC25A24 (29957)	SLC25A24	4.71094415457587
MAP3K4 (4216)	MAP3K4	3.97911075501579
PILRA (29992)	PILRA	0.963474123974886
IGSF9 (57549)	IGSF9	2.9297909977186
ABCB1 (5243)	ABCB1	0.137503523749935
ZNF213 (7760)	ZNF213	2.67807190511264
AKR1B1 (231)	AKR1B1	1.48026512205446
CPNE3 (8895)	CPNE3	3.75381844317354
RRN3 (54700)	RRN3	4.84096670448742
CTTN (2017)	CTTN	7.87688524721991
WNT11 (7481)	WNT11	3.90592847817313
MTIF2 (4528)	MTIF2	4.77399632511117
DDHD2 (23259)	DDHD2	3.52481592835751
TTC39A (22996)	TTC39A	3.82171021503467
EPS15 (2060)	EPS15	3.38543103719352
ORC1 (4998)	ORC1	3.66562016406638
MGST2 (4258)	MGST2	6.01435529297707
CHERP (10523)	CHERP	4.68929916053589
ATG16L1 (55054)	ATG16L1	3.86987140617771
USP40 (55230)	USP40	4.06177619758669
POMGNT1 (55624)	POMGNT1	4.58074849176377
RAD54L (8438)	RAD54L	4.22187708107703
MAST2 (23139)	MAST2	4.49633451341711
DNAJA1 (3301)	DNAJA1	6.65692533979425
B4GALT1 (2683)	B4GALT1	4.36036427654347
CHMP5 (51510)	CHMP5	5.74308405554959
NFX1 (4799)	NFX1	3.82171021503467
AQP6 (363)	AQP6	0.594548549550354
DIMT1 (27292)	DIMT1	4.28392177230762
IPO11 (51194)	IPO11	3.90207357931074
FOLH1 (2346)	FOLH1	0
EIF2AK1 (27102)	EIF2AK1	6.14200491598488
NME8 (51314)	NME8	0
EPDR1 (54749)	EPDR1	0.150559676575381
SNX10 (29887)	SNX10	0.443606651475615
SEPHS1 (22929)	SEPHS1	5.90568784852686
MRPL28 (10573)	MRPL28	6.58104990094504
HBQ1 (3049)	HBQ1	0
ITPKC (80271)	ITPKC	2.97269265400426
CEACAM6 (4680)	CEACAM6	4.05484847699562
FAT2 (2196)	FAT2	0.0840642647884745
RBM22 (55696)	RBM22	4.87528859822269
TMED2 (10959)	TMED2	7.11945993445933
ERO1B (56605)	ERO1B	0.124328135002202
ZFAND6 (54469)	ZFAND6	6.59380192890496
HSD17B2 (3294)	HSD17B2	4.90014226035982
TXLNG (55787)	TXLNG	4.44426950241348
PPEF1 (5475)	PPEF1	0.070389327891398
LAT2 (7462)	LAT2	2.52105073690096
HUWE1 (10075)	HUWE1	6.37295209791183
ZW10 (9183)	ZW10	3.99457972421575
ALG9 (79796)	ALG9	3.8094144442359
MYBPC2 (4606)	MYBPC2	0.0143552929770701
NOX4 (50507)	NOX4	0.0285691521967709
ACOX3 (8310)	ACOX3	2.24184018356467
MTMR2 (8898)	MTMR2	5.04657836662033
PPP1R15A (23645)	PPP1R15A	5.40463068421761
HSD17B14 (51171)	HSD17B14	0.0565835283663675
TRIP6 (7205)	TRIP6	3.39369076418745
ACHE (43)	ACHE	0.0426443374084937
FTL (2512)	FTL	11.316338106913
SRRT (51593)	SRRT	6.98242322677588
BAX (581)	BAX	7.67086865483731
NLK (51701)	NLK	3.50207595604579
PIGS (94005)	PIGS	5.56529252058102
ADAMTS2 (9509)	ADAMTS2	0
TMPRSS11E (28983)	TMPRSS11E	0.070389327891398
ATXN7L3 (56970)	ATXN7L3	5.26190685982807
PGS1 (9489)	PGS1	4.4594316186373
PSMC5 (5705)	PSMC5	7.51032901949057
UIMC1 (51720)	UIMC1	4.59454854955035
CETP (1071)	CETP	0.0285691521967709
MMP2 (4313)	MMP2	0.722466024471091
MT3 (4504)	MT3	2.16349873228288
LPCAT2 (54947)	LPCAT2	4.30961277245412
GNAO1 (2775)	GNAO1	0.0285691521967709
OGFOD1 (55239)	OGFOD1	5.04875931191986
SH3BP2 (6452)	SH3BP2	5.10139795218253
NOP14 (8602)	NOP14	5.48091134604775
ADD1 (118)	ADD1	6.1606782132205
L2HGDH (79944)	L2HGDH	3.32048467801769
TXNDC16 (57544)	TXNDC16	1.40599235967584
RTRAF (51637)	RTRAF	6.94251450533924
NID2 (22795)	NID2	0.321928094887362
GMCL1 (64395)	GMCL1	4.2149019101607
SF3B2 (10992)	SF3B2	7.21916852046216
KLHL42 (57542)	KLHL42	3.16349873228288
GNAS (2778)	GNAS	9.55128529101704
DNM1L (10059)	DNM1L	5.1586601753465
PTHLH (5744)	PTHLH	0.739848102699327
PHACTR3 (116154)	PHACTR3	0.31034012061215
ERGIC2 (51290)	ERGIC2	5.91504279137198
TFAP2C (7022)	TFAP2C	0.367371065648529
AURKA (6790)	AURKA	6.44062004767917
CASS4 (57091)	CASS4	0.0426443374084937
PIR (8544)	PIR	3.98913900736823
AAMDC (28971)	AAMDC	4.9217219470096
RFX2 (5990)	RFX2	3.08576455377831
METTL2A (339175)	METTL2A	4.00988458893184
SULT2B1 (6820)	SULT2B1	4.82119997805645
ALG6 (29929)	ALG6	3.15055967657538
CNOT3 (4849)	CNOT3	5.82425869660337
GP6 (51206)	GP6	0.111031312388744
PTPN4 (5775)	PTPN4	3.674686619928
DDX18 (8886)	DDX18	5.64673869830785
KHSRP (8570)	KHSRP	7.77208359224655
GNA11 (2767)	GNA11	4.35895882583233
ASAP3 (55616)	ASAP3	0.978195629681652
EDEM2 (55741)	EDEM2	4.12598165385472
DNMT3B (1789)	DNMT3B	1.18269229751619
REM1 (28954)	REM1	0
TPX2 (22974)	TPX2	6.40565206128037
PDRG1 (81572)	PDRG1	4.81864608282254
EPB41L1 (2036)	EPB41L1	5.35402893805439
SLC15A1 (6564)	SLC15A1	0
DOCK9 (23348)	DOCK9	5.33485426933163
ANKRD10 (55608)	ANKRD10	6.70307300632852
TGDS (23483)	TGDS	3.96809075204526
DOCK3 (1795)	DOCK3	0.111031312388744
C3orf18 (51161)	C3orf18	0.454175893185802
COQ9 (57017)	COQ9	5.61999982982136
TMEM40 (55287)	TMEM40	0.150559676575381
KIF9 (64147)	KIF9	4.67863534782274
ARHGAP28 (79822)	ARHGAP28	0
CRLS1 (54675)	CRLS1	5.24944534108584
DEFB127 (140850)	DEFB127	0
PPP1R13B (23368)	PPP1R13B	2.6959938131099
ATRN (8455)	ATRN	2.59215800212536
SMOX (54498)	SMOX	4.26903314645524
SIGLEC1 (6614)	SIGLEC1	0
FKBP1A (2280)	FKBP1A	8.03968675950742
NSFL1C (55968)	NSFL1C	6.21761848535105
SLC4A11 (83959)	SLC4A11	2.0036022366802
C20orf194 (25943)	C20orf194	0.0285691521967709
ZNF343 (79175)	ZNF343	2.21101219348551
EBF4 (57593)	EBF4	0.189033824390017
CPXM1 (56265)	CPXM1	0
MAVS (57506)	MAVS	4.15704371014558
LZTS3 (9762)	LZTS3	1.37851162325373
F11 (2160)	F11	0
XRN2 (22803)	XRN2	5.69766263347052
KIZ (55857)	KIZ	3.71808758396052
DYNLL1 (8655)	DYNLL1	8.46972320817581
TESC (54997)	TESC	6.59663703410207
SNX5 (27131)	SNX5	6.95116812883891
RPL6 (6128)	RPL6	10.5344974337382
SIRPG (55423)	SIRPG	0
MAPKAPK5 (8550)	MAPKAPK5	5.36527259976453
P2RX7 (5027)	P2RX7	0.0143552929770701
ESF1 (51575)	ESF1	3.98732086592925
RBBP9 (10741)	RBBP9	3.06522762277562
ANAPC5 (51433)	ANAPC5	6.14913740122799
SLC23A2 (9962)	SLC23A2	1.91456452349394
SLC8B1 (80024)	SLC8B1	1.81966818349646
TMEM230 (29058)	TMEM230	6.57500972029495
DZANK1 (55184)	DZANK1	1.14404636961671
KDM2B (84678)	KDM2B	3.65306001710456
CFAP61 (26074)	CFAP61	0.070389327891398
LHX5 (64211)	LHX5	0
TASP1 (55617)	TASP1	3.38266725274504
OAS1 (4938)	OAS1	4.04264433740849
GCN1 (10985)	GCN1	5.86319511247319
RPLP0 (6175)	RPLP0	11.6001916867019
PXN (5829)	PXN	6.06544306293743
SIRT4 (23409)	SIRT4	0.250961573533219
RPH3A (22895)	RPH3A	0
KIF16B (55614)	KIF16B	2.64385618977472
TRMT6 (51605)	TRMT6	4.66505161428921
CHGB (1114)	CHGB	0.0426443374084937
PEBP1 (5037)	PEBP1	7.31524015250724
TBX5 (6910)	TBX5	0
BRAP (8315)	BRAP	3.39917109381982
ERP29 (10961)	ERP29	7.05669189982489
NOS1 (4842)	NOS1	0
FUS (2521)	FUS	7.853870927484
IGBP1 (3476)	IGBP1	5.76155123244448
FXYD5 (53827)	FXYD5	5.95884267524324
ZNF302 (55900)	ZNF302	2.64385618977472
GRAMD1A (57655)	GRAMD1A	2.22032995487956
FXYD3 (5349)	FXYD3	5.95837871156634
HEPH (9843)	HEPH	3.36876834909033
CDIP1 (29965)	CDIP1	1.17632277264046
CMTM1 (113540)	CMTM1	1.57046293102604
KCNH4 (23415)	KCNH4	0.0285691521967709
GANAB (23193)	GANAB	8.13678609644241
GMIP (51291)	GMIP	3.1906148602095
RBM41 (55285)	RBM41	4.1243281350022
BIRC5 (332)	BIRC5	5.58706489836317
LAG3 (3902)	LAG3	0.356143810225275
MLF2 (8079)	MLF2	7.47175649069645
OTUB2 (78990)	OTUB2	0.839959587489532
DDX24 (57062)	DDX24	5.76633013095037
ZBTB25 (7597)	ZBTB25	1.80322703643493
NECAP1 (25977)	NECAP1	4.87823487911234
ARHGAP4 (393)	ARHGAP4	1.26303440583379
ANKRD24 (170961)	ANKRD24	0.22650852980868
DHX32 (55760)	DHX32	4.21023299009585
RCOR1 (23186)	RCOR1	2.81352468929781
GPATCH2L (55668)	GPATCH2L	3.53605290024021
LTBP4 (8425)	LTBP4	5.75968848842729
BLVRB (645)	BLVRB	6.02989454966334
SLC9A1 (6548)	SLC9A1	3.03738222200308
SPTLC1 (10558)	SPTLC1	5.91719303692495
PAPOLA (10914)	PAPOLA	5.60496086950378
CCNK (8812)	CCNK	4.73660487531425
PCBP4 (57060)	PCBP4	3.19219416528334
RGS1 (5996)	RGS1	0.0565835283663675
YPEL3 (83719)	YPEL3	4.02059109477325
MRPS33 (51650)	MRPS33	6.64327899631198
NDUFB2 (4708)	NDUFB2	8.18967632917211
NUDC (10726)	NUDC	7.39025495632187
MAEA (10296)	MAEA	6.66505161428921
ICAM1 (3383)	ICAM1	1.10433665981474
STRN4 (29888)	STRN4	6.48155728070859
IRAK3 (11213)	IRAK3	0.070389327891398
LYZ (4069)	LYZ	10.8408565853023
SI (6476)	SI	0.0976107966264223
MUL1 (79594)	MUL1	3.50080205305716
TFAP4 (7023)	TFAP4	4.44757919654888
PDCD7 (10081)	PDCD7	3.95419631038688
SPG21 (51324)	SPG21	6.62205181945638
FETUB (26998)	FETUB	0
DNAJB11 (51726)	DNAJB11	6.14608493861619
P3H2 (55214)	P3H2	2.07382023329167
THPO (7066)	THPO	0.526068811667588
CHRD (8646)	CHRD	1.53106949272595
FLT3LG (2323)	FLT3LG	1.02856915219677
RAB11FIP3 (9727)	RAB11FIP3	2.32192809488736
GNPTG (84572)	GNPTG	4.58556349845569
ZNF268 (10795)	ZNF268	2.55826763405574
GOLGA3 (2802)	GOLGA3	4.17152710603881
PABPC4 (8761)	PABPC4	7.51892849041491
CD209 (30835)	CD209	0
CERS4 (79603)	CERS4	0.111031312388744
MCOLN1 (57192)	MCOLN1	2.72465027173297
USP48 (84196)	USP48	5.0703893278914
EFNB1 (1947)	EFNB1	6.34589308568741
PDPR (55066)	PDPR	3.60762622084549
AARS (16)	AARS	6.51112010085101
GLG1 (2734)	GLG1	5.69988472869748
KIF4A (24137)	KIF4A	4.70708299177171
TNRC6A (27327)	TNRC6A	4
PLEKHG2 (64857)	PLEKHG2	4.20320115631661
DLL3 (10683)	DLL3	0.189033824390017
NAT14 (57106)	NAT14	3.74738739965272
PITPNM2 (57605)	PITPNM2	0.584962500721156
EXOC1 (55763)	EXOC1	3.78868571061353
RBM27 (54439)	RBM27	3.20476675065461
POU4F3 (5459)	POU4F3	0.0565835283663675
OSBPL8 (114882)	OSBPL8	3.58736499093646
DTX2 (113878)	DTX2	3.65764000520782
NLRC4 (58484)	NLRC4	0.0976107966264223
PUS7 (54517)	PUS7	4.75968848842729
LAMB4 (22798)	LAMB4	0.124328135002202
NRCAM (4897)	NRCAM	0.189033824390017
LAMB1 (3912)	LAMB1	5.66476725535641
SLC26A4 (5172)	SLC26A4	0.0285691521967709
SLC26A3 (1811)	SLC26A3	0
DLD (1738)	DLD	6.81685566236649
WDR7 (23335)	WDR7	1.38404980679516
TXNL1 (9352)	TXNL1	5.35720008486005
IL5RA (3568)	IL5RA	0
ABCC6 (368)	ABCC6	0.286881147788162
CMTM6 (54918)	CMTM6	4.6046644151637
ITGA6 (3655)	ITGA6	5.9525665409428
RAPGEF4 (11069)	RAPGEF4	0
MAP3K20 (51776)	MAP3K20	4.09000652990382
SMPX (23676)	SMPX	0
FH (2271)	FH	6.44658708530688
SEL1L3 (23231)	SEL1L3	5.72383156649532
TF (7018)	TF	0.22650852980868
CDV3 (55573)	CDV3	6.29847503473585
MYO15A (51168)	MYO15A	0.111031312388744
ALKBH5 (54890)	ALKBH5	4.84649331596456
APOH (350)	APOH	4.58135124716878
NLRP1 (22861)	NLRP1	0.0565835283663675
PITPNM3 (83394)	PITPNM3	1.61823865559545
SPAG7 (9552)	SPAG7	4.62585493136806
ORC6 (23594)	ORC6	4.8923910259134
ZFHX4 (79776)	ZFHX4	0.0143552929770701
SLC17A6 (57084)	SLC17A6	0
CPA1 (1357)	CPA1	0
ZC3HC1 (51530)	ZC3HC1	3.67016051412663
ESR1 (2099)	ESR1	0.0285691521967709
RGS17 (26575)	RGS17	1.48026512205446
ANGPT2 (285)	ANGPT2	0.0426443374084937
TMEM101 (84336)	TMEM101	5.49920809085669
CD200 (4345)	CD200	2.8972404255748
CCDC80 (151887)	CCDC80	0.454175893185802
CMA1 (1215)	CMA1	0
PSME1 (5720)	PSME1	7.09834796699804
PPP2R3C (55012)	PPP2R3C	4.50271248596606
HAUS4 (54930)	HAUS4	4.46597446450407
JPH4 (84502)	JPH4	0.0143552929770701
MYH7 (4625)	MYH7	0
CEBPE (1053)	CEBPE	0
SLC7A8 (23428)	SLC7A8	0.526068811667588
OSGEP (55644)	OSGEP	4.62760683812965
SLC22A17 (51310)	SLC22A17	0.0285691521967709
RNF31 (55072)	RNF31	4.06436554026363
SCFD1 (23256)	SCFD1	4.68873986801449
G2E3 (55632)	G2E3	2.31324585178756
HECTD1 (25831)	HECTD1	5.34908214639109
HNRNPC (3183)	HNRNPC	9.32773226807884
RPGRIP1 (57096)	RPGRIP1	0.238786859587116
SUPT16H (11198)	SUPT16H	6.03077747199254
TOX4 (9878)	TOX4	4.31686980506433
GEMIN2 (8487)	GEMIN2	3.69932952567316
TGM1 (7051)	TGM1	0.6959938131099
TINF2 (26277)	TINF2	3.97452931248388
DAZL (1618)	DAZL	0
TBL1Y (90665)	TBL1Y	0
SEMA6A (57556)	SEMA6A	0.713695814843359
TRPM7 (54822)	TRPM7	3.78345665436024
TYRO3 (7301)	TYRO3	3.08576455377831
WDR76 (79968)	WDR76	3.53977919169849
CAPN3 (825)	CAPN3	0
SNAP23 (8773)	SNAP23	6.29370154208074
TBX15 (6913)	TBX15	0.070389327891398
PHGDH (26227)	PHGDH	5.48960715674871
COL9A3 (1299)	COL9A3	4.79285535236249
EZR (7430)	EZR	7.01044418516899
MYL6 (4637)	MYL6	9.94752005665706
AGO1 (26523)	AGO1	2.62058641045188
TEKT2 (27285)	TEKT2	0.137503523749935
CLSPN (63967)	CLSPN	3.90110824301451
RFFL (117584)	RFFL	4.674686619928
UNC13D (201294)	UNC13D	3.4369613378336
MFSD11 (79157)	MFSD11	4.24107745817504
DPYSL2 (1808)	DPYSL2	2.31324585178756
TGFB2 (7042)	TGFB2	1.25701061820602
GPATCH2 (55105)	GPATCH2	2.47767732756531
NUP50 (10762)	NUP50	5.00270252037982
CDC45 (8318)	CDC45	5.88190928904719
COMT (1312)	COMT	8.2122775020862
ADA2 (51816)	ADA2	0
VNN3 (55350)	VNN3	0
ECHDC1 (55862)	ECHDC1	5.68116812041669
LRRFIP2 (9209)	LRRFIP2	3.78555055173926
SEC22C (9117)	SEC22C	3.24488705912353
XYLB (9942)	XYLB	1.51601514700366
HDAC6 (10013)	HDAC6	5.09845324630927
OR1I1 (126370)	OR1I1	0
GABRP (2568)	GABRP	4.80064109732908
KRT31 (3881)	KRT31	0
CDC6 (990)	CDC6	5.27426166125705
UPRT (139596)	UPRT	2.23878685958712
CDC23 (8697)	CDC23	4.08491465976794
AAAS (8086)	AAAS	5.47021145739054
CBX5 (23468)	CBX5	4.64904056563445
FMO2 (2327)	FMO2	0
SUCO (51430)	SUCO	3.95884267524324
MSH2 (4436)	MSH2	5.27463440251759
MAP3K1 (4214)	MAP3K1	2.93734439215023
DHPS (1725)	DHPS	5.64154602908752
HOOK2 (29911)	HOOK2	5.40531168259745
NXPE1 (120400)	NXPE1	0
ARCN1 (372)	ARCN1	6.69543711040537
EPB41L4B (54566)	EPB41L4B	3.20163386116965
TMEM38B (55151)	TMEM38B	2.89530262133331
PSMD5 (5711)	PSMD5	4.82374936030827
PTGS1 (5742)	PTGS1	2.04614178164472
NUP188 (23511)	NUP188	4.82068956055921
CRAT (1384)	CRAT	4.04001567884788
SH2D3C (10044)	SH2D3C	0.0285691521967709
NANS (54187)	NANS	6.72696741670603
TBC1D2 (55357)	TBC1D2	2.94860084749336
WHRN (25861)	WHRN	0.238786859587116
PDE6C (5146)	PDE6C	0.0565835283663675
CWF19L1 (55280)	CWF19L1	4.03650333373899
SEMA4G (57715)	SEMA4G	5.65105169117893
BTAF1 (9044)	BTAF1	4.2861418728343
IKZF5 (64376)	IKZF5	3.3547342399706
BLNK (29760)	BLNK	0.739848102699327
TLL2 (7093)	TLL2	0
CYP26A1 (1592)	CYP26A1	0.150559676575381
TDRD1 (56165)	TDRD1	0.0143552929770701
SORBS1 (10580)	SORBS1	0.31034012061215
CRTAC1 (55118)	CRTAC1	0
BAMBI (25805)	BAMBI	0.704871964456353
IL11 (3589)	IL11	0.27500704749987
MYO3A (53904)	MYO3A	0.0285691521967709
WAC (51322)	WAC	5.83035674741922
CREM (1390)	CREM	3.71479501111816
NUBP2 (10101)	NUBP2	6.02746372340858
TPSD1 (23430)	TPSD1	0
SMIM24 (284422)	SMIM24	2.01792190799726
HIVEP1 (3096)	HIVEP1	3
TREM2 (54209)	TREM2	0
KCNK16 (83795)	KCNK16	0.111031312388744
CRISP3 (10321)	CRISP3	0
FKBP5 (2289)	FKBP5	4.16992500144231
SRPK1 (6732)	SRPK1	5.50366675457602
BRPF3 (27154)	BRPF3	4.36106648879432
MRPS18A (55168)	MRPS18A	5.85972112892796
PGC (5225)	PGC	0.0976107966264223
TMEM14A (28978)	TMEM14A	5.73525137578642
EFHC1 (114327)	EFHC1	3.55090066464752
NCR2 (9436)	NCR2	0
HSP90AB1 (3326)	HSP90AB1	10.0200076319992
MLN (4295)	MLN	0
CDC5L (988)	CDC5L	3.78659636189081
ITPR3 (3710)	ITPR3	5.98162436069636
ZNF184 (7738)	ZNF184	2.26303440583379
DSP (1832)	DSP	4.68144926531496
SIRT1 (23411)	SIRT1	3.09423606984577
HNRNPH3 (3189)	HNRNPH3	7.34899365649375
IFT74 (80173)	IFT74	3.08915913191124
JAK2 (3717)	JAK2	0.604071323668861
IL12RB1 (3594)	IL12RB1	0.0143552929770701
ABL1 (25)	ABL1	3.81557542886257
ACOT7 (11332)	ACOT7	4.71424551766612
SH3GLB1 (51100)	SH3GLB1	4.50652577904312
CDC7 (8317)	CDC7	3.46336088581666
SYDE2 (84144)	SYDE2	1.29865831556452
PCSK5 (5125)	PCSK5	2.63923216324928
SCD (6319)	SCD	7.50660511556825
TMED1 (11018)	TMED1	4.43429461795993
ABLIM1 (3983)	ABLIM1	5.79389588254888
ERMP1 (79956)	ERMP1	5.44128427192704
RAB18 (22931)	RAB18	4.62935662007961
NRP1 (8829)	NRP1	2.20476675065461
PRTFDC1 (56952)	PRTFDC1	4.68481873755322
PALMD (54873)	PALMD	0.0426443374084937
TSPAN15 (23555)	TSPAN15	6.35049724708413
H2AFY2 (55506)	H2AFY2	0.20163386116965
WASHC2A (387680)	WASHC2A	3.82984955984469
MAST3 (23031)	MAST3	2.4594316186373
MZF1 (7593)	MZF1	5.50048340147312
OCEL1 (79629)	OCEL1	3.20789285164133
MYO9B (4650)	MYO9B	5.23457795978457
KCNK6 (9424)	KCNK6	2.87970576628229
CATSPERG (57828)	CATSPERG	1.6959938131099
PSMD8 (5714)	PSMD8	8.01619542991025
FBXL19 (54620)	FBXL19	3.6915341649192
STX1B (112755)	STX1B	0.0143552929770701
HSD3B7 (80270)	HSD3B7	2.68929916053589
SETD1A (9739)	SETD1A	3.6959938131099
BCL7C (9274)	BCL7C	3.10601323762212
MAGEB2 (4113)	MAGEB2	0.0565835283663675
EFNA2 (1943)	EFNA2	3.96069703930431
CIRBP (1153)	CIRBP	7.3518226445507
ATP5F1D (513)	ATP5F1D	6.34482849699744
CBARP (255057)	CBARP	1.06350294230616
PCDH11Y (83259)	PCDH11Y	0
AMELY (266)	AMELY	0
IGFALS (3483)	IGFALS	0.27500704749987
HNRNPM (4670)	HNRNPM	8.36911745859982
MARCH2 (51257)	MARCH2	2.34482849699744
NDUFB7 (4713)	NDUFB7	7.12536180635178
TECR (9524)	TECR	6.62190534551941
TIMM13 (26517)	TIMM13	5.76022094646651
CDC34 (997)	CDC34	4.85049941375812
MTAP (4507)	MTAP	5.74227574754027
MISP (126353)	MISP	5.61294219630467
CEP170B (283638)	CEP170B	4.69097573834328
POLR2E (5434)	POLR2E	7.52833689313577
POLRMT (5442)	POLRMT	4.47961860846942
HCN2 (610)	HCN2	0.150559676575381
CDHR5 (53841)	CDHR5	2.72465027173297
IZUMO4 (113177)	IZUMO4	1.18269229751619
RASSF7 (8045)	RASSF7	6.80658184262093
GADD45B (4616)	GADD45B	1.61353165291793
PALM (5064)	PALM	0.070389327891398
MADCAM1 (8174)	MADCAM1	0.070389327891398
MKNK2 (2872)	MKNK2	6.11374216604919
ARVCF (421)	ARVCF	6.08831123588866
TRMT2A (27037)	TRMT2A	6.3474884972118
RANBP1 (5902)	RANBP1	9.55570113971173
ZDHHC8 (29801)	ZDHHC8	5.53325185192897
KLHL22 (84861)	KLHL22	2.37851162325373
MED15 (51586)	MED15	6.20124177119825
SERPIND1 (3053)	SERPIND1	0.238786859587116
SNAP29 (9342)	SNAP29	3.84799690655495
CRKL (1399)	CRKL	5.55704241526372
LZTR1 (8216)	LZTR1	3.28688114778816
MMP11 (4320)	MMP11	0.250961573533219
CECR2 (27443)	CECR2	0.0143552929770701
SMARCB1 (6598)	SMARCB1	5.91838623444635
P2RX6 (9127)	P2RX6	0.855989697308481
DERL3 (91319)	DERL3	0.422233000683048
SLC7A4 (6545)	SLC7A4	0.0143552929770701
BCL2L13 (23786)	BCL2L13	4.30012372456901
DDTL (100037417)	DDTL	1.97819562968165
DDT (1652)	DDT	6.79337571126475
GSTT2 (2953)	GSTT2	0
OSM (5008)	OSM	0
CABIN1 (23523)	CABIN1	3.69376571221778
TBC1D10A (83874)	TBC1D10A	3.22496636500027
SUSD2 (56241)	SUSD2	0.454175893185802
SF3A1 (10291)	SF3A1	5.06995989045977
GGT5 (2687)	GGT5	0.176322772640463
RNF215 (200312)	RNF215	1.8073549220576
SEC14L2 (23541)	SEC14L2	2.76977173924945
SEC14L3 (266629)	SEC14L3	0
SPECC1L (23384)	SPECC1L	3.01077983875324
PPIL2 (23759)	PPIL2	4.31179371775365
UPB1 (51733)	UPB1	0.0143552929770701
YPEL1 (29799)	YPEL1	0.475084882948783
SNRPD3 (6634)	SNRPD3	7.79565007727105
PES1 (23481)	PES1	5.63343121035563
MAPK1 (5594)	MAPK1	3.88752527074159
GGT1 (2678)	GGT1	3.35614381022528
PRODH (5625)	PRODH	2.22958792274065
PPM1F (9647)	PPM1F	2.62058641045188
SLC35E4 (339665)	SLC35E4	2.43829285157915
TOP3B (8940)	TOP3B	3.59693514238723
CRYBB3 (1417)	CRYBB3	0.176322772640463
CYTH4 (27128)	CYTH4	0.0143552929770701
ESS2 (8220)	ESS2	3.6564963705535
MFNG (4242)	MFNG	1.34482849699744
CARD10 (29775)	CARD10	3.81455042346181
LRP5L (91355)	LRP5L	2.79493566280354
SLC25A1 (6576)	SLC25A1	7.10150300916717
GRK3 (157)	GRK3	1.16349873228288
PLA2G3 (50487)	PLA2G3	0.0143552929770701
LGALS2 (3957)	LGALS2	3.51096191927738
GGA1 (26088)	GGA1	4.60762622084549
HIRA (7290)	HIRA	5.87184364850932
SH3BP1 (23616)	SH3BP1	4.08576455377831
SEZ6L (23544)	SEZ6L	0
LGALS1 (3956)	LGALS1	4.51159454153741
HPS4 (89781)	HPS4	3.36176835941915
PIK3IP1 (113791)	PIK3IP1	1.22032995487956
SRRD (402055)	SRRD	2.74200621086674
PATZ1 (23598)	PATZ1	4.27500704749987
TRIOBP (11078)	TRIOBP	4.73335434061383
TFIP11 (24144)	TFIP11	3.36457243229586
GCAT (23464)	GCAT	3.3547342399706
GGTLC2 (91227)	GGTLC2	0
CRYBB1 (1414)	CRYBB1	0
ANKRD54 (129138)	ANKRD54	3.32768736417605
EIF3L (51386)	EIF3L	7.35658401864443
SNU13 (4809)	SNU13	6.52732060787705
MICALL1 (85377)	MICALL1	3.47897180503294
POLR2F (5435)	POLR2F	6.32282949762889
SOX10 (6663)	SOX10	0.124328135002202
CCDC134 (79879)	CCDC134	2.4276061727819
DEPDC5 (9681)	DEPDC5	2.63459326844576
PICK1 (9463)	PICK1	4.52669484554198
TTC28 (23331)	TTC28	0.0565835283663675
SLC16A8 (23539)	SLC16A8	0.53605290024021
CENPM (79019)	CENPM	5.5552026338783
SEPT3 (55964)	SEPT3	0.111031312388744
SLC5A1 (6523)	SLC5A1	2.16992500144231
SLC5A4 (6527)	SLC5A4	0
KDELR3 (11015)	KDELR3	4.14812063112396
CYP2D6 (1565)	CYP2D6	1.53605290024021
DDX17 (10521)	DDX17	6.37330019660839
DMC1 (11144)	DMC1	0.66902676550963
TCF20 (6942)	TCF20	4.70542503904273
HSCB (150274)	HSCB	4.18665901720211
CBY1 (25776)	CBY1	4.26303440583379
TOMM22 (56993)	TOMM22	5.38024459047818
RSPH14 (27156)	RSPH14	0.214124805352847
XBP1 (7494)	XBP1	7.47775826644389
RTCB (51493)	RTCB	5.81941272620656
JOSD1 (9929)	JOSD1	4.4867143730307
FBXO7 (25793)	FBXO7	5.10097764772482
GTPBP1 (9567)	GTPBP1	4.17312743348066
POLDIP3 (84271)	POLDIP3	5.02768487693716
RAB36 (9609)	RAB36	0.650764559116902
TIMP3 (7078)	TIMP3	0.150559676575381
PPP6R2 (9701)	PPP6R2	4.41345868800798
SBF1 (6305)	SBF1	4.44559429134118
SUN2 (25777)	SUN2	4.97911075501579
CYB5R3 (1727)	CYB5R3	6.06695024392463
DNAL4 (10126)	DNAL4	3.40463068421761
C22orf31 (25770)	C22orf31	0.0976107966264223
MIOX (55586)	MIOX	0.0565835283663675
LMF2 (91289)	LMF2	3.95046841415012
RHBDD3 (25807)	RHBDD3	4.85449441815488
PACSIN2 (11252)	PACSIN2	5.34234139743155
TTLL1 (25809)	TTLL1	1.49569516262407
RASL10A (10633)	RASL10A	0.22650852980868
AP1B1 (162)	AP1B1	5.92409988564074
HMGXB4 (10042)	HMGXB4	3.6667565918848
TOM1 (10043)	TOM1	4.37851162325373
NEFH (4744)	NEFH	0.0143552929770701
CHKB (1120)	CHKB	3.35614381022528
BIK (638)	BIK	1.51096191927738
HMOX1 (3162)	HMOX1	2.10768786931437
MCAT (27349)	MCAT	4.09423606984577
THOC5 (8563)	THOC5	5.12308675098106
MCM5 (4174)	MCM5	5.60999129521268
APOBEC3H (164668)	APOBEC3H	0
ARSA (410)	ARSA	2.32768736417605
TSPO (706)	TSPO	7.56742375770728
RASD2 (23551)	RASD2	0.214124805352847
TTLL12 (23170)	TTLL12	5.19652836093694
CBX7 (23492)	CBX7	2.68032435684402
PDGFB (5155)	PDGFB	2.76977173924945
ACR (49)	ACR	0
CABP7 (164633)	CABP7	0.27500704749987
RPL3 (6122)	RPL3	11.1320498213859
ZMAT5 (55954)	ZMAT5	3.7279204545632
RBFOX2 (23543)	RBFOX2	4.27500704749987
SYNGR1 (9145)	SYNGR1	0.111031312388744
TAB1 (10454)	TAB1	3.46336088581666
ASCC2 (84164)	ASCC2	5.77584069853125
MTMR3 (8897)	MTMR3	2.9297909977186
MIEF1 (54471)	MIEF1	4.0574502721839
APOL4 (80832)	APOL4	0.070389327891398
PNPLA5 (150379)	PNPLA5	0
APOL1 (8542)	APOL1	3.62877359520165
PNPLA3 (80339)	PNPLA3	0.0285691521967709
MYH9 (4627)	MYH9	6.8923910259134
CACNA1I (8911)	CACNA1I	0.0565835283663675
SAMM50 (25813)	SAMM50	4.88117515534928
TXN2 (25828)	TXN2	5.96624587322494
FOXRED2 (80020)	FOXRED2	3.06522762277562
GRAP2 (9402)	GRAP2	0.0143552929770701
EIF3D (8664)	EIF3D	7.4236622024954
TNRC6B (23112)	TNRC6B	1.65535182861255
SGSM3 (27352)	SGSM3	5.80992886572143
IFT27 (11020)	IFT27	2.3533232911629
PVALB (5816)	PVALB	0
KIAA0930 (23313)	KIAA0930	3.68706068833989
NCF4 (4689)	NCF4	0
CSF2RB (1439)	CSF2RB	0.0426443374084937
SLC25A17 (10478)	SLC25A17	3.88557436437143
UPK3A (7380)	UPK3A	1.22032995487956
FAM118A (55007)	FAM118A	4.67919857056692
KCTD17 (79734)	KCTD17	2.57531233068744
ST13 (6767)	ST13	7.17871464117544
IL2RB (3560)	IL2RB	0.0143552929770701
RBX1 (9978)	RBX1	5.49345520092618
EP300 (2033)	EP300	4.27575204882853
L3MBTL2 (83746)	L3MBTL2	3.67129337248158
CHADL (150356)	CHADL	0.214124805352847
RANGAP1 (5905)	RANGAP1	5.58586390346269
ZC3H7B (23264)	ZC3H7B	4.21567859660793
PHF5A (84844)	PHF5A	5.82680268428583
ACO2 (50)	ACO2	4.85299758761332
POLR3H (171568)	POLR3H	4.2861418728343
TRMU (55687)	TRMU	4.93168305705981
PMM1 (5372)	PMM1	4.78240856492737
DESI1 (27351)	DESI1	4.01792190799726
CERK (64781)	CERK	3.55213110825378
BRD1 (23774)	BRD1	3.69041709553247
ZBED4 (9889)	ZBED4	3.23419472295381
MLC1 (23209)	MLC1	0
HDAC10 (83933)	HDAC10	4.60407132366886
KCNK10 (54207)	KCNK10	0
ABHD4 (63874)	ABHD4	2.58255600301406
KHNYN (23351)	KHNYN	4.84799690655495
FKBP3 (2287)	FKBP3	5.5981269599196
SDR39U1 (56948)	SDR39U1	5.14159627838382
CTSG (1511)	CTSG	0
GZMH (2999)	GZMH	0
GZMB (3002)	GZMB	0.27500704749987
RBM23 (55147)	RBM23	5.4154882710497
PRMT5 (10419)	PRMT5	6.21354170192656
COCH (1690)	COCH	0.782408564927373
AP4S1 (11154)	AP4S1	1.85199883711245
POLE2 (5427)	POLE2	3.82883464946806
VCPKMT (79609)	VCPKMT	2.48284828306847
SOS2 (6655)	SOS2	2.06695024392463
CDKL1 (8814)	CDKL1	1.44890095114513
NIN (51199)	NIN	2.68929916053589
PYGL (5836)	PYGL	5.22997238511225
TRIM9 (114088)	TRIM9	0.0143552929770701
PSMC6 (5706)	PSMC6	5.9676297534662
GNPNAT1 (64841)	GNPNAT1	4.85996954822103
DDHD1 (80821)	DDHD1	1.65992455840238
CDKN3 (1033)	CDKN3	5.37712374912949
CNIH1 (10175)	CNIH1	6.56102057782927
CGRRF1 (10668)	CGRRF1	1.83187724119167
ATP6V1D (51382)	ATP6V1D	5.41852730210161
CCDC198 (55195)	CCDC198	4.36106648879432
PLEK2 (26499)	PLEK2	5.26753579806874
PIGH (5283)	PIGH	3.03738222200308
LRRC74A (145497)	LRRC74A	0
PSMA3 (5684)	PSMA3	7.30414594120295
VTI1B (10490)	VTI1B	5.10601323762212
TIMM9 (26520)	TIMM9	5.76500424625004
GSTZ1 (2954)	GSTZ1	3.99819550315325
KIAA0586 (9786)	KIAA0586	2.71149490665009
TMED8 (283578)	TMED8	1.61353165291793
SAMD15 (161394)	SAMD15	0.565597175854225
AHSA1 (10598)	AHSA1	6.60910484661896
DAAM1 (23002)	DAAM1	3
ISM2 (145501)	ISM2	0.0426443374084937
SPTLC2 (9517)	SPTLC2	4.39025495632187
RIN3 (79890)	RIN3	0.0840642647884745
LGMN (5641)	LGMN	5.6085135781513
ALKBH1 (8846)	ALKBH1	2.58976348698498
SNW1 (22938)	SNW1	5.17911290067856
CHGA (1113)	CHGA	0
ITPK1 (3705)	ITPK1	5.11353381959191
DHRS7 (51635)	DHRS7	4.53667461756976
PPM1A (5494)	PPM1A	3.76977173924945
SIX4 (51804)	SIX4	1.13750352374994
GALNT16 (57452)	GALNT16	0
ASB2 (51676)	ASB2	0
CEP128 (145508)	CEP128	1.65992455840238
ERH (2079)	ERH	7.17032569441556
HIF1A (3091)	HIF1A	4.71753934339116
SUSD6 (9766)	SUSD6	2.76128527336162
SRSF5 (6430)	SRSF5	7.64573047530608
SLC10A1 (6554)	SLC10A1	0.0426443374084937
EIF5 (1983)	EIF5	6.34855112557377
SERPINA4 (5267)	SERPINA4	1.31034012061215
SLC8A3 (6547)	SLC8A3	0
DICER1 (23405)	DICER1	2.98002530023873
ZFYVE21 (79038)	ZFYVE21	4.2667865406949
MTHFD1 (4522)	MTHFD1	6.0686708106651
TCL1A (8115)	TCL1A	0
ZC3H14 (79882)	ZC3H14	4.37851162325373
TELO2 (9894)	TELO2	5.46107011403305
PCNX1 (22990)	PCNX1	2.45154083301783
BDKRB1 (623)	BDKRB1	0.0426443374084937
GSKIP (51527)	GSKIP	4.12515513132229
VRK1 (7443)	VRK1	4.50842865253186
PSMC1 (5700)	PSMC1	7.45071638871807
PAPLN (89932)	PAPLN	0.748461233004036
RPS6KA5 (9252)	RPS6KA5	2.01435529297707
PPP4R3A (55671)	PPP4R3A	5.09000652990382
C14orf93 (60686)	C14orf93	3.29865831556452
PSMB5 (5693)	PSMB5	7.01558231168093
YY1 (7528)	YY1	4.79181407116183
ACIN1 (22985)	ACIN1	6.24050514939098
CCNB1IP1 (57820)	CCNB1IP1	5.15704371014558
TRIP11 (9321)	TRIP11	2.31034012061215
APEX1 (328)	APEX1	7.44700054790705
PABPN1 (8106)	PABPN1	6.46727948045998
EFS (10278)	EFS	0.0143552929770701
ARHGAP5 (394)	ARHGAP5	4.21800615028443
CINP (51550)	CINP	4.52669484554198
DHRS2 (10202)	DHRS2	2.67129337248158
SRP54 (6729)	SRP54	5.27351588970212
CPNE6 (9362)	CPNE6	0.0426443374084937
CHD8 (57680)	CHD8	4.63865311646611
PCK2 (5106)	PCK2	4.69710657447698
KIAA0391 (9692)	KIAA0391	3.94016675048282
DCAF11 (80344)	DCAF11	5.34589308568741
PSMA6 (5687)	PSMA6	7.63277714111198
NFKBIA (4792)	NFKBIA	4.27127625917593
EMC9 (51016)	EMC9	4.93073733756289
PSME2 (5721)	PSME2	7.07788386443832
BRMS1L (84312)	BRMS1L	2.16027483140859
REC8 (9985)	REC8	1.36176835941915
TM9SF1 (10548)	TM9SF1	4.69710657447698
SEC23A (10484)	SEC23A	4.03298241669943
GMPR2 (51292)	GMPR2	5.36702153323231
PNN (5411)	PNN	6.21393046372921
RABGGTA (5875)	RABGGTA	3.96901230751632
NFATC4 (4776)	NFATC4	1.41683974191283
PLTP (5360)	PLTP	1.18903382439002
PCIF1 (63935)	PCIF1	4.89433274227769
GSS (2937)	GSS	5.75328361646088
MMP9 (4318)	MMP9	0
VSX1 (30813)	VSX1	0
TRPC4AP (26133)	TRPC4AP	5.53760669149529
PYGB (5834)	PYGB	8.03099811817189
ABHD12 (26090)	ABHD12	6.11894107272351
PROCR (10544)	PROCR	5.92457500339273
GINS1 (9837)	GINS1	4.30012372456901
NINL (22981)	NINL	0.070389327891398
CD40 (958)	CD40	0.070389327891398
UQCC1 (55245)	UQCC1	5.49601487343776
ZMYND8 (23613)	ZMYND8	5.1139504824225
SGK2 (10110)	SGK2	4.77135740899056
IFT52 (51098)	IFT52	5.16671544496642
MYBL2 (4605)	MYBL2	6.35120427725799
R3HDML (140902)	R3HDML	0
HNF4A (3172)	HNF4A	5.07167687375186
NDRG3 (57446)	NDRG3	4.86195536414487
SLA2 (84174)	SLA2	0.137503523749935
RAB5IF (55969)	RAB5IF	7.22506279861155
NFATC2 (4773)	NFATC2	0.613531652917927
RIMS4 (140730)	RIMS4	0.0143552929770701
PABPC1L (80336)	PABPC1L	6.29314973674186
STK4 (6789)	STK4	4.35402893805439
SALL4 (57167)	SALL4	1.02856915219677
ADNP (23394)	ADNP	5.80580834870147
PFDN4 (5203)	PFDN4	6.89941734867508
DOK5 (55816)	DOK5	0
CSTF1 (1477)	CSTF1	5.00270252037982
BMP7 (655)	BMP7	0.070389327891398
RAE1 (8480)	RAE1	5.72055209160511
TPD52L2 (7165)	TPD52L2	7.15157472976641
DNAJC5 (80331)	DNAJC5	5.40087943628218
NELFCD (51497)	NELFCD	7.24697805961472
CTSZ (1522)	CTSZ	7.76606505147495
PRPF6 (24148)	PRPF6	6.33019983285091
TUBB1 (81027)	TUBB1	0.584962500721156
PRELID3B (51012)	PRELID3B	6.77873424411784
HRH3 (11255)	HRH3	0
MTG2 (26164)	MTG2	5.19849415363908
PSMA7 (5688)	PSMA7	9.11964149198986
SLCO4A1 (28231)	SLCO4A1	5.00090140274153
NTSR1 (4923)	NTSR1	4.48542682717024
MRGBP (55257)	MRGBP	5.24944534108584
TCFL5 (10732)	TCFL5	3.69265037003553
DIDO1 (11083)	DIDO1	5.33913738491959
GID8 (54994)	GID8	5.39094277280254
SLC17A9 (63910)	SLC17A9	5.55918586578773
BIRC7 (79444)	BIRC7	0.941106310946431
NKAIN4 (128414)	NKAIN4	0.0565835283663675
ARFGAP1 (55738)	ARFGAP1	6.22187708107703
AVP (551)	AVP	0
COL20A1 (57642)	COL20A1	0.124328135002202
CHRNA4 (1137)	CHRNA4	0
EEF1A2 (1917)	EEF1A2	5.40122086216022
PTK6 (5753)	PTK6	4.22804904788446
GMEB2 (26205)	GMEB2	3.854993016757
C20orf27 (54976)	C20orf27	5.7338966052475
SPEF1 (25876)	SPEF1	0.189033824390017
CDC25B (994)	CDC25B	5.74065777162389
ISM1 (140862)	ISM1	0.0565835283663675
RNF24 (11237)	RNF24	1.78659636189081
ARFRP1 (10139)	ARFRP1	5.30560578958543
NDUFAF5 (79133)	NDUFAF5	3.92884403671257
SEL1L2 (80343)	SEL1L2	0
TRIB3 (57761)	TRIB3	5.43962313755712
RASSF2 (9770)	RASSF2	0.0143552929770701
CSNK2A1 (1457)	CSNK2A1	6.50255337981306
SLC52A3 (113278)	SLC52A3	3.58976348698498
ANGPT4 (51378)	ANGPT4	0.0426443374084937
RSPO4 (343637)	RSPO4	0
CDS2 (8760)	CDS2	2.60407132366886
PROKR2 (128674)	PROKR2	0
HM13 (81502)	HM13	7.2728630232019
SNPH (9751)	SNPH	0.070389327891398
MYLK2 (85366)	MYLK2	0.150559676575381
SIRPB1 (10326)	SIRPB1	0
SEC23B (10483)	SEC23B	5.67779010121666
FERMT1 (55612)	FERMT1	6.12598165385472
HAO1 (54363)	HAO1	0.0426443374084937
PDYN (5173)	PDYN	0
CCM2L (140706)	CCM2L	0
PLCB4 (5332)	PLCB4	1.29278174922785
MYL9 (10398)	MYL9	0.782408564927373
HCK (3055)	HCK	0.0285691521967709
TM9SF4 (9777)	TM9SF4	5.50016467949217
TLDC2 (140711)	TLDC2	0.333423733725192
CRNKL1 (51340)	CRNKL1	3.32768736417605
POFUT1 (23509)	POFUT1	5.09592441999854
SAMHD1 (25939)	SAMHD1	2.8499992594661
PAK5 (57144)	PAK5	0
KIF3B (9371)	KIF3B	4.90785207184596
MROH8 (140699)	MROH8	0.0976107966264223
NOP56 (10528)	NOP56	8.56864019541922
MANBAL (63905)	MANBAL	6.06091204958787
IDH3B (3420)	IDH3B	6.69557630622205
MAPRE1 (22919)	MAPRE1	6.81826260830447
JAG1 (182)	JAG1	2.6915341649192
CDK5RAP1 (51654)	CDK5RAP1	5.13504228623365
SNTA1 (6640)	SNTA1	0.575312330687437
OXT (5020)	OXT	0
TTI1 (9675)	TTI1	4.51096191927738
E2F1 (1869)	E2F1	4.89481776330794
RPRD1B (58490)	RPRD1B	4.96532254836725
PXMP4 (11264)	PXMP4	3.34624777408278
CHMP4B (128866)	CHMP4B	7.65842572848259
BPI (671)	BPI	0
CST9L (128821)	CST9L	0
SLC32A1 (140679)	SLC32A1	0
CST3 (1471)	CST3	7.3973751544161
ASIP (434)	ASIP	0.214124805352847
CST4 (1472)	CST4	0
ACTR5 (79913)	ACTR5	3.52230689287139
WFDC2 (10406)	WFDC2	4.47767732756531
AHCY (191)	AHCY	8.01357391918829
PPP1R16B (26051)	PPP1R16B	0.0143552929770701
SPINT3 (10816)	SPINT3	0
FAM83D (81610)	FAM83D	5.01480160235136
EPPIN (57119)	EPPIN	0
DHX35 (60625)	DHX35	3.75808993420181
DNTTIP1 (116092)	DNTTIP1	5.00943675560809
MAP1LC3A (84557)	MAP1LC3A	2.07724299893246
SYNDIG1 (79953)	SYNDIG1	0.0143552929770701
PIGU (128869)	PIGU	5.14323013477689
TNNC2 (7125)	TNNC2	0.422233000683048
ACOT8 (10005)	ACOT8	5.12722055048807
APMAP (57136)	APMAP	6.1471031439241
CELF4 (56853)	CELF4	0
ZNF516 (9658)	ZNF516	1.90689059560852
CDH20 (28316)	CDH20	0
ADNP2 (22850)	ADNP2	3.33199177823206
RBFA (79863)	RBFA	4.41481206056585
USP14 (9097)	USP14	6.02547181462118
VAPA (9218)	VAPA	7.09971599916091
METTL4 (64863)	METTL4	3.34340782229781
LPIN2 (9663)	LPIN2	4.80426011563474
SMCHD1 (23347)	SMCHD1	4.5465858290081
MYOM1 (8736)	MYOM1	0.27500704749987
MYL12A (10627)	MYL12A	8.47476049957678
CEP76 (79959)	CEP76	3.62293035092018
ST8SIA5 (29906)	ST8SIA5	0
CEP192 (55125)	CEP192	4.83035674741922
RNMT (8731)	RNMT	4.2667865406949
SMAD7 (4092)	SMAD7	3.44095219802964
LIPG (9388)	LIPG	4.44625622988956
LAMA1 (284217)	LAMA1	0.0285691521967709
RNF125 (54941)	RNF125	1.54101915313356
ANKRD12 (23253)	ANKRD12	2.63226821549951
NOL4 (8715)	NOL4	0
POLI (11201)	POLI	2.37016428054021
MIB1 (57534)	MIB1	2.83794324189103
RBBP8 (5932)	RBBP8	4.77030048949942
RIOK3 (8780)	RIOK3	4.91025296279928
CSTF2 (1478)	CSTF2	5.42155994490182
H2BFM (286436)	H2BFM	0
MXRA5 (25878)	MXRA5	0
VSIG1 (340547)	VSIG1	0.214124805352847
PSMD10 (5716)	PSMD10	5.53200519379057
ATG4A (115201)	ATG4A	2.36737106564853
STS (412)	STS	1.24488705912353
TBL1X (6907)	TBL1X	3.01613970265525
GPR143 (4935)	GPR143	0
PGRMC1 (10857)	PGRMC1	6.83314309635834
POLA1 (5422)	POLA1	2.98185265328974
MID1 (4281)	MID1	1.61823865559545
NKAP (79576)	NKAP	1.88752527074159
RHOXF1 (158800)	RHOXF1	0.137503523749935
NXT2 (55916)	NXT2	3.09085343045111
GUCY2F (2986)	GUCY2F	0
ATP1B4 (23439)	ATP1B4	0
ALG13 (79868)	ALG13	5.35684807923652
PRPS2 (5634)	PRPS2	3.25550073314839
TLR8 (51311)	TLR8	0
MOSPD1 (56180)	MOSPD1	3.13914201914569
AMMECR1 (9949)	AMMECR1	3.46858331700683
CHRDL1 (91851)	CHRDL1	0
WDR13 (64743)	WDR13	5.46597446450407
SUV39H1 (6839)	SUV39H1	3.91169158187234
PAGE4 (9506)	PAGE4	0
SRPX (8406)	SRPX	0.0426443374084937
GLRA2 (2742)	GLRA2	0
XIAP (331)	XIAP	4.50716034911752
STAG2 (10735)	STAG2	5.10433665981474
ATP11C (286410)	ATP11C	1.09761079662642
MCF2 (4168)	MCF2	0
F9 (2158)	F9	0
ABCD1 (215)	ABCD1	2.95233356636969
CCDC22 (28952)	CCDC22	3.4276061727819
CACNA1F (778)	CACNA1F	0.0426443374084937
SYP (6855)	SYP	0.722466024471091
PLP2 (5355)	PLP2	5.78319470337615
BMX (660)	BMX	0
LUZP4 (51213)	LUZP4	0
PLS3 (5358)	PLS3	5.41312014640349
NAA10 (8260)	NAA10	7.79603960882977
RENBP (5973)	RENBP	0.31034012061215
ELF4 (2000)	ELF4	4.71369581484336
SMARCA1 (6594)	SMARCA1	4.13422093976063
MTMR8 (55613)	MTMR8	1.35614381022528
ASB9 (140462)	ASB9	0.650764559116902
ZC3H12B (340554)	ZC3H12B	0.16349873228288
RBBP7 (5931)	RBBP7	7.40548188197721
PPP1R2C (80316)	PPP1R2C	0
KCND1 (3750)	KCND1	0.176322772640463
OPN1LW (5956)	OPN1LW	0
SLC25A14 (9016)	SLC25A14	3.67355642399014
FMR1 (2332)	FMR1	4.81249822533356
PIM2 (11040)	PIM2	3.14730669878029
SCML2 (10389)	SCML2	1.61823865559545
SLC35A2 (7355)	SLC35A2	5.75114232472695
PQBP1 (10084)	PQBP1	6.51696065989882
RS1 (6247)	RS1	0.0143552929770701
PCSK1N (27344)	PCSK1N	0
EMD (2010)	EMD	6.549823164967
TAZ (6901)	TAZ	4.68650052718322
RAB40AL (282808)	RAB40AL	0.250961573533219
PGK1 (5230)	PGK1	8.29553937040683
GATA1 (2623)	GATA1	0.111031312388744
MAGT1 (84061)	MAGT1	4.97039353791468
SMS (6611)	SMS	7.37199439319365
PHEX (5251)	PHEX	0.22650852980868
UBL4A (8266)	UBL4A	6.02081330425245
CD99L2 (83692)	CD99L2	2.33913738491959
EEA1 (8411)	EEA1	1.91073266190291
GPR50 (9248)	GPR50	0.0426443374084937
RP2 (6102)	RP2	3.41818994794577
JADE3 (9767)	JADE3	3.12101540096137
CDK16 (5127)	CDK16	6.03957710306068
USP11 (8237)	USP11	4.31397137105902
PCYT1B (9468)	PCYT1B	0
BRS3 (680)	BRS3	0
HTATSF1 (27336)	HTATSF1	5.80529245560071
VGLL1 (51442)	VGLL1	1.78240856492737
CD40LG (959)	CD40LG	0
TIMP1 (7076)	TIMP1	6.36439733732132
KLHL4 (56062)	KLHL4	0.0285691521967709
GABRE (2564)	GABRE	4.50398470389761
PCDH11X (27328)	PCDH11X	0
FGD1 (2245)	FGD1	0.871843648509318
PIN4 (5303)	PIN4	5.69125497865014
PORCN (64840)	PORCN	2.31614574229336
ITIH6 (347365)	ITIH6	0.189033824390017
MAGED2 (10916)	MAGED2	5.01970191444255
RBM3 (5935)	RBM3	7.96468741956946
KLF8 (11279)	KLF8	0.978195629681652
SRPX2 (27286)	SRPX2	0.356143810225275
SYTL4 (94121)	SYTL4	1.73552217729654
ZDHHC15 (158866)	ZDHHC15	0
CENPI (2491)	CENPI	3.28983446517751
DRP2 (1821)	DRP2	0.0976107966264223
TAF7L (54457)	TAF7L	0
PBDC1 (51260)	PBDC1	5.31723170022261
GLA (2717)	GLA	5.32517051237605
ARMCX3 (51566)	ARMCX3	3.99186193055632
BEX4 (56271)	BEX4	0.0976107966264223
RUBCNL (80183)	RUBCNL	0.111031312388744
NALCN (259232)	NALCN	0.0143552929770701
FGF14 (2259)	FGF14	0
HTR2A (3356)	HTR2A	0.0143552929770701
NDFIP2 (54602)	NDFIP2	4.96578428466209
TNFSF13B (10673)	TNFSF13B	0.650764559116902
FNDC3A (22862)	FNDC3A	3.87381319835909
MLNR (2862)	MLNR	0
CDADC1 (81602)	CDADC1	3.71479501111816
CAB39L (81617)	CAB39L	2.39506279951758
KLF5 (688)	KLF5	7.20877084844755
STK24 (8428)	STK24	6.37225564844579
ACP5 (54)	ACP5	0.956056652412403
DNAJC3 (5611)	DNAJC3	3.83187724119167
UGGT2 (55757)	UGGT2	3.81455042346181
ARHGEF7 (8874)	ARHGEF7	4.77399632511117
FGF9 (2254)	FGF9	3.41683974191283
SGCG (6445)	SGCG	0
PARP4 (143)	PARP4	6.10726939359254
SUPT20H (55578)	SUPT20H	5.54874485993723
MRPS31 (10240)	MRPS31	4.60940039000643
SLC25A15 (10166)	SLC25A15	4.11852584893567
KPNA3 (3839)	KPNA3	4.72955277045397
FLT1 (2321)	FLT1	0
RGCC (28984)	RGCC	1.95977015521147
VWA8 (23078)	VWA8	3.60880924267552
DGKH (160851)	DGKH	3.74631276642546
KATNAL1 (84056)	KATNAL1	0.250961573533219
INTS6 (26512)	INTS6	4.2861418728343
ACOD1 (730249)	ACOD1	0
DHRS12 (79758)	DHRS12	2.98002530023873
MEDAG (84935)	MEDAG	0.0143552929770701
TSC22D1 (8848)	TSC22D1	5.7967534769737
CLN5 (1203)	CLN5	3.04614178164472
OLFM4 (10562)	OLFM4	0.0143552929770701
MSLN (10232)	MSLN	2.90881290773955
MGRN1 (23295)	MGRN1	4.57349571549561
ZNF629 (23361)	ZNF629	3.26903314645524
TRADD (8717)	TRADD	3.88655014732434
HSF4 (3299)	HSF4	4.66334461936609
CORO1A (11151)	CORO1A	3.59215800212536
MAPK3 (5595)	MAPK3	4.82527683005487
GDPD3 (79153)	GDPD3	1.01435529297707
ELMO3 (79767)	ELMO3	4.61235249875266
MT4 (84560)	MT4	0
PHKB (5257)	PHKB	4.92124588858559
LYRM1 (57149)	LYRM1	4.67129337248158
NUTF2 (10204)	NUTF2	6.78476569631639
NUP93 (9688)	NUP93	5.36806987653208
CENPT (80152)	CENPT	4.30158764660319
TSNAXIP1 (55815)	TSNAXIP1	0.250961573533219
NFAT5 (10725)	NFAT5	2.91456452349394
LONP2 (83752)	LONP2	3.57046293102604
N4BP1 (9683)	N4BP1	2.92789645372882
CBLN1 (869)	CBLN1	0.6959938131099
ARL2BP (23568)	ARL2BP	3.13422093976063
PLLP (51090)	PLLP	0.565597175854225
ZNF423 (23090)	ZNF423	0
CCL22 (6367)	CCL22	0.0285691521967709
DHODH (1723)	DHODH	3.68369645430652
CCL17 (6361)	CCL17	0
CTCF (10664)	CTCF	5.07167687375186
ACD (65057)	ACD	4.94719858426206
POLR2C (5432)	POLR2C	6.30414594120295
PARD6A (50855)	PARD6A	3.07553263116736
ZNF821 (55565)	ZNF821	2.28095631383106
MMP15 (4324)	MMP15	4.70043971814109
USB1 (79650)	USB1	4.97911075501579
CYB5B (80777)	CYB5B	6.54272236185832
CCDC113 (29070)	CCDC113	0.895302621333307
PRSS54 (221191)	PRSS54	0
NME3 (4832)	NME3	5.73606362787181
NDRG4 (65009)	NDRG4	2.37573453858316
PSMD7 (5713)	PSMD7	7.28909670241999
SETD6 (79918)	SETD6	5.18388345903223
SLC38A7 (55238)	SLC38A7	3.36597242759338
VAC14 (55697)	VAC14	4.57228336665041
HAS3 (3038)	HAS3	0.505890929729957
TANGO6 (79613)	TANGO6	1.61823865559545
COG4 (25839)	COG4	5.42223300068305
SMPD3 (55512)	SMPD3	3.03033607837096
SLC7A6OS (84138)	SLC7A6OS	3.80838505065609
SLC7A6 (9057)	SLC7A6	4.0574502721839
PLA2G15 (23659)	PLA2G15	3.06004738366994
ESRP2 (80004)	ESRP2	5.40122086216022
FA2H (79152)	FA2H	4.29425313644451
WDR59 (79726)	WDR59	4.38681094647222
MON1B (22879)	MON1B	4.7311832415722
CMC2 (56942)	CMC2	6.80980027754532
AXIN1 (8312)	AXIN1	4.76818432477693
HCFC1R1 (54985)	HCFC1R1	4.17072627613155
NPRL3 (8131)	NPRL3	4.17552460108987
MLYCD (23417)	MLYCD	1.48026512205446
MPG (4350)	MPG	5.98413359454098
NECAB2 (54550)	NECAB2	0.214124805352847
HSDL1 (83693)	HSDL1	3.20633064787105
TAF1C (9013)	TAF1C	5.01033228328482
NAGPA (51172)	NAGPA	3.4276061727819
WFDC1 (58189)	WFDC1	0.070389327891398
SEC14L5 (9717)	SEC14L5	0.0143552929770701
COTL1 (23406)	COTL1	5.8703647195834
USP10 (9100)	USP10	5.72628628972067
CRISPLD2 (83716)	CRISPLD2	1.37851162325373
TSC2 (7249)	TSC2	5.75675645130727
ZNF500 (26048)	ZNF500	2.68481873755322
NME4 (4833)	NME4	3.60050764534579
ABCC1 (4363)	ABCC1	4.4535175792155
NOMO3 (408050)	NOMO3	4.28392177230762
LMF1 (64788)	LMF1	1.90689059560852
FOXF1 (2294)	FOXF1	0
CIAO3 (64428)	CIAO3	4.33842441478356
MTHFSD (64779)	MTHFSD	3.78972925137577
CLCN7 (1186)	CLCN7	5.06091204958787
HAGHL (84264)	HAGHL	5.01524777369894
FAM173A (65990)	FAM173A	4.32192809488736
SLC7A5 (8140)	SLC7A5	6.27370236873565
METRN (79006)	METRN	3.26903314645524
FBXO31 (79791)	FBXO31	3.21567859660793
STUB1 (10273)	STUB1	6.78004757606187
RHBDL1 (9028)	RHBDL1	1.93734439215023
NUBP1 (4682)	NUBP1	4.33199177823206
UBE2I (7329)	UBE2I	6.5298209465287
ZP2 (7783)	ZP2	0
MEFV (4210)	MEFV	0.0426443374084937
CRYM (1428)	CRYM	0.765534746362977
EEF2K (29904)	EEF2K	2.90689059560852
CAPN15 (6650)	CAPN15	5.27724089833207
PIEZO1 (9780)	PIEZO1	6.86319511247319
GSPT1 (2935)	GSPT1	6.53060141451683
ZNF174 (7727)	ZNF174	2.73984810269933
CLUAP1 (23059)	CLUAP1	1.78240856492737
UBFD1 (56061)	UBFD1	4.68929916053589
PRSS33 (260429)	PRSS33	0
EARS2 (124454)	EARS2	4.58195375084882
ELOB (6923)	ELOB	8.42294777856856
GGA2 (23062)	GGA2	4.64038956005495
AQP8 (343)	AQP8	0
CPPED1 (55313)	CPPED1	0.0426443374084937
USP31 (57478)	USP31	1.97452931248388
HMOX2 (3163)	HMOX2	5.74792441623844
DNAJA3 (9093)	DNAJA3	5.60050764534579
BFAR (51283)	BFAR	5.51759065774328
SALL1 (6299)	SALL1	0
TOX3 (27324)	TOX3	3.70265754339091
RBL2 (5934)	RBL2	4.71753934339116
QPRT (23475)	QPRT	3.34056226902641
XYLT1 (64131)	XYLT1	0.070389327891398
PYCARD (29108)	PYCARD	5.59663703410207
RPGRIP1L (23322)	RPGRIP1L	2.72683121703249
MAZ (4150)	MAZ	7.42978332050851
STX4 (6810)	STX4	4.58676474335514
CDIPT (10423)	CDIPT	5.31215688831337
BCKDK (10295)	BCKDK	4.54225804976692
KAT8 (84148)	KAT8	5.1106138055009
NOMO1 (23420)	NOMO1	5.38508585354768
IL21R (50615)	IL21R	0.070389327891398
SYT17 (51760)	SYT17	0.189033824390017
TMC5 (79838)	TMC5	4.605257262939
CCP110 (9738)	CCP110	3.06004738366994
VPS35L (57020)	VPS35L	1.24488705912353
SLC6A2 (6530)	SLC6A2	0
RNF40 (9810)	RNF40	5.63836350589786
KNOP1 (400506)	KNOP1	4.93168305705981
AQP9 (366)	AQP9	0
AAGAB (79719)	AAGAB	5.61911951145322
IQCH (64799)	IQCH	1.50589092972996
LACTB (114294)	LACTB	2.85996954822103
CORO2B (10391)	CORO2B	0.0143552929770701
CSK (1445)	CSK	5.8171115727957
HERC1 (8925)	HERC1	4.66845955691538
TRIP4 (9325)	TRIP4	4.10517519226548
MTFMT (123263)	MTFMT	3.73876783680019
RASL12 (51285)	RASL12	0.0565835283663675
AP3B2 (8120)	AP3B2	0.176322772640463
ACSBG1 (23205)	ACSBG1	0.75702324650746
IGDCC4 (57722)	IGDCC4	0
RAB11A (8766)	RAB11A	8.70269216987247
CTSH (1512)	CTSH	7.67842408259294
TTC23 (64927)	TTC23	3.62643913669732
CD276 (80381)	CD276	5.30560578958543
FAH (2184)	FAH	4.68032435684402
CEMIP (57214)	CEMIP	3.59931779369823
RPAP1 (26015)	RPAP1	4.14241343787374
HOMER2 (9455)	HOMER2	0.970853654340484
EHD4 (30844)	EHD4	4.09085343045111
TMEM87A (25963)	TMEM87A	5.73036823634901
ZNF106 (64397)	ZNF106	4.32912359629157
CEP152 (22995)	CEP152	3.52105073690096
ATP8B4 (79895)	ATP8B4	0.367371065648529
OCA2 (4948)	OCA2	0.0143552929770701
DTWD1 (56986)	DTWD1	4.54101915313356
TGM5 (9333)	TGM5	0
FAM189A1 (23359)	FAM189A1	0.0285691521967709
GABPB1 (2553)	GABPB1	4.12598165385472
TJP1 (7082)	TJP1	5.22265002245148
BMF (90427)	BMF	2.23878685958712
DMXL2 (23312)	DMXL2	4.13668357769724
SCG3 (29106)	SCG3	0.070389327891398
DNAJC17 (55192)	DNAJC17	5.20711196120771
EIF3J (8669)	EIF3J	6.70804925170222
SPG11 (80208)	SPG11	5.27909980213375
RHOV (171177)	RHOV	1.33342373372519
VPS18 (57617)	VPS18	3.81864608282254
OIP5 (11339)	OIP5	5.33556900555675
SLC30A4 (7782)	SLC30A4	0.16349873228288
BLOC1S6 (26258)	BLOC1S6	4.94719858426206
MYEF2 (50804)	MYEF2	3.82273014794452
SGK3 (23678)	SGK3	1.34482849699744
PDGFRL (5157)	PDGFRL	0.0426443374084937
CSPP1 (79848)	CSPP1	3.36737106564853
ZDHHC2 (51201)	ZDHHC2	0.565597175854225
BRF2 (55290)	BRF2	2.01077983875324
TRIM35 (23087)	TRIM35	1.77820857639809
ZFAND1 (79752)	ZFAND1	6.28206907519813
RP1 (6101)	RP1	0.0976107966264223
CA2 (760)	CA2	4.4235781709818
FZD3 (7976)	FZD3	0.687060688339892
INTS9 (55756)	INTS9	2.4931349223055
RIPK2 (8767)	RIPK2	3.75488750216347
EYA1 (2138)	EYA1	0.0143552929770701
NBN (4683)	NBN	3.87578006306849
TRPA1 (8989)	TRPA1	0.0426443374084937
CPQ (10404)	CPQ	0.0840642647884745
DECR1 (1666)	DECR1	5.07124781946144
CALB1 (793)	CALB1	0.150559676575381
IMPAD1 (54928)	IMPAD1	3.82171021503467
SFRP1 (6422)	SFRP1	0.0840642647884745
LAPTM4B (55353)	LAPTM4B	5.59424994765735
UBE2W (55284)	UBE2W	2.92219784839637
POP1 (10940)	POP1	3.76659516172927
NIPAL2 (79815)	NIPAL2	1.80322703643493
IKBKB (3551)	IKBKB	3.0232553523003
PLAT (5327)	PLAT	0.389566811762726
JPH1 (56704)	JPH1	1.64616265715789
DKK4 (27121)	DKK4	0.356143810225275
STK3 (6788)	STK3	3.28983446517751
GDAP1 (54332)	GDAP1	0.53605290024021
RAB2A (5862)	RAB2A	5.9205315062779
EIF3E (3646)	EIF3E	8.31863318714063
EMC2 (9694)	EMC2	5.47118746038699
ESRP1 (54845)	ESRP1	5.87921563716567
WISP1 (8840)	WISP1	0.0840642647884745
NDRG1 (10397)	NDRG1	5.16751850373522
ZC2HC1A (51101)	ZC2HC1A	1.17632277264046
IL7 (3574)	IL7	0.176322772640463
STMN2 (11075)	STMN2	0
ARMC1 (55156)	ARMC1	4.10265813136374
TRPS1 (7227)	TRPS1	2.799087306074
SPAG1 (6674)	SPAG1	3.39094277280254
CHRAC1 (54108)	CHRAC1	6.72191944555154
NCALD (83988)	NCALD	0.16349873228288
SNX16 (64089)	SNX16	2.16671544496642
GML (2765)	GML	0
UBR5 (51366)	UBR5	5.55090066464752
GSDMD (79792)	GSDMD	4.61529857909211
TSTA3 (7264)	TSTA3	7.14282184411593
PYCR3 (65263)	PYCR3	3.68257329734758
EEF1D (1936)	EEF1D	9.43818887130992
ANXA13 (312)	ANXA13	5.83819543925919
SQLE (6713)	SQLE	7.55619947335199
SH2D4A (63898)	SH2D4A	4.2861418728343
INTS10 (55174)	INTS10	4.15785216914174
ERI1 (90459)	ERI1	2.18269229751619
SLC39A14 (23516)	SLC39A14	4.03650333373899
MTMR9 (66036)	MTMR9	1.14404636961671
LEPROTL1 (23484)	LEPROTL1	3.46597446450407
DCTN6 (10671)	DCTN6	4.22727899446832
R3HCC1 (203069)	R3HCC1	3.23572705983806
GSR (2936)	GSR	4.63110428236588
TNFRSF10A (8797)	TNFRSF10A	2.84197311892718
UBXN8 (7993)	UBXN8	2.42223300068305
PPP2CB (5516)	PPP2CB	4.28688114778816
ERICH1 (157697)	ERICH1	3.18269229751619
NEFM (4741)	NEFM	0
TUSC3 (7991)	TUSC3	0.214124805352847
ARHGEF10 (9639)	ARHGEF10	0.124328135002202
KLHDC4 (54758)	KLHDC4	5.47994190147713
MCM4 (4173)	MCM4	7.56086777424485
ADAM2 (2515)	ADAM2	0
KCTD9 (54793)	KCTD9	4.08151006812092
FGL1 (2267)	FGL1	0.070389327891398
ASAH1 (427)	ASAH1	4.77082904603249
BNIP3L (665)	BNIP3L	2.790772037862
MAN2B1 (4125)	MAN2B1	3.76553474636298
KCNN4 (3783)	KCNN4	0.454175893185802
TULP2 (7288)	TULP2	0
NUCB1 (4924)	NUCB1	6.64371191305668
DHDH (27294)	DHDH	0.124328135002202
GYS1 (2997)	GYS1	5.34801990922869
MAP4K1 (11184)	MAP4K1	1.02856915219677
CGB2 (114336)	CGB2	0
ECH1 (1891)	ECH1	8.87113518424304
HNRNPL (3191)	HNRNPL	8.38577613826941
NFKBIB (4793)	NFKBIB	5.34766565630097
LHB (3972)	LHB	0.37851162325373
CGB3 (1082)	CGB3	0
TUBB4A (10382)	TUBB4A	0.0143552929770701
SARS2 (54938)	SARS2	5.40973035386445
KCNA7 (3743)	KCNA7	0
SNRNP70 (6625)	SNRNP70	8.18512320736055
CLPTM1 (1209)	CLPTM1	6.15441308517497
RELB (5971)	RELB	2.19849415363908
CLASRP (11129)	CLASRP	6.14791719108402
LIN7B (64130)	LIN7B	2.6507645591169
PPP1R37 (284352)	PPP1R37	4.55949181320504
FCGRT (2217)	FCGRT	6.18030701996943
PIH1D1 (55011)	PIH1D1	7.6646250548693
CKM (1158)	CKM	0.0976107966264223
ARHGEF18 (23370)	ARHGEF18	3.46074256378964
PPP1R13L (10848)	PPP1R13L	4.93262815702213
PEX11G (92960)	PEX11G	1.43829285157915
ERCC2 (2068)	ERCC2	4.71149490665009
DOT1L (84444)	DOT1L	3.41683974191283
PLEKHJ1 (55111)	PLEKHJ1	6.92552476974757
SLC17A7 (57030)	SLC17A7	0.37851162325373
RNASEH2A (10535)	RNASEH2A	4.83794324189103
KLC3 (147700)	KLC3	0.250961573533219
CD37 (951)	CD37	2.27202318906105
SF3A2 (8175)	SF3A2	5.38646609286931
AMH (268)	AMH	2.44890095114513
DKKL1 (27120)	DKKL1	0.150559676575381
LYL1 (4066)	LYL1	0.0285691521967709
OAZ1 (4946)	OAZ1	9.93865335937451
TRMT1 (55621)	TRMT1	4.61765111942733
STX10 (8677)	STX10	5.93757979967966
RETN (56729)	RETN	0
FCER2 (2208)	FCER2	0.0840642647884745
DMPK (1760)	DMPK	4.71369581484336
CLEC4M (10332)	CLEC4M	0
RSPH6A (81492)	RSPH6A	0.0143552929770701
TBC1D17 (79735)	TBC1D17	5.50430258316317
IL4I1 (259307)	IL4I1	0.565597175854225
TLE6 (79816)	TLE6	0.748461233004036
CCDC130 (81576)	CCDC130	3.94392132655349
PTOV1 (53635)	PTOV1	6.65635335245763
AES (166)	AES	7.80928581019891
NOVA2 (4858)	NOVA2	0
SGTA (6449)	SGTA	5.69237139970866
LILRB1 (10859)	LILRB1	0
MED25 (81857)	MED25	5.67129337248158
LILRA1 (11024)	LILRA1	0
SNAPC2 (6618)	SNAPC2	3.03210084316702
C19orf53 (28974)	C19orf53	6.39763185410674
TIMM44 (10469)	TIMM44	5.68116812041669
CCDC61 (729440)	CCDC61	3.32912359629157
IL27RA (9466)	IL27RA	0.238786859587116
ASF1B (55723)	ASF1B	6.23438635409455
TNNT1 (7138)	TNNT1	2.55090066464752
VRK3 (51231)	VRK3	5.36737106564853
FAM32A (26017)	FAM32A	5.97475873047608
PPP6R1 (22870)	PPP6R1	5.48574882137778
C19orf44 (84167)	C19orf44	2.02502879449152
MED26 (9441)	MED26	2.1243281350022
OLFM2 (93145)	OLFM2	0.137503523749935
RASAL3 (64926)	RASAL3	0.0285691521967709
AKAP8 (10270)	AKAP8	3.96532254836725
EPHX3 (79852)	EPHX3	0.070389327891398
ILVBL (10994)	ILVBL	4.56864019541922
ZNF419 (79744)	ZNF419	2.59693514238723
SYDE1 (85360)	SYDE1	0.0426443374084937
CASP14 (23581)	CASP14	0
SLC1A6 (6511)	SLC1A6	0
AURKC (6795)	AURKC	0.422233000683048
POP4 (10775)	POP4	6.70997983224002
CCNE1 (898)	CCNE1	3.87970576628229
URI1 (8725)	URI1	5.74443022998792
PDCD5 (9141)	PDCD5	7.66320227857954
ANKRD27 (84079)	ANKRD27	4.75648960675997
RPS16 (6217)	RPS16	11.9520131648895
TIMM50 (92609)	TIMM50	6.68832025628797
LGALS13 (29124)	LGALS13	0
FBL (2091)	FBL	9.4631769402826
DYRK1B (9149)	DYRK1B	4.24564777363675
CLC (1178)	CLC	0
CNTD2 (79935)	CNTD2	0.7311832415722
GPI (2821)	GPI	8.50926037110756
AKT2 (208)	AKT2	6.40990003278742
PLD3 (23646)	PLD3	6.57712666130705
PRX (57716)	PRX	1.09761079662642
PIAS4 (51588)	PIAS4	3.78764141448333
NUMBL (9253)	NUMBL	2.87184364850932
EBI3 (10148)	EBI3	0
YJU2 (55702)	YJU2	3.60407132366886
SHD (56961)	SHD	0.687060688339892
TBCB (1155)	TBCB	7.19249009261149
FSD1 (79187)	FSD1	0.189033824390017
POLR2I (5438)	POLR2I	6.69181329717138
OVOL3 (728361)	OVOL3	0
CLIP3 (25999)	CLIP3	0.978195629681652
ZFR2 (23217)	ZFR2	0
SLC1A5 (6510)	SLC1A5	8.28618808861894
PRKD2 (25865)	PRKD2	5.4867143730307
TJP3 (27134)	TJP3	4.74038793246835
APLP1 (333)	APLP1	2.02856915219677
CACTIN (58509)	CACTIN	3.71918344048179
CCDC9 (26093)	CCDC9	4.91838623444635
HNRNPUL1 (11100)	HNRNPUL1	7.62087961135541
FZR1 (51343)	FZR1	3.84197311892718
BBC3 (27113)	BBC3	3.28688114778816
TGFB1 (7040)	TGFB1	2.46466826700344
DENND3 (22898)	DENND3	3.93262815702213
DMAC2 (55101)	DMAC2	6.17192735435346
CEACAM4 (1089)	CEACAM4	0
PLIN3 (10226)	PLIN3	4.81506301719287
MYH14 (79784)	MYH14	7.00517539133194
MRPL4 (51073)	MRPL4	5.84423498775875
SIGLEC8 (27181)	SIGLEC8	0
CD79A (973)	CD79A	0.27500704749987
LIM2 (3982)	LIM2	0
ICAM4 (3386)	ICAM4	0.333423733725192
RPS19 (6223)	RPS19	12.1268012514648
NOP53 (29997)	NOP53	8.5710320639542
NKG7 (4818)	NKG7	0.137503523749935
ICAM5 (7087)	ICAM5	0.871843648509318
ETFB (2109)	ETFB	8.73900421409392
CD33 (945)	CD33	0.250961573533219
CEACAM5 (1048)	CEACAM5	2.61353165291793
CRX (1406)	CRX	0
BABAM1 (29086)	BABAM1	5.65191274464578
TYK2 (7297)	TYK2	5.11270013274936
SULT2A1 (6822)	SULT2A1	0
CDC37 (11140)	CDC37	7.00337736020232
NAPA (8775)	NAPA	6.49489557548345
RABAC1 (10567)	RABAC1	6.74456477837141
ATP1A3 (478)	ATP1A3	0.20163386116965
MEIS3 (56917)	MEIS3	0.505890929729957
PTPRS (5802)	PTPRS	0.0840642647884745
CNFN (84518)	CNFN	2.58255600301406
ZNRF4 (148066)	ZNRF4	0
MEGF8 (1954)	MEGF8	3.21723071622067
KDELR1 (10945)	KDELR1	7.59522017792757
CYTH2 (9266)	CYTH2	6.05463144878297
GRWD1 (83743)	GRWD1	5.3526172989585
GRIN2D (2906)	GRIN2D	2.90496571868403
SYNGR4 (23546)	SYNGR4	1.15055967657538
CLEC11A (6320)	CLEC11A	0.992768430768924
CCDC114 (93233)	CCDC114	0.485426827170242
CARD8 (22900)	CARD8	4.07382023329167
LIG1 (3978)	LIG1	6.31288295528436
SIGLEC6 (946)	SIGLEC6	0
ZNF175 (7728)	ZNF175	2.0036022366802
PLA2G4C (8605)	PLA2G4C	0.111031312388744
SIGLEC5 (8778)	SIGLEC5	0
CABP5 (56344)	CABP5	0
HAS1 (3036)	HAS1	0
RAB3D (9545)	RAB3D	3.21101219348551
DBP (1628)	DBP	2.06004738366994
TMEM205 (374882)	TMEM205	5.75301612873584
CAPS (828)	CAPS	3.67355642399014
PLPPR2 (64748)	PLPPR2	1.32192809488736
FAM83E (54854)	FAM83E	3.73335434061383
RASIP1 (54922)	RASIP1	0.070389327891398
THEG (51298)	THEG	0.286881147788162
FGF21 (26291)	FGF21	0.0565835283663675
BCAT2 (587)	BCAT2	5.03913839390696
MIER2 (54531)	MIER2	3.11935617703968
PLEKHA4 (57664)	PLEKHA4	1.36737106564853
PPP2R1A (5518)	PPP2R1A	6.58691482866512
TNPO2 (30000)	TNPO2	4.77030048949942
WDR83OS (51398)	WDR83OS	6.73023235737166
CACNG7 (59284)	CACNG7	0
GCDH (2639)	GCDH	4.78868571061353
LILRB5 (10990)	LILRB5	0
KLF1 (10661)	KLF1	0
DNASE2 (1777)	DNASE2	3.58736499093646
MAST1 (22983)	MAST1	0.263034405833794
LENG1 (79165)	LENG1	3.36317107711924
PRPF31 (26121)	PRPF31	6.98743456692162
TFPT (29844)	TFPT	3.39369076418745
JAK3 (3718)	JAK3	0.189033824390017
RPL18A (6142)	RPL18A	10.5874024981195
SLC5A5 (6528)	SLC5A5	0.0143552929770701
KCNN1 (3780)	KCNN1	0
ARRDC2 (27106)	ARRDC2	3.60999129521268
PIK3R2 (5296)	PIK3R2	3.64731450954714
RAB3A (5864)	RAB3A	1.83187724119167
PDE4C (5143)	PDE4C	0.263034405833794
ISYNA1 (51477)	ISYNA1	2.38404980679516
ELL (8178)	ELL	2.43028527297778
CRTC1 (23373)	CRTC1	2.15380533607904
COMP (1311)	COMP	0
UPK1A (11045)	UPK1A	0.0426443374084937
COPE (11316)	COPE	6.31741261376487
DDX49 (54555)	DDX49	4.83086375675176
ETV2 (2116)	ETV2	1.76553474636298
ATP4A (495)	ATP4A	0
ARMC6 (93436)	ARMC6	4.76977173924945
TMEM147 (10430)	TMEM147	6.45368218587218
GAPDHS (26330)	GAPDHS	0
MAG (4099)	MAG	0
TMEM59L (25789)	TMEM59L	0.0285691521967709
HAMP (57817)	HAMP	0.0426443374084937
USF2 (7392)	USF2	6.71438291065141
LSR (51599)	LSR	7.45335295377561
KXD1 (79036)	KXD1	5.99616274268106
FKBP8 (23770)	FKBP8	6.70238050161552
SUGP1 (57794)	SUGP1	4.47248777146274
HPN (3249)	HPN	0.464668267003444
ZNF14 (7561)	ZNF14	0.887525270741587
SCN1B (6324)	SCN1B	0.189033824390017
PBX4 (80714)	PBX4	1.29278174922785
ERF (2077)	ERF	6.22554487000337
GSK3A (2931)	GSK3A	5.41582625747291
ATP13A1 (57130)	ATP13A1	4.33842441478356
ZNF574 (64763)	ZNF574	3.76128527336162
GRIK5 (2901)	GRIK5	0.176322772640463
SIPA1L3 (23094)	SIPA1L3	5.09929520433777
ZNF85 (7639)	ZNF85	0.55581615506164
ETHE1 (23474)	ETHE1	6.66192057913509
CADM4 (199731)	CADM4	1.91073266190291
SMG9 (56006)	SMG9	5.70321146739115
AVL9 (23080)	AVL9	4.70210340662939
RUNDC3B (154661)	RUNDC3B	0.0285691521967709
CFAP69 (79846)	CFAP69	2.02147972741045
GTPBP10 (85865)	GTPBP10	3.89044669267991
RASA4 (10156)	RASA4	3.70154905694307
CDK6 (1021)	CDK6	3.5668151540109
PMPCB (9512)	PMPCB	6.13010717865883
DNAJC2 (27000)	DNAJC2	5.50493813164961
TFPI2 (7980)	TFPI2	0.432959407276106
BET1 (10282)	BET1	4.28169825009883
NAMPT (10135)	NAMPT	5.31179371775365
TWISTNB (221830)	TWISTNB	3.35191096110308
PIK3CG (5294)	PIK3CG	0.238786859587116
PON3 (5446)	PON3	2.06695024392463
PON2 (5445)	PON2	6.04154964501142
ITGB8 (3696)	ITGB8	2.19534759832222
HBP1 (26959)	HBP1	4.74685018309805
DUS4L (11062)	DUS4L	3.32768736417605
SP4 (6671)	SP4	1.97819562968165
WDR91 (29062)	WDR91	2.75915583380027
DNAH11 (8701)	DNAH11	0.137503523749935
CBLL1 (79872)	CBLL1	4.22573765346606
DLX5 (1749)	DLX5	0
MTPN (136319)	MTPN	6.53465305587746
STEAP1B (256227)	STEAP1B	0.137503523749935
PTN (5764)	PTN	0.111031312388744
MPP6 (51678)	MPP6	3.26453643099903
GSDME (1687)	GSDME	0.422233000683048
ATP6V0A4 (50617)	ATP6V0A4	0.0285691521967709
ZC3HAV1 (56829)	ZC3HAV1	3.77820857639809
TTC26 (79989)	TTC26	2.94860084749336
OGDH (4967)	OGDH	5.56924802986718
NPVF (64111)	NPVF	0
ADAP1 (11033)	ADAP1	7.18685706717715
TFEC (22797)	TFEC	0
H2AFV (94239)	H2AFV	8.40646013894479
CAV2 (858)	CAV2	3.74631276642546
CAV1 (857)	CAV1	2.96716860753263
MET (4233)	MET	5.85972112892796
RNF32 (140545)	RNF32	1.93357263826102
LMBR1 (64327)	LMBR1	4.95930648975966
WNT2 (7472)	WNT2	0.0143552929770701
HOXA1 (3198)	HOXA1	1.78240856492737
DNAJB6 (10049)	DNAJB6	6.59946657883123
HOXA2 (3199)	HOXA2	2.67581593117227
HOXA3 (3200)	HOXA3	4.28835856219366
LFNG (3955)	LFNG	5.69960715389318
HOXA5 (3202)	HOXA5	4.29057185085208
HOXA6 (3203)	HOXA6	3.74846123300404
BRAT1 (221927)	BRAT1	4.75648960675997
IQCE (23288)	IQCE	3.72027846523333
ANKRD7 (56311)	ANKRD7	0
VIPR2 (7434)	VIPR2	0
TSPAN12 (23554)	TSPAN12	4.51159454153741
SSBP1 (6742)	SSBP1	8.52540335288586
HOXA13 (3209)	HOXA13	4.14974711950468
CPED1 (79974)	CPED1	0.124328135002202
EVX1 (2128)	EVX1	0.0143552929770701
HIBADH (11112)	HIBADH	4.98641093525204
TAX1BP1 (8887)	TAX1BP1	6.05571626351254
CPVL (54504)	CPVL	0.799087306074004
CHN2 (1124)	CHN2	1.85598969730848
GRB10 (2887)	GRB10	2.39231742277876
ABHD11 (83451)	ABHD11	5.70431867776083
COBL (23242)	COBL	2.79285535236249
FKBP14 (55033)	FKBP14	3.18903382439002
PLEKHA8 (84725)	PLEKHA8	2.77820857639809
STX1A (6804)	STX1A	5.79285535236249
NOD1 (10392)	NOD1	2.35895882583233
GARS (2617)	GARS	7.04690571867125
CRHR2 (1395)	CRHR2	0.0143552929770701
EPHB6 (2051)	EPHB6	3.54843662469604
MINDY4 (84182)	MINDY4	2.02147972741045
GHRHR (2692)	GHRHR	0.0565835283663675
CASP2 (835)	CASP2	4.82629424549963
CHCHD2 (51142)	CHCHD2	9.32712594743385
CCL24 (6369)	CCL24	0.111031312388744
HSPB1 (3315)	HSPB1	6.66931028620247
NPTX2 (4885)	NPTX2	0
PDAP1 (11333)	PDAP1	8.73050410252991
BUD31 (8896)	BUD31	7.03782146543497
PTCD1 (26024)	PTCD1	3.02680005934372
CYP3A5 (1577)	CYP3A5	6.17931198921002
ZKSCAN1 (7586)	ZKSCAN1	4.47508488294878
EIF3B (8662)	EIF3B	8.00461374728666
SNX8 (29886)	SNX8	4.69932952567316
NUDT1 (4521)	NUDT1	5.91217080294995
PTPRZ1 (5803)	PTPRZ1	0
TAF6 (6878)	TAF6	5.74523733212975
WASL (8976)	WASL	4.06004738366994
HYAL4 (23553)	HYAL4	0.66902676550963
SPAM1 (6677)	SPAM1	0
AIMP2 (7965)	AIMP2	5.70099449416827
TFR2 (7036)	TFR2	1.13093086982645
FSCN3 (29999)	FSCN3	0.250961573533219
MOSPD3 (64598)	MOSPD3	3.64385618977472
PAX4 (5078)	PAX4	0.713695814843359
PCOLCE (5118)	PCOLCE	2.11769504266975
FBXO24 (26261)	FBXO24	0.298658315564515
PPP1R17 (10842)	PPP1R17	0
RBM28 (55131)	RBM28	5.26190685982807
USP42 (84132)	USP42	2.86591881455221
IMPDH1 (3614)	IMPDH1	6.38214845320422
AGFG2 (3268)	AGFG2	2.90110824301451
LSM5 (23658)	LSM5	6.58886451819015
SERPINE1 (5054)	SERPINE1	0.839959587489532
AP1S1 (1174)	AP1S1	7.92219784839637
MOGAT3 (346606)	MOGAT3	3.3533232911629
C1GALT1 (56913)	C1GALT1	3.99186193055632
PLOD3 (8985)	PLOD3	6.6015479611556
RPA3 (6119)	RPA3	5.82578562746479
ZNHIT1 (10467)	ZNHIT1	6.06716542701711
CLDN15 (24146)	CLDN15	3.44757919654888
NOBOX (135935)	NOBOX	0
GLCCI1 (113263)	GLCCI1	2.72027846523333
MYL10 (93408)	MYL10	0
PHF14 (9678)	PHF14	4.57470704641555
NRF1 (4899)	NRF1	3.37573453858316
TMEM106B (54664)	TMEM106B	3.49697358099828
EZH2 (2146)	EZH2	5.76128527336162
CEP41 (95681)	CEP41	2.60880924267552
ZNF862 (643641)	ZNF862	2.40871186102943
SFRP4 (6424)	SFRP4	0
MEST (4232)	MEST	6.15562781584529
MEOX2 (4223)	MEOX2	0
ANKMY2 (57037)	ANKMY2	3.40053792958373
ACTR3C (653857)	ACTR3C	4.41142624572647
POU6F2 (11281)	POU6F2	0.0285691521967709
TSPAN13 (27075)	TSPAN13	5.82222027162153
RARRES2 (5919)	RARRES2	2.71808758396052
AGR2 (10551)	AGR2	9.79483821523294
AHR (196)	AHR	3.74846123300404
CHCHD3 (54927)	CHCHD3	6.48155728070859
GIMAP2 (26157)	GIMAP2	0
TMEM176B (28959)	TMEM176B	0.55581615506164
GLI3 (2737)	GLI3	0
PSMA2 (5683)	PSMA2	7.21558153366573
MRPL32 (64983)	MRPL32	6.17092652528738
COA1 (55744)	COA1	5.65906827484323
BLVRA (644)	BLVRA	1.31034012061215
URGCP (55665)	URGCP	4.27575204882853
TMEM248 (55069)	TMEM248	5.33556900555675
RHEB (6009)	RHEB	7.14486214291573
PRKAG2 (51422)	PRKAG2	3.26153081524341
AEBP1 (165)	AEBP1	0.0143552929770701
POLD2 (5425)	POLD2	7.70749718241742
MYL7 (58498)	MYL7	0
GCK (2645)	GCK	0.0285691521967709
BCL7B (9275)	BCL7B	5.89530262133331
YKT6 (10652)	YKT6	6.77307325343888
TBL2 (26608)	TBL2	5.27612440527424
GALNTL5 (168391)	GALNTL5	0
CLIP2 (7461)	CLIP2	2.18586654531133
EIF4H (7458)	EIF4H	8.16289479937478
LIMK1 (3984)	LIMK1	3.99186193055632
SPATA6L (55064)	SPATA6L	2.31614574229336
SLC1A1 (6505)	SLC1A1	4.28021399581062
LHX2 (9355)	LHX2	0.0840642647884745
FKTN (2218)	FKTN	2.97085365434048
FSD1L (83856)	FSD1L	1.63691458035588
CNTNAP3 (79937)	CNTNAP3	0.137503523749935
SPIN1 (10927)	SPIN1	4.72846476509253
NMRK1 (54981)	NMRK1	3.13257684267001
TMEM245 (23731)	TMEM245	3.97911075501579
PRUNE2 (158471)	PRUNE2	0.0285691521967709
MEGF9 (1955)	MEGF9	1.77820857639809
TRIM14 (9830)	TRIM14	4.25701061820602
CORO2A (7464)	CORO2A	4.15218341905505
TGFBR1 (7046)	TGFBR1	1.73984810269933
SEC61B (10952)	SEC61B	7.6573541815237
C5 (727)	C5	0.422233000683048
OGN (4969)	OGN	0.0143552929770701
ASPN (54829)	ASPN	0
ECM2 (1842)	ECM2	0.0426443374084937
TLE4 (7091)	TLE4	2.19534759832222
LHX6 (26468)	LHX6	0
PTGR1 (22949)	PTGR1	6.07489072012634
SUSD1 (64420)	SUSD1	3.09085343045111
AMBP (259)	AMBP	2.52857131887076
AKNA (80709)	AKNA	2.22342254993494
TNFSF8 (944)	TNFSF8	0.0565835283663675
DNM1 (1759)	DNM1	6.12990118236507
ENG (2022)	ENG	3.5668151540109
AK1 (203)	AK1	5.62234472272424
CDC37L1 (55664)	CDC37L1	3.0703893278914
RLN2 (6019)	RLN2	0.782408564927373
RLN1 (6013)	RLN1	0.22650852980868
PLGRKT (55848)	PLGRKT	3.98913900736823
TBC1D13 (54662)	TBC1D13	4.34978987024187
RIC1 (57589)	RIC1	2.44360665147561
KDM4C (23081)	KDM4C	3.65191274464578
DOCK8 (81704)	DOCK8	0.0143552929770701
KANK1 (23189)	KANK1	3.91169158187234
ELAVL2 (1993)	ELAVL2	0.0143552929770701
NCS1 (23413)	NCS1	2.24488705912353
TESK1 (7016)	TESK1	3.52481592835751
KCNT1 (57582)	KCNT1	0.0426443374084937
CA9 (768)	CA9	6.00225245173138
FUBP3 (8939)	FUBP3	5.55581615506164
TYRP1 (7306)	TYRP1	0.176322772640463
CREB3 (10488)	CREB3	4.81301154860562
RGP1 (9827)	RGP1	4.06436554026363
MPDZ (8777)	MPDZ	0
LHX3 (8022)	LHX3	0
DDX58 (23586)	DDX58	1.56071495447448
EDF1 (8721)	EDF1	8.61695310931003
PIP5K1B (8395)	PIP5K1B	1.89141918684608
GLIS3 (169792)	GLIS3	1.93357263826102
BAG1 (573)	BAG1	5.96532254836725
RAPGEF1 (2889)	RAPGEF1	3.37016428054021
NPDC1 (56654)	NPDC1	5.71232064074163
APBA1 (320)	APBA1	0.887525270741587
SETX (23064)	SETX	3.93168305705981
SH3GL2 (6456)	SH3GL2	0.0285691521967709
PTGDS (5730)	PTGDS	0.263034405833794
ABCA2 (20)	ABCA2	6.36579750245938
SHB (6461)	SHB	3.55704241526372
UBE2R2 (54926)	UBE2R2	4.57046293102604
ABHD17B (51104)	ABHD17B	3.50462039240355
EXOSC3 (51010)	EXOSC3	5.07124781946144
ZFAND5 (7763)	ZFAND5	6.02347715183043
DVL1 (1855)	DVL1	5.51853513898218
PDLIM1 (9124)	PDLIM1	6.13627342985058
CCNJ (54619)	CCNJ	2.41142624572647
DNTT (1791)	DNTT	0
GATA3 (2625)	GATA3	1.28688114778816
ATRNL1 (26033)	ATRNL1	0
HPS1 (3257)	HPS1	4.89578731646331
PHYH (5264)	PHYH	2.5385381636298
RASSF4 (83937)	RASSF4	0.286881147788162
DNMBP (23268)	DNMBP	4.24260250592898
RAB11FIP2 (22841)	RAB11FIP2	1.36737106564853
CXCL12 (6387)	CXCL12	0
ERLIN1 (10613)	ERLIN1	4.78868571061353
EIF3A (8661)	EIF3A	6.85274796480088
PKD2L1 (9033)	PKD2L1	0.432959407276106
CUBN (8029)	CUBN	0.0426443374084937
TRDMT1 (1787)	TRDMT1	1.98185265328974
DDX50 (79009)	DDX50	4.47118746038699
MAPK8 (5599)	MAPK8	4.84498815668261
SEC23IP (11196)	SEC23IP	4.38059093426592
ATE1 (11101)	ATE1	3.9297909977186
NSMCE4A (54780)	NSMCE4A	5.47346223623528
PLEKHA1 (59338)	PLEKHA1	4.56924802986718
PALD1 (27143)	PALD1	3.57410150808939
UNC5B (219699)	UNC5B	0.22650852980868
CDH23 (64072)	CDH23	0.250961573533219
VSIR (64115)	VSIR	2.38128337250378
SPOCK2 (9806)	SPOCK2	0.150559676575381
MICU1 (10367)	MICU1	4.9676297534662
PPP3CB (5532)	PPP3CB	3.82578562746479
CCSER2 (54462)	CCSER2	1.9297909977186
BMPR1A (657)	BMPR1A	3.29278174922785
MINPP1 (9562)	MINPP1	3.60880924267552
ACTA2 (59)	ACTA2	0.400537929583729
LIPA (3988)	LIPA	3.78135971352466
TLX1 (3195)	TLX1	0.0426443374084937
TWNK (56652)	TWNK	4.92219784839637
LZTS2 (84445)	LZTS2	5.92005505480697
SFXN3 (81855)	SFXN3	5.68481873755322
KAZALD1 (81621)	KAZALD1	2.26903314645524
FBXW4 (6468)	FBXW4	4.17472598770613
FGF8 (2253)	FGF8	0.367371065648529
NPM3 (10360)	NPM3	6.6331405495224
TNKS2 (80351)	TNKS2	3.65535182861255
PITX3 (5309)	PITX3	0
GBF1 (8729)	GBF1	4.20945336562895
ARHGAP21 (57584)	ARHGAP21	5.0746766862945
CPEB3 (22849)	CPEB3	0.632268215499513
FBXL15 (79176)	FBXL15	3.60407132366886
CUEDC2 (79004)	CUEDC2	4.87970576628229
SUFU (51684)	SUFU	1.98185265328974
ANKRD26 (22852)	ANKRD26	1.90303827011291
ACBD5 (91452)	ACBD5	4.45022149589718
LHPP (64077)	LHPP	3.24792751344359
LARP4B (23185)	LARP4B	5.0457050645108
GTPBP4 (23560)	GTPBP4	5.86170728658586
EDRF1 (26098)	EDRF1	4.25398926623079
BCCIP (56647)	BCCIP	6.55979769575487
MTPAP (55149)	MTPAP	3.37295209791183
NEURL1 (9148)	NEURL1	2.72465027173297
SH3PXD2A (9644)	SH3PXD2A	2.22032995487956
PITRM1 (10531)	PITRM1	5.75782333620773
STN1 (79991)	STN1	3.88068552526112
MAP3K8 (1326)	MAP3K8	3.70708299177171
DKK1 (22943)	DKK1	5.16510798514454
EBF3 (253738)	EBF3	0.0143552929770701
GLRX3 (10539)	GLRX3	6.67652130205656
SORCS1 (114815)	SORCS1	0
FAM208B (54906)	FAM208B	4.41683974191283
XPNPEP1 (7511)	XPNPEP1	6.27183649284068
SMC3 (9126)	SMC3	5.18150015170461
SHOC2 (8036)	SHOC2	3.63459326844576
TFAM (7019)	TFAM	6.12536180635178
CCDC6 (8030)	CCDC6	4.33842441478356
CUL2 (8453)	CUL2	3.81659970653491
CCNY (219771)	CCNY	5.16952419715
UBE2S (27338)	UBE2S	7.34491724273246
RPL28 (6158)	RPL28	11.0045716151677
ZMIZ1 (57178)	ZMIZ1	4.09423606984577
DNAJC12 (56521)	DNAJC12	2.35614381022528
PPIF (10105)	PPIF	6.2170367925641
PBLD (64081)	PBLD	2.56315813040281
TSPAN14 (81619)	TSPAN14	5.44128427192704
LGI1 (9211)	LGI1	0
TBC1D12 (23232)	TBC1D12	1.71369581484336
CYP2C18 (1562)	CYP2C18	0.66902676550963
KRT23 (25984)	KRT23	1.32768736417605
CRYBA1 (1411)	CRYBA1	0
NUFIP2 (57532)	NUFIP2	4.94110631094643
GIT1 (28964)	GIT1	4.58796498888268
RPL19 (6143)	RPL19	11.0751448440663
FBXL20 (84961)	FBXL20	1.92219784839637
RUNDC3A (10900)	RUNDC3A	0.454175893185802
UBTF (7343)	UBTF	5.58736499093646
CSF3 (1440)	CSF3	0.0285691521967709
PSMD3 (5709)	PSMD3	6.52763338729093
CASC3 (22794)	CASC3	5.09296850932414
RAPGEFL1 (51195)	RAPGEFL1	3.78031009904338
RGS9 (8787)	RGS9	0.263034405833794
RNF43 (54894)	RNF43	6.04308198189566
WNT3 (7473)	WNT3	0.137503523749935
ASPA (443)	ASPA	0
RAD51C (5889)	RAD51C	4.54163873443614
SEPT4 (5414)	SEPT4	0.124328135002202
MTMR4 (9110)	MTMR4	3.81249822533356
TRIM37 (4591)	TRIM37	3.79493566280354
P2RX1 (5023)	P2RX1	0.0143552929770701
DHX40 (79665)	DHX40	4.35543919724869
KRT37 (8688)	KRT37	0
TUBD1 (51174)	TUBD1	2.99457972421575
KPNB1 (3837)	KPNB1	7.74005056253466
GOSR2 (9570)	GOSR2	4.2502036564993
PNPO (55163)	PNPO	3.98913900736823
RPS6KB1 (6198)	RPS6KB1	3.86987140617771
TRIM16L (147166)	TRIM16L	3.66220549965362
CDK5RAP3 (80279)	CDK5RAP3	6.81313985089045
CBX1 (10951)	CBX1	6.46287031226445
RECQL5 (9400)	RECQL5	4.59991284218713
PIGL (9487)	PIGL	4.43895814789755
GALK1 (2584)	GALK1	3.08746284125034
INTS2 (57508)	INTS2	2.36737106564853
CAMTA2 (23125)	CAMTA2	3.54843662469604
MED13 (9969)	MED13	3.877744249949
HOXB6 (3216)	HOXB6	6.39523421222388
ENO3 (2027)	ENO3	3.19377174339668
PFN1 (5216)	PFN1	10.1068246300957
RNF167 (26001)	RNF167	6.14445431392619
SLC25A11 (8402)	SLC25A11	4.76924279514054
RASD1 (51655)	RASD1	0.6959938131099
CHRNE (1145)	CHRNE	0.0976107966264223
RAI1 (10743)	RAI1	4.56254772419912
NUP88 (4927)	NUP88	5.64846544302731
C1QBP (708)	C1QBP	7.3305584000308
SLC6A4 (6532)	SLC6A4	0
BLMH (642)	BLMH	1.60880924267552
CPD (1362)	CPD	3.87184364850932
GOSR1 (9527)	GOSR1	5.28318097894557
CCDC47 (57003)	CCDC47	6.20437551131909
MED31 (51003)	MED31	3.69932952567316
DRG2 (1819)	DRG2	4.63401235640212
FTSJ3 (117246)	FTSJ3	5.38784501296558
AKAP10 (11216)	AKAP10	3.20476675065461
ALDH3A1 (218)	ALDH3A1	3.61588707391606
SMARCD2 (6603)	SMARCD2	6.17112674665207
ICAM2 (3384)	ICAM2	0.765534746362977
SYNGR2 (9144)	SYNGR2	7.22602678036657
B9D1 (27077)	B9D1	3.84799690655495
UTP6 (55813)	UTP6	5.85024935828633
DDX5 (1655)	DDX5	8.54167744943409
C17orf75 (64149)	C17orf75	5.00495075995105
CYTH1 (9267)	CYTH1	4.15380533607904
PSMD11 (5717)	PSMD11	6.95640519963557
LGALS3BP (3959)	LGALS3BP	8.55956828992275
ASIC2 (40)	ASIC2	0
CCL7 (6354)	CCL7	0
CCL2 (6347)	CCL2	0
CCL8 (6355)	CCL8	0
CCL1 (6346)	CCL1	0
PEX12 (5193)	PEX12	2.60644222813161
KRT32 (3882)	KRT32	0
DHX58 (79132)	DHX58	1.63226821549951
KAT2A (2648)	KAT2A	5.22458056608344
RAB5C (5878)	RAB5C	6.87835751033694
NAGLU (4669)	NAGLU	3.73984810269933
HSD17B1 (3292)	HSD17B1	0.831877241191673
MLX (6945)	MLX	5.77452352959023
CNTNAP1 (8506)	CNTNAP1	0.189033824390017
ABI3 (51225)	ABI3	0.111031312388744
EZH1 (2145)	EZH1	3.62410089462811
DLX4 (1748)	DLX4	0.839959587489532
PPP1R9B (84687)	PPP1R9B	4.27052894238072
COL1A1 (1277)	COL1A1	1.33913738491959
SGCA (6442)	SGCA	0.124328135002202
MRPL27 (51264)	MRPL27	6.96970308801354
VAT1 (10493)	VAT1	5.28688114778816
LRRC59 (55379)	LRRC59	6.48912542875463
RND2 (8153)	RND2	0.0426443374084937
ALOX12 (239)	ALOX12	0.111031312388744
HDAC5 (10014)	HDAC5	3.92504996472736
ABCC3 (8714)	ABCC3	7.39780296186249
LUC7L3 (51747)	LUC7L3	7.25663329505992
PPY (5539)	PPY	0
MPP2 (4355)	MPP2	0.137503523749935
SMURF2 (64750)	SMURF2	2.95419631038688
DUSP3 (1845)	DUSP3	3.854993016757
CACNG1 (786)	CACNG1	0.0426443374084937
EFTUD2 (9343)	EFTUD2	6.34429590791582
HLF (3131)	HLF	0.189033824390017
SLC16A6 (9120)	SLC16A6	0.333423733725192
PRKAR1A (5573)	PRKAR1A	5.79311555527435
EFNB3 (1949)	EFNB3	0.0285691521967709
FAM20A (54757)	FAM20A	0.070389327891398
YWHAE (7531)	YWHAE	9.75069023981271
MMD (23531)	MMD	3.0036022366802
RANGRF (29098)	RANGRF	3.86492897228979
DPH1 (1801)	DPH1	4.19770815795585
MAP2K6 (5608)	MAP2K6	2.28392177230762
DHRS7B (25979)	DHRS7B	3.92884403671257
WSB1 (26118)	WSB1	5.30852106219326
RCVRN (5957)	RCVRN	0
MYH1 (4619)	MYH1	0
SLC9A3R1 (9368)	SLC9A3R1	7.14108531856233
MYH3 (4621)	MYH3	0.20163386116965
NAT9 (26151)	NAT9	5.66817586897014
TMEM104 (54868)	TMEM104	3.18428029441938
VTN (7448)	VTN	0.124328135002202
TNFAIP1 (7126)	TNFAIP1	4.04439411935845
IFT20 (90410)	IFT20	5.10601323762212
TMEM97 (27346)	TMEM97	5.79701297783614
CDR2L (30850)	CDR2L	2.53106949272595
PMP22 (5376)	PMP22	0.400537929583729
FOXN1 (8456)	FOXN1	0.0143552929770701
UNC119 (9094)	UNC119	3.25701061820602
ALDOC (230)	ALDOC	4.63923216324928
SUPT6H (6830)	SUPT6H	5.40497122358917
RAB34 (83871)	RAB34	1.02147972741045
PHF12 (57649)	PHF12	4.68032435684402
PHOX2B (8929)	PHOX2B	0
TMEM33 (55161)	TMEM33	5.5981269599196
GABRA4 (2557)	GABRA4	0
GNRHR (2798)	GNRHR	0.0976107966264223
SLAIN2 (57606)	SLAIN2	4.45483390689887
OCIAD1 (54940)	OCIAD1	7.06877827798541
UGT2B10 (7365)	UGT2B10	0.22650852980868
CWH43 (80157)	CWH43	0
DCUN1D4 (23142)	DCUN1D4	5.06738057801906
USP46 (64854)	USP46	2.61588707391606
SULT1E1 (6783)	SULT1E1	0
ODAM (54959)	ODAM	0.16349873228288
SMR3A (26952)	SMR3A	0
CHIC2 (26511)	CHIC2	3.49185309632967
NMU (10874)	NMU	1.18903382439002
KIAA1211 (57482)	KIAA1211	1.79493566280354
LAMTOR3 (8649)	LAMTOR3	4.77978500530113
PF4V1 (5197)	PF4V1	0
NFKB1 (4790)	NFKB1	4.24792751344359
AREG (374)	AREG	7.03375335188982
MANBA (4126)	MANBA	3.21256933885081
UBE2D3 (7323)	UBE2D3	7.95128471496697
MAPK10 (5602)	MAPK10	0.66902676550963
ELF2 (1998)	ELF2	4.34269695998193
NDUFC1 (4717)	NDUFC1	6.18665901720211
UCP1 (7350)	UCP1	0
TBC1D9 (23158)	TBC1D9	2.17632277264046
ZNF330 (27309)	ZNF330	5.22881869049588
INPP4B (8821)	INPP4B	2.34482849699744
GAB1 (2549)	GAB1	3.26603689399532
KLHL2 (11275)	KLHL2	3.70487196445635
IL2 (3558)	IL2	0
CPE (1363)	CPE	0.150559676575381
RPL34 (6164)	RPL34	11.1869808346066
WFS1 (7466)	WFS1	4.18507363787676
ANXA10 (11199)	ANXA10	6.60021027442009
GRPEL1 (80273)	GRPEL1	5.31795521831244
GAR1 (54433)	GAR1	5.54225804976692
FRG1 (2483)	FRG1	5.14200491598488
CLCN3 (1182)	CLCN3	4.37295209791183
AADAT (51166)	AADAT	1.10433665981474
GALNT7 (51809)	GALNT7	4.65133876610593
DHX15 (1665)	DHX15	7.14098310487842
SOD3 (6649)	SOD3	1.14404636961671
SEPSECS (51091)	SEPSECS	2.07724299893246
CPZ (8532)	CPZ	0.0143552929770701
TRIM2 (23321)	TRIM2	3.95233356636969
SLC2A9 (56606)	SLC2A9	1.31034012061215
FBXW7 (55294)	FBXW7	3.39231742277876
NEIL3 (55247)	NEIL3	2.22342254993494
TBC1D19 (55296)	TBC1D19	1.67355642399014
CLNK (116449)	CLNK	0.0426443374084937
NSD2 (7468)	NSD2	6.12680770314203
SH3D19 (152503)	SH3D19	4.56254772419912
STIM2 (57620)	STIM2	5.24184018356467
NKX3-2 (579)	NKX3-2	0.111031312388744
MFSD10 (10227)	MFSD10	6.99288170325678
GLRB (2743)	GLRB	0.070389327891398
BST1 (683)	BST1	0.0976107966264223
RAPGEF2 (9693)	RAPGEF2	2.74416109557041
HGFAC (3083)	HGFAC	0.286881147788162
SNX25 (83891)	SNX25	1.72683121703249
LRP2BP (55805)	LRP2BP	0.286881147788162
UFSP2 (55325)	UFSP2	3.4995270242151
KLF3 (51274)	KLF3	4.5915597458278
KLHL5 (51088)	KLHL5	1.35614381022528
FAM149A (25854)	FAM149A	4.0746766862945
NCAPG (64151)	NCAPG	4.14649230697719
UGDH (7358)	UGDH	5.96578428466209
PPARGC1A (10891)	PPARGC1A	0.20163386116965
DDX25 (29118)	DDX25	0.0426443374084937
CRYAB (1410)	CRYAB	0.37851162325373
DBX1 (120237)	DBX1	0
HTATIP2 (10553)	HTATIP2	6.73145480769835
CTSC (1075)	CTSC	6.72178276845979
CCDC34 (91057)	CCDC34	5.16751850373522
ZBTB16 (7704)	ZBTB16	0
ELP4 (26610)	ELP4	3.96069703930431
ZPR1 (8882)	ZPR1	5.42021289061078
MTCH2 (23788)	MTCH2	6.73755157000828
FNBP4 (23360)	FNBP4	5.53356334821451
TECTA (7007)	TECTA	0.0143552929770701
SC5D (6309)	SC5D	5.71177020386319
CRTAM (56253)	CRTAM	0
JHY (79864)	JHY	0.37851162325373
B3GAT1 (27087)	B3GAT1	0.53605290024021
HSPA8 (3312)	HSPA8	10.3032099489448
P2RX3 (5024)	P2RX3	0
VWA5A (4013)	VWA5A	1.23266075679027
DNAJC4 (3338)	DNAJC4	4.44691786486603
SIAE (54414)	SIAE	3.54966917072649
SNX15 (29907)	SNX15	3.36317107711924
LPXN (9404)	LPXN	1
DTX4 (23220)	DTX4	4.51727569320958
ATG2A (23130)	ATG2A	3.98002530023873
EHD1 (10938)	EHD1	4.85349670370232
OSBP (5007)	OSBP	5.24298351610969
UNC93B1 (81622)	UNC93B1	5.13955135239879
PUS3 (83480)	PUS3	3.72683121703249
DCPS (28960)	DCPS	5.29572302453997
KMT5B (51111)	KMT5B	5.32660925100527
FOXRED1 (55572)	FOXRED1	5.13873256972024
PPP6R3 (55291)	PPP6R3	6.02989454966334
NRXN2 (9379)	NRXN2	0.0143552929770701
MS4A6A (64231)	MS4A6A	0.0285691521967709
MS4A4A (51338)	MS4A4A	0
ST3GAL4 (6484)	ST3GAL4	6.30633516019798
CPT1A (1374)	CPT1A	4.76553474636298
CCND1 (595)	CCND1	5.29094040240368
CCDC86 (79080)	CCDC86	5.34553831007001
PRPF19 (27339)	PRPF19	7.20584211207657
TMEM109 (79073)	TMEM109	5.72164607841839
CCKBR (887)	CCKBR	0
HPX (3263)	HPX	0.321928094887362
TRIM3 (10612)	TRIM3	3.76022094646651
CHORDC1 (26973)	CHORDC1	5.48026512205446
FOLR1 (2348)	FOLR1	2.32768736417605
ANAPC15 (25906)	ANAPC15	6.65463602852797
FOLR3 (2352)	FOLR3	0
PANX1 (24145)	PANX1	3.65420637794429
ARHGEF17 (9828)	ARHGEF17	4.63343121035563
APOA5 (116519)	APOA5	0
APOA4 (337)	APOA4	0
APOC3 (345)	APOC3	0
CEP164 (22897)	CEP164	3.69710657447697
RNF141 (50862)	RNF141	3.76553474636298
CEP126 (57562)	CEP126	1.48026512205446
EIF4G2 (1982)	EIF4G2	8.83371236902144
IL10RA (3587)	IL10RA	0.0143552929770701
GALNT18 (374378)	GALNT18	0.150559676575381
BIRC2 (329)	BIRC2	4.29130885982897
UBE4A (9354)	UBE4A	4.12184429787638
DDX6 (1656)	DDX6	5.17712050284652
UPK2 (7379)	UPK2	0.66902676550963
CBL (867)	CBL	3.30742852519225
NECTIN1 (5818)	NECTIN1	4.56193705962243
HIPK3 (10114)	HIPK3	3.60999129521268
KIAA1549L (25758)	KIAA1549L	0.176322772640463
FBXO3 (26273)	FBXO3	3.99367436175058
PDHX (8050)	PDHX	5.02236781302845
SLC1A2 (6506)	SLC1A2	0.0285691521967709
COMMD9 (29099)	COMMD9	5.24412594328373
SLC15A3 (51296)	SLC15A3	0.400537929583729
CD5 (921)	CD5	0.124328135002202
ACCS (84680)	ACCS	3.43829285157915
SCGB2A2 (4250)	SCGB2A2	0
MDK (4192)	MDK	4.90833256978243
AMBRA1 (55626)	AMBRA1	4.07553263116736
MADD (8567)	MADD	5.19613488076516
PTPMT1 (114971)	PTPMT1	6.10265813136374
NAA40 (79829)	NAA40	4.67976157351685
CARS (833)	CARS	5.89020346667564
SLC22A18 (5002)	SLC22A18	5.91073266190291
CD81 (975)	CD81	7.4748416022578
SLC35F2 (54733)	SLC35F2	5.75915583380027
C11orf21 (29125)	C11orf21	0.613531652917927
ELMOD1 (55531)	ELMOD1	0
CALCA (796)	CALCA	0.250961573533219
SOX6 (55553)	SOX6	0.422233000683048
C11orf58 (10944)	C11orf58	8.3614613330355
PITPNM1 (9600)	PITPNM1	4.29792505250381
RPS13 (6207)	RPS13	11.0786845461946
AIP (9049)	AIP	6.13319359866411
NUP98 (4928)	NUP98	6.08321336824898
NDUFS8 (4728)	NDUFS8	7.16661503118243
TCIRG1 (10312)	TCIRG1	6.00202736474428
CHKA (1119)	CHKA	5.05874941233552
EXPH5 (23086)	EXPH5	2.28688114778816
HPS5 (11234)	HPS5	3.09254574154357
GTF2H1 (2965)	GTF2H1	5.6284819943839
POU2AF1 (5450)	POU2AF1	2.12763327972587
PTPN5 (84867)	PTPN5	0
VWF (7450)	VWF	0.0143552929770701
PSMD9 (5715)	PSMD9	5.53977919169849
P3H3 (10536)	P3H3	1.4594316186373
PPFIBP1 (8496)	PPFIBP1	4.13175409098481
PRPF40B (25766)	PRPF40B	2.63691458035588
CD69 (969)	CD69	0.0285691521967709
PRDM4 (11108)	PRDM4	3.69932952567316
CLEC2B (9976)	CLEC2B	0
COQ5 (84274)	COQ5	4.24716800037477
SELPLG (6404)	SELPLG	0.0840642647884745
CORO1C (23603)	CORO1C	5.57742882803575
ASIC1 (41)	ASIC1	2.97452931248388
DAO (1610)	DAO	0
CAPRIN2 (65981)	CAPRIN2	4
TSPAN11 (441631)	TSPAN11	0.189033824390017
KCTD10 (83892)	KCTD10	5.1106138055009
SLC11A2 (4891)	SLC11A2	4.88264304936184
MLEC (9761)	MLEC	7.46229776553889
MVK (4598)	MVK	4.65992455840238
CSRNP2 (81566)	CSRNP2	2.7311832415722
CAMKK2 (10645)	CAMKK2	4.41616416473313
BIN2 (51411)	BIN2	0.454175893185802
IL23A (51561)	IL23A	0.443606651475615
ATP5F1B (506)	ATP5F1B	9.06390734931689
PTGES3 (10728)	PTGES3	8.38870616922638
SYT10 (341359)	SYT10	0
BCL7A (605)	BCL7A	3.26153081524341
RSRC2 (65117)	RSRC2	6.32210842049736
CYP27B1 (1594)	CYP27B1	1.86789646399265
MYF6 (4618)	MYF6	0
MYF5 (4617)	MYF5	0
LIN7A (8825)	LIN7A	0.0285691521967709
KRT18 (3875)	KRT18	11.4279936941841
ACSS3 (79611)	ACSS3	0
TNS2 (23371)	TNS2	5.31324585178756
GLI1 (2735)	GLI1	1.91073266190291
PPM1H (57460)	PPM1H	2.63459326844576
METAP2 (10988)	METAP2	7.02491801819931
LTA4H (4048)	LTA4H	5.80064109732908
ELK3 (2004)	ELK3	1.90303827011291
SLC6A12 (6539)	SLC6A12	0.16349873228288
WNT5B (81029)	WNT5B	0.137503523749935
MAGOHB (55110)	MAGOHB	5.16390121381454
TRPV4 (59341)	TRPV4	0.070389327891398
ITFG2 (55846)	ITFG2	4.82374936030827
FOXM1 (2305)	FOXM1	5.68285416857223
PRR4 (11272)	PRR4	2.12763327972587
PRMT8 (56341)	PRMT8	0
PARP11 (57097)	PARP11	2.22342254993494
ARPC3 (10094)	ARPC3	8.5813135823329
GPN3 (51184)	GPN3	5.08873524619028
VPS29 (51699)	VPS29	6.76208300356767
FGF6 (2251)	FGF6	0
MYL2 (4633)	MYL2	0
RAD51AP1 (10635)	RAD51AP1	4.94392132655349
CUX2 (23316)	CUX2	0.0143552929770701
SH2B3 (10019)	SH2B3	1.37851162325373
AKAP3 (10566)	AKAP3	0.070389327891398
MANSC1 (54682)	MANSC1	5.10391721075207
KCNA1 (3736)	KCNA1	0
DUSP16 (80824)	DUSP16	3.42088657497553
CREBL2 (1389)	CREBL2	3.41278152533848
ACAD10 (80724)	ACAD10	3.18428029441938
ALDH2 (217)	ALDH2	5.80555042521086
CDKN1B (1027)	CDKN1B	4.85299758761332
GPRC5D (55507)	GPRC5D	2.13422093976063
NAA25 (80018)	NAA25	3.59693514238723
GSG1 (83445)	GSG1	0
SCNN1A (6337)	SCNN1A	6.4589397069291
LTBR (4055)	LTBR	6.60139939053183
OGFOD2 (79676)	OGFOD2	3.87184364850932
CDK2AP1 (8099)	CDK2AP1	5.52669484554198
OAS3 (4940)	OAS3	3.43295940727611
OAS2 (4939)	OAS2	0.389566811762726
ART4 (420)	ART4	0
MGP (4256)	MGP	0.389566811762726
RASAL1 (8437)	RASAL1	0.831877241191673
ARHGDIB (397)	ARHGDIB	5.34978987024187
GTF2H3 (2967)	GTF2H3	5.23610988988963
EIF2B1 (1967)	EIF2B1	5.14445431392619
DDX55 (57696)	DDX55	4.90496571868403
SLC38A1 (81539)	SLC38A1	5.63081315229913
RERGL (79785)	RERGL	0
ENDOU (8909)	ENDOU	0.070389327891398
C12orf49 (79794)	C12orf49	3.56071495447448
VDR (7421)	VDR	3.55090066464752
FZD10 (11211)	FZD10	0
RFC5 (5985)	RFC5	5.17032569441556
STX2 (2054)	STX2	2.69376571221778
ADGRD1 (283383)	ADGRD1	0
COPZ1 (22818)	COPZ1	7.29920801838728
TBC1D30 (23329)	TBC1D30	3.70487196445635
CAND1 (55832)	CAND1	5.36106648879432
IL26 (55801)	IL26	0
IFNG (3458)	IFNG	0
RAB5B (5869)	RAB5B	5.25285462595139
MDM1 (56890)	MDM1	2.72027846523333
NUP107 (57122)	NUP107	5.85149920246126
CNOT2 (4848)	CNOT2	5.74227574754027
TIMELESS (8914)	TIMELESS	4.86195536414487
CPSF6 (11052)	CPSF6	6.05918219921169
KRR1 (11103)	KRR1	5.00764403087801
MRPL51 (51258)	MRPL51	7.19091111163069
GAPDH (2597)	GAPDH	11.5021356426576
NOP2 (4839)	NOP2	5.98185265328974
CHD4 (1108)	CHD4	7.00943675560809
ACRBP (84519)	ACRBP	0.584962500721156
UHRF1BP1L (23074)	UHRF1BP1L	3.02856915219677
COPS7A (50813)	COPS7A	5.81070015418722
ING4 (51147)	ING4	5.48188013962029
GNB3 (2784)	GNB3	1.24488705912353
CDCA3 (83461)	CDCA3	5.63778411029132
CHPT1 (56994)	CHPT1	4.41278152533848
USP5 (8078)	USP5	5.79986441088185
TPI1 (7167)	TPI1	9.88152697436211
GNPTAB (79158)	GNPTAB	3.31324585178756
SPSB2 (84727)	SPSB2	3.35755200461808
ENO2 (2026)	ENO2	3.93640237772506
ATN1 (1822)	ATN1	5.84197311892718
C12orf57 (113246)	C12orf57	5.99276843076892
PTPN6 (5777)	PTPN6	4.35895882583233
LPCAT3 (10162)	LPCAT3	5.33234990037387
NT5DC3 (51559)	NT5DC3	2.53106949272595
SLCO1B3 (28234)	SLCO1B3	2.1243281350022
APOBEC1 (339)	APOBEC1	0.111031312388744
NANOG (79923)	NANOG	0
SUDS3 (64426)	SUDS3	4.42290574261218
GOLT1B (51026)	GOLT1B	4.9500017490835
GYS2 (2998)	GYS2	0
LDHB (3945)	LDHB	10.1671672205261
PRKAB1 (5564)	PRKAB1	4.26753579806874
CMAS (55907)	CMAS	5.44526320814044
HCFC2 (29915)	HCFC2	1.22650852980868
ST8SIA1 (6489)	ST8SIA1	0.0285691521967709
CLEC4A (50856)	CLEC4A	0.238786859587116
C2CD5 (9847)	C2CD5	4.13832300405648
AICDA (57379)	AICDA	0.0840642647884745
RAB35 (11021)	RAB35	5.05484847699562
PHC1 (1911)	PHC1	1.01435529297707
COX6A1 (1337)	COX6A1	9.25039317308951
RFX4 (5992)	RFX4	0
RIC8B (55188)	RIC8B	2.0703893278914
SRSF9 (8683)	SRSF9	7.68320518072474
FGFR1OP2 (26127)	FGFR1OP2	4.64327899631198
KLRB1 (3820)	KLRB1	0
COL12A1 (1303)	COL12A1	0.0840642647884745
BTN3A3 (10384)	BTN3A3	1.41683974191283
TDP2 (51567)	TDP2	5.15137177625395
FRK (2444)	FRK	1.29278174922785
DSE (29940)	DSE	1.13750352374994
RWDD1 (51389)	RWDD1	4.57531233068744
RSPH4A (345895)	RSPH4A	0.124328135002202
MAK (4117)	MAK	0.0565835283663675
TMEM14C (51522)	TMEM14C	6.70804925170222
PAK1IP1 (55003)	PAK1IP1	4.35755200461808
GCNT2 (2651)	GCNT2	2.35049724708413
SMIM8 (57150)	SMIM8	1.91073266190291
NEDD9 (4739)	NEDD9	3.0686708106651
CEP85L (387119)	CEP85L	0.070389327891398
ADTRP (84830)	ADTRP	0.389566811762726
ASF1A (25842)	ASF1A	3.91169158187234
MCM9 (254394)	MCM9	2.83794324189103
FAM184A (79632)	FAM184A	0
RNGTT (8732)	RNGTT	2.86591881455221
MAN1A1 (4121)	MAN1A1	2.4594316186373
GABRR2 (2570)	GABRR2	0.0976107966264223
SERINC1 (57515)	SERINC1	5.14404636961671
HDDC2 (51020)	HDDC2	6.45516280124451
TPD52L1 (7164)	TPD52L1	5.01925711868108
HINT3 (135114)	HINT3	3.19534759832222
NCOA7 (135112)	NCOA7	2.86591881455221
RIPOR2 (9750)	RIPOR2	0.650764559116902
SASH1 (23328)	SASH1	2.48800077083407
UST (10090)	UST	0.464668267003444
ULBP1 (80329)	ULBP1	0.823749360308273
FBXO5 (26271)	FBXO5	4.09254574154357
MTRF1L (54516)	MTRF1L	3.69821847822441
PPARD (5467)	PPARD	3.54349588342577
OPRM1 (4988)	OPRM1	0.0285691521967709
FANCE (2178)	FANCE	2.32768736417605
TULP1 (7287)	TULP1	0.0840642647884745
SLC26A8 (116369)	SLC26A8	0.0426443374084937
MAPK14 (1432)	MAPK14	4.76128527336162
RHAG (6005)	RHAG	0.150559676575381
KCTD20 (222658)	KCTD20	3.74738739965272
STK38 (11329)	STK38	3.80529245560071
SRSF3 (6428)	SRSF3	8.53064042683524
SOD2 (6648)	SOD2	5.46499492726543
MRPL18 (29074)	MRPL18	6.0203688510632
IL17A (3605)	IL17A	0
IL17F (112744)	IL17F	0.176322772640463
MCM3 (4172)	MCM3	6.85374619700876
RNF8 (9025)	RNF8	3.70929063572336
PHACTR1 (221692)	PHACTR1	0.0976107966264223
MDGA1 (266727)	MDGA1	0.111031312388744
ICK (22858)	ICK	2.78659636189081
FBXO9 (26268)	FBXO9	5.43028527297778
CD83 (9308)	CD83	0.443606651475615
MDN1 (23195)	MDN1	4.22573765346606
GLP1R (2740)	GLP1R	0
SAYSD1 (55776)	SAYSD1	2.50842865253186
BMP5 (653)	BMP5	0.0143552929770701
BACH2 (60468)	BACH2	0.189033824390017
RBM24 (221662)	RBM24	0
CAP2 (10486)	CAP2	1.13750352374994
TREML2 (79865)	TREML2	1.32192809488736
ZNF451 (26036)	ZNF451	3.66334461936608
BAG2 (9532)	BAG2	3.26753579806873
RAB23 (51715)	RAB23	2.75488750216347
TSPO2 (222642)	TSPO2	0.367371065648529
FHL5 (9457)	FHL5	0
GPR63 (81491)	GPR63	0.0143552929770701
KHDRBS2 (202559)	KHDRBS2	0
FBXL4 (26235)	FBXL4	2.33913738491959
CCNC (892)	CCNC	5.65477921695952
PRDM13 (59336)	PRDM13	0
E2F3 (1871)	E2F3	3.58496250072116
PTP4A1 (7803)	PTP4A1	4.76181714250714
SIM1 (6492)	SIM1	0
ASCC3 (10973)	ASCC3	3.80529245560071
HDGFL1 (154150)	HDGFL1	0
BVES (11149)	BVES	0
COL9A1 (1297)	COL9A1	0.0143552929770701
MED23 (9439)	MED23	2.94110631094643
WASF1 (8936)	WASF1	3.26453643099903
GPLD1 (2822)	GPLD1	0.070389327891398
ALDH5A1 (7915)	ALDH5A1	0.903038270112912
CRYBG1 (202)	CRYBG1	4.15623479785027
VNN1 (8876)	VNN1	2.04614178164472
VNN2 (8875)	VNN2	0.16349873228288
ACOT13 (55856)	ACOT13	3.59931779369823
SMAP1 (60682)	SMAP1	3.76871365703049
RPS12 (6206)	RPS12	11.1305062127958
C6orf62 (81688)	C6orf62	5.91456452349394
B3GAT2 (135152)	B3GAT2	0.344828496997441
GMNN (51053)	GMNN	5.87946072253802
EYA4 (2070)	EYA4	0.0143552929770701
SOBP (55084)	SOBP	0.070389327891398
NR2E1 (7101)	NR2E1	0
SNX3 (8724)	SNX3	6.41379715018921
SLC17A2 (10246)	SLC17A2	0
HBS1L (10767)	HBS1L	5.65219964830406
TRIM38 (10475)	TRIM38	1.76553474636298
PEX7 (5191)	PEX7	3.60169651648096
ZBTB24 (9841)	ZBTB24	2.10097764772482
FIG4 (9896)	FIG4	3.15380533607904
PERP (64065)	PERP	5.85299758761332
ARFGEF3 (57221)	ARFGEF3	2.50842865253186
SLC16A10 (117247)	SLC16A10	0.137503523749935
HECA (51696)	HECA	2.24792751344359
ADGRG6 (57211)	ADGRG6	3.13257684267001
PHACTR2 (9749)	PHACTR2	2.22342254993494
EPM2A (7957)	EPM2A	1.09085343045111
OR12D3 (81797)	OR12D3	0
SLC39A7 (7922)	SLC39A7	7.26509928751474
CCR6 (1235)	CCR6	0.124328135002202
UNC93A (54346)	UNC93A	1.04264433740849
SLC22A2 (6582)	SLC22A2	0.0840642647884745
PHF1 (5252)	PHF1	3.94485844580754
CUTA (51596)	CUTA	7.69508906209583
PACRG (135138)	PACRG	0
QKI (9444)	QKI	0.298658315564515
C6orf118 (168090)	C6orf118	0
PDE10A (10846)	PDE10A	2.78659636189081
MDFI (4188)	MDFI	0.903038270112912
TFEB (7942)	TFEB	2.95046841415012
SMOC2 (64094)	SMOC2	0.0565835283663675
CCND3 (896)	CCND3	5.09550251765867
BYSL (705)	BYSL	4.81659970653491
FAM120B (84498)	FAM120B	2.46466826700344
TBP (6908)	TBP	3.69376571221778
GUCA1B (2979)	GUCA1B	0.411426245726465
PRPH2 (5961)	PRPH2	0.0426443374084937
BICRAL (23506)	BICRAL	2.54843662469604
PPP2R5D (5528)	PPP2R5D	5.12763327972587
MRPL2 (51069)	MRPL2	6.37851162325373
PTK7 (5754)	PTK7	5.4905701304462
SRF (6722)	SRF	3.90014226035982
CUL9 (23113)	CUL9	3.13422093976063
DNPH1 (10591)	DNPH1	6.1906148602095
DUSP22 (56940)	DUSP22	4.21256933885081
EXOC2 (55770)	EXOC2	3.13422093976063
COX7A2 (1347)	COX7A2	8.33811237951882
TMEM30A (55754)	TMEM30A	5.01033228328482
GMDS (2762)	GMDS	6.88313201565728
SENP6 (26054)	SENP6	4.57046293102604
IMPG1 (3617)	IMPG1	0.238786859587116
VEGFA (7422)	VEGFA	5.66618848987278
PRPF4B (8899)	PRPF4B	5.05658352836637
TTK (7272)	TTK	3.86096279785812
SLC29A1 (2030)	SLC29A1	5.42054977211632
WISP3 (8838)	WISP3	0.0426443374084937
BTN2A1 (11120)	BTN2A1	3.70597790168252
LAMA4 (3910)	LAMA4	0.0143552929770701
TENT5A (55603)	TENT5A	1.34482849699744
CLIC5 (53405)	CLIC5	1.98913900736823
FBRSL1 (57666)	FBRSL1	6.34411833452143
ENPP5 (59084)	ENPP5	0.454175893185802
LY86 (9450)	LY86	0.111031312388744
PRSS16 (10279)	PRSS16	2.73552217729654
MEP1A (4224)	MEP1A	0.111031312388744
TBX18 (9096)	TBX18	0
ERBIN (55914)	ERBIN	4.90544717873885
HARS2 (23438)	HARS2	5.11478344724985
NUDT12 (83594)	NUDT12	2.92789645372882
CEP72 (55722)	CEP72	3.64270157183323
MAN2A1 (4124)	MAN2A1	3.98823022306046
SEMA5A (9037)	SEMA5A	0.0976107966264223
C7 (730)	C7	0
TENT4A (11044)	TENT4A	4.61353165291793
GHR (2690)	GHR	0.0143552929770701
HMGCS1 (3157)	HMGCS1	6.27127625917593
DAP (1611)	DAP	7.06285565520599
NME5 (8382)	NME5	0
BRD8 (10902)	BRD8	6.32337006906127
KIF20A (10112)	KIF20A	4.51222688651396
NNT (23530)	NNT	4.34553831007001
MRPS30 (10884)	MRPS30	5.5077946401987
HSPA9 (3313)	HSPA9	7.76148474727011
MRPS27 (23107)	MRPS27	5.69960715389318
PFDN1 (5201)	PFDN1	6.80025280637239
HBEGF (1839)	HBEGF	3.11270013274936
SLC4A9 (83697)	SLC4A9	0.0143552929770701
LOX (4015)	LOX	0.22650852980868
GZMK (3003)	GZMK	0
CDH9 (1007)	CDH9	0
APBB3 (10307)	APBB3	3.34908214639109
TMCO6 (55374)	TMCO6	4.88996019965864
SPARC (6678)	SPARC	0.956056652412403
IK (3550)	IK	7.2048645439128
HMGCR (3156)	HMGCR	5.77584069853125
COL4A3BP (10087)	COL4A3BP	3.53356334821451
FAF2 (23197)	FAF2	4.65477921695952
HAND1 (9421)	HAND1	0
PDE8B (8622)	PDE8B	0.505890929729957
CLK4 (57396)	CLK4	3.36317107711924
HAVCR1 (26762)	HAVCR1	0.298658315564515
GRM6 (2916)	GRM6	0
ITK (3702)	ITK	0.0143552929770701
RNF130 (55819)	RNF130	3.33485426933163
THG1L (54974)	THG1L	4.64904056563445
ARSB (411)	ARSB	0.739848102699327
CLINT1 (9685)	CLINT1	6.16912328147676
THBS4 (7060)	THBS4	0.137503523749935
CNOT6 (57472)	CNOT6	4.61765111942733
IL12B (3593)	IL12B	0
BTNL8 (79908)	BTNL8	0.189033824390017
TTC1 (7265)	TTC1	5.61382629093404
MSH3 (4437)	MSH3	3.23266075679027
RASGRF2 (5924)	RASGRF2	2.42223300068305
GABRG2 (2566)	GABRG2	0
CCNG1 (900)	CCNG1	6.2170367925641
POLR3G (10622)	POLR3G	3.36737106564853
DROSHA (29102)	DROSHA	5.88435370684799
CDH6 (1004)	CDH6	0.0143552929770701
LMNB1 (4001)	LMNB1	6.60436789989375
ARRDC3 (57561)	ARRDC3	2.96532254836725
GOLPH3 (64083)	GOLPH3	5.75862298244024
SUB1 (10923)	SUB1	7.29517199198853
NPR3 (4883)	NPR3	0.0143552929770701
FAM172A (83989)	FAM172A	2.34482849699744
SLC27A6 (28965)	SLC27A6	0
TARS (6897)	TARS	7.68257329734758
IRX4 (50805)	IRX4	0
LNPEP (4012)	LNPEP	2.4541758931858
PDE4D (5144)	PDE4D	2.4931349223055
RAD1 (5810)	RAD1	4.90881290773955
BRIX1 (55299)	BRIX1	6.32553033156756
AGXT2 (64902)	AGXT2	0
PRLR (5618)	PRLR	1.84799690655495
SLC12A7 (10723)	SLC12A7	5.74254523386605
IL4 (3565)	IL4	0
RAD50 (10111)	RAD50	4.10936055940423
IL5 (3567)	IL5	0
ST8SIA4 (7903)	ST8SIA4	0.0285691521967709
GNPDA1 (10007)	GNPDA1	5.01925711868108
PCDH12 (51294)	PCDH12	0.070389327891398
SKP1 (6500)	SKP1	8.41675531206403
NUP155 (9631)	NUP155	4.13996056954546
PPP2CA (5515)	PPP2CA	6.78437310843037
FGF1 (2246)	FGF1	0.070389327891398
NR3C1 (2908)	NR3C1	0.111031312388744
C5orf15 (56951)	C5orf15	4.77925972037238
PPWD1 (23398)	PPWD1	4.87970576628229
LIFR (3977)	LIFR	0.0143552929770701
TRIM23 (373)	TRIM23	1.94110631094643
TRAPPC13 (80006)	TRAPPC13	3.79389588254888
C9 (735)	C9	0
SEC24A (10802)	SEC24A	3.30012372456901
TXNDC15 (79770)	TXNDC15	4.02945288578697
TTC33 (23548)	TTC33	2.52606881166759
RARS (5917)	RARS	5.87798958538721
WWC1 (23286)	WWC1	5.28946563095822
H2AFY (9555)	H2AFY	8.35521893510061
TCERG1 (10915)	TCERG1	5.72628628972067
DPYSL3 (1809)	DPYSL3	0.475084882948783
SMAD5 (4090)	SMAD5	3.62643913669732
CSNK1A1 (1452)	CSNK1A1	6.48767927890162
HMGXB3 (22993)	HMGXB3	4.85996954822103
ERGIC1 (57222)	ERGIC1	6.83162393682075
PDGFRB (5159)	PDGFRB	0.0285691521967709
CDX1 (1044)	CDX1	1.82781902461732
ATP6V0E1 (8992)	ATP6V0E1	6.1880447964217
BNIP1 (662)	BNIP1	4.04788732939655
STC2 (8614)	STC2	0.176322772640463
CPEB4 (80315)	CPEB4	2.0496307677246
HRH2 (3274)	HRH2	0
DBN1 (1627)	DBN1	4.07724299893246
ZNF346 (23567)	ZNF346	3.14730669878029
UNC5A (90249)	UNC5A	0.150559676575381
EHHADH (1962)	EHHADH	1.63226821549951
CNTN3 (5067)	CNTN3	0
SMC4 (10051)	SMC4	6.03913839390696
SELENOK (58515)	SELENOK	5.50525580093216
ACTR8 (93973)	ACTR8	3.10768786931437
TBCCD1 (55171)	TBCCD1	3.14404636961671
TIMMDC1 (51300)	TIMMDC1	5.63749432520631
CRBN (51185)	CRBN	3.76341157447001
KNG1 (3827)	KNG1	0.0285691521967709
HRG (3273)	HRG	0.0840642647884745
BCL6 (604)	BCL6	3.5298209465287
HGD (3081)	HGD	4.30305008468167
CLDN16 (10686)	CLDN16	0.0285691521967709
ARL6 (84100)	ARL6	2.11769504266975
NPHP3 (27031)	NPHP3	2.6667565918848
CD86 (942)	CD86	0.0143552929770701
AMOTL2 (51421)	AMOTL2	4.27649666564036
NIT2 (56954)	NIT2	5.45285896471381
FAM162A (26355)	FAM162A	5.99638874644762
OGG1 (4968)	OGG1	3.57410150808939
KPNA1 (3836)	KPNA1	4.79337571126475
PCCB (5096)	PCCB	5.37642931106992
UBE3A (7337)	UBE3A	4.82222027162153
ARMC8 (25852)	ARMC8	3.91169158187234
CEP70 (80321)	CEP70	3.32624970083746
RBP2 (5948)	RBP2	0.16349873228288
RBP1 (5947)	RBP1	0.137503523749935
SLC25A36 (55186)	SLC25A36	4.39025495632187
GRK7 (131890)	GRK7	0
RNF7 (9616)	RNF7	5.82349462471286
TFDP2 (7029)	TFDP2	3.22958792274065
XRN1 (54464)	XRN1	2.56315813040281
KAT2B (8850)	KAT2B	0.613531652917927
BCHE (590)	BCHE	0.0285691521967709
SERPINI2 (5276)	SERPINI2	0.0285691521967709
PDCD10 (11235)	PDCD10	6.31324585178756
LRRC31 (79782)	LRRC31	1.95977015521147
WNT5A (7474)	WNT5A	0.0426443374084937
PFKFB4 (5210)	PFKFB4	1.71369581484336
COL7A1 (1294)	COL7A1	0.356143810225275
FGF12 (2257)	FGF12	0.0143552929770701
PRKAR2A (5576)	PRKAR2A	3.6564963705535
HES1 (3280)	HES1	4.95837871156634
USP4 (7375)	USP4	4.40599235967584
ACAP2 (23527)	ACAP2	3.44757919654888
ECT2 (1894)	ECT2	6.1554254317472
GNAT1 (2779)	GNAT1	0
GNAI2 (2771)	GNAI2	6.47702965301306
TFG (10342)	TFG	6.39694722007283
USP9Y (8287)	USP9Y	0.0143552929770701
HYAL1 (3373)	HYAL1	0.704871964456353
TUSC2 (11334)	TUSC2	4.95233356636969
NPRL2 (10641)	NPRL2	4.19770815795585
RPL24 (6152)	RPL24	11.0454183970308
CYB561D2 (11068)	CYB561D2	3.96993327469786
C3orf14 (57415)	C3orf14	2.69376571221778
FXR1 (8087)	FXR1	5.93640237772506
CBLB (868)	CBLB	2.22650852980868
BBX (56987)	BBX	3.90110824301451
IFT57 (55081)	IFT57	4.32624970083746
GNB4 (59345)	GNB4	0.124328135002202
HHLA2 (11148)	HHLA2	3.82476785314329
IQCG (84223)	IQCG	2.3533232911629
GBE1 (2632)	GBE1	2.03562390973072
MORC1 (27136)	MORC1	0
UMPS (7372)	UMPS	5.39574832817903
NCBP2 (22916)	NCBP2	6.43145581668572
SNX4 (8723)	SNX4	4.80787007829978
C3orf52 (79669)	C3orf52	3.66562016406638
FRMD4B (23150)	FRMD4B	3.33913738491959
SLC41A3 (54946)	SLC41A3	5.82527683005487
ROPN1B (152015)	ROPN1B	0.887525270741587
PLXNA1 (5361)	PLXNA1	4.62175885670973
ATP6V1A (523)	ATP6V1A	4.68257329734758
ABTB1 (80325)	ABTB1	3.88264304936184
PODXL2 (50512)	PODXL2	3.90110824301451
UPK1B (7348)	UPK1B	0.111031312388744
CSPG5 (10675)	CSPG5	1.08406426478847
KLHL18 (23276)	KLHL18	3.1811025507538
SCAP (22937)	SCAP	4.79805051476751
EFCC1 (79825)	EFCC1	0.263034405833794
KIAA1257 (57501)	KIAA1257	1.0071955014042
NEK11 (79858)	NEK11	1.18903382439002
MRPL3 (11222)	MRPL3	7.03298241669943
PLSCR4 (57088)	PLSCR4	1.43829285157915
HEMK1 (51409)	HEMK1	2.86789646399265
CISH (1154)	CISH	1
MAPKAPK3 (7867)	MAPKAPK3	4.14241343787374
ACVR2B (93)	ACVR2B	1.0496307677246
WDR48 (57599)	WDR48	3.5668151540109
COMMD2 (51122)	COMMD2	4.7457751494858
GORASP1 (64689)	GORASP1	4.62351574149055
PEX5L (51555)	PEX5L	0.0426443374084937
RRP9 (9136)	RRP9	5.21334728173344
ABCC5 (10057)	ABCC5	3.05658352836637
AADAC (13)	AADAC	2.61588707391606
ABHD14B (84836)	ABHD14B	5.00270252037982
EIF1B (10289)	EIF1B	4.56803210477128
ARHGEF26 (26084)	ARHGEF26	2.7158933705476
KLHL24 (54800)	KLHL24	3.13750352374994
PLCH1 (23007)	PLCH1	1.53605290024021
VIPR1 (7433)	VIPR1	4.58736499093646
DNAH1 (25981)	DNAH1	0.871843648509318
SSR3 (6747)	SSR3	6.48944659862258
ZBTB47 (92999)	ZBTB47	0.344828496997441
TNNC1 (7134)	TNNC1	2.38681094647222
NKTR (4820)	NKTR	4.56559717585422
CLCN2 (1181)	CLCN2	4.57591736111815
FOXP1 (27086)	FOXP1	3.75915583380027
EIF4G1 (1981)	EIF4G1	7.97487342579282
SPCS1 (28972)	SPCS1	7.19396881942197
NEK4 (6787)	NEK4	3.35755200461808
SLC4A3 (6508)	SLC4A3	0.0285691521967709
INO80D (54891)	INO80D	1.98185265328974
EEF1B2 (1933)	EEF1B2	9.97842446544086
ADAM23 (8745)	ADAM23	0.0285691521967709
DGUOK (1716)	DGUOK	6.38439523838807
MOB1A (55233)	MOB1A	5.23610988988963
KANSL3 (55683)	KANSL3	4.04176864995163
LMAN2L (81562)	LMAN2L	3.31179371775365
RTKN (6242)	RTKN	5.57046293102604
TTL (150465)	TTL	2.90496571868403
IL1A (3552)	IL1A	0.111031312388744
CCL20 (6364)	CCL20	0.910732661902913
PIKFYVE (200576)	PIKFYVE	2.62993940943954
KCNIP3 (30818)	KCNIP3	0.411426245726465
FAHD2A (51011)	FAHD2A	4.06263982828646
NCL (4691)	NCL	8.85605196698676
ACTR1B (10120)	ACTR1B	4.95140129167431
SLC35F5 (80255)	SLC35F5	3.95791459863299
ZAP70 (7535)	ZAP70	0.0285691521967709
ACTR3 (10096)	ACTR3	7.41091768745521
STEAP3 (55240)	STEAP3	3.00180224263399
EPB41L5 (57669)	EPB41L5	3.4541758931858
TFCP2L1 (29842)	TFCP2L1	0.0565835283663675
SF3B6 (51639)	SF3B6	7.67997264299238
TP53I3 (9540)	TP53I3	3.86888427302877
DNAJC27 (51277)	DNAJC27	1.14404636961671
POMC (5443)	POMC	0
STAM2 (10254)	STAM2	2.92599941855622
OTOF (9381)	OTOF	0.0143552929770701
GPD2 (2820)	GPD2	4.35191096110308
CENPA (1058)	CENPA	4.05831649559082
CYTIP (9595)	CYTIP	0.298658315564515
ACVR1 (90)	ACVR1	3.68032435684402
TANC1 (85461)	TANC1	3.52606881166759
SLC30A3 (7781)	SLC30A3	0
MPV17 (4358)	MPV17	5.51096191927738
GTF3C2 (2976)	GTF3C2	5.65563804923464
EIF2B4 (8890)	EIF2B4	5.04745114041639
NRBP1 (29959)	NRBP1	5.01925711868108
ITGB6 (3694)	ITGB6	3.10433665981474
FNDC4 (64838)	FNDC4	0.0976107966264223
ITGA4 (3676)	ITGA4	0.0840642647884745
PSMD14 (10213)	PSMD14	6.22032995487956
SNX17 (9784)	SNX17	5.30231905094883
ASB3 (51130)	ASB3	3.36597242759338
PPM1G (5496)	PPM1G	7.26434876335117
PDE1A (5136)	PDE1A	0.070389327891398
REEP6 (92840)	REEP6	4.58496250072116
PCSK4 (54760)	PCSK4	1.48542682717024
GCG (2641)	GCG	0.176322772640463
APC2 (10297)	APC2	0.286881147788162
IFIH1 (64135)	IFIH1	1.6915341649192
RPS15 (6209)	RPS15	10.3446287991316
GCA (25801)	GCA	4.69209237542757
INO80B (83444)	INO80B	4.94438996227009
MOGS (7841)	MOGS	5.25171909260596
TTC31 (64427)	TTC31	3.82273014794452
NDUFS7 (374291)	NDUFS7	6.62570884306447
PCGF1 (84759)	PCGF1	4.46727948045998
GRB14 (2888)	GRB14	4.29719141656586
CLIP4 (79745)	CLIP4	1.19534759832222
TLX2 (3196)	TLX2	0.475084882948783
SPTBN1 (6711)	SPTBN1	5.51759065774328
AUP1 (550)	AUP1	6.7488637145357
RTN4 (57142)	RTN4	7.17242750864548
HTRA2 (27429)	HTRA2	4.5552026338783
LOXL3 (84695)	LOXL3	0.678071905112638
DOK1 (1796)	DOK1	3.39643353125099
GALNT3 (2591)	GALNT3	5.09971599916091
POLE4 (56655)	POLE4	5.02989454966334
TACR1 (6869)	TACR1	0.0143552929770701
CCDC88A (55704)	CCDC88A	0.400537929583729
ACADL (33)	ACADL	0
EVA1A (84141)	EVA1A	0.27500704749987
MRPL19 (9801)	MRPL19	5.43895814789755
LANCL1 (10314)	LANCL1	3.4541758931858
WDR75 (84128)	WDR75	5.98800293750806
EFEMP1 (2202)	EFEMP1	0.111031312388744
REG1A (5967)	REG1A	0.298658315564515
FANCL (55120)	FANCL	5.53325185192897
FN1 (2335)	FN1	1.61823865559545
STAT1 (6772)	STAT1	4.63052196347164
GLS (2744)	GLS	4.57591736111815
PAPOLG (64895)	PAPOLG	2.32192809488736
DNAH6 (1768)	DNAH6	0.75702324650746
PECR (55825)	PECR	3.24640808724638
UNC50 (25972)	UNC50	4.6724253419715
IGFBP2 (3485)	IGFBP2	5.53262865751717
ELMOD3 (84173)	ELMOD3	2.90881290773955
IGFBP5 (3488)	IGFBP5	0.070389327891398
USP34 (9736)	USP34	5.23725777090037
EFHD1 (80303)	EFHD1	0.111031312388744
KCNJ13 (3769)	KCNJ13	0.0976107966264223
CCT4 (10575)	CCT4	7.08725066461331
GGCX (2677)	GGCX	4.71094415457587
NEU2 (4759)	NEU2	0.0426443374084937
EHBP1 (23301)	EHBP1	4.58195375084882
OTX1 (5013)	OTX1	1.91456452349394
TXNDC9 (10190)	TXNDC9	5.17192735435346
COQ10B (80219)	COQ10B	3.46988597627446
GNLY (10578)	GNLY	0
SF3B1 (23451)	SF3B1	6.38801728534513
ST3GAL5 (8869)	ST3GAL5	1.25096157353322
CHST10 (9486)	CHST10	0.0976107966264223
PDCL3 (79031)	PDCL3	4.94860084749336
MOB4 (25843)	MOB4	4.96716860753263
HSPE1 (3336)	HSPE1	9.78568131947475
KDM3A (55818)	KDM3A	4.0241423458978
PLCD4 (84812)	PLCD4	1
CHMP3 (51652)	CHMP3	5.98913900736823
ZNF142 (7701)	ZNF142	3.46597446450407
IL1R2 (7850)	IL1R2	2.33913738491959
PRKAG3 (53632)	PRKAG3	0.298658315564515
SMYD1 (150572)	SMYD1	0
IL1R1 (3554)	IL1R1	0.344828496997441
WNT6 (7475)	WNT6	0.0565835283663675
IL1RL2 (8808)	IL1RL2	1.82781902461732
IL1RL1 (9173)	IL1RL1	0.0285691521967709
IL18R1 (8809)	IL18R1	0.0426443374084937
IL18RAP (8807)	IL18RAP	0
SLC9A2 (6549)	SLC9A2	0.298658315564515
FHL2 (2274)	FHL2	5.0639343057541
MLPH (79083)	MLPH	6.16430358309365
CNPPD1 (27013)	CNPPD1	5.86789646399265
UXS1 (80146)	UXS1	5.11144869848767
ABCB6 (10058)	ABCB6	4.51412226017071
STK16 (8576)	STK16	4.78345665436024
SLC5A7 (60482)	SLC5A7	0.0143552929770701
HDLBP (3069)	HDLBP	7.74899785009815
PPP1R7 (5510)	PPP1R7	6.78319470337615
PASK (23178)	PASK	4.08746284125034
STK25 (10494)	STK25	6.83995958748953
TPO (7173)	TPO	1.02856915219677
PROC (5624)	PROC	1.26303440583379
ID2 (3398)	ID2	6.61779802590278
TAF1B (9014)	TAF1B	3.70154905694307
HPCAL1 (3241)	HPCAL1	5.74308405554959
ODC1 (4953)	ODC1	7.73890291428176
BIRC6 (57448)	BIRC6	4.69655030107857
NOL10 (79954)	NOL10	4.71314590249026
PLEKHB2 (55041)	PLEKHB2	6.43596189543763
GORASP2 (26003)	GORASP2	6.00584907569669
STRN (6801)	STRN	2.92219784839637
CEBPZ (10153)	CEBPZ	5.63343121035563
PRKD3 (23683)	PRKD3	3.8972404255748
DCAF17 (80067)	DCAF17	2.64154602908752
QPCT (25797)	QPCT	5.40190347160796
RAB3GAP1 (22930)	RAB3GAP1	4.51349074558812
SLC25A12 (8604)	SLC25A12	3.5385381636298
RMDN2 (151393)	RMDN2	2.15055967657538
DLX2 (1746)	DLX2	0.0285691521967709
LCT (3938)	LCT	0
DARS (1615)	DARS	5.68285416857223
SRSF7 (6432)	SRSF7	7.67016051412663
SDC1 (6382)	SDC1	6.26734852020245
PLCL1 (5334)	PLCL1	0.070389327891398
SLC1A4 (6509)	SLC1A4	1.7311832415722
SOS1 (6654)	SOS1	2.86195536414487
KYNU (8942)	KYNU	1.27500704749987
WIPF1 (7456)	WIPF1	0.150559676575381
ORC2 (4999)	ORC2	4.19534759832222
COX7A2L (9167)	COX7A2L	7.00326490881749
PNO1 (56902)	PNO1	4.50589092972996
ORC4 (5000)	ORC4	4.72628628972067
PLEK (5341)	PLEK	0.20163386116965
RND3 (390)	RND3	4.14323013477689
ATF2 (1386)	ATF2	4.10181813422741
THADA (63892)	THADA	3.48928602262588
AAK1 (22848)	AAK1	2.77820857639809
TRAK2 (66008)	TRAK2	3.1586601753465
C2orf42 (54980)	C2orf42	2.5385381636298
TIA1 (7072)	TIA1	5.53760669149529
PCYOX1 (51449)	PCYOX1	4.02768487693716
KISS1R (84634)	KISS1R	0.0840642647884745
EPAS1 (2034)	EPAS1	2.99819550315325
ARID3A (1820)	ARID3A	1.94860084749336
SUMO1 (7341)	SUMO1	6.95268301412261
CD207 (50489)	CD207	0.0285691521967709
GRIN3B (116444)	GRIN3B	0.070389327891398
VAX2 (25806)	VAX2	0.641546029087524
ATP6V1B1 (525)	ATP6V1B1	4.605257262939
NFE2L2 (4780)	NFE2L2	5.51601514700366
MSH6 (2956)	MSH6	4.5298209465287
PLEKHA3 (65977)	PLEKHA3	1.78240856492737
SPR (6697)	SPR	5.15663931069209
EPHA4 (2043)	EPHA4	0.464668267003444
PARD3B (117583)	PARD3B	0.55581615506164
FARSB (10056)	FARSB	4.54163873443614
ALMS1 (7840)	ALMS1	3.1586601753465
BCL9 (607)	BCL9	3.30158764660319
PRRX1 (5396)	PRRX1	0.0976107966264223
DHCR24 (1718)	DHCR24	7.41345868800798
DNAJC16 (23341)	DNAJC16	3.11935617703968
MARK1 (4139)	MARK1	0.0285691521967709
TNR (7143)	TNR	0
MORN1 (79906)	MORN1	3.30888505741176
GPX7 (2882)	GPX7	0
CACYBP (27101)	CACYBP	7.13524754980957
SCP2 (6342)	SCP2	6.93156487602014
TPSG1 (25823)	TPSG1	0
PAPPA2 (60676)	PAPPA2	0
RALGPS2 (55103)	RALGPS2	3.24640808724638
ANGPTL1 (9068)	ANGPTL1	0.0426443374084937
CEP104 (9731)	CEP104	3.85299758761332
FAM20B (9917)	FAM20B	3.92314918047231
TCEANC2 (127428)	TCEANC2	1.54101915313356
TMEM59 (9528)	TMEM59	7.39171617457631
LRRC42 (115353)	LRRC42	5.09381367340273
WRAP73 (49856)	WRAP73	5.01167453338092
NPHS2 (7827)	NPHS2	0
MRPL37 (51253)	MRPL37	6.6891593577313
ICMT (23463)	ICMT	5.6055535954944
RPL22 (6146)	RPL22	9.21495046531563
CHD5 (26038)	CHD5	0.0840642647884745
QSOX1 (5768)	QSOX1	5.44592529857927
STXBP3 (6814)	STXBP3	4.40599235967584
PHF13 (148479)	PHF13	3.37989816352469
ERRFI1 (54206)	ERRFI1	5.65191274464578
PARK7 (11315)	PARK7	8.76599877399517
KIAA1324 (57535)	KIAA1324	0.189033824390017
OPRD1 (4985)	OPRD1	0.0143552929770701
AMPD2 (271)	AMPD2	5.12804589092299
SRSF4 (6429)	SRSF4	6.31052190036932
MECR (51102)	MECR	4.9297909977186
KCNC4 (3749)	KCNC4	0.55581615506164
EDEM3 (80267)	EDEM3	3.64038956005495
WDR77 (79084)	WDR77	5.52606881166759
ATP5PB (515)	ATP5PB	7.92154344350897
RAP1A (5906)	RAP1A	5.1586601753465
HDAC1 (3065)	HDAC1	7.95279947789994
CAPZA1 (829)	CAPZA1	6.4235781709818
S100PBP (64766)	S100PBP	3.62175885670973
RNF19B (127544)	RNF19B	3.4032677223393
SCAMP3 (10067)	SCAMP3	5.82680268428583
TRIM62 (55223)	TRIM62	1.66448284036468
ASH1L (55870)	ASH1L	3.92884403671257
DLGAP3 (58512)	DLGAP3	0
SFPQ (6421)	SFPQ	7.62278396615612
RHOU (58480)	RHOU	3.15218341905505
GON4L (54856)	GON4L	4.28983446517751
ARHGEF2 (9181)	ARHGEF2	6.31052190036932
LAMTOR2 (28956)	LAMTOR2	6.50080205305716
MEF2D (4209)	MEF2D	3.07724299893246
DOCK7 (85440)	DOCK7	3.21878116778407
SRM (6723)	SRM	6.0923343111862
FBXO2 (26232)	FBXO2	0.111031312388744
FBXO6 (26270)	FBXO6	0.137503523749935
C1orf21 (81563)	C1orf21	4.22342254993494
SWT1 (54823)	SWT1	1.14404636961671
MAD2L2 (10459)	MAD2L2	4.63401235640212
DNAJC6 (9829)	DNAJC6	0.263034405833794
LEPR (3953)	LEPR	1.15704371014558
IVNS1ABP (10625)	IVNS1ABP	6.24355484277846
KIAA2013 (90231)	KIAA2013	5.13627342985058
MFN2 (9927)	MFN2	5.32192809488736
PRG4 (10216)	PRG4	0.0143552929770701
MIIP (60672)	MIIP	4.63343121035563
SMG7 (9887)	SMG7	4.99322146736894
NCF2 (4688)	NCF2	0.214124805352847
PDC (5132)	PDC	0.0426443374084937
SLC35D1 (23169)	SLC35D1	1.87184364850932
PLA2G4A (5321)	PLA2G4A	3.80838505065609
GADD45A (1647)	GADD45A	5.29535569289167
PRAMEF1 (65121)	PRAMEF1	0
PRAMEF12 (390999)	PRAMEF12	0
WLS (79971)	WLS	5.90014226035982
PRDM2 (7799)	PRDM2	3.20006486151431
RGS2 (5997)	RGS2	4.83945576522463
RPE65 (6121)	RPE65	0.0143552929770701
TROVE2 (6738)	TROVE2	3.37155886261196
AMPD1 (270)	AMPD1	0
UCHL5 (51377)	UCHL5	5.49121175600309
BCAS2 (10286)	BCAS2	5.47961860846942
SRSF11 (9295)	SRSF11	7.27984269352035
CTH (1491)	CTH	2.41413553298445
AGMAT (79814)	AGMAT	4.05484847699562
OLFML3 (56944)	OLFML3	0.150559676575381
TNNI3K (51086)	TNNI3K	0
CFHR3 (10878)	CFHR3	0.516015147003665
PLEKHM2 (23207)	PLEKHM2	4.02236781302845
CRYZ (1429)	CRYZ	6.41920177384876
PHTF1 (10745)	PHTF1	3.74631276642546
ZBTB17 (7709)	ZBTB17	3.64385618977472
CD58 (965)	CD58	4.23955079661364
TFAP2E (339488)	TFAP2E	0.66902676550963
CD2 (914)	CD2	0
TTF2 (8458)	TTF2	4.14649230697719
NR5A2 (2494)	NR5A2	1.59931779369823
KIF21B (23046)	KIF21B	1.37295209791183
TMEM9 (252839)	TMEM9	6.44145028021683
ADPRHL2 (54936)	ADPRHL2	4.40122086216022
MAP7D1 (55700)	MAP7D1	4.72137265947682
WARS2 (10352)	WARS2	3.46336088581666
HAO2 (51179)	HAO2	0
OSCP1 (127700)	OSCP1	2.01077983875324
MRPS15 (64960)	MRPS15	6.8008998999203
EXOC8 (149371)	EXOC8	2.84197311892718
GNPAT (8443)	GNPAT	5.13545278418517
TSNAX (7257)	TSNAX	4.81864608282254
C1orf109 (54955)	C1orf109	5.09423606984577
RRAGC (64121)	RRAGC	3.32481060342048
NID1 (4811)	NID1	0.0285691521967709
LGALS8 (3964)	LGALS8	4.90833256978243
NT5C1A (84618)	NT5C1A	0
HPCAL4 (51440)	HPCAL4	0.0143552929770701
MTR (4548)	MTR	2.92219784839637
BMP8B (656)	BMP8B	1.35614381022528
MYCL (4610)	MYCL	2.94110631094643
SIPA1L2 (57568)	SIPA1L2	2.37573453858316
ZP4 (57829)	ZP4	0
RLF (6018)	RLF	2.48800077083407
KMO (8564)	KMO	0.070389327891398
ZNF684 (127396)	ZNF684	1.38404980679516
KCNQ4 (9132)	KCNQ4	1.32192809488736
RIMS3 (9783)	RIMS3	0.137503523749935
AKT3 (10000)	AKT3	0.0840642647884745
ETV3 (2117)	ETV3	3.114367024952
ACADM (34)	ACADM	5.0232553523003
ST6GALNAC5 (81849)	ST6GALNAC5	0.0143552929770701
SLAMF1 (6504)	SLAMF1	0.0426443374084937
CD48 (962)	CD48	0.0426443374084937
ADGRL2 (23266)	ADGRL2	0.298658315564515
PADI2 (11240)	PADI2	0.594548549550354
SDHB (6390)	SDHB	6.73009646559547
MFAP2 (4237)	MFAP2	0.526068811667588
RPF1 (80135)	RPF1	5.55458885167764
KDM5B (10765)	KDM5B	4.04439411935845
UAP1 (6675)	UAP1	5.28132732965948
ACTL8 (81569)	ACTL8	0.411426245726465
CTBS (1486)	CTBS	2.3305584000308
RGS4 (5999)	RGS4	0.137503523749935
KLHL12 (59349)	KLHL12	3.8499992594661
IGSF21 (84966)	IGSF21	0
SSX2IP (117178)	SSX2IP	3.27947129564447
ZNHIT6 (54680)	ZNHIT6	3.75167794568758
PLA2G2D (26279)	PLA2G2D	0
RBBP5 (5929)	RBBP5	3.32192809488736
GBP3 (2635)	GBP3	3.0071955014042
GBP1 (2633)	GBP1	0.150559676575381
KIF17 (57576)	KIF17	0.0143552929770701
GPR89A (653519)	GPR89A	3.98913900736823
CDK18 (5129)	CDK18	4.01703108052784
RAB29 (8934)	RAB29	2.26903314645524
CD160 (11126)	CD160	0.650764559116902
ECE1 (1889)	ECE1	5.22920335788675
HMGCL (3155)	HMGCL	4.80271021929134
GALE (2582)	GALE	6.84461162137031
ID3 (3399)	ID3	0.739848102699327
CR2 (1380)	CR2	0.0143552929770701
CD46 (4179)	CD46	6.54874485993723
PRPF3 (9129)	PRPF3	5.49185309632967
APH1A (51107)	APH1A	6.73226919950145
P3H1 (64175)	P3H1	3.01077983875324
SLC2A1 (6513)	SLC2A1	7.51056638944875
EBNA1BP2 (10969)	EBNA1BP2	6.6687431890879
CDC20 (991)	CDC20	6.50080205305716
MPL (4352)	MPL	0
ARTN (9048)	ARTN	0.137503523749935
IPO13 (9670)	IPO13	3.21256933885081
ATP6V0B (533)	ATP6V0B	6.57727775258235
B4GALT2 (8704)	B4GALT2	5.25134038278862
ERI3 (79033)	ERI3	5.01256867350306
PTCH2 (8643)	PTCH2	0.070389327891398
AKR1A1 (10327)	AKR1A1	6.68537955195908
PRDX1 (5052)	PRDX1	9.76384309671726
PIK3R3 (8503)	PIK3R3	2.72900887033786
TSPAN1 (10103)	TSPAN1	7.80064109732908
BLZF1 (8548)	BLZF1	3.74631276642546
CCDC181 (57821)	CCDC181	0.0285691521967709
SLC19A2 (10560)	SLC19A2	4.10768786931437
FAAH (2166)	FAAH	4.36806987653208
NSUN4 (387338)	NSUN4	3.58736499093646
TMED5 (50999)	TMED5	4.48091134604775
MROH9 (80133)	MROH9	0
DR1 (1810)	DR1	5.00988458893184
CNN3 (1266)	CNN3	1.33913738491959
PRRC2C (23215)	PRRC2C	5.78790255939143
F3 (2152)	F3	2.23572705983806
ABCD3 (5825)	ABCD3	5.08406426478847
VAMP4 (8674)	VAMP4	1.86789646399265
DPH5 (51611)	DPH5	4.73281187208294
FASLG (356)	FASLG	0.0426443374084937
PTBP2 (58155)	PTBP2	3.17152710603881
TNFSF4 (7292)	TNFSF4	0.0426443374084937
PRDX6 (9588)	PRDX6	6.84849775538515
DARS2 (55157)	DARS2	4.06695024392463
HSD11B1 (3290)	HSD11B1	0
IRF6 (3664)	IRF6	3.98641093525204
UTP25 (27042)	UTP25	2.7311832415722
PLPPR5 (163404)	PLPPR5	0
PLPPR4 (9890)	PLPPR4	0
SERPINC1 (462)	SERPINC1	0.0840642647884745
RCAN3 (11123)	RCAN3	3.17951105027151
SYF2 (25949)	SYF2	5.93828579188405
RSRP1 (57035)	RSRP1	6.01301553583926
SLC35A3 (23443)	SLC35A3	4.12680770314203
RCOR3 (55758)	RCOR3	4.51538446063695
STMN1 (3925)	STMN1	7.65792577227638
MTFR1L (56181)	MTFR1L	4.15218341905505
MAN1C1 (57134)	MAN1C1	0.0143552929770701
NEK2 (4751)	NEK2	4.80683958179819
RPS6KA1 (6195)	RPS6KA1	5.03077747199254
DHDDS (79947)	DHDDS	5.04001567884788
NENF (29937)	NENF	3.83390207666916
NSL1 (25936)	NSL1	4.49121175600309
PROX1 (5629)	PROX1	0.918386234446348
ARID1A (8289)	ARID1A	4.99548451887751
CENPF (1063)	CENPF	6.24145887127465
RPA2 (6118)	RPA2	5.74872956650074
PPP1R8 (5511)	PPP1R8	5.14893410452634
STX12 (23673)	STX12	3.81762325751143
MARC2 (54996)	MARC2	2.81557542886257
SLC5A9 (200010)	SLC5A9	1.73552217729654
OSBPL9 (114883)	OSBPL9	5.20202584460934
TXNDC12 (51060)	TXNDC12	5.29719141656586
ESYT2 (57488)	ESYT2	5.03826057517535
CD3EAP (10849)	CD3EAP	5.11519974938544
MESD (23184)	MESD	4.64443315240625
RCN2 (5955)	RCN2	5.83970769835037
CHRNB4 (1143)	CHRNB4	0.0976107966264223
MUC5B (727897)	MUC5B	0.454175893185802
CTSD (1509)	CTSD	7.92540608314137
COLEC11 (78989)	COLEC11	0.0840642647884745
STAG1 (10274)	STAG1	3.62058641045188
A4GNT (51146)	A4GNT	0
STK11 (6794)	STK11	4.99004721957379
KMT2A (4297)	KMT2A	4.87233628810464
TREH (11181)	TREH	0.111031312388744
IFT46 (56912)	IFT46	3.85798099512757
MMP8 (4317)	MMP8	0.0143552929770701
APOA1 (335)	APOA1	0.111031312388744
ZNF541 (84215)	ZNF541	0
SLC8A2 (6543)	SLC8A2	0.782408564927373
KPTN (11133)	KPTN	3.6724253419715
RPS25 (6230)	RPS25	10.9883296492311
KIF14 (9928)	KIF14	2.52857131887076
TNNT2 (7139)	TNNT2	0.356143810225275
DDX59 (83479)	DDX59	3.24640808724638
CAMSAP2 (23271)	CAMSAP2	2.92219784839637
ATF6 (22926)	ATF6	2.95977015521147
CRYGD (1421)	CRYGD	0
MREG (55686)	MREG	2.81762325751143
TNP1 (7141)	TNP1	0
FASTKD2 (22868)	FASTKD2	4.13668357769724
NRP2 (8828)	NRP2	0.238786859587116
CREB1 (1385)	CREB1	4.23725777090037
KLF7 (8609)	KLF7	0.0285691521967709
TTR (7276)	TTR	1.36176835941915
B4GALT6 (9331)	B4GALT6	1.74846123300404
C1orf54 (79630)	C1orf54	1.28095631383106
CA14 (23632)	CA14	0.422233000683048
CASC1 (55259)	CASC1	0.0976107966264223
LRMP (4033)	LRMP	0.16349873228288
ATP10B (23120)	ATP10B	2.20476675065461
SPCS2 (9789)	SPCS2	7.40981519582048
USP35 (57558)	USP35	2.46466826700344
ELOVL4 (6785)	ELOVL4	0.0143552929770701
FILIP1 (27145)	FILIP1	0.0285691521967709
CASP8AP2 (9994)	CASP8AP2	3.2585189247113
HMGN3 (9324)	HMGN3	6.40650265681287
UBE3D (90025)	UBE3D	2.17632277264046
CNR1 (1268)	CNR1	0.070389327891398
SPACA1 (81833)	SPACA1	0
ANKRD13C (81573)	ANKRD13C	3.1811025507538
SGIP1 (84251)	SGIP1	0
PHF3 (23469)	PHF3	3.91073266190291
ZC2HC1B (153918)	ZC2HC1B	0
ADGB (79747)	ADGB	0
PLAGL1 (5325)	PLAGL1	0.189033824390017
FBXO30 (84085)	FBXO30	1.55581615506164
TNFAIP3 (7128)	TNFAIP3	0.53605290024021
AKAP7 (9465)	AKAP7	4.03121873061072
RAB32 (10981)	RAB32	2.08406426478847
MYB (4602)	MYB	4.55642941544957
ALDH8A1 (64577)	ALDH8A1	0.137503523749935
SGK1 (6446)	SGK1	4.35402893805439
RNF146 (81847)	RNF146	3.68594014844598
ARG1 (383)	ARG1	0.0285691521967709
CTGF (1490)	CTGF	1.90689059560852
TCF21 (6943)	TCF21	0.910732661902913
PMFBP1 (83449)	PMFBP1	0.516015147003665
FBXL5 (26234)	FBXL5	4.0232553523003
MED28 (80306)	MED28	4.84649331596456
SLC16A7 (9194)	SLC16A7	2.09761079662642
RXYLT1 (10329)	RXYLT1	3.35191096110308
ZNF430 (80264)	ZNF430	1.52105073690096
VAMP8 (8673)	VAMP8	6.91719303692495
DCLRE1B (64858)	DCLRE1B	2.6959938131099
MYL12B (103910)	MYL12B	9.43379405875492
FOXO3 (2309)	FOXO3	3.64038956005495
ARMC2 (84071)	ARMC2	1.97085365434048
GHRH (2691)	GHRH	0
RPN2 (6185)	RPN2	8.27136964656249
TGIF2 (60436)	TGIF2	3.58976348698498
CASQ2 (845)	CASQ2	0.0143552929770701
OLFM3 (118427)	OLFM3	0.0143552929770701
PKD2 (5311)	PKD2	2.72465027173297
ABCG2 (9429)	ABCG2	3.95233356636969
SPP1 (6696)	SPP1	0.799087306074004
STBD1 (8987)	STBD1	2.08065766334523
CCNI (10983)	CCNI	6.37816477987163
RARRES1 (5918)	RARRES1	3.19692173382033
MFSD1 (64747)	MFSD1	4.12515513132229
RAB3GAP2 (25782)	RAB3GAP2	3.32912359629157
EEF2KMT (196483)	EEF2KMT	3.35049724708413
PPL (5493)	PPL	4.54225804976692
UBN1 (29855)	UBN1	4.26978123827438
KLF12 (11278)	KLF12	2.0036022366802
UCHL3 (7347)	UCHL3	6.8073549220576
PCDH17 (27253)	PCDH17	0.0143552929770701
HS1BP3 (64342)	HS1BP3	3.13257684267001
LDAH (60526)	LDAH	3.81249822533356
WDR35 (57539)	WDR35	2.37295209791183
CCND2 (894)	CCND2	0.0565835283663675
FGF23 (8074)	FGF23	0
ELL2 (22936)	ELL2	2.73768676140986
DNAH7 (56171)	DNAH7	0.713695814843359
CYP20A1 (57404)	CYP20A1	2.42492208821069
NDUFB3 (4709)	NDUFB3	6.87442813167938
GTF3C3 (9330)	GTF3C3	4.46008724011683
SATB2 (23314)	SATB2	0.124328135002202
UBE2B (7320)	UBE2B	6.4317900833788
TRPM6 (140803)	TRPM6	0
GDA (9615)	GDA	4.73660487531425
KLF9 (687)	KLF9	0.321928094887362
TJP2 (9414)	TJP2	6.69418374333315
C2orf40 (84417)	C2orf40	0
ITGB1BP1 (9270)	ITGB1BP1	5.43462822763672
CPSF3 (51692)	CPSF3	5.42727093517358
PIGZ (80235)	PIGZ	3.64731450954714
SENP5 (205564)	SENP5	3.29572302453997
CCDC92 (80212)	CCDC92	3.06177619758669
C1orf198 (84886)	C1orf198	3.70376517879341
TRIM67 (440730)	TRIM67	0.0285691521967709
HEATR1 (55127)	HEATR1	3.89917563048051
PTBP3 (9991)	PTBP3	4.86344293434804
RAD23B (5887)	RAD23B	6.39042694118717
FKBP15 (23307)	FKBP15	3.5765221379205
CTNNAL1 (8727)	CTNNAL1	4.91552090075196
FAM206A (54942)	FAM206A	4.23342794374847
WDR34 (89891)	WDR34	6.66020987335256
SET (6418)	SET	8.431163269784
PTPA (5524)	PTPA	6.65835431677408
GLE1 (2733)	GLE1	4.11603199344711
RAB14 (51552)	RAB14	4.80992886572143
CNTRL (11064)	CNTRL	3.25701061820602
TRIM32 (22954)	TRIM32	3.36597242759338
FBXW2 (26190)	FBXW2	4.46401472450489
PHF19 (26147)	PHF19	5.41751500288509
NEK6 (10783)	NEK6	4.34837407519116
BSPRY (54836)	BSPRY	4.1101961777542
PPP6C (5537)	PPP6C	4.02945288578697
NDUFA8 (4702)	NDUFA8	6.00315244866692
HDHD3 (81932)	HDHD3	5.30451104180995
RBM18 (92400)	RBM18	3.0036022366802
SLC46A2 (57864)	SLC46A2	0
HSDL2 (84263)	HSDL2	5.53044535469291
MAPKAP1 (79109)	MAPKAP1	5.23725777090037
NR4A3 (8013)	NR4A3	0.0143552929770701
INVS (27130)	INVS	2.42223300068305
GALNT12 (79695)	GALNT12	5.40497122358917
DENND1A (57706)	DENND1A	3.26153081524341
ALG2 (85365)	ALG2	4.32696871158789
CSF3R (1441)	CSF3R	0.0143552929770701
KDSR (2531)	KDSR	3.96993327469786
VPS4B (9525)	VPS4B	4.65935375917005
ONECUT2 (9480)	ONECUT2	3.34482849699744
C19orf25 (148223)	C19orf25	4.44493204894218
ZBTB45 (84878)	ZBTB45	3.50462039240355
YLPM1 (56252)	YLPM1	4.14159627838382
DCAF4 (26094)	DCAF4	2.99095486039699
PROX2 (283571)	PROX2	0.0426443374084937
VSX2 (338917)	VSX2	0
FCF1 (51077)	FCF1	5.20789285164133
PGF (5228)	PGF	0.53605290024021
IFI27L2 (83982)	IFI27L2	4.64558638591361
BBOF1 (80127)	BBOF1	1.18903382439002
NEK9 (91754)	NEK9	3.88264304936184
ACYP1 (97)	ACYP1	5.20241772157518
IFT43 (112752)	IFT43	4.23419472295381
NPC2 (10577)	NPC2	6.05723363504243
DNAL1 (83544)	DNAL1	2.24184018356467
IRF2BPL (64207)	IRF2BPL	2.34766565630097
ACOT2 (10965)	ACOT2	3.65306001710456
LTBP2 (4053)	LTBP2	0.367371065648529
AREL1 (9870)	AREL1	3.45285896471381
MLH3 (27030)	MLH3	2.4541758931858
TTLL5 (23093)	TTLL5	3.65764000520782
FLVCR2 (55640)	FLVCR2	2.09085343045111
ABCD4 (5826)	ABCD4	4.7311832415722
DLST (1743)	DLST	5.70321146739115
PPP4R4 (57718)	PPP4R4	0.20163386116965
TGFB3 (7043)	TGFB3	0.713695814843359
ZC2HC1C (79696)	ZC2HC1C	1.39506279951758
SLIRP (81892)	SLIRP	7.90701081518618
RBM25 (58517)	RBM25	5.40122086216022
ALDH6A1 (4329)	ALDH6A1	1.92599941855622
GPR68 (8111)	GPR68	0.650764559116902
ESRRB (2103)	ESRRB	0
EIF2B2 (8892)	EIF2B2	5.44294349584873
NRDE2 (55051)	NRDE2	2.06350294230616
COQ6 (51004)	COQ6	3.4995270242151
ZNF410 (57862)	ZNF410	4.09169983413681
RHOQ (23433)	RHOQ	2.77610398807316
GPR75 (10936)	GPR75	1.83995958748953
SUPT7L (9913)	SUPT7L	4.38887833881199
KLHL29 (114818)	KLHL29	0.545968369105293
DNMT3A (1788)	DNMT3A	3.25247621413522
TMEM214 (54867)	TMEM214	5.04483123344781
ATAD2B (54454)	ATAD2B	2.28983446517751
FKBP1B (2281)	FKBP1B	0
ATL2 (64225)	ATL2	5.51633038682594
YPEL5 (51646)	YPEL5	3.86294724802092
FAM98A (25940)	FAM98A	6.17891378466957
YIPF4 (84272)	YIPF4	4.34978987024187
AFTPH (54812)	AFTPH	4.83794324189103
LGALSL (29094)	LGALSL	2.97269265400426
CNRIP1 (25927)	CNRIP1	0.111031312388744
BCL11A (53335)	BCL11A	0
CRIPT (9419)	CRIPT	3.82476785314329
EPCAM (4072)	EPCAM	8.72941681464735
SLC17A5 (26503)	SLC17A5	2.7311832415722
OGFRL1 (79627)	OGFRL1	0.0426443374084937
SLF2 (55719)	SLF2	3.27798474729977
IDE (3416)	IDE	3.94204525991605
TECTB (6975)	TECTB	0
ELOVL3 (83401)	ELOVL3	0.214124805352847
IFIT3 (3437)	IFIT3	1.70929063572336
NKX2-3 (159296)	NKX2-3	0
IFIT2 (3433)	IFIT2	0.855989697308481
GPAM (57678)	GPAM	2.13422093976063
CUTC (51076)	CUTC	3.85897561429202
PPP1R3C (5507)	PPP1R3C	0.0143552929770701
PYROXD2 (84795)	PYROXD2	3.57410150808939
CNNM1 (26507)	CNNM1	0.0143552929770701
MXI1 (4601)	MXI1	4.07210580048042
SMNDC1 (10285)	SMNDC1	4.2667865406949
C10orf88 (80007)	C10orf88	2.59693514238723
HELLS (3070)	HELLS	5.1122831085982
PRLHR (2834)	PRLHR	0
TCTN3 (26123)	TCTN3	4.16751850373522
FAM45A (404636)	FAM45A	4.4032677223393
AVPI1 (60370)	AVPI1	2.92599941855622
WDR11 (55717)	WDR11	5.06047978140759
ARMH3 (79591)	ARMH3	3.62993940943954
KCNIP2 (30819)	KCNIP2	1.49569516262407
CFAP58 (159686)	CFAP58	0.0426443374084937
GOT1 (2805)	GOT1	4.790772037862
CPN1 (1369)	CPN1	0
C10orf95 (79946)	C10orf95	1.64616265715789
SFRP5 (6425)	SFRP5	0.070389327891398
GNA13 (10672)	GNA13	3.29865831556452
HOXB8 (3218)	HOXB8	5.13175409098481
KANSL1 (284058)	KANSL1	4.43895814789755
HOXB5 (3215)	HOXB5	5.29388543030237
CRHR1 (1394)	CRHR1	0
HOXB3 (3213)	HOXB3	6.32858517678881
HOXB1 (3211)	HOXB1	0.0840642647884745
DUSP1 (1843)	DUSP1	2.90689059560852
PANK3 (79646)	PANK3	3.8011586560937
MSX2 (4488)	MSX2	1.11103131238874
TEK (7010)	TEK	0.948600847493356
RCL1 (10171)	RCL1	4.14567745519564
CAAP1 (79886)	CAAP1	4.50207595604579
EQTN (54586)	EQTN	0.0840642647884745
MOB3B (79817)	MOB3B	2.39780296186249
INSL6 (11172)	INSL6	0.0426443374084937
INSL4 (3641)	INSL4	0.0285691521967709
MLANA (2315)	MLANA	0.422233000683048
CD274 (29126)	CD274	0.263034405833794
IFNA6 (3443)	IFNA6	0
IFNA8 (3445)	IFNA8	0
GRIA2 (2891)	GRIA2	0
NUP43 (348995)	NUP43	4.04701481951759
MTHFD1L (25902)	MTHFD1L	4.59991284218713
LRP11 (84918)	LRP11	3.89820835250872
CCDC170 (80129)	CCDC170	0.84799690655495
PCMT1 (5110)	PCMT1	6.18507363787676
PLEKHG1 (57480)	PLEKHG1	1.34482849699744
MYCT1 (80177)	MYCT1	0
CXorf21 (80231)	CXorf21	0
MAGEB4 (4115)	MAGEB4	0
CYSTM1 (84418)	CYSTM1	7.66938115767061
WDR55 (54853)	WDR55	4.96716860753263
ARAP3 (64411)	ARAP3	0.250961573533219
SLC25A2 (83884)	SLC25A2	0.0565835283663675
TNN (63923)	TNN	0
MRPS14 (63931)	MRPS14	4.14323013477689
CENPL (91687)	CENPL	3.4032677223393
TNFSF18 (8995)	TNFSF18	0
SEC16B (89866)	SEC16B	1.95977015521147
GORAB (92344)	GORAB	2.91456452349394
GPR31 (2853)	GPR31	0
ACAT2 (39)	ACAT2	5.77636722957392
TCP1 (6950)	TCP1	7.74503559892088
TTLL2 (83887)	TTLL2	0
SNX19 (399979)	SNX19	4.45680614923047
KCNJ5 (3762)	KCNJ5	0
MSANTD2 (79684)	MSANTD2	3.51222688651396
TP53AIP1 (63970)	TP53AIP1	0.214124805352847
TEX11 (56159)	TEX11	0.0426443374084937
ARR3 (407)	ARR3	0
PDZD11 (51248)	PDZD11	6.06134418828839
SLC10A7 (84068)	SLC10A7	3.11935617703968
NUDCD1 (84955)	NUDCD1	4.34553831007001
ENY2 (56943)	ENY2	7.78653102096184
MASTL (84930)	MASTL	3.69041709553247
KIAA1217 (56243)	KIAA1217	3.02856915219677
LYZL1 (84569)	LYZL1	0
PLXDC2 (84898)	PLXDC2	0.321928094887362
EPC1 (80314)	EPC1	3.854993016757
IQSEC3 (440073)	IQSEC3	0
CCDC77 (84318)	CCDC77	3.611172380044
TAF12 (6883)	TAF12	4.91647664443772
ENOX1 (55068)	ENOX1	0.0565835283663675
TNFSF11 (8600)	TNFSF11	0
MTRF1 (9617)	MTRF1	3.93545974780529
SOHLH2 (54937)	SOHLH2	0
DNAJC15 (29103)	DNAJC15	2.26603689399532
PROSER1 (80209)	PROSER1	4.96901230751632
UFM1 (51569)	UFM1	5.48284828306847
WBP4 (11193)	WBP4	3.44360665147561
ELF1 (1997)	ELF1	5.08406426478847
SMAD9 (4093)	SMAD9	0.176322772640463
HSPH1 (10808)	HSPH1	6.64630668900955
KBTBD7 (84078)	KBTBD7	2.39231742277876
ALG5 (29880)	ALG5	6.14689956034359
EXOSC8 (11340)	EXOSC8	7.08820521383894
ETF1 (2107)	ETF1	6.08852325661663
TGFBI (7045)	TGFBI	4.52606881166759
FAM53C (51307)	FAM53C	4.13996056954546
SIL1 (64374)	SIL1	3.80322703643493
PAIP2 (51247)	PAIP2	6.58556349845569
MYOT (9499)	MYOT	0
KDM3B (51780)	KDM3B	4.99819550315325
EGR1 (1958)	EGR1	5.41210404467757
SERP1 (27230)	SERP1	7.0349639897493
PLS1 (5357)	PLS1	5.32984117653063
ZFP30 (22835)	ZFP30	0.0143552929770701
NR2C1 (7181)	NR2C1	4.34056226902641
UTP20 (27340)	UTP20	3.12928301694497
TMPO (7112)	TMPO	6.56086777424485
ARL1 (400)	ARL1	5.12722055048807
GLT8D2 (83468)	GLT8D2	0.150559676575381
MTERF2 (80298)	MTERF2	3.33342373372519
SOCS2 (8835)	SOCS2	0.20163386116965
NFYB (4801)	NFYB	4.14404636961671
WASHC3 (51019)	WASHC3	4.20789285164133
APAF1 (317)	APAF1	2.79701297783614
DUSP4 (1846)	DUSP4	2.52606881166759
CLU (1191)	CLU	3.30888505741176
TNFRSF10B (8795)	TNFRSF10B	4.33556900555675
SORBS3 (10174)	SORBS3	2.8094144442359
PTK2B (2185)	PTK2B	1.49569516262407
CHRNA2 (1135)	CHRNA2	0.0285691521967709
ADRA1A (148)	ADRA1A	0
PPP3CC (5533)	PPP3CC	1.30451104180995
PDLIM2 (64236)	PDLIM2	2.24792751344359
EPHX2 (2053)	EPHX2	0.948600847493356
RNF170 (81790)	RNF170	2.54596836910529
NPPB (4879)	NPPB	0.0840642647884745
UBIAD1 (29914)	UBIAD1	3.45549162062847
TARDBP (23435)	TARDBP	7.69919069152582
TNFRSF8 (943)	TNFRSF8	0.0143552929770701
PRAMEF2 (65122)	PRAMEF2	0
ZNF706 (51123)	ZNF706	5.7273759385949
LYPLA1 (10434)	LYPLA1	5.92219784839637
CRISPLD1 (83690)	CRISPLD1	0.0976107966264223
COPS5 (10987)	COPS5	6.10768786931437
RDH10 (157506)	RDH10	4.12928301694497
EPX (8288)	EPX	0.0143552929770701
AKAP1 (8165)	AKAP1	5.82959589917751
COIL (8161)	COIL	3.62877359520165
TRIM25 (7706)	TRIM25	5.19731499947382
SCPEP1 (59342)	SCPEP1	1.97819562968165
SPOP (8405)	SPOP	5.33628338786443
TBX2 (6909)	TBX2	0.070389327891398
SLC35B1 (10237)	SLC35B1	5.70210340662939
TBX4 (9496)	TBX4	0.070389327891398
TEX14 (56155)	TEX14	0.0976107966264223
FAM117A (81558)	FAM117A	1.76553474636298
NCAPH (23397)	NCAPH	4.73009646559547
LRAT (9227)	LRAT	0
TMEM131L (23240)	TMEM131L	2.45154083301783
MND1 (84057)	MND1	3.51601514700366
TRIM6 (117854)	TRIM6	0.31034012061215
ABCC11 (85320)	ABCC11	0.189033824390017
TENT4B (64282)	TENT4B	2.36737106564853
ADCY7 (113)	ADCY7	0.765534746362977
CEP89 (84902)	CEP89	4.33628338786443
TSHZ3 (57616)	TSHZ3	0.0143552929770701
ECHDC2 (55268)	ECHDC2	4.85249829878989
TAS2R8 (50836)	TAS2R8	0.0426443374084937
PLBD1 (79887)	PLBD1	2.18269229751619
TAS2R10 (50839)	TAS2R10	0.333423733725192
PRB2 (653247)	PRB2	0.263034405833794
PYROXD1 (79912)	PYROXD1	3.45022149589718
IAPP (3375)	IAPP	0
KCNJ8 (3764)	KCNJ8	0
TAS2R7 (50837)	TAS2R7	0
BCL2L14 (79370)	BCL2L14	1.99638874644762
TAS2R9 (50835)	TAS2R9	0
PSPC1 (55269)	PSPC1	6.13606831219318
ZNF549 (256051)	ZNF549	0.070389327891398
A1BG (1)	A1BG	0.0426443374084937
ZSCAN18 (65982)	ZSCAN18	0.0840642647884745
ZNF211 (10520)	ZNF211	2.53106949272595
PDZRN3 (23024)	PDZRN3	1.85598969730848
RGSL1 (353299)	RGSL1	0
LHX4 (89884)	LHX4	1.23878685958712
RNF2 (6045)	RNF2	3.86789646399265
TRMT1L (81627)	TRMT1L	2.09423606984577
SEC22A (26984)	SEC22A	4.14404636961671
CSTA (1475)	CSTA	0.137503523749935
DPPA4 (55211)	DPPA4	0
POPDC2 (64091)	POPDC2	0.20163386116965
B4GALT4 (8702)	B4GALT4	3.90977310414164
NAA50 (80218)	NAA50	7.86319511247319
CD80 (941)	CD80	0.070389327891398
KIF18A (81930)	KIF18A	3.43028527297778
GJA8 (2703)	GJA8	0
DESI2 (51029)	DESI2	3.83390207666916
MAPK8IP1 (9479)	MAPK8IP1	0.344828496997441
CRY2 (1408)	CRY2	2.91838623444635
PEX16 (9409)	PEX16	4.69041709553247
DEPDC7 (91614)	DEPDC7	2.73552217729654
CAT (847)	CAT	5.99004721957379
PILRB (29990)	PILRB	5.54565954002547
ZMYM2 (7750)	ZMYM2	5.45154083301783
GJB6 (10804)	GJB6	0.992768430768924
GJA3 (2700)	GJA3	0.137503523749935
TBC1D15 (64786)	TBC1D15	4.38128337250378
ADGRB2 (576)	ADGRB2	0.871843648509318
HCRTR1 (3061)	HCRTR1	0.0143552929770701
ZCCHC17 (51538)	ZCCHC17	5.24222139509837
FABP3 (2170)	FABP3	0.411426245726465
KHDRBS1 (10657)	KHDRBS1	6.55397480823747
TMEM39B (55116)	TMEM39B	3.68144926531496
CCRL2 (9034)	CCRL2	1.83995958748953
CCR2 (729230)	CCR2	0.0285691521967709
POLR3GL (84265)	POLR3GL	4.00450139223494
GHSR (2693)	GHSR	0.0426443374084937
TNFSF10 (8743)	TNFSF10	3.0071955014042
ZNF639 (51193)	ZNF639	4.46923479366766
SLITRK3 (22865)	SLITRK3	0
PIK3CA (5290)	PIK3CA	2.87970576628229
PDS5A (23244)	PDS5A	4.76234881564413
TMEM156 (80008)	TMEM156	0
LIAS (11019)	LIAS	3.75702324650746
CPXM2 (119587)	CPXM2	0
TMEM54 (113452)	TMEM54	7.95093492831454
ZSCAN20 (7579)	ZSCAN20	1.43295940727611
CSMD2 (114784)	CSMD2	0
HPCA (3208)	HPCA	1.16349873228288
LRIF1 (55791)	LRIF1	3.22804904788446
TMIGD3 (57413)	TMIGD3	0
CLCC1 (23155)	CLCC1	3.41006969175638
GPSM2 (29899)	GPSM2	4.37503943134692
GTDC1 (79712)	GTDC1	2.93922657772821
CXCR4 (7852)	CXCR4	4.50080205305716
ZRANB3 (84083)	ZRANB3	2.7158933705476
ACVR2A (92)	ACVR2A	1.92219784839637
POLK (51426)	POLK	2.44095219802964
SV2C (22987)	SV2C	0
FLT3 (2322)	FLT3	0.0143552929770701
RPL21 (6144)	RPL21	12.2400459459191
MTIF3 (219402)	MTIF3	6.44377239276374
GTF3A (2971)	GTF3A	8.27909980213375
RASL11A (387496)	RASL11A	4.68425770505893
UBL3 (5412)	UBL3	4.55949181320504
FYTTD1 (84248)	FYTTD1	4.23572705983806
MTERF4 (130916)	MTERF4	4.75755668893945
XPNPEP2 (7512)	XPNPEP2	0
SASH3 (54440)	SASH3	0.150559676575381
OCRL (4952)	OCRL	4.20945336562895
PAEP (5047)	PAEP	0.070389327891398
OBP2A (29991)	OBP2A	0
MRPS2 (51116)	MRPS2	6.00988458893184
TBX22 (50945)	TBX22	0
FMOD (2331)	FMOD	0.604071323668861
MYOG (4656)	MYOG	0
LAX1 (54900)	LAX1	0.0143552929770701
PLG (5340)	PLG	0.333423733725192
KIAA1191 (57179)	KIAA1191	5.56407325573694
COPA (1314)	COPA	6.76646265242577
CD244 (51744)	CD244	0
LY9 (4063)	LY9	0.0143552929770701
HS3ST2 (9956)	HS3ST2	0
RBBP6 (5930)	RBBP6	4.46727948045998
ZC3H7A (29066)	ZC3H7A	4.674686619928
PRM2 (5620)	PRM2	0
SERAC1 (84947)	SERAC1	1.72246602447109
ANXA11 (311)	ANXA11	6.5933537709803
LDB3 (11155)	LDB3	0.0426443374084937
OPN4 (94233)	OPN4	0
SHLD2 (54537)	SHLD2	4.03210084316702
PRXL2A (84293)	PRXL2A	3.16188768237689
ZNF205 (7755)	ZNF205	3.42894634476948
NAA60 (79903)	NAA60	5.09887428674445
RPL5 (6125)	RPL5	10.5399342451718
ODF2L (57489)	ODF2L	4.21412480535285
PTGFR (5737)	PTGFR	0
SPATA1 (100505741)	SPATA1	0.678071905112638
TRMT13 (54482)	TRMT13	3.29425313644451
LRRC39 (127495)	LRRC39	0.432959407276106
RWDD3 (25950)	RWDD3	2.99457972421575
ZNF644 (84146)	ZNF644	4.30012372456901
CCDC18 (343099)	CCDC18	3.35191096110308
RPAP2 (79871)	RPAP2	2.48800077083407
PQLC1 (80148)	PQLC1	3.76341157447001
BBS9 (27241)	BBS9	1.53605290024021
PMS2 (5395)	PMS2	3.45811948117451
ZMIZ2 (83637)	ZMIZ2	5.36667191611176
OCM (654231)	OCM	0
SEPT7 (989)	SEPT7	7.45934964499934
EEPD1 (80820)	EEPD1	3.86789646399265
KLHL7 (55975)	KLHL7	4.28688114778816
HERPUD2 (64224)	HERPUD2	4.00450139223494
CBX3 (11335)	CBX3	8.21047653636665
HNRNPA2B1 (3181)	HNRNPA2B1	10.5261079467444
WIPF3 (644150)	WIPF3	0.526068811667588
NXPH1 (30010)	NXPH1	0
NPY (4852)	NPY	0.111031312388744
FAM126A (84668)	FAM126A	0.495695162624069
HOXA7 (3204)	HOXA7	2.6915341649192
INHBA (3624)	INHBA	0.0285691521967709
FKBP9 (11328)	FKBP9	5.71011763204345
NT5C3A (51251)	NT5C3A	6.04875931191986
ARL4A (10124)	ARL4A	5.44923120066949
CCZ1 (51622)	CCZ1	6.16551001804135
POLM (27434)	POLM	4.0866139474095
RAMP3 (10268)	RAMP3	0
MRM2 (29960)	MRM2	5.55028504908841
TWIST1 (7291)	TWIST1	0
SMU1 (55234)	SMU1	3.67016051412663
GLIPR2 (152007)	GLIPR2	0.20163386116965
SLC25A51 (92014)	SLC25A51	3.00180224263399
CLTA (1211)	CLTA	7.148222340387
RECK (8434)	RECK	0
SPINK4 (27290)	SPINK4	2.72683121703249
TAF1L (138474)	TAF1L	0.0565835283663675
ACO1 (48)	ACO1	4.14649230697719
PHF24 (23349)	PHF24	0.0143552929770701
DNAI1 (27019)	DNAI1	0.0285691521967709
DCAF10 (79269)	DCAF10	3.05311133645956
CNTFR (1271)	CNTFR	0
KIAA1549 (57670)	KIAA1549	0.863938450423971
TRIM24 (8805)	TRIM24	3.62877359520165
CYREN (78996)	CYREN	5.7915536333886
CALD1 (800)	CALD1	0.526068811667588
AKR1D1 (6718)	AKR1D1	0
NUDT10 (170685)	NUDT10	0
SFTPA1 (653509)	SFTPA1	0.0426443374084937
NEUROG3 (50674)	NEUROG3	1.53605290024021
PLAU (5328)	PLAU	0.454175893185802
SRGN (5552)	SRGN	0.356143810225275
CHST3 (9469)	CHST3	1.18903382439002
BICC1 (80114)	BICC1	0.0426443374084937
CISD1 (55847)	CISD1	4.27947129564447
EGR2 (1959)	EGR2	0.400537929583729
ECD (11319)	ECD	4.10097764772482
P4HA1 (5033)	P4HA1	4.28762004411207
SLC25A16 (8034)	SLC25A16	2.70708299177171
ZWINT (11130)	ZWINT	6.7113572383413
VPS26A (9559)	VPS26A	5.21916852046216
RBM19 (9904)	RBM19	4.11103131238874
CIT (11113)	CIT	3.43562859405209
IFT81 (28981)	IFT81	3.08065766334523
ACADS (35)	ACADS	2.84398384404833
HVCN1 (84329)	HVCN1	0.214124805352847
DDX54 (79039)	DDX54	5.55857377624063
MED13L (23389)	MED13L	3.76341157447001
CDKN2C (1031)	CDKN2C	2.45680614923047
RNF11 (26994)	RNF11	4.81659970653491
RASSF8 (11228)	RASSF8	0.0565835283663675
BHLHE41 (79365)	BHLHE41	4.70043971814109
SSPN (8082)	SSPN	1.51096191927738
ITPR2 (3709)	ITPR2	2.72246602447109
CCDC91 (55297)	CCDC91	4.25625587320273
NECAB1 (64168)	NECAB1	0.0285691521967709
WWP1 (11059)	WWP1	4.68313498512609
ACOT9 (23597)	ACOT9	3.48800077083407
PRDX4 (10549)	PRDX4	6.18428029441938
DDX39A (10212)	DDX39A	6.43011797489203
PKN1 (5585)	PKN1	4.45154083301783
TRIR (79002)	TRIR	7.02525032156158
ADGRE5 (976)	ADGRE5	5.05788344889963
WDR83 (84292)	WDR83	3.22342254993494
GIPC1 (10755)	GIPC1	6.49521546352043
ACTRT1 (139741)	ACTRT1	0
CCDC70 (83446)	CCDC70	0
SPRYD7 (57213)	SPRYD7	2.95233356636969
EBPL (84650)	EBPL	5.68706068833989
ATP7B (540)	ATP7B	2.18269229751619
ZC3H13 (23091)	ZC3H13	4.73930807086039
NLN (57486)	NLN	4.53356334821451
CENPK (64105)	CENPK	5.5909612413426
OPTN (10133)	OPTN	3.46205231879643
ITIH5 (80760)	ITIH5	0.0143552929770701
ATF1 (466)	ATF1	4.70873904135958
TSFM (10102)	TSFM	5.80451826988807
NEUROD4 (58158)	NEUROD4	0
ARHGAP9 (64333)	ARHGAP9	0.622930350920177
NCKAP1L (3071)	NCKAP1L	0
MMP19 (4327)	MMP19	0.0426443374084937
PFDN5 (5204)	PFDN5	8.81480674309309
SPATS2 (65244)	SPATS2	4.47702965301306
ORMDL2 (29095)	ORMDL2	5.31795521831244
NR4A1 (3164)	NR4A1	3.10097764772482
PDE1B (5153)	PDE1B	0
HOXC13 (3229)	HOXC13	1.09085343045111
CDK2 (1017)	CDK2	5.77899700616954
LRP1 (4035)	LRP1	4.60229058486114
HOXC11 (3227)	HOXC11	0.31034012061215
ATG101 (60673)	ATG101	5.67270819562222
NFE2 (4778)	NFE2	0.0426443374084937
HOXC12 (3228)	HOXC12	0.137503523749935
IKZF4 (64375)	IKZF4	1.790772037862
SMUG1 (23583)	SMUG1	5.53636379239547
TUBA1B (10376)	TUBA1B	10.3102719472978
EEF1AKMT3 (25895)	EEF1AKMT3	1.63226821549951
KBTBD4 (55709)	KBTBD4	4.30451104180995
SARDH (1757)	SARDH	0.632268215499513
DBH (1621)	DBH	0.0285691521967709
ATPAF1 (64756)	ATPAF1	4.74738739965272
STIL (6491)	STIL	3.55336050333533
HJURP (55355)	HJURP	4.64961545906341
IL13RA2 (3598)	IL13RA2	0.0840642647884745
COL10A1 (1300)	COL10A1	0.0840642647884745
AMD1 (262)	AMD1	5.54411440220947
NDUFAF4 (29078)	NDUFAF4	4.69710657447698
USP45 (85015)	USP45	2.29865831556452
PLP1 (5354)	PLP1	0.0565835283663675
SERPINA7 (6906)	SERPINA7	0
MORF4L2 (9643)	MORF4L2	8.88102216379663
H2BFWT (158983)	H2BFWT	0
RAB9B (51209)	RAB9B	0.0143552929770701
NRK (203447)	NRK	0.0143552929770701
FAM199X (139231)	FAM199X	4.1243281350022
ESX1 (80712)	ESX1	0.0285691521967709
MAGEA9 (4108)	MAGEA9	0.0285691521967709
ATXN3L (92552)	ATXN3L	0
RAB9A (9367)	RAB9A	2.74631276642546
METTL8 (79828)	METTL8	2.65764000520782
TTC21B (79809)	TTC21B	2.19534759832222
NMI (9111)	NMI	4.20711196120771
TNFAIP6 (7130)	TNFAIP6	0
ACVR1C (130399)	ACVR1C	0.0426443374084937
BAZ2B (29994)	BAZ2B	3.84498815668261
SLC36A1 (206358)	SLC36A1	1.74846123300404
LPGAT1 (9926)	LPGAT1	2.65764000520782
BATF3 (55509)	BATF3	0.189033824390017
G0S2 (50486)	G0S2	2.78240856492737
KCNJ2 (3759)	KCNJ2	0.16349873228288
RAP2C (57826)	RAP2C	3.81044310384517
EXOSC9 (5393)	EXOSC9	5.25776496857139
PLA2G12A (81579)	PLA2G12A	4.67694435910691
B9D2 (80776)	B9D2	3.27351588970212
COQ8B (79934)	COQ8B	5.10643207781693
PFKFB2 (5208)	PFKFB2	2.9297909977186
C4BPA (722)	C4BPA	0.464668267003444
C4BPB (725)	C4BPB	2.8011586560937
RAB38 (23682)	RAB38	0.0976107966264223
GPR83 (10888)	GPR83	0.111031312388744
AGO2 (27161)	AGO2	5.22496636500027
MXD4 (10608)	MXD4	4.71973105674985
CKS2 (1164)	CKS2	8.25847181399434
DAW1 (164781)	DAW1	0.16349873228288
ACSL3 (2181)	ACSL3	6.74590957250391
CHPF (79586)	CHPF	3.73876783680019
DNPEP (23549)	DNPEP	7.01858966780594
INHA (3623)	INHA	0
MOGAT1 (116255)	MOGAT1	0
OBSL1 (23363)	OBSL1	0.475084882948783
FAM124B (79843)	FAM124B	0.0285691521967709
SLC12A4 (6560)	SLC12A4	2.67807190511264
ENKD1 (84080)	ENKD1	4.05658352836637
MC3R (4159)	MC3R	0
GCNT7 (140687)	GCNT7	0.27500704749987
CTCFL (140690)	CTCFL	0
FAM210B (116151)	FAM210B	2.87578006306849
PI3 (5266)	PI3	4.54411440220947
FAM209A (200232)	FAM209A	0.31034012061215
SNX21 (90203)	SNX21	2.89336221076387
SLPI (6590)	SLPI	2.75915583380027
WFDC3 (140686)	WFDC3	0.367371065648529
TTPAL (79183)	TTPAL	2.66220549965362
PREX1 (57580)	PREX1	0.124328135002202
KCNS1 (3787)	KCNS1	0.070389327891398
SLC12A5 (57468)	SLC12A5	0.0426443374084937
ARHGAP40 (343578)	ARHGAP40	0.070389327891398
SDC4 (6385)	SDC4	5.25964912064916
NCOA3 (8202)	NCOA3	3.24640808724638
PIGT (51604)	PIGT	6.53574194107511
SEMG2 (6407)	SEMG2	0
MATN4 (8785)	MATN4	0.0143552929770701
NCOA5 (57727)	NCOA5	4.62702310555406
VAPB (9217)	VAPB	5.29755828116819
PARD6B (84612)	PARD6B	2.62058641045188
ATP5F1E (514)	ATP5F1E	6.98265139300139
CHD6 (84181)	CHD6	3.62058641045188
PLCG1 (5335)	PLCG1	4.91073266190291
TOX2 (84969)	TOX2	0.454175893185802
SRSF6 (6431)	SRSF6	6.9246937583865
GDAP1L1 (78997)	GDAP1L1	0
GTSF1L (149699)	GTSF1L	0
ARFGEF2 (10564)	ARFGEF2	4.19377174339668
ZNFX1 (57169)	ZNFX1	3.65878273401283
ZNF831 (128611)	ZNF831	0
EDN3 (1908)	EDN3	0
CSE1L (1434)	CSE1L	6.99638874644762
RAB22A (57403)	RAB22A	3.26303440583379
PTGIS (5740)	PTGIS	0
STAU1 (6780)	STAU1	6.36422222109353
CDH26 (60437)	CDH26	0.0840642647884745
SNAI1 (6615)	SNAI1	0.978195629681652
MOCS3 (27304)	MOCS3	2.790772037862
STX16 (8675)	STX16	5.8507494258965
PMEPA1 (56937)	PMEPA1	4.13832300405648
RNF114 (55905)	RNF114	5.71616782979715
ANKRD60 (140731)	ANKRD60	0
DDX27 (55661)	DDX27	6.12990118236507
RBPJL (11317)	RBPJL	0
SEMG1 (6406)	SEMG1	0
C20orf85 (128602)	C20orf85	0
BCAS4 (55653)	BCAS4	1.20789285164133
KCNK15 (60598)	KCNK15	0.0285691521967709
TP53TG5 (27296)	TP53TG5	1.17632277264046
PCK1 (5105)	PCK1	0.176322772640463
ZBP1 (81030)	ZBP1	0.137503523749935
NEURL2 (140825)	NEURL2	1.83592407425437
MAGEA10 (4109)	MAGEA10	0
MTRR (4552)	MTRR	5.16872225436066
FASTKD3 (79072)	FASTKD3	4.48607074373567
PEPD (5184)	PEPD	4.23802251782572
CHST8 (64377)	CHST8	0
IQSEC2 (23096)	IQSEC2	3.17632277264046
VAMP7 (6845)	VAMP7	5.26115467261557
IL9R (3581)	IL9R	1.58496250072116
XG (7499)	XG	0
STAMBP (10617)	STAMBP	5.10223819393074
NAGK (55577)	NAGK	4.36246988875021
MCEE (84693)	MCEE	3.83187724119167
PAIP2B (400961)	PAIP2B	1.95233356636969
SNRNP27 (11017)	SNRNP27	5.52136487844622
MPHOSPH10 (10199)	MPHOSPH10	4.82425869660337
IL17C (27189)	IL17C	0
ATP8A1 (10396)	ATP8A1	1.03562390973072
USP22 (23326)	USP22	5.52732060787705
POF1B (79983)	POF1B	5.73199778664374
HIF3A (64344)	HIF3A	0.0143552929770701
ZNF576 (79177)	ZNF576	4.00270252037982
IRGC (56269)	IRGC	0
ZNF45 (7596)	ZNF45	2.8073549220576
LYPD3 (27076)	LYPD3	0.545968369105293
PSG8 (440533)	PSG8	0
CEACAM8 (1088)	CEACAM8	0
NDP (4693)	NDP	0.111031312388744
USP9X (8239)	USP9X	3.96716860753263
CRISP2 (7180)	CRISP2	0
F13A1 (2162)	F13A1	0
GRM4 (2914)	GRM4	0
TRERF1 (55809)	TRERF1	2.0703893278914
PACSIN1 (29993)	PACSIN1	0.20163386116965
BTN2A2 (10385)	BTN2A2	1.51096191927738
SIRT5 (23408)	SIRT5	2.77610398807316
MRS2 (57380)	MRS2	4.25474519762921
WRNIP1 (56897)	WRNIP1	5.41210404467757
RRP36 (88745)	RRP36	5.4239142676731
BTN1A1 (696)	BTN1A1	0
SNRPC (6631)	SNRPC	7.56689124351493
SLC17A3 (10786)	SLC17A3	0
SLC17A1 (6568)	SLC17A1	0
SERPINB6 (5269)	SERPINB6	6.77003613859792
XPO5 (57510)	XPO5	5.0703893278914
ABCC10 (89845)	ABCC10	3.48542682717024
HIST1H1D (3007)	HIST1H1D	0.176322772640463
PEX6 (5190)	PEX6	3.58616424593091
NQO2 (4835)	NQO2	3.97452931248388
OARD1 (221443)	OARD1	5.25738784269265
UNC5CL (222643)	UNC5CL	0.7311832415722
AARS2 (57505)	AARS2	3.56559717585422
HIST1H1A (3024)	HIST1H1A	0
ZNF391 (346157)	ZNF391	0.495695162624069
RPS10 (6204)	RPS10	11.7447077222811
MOCS1 (4337)	MOCS1	0.0976107966264223
HIST1H2BJ (8970)	HIST1H2BJ	1.94860084749336
MED20 (9477)	MED20	3.78555055173926
OR2B6 (26212)	OR2B6	0.111031312388744
TBCC (6903)	TBCC	4.11852584893567
SPDEF (25803)	SPDEF	4.62234472272424
TCP11 (6954)	TCP11	0
MAD2L1BP (9587)	MAD2L1BP	4.77873424411784
APOBEC2 (10930)	APOBEC2	0
KLHDC3 (116138)	KLHDC3	5.91504279137198
GNMT (27232)	GNMT	0.250961573533219
DNAH8 (1769)	DNAH8	0.0143552929770701
TREM1 (54210)	TREM1	0
MEA1 (4201)	MEA1	6.50858711208948
KLHL31 (401265)	KLHL31	0.485426827170242
COL21A1 (81578)	COL21A1	0.0285691521967709
CDKN1A (1026)	CDKN1A	2.47248777146274
SOX4 (6659)	SOX4	5.20045727142857
GLO1 (2739)	GLO1	6.52638186256192
CPNE5 (57699)	CPNE5	0.0976107966264223
KCNK17 (89822)	KCNK17	0.0285691521967709
RREB1 (6239)	RREB1	3.16832111573972
SSR1 (6745)	SSR1	5.93734439215023
RIOK1 (83732)	RIOK1	4.07980475463526
NRN1 (51299)	NRN1	0.0840642647884745
SLC35B3 (51000)	SLC35B3	3.23112515787905
RPP40 (10799)	RPP40	3.87676249078156
ATXN1 (6310)	ATXN1	3.89820835250872
NUP153 (9972)	NUP153	4.33342373372519
DEK (7913)	DEK	7.14669594803066
EEF1E1 (9521)	EEF1E1	6.16711703022744
CRISP1 (167)	CRISP1	0
RUNX2 (860)	RUNX2	1.70487196445635
OPN5 (221391)	OPN5	0
GCM2 (9247)	GCM2	0
LRRFIP1 (9208)	LRRFIP1	6.26209484537018
RAB17 (64284)	RAB17	4.73498052343589
CXCL6 (6372)	CXCL6	0.970853654340484
EREG (2069)	EREG	5.25171909260596
TRIM51 (84767)	TRIM51	0
MYRF (745)	MYRF	5.92314918047231
SCGB1D2 (10647)	SCGB1D2	0
SCGB2A1 (4246)	SCGB2A1	0
AHNAK (79026)	AHNAK	6.72465027173297
EMC3 (55831)	EMC3	4.15623479785027
SSUH2 (51066)	SSUH2	0.214124805352847
WNT1 (7471)	WNT1	0
SH3TC1 (54436)	SH3TC1	2.35895882583233
CNOT1 (23019)	CNOT1	7.17472598770613
LRRC29 (26231)	LRRC29	0.20163386116965
BBS2 (583)	BBS2	4.56315813040281
MT1G (4495)	MT1G	3.46988597627446
MT2A (4502)	MT2A	5.77452352959023
C16orf70 (80262)	C16orf70	3.41953889151378
GOT2 (2806)	GOT2	6.52105073690096
DOK4 (55715)	DOK4	6.12639473762014
PIWIL1 (9271)	PIWIL1	0
GPR18 (2841)	GPR18	0.454175893185802
CLYBL (171425)	CLYBL	1.73984810269933
TMTC4 (84899)	TMTC4	4.72900887033786
RAP2A (5911)	RAP2A	3.41006969175638
SLC10A2 (6555)	SLC10A2	0.16349873228288
ABCC4 (10257)	ABCC4	4.20320115631661
EFNB2 (1948)	EFNB2	4.5552026338783
SOX21 (11166)	SOX21	0
TM9SF2 (9375)	TM9SF2	6.38266725274504
C17orf53 (78995)	C17orf53	2.23878685958712
KIF25 (3834)	KIF25	0.150559676575381
IRF1 (3659)	IRF1	4.70321146739115
UPF3B (65109)	UPF3B	4.84549005094437
RNF113A (7737)	RNF113A	4.11603199344711
SEPT6 (23157)	SEPT6	0.713695814843359
TMEM255A (55026)	TMEM255A	0
NDUFA1 (4694)	NDUFA1	7.18962691588486
AMELX (265)	AMELX	0
ATP5S (27109)	ATP5S	3.5033487351675
BMP4 (652)	BMP4	8.0390286957705
PTGER2 (5732)	PTGER2	0.0840642647884745
FAM193A (8603)	FAM193A	3.46205231879643
GRK4 (2868)	GRK4	1.70487196445635
SOX9 (6662)	SOX9	5.18824265626441
TEKT3 (64518)	TEKT3	0
MYH2 (4620)	MYH2	0
HS3ST3B1 (9953)	HS3ST3B1	0
SLC25A35 (399512)	SLC25A35	1.76977173924945
MRPS7 (51081)	MRPS7	6.22843392051337
GGA3 (23163)	GGA3	4.62058641045188
ARMC7 (79637)	ARMC7	3.85399564717639
NUP85 (79902)	NUP85	5.51317488460363
SLC25A19 (60386)	SLC25A19	4.41481206056585
MIF4GD (57409)	MIF4GD	4.3327079336406
NT5C (30833)	NT5C	5.75862298244024
MSTO1 (55154)	MSTO1	4.76659516172927
C1orf61 (10485)	C1orf61	0.0143552929770701
TTF1 (7270)	TTF1	3.73876783680019
GTF3C4 (9329)	GTF3C4	3.56193705962243
DDX31 (64794)	DDX31	4.14730669878029
BARHL1 (56751)	BARHL1	0.0840642647884745
KIR2DL1 (3802)	KIR2DL1	0.070389327891398
PPP1R12C (54776)	PPP1R12C	6.12577506760952
MBOAT7 (79143)	MBOAT7	6.02081330425245
SRMS (6725)	SRMS	0.238786859587116
OPRL1 (4987)	OPRL1	0.7311832415722
SLC2A4RG (56731)	SLC2A4RG	6.64140152114521
NPBWR2 (2832)	NPBWR2	0
FNDC11 (79025)	FNDC11	1.03562390973072
BHLHE23 (128408)	BHLHE23	0
PPDPF (79144)	PPDPF	8.57485839129278
IL1B (3553)	IL1B	0.0976107966264223
PLGLB2 (5342)	PLGLB2	0
IL37 (27178)	IL37	0
CHCHD5 (84269)	CHCHD5	4.29425313644451
PAX8 (7849)	PAX8	2.99276843076892
INSIG2 (51141)	INSIG2	4.09169983413681
POLR1B (84172)	POLR1B	3.93451650158608
CCDC93 (54520)	CCDC93	3.62293035092018
PSD4 (23550)	PSD4	4.04001567884788
SLC25A23 (79085)	SLC25A23	4.62351574149055
PSPN (5623)	PSPN	0.389566811762726
GTF2F1 (2962)	GTF2F1	5.59454854955035
ALKBH7 (84266)	ALKBH7	4.58135124716878
CLPP (8192)	CLPP	5.52387555132852
TNFSF9 (8744)	TNFSF9	0.485426827170242
GRIA3 (2892)	GRIA3	0
THOC2 (57187)	THOC2	6.35420529586169
MED1 (5469)	MED1	4.37989816352469
RPL23 (9349)	RPL23	11.977566144122
ATG4C (84938)	ATG4C	1.79493566280354
CD70 (970)	CD70	0.400537929583729
C3 (718)	C3	0.604071323668861
SH2D3A (10045)	SH2D3A	5.17312743348066
TRIP10 (9322)	TRIP10	5.27388882366849
GPR108 (56927)	GPR108	4.57712666130705
TNFSF14 (8740)	TNFSF14	0.0143552929770701
FOSB (2354)	FOSB	3.29572302453997
OPA3 (80207)	OPA3	3.22187708107703
SNRPD2 (6633)	SNRPD2	9.67592175879314
RTN2 (6253)	RTN2	2.37016428054021
EML2 (24139)	EML2	5.14730669878029
VASP (7408)	VASP	7.41117198899955
SYMPK (8189)	SYMPK	5.89772447021644
GPCPD1 (56261)	GPCPD1	1.80322703643493
SDCBP2 (27111)	SDCBP2	2.80529245560071
PANK2 (80025)	PANK2	4.64789009105921
TGM3 (7053)	TGM3	0.0143552929770701
GNRH2 (2797)	GNRH2	0.137503523749935
DEFB126 (81623)	DEFB126	0
FOXA2 (3170)	FOXA2	3.35191096110308
CD93 (22918)	CD93	0.0143552929770701
GZF1 (64412)	GZF1	2.91456452349394
PAX1 (5075)	PAX1	0
NAPB (63908)	NAPB	2.91073266190291
CST8 (10047)	CST8	0
NKX2-4 (644524)	NKX2-4	0
CENPB (1059)	CENPB	5.57198012018773
PSMF1 (9491)	PSMF1	5.99480597608493
NKX2-2 (4821)	NKX2-2	0.16349873228288
DTD1 (92675)	DTD1	5.74119729857143
CSTL1 (128817)	CSTL1	0
RBCK1 (10616)	RBCK1	6.59931779369823
TMX4 (56255)	TMX4	2.70929063572336
CST11 (140880)	CST11	0
STK35 (140901)	STK35	3.82171021503467
SNRPB (6628)	SNRPB	8.22877059985967
NRSN2 (80023)	NRSN2	3.11935617703968
AP5S1 (55317)	AP5S1	3.44625622988956
RRBP1 (6238)	RRBP1	5.66817586897014
BMP2 (650)	BMP2	1.67355642399014
ZNF133 (7692)	ZNF133	2.78659636189081
FLRT3 (23767)	FLRT3	1.54101915313356
OVOL2 (58495)	OVOL2	2.98550043030489
PCSK2 (5126)	PCSK2	0
GFRA4 (64096)	GFRA4	0
MKKS (8195)	MKKS	3.49185309632967
BFSP1 (631)	BFSP1	0.839959587489532
DSTN (11034)	DSTN	8.17657211071697
LAMP5 (24141)	LAMP5	0.0565835283663675
SNRPB2 (6629)	SNRPB2	5.94227990170576
MGME1 (92667)	MGME1	4.27798474729977
LRRN4 (164312)	LRRN4	0.545968369105293
TBC1D20 (128637)	TBC1D20	3.63923216324928
ITPA (3704)	ITPA	6.3019533951261
TCF15 (6939)	TCF15	0
OTOR (56914)	OTOR	0
MCM8 (84515)	MCM8	4.06004738366994
BANF2 (140836)	BANF2	0
TMEM74B (55321)	TMEM74B	2.18586654531133
FAM110A (83541)	FAM110A	4.38059093426592
SIRPD (128646)	SIRPD	0
MRPS26 (64949)	MRPS26	5.79233480570669
DEFB129 (140881)	DEFB129	0
S1PR4 (8698)	S1PR4	0.0285691521967709
NCLN (56926)	NCLN	5.04657836662033
CITED1 (4435)	CITED1	0.411426245726465
HNRNPR (10236)	HNRNPR	7.33735429849697
ZNF436 (80818)	ZNF436	2.40053792958373
MAX (4149)	MAX	5.30633516019798
ARMCX5 (64860)	ARMCX5	3.09929520433778
GDF5 (8200)	GDF5	0
MMP24 (10893)	MMP24	1.94485844580754
NECAB3 (63941)	NECAB3	4.22650852980868
ID1 (3397)	ID1	6.49761236561836
RALY (22913)	RALY	7.64832162654502
DYNLRB1 (83658)	DYNLRB1	8.31283758680243
C20orf173 (140873)	C20orf173	0
EIF2S2 (8894)	EIF2S2	7.21684284283726
ERGIC3 (51614)	ERGIC3	8.22597859657347
ROMO1 (140823)	ROMO1	8.46630082917934
FAM83C (128876)	FAM83C	0.84799690655495
BPIFB1 (92747)	BPIFB1	0.0285691521967709
CEP250 (11190)	CEP250	4.18903382439002
PLAGL2 (5326)	PLAGL2	3.64846544302731
MMP24OS (101410538)	MMP24OS	4.98093926608551
GRPR (2925)	GRPR	0.0840642647884745
KDM5C (8242)	KDM5C	5.74980240168005
AMOT (154796)	AMOT	1.18903382439002
TMEM115 (11070)	TMEM115	3.77294133783134
PSMB2 (5690)	PSMB2	6.45877569908024
AGO3 (192669)	AGO3	2.59454854955035
UROD (7389)	UROD	5.77478705960117
ST3GAL3 (6487)	ST3GAL3	2.20789285164133
TMEM53 (79639)	TMEM53	3.50842865253186
HECTD3 (79654)	HECTD3	4.3819754785573
KLC1 (3831)	KLC1	5.10685079645022
XRCC3 (7517)	XRCC3	4.36176835941915
TUBGCP3 (10426)	TUBGCP3	5.17552460108987
MCF2L (23263)	MCF2L	4.88752527074159
F10 (2159)	F10	0.111031312388744
PCID2 (55795)	PCID2	6.13360462289506
PROZ (8858)	PROZ	0.941106310946431
SLURP1 (57152)	SLURP1	0
LRFN3 (79414)	LRFN3	1.50589092972996
IGFLR1 (79713)	IGFLR1	2.96532254836725
CAPNS1 (826)	CAPNS1	8.68267863046491
PDCD2L (84306)	PDCD2L	4.97865326490861
GPR42 (2866)	GPR42	0
RBM42 (79171)	RBM42	6.60377468646397
KIRREL2 (84063)	KIRREL2	0.0285691521967709
UBA2 (10054)	UBA2	7.20535341079454
FFAR2 (2867)	FFAR2	0.948600847493356
HCST (10870)	HCST	0.333423733725192
FFAR1 (2864)	FFAR1	0
COX6B1 (1340)	COX6B1	9.6883027698172
KRT36 (8689)	KRT36	0
THRA (7067)	THRA	4.4093909361377
CCR7 (1236)	CCR7	0.124328135002202
NR1D1 (9572)	NR1D1	3.0703893278914
FRMD8 (83786)	FRMD8	4.65935375917005
PRDX5 (25824)	PRDX5	7.87510425573367
BCL2L12 (83596)	BCL2L12	6.22032995487956
IRF3 (3661)	IRF3	7.07841770164733
PRMT1 (3276)	PRMT1	8.79555267794562
RRAS (6237)	RRAS	5.3077927961299
PRRG2 (5639)	PRRG2	3.64500988439109
SCAF1 (58506)	SCAF1	5.18824265626441
PRR12 (57479)	PRR12	4.33985000288462
TSKS (60385)	TSKS	0
FLRT1 (23769)	FLRT1	0.910732661902913
ASL (435)	ASL	5.97544676564096
SBDS (51119)	SBDS	6.27388882366849
CSN1S1 (1446)	CSN1S1	0
STATH (6779)	STATH	0
HTN1 (3346)	HTN1	0
STAT5A (6776)	STAT5A	1.37851162325373
WNK4 (65266)	WNK4	3.74846123300404
BECN1 (8678)	BECN1	5.78607355157855
PRKCG (5582)	PRKCG	0.16349873228288
TRAP1 (10131)	TRAP1	7.54202583767195
GLIS2 (84662)	GLIS2	3.39231742277876
NSRP1 (84081)	NSRP1	4.87332106291482
DNAJC8 (22826)	DNAJC8	6.01100356443267
AHDC1 (27245)	AHDC1	3.88459792099006
IFI6 (2537)	IFI6	2.09085343045111
DACH2 (117154)	DACH2	0
ZNF384 (171017)	ZNF384	5.73443866613717
SSX1 (6756)	SSX1	0.0285691521967709
UXT (8409)	UXT	7.39377655463382
CFP (5199)	CFP	0.604071323668861
ELK1 (2002)	ELK1	4.78188423454149
TIMM17B (10245)	TIMM17B	6.30359811699249
PCNX4 (64430)	PCNX4	2.9560566524124
ATG14 (22863)	ATG14	2.13422093976063
KTN1 (3895)	KTN1	5.43162295971329
SIX1 (6495)	SIX1	0.0285691521967709
RHOJ (57381)	RHOJ	0.124328135002202
DLGAP5 (9787)	DLGAP5	4.50207595604579
L3HYPDH (112849)	L3HYPDH	2.55581615506164
HSPA2 (3306)	HSPA2	1.0496307677246
ZBTB1 (22890)	ZBTB1	3.83491342970104
TRMT5 (57570)	TRMT5	2.75060650483559
SGPP1 (81537)	SGPP1	2.07724299893246
PLEKHG3 (26030)	PLEKHG3	4.18030701996943
PZP (5858)	PZP	0
PRDM7 (11105)	PRDM7	0.0143552929770701
RHOT1 (55288)	RHOT1	4.81608765860021
EVI2A (2123)	EVI2A	0.214124805352847
OMG (4974)	OMG	0.475084882948783
WDR60 (55112)	WDR60	3.21101219348551
AIF1L (83543)	AIF1L	1.11769504266975
FAM78A (286336)	FAM78A	0.6959938131099
NUP214 (8021)	NUP214	4.20789285164133
CTAG2 (30848)	CTAG2	0.070389327891398
AVPR2 (554)	AVPR2	0
SLC10A3 (8273)	SLC10A3	4.57833494868161
MAP2K2 (5605)	MAP2K2	5.89651405396884
HNRNPH2 (3188)	HNRNPH2	6.28983446517751
ARMCX1 (51309)	ARMCX1	0.0143552929770701
TMEM35A (59353)	TMEM35A	0.0565835283663675
NXF5 (55998)	NXF5	0
TIMM8A (1678)	TIMM8A	4.69877410890368
ZC4H2 (55906)	ZC4H2	0.111031312388744
CANX (821)	CANX	8.85040564803514
INTS11 (54973)	INTS11	6.72819263549805
RGS13 (6003)	RGS13	0.0426443374084937
IPPK (64768)	IPPK	3.39094277280254
ZNF484 (83744)	ZNF484	1.18269229751619
OMD (4958)	OMD	0.0143552929770701
FGD3 (89846)	FGD3	2.47508488294878
HIVEP3 (59269)	HIVEP3	0.632268215499513
PPCS (79717)	PPCS	5.59036248846375
EDN2 (1907)	EDN2	0.137503523749935
BCL11B (64919)	BCL11B	0.933572638261024
COX7C (1350)	COX7C	9.51812200452023
TRAF2 (7186)	TRAF2	4.63517394667492
ABHD8 (79575)	ABHD8	1.19534759832222
MASP1 (5648)	MASP1	0
ATP13A4 (84239)	ATP13A4	1.16992500144231
HRASLS (57110)	HRASLS	0.214124805352847
HELB (92797)	HELB	1.23878685958712
RAP1B (5908)	RAP1B	6.64573047530608
IL22 (50616)	IL22	0
TSPAN8 (7103)	TSPAN8	8.92436715862898
BEST3 (144453)	BEST3	0.070389327891398
RAB3IP (117177)	RAB3IP	5.59305492166988
PTPRB (5787)	PTPRB	3.05311133645956
DYRK2 (8445)	DYRK2	3.799087306074
YEATS4 (8089)	YEATS4	4.58556349845569
TAS2R3 (50831)	TAS2R3	0.31034012061215
TAS2R4 (50832)	TAS2R4	0.55581615506164
TAS2R5 (54429)	TAS2R5	1.0071955014042
CRYGN (155051)	CRYGN	0.485426827170242
LRRC61 (65999)	LRRC61	5.1333991254172
TRPV5 (56302)	TRPV5	0.070389327891398
IDUA (3425)	IDUA	3.08406426478847
FGFRL1 (53834)	FGFRL1	5.11603199344711
TMEM175 (84286)	TMEM175	3.71259578044703
AUNIP (79000)	AUNIP	3.14730669878029
PIN1 (5300)	PIN1	5.69571548860997
FBXL12 (54850)	FBXL12	4.00270252037982
EMC1 (23065)	EMC1	4.80426011563474
PLA2G5 (5322)	PLA2G5	0
UBR4 (23352)	UBR4	6.55765515472542
HP1BP3 (50809)	HP1BP3	7.19986861652443
ADGRE2 (30817)	ADGRE2	0.0143552929770701
SIN3B (23309)	SIN3B	3.68144926531496
OR7A10 (390892)	OR7A10	0
SLC35E1 (79939)	SLC35E1	3.73335434061383
EPS15L1 (58513)	EPS15L1	3.19692173382033
KLF2 (10365)	KLF2	0.464668267003444
OR7C2 (26658)	OR7C2	0
OR7C1 (26664)	OR7C1	0.0976107966264223
F2RL3 (9002)	F2RL3	0.0143552929770701
UQCR11 (10975)	UQCR11	5.9371089462026
GFER (2671)	GFER	4.13504228623365
SYNGR3 (9143)	SYNGR3	0.516015147003665
PKMYT1 (9088)	PKMYT1	5.18269229751619
WFIKKN1 (117166)	WFIKKN1	0.659924558402378
WDR24 (84219)	WDR24	2.67581593117227
FBXL16 (146330)	FBXL16	0.790772037862
CHTF18 (63922)	CHTF18	5.268284666521
GNG13 (51764)	GNG13	0.475084882948783
MACF1 (23499)	MACF1	5.66931028620247
SMARCA4 (6597)	SMARCA4	6.0071955014042
KDM4B (23030)	KDM4B	2.49825086752783
TICAM1 (148022)	TICAM1	2.4905701304462
METTL25 (84190)	METTL25	1.75274859140713
IL17B (27190)	IL17B	0
EMC6 (83460)	EMC6	5.84423498775875
OR1E2 (8388)	OR1E2	0
METTL16 (79066)	METTL16	3.47638168756724
TUBA4A (7277)	TUBA4A	6.53884852074424
VIL1 (7429)	VIL1	6.71630503984442
AAMP (14)	AAMP	6.97968241371522
PNKD (25953)	PNKD	5.65592421308382
TNFRSF19 (55504)	TNFRSF19	0.070389327891398
RNF6 (6049)	RNF6	5.76526952069059
ECHS1 (1892)	ECHS1	7.39891466788541
ZNF835 (90485)	ZNF835	0
AKAP9 (10142)	AKAP9	4.85897561429202
GNG11 (2791)	GNG11	0.0565835283663675
SEM1 (7979)	SEM1	9.25001411501037
GNGT1 (2792)	GNGT1	0.855989697308481
HIP1 (3092)	HIP1	1.0071955014042
PTPN12 (5782)	PTPN12	5.56224242422107
POR (5447)	POR	5.26940724085404
FGL2 (10875)	FGL2	0.111031312388744
STYXL1 (51657)	STYXL1	5.50969584193339
STEAP4 (79689)	STEAP4	1.88362081628567
GNAI1 (2770)	GNAI1	5.13791332208841
PEX1 (5189)	PEX1	3.51853513898218
MTERF1 (7978)	MTERF1	3.77820857639809
SGCE (8910)	SGCE	0.66902676550963
RBM48 (84060)	RBM48	3.34198574722862
CASD1 (64921)	CASD1	2.60644222813161
ZNF780B (163131)	ZNF780B	3.95791459863299
LRFN1 (57622)	LRFN1	0.37851162325373
ZFP36 (7538)	ZFP36	5.42525787199921
SRD5A3 (79644)	SRD5A3	2.08065766334523
SPINK2 (6691)	SPINK2	0.0840642647884745
RASL11B (65997)	RASL11B	0.0426443374084937
PAICS (10606)	PAICS	7.27900691380736
KDR (3791)	KDR	0
PPAT (5471)	PPAT	4.54101915313356
TUBGCP6 (85378)	TUBGCP6	3.70818723602071
ADM2 (79924)	ADM2	1.31034012061215
DGCR6L (85359)	DGCR6L	5.56407325573694
DGCR8 (54487)	DGCR8	5.46401472450489
ASPHD2 (57168)	ASPHD2	0.111031312388744
VPREB3 (29802)	VPREB3	0
SDF2L1 (23753)	SDF2L1	5.4944156103975
GAL3ST1 (9514)	GAL3ST1	2.21101219348551
YWHAH (7533)	YWHAH	6.17392693199981
RFPL1 (5988)	RFPL1	0
RFPL2 (10739)	RFPL2	0
GNAZ (2781)	GNAZ	1.09761079662642
MGAT3 (4248)	MGAT3	1.53605290024021
ADORA2A (135)	ADORA2A	0.150559676575381
ATF4 (468)	ATF4	8.71860137035024
A4GALT (53947)	A4GALT	3.73876783680019
RFPL3 (10738)	RFPL3	0
CDC42EP1 (11135)	CDC42EP1	4.49313492230551
APOL3 (80833)	APOL3	0.978195629681652
MCHR1 (2847)	MCHR1	0.0426443374084937
TPST2 (8459)	TPST2	2.40871186102943
BAIAP2L2 (80115)	BAIAP2L2	3.03210084316702
MPST (4357)	MPST	5.41650199286742
GALR3 (8484)	GALR3	0
TST (7263)	TST	6.11727946005392
APOL5 (80831)	APOL5	0
IGLL1 (3543)	IGLL1	0
APOL2 (23780)	APOL2	3.26153081524341
RAC2 (5880)	RAC2	2.86591881455221
LIF (3976)	LIF	3.08406426478847
C22orf23 (84645)	C22orf23	0.189033824390017
APOBEC3A (200315)	APOBEC3A	0
APOBEC3F (200316)	APOBEC3F	0.0285691521967709
RIBC2 (26150)	RIBC2	2.37016428054021
KRT17 (3872)	KRT17	3.03738222200308
EMC4 (51234)	EMC4	7.0408924306469
RNF112 (7732)	RNF112	0.0426443374084937
SPECC1 (92521)	SPECC1	2.18586654531133
CPA4 (51200)	CPA4	0.333423733725192
DOCK4 (9732)	DOCK4	1.06350294230616
POT1 (25913)	POT1	4.03913839390696
TAS2R16 (50833)	TAS2R16	0
ATP6V1F (9296)	ATP6V1F	7.11904486000033
LSM8 (51691)	LSM8	5.73606362787181
CDHR3 (222256)	CDHR3	2.61588707391606
PRKRIP1 (79706)	PRKRIP1	4.631686366312
VGF (7425)	VGF	0.495695162624069
PODXL (5420)	PODXL	5.72710360352266
FOXP2 (93986)	FOXP2	0.22650852980868
STRIP2 (57464)	STRIP2	1.52606881166759
IFT22 (64792)	IFT22	5.11144869848767
MKLN1 (4289)	MKLN1	3.29719141656586
DNAJB9 (4189)	DNAJB9	3.21256933885081
FLNC (2318)	FLNC	0.0976107966264223
LRRC4 (64101)	LRRC4	0.0840642647884745
CALU (813)	CALU	6.02790599656988
CCDC136 (64753)	CCDC136	0.111031312388744
SMO (6608)	SMO	0.0143552929770701
IRF5 (3663)	IRF5	2.52606881166759
LRRC17 (10234)	LRRC17	0.0976107966264223
KLHDC10 (23008)	KLHDC10	4.01435529297707
NDUFA5 (4698)	NDUFA5	6.08023127201926
FEZF1 (389549)	FEZF1	0
OPN1SW (611)	OPN1SW	0.124328135002202
MRPS12 (6183)	MRPS12	6.56376827845203
MYO1B (4430)	MYO1B	2.49825086752783
HOXD1 (3231)	HOXD1	0.0565835283663675
HOXD3 (3232)	HOXD3	0.0565835283663675
MTX2 (10651)	MTX2	5.43429461795993
PDE11A (50940)	PDE11A	0.0285691521967709
CHN1 (1123)	CHN1	0.37851162325373
GAD1 (2571)	GAD1	2.20163386116965
OSGEPL1 (64172)	OSGEPL1	2.27500704749987
ORMDL1 (94101)	ORMDL1	5.00045077177086
HAT1 (8520)	HAT1	6.27202318906105
HOXD9 (3235)	HOXD9	0.070389327891398
HOXD10 (3236)	HOXD10	0
HOXD11 (3237)	HOXD11	0
HOXD13 (3239)	HOXD13	0.704871964456353
HERC2 (8924)	HERC2	5.71287086768991
SNRPN (6638)	SNRPN	0.238786859587116
PSMG2 (56984)	PSMG2	6.42978332050851
TWSG1 (57045)	TWSG1	3.48413813120167
ARHGAP22 (58504)	ARHGAP22	0.298658315564515
WDFY4 (57705)	WDFY4	0.0976107966264223
EIF2AK4 (440275)	EIF2AK4	3.61470984411521
MYO5C (55930)	MYO5C	4.2585189247113
CGNL1 (84952)	CGNL1	0.495695162624069
TMOD2 (29767)	TMOD2	0.333423733725192
TTBK2 (146057)	TTBK2	2.18903382439002
ELL3 (80237)	ELL3	5.55397480823747
CCDC32 (90416)	CCDC32	5.5677279633048
INO80 (54617)	INO80	4.5197934862411
ICE2 (79664)	ICE2	4.61588707391606
DLL4 (54567)	DLL4	2.59215800212536
ALDH1A2 (8854)	ALDH1A2	0.0285691521967709
MINDY2 (54629)	MINDY2	2.1407786557828
IVD (3712)	IVD	6.07360604057494
KNSTRN (90417)	KNSTRN	5.80141736586591
DUT (1854)	DUT	5.98048235553826
CHAC1 (79094)	CHAC1	4.53480866123175
CLN6 (54982)	CLN6	6.83086375675176
ARPP19 (10776)	ARPP19	5.83743871485637
VPS13C (54832)	VPS13C	2.93168305705981
CALML4 (91860)	CALML4	6.9367557052196
ISLR (3671)	ISLR	0.214124805352847
THAP10 (56906)	THAP10	2.37573453858316
LOXL1 (4016)	LOXL1	2.59215800212536
ACKR4 (51554)	ACKR4	0.903038270112912
ANAPC13 (25847)	ANAPC13	5.37260391520448
MBD4 (8930)	MBD4	4.88508622529017
COPB1 (1315)	COPB1	6.22129710316334
PSMA1 (5682)	PSMA1	7.5535141040851
SUMF2 (25870)	SUMF2	6.91312876781974
PALLD (23022)	PALLD	1.73984810269933
SPCS3 (60559)	SPCS3	4.54225804976692
BBOX1 (8424)	BBOX1	0
MYOD1 (4654)	MYOD1	0
SERGEF (26297)	SERGEF	4.44095219802964
KCNC1 (3746)	KCNC1	0.298658315564515
TPH1 (7166)	TPH1	0.189033824390017
CSRP3 (8048)	CSRP3	0.0976107966264223
E2F8 (79733)	E2F8	3.17951105027151
DCTD (1635)	DCTD	5.79545527204412
SOX15 (6665)	SOX15	0.855989697308481
PIMREG (54478)	PIMREG	4.631686366312
RPAIN (84268)	RPAIN	5.3215673760354
USP6 (9098)	USP6	0.070389327891398
SHBG (6462)	SHBG	0.16349873228288
PLD2 (5338)	PLD2	2.66902676550963
AIPL1 (23746)	AIPL1	0
CD68 (968)	CD68	3.50969584193339
TXNDC17 (84817)	TXNDC17	7.55497249615294
ATP1B2 (482)	ATP1B2	0
FXR2 (9513)	FXR2	3.9174317553901
KIF1C (10749)	KIF1C	5.60229058486114
MPDU1 (9526)	MPDU1	5.63459326844576
PHF20L1 (51105)	PHF20L1	4.92789645372882
LRRC6 (23639)	LRRC6	0.963474123974886
CCNT1 (904)	CCNT1	3.40871186102943
PUS7L (83448)	PUS7L	2.7311832415722
KRI1 (65095)	KRI1	4.22881869049588
ILF3 (3609)	ILF3	7.1586601753465
SLC44A2 (57153)	SLC44A2	5.75462031167453
AP1M2 (10053)	AP1M2	6.25039317308951
CDKN2D (1032)	CDKN2D	3.13093086982645
MTUS1 (57509)	MTUS1	3.09929520433778
KLK14 (43847)	KLK14	0.400537929583729
SIGLEC9 (27180)	SIGLEC9	0
KLK10 (5655)	KLK10	5.70210340662939
KLK8 (11202)	KLK8	2.37016428054021
NGDN (25983)	NGDN	4.83035674741922
RIPK3 (11035)	RIPK3	3.38681094647222
ADCY4 (196883)	ADCY4	1.0496307677246
RAB2B (84932)	RAB2B	2.84599177066457
BCL2L2 (599)	BCL2L2	4.29130885982897
AJUBA (84962)	AJUBA	4.52481592835751
DTD2 (112487)	DTD2	2.60407132366886
PARP2 (10038)	PARP2	4.45022149589718
HEATR5A (25938)	HEATR5A	2.5385381636298
FOXA1 (3169)	FOXA1	5.93805049953404
SNX6 (58533)	SNX6	4.93922657772821
EAPP (55837)	EAPP	4.13668357769724
EGLN3 (112399)	EGLN3	3.24031432933371
MIS18BP1 (55320)	MIS18BP1	3.92599941855622
NRL (4901)	NRL	1.22650852980868
RNASE1 (6035)	RNASE1	1.09761079662642
NEDD8 (4738)	NEDD8	7.60651625615024
DAD1 (1603)	DAD1	7.27537959625362
TEP1 (7011)	TEP1	3.52230689287139
EPB41L4A (64097)	EPB41L4A	0.622930350920177
CDO1 (1036)	CDO1	0
REEP5 (7905)	REEP5	5.11769504266975
ITFG1 (81533)	ITFG1	3.6564963705535
QRICH2 (84074)	QRICH2	0.0976107966264223
FOXJ1 (2302)	FOXJ1	1.18903382439002
SEC14L1 (6397)	SEC14L1	4.41142624572647
RHBDF2 (79651)	RHBDF2	4.13668357769724
AANAT (15)	AANAT	0.0426443374084937
ARHGEF6 (9459)	ARHGEF6	0.0565835283663675
MAP7D3 (79649)	MAP7D3	2.07724299893246
FGF13 (2258)	FGF13	0.0426443374084937
ASH2L (9070)	ASH2L	3.0408924306469
TTI2 (80185)	TTI2	1.91073266190291
ART1 (417)	ART1	0.0285691521967709
CHRNA10 (57053)	CHRNA10	1.32192809488736
CDKN1C (1028)	CDKN1C	1.22650852980868
SGO1 (151648)	SGO1	2.9560566524124
RPS4Y1 (6192)	RPS4Y1	0.545968369105293
VCY1B (353513)	VCY1B	0
VCY (9084)	VCY	0
CDY2B (203611)	CDY2B	0
CDH15 (1013)	CDH15	0.0976107966264223
KLF16 (83855)	KLF16	3.73984810269933
TMEM8A (58986)	TMEM8A	5.56955185108361
DOHH (83475)	DOHH	3.65420637794429
MAU2 (23383)	MAU2	3.94673086014031
SHC2 (25759)	SHC2	0.150559676575381
PLPPR3 (79948)	PLPPR3	0.137503523749935
ABHD17A (81926)	ABHD17A	4.31903981556254
LBP (3929)	LBP	0
SYT5 (6861)	SYT5	0.189033824390017
TNNI3 (7137)	TNNI3	3.68257329734758
CBFA2T3 (863)	CBFA2T3	0.713695814843359
GAMT (2593)	GAMT	0.622930350920177
PUDP (8226)	PUDP	2.46466826700344
ERMARD (55780)	ERMARD	3.1586601753465
PHF10 (55274)	PHF10	5.24260250592898
PRRG3 (79057)	PRRG3	0
GALNT8 (26290)	GALNT8	0.84799690655495
KCNA5 (3741)	KCNA5	0
CRACR2A (84766)	CRACR2A	4.34198574722862
NXNL2 (158046)	NXNL2	0.0285691521967709
STARD8 (9754)	STARD8	0.613531652917927
FAM155B (27112)	FAM155B	0
GDPD2 (54857)	GDPD2	0.124328135002202
SAT1 (6303)	SAT1	6.43862553808838
GNL3L (54552)	GNL3L	4.50462039240355
SH3BP4 (23677)	SH3BP4	4.32840565895857
MOSPD2 (158747)	MOSPD2	2.15380533607904
DOCK6 (57572)	DOCK6	3.75060650483559
ECSIT (51295)	ECSIT	4.41142624572647
LDLR (3949)	LDLR	5.17152710603881
ELOF1 (84337)	ELOF1	5.37851162325373
TSPAN16 (26526)	TSPAN16	0.0565835283663675
ANGPTL8 (55908)	ANGPTL8	0.0565835283663675
PRKCSH (5589)	PRKCSH	7.51254295509686
CNN1 (1264)	CNN1	0
CDC16 (8881)	CDC16	5.11603199344711
ZSCAN10 (84891)	ZSCAN10	0.111031312388744
THEM6 (51337)	THEM6	5.00045077177086
NECTIN2 (5819)	NECTIN2	7.28253247257496
APOE (348)	APOE	0.704871964456353
TOMM40 (10452)	TOMM40	7.08618931310448
APOC1 (341)	APOC1	2.55090066464752
GADD45G (10912)	GADD45G	1.63226821549951
LRCH2 (57631)	LRCH2	0.0143552929770701
DPP6 (1804)	DPP6	0
XPO7 (23039)	XPO7	4.07124781946144
ACE2 (59272)	ACE2	0.0285691521967709
FAM98C (147965)	FAM98C	4.33556900555675
SAFB2 (9667)	SAFB2	5.13010717865883
RPL36 (25873)	RPL36	9.48938638471824
ATP8B3 (148229)	ATP8B3	0.516015147003665
GDF1 (2657)	GDF1	0.0143552929770701
NCAN (1463)	NCAN	0.0143552929770701
KIF1A (547)	KIF1A	0.0285691521967709
GTPBP3 (84705)	GTPBP3	4.01256867350306
PLVAP (83483)	PLVAP	0
BST2 (684)	BST2	6.61970645004589
SLC27A1 (376497)	SLC27A1	1.40053792958373
NSUN5 (55695)	NSUN5	5.12845838414693
USHBP1 (83878)	USHBP1	0
COLGALT1 (79709)	COLGALT1	5.32984117653063
DDA1 (79016)	DDA1	6.1725275187
MRPL34 (64981)	MRPL34	5.21955576916691
PGLS (25796)	PGLS	5.32048467801769
LSM7 (51690)	LSM7	7.41776814428785
TULP4 (56995)	TULP4	3.09761079662642
SNX9 (51429)	SNX9	3.12763327972587
RTN4IP1 (84816)	RTN4IP1	2.98367769469807
QRSL1 (55278)	QRSL1	3.20320115631661
C6orf203 (51250)	C6orf203	4.00988458893184
RSPH3 (83861)	RSPH3	1.86789646399265
MAS1 (4142)	MAS1	0
ACSBG2 (81616)	ACSBG2	0.16349873228288
MLLT1 (4298)	MLLT1	4.38266725274504
FUT5 (2527)	FUT5	0
BMP15 (9210)	BMP15	0
AFDN (4301)	AFDN	6.21042783040149
ACTN4 (81)	ACTN4	8.28780470907755
STK33 (65975)	STK33	0
NDUFA10 (4705)	NDUFA10	6.87516570584723
EPO (2056)	EPO	0.0285691521967709
ARPC1B (10095)	ARPC1B	8.07777707328828
CACNG6 (59285)	CACNG6	0.22650852980868
ZSWIM6 (57688)	ZSWIM6	2.18903382439002
FCHO1 (23149)	FCHO1	0.887525270741587
UNC13A (23025)	UNC13A	0.0285691521967709
MAP1S (55201)	MAP1S	3.3743439890385
KLHDC7B (113730)	KLHDC7B	0.0143552929770701
SCO2 (9997)	SCO2	3.79597469420667
PXDN (7837)	PXDN	0.53605290024021
SSBP4 (170463)	SSBP4	4.25096157353322
GDF15 (9518)	GDF15	6.81378119121704
PGPEP1 (54858)	PGPEP1	3.60762622084549
IQCN (80726)	IQCN	0.298658315564515
LSM4 (25804)	LSM4	7.67842408259294
JUND (3727)	JUND	5.10936055940423
HRC (3270)	HRC	0.0565835283663675
TRPM4 (54795)	TRPM4	4.81044310384517
OR11H1 (81061)	OR11H1	0
SULT4A1 (25830)	SULT4A1	0.0143552929770701
ZNF557 (79230)	ZNF557	1.39506279951758
CRB3 (92359)	CRB3	4.94953493301701
OLFM1 (10439)	OLFM1	0.0976107966264223
CAMSAP1 (157922)	CAMSAP1	3.82578562746479
UBAC1 (10422)	UBAC1	4.57712666130705
SAG (6295)	SAG	0
ZBTB46 (140685)	ZBTB46	1.0703893278914
HELZ2 (85441)	HELZ2	3.58736499093646
SAMD10 (140700)	SAMD10	4.37642931106992
LSP1 (4046)	LSP1	0.286881147788162
TNNT3 (7140)	TNNT3	0.150559676575381
TNNI2 (7136)	TNNI2	2.20789285164133
COL5A1 (1289)	COL5A1	0.0143552929770701
ATXN10 (25814)	ATXN10	4.70818723602071
TUBGCP2 (10844)	TUBGCP2	4.91552090075196
CALY (50632)	CALY	0.124328135002202
CYP2E1 (1571)	CYP2E1	0.31034012061215
PNPLA7 (375775)	PNPLA7	0.613531652917927
HBZ (3050)	HBZ	0
PAK4 (10298)	PAK4	6.37086174008529
MNX1 (3110)	MNX1	3.34198574722862
ZNF337 (26152)	ZNF337	3.01077983875324
CEP85 (64793)	CEP85	4.38266725274504
TAF4 (6874)	TAF4	4.47248777146274
GATA5 (140628)	GATA5	0.0285691521967709
RBBP8NL (140893)	RBBP8NL	3.00180224263399
LAMA5 (3911)	LAMA5	7.38922261635589
OSBPL2 (9885)	OSBPL2	5.34908214639109
ADRM1 (11047)	ADRM1	7.61867915075156
ASS1 (445)	ASS1	4.0703893278914
PRDM12 (59335)	PRDM12	0.189033824390017
EXOSC2 (23404)	EXOSC2	5.58976348698498
POMT1 (10585)	POMT1	3.57410150808939
UCK1 (83549)	UCK1	3.97636363573276
FIBCD1 (84929)	FIBCD1	0.321928094887362
PRRC2B (84726)	PRRC2B	6.29020320512607
CHMP2A (27243)	CHMP2A	7.60725632749144
UBE2M (9040)	UBE2M	6.41227344467082
TRIM28 (10155)	TRIM28	8.50985416237699
METTL26 (84326)	METTL26	6.45680614923047
YIPF2 (78992)	YIPF2	5.65764000520782
ATG4D (84971)	ATG4D	3.47248777146274
EIF2S3 (1968)	EIF2S3	7.61867915075156
TMEM160 (54958)	TMEM160	5.65334669272218
ZC3H4 (23211)	ZC3H4	4.42492208821069
NPAS1 (4861)	NPAS1	0.839959587489532
GMFG (9535)	GMFG	0.400537929583729
MAP3K10 (4294)	MAP3K10	2.51096191927738
ARHGEF16 (27237)	ARHGEF16	5.25134038278862
LRRC47 (57470)	LRRC47	4.76181714250714
SESN2 (83667)	SESN2	3.4867143730307
SMPDL3B (27293)	SMPDL3B	3.70043971814109
ATP5IF1 (93974)	ATP5IF1	8.9027067304031
MED18 (54797)	MED18	3.60169651648096
THEMIS2 (9473)	THEMIS2	0.189033824390017
CLIP1 (6249)	CLIP1	4.40735275114004
CCDC62 (84660)	CCDC62	0.070389327891398
HIP1R (9026)	HIP1R	5.09929520433777
ZNF317 (57693)	ZNF317	3.31469652565629
PPAN (56342)	PPAN	5.09550251765867
EIF3G (8666)	EIF3G	6.83983364841731
ANGPTL6 (83854)	ANGPTL6	0.124328135002202
C19orf66 (55337)	C19orf66	2.85598969730848
DNMT1 (1786)	DNMT1	6.32553033156756
ZNF426 (79088)	ZNF426	1.32768736417605
SLC6A8 (6535)	SLC6A8	6.32481060342048
PNCK (139728)	PNCK	0.650764559116902
DKC1 (1736)	DKC1	7.41928606065046
PLXNA3 (55558)	PLXNA3	4.81762325751143
DUSP9 (1852)	DUSP9	0
MPP1 (4354)	MPP1	0.16349873228288
ZNF331 (55422)	ZNF331	2.47248777146274
ZNF236 (7776)	ZNF236	1.16349873228288
SLC7A10 (56301)	SLC7A10	0.0285691521967709
LRP3 (4037)	LRP3	0.0285691521967709
C12orf65 (91574)	C12orf65	4.31759350462347
NOL11 (25926)	NOL11	6.07124781946144
UBE4B (10277)	UBE4B	5.22458056608344
CASZ1 (54897)	CASZ1	3.88459792099006
PKDREJ (10343)	PKDREJ	0.0565835283663675
HSD17B3 (3293)	HSD17B3	0
NUTM2F (54754)	NUTM2F	0.0426443374084937
HABP4 (22927)	HABP4	2.47508488294878
FBP2 (8789)	FBP2	0.16349873228288
SLC35D2 (11046)	SLC35D2	4.65363331138625
PRRG1 (5638)	PRRG1	2.35895882583233
UBA1 (7317)	UBA1	7.41278152533848
RGN (9104)	RGN	0.176322772640463
POLN (353497)	POLN	0.31034012061215
PPIL4 (85313)	PPIL4	4.09592441999854
ULBP2 (80328)	ULBP2	2.1243281350022
AKAP12 (9590)	AKAP12	1.26303440583379
SYNE1 (23345)	SYNE1	1.27500704749987
ULBP3 (79465)	ULBP3	2.20476675065461
LATS1 (9113)	LATS1	2.99638874644762
EPS8L1 (54869)	EPS8L1	7.2807707701306
LILRB2 (10288)	LILRB2	0
AAR2 (25980)	AAR2	4.65764000520782
TTLL9 (164395)	TTLL9	0.250961573533219
BPIFA2 (140683)	BPIFA2	0
RBM39 (9584)	RBM39	8.09950561709114
COX4I2 (84701)	COX4I2	0
BPIFA3 (128861)	BPIFA3	0
ZNF341 (84905)	ZNF341	1.7311832415722
GGT7 (2686)	GGT7	1.47508488294878
DEFB118 (117285)	DEFB118	0
ACSS2 (55902)	ACSS2	2.73984810269933
EDA2R (60401)	EDA2R	0.0285691521967709
ARHGEF9 (23229)	ARHGEF9	2.38404980679516
C1QL1 (10882)	C1QL1	0.070389327891398
GFAP (2670)	GFAP	0.594548549550354
PYY (5697)	PYY	0
HIGD1B (51751)	HIGD1B	0.31034012061215
ATP6V1E1 (529)	ATP6V1E1	5.7679195858018
ZNF227 (7770)	ZNF227	3.53605290024021
ZNF428 (126299)	ZNF428	5.44062004767917
TEX101 (83639)	TEX101	0
ZNF141 (7700)	ZNF141	1.26903314645524
CCL25 (6370)	CCL25	0
COX4I1 (1327)	COX4I1	9.11852584893567
EMC8 (10328)	EMC8	4.83035674741922
GSE1 (23199)	GSE1	5.34624777408278
GINS2 (51659)	GINS2	4.03121873061072
CHMP1A (5119)	CHMP1A	6.59245703726808
SH3BGRL (6451)	SH3BGRL	4.37989816352469
COX7B (1349)	COX7B	9.27332938656167
SLC34A1 (6569)	SLC34A1	0.0840642647884745
F12 (2161)	F12	4.35966172233388
PRR7 (80758)	PRR7	3.56803210477128
NFATC1 (4772)	NFATC1	0.0143552929770701
IDO1 (3620)	IDO1	0
GJA9 (81025)	GJA9	0.176322772640463
CAP1 (10487)	CAP1	7.52997707390733
PPT1 (5538)	PPT1	7.05115454987851
RAB11FIP4 (84440)	RAB11FIP4	4.69097573834328
RLIM (51132)	RLIM	3.92219784839637
CDX4 (1046)	CDX4	0
ABCB7 (22)	ABCB7	4.4944156103975
TRAF3 (7187)	TRAF3	2.70043971814109
HAUS8 (93323)	HAUS8	3.72465027173297
ADGRE3 (84658)	ADGRE3	0
MRPS25 (64432)	MRPS25	4.8703647195834
SH3BP5 (9467)	SH3BP5	0.27500704749987
HACL1 (26061)	HACL1	4.48026512205446
TBC1D5 (9779)	TBC1D5	3.14893410452634
CAPN7 (23473)	CAPN7	3.0686708106651
RFTN1 (23180)	RFTN1	0.124328135002202
C3orf20 (84077)	C3orf20	0
RBSN (64145)	RBSN	2.31903981556254
GALNT15 (117248)	GALNT15	0
SLC6A6 (6533)	SLC6A6	4.29939120612683
KCNC3 (3748)	KCNC3	3.10768786931437
NAPSA (9476)	NAPSA	0.925999418556223
NR1H2 (7376)	NR1H2	4.92789645372882
LRRC4B (94030)	LRRC4B	0.0840642647884745
PDLIM4 (8572)	PDLIM4	0.641546029087524
KIF3A (11127)	KIF3A	2.48542682717024
MGAT1 (4245)	MGAT1	5.73606362787181
GFPT2 (9945)	GFPT2	0.150559676575381
TUBG1 (7283)	TUBG1	5.75060650483559
PSME3 (10197)	PSME3	7.1138463279958
RPL27 (6155)	RPL27	11.5323559252888
PSMC3IP (29893)	PSMC3IP	4.87085786436376
AOC3 (8639)	AOC3	0.422233000683048
ACLY (47)	ACLY	6.61897273948698
VPS25 (84313)	VPS25	6.32246900411355
RAMP2 (10266)	RAMP2	0
AOC2 (314)	AOC2	0.713695814843359
G6PC (2538)	G6PC	0
NDUFA2 (4695)	NDUFA2	6.95035176203436
ANKHD1 (54882)	ANKHD1	5.89141918684608
DIAPH1 (1729)	DIAPH1	6.21256933885081
NDFIP1 (80762)	NDFIP1	4.07724299893246
UBE2D2 (7322)	UBE2D2	5.90086680798075
EXOC4 (60412)	EXOC4	5.52544250601812
ACAP3 (116983)	ACAP3	5.1622906135458
C1orf159 (54991)	C1orf159	3.877744249949
ANO1 (55107)	ANO1	4.92314918047231
PPFIA1 (8500)	PPFIA1	5.08746284125034
TMEM204 (79652)	TMEM204	0.641546029087524
KREMEN2 (79412)	KREMEN2	0.37851162325373
THOC6 (79228)	THOC6	4.72519581722666
TRAF7 (84231)	TRAF7	6.25134038278862
BARX1 (56033)	BARX1	0
NINJ1 (4814)	NINJ1	3.74200621086674
CA6 (765)	CA6	0
NPHP4 (261734)	NPHP4	3.23266075679027
MAP1B (4131)	MAP1B	0.070389327891398
RHOXF2 (84528)	RHOXF2	0
IL13RA1 (3597)	IL13RA1	5.03165985430805
WDR44 (54521)	WDR44	2.84197311892718
CKMT2 (1160)	CKMT2	0.454175893185802
ZCCHC9 (84240)	ZCCHC9	4.68706068833989
KRT34 (3885)	KRT34	0.0426443374084937
KRT33B (3884)	KRT33B	0
TNS4 (84951)	TNS4	5.08831123588866
TOP2A (7153)	TOP2A	6.53651921335343
STARD3 (10948)	STARD3	5.68901954137795
RARA (5914)	RARA	3.92504996472736
PPP1R1B (84152)	PPP1R1B	4.63575439127776
KHDRBS3 (10656)	KHDRBS3	0.55581615506164
CHD1L (9557)	CHD1L	4.59036248846375
PEX11B (8799)	PEX11B	4.08321336824898
FMO5 (2330)	FMO5	1.33913738491959
PIAS3 (10401)	PIAS3	4.78345665436024
PRKAB2 (5565)	PRKAB2	2.76977173924945
FSHB (2488)	FSHB	0.0285691521967709
PDHA1 (5160)	PDHA1	7.57584174618897
RAI2 (10742)	RAI2	0.0426443374084937
MCCC2 (64087)	MCCC2	6.09697863637054
ZNF304 (57343)	ZNF304	0.0565835283663675
ZSCAN5A (79149)	ZSCAN5A	3.64270157183323
ZNF132 (7691)	ZNF132	0.978195629681652
USP29 (57663)	USP29	0
SELENOS (55829)	SELENOS	6.15258906928713
CHSY1 (22856)	CHSY1	3.11769504266975
SNRPA1 (6627)	SNRPA1	6.99887245399427
LLGL1 (3996)	LLGL1	3.56071495447448
NR0B2 (8431)	NR0B2	3.97361127551947
LIN28A (79727)	LIN28A	0
THAP1 (55145)	THAP1	1.92219784839637
RHPN2 (85415)	RHPN2	5.21684284283726
C19orf12 (83636)	C19orf12	3.32048467801769
FAAP24 (91442)	FAAP24	2.79285535236249
LRRC9 (341883)	LRRC9	0
ACTR10 (55860)	ACTR10	3.90881290773955
ABHD12B (145447)	ABHD12B	0.0976107966264223
GCH1 (2643)	GCH1	3.07382023329167
LGALS3 (3958)	LGALS3	6.14343423678486
PODNL1 (79883)	PODNL1	0.321928094887362
DNAJB1 (3337)	DNAJB1	5.45318830954823
ZSWIM4 (65249)	ZSWIM4	1.55581615506164
FBXW9 (84261)	FBXW9	3.47897180503294
RFX1 (5989)	RFX1	2.32768736417605
ZNF20 (7568)	ZNF20	1.83995958748953
C19orf57 (79173)	C19orf57	0.933572638261024
DCAF15 (90379)	DCAF15	4.13914201914569
CC2D1A (54862)	CC2D1A	3.87578006306849
RTBDN (83546)	RTBDN	0.137503523749935
MATN3 (4148)	MATN3	0.6959938131099
TRIM21 (6737)	TRIM21	3.52105073690096
SPATA6 (54558)	SPATA6	1.04264433740849
LRRC41 (10489)	LRRC41	3.90014226035982
CCT6B (10693)	CCT6B	0.815575428862573
DHX30 (22907)	DHX30	4.72027846523333
RAF1 (5894)	RAF1	4.9546616208379
SLC6A11 (6538)	SLC6A11	0
PPARG (5468)	PPARG	5.71726514496006
NUP210 (23225)	NUP210	4.97407036702403
FCRLA (84824)	FCRLA	0.070389327891398
HSD17B7 (51478)	HSD17B7	4.4262647547021
ENOSF1 (55556)	ENOSF1	6.00472609358901
EMILIN2 (84034)	EMILIN2	2.8972404255748
SLX1A (548593)	SLX1A	4.29792505250381
ARFIP2 (23647)	ARFIP2	6.22708641687464
TRIM5 (85363)	TRIM5	3.67355642399014
CNGA4 (1262)	CNGA4	0.137503523749935
TRIM22 (10346)	TRIM22	0.111031312388744
RRP8 (23378)	RRP8	3.47118746038699
TIMM10B (26515)	TIMM10B	5.01925711868108
EFR3A (23167)	EFR3A	4.83995958748953
HHLA1 (10086)	HHLA1	0
PTCD3 (55037)	PTCD3	5.65764000520782
IMMT (10989)	IMMT	6.20886837067295
MRPL35 (51318)	MRPL35	5.55642941544957
IQCA1 (79781)	IQCA1	0.0143552929770701
ILKAP (80895)	ILKAP	4.8094144442359
PER2 (8864)	PER2	2.33913738491959
RAMP1 (10267)	RAMP1	1.25096157353322
SCLY (51540)	SCLY	4.10181813422741
PTPRE (5791)	PTPRE	0.970853654340484
RAN (5901)	RAN	9.96610164266298
PRKAA1 (5562)	PRKAA1	5.97727992349992
CARD6 (84674)	CARD6	1.0703893278914
RAP1GAP2 (23108)	RAP1GAP2	3.60407132366886
CLUH (23277)	CLUH	5.92742242873987
INPP5K (51763)	INPP5K	3.92124588858559
MYBBP1A (10514)	MYBBP1A	5.44228003525258
RPA1 (6117)	RPA1	5.35297033824593
SERPINF1 (5176)	SERPINF1	1.02147972741045
UBE2G1 (7326)	UBE2G1	4.72628628972067
EEFSEC (60678)	EEFSEC	3.87479696589867
TBC1D14 (57533)	TBC1D14	5.27276973243651
TMEM128 (85013)	TMEM128	4.20006486151431
COQ3 (51805)	COQ3	4.46923479366766
PNISR (25957)	PNISR	6.15198055115892
POPDC3 (64208)	POPDC3	0
SEC61G (23480)	SEC61G	8.75818989574981
LANCL2 (55915)	LANCL2	3.57046293102604
FIGNL1 (63979)	FIGNL1	4.05658352836637
DDC (1644)	DDC	4.27649666564036
FTHL17 (53940)	FTHL17	0
GRSF1 (2926)	GRSF1	6.24431625989121
ENAM (10117)	ENAM	0
JCHAIN (3512)	JCHAIN	0.137503523749935
ANKRD17 (26057)	ANKRD17	4.7338966052475
UTP3 (57050)	UTP3	5.35367615775164
ITGB4 (3691)	ITGB4	6.77373265060786
WBP2 (23558)	WBP2	5.35085080548338
H3F3B (3021)	H3F3B	9.59097994836655
UNK (85451)	UNK	4.34127418369217
TRIM47 (91107)	TRIM47	4.43562859405209
ZRANB2 (9406)	ZRANB2	5.80219321694183
EIF5A (1984)	EIF5A	9.68650052718322
KDM6B (23135)	KDM6B	3.08065766334523
CLEC10A (10462)	CLEC10A	0
SLC52A1 (55065)	SLC52A1	0
GUCY2D (3000)	GUCY2D	0
GPS2 (2874)	GPS2	5.13257684267001
XAF1 (54739)	XAF1	0.124328135002202
DLG4 (1742)	DLG4	0.495695162624069
RIDA (10247)	RIDA	5.00854067170295
VPS13B (157680)	VPS13B	2.34482849699744
RGS22 (26166)	RGS22	0
MATN2 (4147)	MATN2	1.62293035092018
REEP2 (51308)	REEP2	0.0840642647884745
PCBD2 (84105)	PCBD2	2.99457972421575
SDF2 (6388)	SDF2	5.31179371775365
FLOT2 (2319)	FLOT2	6.26228280642066
ERAL1 (26284)	ERAL1	5.53636379239547
PRMT7 (54496)	PRMT7	4.96993327469786
NIP7 (51388)	NIP7	4.85299758761332
TERF2 (7014)	TERF2	4.10013667128545
VPS4A (27183)	VPS4A	4.98276546258365
MTSS1L (92154)	MTSS1L	4.91025296279928
HSPA12B (116835)	HSPA12B	1.33342373372519
ANKEF1 (63926)	ANKEF1	2.47508488294878
SCP2D1 (140856)	SCP2D1	0
PCED1A (64773)	PCED1A	3.89141918684608
SNAP25 (6616)	SNAP25	0.0143552929770701
BTBD3 (22903)	BTBD3	3.98732086592925
PCNA (5111)	PCNA	8.04630551649358
NXT1 (29107)	NXT1	4.6507645591169
POLR3F (10621)	POLR3F	3.5765221379205
RIN2 (54453)	RIN2	4.04875931191986
PTPRA (5786)	PTPRA	4.3547342399706
SSTR4 (6754)	SSTR4	0
DAP3 (7818)	DAP3	6.78685769601721
RHBG (57127)	RHBG	0.0840642647884745
KHDC4 (22889)	KHDC4	5.27612440527424
ATP1A4 (480)	ATP1A4	0.0143552929770701
NES (10763)	NES	0.250961573533219
BCAN (63827)	BCAN	0.389566811762726
CRP (1401)	CRP	0
ARHGEF11 (9826)	ARHGEF11	3.24944534108584
RAB25 (57111)	RAB25	7.6180917939838
HAPLN2 (60484)	HAPLN2	0.0426443374084937
APCS (325)	APCS	0
FCRL2 (79368)	FCRL2	0
DCAF8 (50717)	DCAF8	5.77162151792327
SYT11 (23208)	SYT11	0.0426443374084937
IGHMBP2 (3508)	IGHMBP2	3.88947354253111
ACY3 (91703)	ACY3	1.22032995487956
ALDH3B2 (222)	ALDH3B2	0.356143810225275
TESMIN (9633)	TESMIN	3.40463068421761
MMACHC (25974)	MMACHC	2.37016428054021
DPH2 (1802)	DPH2	5.56193705962243
TOE1 (114034)	TOE1	4.05311133645956
NASP (4678)	NASP	8.03226617924294
MUTYH (4595)	MUTYH	4.1243281350022
CTNNBL1 (56259)	CTNNBL1	5.55857377624063
LPIN3 (64900)	LPIN3	2.99095486039699
ZSWIM3 (140831)	ZSWIM3	1.61353165291793
RBM38 (55544)	RBM38	4.76765479823735
VSTM2L (128434)	VSTM2L	0.0285691521967709
OSER1 (51526)	OSER1	5.46237957184102
SERINC3 (10955)	SERINC3	5.631686366312
PPP1R3D (5509)	PPP1R3D	2.87970576628229
DMGDH (29958)	DMGDH	0.389566811762726
BHMT2 (23743)	BHMT2	0.0285691521967709
AP3B1 (8546)	AP3B1	4.56376827845203
ZBED3 (84327)	ZBED3	3.05658352836637
PATJ (10207)	PATJ	4.09423606984577
KANK4 (163782)	KANK4	0.0285691521967709
ANGPTL3 (27329)	ANGPTL3	0.189033824390017
SYT4 (6860)	SYT4	0
SLC14A2 (8170)	SLC14A2	0
FBXO44 (93611)	FBXO44	1.04264433740849
CPLANE2 (79363)	CPLANE2	2.54101915313356
CASP9 (842)	CASP9	2.92409988564074
NMUR2 (56923)	NMUR2	4.44625622988956
DCTN4 (51164)	DCTN4	4.48026512205446
PDE6A (5145)	PDE6A	0.0143552929770701
ATP8A2 (51761)	ATP8A2	0
MTUS2 (23281)	MTUS2	0.933572638261024
ZMYM5 (9205)	ZMYM5	3.61588707391606
USPL1 (10208)	USPL1	4.27052894238072
XPO4 (64328)	XPO4	4.07382023329167
TPTE2 (93492)	TPTE2	0.0285691521967709
POMP (51371)	POMP	8.53861575916786
CDK8 (1024)	CDK8	4.74631276642546
ALOX5AP (241)	ALOX5AP	0.16349873228288
WASF3 (10810)	WASF3	0
RNF17 (56163)	RNF17	0
GPR12 (2835)	GPR12	0
CHRM3 (1131)	CHRM3	1.81966818349646
MYH8 (4626)	MYH8	0
MYH10 (4628)	MYH10	3.01256867350306
PEMT (10400)	PEMT	4.23802251782572
SCO1 (6341)	SCO1	4.27947129564447
MPRIP (23164)	MPRIP	5.7899900186681
CHI3L1 (1116)	CHI3L1	0.124328135002202
MYBPH (4608)	MYBPH	0.0426443374084937
PIK3C2B (5287)	PIK3C2B	4.52042224852645
DSTYK (25778)	DSTYK	1.50080205305716
CHIT1 (1118)	CHIT1	0
SLC41A1 (254428)	SLC41A1	3.17791779219584
LGR6 (59352)	LGR6	0.594548549550354
TMCC2 (9911)	TMCC2	0.137503523749935
DCLK1 (9201)	DCLK1	0.0143552929770701
CCNA1 (8900)	CCNA1	0.0426443374084937
COG6 (57511)	COG6	3.64961545906341
SPART (23111)	SPART	0.31034012061215
RXFP2 (122042)	RXFP2	0
EPSTI1 (94240)	EPSTI1	0.485426827170242
TRPC4 (7223)	TRPC4	0
POSTN (10631)	POSTN	0.0143552929770701
RFXAP (5994)	RFXAP	2.98550043030489
TPT1 (7178)	TPT1	11.8951965725633
GPALPP1 (55425)	GPALPP1	4.67072705449947
STOML3 (161003)	STOML3	0.0565835283663675
KL (9365)	KL	0
RFC3 (5983)	RFC3	5.74443022998792
STARD13 (90627)	STARD13	0.422233000683048
IRS4 (8471)	IRS4	0
MORC4 (79710)	MORC4	3.81455042346181
BEX2 (84707)	BEX2	0.214124805352847
RNF128 (79589)	RNF128	5.24678809384436
TBC1D8B (54885)	TBC1D8B	2.44095219802964
TCEAL4 (79921)	TCEAL4	4.41074812818595
BEX1 (55859)	BEX1	0.27500704749987
FAM104A (84923)	FAM104A	4.36036427654347
SLC39A11 (201266)	SLC39A11	3.36036427654347
EPHB2 (2048)	EPHB2	1.33913738491959
SRRM1 (10250)	SRRM1	6.12515513132229
BTBD2 (55643)	BTBD2	4.93781516880342
PRAM1 (84106)	PRAM1	0
KMT5C (84787)	KMT5C	4.38818953715608
ZNF414 (84330)	ZNF414	4.01524777369894
PDE6B (5158)	PDE6B	0.124328135002202
HSPBP1 (23640)	HSPBP1	6.41379715018921
CSNK1G2 (1455)	CSNK1G2	5.43596189543763
SLF1 (84250)	SLF1	2.15055967657538
CNDP2 (55748)	CNDP2	6.77307325343888
MACROD1 (28992)	MACROD1	5.57258654938577
WDR74 (54663)	WDR74	6.35138098067433
LGALS12 (85329)	LGALS12	0
RTN3 (10313)	RTN3	7.41894888389383
RARRES3 (5920)	RARRES3	4.22496636500027
HRASLS2 (54979)	HRASLS2	0.970853654340484
MYH11 (4629)	MYH11	0.333423733725192
FOPNL (123811)	FOPNL	4.85349670370232
MED10 (84246)	MED10	5.52481592835751
PDZD2 (23037)	PDZD2	0.27500704749987
MORC2 (22880)	MORC2	4.14812063112396
LARGE1 (9215)	LARGE1	2.68032435684402
GSTT2B (653689)	GSTT2B	0.575312330687437
MYO18B (84700)	MYO18B	0
SLC2A11 (66035)	SLC2A11	2.74416109557041
C1QTNF6 (114904)	C1QTNF6	2.877744249949
GGT2 (728441)	GGT2	0.0285691521967709
FAM83F (113828)	FAM83F	0.941106310946431
SEC14L4 (284904)	SEC14L4	0.137503523749935
GIMAP6 (474344)	GIMAP6	0.0143552929770701
GIMAP4 (55303)	GIMAP4	0
ADCK2 (90956)	ADCK2	3.93357263826102
MKRN1 (23608)	MKRN1	5.80219321694183
AGAP3 (116988)	AGAP3	6.4068427546553
KRBA1 (84626)	KRBA1	0.0285691521967709
ACTR3B (57180)	ACTR3B	4.4944156103975
NTS (4922)	NTS	0.389566811762726
BTG1 (694)	BTG1	3.5837597536395
LRRIQ1 (84125)	LRRIQ1	0.286881147788162
C12orf29 (91298)	C12orf29	4.02856915219677
ATP13A3 (79572)	ATP13A3	5.45549162062847
SFTPD (6441)	SFTPD	0
DYDC2 (84332)	DYDC2	0
TMEM254 (80195)	TMEM254	2.72465027173297
TMTC1 (83857)	TMTC1	0.367371065648529
KRAS (3845)	KRAS	4.43362716708478
IPO8 (10526)	IPO8	4.68425770505893
LARS (51520)	LARS	6.01077983875324
SPINK5 (11005)	SPINK5	0.910732661902913
IMPA1 (3612)	IMPA1	4.42693561964834
LRRCC1 (85444)	LRRCC1	2.73984810269933
E2F5 (1875)	E2F5	3.54843662469604
CA1 (759)	CA1	0.124328135002202
CCDC59 (29080)	CCDC59	5.93498820178348
SWAP70 (23075)	SWAP70	3.25550073314839
ARNTL (406)	ARNTL	3.13093086982645
LYVE1 (10894)	LYVE1	0
AMPD3 (272)	AMPD3	1.68706068833989
SBF2 (81846)	SBF2	4.51664555778096
MICAL2 (9645)	MICAL2	5.79311555527435
RRAS2 (22800)	RRAS2	5.65821148275179
HSD17B4 (3295)	HSD17B4	6.76553474636298
ZFC3H1 (196441)	ZFC3H1	4.05311133645956
TEX15 (56154)	TEX15	0
SARAF (51669)	SARAF	4.65133876610593
RNF122 (79845)	RNF122	1.4276061727819
DUSP26 (78986)	DUSP26	0
DPF2 (5977)	DPF2	4.81966818349646
MEN1 (4221)	MEN1	5.12887075946512
ERG28 (11161)	ERG28	4.42693561964834
GSC (145258)	GSC	0
DGLUCY (80017)	DGLUCY	4.58736499093646
UNC79 (57578)	UNC79	0
NUMB (8650)	NUMB	5.09339115325301
CATSPERB (79820)	CATSPERB	0.565597175854225
VRTN (55237)	VRTN	1.87184364850932
COX16 (51241)	COX16	5.43662826729284
TTC9 (23508)	TTC9	0.250961573533219
MED6 (10001)	MED6	4.20476675065461
EIF2S1 (1965)	EIF2S1	6.79376585730965
ADAM20 (8748)	ADAM20	0.0285691521967709
LOXL2 (4017)	LOXL2	0.250961573533219
ELP3 (55140)	ELP3	3.10433665981474
PEBP4 (157310)	PEBP4	0
ADAMDEC1 (27299)	ADAMDEC1	0
CTIF (9811)	CTIF	2.03210084316702
MRO (83876)	MRO	0
MBD2 (8932)	MBD2	3.44095219802964
IER3IP1 (51124)	IER3IP1	3.64731450954714
MRPS36 (92259)	MRPS36	4.76128527336162
CCNB1 (891)	CCNB1	7.55581615506164
CDK7 (1022)	CDK7	5.49729300866279
CD180 (4064)	CD180	0
IRAK2 (3656)	IRAK2	2.0703893278914
CAMK1 (8536)	CAMK1	0.650764559116902
THUMPD3 (25917)	THUMPD3	4.07809742302666
VHL (7428)	VHL	4.46793154602629
BHLHE40 (8553)	BHLHE40	2.5033487351675
ARL8B (55207)	ARL8B	4.08831123588866
EDEM1 (9695)	EDEM1	2.85798099512757
CNTN6 (27255)	CNTN6	0
CHL1 (10752)	CHL1	0.0143552929770701
MEIS2 (4212)	MEIS2	4.87085786436376
DPH6 (89978)	DPH6	4.25550073314839
KATNBL1 (79768)	KATNBL1	3.34056226902641
EMC7 (56851)	EMC7	5.86913111964429
TRPM1 (4308)	TRPM1	0.0426443374084937
GNAT2 (2780)	GNAT2	0.53605290024021
GSTM1 (2944)	GSTM1	0
PRPF38B (55119)	PRPF38B	5.71506967937999
REG4 (83998)	REG4	5.17112674665207
TSPAN2 (10100)	TSPAN2	0.111031312388744
TSHB (7252)	TSHB	0
GSTM5 (2949)	GSTM5	0.189033824390017
GSTM3 (2947)	GSTM3	0.604071323668861
SYT6 (148281)	SYT6	0
VAV3 (10451)	VAV3	0.454175893185802
CHIA (27159)	CHIA	0
PSRC1 (84722)	PSRC1	4.93687346182423
HMGCS2 (3158)	HMGCS2	5.00943675560809
PTPN22 (26191)	PTPN22	0.0840642647884745
SORT1 (6272)	SORT1	3.97085365434048
WNT2B (7482)	WNT2B	0.831877241191673
PTGFRN (5738)	PTGFRN	4
LAMTOR5 (10542)	LAMTOR5	7.25010888886758
ADAM30 (11085)	ADAM30	0
NOTCH2 (4853)	NOTCH2	3.30012372456901
TRIM45 (80263)	TRIM45	1.28688114778816
CEPT1 (10390)	CEPT1	4.07553263116736
CD101 (9398)	CD101	0.298658315564515
VTCN1 (79679)	VTCN1	0.0565835283663675
NGF (4803)	NGF	0
AP4B1 (10717)	AP4B1	3.25096157353322
NAPG (8774)	NAPG	4.04526821513853
SPIRE1 (56907)	SPIRE1	1.43295940727611
PPHLN1 (51535)	PPHLN1	5.68706068833989
FKBP11 (51303)	FKBP11	4.89675621847481
ARF3 (377)	ARF3	6.76394266044725
TMEM106C (79022)	TMEM106C	6.77412814429358
SLC38A2 (54407)	SLC38A2	6.0961353249095
YWHAQ (10971)	YWHAQ	7.70141043623281
KIDINS220 (57498)	KIDINS220	3.44625622988956
GRHL1 (29841)	GRHL1	2.56315813040281
ROCK2 (9475)	ROCK2	4.611172380044
RSAD2 (91543)	RSAD2	0.0285691521967709
MYCN (4613)	MYCN	0
LPIN1 (23175)	LPIN1	2.3305584000308
CMPK2 (129607)	CMPK2	0.389566811762726
IAH1 (285148)	IAH1	5.16551001804135
LDHA (3939)	LDHA	10.0442574940408
SAA2 (6289)	SAA2	0.687060688339892
ANO3 (63982)	ANO3	0.31034012061215
IL6ST (3572)	IL6ST	3.33628338786443
FST (10468)	FST	0
CFHR4 (10877)	CFHR4	0
NAV1 (89796)	NAV1	0.970853654340484
CDC73 (79577)	CDC73	4.77241355474848
TIMM17A (10440)	TIMM17A	5.85897561429202
CRB1 (23418)	CRB1	0
CFHR5 (81494)	CFHR5	0
ERN2 (10595)	ERN2	4.20633064787105
RPS15A (6210)	RPS15A	11.5368300050481
RAX (30062)	RAX	0
NARS (4677)	NARS	6.9923152518612
GRP (2922)	GRP	0
RELCH (57614)	RELCH	3.33199177823206
FBH1 (84893)	FBH1	5.29167722317602
RBM17 (84991)	RBM17	6.56955185108361
IL2RA (3559)	IL2RA	0.0565835283663675
ANKRD16 (54522)	ANKRD16	2.25701061820602
ECHDC3 (79746)	ECHDC3	0.604071323668861
IL15RA (3601)	IL15RA	2.06350294230616
CCNH (902)	CCNH	5.42995065740377
HRH4 (59340)	HRH4	0.0143552929770701
TMEM241 (85019)	TMEM241	2.36176835941915
KCTD1 (284252)	KCTD1	3.76553474636298
CABLES1 (91768)	CABLES1	4.48478262307787
DOCK2 (1794)	DOCK2	0.111031312388744
EMP1 (2012)	EMP1	3.64616265715789
SOX5 (6660)	SOX5	0.0143552929770701
RERG (85004)	RERG	0.070389327891398
SLCO1B1 (10599)	SLCO1B1	0.0565835283663675
KLRD1 (3824)	KLRD1	0
KLRC1 (3821)	KLRC1	0.22650852980868
SPX (80763)	SPX	0.111031312388744
PRH2 (5555)	PRH2	0.0976107966264223
LRP4 (4038)	LRP4	0.0565835283663675
MYBPC3 (4607)	MYBPC3	0.0143552929770701
DDB2 (1643)	DDB2	4.24716800037477
ACP2 (53)	ACP2	4.46270675067016
USP26 (83844)	USP26	0
RTL8C (8933)	RTL8C	0.150559676575381
RAB33A (9363)	RAB33A	0.070389327891398
SOX3 (6658)	SOX3	0
RBMX2 (51634)	RBMX2	4.90303827011291
STK26 (51765)	STK26	4.63865311646611
PIWIL4 (143689)	PIWIL4	2.38956681176273
MTNR1B (4544)	MTNR1B	0
PUM1 (9698)	PUM1	5.16551001804135
SPOCD1 (90853)	SPOCD1	0.0976107966264223
YARS (8565)	YARS	7.24250723765933
PHC2 (1912)	PHC2	5.97750890454014
CDCA8 (55143)	CDCA8	4.98048235553826
GNL2 (29889)	GNL2	5.82119997805645
AGO4 (192670)	AGO4	2.39231742277876
HOOK1 (51361)	HOOK1	4.09423606984577
CYP2J2 (1573)	CYP2J2	0.189033824390017
BTF3L4 (91408)	BTF3L4	5.68116812041669
TUT4 (23318)	TUT4	3.71369581484336
PRPF38A (84950)	PRPF38A	5.08406426478847
DSC2 (1824)	DSC2	3.35049724708413
DSG3 (1830)	DSG3	0.0285691521967709
RNF138 (51444)	RNF138	3.94953493301701
ELP2 (55250)	ELP2	4.40463068421761
DSG1 (1828)	DSG1	0.0285691521967709
DSC3 (1825)	DSC3	0.0426443374084937
DSC1 (1823)	DSC1	0
DTNA (1837)	DTNA	0.0565835283663675
FHOD3 (80206)	FHOD3	0
TPGS2 (25941)	TPGS2	6.08214904135387
DAGLA (747)	DAGLA	2.33342373372519
SLC43A3 (29015)	SLC43A3	0.475084882948783
TIMM10 (26519)	TIMM10	6.25474519762921
GIF (2694)	GIF	0
DHX34 (9704)	DHX34	4.49505552836802
APLNR (187)	APLNR	0
FADS2 (9415)	FADS2	0.286881147788162
TMEM258 (746)	TMEM258	8.42949043423015
TCN1 (6947)	TCN1	1.36737106564853
C5AR2 (27202)	C5AR2	0.0285691521967709
TMEM165 (55858)	TMEM165	5.30924896081662
CLOCK (9575)	CLOCK	2.58976348698498
PDGFRA (5156)	PDGFRA	0
GGACT (87769)	GGACT	1.33342373372519
COL4A2 (1284)	COL4A2	3.86393845042397
CLDN10 (9071)	CLDN10	0.0285691521967709
DZIP1 (22873)	DZIP1	0.0840642647884745
UBAC2 (337867)	UBAC2	6.41193462479118
ARGLU1 (55082)	ARGLU1	7.38499954473004
BIVM (54841)	BIVM	2.114367024952
ERCC5 (2073)	ERCC5	5.23878685958712
TPP2 (7174)	TPP2	5.11519974938544
KDELC1 (79070)	KDELC1	1.44360665147561
CARS2 (79587)	CARS2	5.47021145739054
ARHGAP32 (9743)	ARHGAP32	4.78083500173823
STT3A (3703)	STT3A	7.80070580232947
ADAMTS8 (11095)	ADAMTS8	0.0143552929770701
ACRV1 (56)	ACRV1	0.432959407276106
ETS1 (2113)	ETS1	2.92789645372882
SLC37A2 (219855)	SLC37A2	0.333423733725192
KLB (152831)	KLB	0.250961573533219
TMED7 (51014)	TMED7	4.49505552836802
APC (324)	APC	3.07724299893246
NREP (9315)	NREP	2.14404636961671
WDR36 (134430)	WDR36	3.51349074558812
OSTF1 (26578)	OSTF1	5.32373033752135
RFK (55312)	RFK	3.72027846523333
UBQLN1 (29979)	UBQLN1	5.85174904141606
NAA35 (60560)	NAA35	4.13586316536868
C9orf40 (55071)	C9orf40	2.18903382439002
ANXA1 (301)	ANXA1	7.22968404793913
CTSL (1514)	CTSL	2.68706068833989
CEMIP2 (23670)	CEMIP2	5.48767927890162
AGTPBP1 (23287)	AGTPBP1	3.19219416528334
GOLM1 (51280)	GOLM1	5.77768271707355
FAM189A2 (9413)	FAM189A2	0.0143552929770701
PSAT1 (29968)	PSAT1	6.28651155766423
ISCA1 (81689)	ISCA1	4.27798474729977
ADAM19 (8728)	ADAM19	2.10097764772482
HAVCR2 (84868)	HAVCR2	0.0426443374084937
CCNJL (79616)	CCNJL	2.59931779369823
TAOK3 (51347)	TAOK3	2.40871186102943
USP30 (84749)	USP30	2.56071495447448
SDS (10993)	SDS	0.0285691521967709
MSI1 (4440)	MSI1	0
HNF1A (6927)	HNF1A	3.58616424593091
FBXO21 (23014)	FBXO21	4.50969584193339
TBX3 (6926)	TBX3	3.42894634476948
OASL (8638)	OASL	1.13750352374994
HRK (8739)	HRK	0
RNFT2 (84900)	RNFT2	2.36737106564853
P2RX4 (5025)	P2RX4	2.06695024392463
BICDL1 (92558)	BICDL1	3.66220549965362
DTX1 (1840)	DTX1	0.0143552929770701
TRAFD1 (10906)	TRAFD1	3.66334461936608
DMTF1 (9988)	DMTF1	5.39506279951758
OCM2 (4951)	OCM2	0
TMEM243 (79161)	TMEM243	5.61353165291793
CCDC146 (57639)	CCDC146	0.27500704749987
TMEM60 (85025)	TMEM60	4.33628338786443
CD36 (948)	CD36	0.238786859587116
UGT2A3 (79799)	UGT2A3	0.411426245726465
CSN2 (1447)	CSN2	0
UGT2B28 (54490)	UGT2B28	0
PNPLA8 (50640)	PNPLA8	3.64731450954714
HILPDA (29923)	HILPDA	4.78188423454149
FAM71F1 (84691)	FAM71F1	0
RINT1 (60561)	RINT1	3.97544676564096
SRPK2 (6733)	SRPK2	3.76553474636298
KCP (375616)	KCP	0.526068811667588
TES (26136)	TES	5.97956810009519
MDFIC (29969)	MDFIC	0.0143552929770701
MTO1 (25821)	MTO1	3.92504996472736
ADGRB3 (577)	ADGRB3	0
ANKRD6 (22881)	ANKRD6	0.0143552929770701
HTR1B (3351)	HTR1B	0
KHDC1 (80759)	KHDC1	0.0143552929770701
CEP162 (22832)	CEP162	2.43562859405209
SYNCRIP (10492)	SYNCRIP	6.4667902378031
SNX14 (57231)	SNX14	5.20711196120771
NT5E (4907)	NT5E	4.7235585614721
MRAP2 (112609)	MRAP2	3.36876834909033
EPHA7 (2045)	EPHA7	0
AKIRIN2 (55122)	AKIRIN2	4.21023299009585
ORC3 (23595)	ORC3	4.32409051603798
LCA5 (167691)	LCA5	0.910732661902913
MAP3K7 (6885)	MAP3K7	3.76871365703049
CGA (1081)	CGA	0.124328135002202
GJA10 (84694)	GJA10	0
PRR5L (79899)	PRR5L	4.70210340662939
LMO2 (4005)	LMO2	0.0976107966264223
PHF21A (51317)	PHF21A	3
NAT10 (55226)	NAT10	5.62614706360372
EHF (26298)	EHF	6.96428310106872
ELF5 (2001)	ELF5	1.0071955014042
PRRG4 (79056)	PRRG4	2.25701061820602
CAPRIN1 (4076)	CAPRIN1	7.30715526161706
ATP5MC2 (517)	ATP5MC2	8.64601861092535
DNAJC14 (85406)	DNAJC14	4.85099939471647
CD63 (967)	CD63	9.48181960907767
PRPH (5630)	PRPH	0.16349873228288
AVIL (10677)	AVIL	0.903038270112912
AMHR2 (269)	AMHR2	0
LACRT (90070)	LACRT	0
GDF11 (10220)	GDF11	0.910732661902913
GLS2 (27165)	GLS2	1.9560566524124
ITGA7 (3679)	ITGA7	1.35049724708413
TESPA1 (9840)	TESPA1	0.0426443374084937
FAM186B (84070)	FAM186B	0.565597175854225
RDH5 (5959)	RDH5	2.30451104180995
AGAP2 (116986)	AGAP2	0.839959587489532
BLOC1S1 (2647)	BLOC1S1	6.96000193206808
KRT85 (3891)	KRT85	0
CDK4 (1019)	CDK4	7.72055209160511
PPP1R1A (5502)	PPP1R1A	0
TROAP (10024)	TROAP	5.58436125251871
TSPAN31 (6302)	TSPAN31	5.4947356048628
B4GALNT1 (2583)	B4GALNT1	0.6959938131099
TFCP2 (7024)	TFCP2	4.54843662469604
COQ10A (93058)	COQ10A	3.12763327972587
FAIM2 (23017)	FAIM2	0.992768430768924
PAN2 (9924)	PAN2	5.39985467357243
ESPL1 (9700)	ESPL1	3.4369613378336
KRT7 (3855)	KRT7	2.95046841415012
ZC3H10 (84872)	ZC3H10	1.60880924267552
HNRNPA1 (3178)	HNRNPA1	10.8169836232554
SLC26A10 (65012)	SLC26A10	0.214124805352847
ACVR1B (91)	ACVR1B	3.9560566524124
OS9 (10956)	OS9	6.52888382727464
MIP (4284)	MIP	0.0840642647884745
KCNH3 (23416)	KCNH3	0.176322772640463
LTV1 (84946)	LTV1	4.93168305705981
MAP7 (9053)	MAP7	5.60110220337641
CD164 (8763)	CD164	7.23735338643813
AFG1L (246269)	AFG1L	0.895302621333307
NHSL1 (57224)	NHSL1	2.43295940727611
AHI1 (54806)	AHI1	2.76553474636298
HEY2 (23493)	HEY2	0.0840642647884745
PKIB (5570)	PKIB	3.95791459863299
TAAR5 (9038)	TAAR5	0
NMBR (4829)	NMBR	0
SMPD2 (6610)	SMPD2	3.78031009904338
MICAL1 (64780)	MICAL1	3.66106547980695
REPS1 (85021)	REPS1	3.7771566660045
STX11 (8676)	STX11	0.0426443374084937
TEC (7006)	TEC	0.831877241191673
PRADC1 (84279)	PRADC1	3.75702324650746
SEMA4F (10505)	SEMA4F	0.454175893185802
CCT7 (10574)	CCT7	9.04796910015055
EGR4 (1961)	EGR4	0.150559676575381
RAB11FIP5 (26056)	RAB11FIP5	2.57773093149008
SMYD5 (10322)	SMYD5	4.15461561132689
DYSF (8291)	DYSF	0.0976107966264223
CCDC142 (84865)	CCDC142	3.60762622084549
EMX1 (2016)	EMX1	0.137503523749935
KCNMB4 (27345)	KCNMB4	0.565597175854225
USP15 (9958)	USP15	4.18269229751619
GNS (2799)	GNS	4.45811948117451
CPM (1368)	CPM	0.7311832415722
MDM2 (4193)	MDM2	3.43028527297778
KLHL36 (79786)	KLHL36	4.28243980500639
BCO1 (53630)	BCO1	0.659924558402378
MPHOSPH6 (10200)	MPHOSPH6	5.72683121703249
CHST5 (23563)	CHST5	0.807354922057604
KIAA0513 (9764)	KIAA0513	0.887525270741587
DYNC1LI2 (1783)	DYNC1LI2	5.66419836929191
FBXL8 (55336)	FBXL8	3.86888427302877
FHOD1 (29109)	FHOD1	4.35120427725799
CCDC102A (92922)	CCDC102A	2.18269229751619
SLC9A5 (6553)	SLC9A5	0.37851162325373
AGT (183)	AGT	0.356143810225275
PCNX2 (80003)	PCNX2	3.48800077083407
KCNK1 (3775)	KCNK1	3.96993327469786
URB2 (9816)	URB2	3.23572705983806
EGLN1 (54583)	EGLN1	3.19377174339668
CAPN9 (10753)	CAPN9	1.85598969730848
COG2 (22796)	COG2	4.19534759832222
ABCB10 (23456)	ABCB10	2.88752527074159
NTPCR (84284)	NTPCR	5.51380653743372
TAF5L (27097)	TAF5L	4.33913738491959
GLUL (2752)	GLUL	7.41506567664119
STX6 (10228)	STX6	3.48413813120167
RGS8 (85397)	RGS8	0
RNASEL (6041)	RNASEL	1.73984810269933
DHX9 (1660)	DHX9	6.98606956323305
KIAA1614 (57710)	KIAA1614	0.150559676575381
CEP350 (9857)	CEP350	2.98002530023873
NPL (80896)	NPL	1.53106949272595
FAM129A (116496)	FAM129A	0.704871964456353
PIGC (5279)	PIGC	4.91408609701272
LAMC1 (3915)	LAMC1	3.50462039240355
RC3H1 (149041)	RC3H1	2.28688114778816
GPR55 (9290)	GPR55	0.0565835283663675
SP110 (3431)	SP110	2.64385618977472
MRPL44 (65080)	MRPL44	4.8569856897822
CHRND (1144)	CHRND	0
PAX3 (5077)	PAX3	0
DOCK10 (55619)	DOCK10	0.124328135002202
TTLL4 (9654)	TTLL4	4.90833256978243
USP37 (57695)	USP37	2.17312743348066
HTR2B (3357)	HTR2B	0.124328135002202
ITM2C (81618)	ITM2C	5.97819562968165
SLC19A3 (80704)	SLC19A3	0.238786859587116
SERPINE2 (5270)	SERPINE2	2.32768736417605
DNAJB2 (3300)	DNAJB2	4.64961545906341
WNT10A (80326)	WNT10A	2.40053792958373
TMBIM1 (64114)	TMBIM1	6.90255600534463
CYP27A1 (1593)	CYP27A1	0.53605290024021
EIF4E2 (9470)	EIF4E2	7.17102663944314
ARMC9 (80210)	ARMC9	3.68257329734758
CAB39 (51719)	CAB39	4.71973105674985
COX5B (1329)	COX5B	7.76334517497438
REV1 (51455)	REV1	4.14649230697719
TSGA10 (80705)	TSGA10	2.98550043030489
MFSD9 (84804)	MFSD9	4.01435529297707
TMEM127 (55654)	TMEM127	3.77505054148317
EDAR (10913)	EDAR	0.0285691521967709
TGFBRAP1 (9392)	TGFBRAP1	3.68929916053589
GCC2 (9648)	GCC2	4.85349670370232
MRPS9 (64965)	MRPS9	5.10852445677817
GPR45 (11250)	GPR45	0
C2orf49 (79074)	C2orf49	3.80012335282653
ANKRD36 (375248)	ANKRD36	2.18903382439002
EPC2 (26122)	EPC2	3.56315813040281
ARHGEF4 (50649)	ARHGEF4	0.0840642647884745
ISCU (23479)	ISCU	6.11582397743624
ALDH1L2 (160428)	ALDH1L2	0.344828496997441
STAB2 (55576)	STAB2	0.286881147788162
USP44 (84101)	USP44	0.0285691521967709
SCYL2 (55681)	SCYL2	4.17791779219584
CKAP4 (10970)	CKAP4	3.16671544496642
PLXNC1 (10154)	PLXNC1	0.298658315564515
APPL2 (55198)	APPL2	4.42693561964834
PWP1 (11137)	PWP1	5.09127669436522
DRAM1 (55332)	DRAM1	0.495695162624069
WASHC4 (23325)	WASHC4	3.87479696589867
SLC41A2 (84102)	SLC41A2	4.01346225980656
VILL (50853)	VILL	0.887525270741587
FLNB (2317)	FLNB	6.54920708935568
NEK3 (4752)	NEK3	4.13832300405648
PCDH8 (5100)	PCDH8	0
VPS36 (51028)	VPS36	4.69097573834328
RNASEH2B (79621)	RNASEH2B	4.94673086014031
CKAP2 (26586)	CKAP2	5.37781785308364
CNMD (11061)	CNMD	0.0285691521967709
TBC1D4 (9882)	TBC1D4	3.94766615679601
THSD1 (55901)	THSD1	0.31034012061215
BORA (79866)	BORA	4.53356334821451
LRCH1 (23143)	LRCH1	4.11603199344711
SUCLA2 (8803)	SUCLA2	5.48188013962029
RCBTB1 (55213)	RCBTB1	3.90689059560852
MED4 (29079)	MED4	5.54596836910529
PHF11 (51131)	PHF11	3.03562390973072
COG3 (83548)	COG3	4.03121873061072
LMO7 (4008)	LMO7	7.17102663944314
SCEL (8796)	SCEL	2.44360665147561
ITM2B (9445)	ITM2B	6.56102057782927
SPRY2 (10253)	SPRY2	4.47832471148503
NUDT15 (55270)	NUDT15	5.36422222109353
EDNRB (1910)	EDNRB	0
RCBTB2 (1102)	RCBTB2	1.24488705912353
LCP1 (3936)	LCP1	0.495695162624069
SETDB2 (83852)	SETDB2	1.88362081628567
SCRN1 (9805)	SCRN1	4.20789285164133
C7orf25 (79020)	C7orf25	2.52857131887076
TNS3 (64759)	TNS3	4.17472598770613
SPDYE1 (285955)	SPDYE1	0.400537929583729
CHST12 (55501)	CHST12	3.30305008468167
IGF2BP3 (10643)	IGF2BP3	5.22727899446832
GPNMB (10457)	GPNMB	0.895302621333307
RAPGEF5 (9771)	RAPGEF5	2.16671544496642
RAC1 (5879)	RAC1	7.70646148275757
KDELR2 (11014)	KDELR2	6.8483725594775
NUPL2 (11097)	NUPL2	5.42189651204225
IL6 (3569)	IL6	0.367371065648529
ZDHHC4 (55146)	ZDHHC4	5.02547181462118
AOAH (313)	AOAH	0
BZW2 (28969)	BZW2	7.27258313280605
DGKB (1607)	DGKB	0
TBRG4 (9238)	TBRG4	6.70473366267406
DDX56 (54606)	DDX56	6.06824086131282
HUS1 (3364)	HUS1	3.90592847817313
NACAD (23148)	NACAD	0.20163386116965
DBNL (28988)	DBNL	6.52214993317577
CCM2 (83605)	CCM2	4.66448284036468
MYO1G (64005)	MYO1G	0.0976107966264223
TTYH3 (80727)	TTYH3	5.11478344724985
MMD2 (221938)	MMD2	0
CIDEB (27141)	CIDEB	0.53605290024021
TTC5 (91875)	TTC5	2.64846544302731
NKX2-8 (26257)	NKX2-8	0
NKX2-1 (7080)	NKX2-1	0.0143552929770701
ZFHX2 (85446)	ZFHX2	0.070389327891398
MTHFS (10588)	MTHFS	5.65277328451078
ADAMTS7 (11173)	ADAMTS7	0.20163386116965
ABHD17C (58489)	ABHD17C	4.52042224852645
IREB2 (3658)	IREB2	4.7235585614721
ALPK3 (57538)	ALPK3	5.25663329505992
TM6SF1 (53346)	TM6SF1	0
CIB2 (10518)	CIB2	0.31034012061215
CALCOCO2 (10241)	CALCOCO2	4.44493204894218
RSAD1 (55316)	RSAD1	4.33127526714661
NMT1 (4836)	NMT1	5.68678063494857
MYCBPAP (84073)	MYCBPAP	0
SRSF1 (6426)	SRSF1	7.81455042346181
VEZF1 (7716)	VEZF1	5.17232749165762
CHAD (1101)	CHAD	0.7311832415722
TACO1 (51204)	TACO1	4.27500704749987
TEX2 (55852)	TEX2	3.18269229751619
DCAF7 (10238)	DCAF7	5.15015345524625
GH2 (2689)	GH2	0
CSH1 (1442)	CSH1	0
LIMD2 (80774)	LIMD2	0.545968369105293
BRIP1 (83990)	BRIP1	2.38404980679516
KAT7 (11143)	KAT7	3.86690797814317
RTP4 (64108)	RTP4	0.0285691521967709
ACTL6A (86)	ACTL6A	7.18080427811412
NDUFB5 (4711)	NDUFB5	6.19770815795585
MRPL47 (57129)	MRPL47	5.31650781910311
TRA2B (6434)	TRA2B	7.20094763377342
SCN2A (6326)	SCN2A	0.0143552929770701
TBR1 (10716)	TBR1	0
MARCH7 (64844)	MARCH7	4.92742242873987
ERMN (57471)	ERMN	0.0143552929770701
GALNT5 (11227)	GALNT5	0.650764559116902
SCN7A (6332)	SCN7A	0.0143552929770701
TANK (10010)	TANK	6.69181329717138
BLK (640)	BLK	0.0565835283663675
GATA4 (2626)	GATA4	0.0840642647884745
SKIL (6498)	SKIL	4.51601514700366
EPRS (2058)	EPRS	6.17592374206376
HLX (3142)	HLX	0
VPS45 (11311)	VPS45	3.93734439215023
IL10 (3586)	IL10	0.0285691521967709
KCTD3 (51133)	KCTD3	5.07852444538908
RPS6KC1 (26750)	RPS6KC1	2.39506279951758
CBWD2 (150472)	CBWD2	5.17672169288105
IL36G (56300)	IL36G	0
IL1RN (3557)	IL1RN	3.15055967657538
IL36A (27179)	IL36A	0
IL36RN (26525)	IL36RN	0.400537929583729
IL36B (27177)	IL36B	0
IL1F10 (84639)	IL1F10	0.0565835283663675
CFC1 (55997)	CFC1	0
SMPD4 (55627)	SMPD4	5.61647532878288
WDR33 (55339)	WDR33	4.05224198118114
CCDC115 (84317)	CCDC115	4.53294028837287
SAP130 (79595)	SAP130	3.76553474636298
BIN1 (274)	BIN1	5.31578357458946
IMP4 (92856)	IMP4	6.7935057716697
HS6ST1 (9394)	HS6ST1	2.64385618977472
UGGT1 (56886)	UGGT1	4.36667191611176
GYPC (2995)	GYPC	0.137503523749935
STAM (8027)	STAM	3.73984810269933
GAD2 (2572)	GAD2	0
ABI1 (10006)	ABI1	4.47702965301306
YME1L1 (10730)	YME1L1	6.04832338653781
DNAJC1 (64215)	DNAJC1	3.47897180503294
NIPSNAP3A (25934)	NIPSNAP3A	3.75488750216347
LRRC8A (56262)	LRRC8A	3.93451650158608
CDK9 (1025)	CDK9	4.90977310414164
TXN (7295)	TXN	9.65694321074491
ODF2 (4957)	ODF2	5.00584907569669
ECPAS (23392)	ECPAS	5.17672169288105
TOR1B (27348)	TOR1B	4.22727899446832
C9orf78 (51759)	C9orf78	6.25209770303744
SMC2 (10592)	SMC2	4.03298241669943
KLF4 (9314)	KLF4	2.81147103052984
TOR1A (1861)	TOR1A	4.76075320806299
RALGPS1 (9649)	RALGPS1	2.33913738491959
FAM129B (64855)	FAM129B	7.18527190559382
OR1J1 (347168)	OR1J1	0
OR13C9 (286362)	OR13C9	0
ST6GALNAC4 (27090)	ST6GALNAC4	4.45549162062847
TMOD1 (7111)	TMOD1	0.31034012061215
DAB2IP (153090)	DAB2IP	4.42425028608405
STXBP1 (6812)	STXBP1	3.83086375675176
SLC2A8 (29988)	SLC2A8	3.81044310384517
ANGPTL2 (23452)	ANGPTL2	0.0285691521967709
CDK5RAP2 (55755)	CDK5RAP2	4.38612115681485
ZFP37 (7539)	ZFP37	0.0426443374084937
SLC31A2 (1318)	SLC31A2	1.35614381022528
SLC31A1 (1317)	SLC31A1	4.51285895444998
TLR4 (7099)	TLR4	1.0703893278914
ZNF189 (7743)	ZNF189	2.4594316186373
ALDOB (229)	ALDOB	0.0840642647884745
STX17 (55014)	STX17	3.16349873228288
PRPF4 (9128)	PRPF4	4.60584986719498
FPGS (2356)	FPGS	5.80709727493827
USP20 (10868)	USP20	3.34908214639109
BAAT (570)	BAAT	0.27500704749987
KIF12 (113220)	KIF12	3.78031009904338
ATP6V1G1 (9550)	ATP6V1G1	6.41953889151378
TEX10 (54881)	TEX10	3.9126498648972
GARNL3 (84253)	GARNL3	1.43829285157915
MRPL50 (54534)	MRPL50	4.14974711950468
DPM2 (8818)	DPM2	5.32409051603798
WDR38 (401551)	WDR38	0.070389327891398
TSTD2 (158427)	TSTD2	3.56803210477128
GABBR2 (9568)	GABBR2	0.124328135002202
HEMGN (55363)	HEMGN	0
PSMB7 (5695)	PSMB7	7.93044167303866
NR5A1 (2516)	NR5A1	0.0143552929770701
TRMO (51531)	TRMO	3.54966917072649
RABEPK (10244)	RABEPK	4.58736499093646
GOLGA1 (2800)	GOLGA1	2.65764000520782
XPA (7507)	XPA	3.46597446450407
NCBP1 (4686)	NCBP1	4.77663042305105
ANP32B (10541)	ANP32B	8.00887676839426
OR1L4 (254973)	OR1L4	0
PDCL (5082)	PDCL	4.18507363787676
RPL35 (11224)	RPL35	11.3597495603223
CTSV (1515)	CTSV	3.36317107711924
LMX1B (4010)	LMX1B	0.0426443374084937
ARPC5L (81873)	ARPC5L	6.20437551131909
ENPP2 (5168)	ENPP2	0.214124805352847
DSCC1 (79075)	DSCC1	5.538227739736
DERL1 (79139)	DERL1	6.84987419379562
MYC (4609)	MYC	7.04308198189566
NOV (4856)	NOV	0.124328135002202
IL33 (90865)	IL33	0.321928094887362
DMAC1 (90871)	DMAC1	3.94579495674006
RANBP6 (26953)	RANBP6	3.69821847822441
POLR1E (64425)	POLR1E	4.50462039240355
PLAA (9373)	PLAA	4.63923216324928
IL11RA (3590)	IL11RA	1.76553474636298
UBAP2 (55833)	UBAP2	4.43362716708478
APTX (54840)	APTX	5.01167453338092
RNF38 (152006)	RNF38	2.77188557851537
TLN1 (7094)	TLN1	5.49281457256712
CCL21 (6366)	CCL21	0
SIT1 (27240)	SIT1	0
IFNA21 (3452)	IFNA21	0
DMRT1 (1761)	DMRT1	0
DNAJB5 (25822)	DNAJB5	0.918386234446348
SPAG8 (26206)	SPAG8	0.650764559116902
DCTN3 (11258)	DCTN3	5.86517649653178
CD72 (971)	CD72	0.0976107966264223
TMEM8B (51754)	TMEM8B	2.06695024392463
GRHPR (9380)	GRHPR	5.78214642355464
ALDH1B1 (219)	ALDH1B1	4.0703893278914
HINT2 (84681)	HINT2	5.4715126480455
ARHGEF39 (84904)	ARHGEF39	3.71369581484336
IGFBPL1 (347252)	IGFBPL1	0
DENND4C (55667)	DENND4C	3.92409988564074
RPS6 (6194)	RPS6	10.601956451498
CNPY3 (10695)	CNPY3	5.51285895444998
FOXP4 (116113)	FOXP4	4.62993940943954
PPIL1 (51645)	PPIL1	5.31795521831244
KLC4 (89953)	KLC4	5.53977919169849
KIF13A (63971)	KIF13A	4.32048467801769
ZSCAN9 (7746)	ZSCAN9	3.47767732756531
PIM1 (5292)	PIM1	2.05658352836637
GMPR (2766)	GMPR	0.263034405833794
CMTR1 (23070)	CMTR1	4.15218341905505
TFAP2A (7020)	TFAP2A	1.57046293102604
SLC22A7 (10864)	SLC22A7	0
YIPF3 (25844)	YIPF3	6.35226417325832
TMEM14B (81853)	TMEM14B	6.98242322677588
TMEM63B (55362)	TMEM63B	4.04264433740849
FRS3 (10817)	FRS3	1.70487196445635
TJAP1 (93643)	TJAP1	4.06350294230616
CAPN11 (11131)	CAPN11	0.070389327891398
TINAG (27283)	TINAG	2.44890095114513
HCRTR2 (3062)	HCRTR2	0
KIAA0319 (9856)	KIAA0319	0.0976107966264223
IRF4 (3662)	IRF4	0.0426443374084937
SLC22A23 (63027)	SLC22A23	3.12598165385472
TUBB2A (7280)	TUBB2A	3.90496571868403
LRRC1 (55227)	LRRC1	4.08406426478847
GCM1 (8521)	GCM1	0.0143552929770701
FOXF2 (2295)	FOXF2	0
BPHL (670)	BPHL	3.34340782229781
RIPK1 (8737)	RIPK1	3.67129337248158
TUBB2B (347733)	TUBB2B	0.925999418556223
UQCC2 (84300)	UQCC2	6.34198574722862
HMGA1 (3159)	HMGA1	9.04682388762174
TCF19 (6941)	TCF19	4.37712374912949
FLOT1 (10211)	FLOT1	6.56620629346551
IER3 (8870)	IER3	6.22824149703314
MDC1 (9656)	MDC1	5.03650333373899
PGBD1 (84547)	PGBD1	0.895302621333307
ATAT1 (79969)	ATAT1	3.64846544302731
TPMT (7172)	TPMT	3.64616265715789
CLPS (1208)	CLPS	0
RNF144B (255488)	RNF144B	1.56559717585423
NRM (11270)	NRM	4.49313492230551
MTCH1 (23787)	MTCH1	6.99695360101844
VARS2 (57176)	VARS2	3.68369645430652
TAF8 (129685)	TAF8	3.60407132366886
FAM8A1 (51439)	FAM8A1	2.72246602447109
C6orf52 (347744)	C6orf52	0.739848102699327
FGFBP1 (9982)	FGFBP1	0.895302621333307
FGFBP2 (83888)	FGFBP2	0.150559676575381
CPEB2 (132864)	CPEB2	1.29278174922785
FHDC1 (85462)	FHDC1	1.53605290024021
TLR2 (7097)	TLR2	0
MGARP (84709)	MGARP	0.070389327891398
TTC29 (83894)	TTC29	0
MYO7A (4647)	MYO7A	0.704871964456353
FCHSD2 (9873)	FCHSD2	2.799087306074
ARRB1 (408)	ARRB1	4.34837407519116
SLCO2B1 (11309)	SLCO2B1	1.27500704749987
THAP12 (5612)	THAP12	5.35438163211332
ANKRD42 (338699)	ANKRD42	2.34766565630097
IL18BP (10068)	IL18BP	2.57046293102604
NUMA1 (4926)	NUMA1	7.04668749222387
CCDC90B (60492)	CCDC90B	5.19298316997399
SYTL2 (54843)	SYTL2	3.94766615679601
RAB30 (27314)	RAB30	1.53106949272595
CREBZF (58487)	CREBZF	5.87970576628229
LRRC32 (2615)	LRRC32	0
PRCP (5547)	PRCP	3.28095631383106
NARS2 (79731)	NARS2	4.43362716708478
RNF121 (55298)	RNF121	5.18150015170461
MRPL15 (29088)	MRPL15	5.88898672118656
PI15 (51050)	PI15	0.0285691521967709
TTPA (7274)	TTPA	0
GGH (8836)	GGH	3.75167794568758
SLCO5A1 (81796)	SLCO5A1	0.422233000683048
SULF1 (23213)	SULF1	0
TGS1 (96764)	TGS1	3.27202318906105
SDCBP (6386)	SDCBP	7.27974985301445
NEK1 (4750)	NEK1	1.64154602908752
DDX60 (55601)	DDX60	0.505890929729957
NXPE4 (54827)	NXPE4	0
SORL1 (6653)	SORL1	4.49185309632967
TMPRSS4 (56649)	TMPRSS4	4.96993327469786
BUD13 (84811)	BUD13	4.48155728070859
TRPC6 (7225)	TRPC6	0.0143552929770701
MMP7 (4316)	MMP7	5.42894634476948
MMP20 (9313)	MMP20	0
MMP27 (64066)	MMP27	0
CFAP300 (85016)	CFAP300	3.69376571221778
DCUN1D5 (84259)	DCUN1D5	6.41903318547102
YAP1 (10413)	YAP1	5.16791986555194
TRIM29 (23650)	TRIM29	5.66959375118833
SLC37A4 (2542)	SLC37A4	5.08958289312471
BTG4 (54766)	BTG4	0
POU2F3 (25833)	POU2F3	0.37851162325373
RDX (5962)	RDX	4.09508049190141
PPP2R1B (5519)	PPP2R1B	4.37155886261196
FDX1 (2230)	FDX1	2.87184364850932
C11orf1 (64776)	C11orf1	4.48864353985378
FXYD6 (53826)	FXYD6	0.250961573533219
ARHGAP20 (57569)	ARHGAP20	0
FXYD2 (486)	FXYD2	1.70487196445635
MMP13 (4322)	MMP13	0.124328135002202
TMPRSS13 (84000)	TMPRSS13	2.16349873228288
CASP1 (834)	CASP1	0.137503523749935
CASP5 (838)	CASP5	0
ALKBH8 (91801)	ALKBH8	2.83995958748953
MAP2K5 (5607)	MAP2K5	3.04439411935845
UNC13C (440279)	UNC13C	0.0565835283663675
SQOR (58472)	SQOR	4.13504228623365
CTDSPL2 (51496)	CTDSPL2	4.0703893278914
SLTM (79811)	SLTM	6.78437310843037
THBS1 (7057)	THBS1	2.75915583380027
MAPKBP1 (23005)	MAPKBP1	2.41142624572647
NUSAP1 (51203)	NUSAP1	6.67044381212281
NDUFAF1 (51103)	NDUFAF1	3.9429835981871
KIF23 (9493)	KIF23	5.28355142317431
ITGA11 (22801)	ITGA11	0.0143552929770701
KNL1 (57082)	KNL1	3.45022149589718
HAUS2 (55142)	HAUS2	4.58135124716878
RTF1 (23168)	RTF1	4.85748342828667
PARP6 (56965)	PARP6	4.78031009904338
RPLP1 (6176)	RPLP1	11.6884688827327
PAQR5 (54852)	PAQR5	4.92504996472736
LRRC49 (54839)	LRRC49	2.11103131238874
TUBGCP4 (27229)	TUBGCP4	4.5298209465287
RMDN3 (55177)	RMDN3	5.09634619899318
ITPKA (3706)	ITPKA	1.58496250072116
UACA (55075)	UACA	4.16108148227718
SMAD6 (4091)	SMAD6	4.21412480535285
PLCB2 (5330)	PLCB2	0.55581615506164
TMEM62 (80021)	TMEM62	4.68818035858693
PAK6 (56924)	PAK6	2.46205231879643
ADAM10 (102)	ADAM10	6.35067403711449
DUOX1 (53905)	DUOX1	1.38956681176273
SLC28A2 (9153)	SLC28A2	0.111031312388744
STRA6 (64220)	STRA6	1.83187724119167
CYP19A1 (1588)	CYP19A1	0.454175893185802
ZNF280D (54816)	ZNF280D	3.81044310384517
SEMA6D (80031)	SEMA6D	0
BCL2L10 (10017)	BCL2L10	0.941106310946431
RSL24D1 (51187)	RSL24D1	6.97292236422542
SPTBN5 (51332)	SPTBN5	0.871843648509318
GCHFR (2644)	GCHFR	6.52199295640167
BCAR3 (8412)	BCAR3	3.92029330021101
TTLL7 (79739)	TTLL7	0.422233000683048
FNBP1L (54874)	FNBP1L	4.46988597627446
KYAT3 (56267)	KYAT3	4.11769504266975
GTF2B (2959)	GTF2B	4.87085786436376
BRDT (676)	BRDT	0
RABGGTB (5876)	RABGGTB	6.68173035543585
IFI44L (10964)	IFI44L	0.189033824390017
GIPC2 (54810)	GIPC2	3.46074256378964
ARHGAP29 (9411)	ARHGAP29	4.4666271200415
IFI44 (10561)	IFI44	1.9297909977186
SLC44A5 (204962)	SLC44A5	2.20789285164133
CLCA2 (9635)	CLCA2	0.0426443374084937
DNASE2B (58511)	DNASE2B	0
DBT (1629)	DBT	2.96532254836725
RTCA (8634)	RTCA	4.40258575823259
IFT172 (26160)	IFT172	4.6724253419715
SELENOI (85465)	SELENOI	4.12350066435096
CGREF1 (10669)	CGREF1	4.27351588970212
HADHB (3032)	HADHB	5.21062264439691
KHK (3795)	KHK	2.06695024392463
ADCY3 (109)	ADCY3	5.22342254993494
PPM1B (5495)	PPM1B	4.48091134604775
PNPT1 (87178)	PNPT1	5.08958289312471
DYNC2LI1 (51626)	DYNC2LI1	3.60407132366886
LHCGR (3973)	LHCGR	0
THUMPD2 (80745)	THUMPD2	3.35895882583233
CYP1B1 (1545)	CYP1B1	3.65191274464578
SULT6B1 (391365)	SULT6B1	0
RAB1A (5861)	RAB1A	7.3019533951261
ACTR2 (10097)	ACTR2	7.04023491675437
PREB (10113)	PREB	5.26753579806874
SLC5A6 (8884)	SLC5A6	5.02945288578697
ABCG5 (64240)	ABCG5	0.0285691521967709
PREPL (9581)	PREPL	4.52418907844937
SLC3A1 (6519)	SLC3A1	1.0496307677246
EMILIN1 (11117)	EMILIN1	0.27500704749987
FBXO11 (80204)	FBXO11	4.24564777363675
SIX3 (6496)	SIX3	0.0285691521967709
ATRAID (51374)	ATRAID	6.14934066928622
CENPO (79172)	CENPO	4.14323013477689
LRPPRC (10128)	LRPPRC	5.78607355157855
TRIM54 (57159)	TRIM54	1.60407132366886
DTNB (1838)	DTNB	2.26603689399532
ACTR1A (10121)	ACTR1A	5.41920177384876
CYP2C9 (1559)	CYP2C9	0
MFSD13A (79847)	MFSD13A	2.58255600301406
CYP2C8 (1558)	CYP2C8	0.070389327891398
MYOF (26509)	MYOF	4.38335869538511
LOXL4 (84171)	LOXL4	2.27202318906105
STAMBPL1 (57559)	STAMBPL1	3.75702324650746
CH25H (9023)	CH25H	0
LBX1 (10660)	LBX1	0
ATAD1 (84896)	ATAD1	4.55949181320504
BTBD16 (118663)	BTBD16	2.15704371014558
KIF11 (3832)	KIF11	4.24640808724638
CUZD1 (50624)	CUZD1	0
TACC2 (10579)	TACC2	4.52544250601812
DUSP5 (1847)	DUSP5	1.77399632511117
CALHM2 (51063)	CALHM2	2.44095219802964
ARL3 (403)	ARL3	3.48928602262588
CEP55 (55165)	CEP55	4.93640237772506
KIF20B (9585)	KIF20B	3.76234881564413
ENTPD1 (953)	ENTPD1	0.505890929729957
EXOC6 (54536)	EXOC6	4.16591193893569
PLCE1 (51196)	PLCE1	1.72683121703249
RBP4 (5950)	RBP4	2.24792751344359
DBR1 (51163)	DBR1	3.44493204894218
DNAJC13 (23317)	DNAJC13	4.01613970265525
GPR87 (53836)	GPR87	1.82374936030827
ANXA7 (310)	ANXA7	5.76128527336162
FAM149B1 (317662)	FAM149B1	3.5197934862411
ASCC1 (51008)	ASCC1	4.54163873443614
PLA2G12B (84647)	PLA2G12B	0.0426443374084937
ZNF365 (22891)	ZNF365	0.0285691521967709
OIT3 (170392)	OIT3	0
ADAMTS14 (140766)	ADAMTS14	0.070389327891398
RPS24 (6229)	RPS24	11.9226587282097
TET1 (80312)	TET1	0.0285691521967709
DNA2 (1763)	DNA2	3.4276061727819
MYPN (84665)	MYPN	0.0143552929770701
AOX1 (316)	AOX1	0.111031312388744
ATIC (471)	ATIC	7.02480723340057
SMARCAL1 (50485)	SMARCAL1	2.877744249949
BARD1 (580)	BARD1	3.01435529297707
STAT4 (6775)	STAT4	0.16349873228288
MSTN (2660)	MSTN	0.0143552929770701
CARF (79800)	CARF	1.71808758396052
ASNSD1 (54529)	ASNSD1	4.63459326844576
METTL5 (29081)	METTL5	6.28373660962484
SSB (6741)	SSB	7.48244496891726
NAB1 (4664)	NAB1	4.10097764772482
CDK15 (65061)	CDK15	0.0143552929770701
PPIG (9360)	PPIG	5.29388543030237
FASTKD1 (79675)	FASTKD1	3.87282875953489
MDH1B (130752)	MDH1B	0.189033824390017
HECW2 (57520)	HECW2	0.070389327891398
IDH1 (3417)	IDH1	6.64414469993285
OLA1 (29789)	OLA1	6.64313466185726
CIR1 (9541)	CIR1	4.11852584893567
ITPRID2 (6744)	ITPRID2	5.86715516310751
CHRNA1 (1134)	CHRNA1	0
FAM117B (150864)	FAM117B	2.7158933705476
WDR12 (55759)	WDR12	5.63226821549951
ABI2 (10152)	ABI2	4.48800077083407
ITGAV (3685)	ITGAV	4.17072627613155
SLC40A1 (30061)	SLC40A1	4.90062533253607
SLC35A5 (55032)	SLC35A5	3.89044669267991
DIRC2 (84925)	DIRC2	2.16671544496642
SENP7 (57337)	SENP7	1.95233356636969
GUCA1C (9626)	GUCA1C	0
CCDC54 (84692)	CCDC54	0
COX17 (10063)	COX17	7.13000418418862
PARP9 (83666)	PARP9	2.98367769469807
MNS1 (55329)	MNS1	3.95140129167431
USP8 (9101)	USP8	5.14649230697719
SECISBP2L (9728)	SECISBP2L	2.79493566280354
TMOD3 (29766)	TMOD3	4.42961596420174
SPPL2A (84888)	SPPL2A	4.69041709553247
GLCE (26035)	GLCE	3.43028527297778
SHF (90525)	SHF	2.4905701304462
APH1B (83464)	APH1B	1.50080205305716
INTS14 (81556)	INTS14	5.47281266619239
CILP (8483)	CILP	0.0143552929770701
PARP16 (54956)	PARP16	2.77399632511117
PPCDC (60490)	PPCDC	4.44493204894218
HCN4 (10021)	HCN4	0.0143552929770701
SEMA7A (8482)	SEMA7A	0.400537929583729
UBL7 (84993)	UBL7	5.16510798514454
ARHGAP24 (83478)	ARHGAP24	0.678071905112638
FAM13A (10144)	FAM13A	3.2585189247113
HERC3 (8916)	HERC3	1.78240856492737
HERC6 (55008)	HERC6	1.26303440583379
HERC5 (51191)	HERC5	0.20163386116965
PCDH10 (57575)	PCDH10	0
NDST4 (64579)	NDST4	0
ZGRF1 (55345)	ZGRF1	2.70265754339091
AP1AR (55435)	AP1AR	4.76341157447001
COPS4 (51138)	COPS4	4.90929308582382
HNRNPD (3184)	HNRNPD	8.24455412035057
PRKG2 (5593)	PRKG2	0.641546029087524
RASGEF1B (153020)	RASGEF1B	1.4905701304462
SEC31A (22872)	SEC31A	5.92029330021101
FGF5 (2250)	FGF5	0.0143552929770701
GPAT3 (84803)	GPAT3	2.90881290773955
IL21 (59067)	IL21	0
FGF2 (2247)	FGF2	0.070389327891398
BBS7 (55212)	BBS7	3.74738739965272
KIAA1109 (84162)	KIAA1109	4.01435529297707
BMPR1B (658)	BMPR1B	0.0285691521967709
RAP1GDS1 (5910)	RAP1GDS1	4.56132613645392
LARP1B (55132)	LARP1B	4.17712050284652
MMRN1 (22915)	MMRN1	0.0285691521967709
PDE5A (8654)	PDE5A	1.67355642399014
PRDM5 (11107)	PRDM5	2.10768786931437
TRPC3 (7222)	TRPC3	0
NAAA (27163)	NAAA	3.42088657497553
NUP54 (53371)	NUP54	4.98686597232911
CXCL9 (4283)	CXCL9	0.0143552929770701
BMP2K (55589)	BMP2K	2.54101915313356
G3BP2 (9908)	G3BP2	6.62190534551941
SEPT11 (55752)	SEPT11	5.85374619700876
FRAS1 (80144)	FRAS1	3.33485426933163
SCARB2 (950)	SCARB2	5.52825874275841
CCNG2 (901)	CCNG2	3.98185265328974
CNOT6L (246175)	CNOT6L	2.59215800212536
USO1 (8615)	USO1	4.97727992349992
CDKL2 (8999)	CDKL2	0.111031312388744
SHROOM3 (57619)	SHROOM3	3.61941301059794
ANXA3 (306)	ANXA3	6.46581125447608
PPA2 (27068)	PPA2	6.8483725594775
CENPE (1062)	CENPE	3.10097764772482
GSTCD (79807)	GSTCD	3.03738222200308
INTS12 (57117)	INTS12	4.23955079661364
ENPEP (2028)	ENPEP	0.189033824390017
CASP6 (839)	CASP6	4.8860623383456
LEF1 (51176)	LEF1	0.0285691521967709
HADH (3033)	HADH	5.80992886572143
EGF (1950)	EGF	0.344828496997441
PAPSS1 (9061)	PAPSS1	4.92742242873987
SEC24B (10427)	SEC24B	3.55458885167764
C4orf17 (84103)	C4orf17	0
PPP3CA (5530)	PPP3CA	4.10097764772482
SLC39A8 (64116)	SLC39A8	3.00180224263399
MTTP (4547)	MTTP	0.137503523749935
FBN2 (2201)	FBN2	0.0285691521967709
MAPK8IP3 (23162)	MAPK8IP3	5.14159627838382
RGS3 (5998)	RGS3	4.64846544302731
GUCD1 (83606)	GUCD1	5.44890095114513
TTLL8 (164714)	TTLL8	0
RNF185 (91445)	RNF185	3.4931349223055
SHISAL1 (85352)	SHISAL1	0
PARVG (64098)	PARVG	0.0285691521967709
B4GALNT3 (283358)	B4GALNT3	4.00629802390037
PDE6H (5149)	PDE6H	0
ERP27 (121506)	ERP27	0.7311832415722
ETV6 (2120)	ETV6	3.29130885982897
GABARAPL1 (23710)	GABARAPL1	3.44228003525258
KIF21A (55605)	KIF21A	4.25701061820602
CPNE8 (144402)	CPNE8	1.54101915313356
YARS2 (51067)	YARS2	4.4235781709818
FGD4 (121512)	FGD4	2.86195536414487
ALG10 (84920)	ALG10	2.56071495447448
PIK3C2G (5288)	PIK3C2G	0.0143552929770701
SINHCAF (58516)	SINHCAF	6.82094479188069
PLCZ1 (89869)	PLCZ1	0
AEBP2 (121536)	AEBP2	4.12928301694497
SLCO1C1 (53919)	SLCO1C1	0
ETFBKMT (254013)	ETFBKMT	0.238786859587116
ETNK1 (55500)	ETNK1	4.25776496857139
ZCRB1 (85437)	ZCRB1	5.50937914891469
TMEM117 (84216)	TMEM117	1.10433665981474
PRICKLE1 (144165)	PRICKLE1	0.321928094887362
C1RL (51279)	C1RL	4.06263982828646
NDUFA9 (4704)	NDUFA9	6.18070484019556
CLSTN3 (9746)	CLSTN3	3.85199883711245
KLRG1 (10219)	KLRG1	0.20163386116965
VAMP1 (6843)	VAMP1	2.31324585178756
TAPBPL (55080)	TAPBPL	1.9297909977186
CD27 (939)	CD27	0.263034405833794
RBP5 (83758)	RBP5	1.91456452349394
PEX5 (5830)	PEX5	4.83187724119167
PIANP (196500)	PIANP	0.356143810225275
SLC38A4 (55089)	SLC38A4	0.807354922057604
AMIGO2 (347902)	AMIGO2	4.13586316536868
SCAF11 (9169)	SCAF11	4.9518675043269
COL2A1 (1280)	COL2A1	0.0143552929770701
PPFIA2 (8499)	PPFIA2	0.150559676575381
ANP32D (23519)	ANP32D	0
LLPH (84298)	LLPH	4.58255600301406
LRIG3 (121227)	LRIG3	2.71808758396052
MARCH9 (92979)	MARCH9	2.92219784839637
INHBE (83729)	INHBE	0.495695162624069
GLIPR1 (11010)	GLIPR1	0.516015147003665
TPH2 (121278)	TPH2	0
PHLDA1 (22822)	PHLDA1	4.37642931106992
TMEM19 (55266)	TMEM19	2.72465027173297
LGR5 (8549)	LGR5	1.48542682717024
PTPRQ (374462)	PTPRQ	0
DUSP6 (1848)	DUSP6	5.47118746038699
POC1B (282809)	POC1B	3.81044310384517
TMTC3 (160418)	TMTC3	2.02856915219677
LUM (4060)	LUM	0.782408564927373
KERA (11081)	KERA	0
SNRPF (6636)	SNRPF	6.80232248489952
AMDHD1 (144193)	AMDHD1	0.505890929729957
NEDD1 (121441)	NEDD1	3.52230689287139
SYCP3 (50511)	SYCP3	0.137503523749935
ASCL1 (429)	ASCL1	0.0143552929770701
GAS2L3 (283431)	GAS2L3	2.77610398807316
TMEM132B (114795)	TMEM132B	0.0143552929770701
SLC15A4 (121260)	SLC15A4	3.30597052098439
TDG (6996)	TDG	4.674686619928
RITA1 (84934)	RITA1	4.08406426478847
SDSL (113675)	SDSL	2.75274859140713
MMAB (326625)	MMAB	6.02369891726641
GLTP (51228)	GLTP	4.16671544496642
GIT2 (9815)	GIT2	3.48026512205446
TCHP (84260)	TCHP	4.25927248703759
FAM222A (84915)	FAM222A	1.33913738491959
FOXN4 (121643)	FOXN4	0
NUP58 (9818)	NUP58	5.20241772157518
MTMR6 (9107)	MTMR6	3.20476675065461
SLC46A3 (283537)	SLC46A3	1.58014548442338
SLC7A1 (6541)	SLC7A1	6.37538702682888
PDX1 (3651)	PDX1	1.70487196445635
LNX2 (222484)	LNX2	4.12763327972587
SUOX (6821)	SUOX	3.99548451887751
CCDC65 (85478)	CCDC65	0.565597175854225
SLC39A5 (283375)	SLC39A5	2.78240856492737
TARBP2 (6895)	TARBP2	5.122258567812
RDH16 (8608)	RDH16	0.0840642647884745
DHH (50846)	DHH	0.0426443374084937
ACVRL1 (94)	ACVRL1	0.150559676575381
GPR84 (53831)	GPR84	0
NPFF (8620)	NPFF	0.16349873228288
NABP2 (79035)	NABP2	5.65935375917005
N4BP2L1 (90634)	N4BP2L1	0.505890929729957
CELA1 (1990)	CELA1	0
SMARCC2 (6601)	SMARCC2	5.28909670241999
BRCA2 (675)	BRCA2	3.86690797814317
KANSL2 (54934)	KANSL2	4.64731450954714
CERS5 (91012)	CERS5	4.08491465976794
MAP3K12 (7786)	MAP3K12	1.64154602908752
ITGB7 (3695)	ITGB7	2.0071955014042
GALNT6 (11226)	GALNT6	3.0232553523003
CSAD (51380)	CSAD	4.02768487693716
LMBR1L (55716)	LMBR1L	3.85996954822103
C12orf10 (60314)	C12orf10	5.62351574149055
ESYT1 (23344)	ESYT1	5.1333991254172
TMBIM6 (7009)	TMBIM6	8.5973449407257
ANKRD52 (283373)	ANKRD52	2.94485844580754
KRT71 (112802)	KRT71	0
ZNF740 (283337)	ZNF740	3.80426011563474
SMIM2 (79024)	SMIM2	0
WDFY2 (115825)	WDFY2	1.89530262133331
HNRNPA1L2 (144983)	HNRNPA1L2	3.22958792274065
LPAR6 (10161)	LPAR6	2.88752527074159
ESD (2098)	ESD	7.14292392761435
RB1 (5925)	RB1	4.49825086752783
SBNO1 (55206)	SBNO1	3.57167680997093
MORN3 (283385)	MORN3	0.0840642647884745
SETD1B (23067)	SETD1B	3.19219416528334
VPS33A (65082)	VPS33A	3.35049724708413
VPS37B (79720)	VPS37B	5.43329332581501
RHOF (54509)	RHOF	3.05311133645956
DENR (8562)	DENR	5.72710360352266
DIAPH3 (81624)	DIAPH3	3.35191096110308
SLAIN1 (122060)	SLAIN1	0.0565835283663675
RBM26 (64062)	RBM26	5.03210084316702
SRRM4 (84530)	SRRM4	0.0143552929770701
METTL21C (196541)	METTL21C	0
MBNL2 (10150)	MBNL2	4.47443604325227
RNF113B (140432)	RNF113B	0.321928094887362
ZIC5 (85416)	ZIC5	0.0840642647884745
ABHD13 (84945)	ABHD13	2.62760683812965
RAB20 (55647)	RAB20	5.78816365703777
GRTP1 (79774)	GRTP1	5.09339115325301
CUL4A (8451)	CUL4A	6.41683974191283
TTC6 (319089)	TTC6	2.23572705983806
SSTR1 (6751)	SSTR1	0.970853654340484
CDH24 (64403)	CDH24	2.16027483140859
REM2 (161253)	REM2	0.632268215499513
CBLN3 (643866)	CBLN3	1.52105073690096
TSSK4 (283629)	TSSK4	1.95233356636969
NOVA1 (4857)	NOVA1	0.956056652412403
FITM1 (161247)	FITM1	0.16349873228288
MDGA2 (161357)	MDGA2	0
TMX1 (81542)	TMX1	4.10181813422741
FRMD6 (122786)	FRMD6	0.16349873228288
PELI2 (57161)	PELI2	1.08406426478847
RTN1 (6252)	RTN1	0
ARMH4 (145407)	ARMH4	0
SYT16 (83851)	SYT16	0.111031312388744
SLC38A6 (145389)	SLC38A6	2.47767732756531
NAA30 (122830)	NAA30	2.39506279951758
ADAM21 (8747)	ADAM21	0.0285691521967709
RDH12 (145226)	RDH12	0.263034405833794
DCAF5 (8816)	DCAF5	3.10601323762212
RAB15 (376267)	RAB15	4.82119997805645
WDR89 (112840)	WDR89	2.8499992594661
ESR2 (2100)	ESR2	0.344828496997441
KCNH5 (27133)	KCNH5	0.0285691521967709
STON2 (85439)	STON2	0.956056652412403
EFCAB11 (90141)	EFCAB11	2.81762325751143
GPR65 (8477)	GPR65	0.0143552929770701
PTGR2 (145482)	PTGR2	2.54101915313356
JDP2 (122953)	JDP2	2.90689059560852
AK7 (122481)	AK7	0.584962500721156
FAM181A (90050)	FAM181A	0
SLC24A4 (123041)	SLC24A4	0.0143552929770701
FBLN5 (10516)	FBLN5	0.0426443374084937
SERPINA10 (51156)	SERPINA10	0.0143552929770701
CLBA1 (122616)	CLBA1	2.63226821549951
WARS (7453)	WARS	6.41734621727028
SLC25A47 (283600)	SLC25A47	0.0840642647884745
WDR20 (91833)	WDR20	3.41006969175638
NIPA2 (81614)	NIPA2	6.38508585354768
SLC12A6 (9990)	SLC12A6	2.33913738491959
DUOXA1 (90527)	DUOXA1	0.0976107966264223
MFAP1 (4236)	MFAP1	5.43929068104202
TCF12 (6938)	TCF12	4.7338966052475
SORD (6652)	SORD	7.10475598696226
SERF2 (10169)	SERF2	10.1255426227184
ZSCAN29 (146050)	ZSCAN29	4.27872821293894
DUOXA2 (405753)	DUOXA2	0.124328135002202
DUOX2 (50506)	DUOX2	0.0143552929770701
LYSMD2 (256586)	LYSMD2	2.26603689399532
SLC27A2 (11001)	SLC27A2	4.41413553298445
FGF7 (2252)	FGF7	0
HDC (3067)	HDC	0.070389327891398
GCNT3 (9245)	GCNT3	7.36815720409731
BNIP2 (663)	BNIP2	5.73145480769835
GTF2A2 (2958)	GTF2A2	7.17432651517391
SRP14 (6727)	SRP14	8.37234272301749
BAHD1 (22893)	BAHD1	4.3110671022556
DISP2 (85455)	DISP2	0.956056652412403
CDAN1 (146059)	CDAN1	3.1906148602095
TLE3 (7090)	TLE3	3.73660487531425
ANP32A (8125)	ANP32A	8.72488897327074
COMMD4 (54939)	COMMD4	7.67475722778515
UBE2Q2 (92912)	UBE2Q2	4.45680614923047
PSTPIP1 (9051)	PSTPIP1	0.250961573533219
ETFA (2108)	ETFA	7.83213050109593
BCL2A1 (597)	BCL2A1	0.22650852980868
HMG20A (10363)	HMG20A	4.37712374912949
SCAPER (49855)	SCAPER	2.85399564717639
TSPAN3 (10099)	TSPAN3	8.45096377148126
WDR61 (80349)	WDR61	6.37068740680722
NCOA2 (10499)	NCOA2	3.19692173382033
NEIL1 (79661)	NEIL1	2.57773093149008
MAN2C1 (4123)	MAN2C1	6.43978933708969
DNAJA4 (55466)	DNAJA4	4
TLNRD1 (59274)	TLNRD1	3.63343121035563
TPM1 (7168)	TPM1	7.68306478611185
IGF1R (3480)	IGF1R	3.10097764772482
ARRDC4 (91947)	ARRDC4	2.84197311892718
PIF1 (80119)	PIF1	4.48284828306847
USP3 (9960)	USP3	5.31505896631662
CYP11A1 (1583)	CYP11A1	0
BBS4 (585)	BBS4	3.69041709553247
PML (5371)	PML	3.70376517879341
CYP1A1 (1543)	CYP1A1	0.933572638261024
ADAMTS17 (170691)	ADAMTS17	1.19534759832222
LINS1 (55180)	LINS1	3.73876783680019
ULK3 (25989)	ULK3	5.52825874275841
GOLGA6D (653643)	GOLGA6D	0
PCSK6 (5046)	PCSK6	4.89384755813292
CCDC33 (80125)	CCDC33	2.67581593117227
CELF6 (60677)	CELF6	0.0976107966264223
SCAMP2 (10066)	SCAMP2	5.49121175600309
CYP1A2 (1544)	CYP1A2	0
LMAN1L (79748)	LMAN1L	0
HAPLN3 (145864)	HAPLN3	0.604071323668861
RHCG (51458)	RHCG	0
POLG (5428)	POLG	5.60496086950378
RLBP1 (6017)	RLBP1	0
FANCI (55215)	FANCI	6.45252954467793
ABHD2 (11057)	ABHD2	5.93498820178348
WDR93 (56964)	WDR93	0.263034405833794
TICRR (90381)	TICRR	3.33485426933163
NTRK3 (4916)	NTRK3	0.0143552929770701
DET1 (55070)	DET1	3.12763327972587
MFGE8 (4240)	MFGE8	4.77399632511117
ZNF710 (374655)	ZNF710	3.92409988564074
UNC45A (55898)	UNC45A	5.76844901518055
ST8SIA2 (8128)	ST8SIA2	0
MCTP2 (55784)	MCTP2	3.33771109212829
FURIN (5045)	FURIN	4.114367024952
IQGAP1 (8826)	IQGAP1	7.10674612818443
CRTC3 (64784)	CRTC3	2.34198574722862
EFL1 (79631)	EFL1	3.6724253419715
SH3GL3 (6457)	SH3GL3	0
SEC11A (23478)	SEC11A	8.33194700671311
SEPT12 (124404)	SEPT12	0
GLYR1 (84656)	GLYR1	5.94906796585291
PMM2 (5373)	PMM2	5.50969584193339
SLC5A2 (6524)	SLC5A2	0.565597175854225
ITGAX (3687)	ITGAX	0.0426443374084937
TGFB1I1 (7041)	TGFB1I1	1.22650852980868
C16orf58 (64755)	C16orf58	4.89287670006069
ARMC5 (79798)	ARMC5	2.9297909977186
PARN (5073)	PARN	4.39917109381982
FTO (79068)	FTO	4.25927248703759
UQCRC2 (7385)	UQCRC2	7.59208323365389
CDR2 (1039)	CDR2	4.18665901720211
IGSF6 (10261)	IGSF6	0.176322772640463
ARHGAP17 (55114)	ARHGAP17	3.93451650158608
MYLK3 (91807)	MYLK3	0.0426443374084937
ABCC12 (94160)	ABCC12	0
NKD1 (85407)	NKD1	0.400537929583729
DHX38 (9785)	DHX38	5.48639259427596
TXNL4B (54957)	TXNL4B	3.52230689287139
MARVELD3 (91862)	MARVELD3	4.10433665981474
CHST4 (10164)	CHST4	0.565597175854225
ZFHX3 (463)	ZFHX3	1.96347412397489
CLEC18B (497190)	CLEC18B	0.516015147003665
CPNE2 (221184)	CPNE2	5.04526821513853
NLRC5 (84166)	NLRC5	0.782408564927373
KATNB1 (10300)	KATNB1	4.83086375675176
KIFC3 (3801)	KIFC3	4.43496176018725
ADAMTS18 (170692)	ADAMTS18	0
NUDT7 (283927)	NUDT7	1.96716860753263
GCSH (2653)	GCSH	5.80271021929134
CMTM3 (123920)	CMTM3	1.87578006306849
CMTM2 (146225)	CMTM2	0
CDH11 (1009)	CDH11	0.356143810225275
NOL3 (8996)	NOL3	5.42054977211632
MAP1LC3B (81631)	MAP1LC3B	4.67129337248158
MBTPS1 (8720)	MBTPS1	5.29572302453997
CDH13 (1012)	CDH13	0.0565835283663675
ZCCHC14 (23174)	ZCCHC14	3.68481873755322
MEAK7 (57707)	MEAK7	2.67807190511264
ADAD2 (161931)	ADAD2	0.0143552929770701
OSGIN1 (29948)	OSGIN1	2.77820857639809
IRF8 (3394)	IRF8	0.286881147788162
RHOT2 (89941)	RHOT2	6.62614706360372
RPL3L (6123)	RPL3L	0.111031312388744
ZSCAN32 (54925)	ZSCAN32	3.10601323762212
RPS2 (6187)	RPS2	11.4806387555991
NDUFB10 (4716)	NDUFB10	7.25010888886758
PDPK1 (5170)	PDPK1	4.51285895444998
TIGD7 (91151)	TIGD7	0.22650852980868
DEF8 (54849)	DEF8	6.05939854397342
TCF25 (22980)	TCF25	6.41074812818595
GALNS (2588)	GALNS	3.81044310384517
GAS8 (2622)	GAS8	4.20789285164133
MED9 (55090)	MED9	2.83390207666916
NCOR1 (9611)	NCOR1	5.26040209302579
COPS3 (8533)	COPS3	5.85598969730848
GID4 (79018)	GID4	1.63691458035588
ZNF287 (57336)	ZNF287	0
MYOCD (93649)	MYOCD	0.0143552929770701
KSR1 (8844)	KSR1	2.51349074558812
UTP4 (84916)	UTP4	6.00786824333334
RANBP10 (57610)	RANBP10	3.25398926623079
CTRL (1506)	CTRL	1.24488705912353
DPEP3 (64180)	DPEP3	0
GFOD2 (81577)	GFOD2	3.70376517879341
NOB1 (28987)	NOB1	6.10789706166461
PRPSAP2 (5636)	PRPSAP2	4.05050169744673
UNC45B (146862)	UNC45B	0
PCTP (58488)	PCTP	3.9429835981871
OR4D1 (26689)	OR4D1	0
TOM1L1 (10040)	TOM1L1	5.71534429535891
KIF2B (84643)	KIF2B	0
C17orf80 (55028)	C17orf80	3.70708299177171
TOB1 (10140)	TOB1	5.20163386116965
VPS53 (55275)	VPS53	3.45549162062847
SPATA22 (84690)	SPATA22	0.516015147003665
SGSM2 (9905)	SGSM2	3.78450398292957
NPEPPS (9520)	NPEPPS	5.89651405396884
SKAP1 (8631)	SKAP1	3.76022094646651
LRRC46 (90506)	LRRC46	1.18903382439002
SCRN2 (90507)	SCRN2	4.19140472885276
SSH2 (85464)	SSH2	3.611172380044
RHBDL3 (162494)	RHBDL3	0.0285691521967709
SPACA3 (124912)	SPACA3	0
ARSG (22901)	ARSG	1.58014548442338
ABCA8 (10351)	ABCA8	0
G6PC3 (92579)	G6PC3	5.88655014732434
CLTC (1213)	CLTC	6.38145643014699
C17orf64 (124773)	C17orf64	0
BCAS3 (54828)	BCAS3	2.31034012061215
PTRH2 (51651)	PTRH2	5.23840473932508
SS18 (6760)	SS18	4.60762622084549
TAF4B (6875)	TAF4B	2.03562390973072
AFG3L2 (10939)	AFG3L2	5.73036823634901
PRELID3A (10650)	PRELID3A	2.93922657772821
IMPA2 (3613)	IMPA2	5.56833618213375
GNAL (2774)	GNAL	0.632268215499513
SLC39A6 (25800)	SLC39A6	4.46988597627446
RPRD1A (55197)	RPRD1A	4.88264304936184
C18orf21 (83608)	C18orf21	3.60050764534579
GALNT1 (2589)	GALNT1	2.49825086752783
ASXL3 (80816)	ASXL3	0
ADCYAP1 (116)	ADCYAP1	0
MEP1B (4225)	MEP1B	0.0143552929770701
SLC25A52 (147407)	SLC25A52	0
GAREM1 (64762)	GAREM1	2.22032995487956
ESCO1 (114799)	ESCO1	2.67581593117227
OSBPL1A (114876)	OSBPL1A	3.77820857639809
GATA6 (2627)	GATA6	3.65191274464578
GREB1L (80000)	GREB1L	0.0143552929770701
RMC1 (29919)	RMC1	3.17632277264046
PELP1 (27043)	PELP1	4.41953889151378
NPC1 (4864)	NPC1	4.02945288578697
SLC14A1 (6563)	SLC14A1	0.970853654340484
ARRB2 (409)	ARRB2	4.74738739965272
SLC13A5 (284111)	SLC13A5	0.238786859587116
ZMYND15 (84225)	ZMYND15	0.0976107966264223
WRAP53 (55135)	WRAP53	3.56193705962243
MINK1 (50488)	MINK1	5.68790052248075
SAT2 (112483)	SAT2	2.11103131238874
ASGR1 (432)	ASGR1	0.111031312388744
PIK3R5 (23533)	PIK3R5	0
TP53 (7157)	TP53	6.16932375323987
CCDC40 (55036)	CCDC40	2.80322703643493
ARHGDIA (396)	ARHGDIA	7.94397991434374
TMC6 (11322)	TMC6	6.22612314312524
SLC16A3 (9123)	SLC16A3	5.71644223684332
CARD14 (79092)	CARD14	0.321928094887362
TTYH2 (94015)	TTYH2	0.20163386116965
RAB40B (10966)	RAB40B	4.09676785471469
EIF4A3 (9775)	EIF4A3	6.05853297020161
CSNK1D (1453)	CSNK1D	6.60436789989375
ANAPC11 (51529)	ANAPC11	7.15532422905059
TBCD (6904)	TBCD	5.29278174922785
FN3KRP (79672)	FN3KRP	4.91073266190291
NARF (26502)	NARF	5.43195718768673
RPTOR (57521)	RPTOR	3.43429461795993
FOXK2 (3607)	FOXK2	4.64616265715789
TRIM65 (201292)	TRIM65	3.46858331700683
CBX8 (57332)	CBX8	2.98002530023873
SECTM1 (6398)	SECTM1	0.214124805352847
RNF157 (114804)	RNF157	0.7311832415722
CEP131 (22994)	CEP131	4.77663042305105
ZNF750 (79755)	ZNF750	0.0976107966264223
WDR45B (56270)	WDR45B	6.13586316536868
CBX4 (8535)	CBX4	3.75381844317354
RNF165 (494470)	RNF165	0
DYM (54808)	DYM	2.68032435684402
MAPK4 (5596)	MAPK4	0
ELAC1 (55520)	ELAC1	1.85199883711245
MBD1 (4152)	MBD1	4.53977919169849
SMAD4 (4089)	SMAD4	2.66448284036468
TNFRSF11A (8792)	TNFRSF11A	1.97452931248388
ZCCHC2 (54877)	ZCCHC2	2.64385618977472
FBXO15 (201456)	FBXO15	0.070389327891398
CBLN2 (147381)	CBLN2	0
PMAIP1 (5366)	PMAIP1	2.40053792958373
P3H4 (10609)	P3H4	4.2364926183813
NT5C3B (115024)	NT5C3B	4.68594014844598
RETREG3 (162427)	RETREG3	4.11353381959191
ERBB2 (2064)	ERBB2	5.85449441815488
GRB7 (2886)	GRB7	5.37781785308364
MIEN1 (84299)	MIEN1	6.13093086982645
PNMT (5409)	PNMT	0.773996325111173
ARL5C (390790)	ARL5C	0
STAC2 (342667)	STAC2	0
IGFBP4 (3487)	IGFBP4	6.24203080192273
FKBP10 (60681)	FKBP10	5.44724856860178
TXNL4A (10907)	TXNL4A	5.28798935040895
CACNA1A (773)	CACNA1A	0.389566811762726
MISP3 (113230)	MISP3	0.495695162624069
SAMD1 (90378)	SAMD1	5.1168637576909
BRD4 (23476)	BRD4	3.98367769469807
SLC39A3 (29985)	SLC39A3	3.87085786436376
NFIC (4782)	NFIC	4.32409051603798
TPGS1 (91978)	TPGS1	2.38956681176273
PLPP2 (8612)	PLPP2	6.21684284283726
ZIM3 (114026)	ZIM3	0
PRDM15 (63977)	PRDM15	2.38956681176273
PFKL (5211)	PFKL	5.92029330021101
FEM1A (55527)	FEM1A	1.0496307677246
VAV1 (7409)	VAV1	0.250961573533219
MVB12A (93343)	MVB12A	4.67072705449947
CIB3 (117286)	CIB3	0
SH3GL1 (6455)	SH3GL1	4.57167680997093
DUS3L (56931)	DUS3L	4.28243980500639
DPP9 (91039)	DPP9	5.0036022366802
DMRTC2 (63946)	DMRTC2	0
CCDC97 (90324)	CCDC97	4.57833494868161
TMEM91 (641649)	TMEM91	2.42223300068305
ZFP14 (57677)	ZFP14	0.27500704749987
SIRT3 (23410)	SIRT3	3.76659516172927
IFITM3 (10410)	IFITM3	3.46597446450407
PGGHG (80162)	PGGHG	5.96231765494231
HUNK (30811)	HUNK	0.0143552929770701
COL6A1 (1291)	COL6A1	0.389566811762726
OR1E3 (8389)	OR1E3	0
IFNAR1 (3454)	IFNAR1	4.13175409098481
SOD1 (6647)	SOD1	7.84830995744929
COL6A2 (1292)	COL6A2	0.298658315564515
SIK1 (150094)	SIK1	1.20163386116965
DNMT3L (29947)	DNMT3L	0
TRPM2 (7226)	TRPM2	0.238786859587116
SCYL1 (57410)	SCYL1	5.63197732023875
TMEM50B (757)	TMEM50B	3.18269229751619
APP (351)	APP	7.455984709226
DOP1B (9980)	DOP1B	2.65535182861255
URB1 (9875)	URB1	2.67581593117227
AKT1 (207)	AKT1	6.26134275618808
IL19 (29949)	IL19	0
EMP3 (2014)	EMP3	1.57531233068744
SAE1 (10055)	SAE1	7.64932804098478
NTN5 (126147)	NTN5	0.0143552929770701
LMTK3 (114783)	LMTK3	2.16671544496642
GEMIN7 (79760)	GEMIN7	5.56040926636212
CBLC (23624)	CBLC	4.57167680997093
WTIP (126374)	WTIP	1.41683974191283
ADAMTS10 (81794)	ADAMTS10	0.0143552929770701
SLC6A3 (6531)	SLC6A3	0.0143552929770701
RNPEPL1 (57140)	RNPEPL1	4.98322165074267
CAPN10 (11132)	CAPN10	4.54473265593262
MYO1F (4542)	MYO1F	0.356143810225275
NLRP12 (91662)	NLRP12	0.0143552929770701
CACNG8 (59283)	CACNG8	0.124328135002202
ZNF787 (126208)	ZNF787	4.80787007829978
TIMM29 (90580)	TIMM29	3.40871186102943
FBN3 (84467)	FBN3	0
CARM1 (10498)	CARM1	4.78972925137577
EVI5L (115704)	EVI5L	1.50080205305716
TM4SF5 (9032)	TM4SF5	0.613531652917927
SLC47A1 (55244)	SLC47A1	0.344828496997441
PSMB6 (5694)	PSMB6	6.78738022229634
GPR32 (2854)	GPR32	0
SIGLEC10 (89790)	SIGLEC10	0.238786859587116
ACP4 (93650)	ACP4	0.0285691521967709
KLK3 (354)	KLK3	0.189033824390017
ZNF473 (25888)	ZNF473	3.3547342399706
FAM71E1 (112703)	FAM71E1	1.90303827011291
RPS11 (6205)	RPS11	12.5397161964646
PTH2 (113091)	PTH2	0
RPL13A (23521)	RPL13A	12.0821490413539
CTU1 (90353)	CTU1	2.58014548442338
NOSIP (51070)	NOSIP	6.17951105027151
IGLON5 (402665)	IGLON5	0.903038270112912
RCN3 (57333)	RCN3	3.22032995487956
ZNF614 (80110)	ZNF614	3.34340782229781
SLC2A5 (6518)	SLC2A5	0.0143552929770701
RERE (473)	RERE	5.01792190799726
MMEL1 (79258)	MMEL1	3.50207595604579
CFAP74 (85452)	CFAP74	0.0426443374084937
PRDM16 (63976)	PRDM16	0
CELA2A (63036)	CELA2A	0
PADI3 (51702)	PADI3	0.150559676575381
FHAD1 (114827)	FHAD1	0.575312330687437
PADI1 (29943)	PADI1	2.91073266190291
EPHA2 (1969)	EPHA2	5.98913900736823
ARHGEF19 (128272)	ARHGEF19	4.43962313755712
EFHD2 (79180)	EFHD2	6.12845838414693
PEX14 (5195)	PEX14	4.01970191444255
PGD (5226)	PGD	7.23907338337891
MYOM3 (127294)	MYOM3	4.43229133824778
SH3BGRL3 (83442)	SH3BGRL3	7.44923120066949
CNKSR1 (10256)	CNKSR1	4.86195536414487
RPL11 (6135)	RPL11	10.656782364219
IL22RA1 (58985)	IL22RA1	4.61412086878925
ZNF593 (51042)	ZNF593	5.72082566608984
C1orf216 (127703)	C1orf216	3.82984955984469
KIAA0319L (79932)	KIAA0319L	4.89530262133331
EVA1B (55194)	EVA1B	3.11270013274936
C1orf94 (84970)	C1orf94	0
DMRTA2 (63950)	DMRTA2	0
PLK4 (10733)	PLK4	4.76128527336162
MAP3K6 (9064)	MAP3K6	3.04439411935845
FCN3 (8547)	FCN3	0
GPN2 (54707)	GPN2	4.14730669878029
SYTL1 (84958)	SYTL1	3.611172380044
WDTC1 (23038)	WDTC1	3.87872534148011
CELA3A (10136)	CELA3A	0.545968369105293
NBPF3 (84224)	NBPF3	2.5033487351675
HSPG2 (3339)	HSPG2	6.51664555778096
ITGB3BP (23421)	ITGB3BP	5.28132732965948
SERBP1 (26135)	SERBP1	8.21800615028443
BCL10 (8915)	BCL10	3.34908214639109
CYR61 (3491)	CYR61	1.87970576628229
PRKACB (5567)	PRKACB	1.74846123300404
PIGK (10026)	PIGK	3.41142624572647
TINAGL1 (64129)	TINAGL1	6.5461227588578
AZIN2 (113451)	AZIN2	0.0976107966264223
RPS8 (6202)	RPS8	10.8235264691222
KIF2C (11004)	KIF2C	5.18982455888002
PTPRF (5792)	PTPRF	6.72900887033786
BEST4 (266675)	BEST4	0.55581615506164
MOB3C (148932)	MOB3C	2.4594316186373
CYP4B1 (1580)	CYP4B1	0.344828496997441
TMEM61 (199964)	TMEM61	1.05658352836637
DMRTB1 (63948)	DMRTB1	0
LMO4 (8543)	LMO4	6.70887695972314
SYPL2 (284612)	SYPL2	0.0285691521967709
BARHL2 (343472)	BARHL2	0
MTF2 (22823)	MTF2	4.38059093426592
SLC44A3 (126969)	SLC44A3	4.53543091487128
IGSF3 (3321)	IGSF3	3.64500988439109
ZNF697 (90874)	ZNF697	0.748461233004036
CTTNBP2NL (55917)	CTTNBP2NL	3.8499992594661
STRIP1 (85369)	STRIP1	4.03386345186628
KCNA10 (3744)	KCNA10	0
PSMA5 (5686)	PSMA5	6.66220549965362
FNDC7 (163479)	FNDC7	0.0565835283663675
C1orf162 (128346)	C1orf162	0.214124805352847
CD53 (963)	CD53	0.321928094887362
PROK1 (84432)	PROK1	0
CELSR2 (1952)	CELSR2	1.13093086982645
ITGA10 (8515)	ITGA10	0.070389327891398
GPR161 (23432)	GPR161	0.0143552929770701
ALDH9A1 (223)	ALDH9A1	5.38370429247405
ATP1B1 (481)	ATP1B1	7.22216698262345
TIPRL (261726)	TIPRL	3.93073733756289
NME7 (29922)	NME7	4.40122086216022
POGK (57645)	POGK	3.80529245560071
MPC2 (25874)	MPC2	5.07210580048042
CREG1 (8804)	CREG1	4.67976157351685
DCAF6 (55827)	DCAF6	4.99412711400313
GPA33 (10223)	GPA33	1.6959938131099
RXRG (6258)	RXRG	0.0143552929770701
TBX19 (9095)	TBX19	0.925999418556223
UCK2 (7371)	UCK2	6.00674683244058
TMCO1 (54499)	TMCO1	6.05918219921169
XCL1 (6375)	XCL1	0.0285691521967709
XCL2 (6846)	XCL2	0
POU2F1 (5451)	POU2F1	2.46466826700344
MAEL (84944)	MAEL	0
ILDR2 (387597)	ILDR2	0.0565835283663675
DPT (1805)	DPT	0
MGST3 (4259)	MGST3	5.27164977245721
ADCY10 (55811)	ADCY10	0.111031312388744
COP1 (64326)	COP1	4.85299758761332
NECTIN4 (81607)	NECTIN4	3.09761079662642
UFC1 (51506)	UFC1	7.47694867324594
PPOX (5498)	PPOX	3.14893410452634
FCGR2A (2212)	FCGR2A	0
NUF2 (83540)	NUF2	4.10349763970334
RGS5 (8490)	RGS5	1.74846123300404
SDHC (6391)	SDHC	7.51924309436118
PFDN2 (5202)	PFDN2	7.55405157796163
NR1I3 (9970)	NR1I3	0
USP21 (27005)	USP21	4.53791724903408
F13B (2165)	F13B	0.0143552929770701
PRCC (5546)	PRCC	5.21256933885081
FCRL5 (83416)	FCRL5	0
RRNAD1 (51093)	RRNAD1	4.24412594328373
MRPL24 (79590)	MRPL24	6.32948243102564
PIGM (93183)	PIGM	2.47508488294878
CASQ1 (844)	CASQ1	0
ISG20L2 (81875)	ISG20L2	5.38681094647222
CRABP2 (1382)	CRABP2	8.66277517193778
HDGF (3068)	HDGF	8.63687833856624
ABL2 (27)	ABL2	1.68257329734758
XPR1 (9213)	XPR1	2.43562859405209
RGS16 (6004)	RGS16	2.24488705912353
TOR1AIP1 (26092)	TOR1AIP1	3.98002530023873
FAM163A (148753)	FAM163A	0
HMCN1 (83872)	HMCN1	0.111031312388744
RGL1 (23179)	RGL1	0.214124805352847
LYPLAL1 (127018)	LYPLAL1	3.4867143730307
LHX9 (56956)	LHX9	0
PRUNE1 (58497)	PRUNE1	3.62877359520165
RORC (6097)	RORC	0.6959938131099
TUFT1 (7286)	TUFT1	4.12184429787638
SF3B4 (10262)	SF3B4	5.36352154354655
ECM1 (1893)	ECM1	1.35614381022528
ZNF687 (57592)	ZNF687	3.72574115650395
TARS2 (80222)	TARS2	4.39094277280254
CGN (57530)	CGN	4.58315800387441
SNX27 (81609)	SNX27	2.99457972421575
SETDB1 (9869)	SETDB1	4.89044669267991
ADAMTSL4 (54507)	ADAMTSL4	0.298658315564515
MCL1 (4170)	MCL1	6.45220004940622
CTSK (1513)	CTSK	1.28095631383106
RFX5 (5993)	RFX5	4.99186193055632
PI4KB (5298)	PI4KB	4.66562016406638
PIP5K1A (8394)	PIP5K1A	4.55704241526372
ANP32E (81611)	ANP32E	5.81480674309309
MINDY1 (55793)	MINDY1	3.81659970653491
ANXA9 (8416)	ANXA9	4.10349763970334
SELENBP1 (8991)	SELENBP1	4.4093909361377
CERS2 (29956)	CERS2	6.83175059456552
ENSA (2029)	ENSA	7.94327670378143
SEMA6C (10500)	SEMA6C	0.344828496997441
MRPL9 (65005)	MRPL9	6.50858711208948
ARNT (405)	ARNT	3.4995270242151
POGZ (23126)	POGZ	4.53356334821451
C1orf56 (54964)	C1orf56	1.51601514700366
OAZ3 (51686)	OAZ3	1.54101915313356
HORMAD1 (84072)	HORMAD1	0
GOLPH3L (55204)	GOLPH3L	4.84849775538515
GABPB2 (126626)	GABPB2	2.26903314645524
SYT14 (255928)	SYT14	0
KCNH1 (3756)	KCNH1	0.0285691521967709
DTL (51514)	DTL	4.1168637576909
DYRK3 (8444)	DYRK3	0.263034405833794
EIF2D (1939)	EIF2D	5.35790383855249
INTS7 (25896)	INTS7	3.78972925137577
VASH2 (79805)	VASH2	1.67807190511264
TAF1A (9015)	TAF1A	3.52857131887076
SMYD2 (56950)	SMYD2	4.77294133783134
SUSD4 (55061)	SUSD4	0.22650852980868
DUSP10 (11221)	DUSP10	0.650764559116902
HHIPL2 (79802)	HHIPL2	0.27500704749987
TP53BP2 (7159)	TP53BP2	3.77610398807316
ATP8B2 (57198)	ATP8B2	0.55581615506164
FLG2 (388698)	FLG2	0
CRNN (49860)	CRNN	0
ADAM15 (8751)	ADAM15	6.18189764310839
JTB (10899)	JTB	6.7371459197762
RAB13 (5872)	RAB13	5.7279204545632
S100A8 (6279)	S100A8	0
TPM3 (7170)	TPM3	9.6326499265387
NUP210L (91181)	NUP210L	0.0426443374084937
SNAPIN (23557)	SNAPIN	5.2253520607761
SLC27A3 (11000)	SLC27A3	3.55090066464752
S100A7 (6278)	S100A7	0
UBAP2L (9898)	UBAP2L	6.74711881638081
SLC39A1 (27173)	SLC39A1	6.72778434483708
HAX1 (10456)	HAX1	6.00764403087801
CREB3L4 (148327)	CREB3L4	4.36876834909033
EFNA3 (1944)	EFNA3	1.41142624572647
AQP10 (89872)	AQP10	0
KCNN3 (3782)	KCNN3	0.0143552929770701
C1orf43 (25912)	C1orf43	7.42441826594578
GATAD2B (57459)	GATAD2B	2.95977015521147
ILF2 (3608)	ILF2	7.1673177809466
RIT1 (6016)	RIT1	3.65191274464578
INTS3 (65123)	INTS3	4.58556349845569
PKLR (5313)	PKLR	0.0143552929770701
HCN3 (57657)	HCN3	2.26903314645524
FLG (2312)	FLG	0.0285691521967709
ACTA1 (58)	ACTA1	0.0976107966264223
C1orf131 (128061)	C1orf131	4.59275601044103
GALNT2 (2590)	GALNT2	4.38818953715608
TTC13 (79573)	TTC13	3.76022094646651
SCCPDH (51097)	SCCPDH	4.11603199344711
LYST (1130)	LYST	0.815575428862573
MAP3K21 (84451)	MAP3K21	3.20476675065461
CEP170 (9859)	CEP170	3.75702324650746
ACP1 (52)	ACP1	7.30733744308477
SNAP47 (116841)	SNAP47	4.42021289061078
SRP9 (6726)	SRP9	8.18863829456139
NVL (4931)	NVL	4.22881869049588
SDE2 (163859)	SDE2	3.43295940727611
DEGS1 (8560)	DEGS1	2.62058641045188
FBXO28 (23219)	FBXO28	3.72137265947682
ARF1 (375)	ARF1	8.64789009105921
LEFTY2 (7044)	LEFTY2	0
CNIH4 (29097)	CNIH4	5.59454854955035
ITPKB (3707)	ITPKB	1.88362081628567
GUK1 (2987)	GUK1	8.30829351853698
CDC42BPA (8476)	CDC42BPA	3.69710657447697
CNIH3 (149111)	CNIH3	0.66902676550963
C1orf35 (79169)	C1orf35	5.00539998774259
MBOAT2 (129642)	MBOAT2	0.298658315564515
PARP1 (142)	PARP1	6.52246383549226
PSEN2 (5664)	PSEN2	3.13750352374994
PYCR2 (29920)	PYCR2	5.88874324889826
LBR (3930)	LBR	5.8245132973348
WNT9A (7483)	WNT9A	0.0426443374084937
EPHX1 (2052)	EPHX1	5.88459792099006
REN (5972)	REN	2.4594316186373
SOX13 (9580)	SOX13	3.97269265400426
ETNK2 (55224)	ETNK2	0.411426245726465
PPFIA4 (8497)	PPFIA4	0.31034012061215
PLEKHA6 (22874)	PLEKHA6	4.95140129167431
PTPN7 (5778)	PTPN7	3.19534759832222
SYT2 (127833)	SYT2	0.0285691521967709
ARL8A (127829)	ARL8A	3.62410089462811
OSR1 (130497)	OSR1	1.99638874644762
GDF7 (151449)	GDF7	0.0285691521967709
PDIA6 (10130)	PDIA6	7.89615073097656
RHOB (388)	RHOB	4.63865311646611
ATP6V1C2 (245973)	ATP6V1C2	1.36176835941915
HNRNPLL (92906)	HNRNPLL	4.66789212523023
GALM (130589)	GALM	4.14730669878029
CAMKMT (79823)	CAMKMT	3.40599235967584
ABCG8 (64241)	ABCG8	0.0143552929770701
EML4 (27436)	EML4	5.87578006306849
CALM2 (805)	CALM2	9.15681624940132
CHAC2 (494143)	CHAC2	3.5909612413426
RPS27A (6233)	RPS27A	10.9406072456389
WDPCP (51057)	WDPCP	1.18903382439002
VPS54 (51542)	VPS54	3.34766565630097
REG3G (130120)	REG3G	0
ASXL2 (55252)	ASXL2	3.27351588970212
ETAA1 (54465)	ETAA1	2.66448284036468
SNRPG (6637)	SNRPG	8.12179250576921
ABHD1 (84696)	ABHD1	0.333423733725192
MEIS1 (4211)	MEIS1	0.823749360308273
TRIM43B (653192)	TRIM43B	0.0285691521967709
TRIM43 (129868)	TRIM43	0
CIAO1 (9391)	CIAO1	5.97292236422542
ZNF514 (84874)	ZNF514	2.67807190511264
SNRNP200 (23020)	SNRNP200	7.32849542066592
MRPS5 (64969)	MRPS5	6.35438163211332
ANKRD53 (79998)	ANKRD53	0.22650852980868
TPRKB (51002)	TPRKB	6.43245838450987
NAT8 (9027)	NAT8	0
EXOC6B (23233)	EXOC6B	0.879705766282288
SFXN5 (94097)	SFXN5	4.29425313644451
TEX261 (113419)	TEX261	5.53106949272595
DQX1 (165545)	DQX1	1.4594316186373
DUSP11 (8446)	DUSP11	3.91456452349394
ST6GAL2 (84620)	ST6GAL2	0
NPHP1 (4867)	NPHP1	2.31903981556254
MALL (7851)	MALL	5.38577613826941
THNSL2 (55258)	THNSL2	2.19534759832222
RALB (5899)	RALB	6.24317398347295
C1QL2 (165257)	C1QL2	0
TMEM177 (80775)	TMEM177	4.15704371014558
NT5DC4 (284958)	NT5DC4	0.0285691521967709
RABL2A (11159)	RABL2A	2.85399564717639
SLC20A1 (6574)	SLC20A1	4.57470704641555
FBLN7 (129804)	FBLN7	0.070389327891398
ZC3H8 (84524)	ZC3H8	3.30012372456901
LIPT1 (51601)	LIPT1	2.62993940943954
CNGA3 (1261)	CNGA3	0
FAHD2B (151313)	FAHD2B	2.68257329734758
LYG1 (129530)	LYG1	0.432959407276106
AFF3 (3899)	AFF3	0.0143552929770701
UBXN4 (23190)	UBXN4	5.6055535954944
NXPH2 (11249)	NXPH2	0
SPOPL (339745)	SPOPL	3.61706334388818
THSD7B (80731)	THSD7B	0
GPR17 (2840)	GPR17	0.321928094887362
POLR2D (5433)	POLR2D	4.86492897228979
AMMECR1L (83607)	AMMECR1L	3.68144926531496
GALNT13 (114805)	GALNT13	0.0143552929770701
PKP4 (8502)	PKP4	5.90881290773955
SCN1A (6323)	SCN1A	0
SLC4A10 (57282)	SLC4A10	0.0426443374084937
SCRN3 (79634)	SCRN3	3.38818953715608
LNPK (80856)	LNPK	3.40463068421761
ZNF385B (151126)	ZNF385B	0
TMEFF2 (23671)	TMEFF2	0.526068811667588
CDCA7 (83879)	CDCA7	6.04220656012069
DLX1 (1745)	DLX1	0.356143810225275
UBR3 (130507)	UBR3	3.11103131238874
PHOSPHO2 (493911)	PHOSPHO2	2.22958792274065
GULP1 (51454)	GULP1	2.70487196445635
FAM171B (165215)	FAM171B	0.0840642647884745
HSPD1 (3329)	HSPD1	9.29176929931869
CCDC150 (284992)	CCDC150	3.46597446450407
METTL21A (151194)	METTL21A	4.2585189247113
UNC80 (285175)	UNC80	0.0143552929770701
PTH2R (5746)	PTH2R	0.0285691521967709
CPO (130749)	CPO	0
NBEAL1 (65065)	NBEAL1	3.06522762277562
KANSL1L (151050)	KANSL1L	3.4154882710497
SPAG16 (79582)	SPAG16	4.3526172989585
ABCA12 (26154)	ABCA12	0.0143552929770701
SUMF1 (285362)	SUMF1	3.18745105402733
NYAP2 (57624)	NYAP2	0.0285691521967709
RHBDD1 (84236)	RHBDD1	2.44890095114513
ACKR3 (57007)	ACKR3	0.0426443374084937
TRPM8 (79054)	TRPM8	0
HES6 (55502)	HES6	5.12887075946512
ESPNL (339768)	ESPNL	0.0143552929770701
ANKMY1 (51281)	ANKMY1	3.95698592461258
COPS7B (64708)	COPS7B	5.30633516019798
DIS3L2 (129563)	DIS3L2	3.82068956055921
CPNE9 (151835)	CPNE9	0.0426443374084937
FANCD2 (2177)	FANCD2	4.31686980506433
TAMM41 (132001)	TAMM41	3.27947129564447
VGLL4 (9686)	VGLL4	3.86690797814317
RAB5A (5868)	RAB5A	4.00450139223494
RETREG2 (79137)	RETREG2	5.03386345186628
CTDSP1 (58190)	CTDSP1	5.86096279785812
CNOT9 (9125)	CNOT9	4.99457972421575
MARCH4 (57574)	MARCH4	0.0143552929770701
STK11IP (114790)	STK11IP	3.77925972037238
GMPPA (29926)	GMPPA	4.82781902461732
GRIP2 (80852)	GRIP2	0.0285691521967709
EAF1 (85403)	EAF1	3.27649666564036
CNTN4 (152330)	CNTN4	0
DYNC1LI1 (51143)	DYNC1LI1	3.82171021503467
RBMS3 (27303)	RBMS3	0
GADL1 (339896)	GADL1	0
OSBPL10 (114884)	OSBPL10	3.67919857056692
POMGNT2 (84892)	POMGNT2	2.43028527297778
ACKR2 (1238)	ACKR2	0.0143552929770701
FAM198A (729085)	FAM198A	0
CSRNP1 (64651)	CSRNP1	1.87970576628229
SLC25A38 (54977)	SLC25A38	4.12928301694497
ITGA9 (3680)	ITGA9	0.0565835283663675
SLC22A14 (9389)	SLC22A14	0
GOLGA4 (2803)	GOLGA4	3.97269265400426
CTDSPL (10217)	CTDSPL	4.5795422249369
STAC (6769)	STAC	0
IQSEC1 (9922)	IQSEC1	1.57046293102604
CAND2 (23066)	CAND2	0.263034405833794
RPL32 (6161)	RPL32	10.3787283580308
PTPRG (5793)	PTPRG	0.0565835283663675
IL17RD (54756)	IL17RD	0.27500704749987
SHQ1 (55164)	SHQ1	2.79493566280354
SLC25A26 (115286)	SLC25A26	3.82068956055921
UBA3 (9039)	UBA3	5.40463068421761
ARL6IP5 (10550)	ARL6IP5	5.25701061820602
TMF1 (7110)	TMF1	3.09423606984577
LRIG1 (26018)	LRIG1	3.26603689399532
LRTM1 (57408)	LRTM1	0
LIMD1 (8994)	LIMD1	2.59693514238723
ZNF660 (285349)	ZNF660	0.111031312388744
NFKBIZ (64332)	NFKBIZ	5.14526985665051
COL8A1 (1295)	COL8A1	0.0285691521967709
NXPE3 (91775)	NXPE3	1.799087306074
ADGRG7 (84873)	ADGRG7	0.27500704749987
MYH15 (22989)	MYH15	0.16349873228288
PHLDB2 (90102)	PHLDB2	0.321928094887362
ABHD10 (55347)	ABHD10	4.58135124716878
TAGLN3 (29114)	TAGLN3	0
PLA1A (51365)	PLA1A	0.070389327891398
RABL3 (285282)	RABL3	4.29572302453997
ADPRH (141)	ADPRH	0.344828496997441
IGSF11 (152404)	IGSF11	0.0143552929770701
ATG3 (64422)	ATG3	6.17112674665207
NR1I2 (8856)	NR1I2	0.367371065648529
BOC (91653)	BOC	0
SRPRB (58477)	SRPRB	5.07124781946144
TMEM108 (66000)	TMEM108	0
AGTR1 (185)	AGTR1	0
MED12L (116931)	MED12L	0
EIF2A (83939)	EIF2A	6.90520646879571
ALDH1L1 (10840)	ALDH1L1	1.76553474636298
OSBPL11 (114885)	OSBPL11	2.52356195605701
TRPC1 (7220)	TRPC1	0.124328135002202
NCEH1 (57552)	NCEH1	3.62527048937469
SPATA16 (83893)	SPATA16	0
FAM86B2 (653333)	FAM86B2	1.0703893278914
LPP (4026)	LPP	2.31034012061215
TMEM44 (93109)	TMEM44	4.51349074558812
RUBCN (9711)	RUBCN	2.83592407425437
AMT (275)	AMT	2.04614178164472
TCTA (6988)	TCTA	4.02591469875079
NICN1 (84276)	NICN1	1.85996954822103
UCN2 (90226)	UCN2	0.0285691521967709
DCAF1 (9730)	DCAF1	3.80426011563474
MANF (7873)	MANF	6.09127669436522
CCDC39 (339829)	CCDC39	0.31034012061215
STXBP5L (9515)	STXBP5L	0.0426443374084937
EAF2 (55840)	EAF2	2.35895882583233
ILDR1 (286676)	ILDR1	2.03210084316702
TM4SF19 (116211)	TM4SF19	0
MUC4 (4585)	MUC4	0.250961573533219
SLIT2 (9353)	SLIT2	0.0143552929770701
EIF2B5 (8893)	EIF2B5	5.32912359629157
AHSG (197)	AHSG	0.20163386116965
ECE2 (9718)	ECE2	0
VWA5B2 (90113)	VWA5B2	0.367371065648529
DGKQ (1609)	DGKQ	3.89336221076387
FIP1L1 (81608)	FIP1L1	5.44625622988956
SLC26A1 (10861)	SLC26A1	2.42492208821069
LYAR (55646)	LYAR	5.53698537579194
CENPC (1060)	CENPC	2.64385618977472
EPHA5 (2044)	EPHA5	0
CORIN (10699)	CORIN	0.0143552929770701
ATP10D (57205)	ATP10D	0.0840642647884745
OCIAD2 (132299)	OCIAD2	7.77669621391869
SLC10A4 (201780)	SLC10A4	0.137503523749935
SLC10A6 (345274)	SLC10A6	0
SCD5 (79966)	SCD5	0.250961573533219
PLAC8 (51316)	PLAC8	2.85598969730848
ENOPH1 (58478)	ENOPH1	6.13442632022093
CABS1 (85438)	CABS1	0
GC (2638)	GC	0
TRMT10A (93587)	TRMT10A	2.87578006306849
KLHL8 (57563)	KLHL8	2.39780296186249
SNCA (6622)	SNCA	0.20163386116965
PYURF (100996939)	PYURF	5.62146583446014
TBCK (93627)	TBCK	2.93545974780529
CAMK2D (817)	CAMK2D	4.72082566608984
CISD2 (493856)	CISD2	5.60673831741759
DDIT4L (115265)	DDIT4L	0
ANK2 (287)	ANK2	0.22650852980868
TIFA (92610)	TIFA	2.27202318906105
SPATA5 (166378)	SPATA5	1.62760683812965
FABP2 (2169)	FABP2	0.0285691521967709
CCNA2 (890)	CCNA2	5.35508676166836
METTL14 (57721)	METTL14	3.40053792958373
USP53 (54532)	USP53	3.54966917072649
SETD7 (80854)	SETD7	4.42290574261218
NAF1 (92345)	NAF1	3.16027483140859
MARCH1 (55016)	MARCH1	1.32768736417605
SFRP2 (6423)	SFRP2	0
RPS3A (6189)	RPS3A	11.2721631953731
RNF175 (285533)	RNF175	0
PDGFC (56034)	PDGFC	3.64616265715789
CBR4 (84869)	CBR4	2.95046841415012
GLRA3 (8001)	GLRA3	0
CYP4V2 (285440)	CYP4V2	1.72683121703249
ROPN1L (83853)	ROPN1L	0.070389327891398
NDUFS6 (4726)	NDUFS6	7.02713192953823
MARCH6 (10299)	MARCH6	5.98754825895374
NKD2 (85409)	NKD2	2.14404636961671
CDH18 (1016)	CDH18	0
ADAMTS16 (170690)	ADAMTS16	0.0143552929770701
SRD5A1 (6715)	SRD5A1	3.87381319835909
MYO10 (4651)	MYO10	4.77768271707355
OTULINL (54491)	OTULINL	3.98550043030489
RPL37 (6167)	RPL37	11.027284011201
SKP2 (6502)	SKP2	5.3684191550814
OSMR (9180)	OSMR	0.505890929729957
UGT3A1 (133688)	UGT3A1	0.0143552929770701
PLK2 (10769)	PLK2	7.20925839366556
SHISAL2B (100132916)	SHISAL2B	0
GZMA (3001)	GZMA	0
PIK3R1 (5295)	PIK3R1	4.31251996747495
HAPLN1 (1404)	HAPLN1	0
LHFPL2 (10184)	LHFPL2	3.22032995487956
SSBP2 (23635)	SSBP2	1.68706068833989
BHMT (635)	BHMT	0
ANKRD31 (256006)	ANKRD31	0.0565835283663675
IQGAP2 (10788)	IQGAP2	4.03738222200308
CRHBP (1393)	CRHBP	0
RASA1 (5921)	RASA1	4.64558638591361
LIX1 (167410)	LIX1	0
GIN1 (54826)	GIN1	2.44890095114513
PPIP5K2 (23262)	PPIP5K2	3.9297909977186
PAM (5066)	PAM	5.73741636593706
BDP1 (55814)	BDP1	3.40463068421761
GTF2H2 (2966)	GTF2H2	4.27947129564447
SLC30A5 (64924)	SLC30A5	4.5933537709803
BTF3 (689)	BTF3	9.69099319244599
FBXL17 (64839)	FBXL17	3.4032677223393
SPATA9 (83890)	SPATA9	0.070389327891398
TSLP (85480)	TSLP	0
TNFAIP8 (25816)	TNFAIP8	4.5915597458278
FEM1C (56929)	FEM1C	2.67581593117227
COMMD10 (51397)	COMMD10	3.790772037862
ATG12 (9140)	ATG12	4.99729240763651
MEGF10 (84466)	MEGF10	0.111031312388744
ADAMTS19 (171019)	ADAMTS19	0.070389327891398
YIPF5 (81555)	YIPF5	4.46727948045998
ARHGAP26 (23092)	ARHGAP26	3.67694435910691
CXCL14 (9547)	CXCL14	0
LECT2 (3950)	LECT2	0
SLC25A48 (153328)	SLC25A48	0
DDX46 (9879)	DDX46	6.09550251765867
IL9 (3578)	IL9	0
TIMD4 (91937)	TIMD4	0.0426443374084937
RNF145 (153830)	RNF145	4.74092756031863
C1QTNF2 (114898)	C1QTNF2	0.0143552929770701
GABRA6 (2559)	GABRA6	0
GABRB2 (2561)	GABRB2	0
FBXO38 (81545)	FBXO38	3.86195536414487
SPINK7 (84651)	SPINK7	0.0426443374084937
PCYOX1L (78991)	PCYOX1L	1.61823865559545
GLRA1 (2741)	GLRA1	0.0285691521967709
TNIP1 (10318)	TNIP1	5.76633013095037
G3BP1 (10146)	G3BP1	6.49008872394347
ZNF300 (91975)	ZNF300	1.0071955014042
N4BP3 (23138)	N4BP3	0.344828496997441
NHP2 (55651)	NHP2	8.63226821549951
RMND5B (64777)	RMND5B	4.70653055253812
BOD1 (91272)	BOD1	5.20359271420771
CPLX2 (10814)	CPLX2	0.238786859587116
TENM2 (57451)	TENM2	0.0143552929770701
KCNMB1 (3779)	KCNMB1	0
FAM50B (26240)	FAM50B	0
MYLK4 (340156)	MYLK4	0.0840642647884745
FAM217A (222826)	FAM217A	0
TBC1D7 (51256)	TBC1D7	4.56437816856506
FARS2 (10667)	FARS2	3.53605290024021
GFOD1 (54438)	GFOD1	2.26903314645524
CDKAL1 (54901)	CDKAL1	2.71369581484336
PSD2 (84249)	PSD2	0.0143552929770701
LRRTM2 (26045)	LRRTM2	0.111031312388744
ZMAT2 (153527)	ZMAT2	6.76526952069059
GFRA3 (2676)	GFRA3	0
KLHL3 (26249)	KLHL3	1.8073549220576
DCDC2 (51473)	DCDC2	0.0285691521967709
SLC17A4 (10050)	SLC17A4	0.516015147003665
HIST1H2BA (255626)	HIST1H2BA	0
KAAG1 (353219)	KAAG1	0
TRIM7 (81786)	TRIM7	1.93734439215023
TRIM41 (90933)	TRIM41	4.5216789516032
HIGD2A (192286)	HIGD2A	6.78384949167809
FAM193B (54540)	FAM193B	5.17712050284652
PLA2G7 (7941)	PLA2G7	0.0285691521967709
TNFRSF21 (27242)	TNFRSF21	6.19829769486015
RNF44 (22838)	RNF44	5.11103131238874
MUT (4594)	MUT	3.31324585178756
RASGEF1C (255426)	RASGEF1C	0
DOK3 (79930)	DOK3	1.06350294230616
ABT1 (29777)	ABT1	3.79389588254888
PPP1R18 (170954)	PPP1R18	3.01256867350306
DAAM2 (23500)	DAAM2	0
PRIM2 (5558)	PRIM2	3.80219321694183
MLIP (90523)	MLIP	0.189033824390017
HMGCLL1 (54511)	HMGCLL1	0
LGSN (51557)	LGSN	0
FGD2 (221472)	FGD2	0.31034012061215
SCUBE3 (222663)	SCUBE3	0.0285691521967709
ANO7 (50636)	ANO7	1.92219784839637
CRIP3 (401262)	CRIP3	0
TTBK1 (84630)	TTBK1	0.422233000683048
TCTE1 (202500)	TCTE1	0.0285691521967709
RPL7L1 (285855)	RPL7L1	6.20045727142857
NFKBIE (4794)	NFKBIE	2.51601514700366
CYP39A1 (51302)	CYP39A1	1.52105073690096
TPBG (7162)	TPBG	2.68929916053589
IRAK1BP1 (134728)	IRAK1BP1	0.356143810225275
PHIP (55023)	PHIP	3.19534759832222
PRSS35 (167681)	PRSS35	0.176322772640463
MMS22L (253714)	MMS22L	3.73335434061383
FAXC (84553)	FAXC	0
GABRR1 (2569)	GABRR1	0
PNRC1 (10957)	PNRC1	3.83995958748953
PM20D2 (135293)	PM20D2	4.32409051603798
RARS2 (57038)	RARS2	4.67355642399014
SCML4 (256380)	SCML4	0
TBC1D32 (221322)	TBC1D32	1.50080205305716
CLVS2 (134829)	CLVS2	0
GPR6 (2830)	GPR6	0
RNF217 (154214)	RNF217	0.0143552929770701
RSPO3 (84870)	RSPO3	0
ARHGAP18 (93663)	ARHGAP18	4.78607355157855
TAAR2 (9287)	TAAR2	0
TAAR6 (319100)	TAAR6	0
TAAR8 (83551)	TAAR8	0
ABRACL (58527)	ABRACL	5.83339613416323
TAAR1 (134864)	TAAR1	0.0976107966264223
SLC18B1 (116843)	SLC18B1	3.59693514238723
MTFR2 (113115)	MTFR2	3.22650852980868
SLC2A12 (154091)	SLC2A12	1.40599235967584
SHPRH (257218)	SHPRH	2.09761079662642
AIG1 (51390)	AIG1	4.19927972133662
DYNLT1 (6993)	DYNLT1	7.16802018856167
TIAM2 (26230)	TIAM2	1.47508488294878
TMEM181 (57583)	TMEM181	4.11769504266975
PNLDC1 (154197)	PNLDC1	0.0565835283663675
WTAP (9589)	WTAP	5.61500424163503
ZMYM4 (9202)	ZMYM4	3.89820835250872
VIP (7432)	VIP	0
ARMT1 (79624)	ARMT1	4.27947129564447
SLC22A3 (6581)	SLC22A3	1.64616265715789
VWDE (221806)	VWDE	0.0285691521967709
GNA12 (2768)	GNA12	4.72846476509253
C7orf50 (84310)	C7orf50	6.26341005875634
SDK1 (221935)	SDK1	0.0143552929770701
CCZ1B (221960)	CCZ1B	5.23687524536694
C7orf26 (79034)	C7orf26	3.96901230751632
RBAK (57786)	RBAK	2.43028527297778
CREB5 (9586)	CREB5	1.02856915219677
FERD3L (222894)	FERD3L	0
EGFR (1956)	EGFR	3.4594316186373
CDCA5 (113130)	CDCA5	5.93073733756289
IGFBP3 (3486)	IGFBP3	0.31034012061215
PURB (5814)	PURB	4.17791779219584
IGFBP1 (3484)	IGFBP1	0.0565835283663675
SSC4D (136853)	SSC4D	1.01435529297707
MDH2 (4191)	MDH2	7.95309059621739
POMZP3 (22932)	POMZP3	3.16992500144231
NIPSNAP2 (2631)	NIPSNAP2	4.05918219921169
CCT6A (908)	CCT6A	8.14282184411593
PSPH (5723)	PSPH	5.59663703410207
TRIM50 (135892)	TRIM50	0
ZNF92 (168374)	ZNF92	3.00539998774259
ATXN7L1 (222255)	ATXN7L1	2.98185265328974
TMEM168 (64418)	TMEM168	4.86740230572754
ASB15 (142685)	ASB15	0
C7orf43 (55262)	C7orf43	4.07296327155522
SLC12A9 (56996)	SLC12A9	4.99186193055632
GIGYF1 (64599)	GIGYF1	4.67355642399014
TRIM4 (89122)	TRIM4	4.2585189247113
MEPCE (56257)	MEPCE	5.44592529857927
ZAN (7455)	ZAN	0
TMEM209 (84928)	TMEM209	3.70597790168252
AGBL3 (340351)	AGBL3	1.14404636961671
STRA8 (346673)	STRA8	0
ZC3HAV1L (92092)	ZC3HAV1L	2.89917563048051
TMEM140 (55281)	TMEM140	3.54966917072649
TLK2 (11011)	TLK2	4.13750352374993
EPHA1 (2041)	EPHA1	5.16108148227718
NOM1 (64434)	NOM1	4.12018602753186
CNPY1 (285888)	CNPY1	0.189033824390017
NCAPG2 (54892)	NCAPG2	5.56742375770728
ASB10 (136371)	ASB10	0.0285691521967709
NLGN4X (57502)	NLGN4X	0.0143552929770701
SHROOM2 (357)	SHROOM2	0.0143552929770701
RAB19 (401409)	RAB19	1.31614574229336
LUC7L2 (51631)	LUC7L2	6.52512925120397
DENND2A (27147)	DENND2A	0
CLTRN (57393)	CLTRN	0.238786859587116
SH3KBP1 (30011)	SH3KBP1	5.15785216914174
TMEM47 (83604)	TMEM47	0.0143552929770701
LANCL3 (347404)	LANCL3	0.214124805352847
SYTL5 (94122)	SYTL5	1.28688114778816
CASK (8573)	CASK	3.22650852980868
KDM6A (7403)	KDM6A	3.57167680997093
SPIN2A (54466)	SPIN2A	0.687060688339892
MSN (4478)	MSN	7.10276309662559
AKAP4 (8852)	AKAP4	0
CCNB3 (85417)	CCNB3	0.214124805352847
HDAC8 (55869)	HDAC8	4.67129337248158
SLC16A2 (6567)	SLC16A2	0.0285691521967709
CXorf36 (79742)	CXorf36	0.0143552929770701
ZNF157 (7712)	ZNF157	0
ZNF182 (7569)	ZNF182	1.65535182861255
CHST7 (56548)	CHST7	0.31034012061215
KRBOX4 (55634)	KRBOX4	3.20789285164133
NDUFB11 (54539)	NDUFB11	6.73687542290827
ZNF41 (7592)	ZNF41	2.33342373372519
RAB41 (347517)	RAB41	0.214124805352847
ZMYM3 (9203)	ZMYM3	3.87970576628229
TAF1 (6872)	TAF1	4.74685018309805
GPR174 (84636)	GPR174	0
NONO (4841)	NONO	8.27206985934139
CCDC120 (90060)	CCDC120	3.82680268428583
LPAR4 (2846)	LPAR4	0
EBP (10682)	EBP	7.09127669436522
AWAT2 (158835)	AWAT2	0
OGT (8473)	OGT	6.11790278909403
SNX12 (29934)	SNX12	5.38474058729238
ITGB1BP2 (26548)	ITGB1BP2	1.35614381022528
IL2RG (3561)	IL2RG	0.432959407276106
GCNA (93953)	GCNA	1.93734439215023
ZNF711 (7552)	ZNF711	2.1407786557828
CPXCR1 (53336)	CPXCR1	0
DIAPH2 (1730)	DIAPH2	2.61823865559545
NXF3 (56000)	NXF3	0
RIPPLY1 (92129)	RIPPLY1	0
PRPS1 (5631)	PRPS1	6.02569327368077
CXorf57 (55086)	CXorf57	0.0285691521967709
FRMPD3 (84443)	FRMPD3	0.0426443374084937
HTR2C (3358)	HTR2C	0.0143552929770701
DOCK11 (139818)	DOCK11	0.321928094887362
IGSF1 (3547)	IGSF1	1.15055967657538
ARHGAP36 (158763)	ARHGAP36	0
GPC3 (2719)	GPC3	1.11103131238874
GPR119 (139760)	GPR119	0
RBMX (27316)	RBMX	7.77142344075664
MCPH1 (79648)	MCPH1	1.85598969730848
MFHAS1 (9258)	MFHAS1	3.89141918684608
FBXO25 (26260)	FBXO25	2.21412480535285
FATE1 (89885)	FATE1	0
MAGEA4 (4103)	MAGEA4	0.367371065648529
NSDHL (50814)	NSDHL	6.06458110919057
ZNF185 (7739)	ZNF185	2.97636363573276
CETN2 (1069)	CETN2	5.88362081628567
RPL10 (6134)	RPL10	12.2446016877368
CSGALNACT1 (55790)	CSGALNACT1	0.389566811762726
ATP6V1B2 (526)	ATP6V1B2	3.51727569320958
CCDC25 (55246)	CCDC25	3.53356334821451
HMBOX1 (79618)	HMBOX1	1.78240856492737
CHRNB3 (1142)	CHRNB3	0
CHRNA6 (8973)	CHRNA6	0
GNRH1 (2796)	GNRH1	0.75702324650746
BIN3 (55909)	BIN3	3.40053792958373
DOK2 (9046)	DOK2	0
SLC25A37 (51312)	SLC25A37	4.07895134139482
CHMP7 (91782)	CHMP7	3.42223300068305
DOCK5 (80005)	DOCK5	2.72027846523333
STAR (6770)	STAR	0.0285691521967709
PLPBP (11212)	PLPBP	3.84899843040002
ERLIN2 (11160)	ERLIN2	3.31179371775365
SNTG1 (54212)	SNTG1	0
PXDNL (137902)	PXDNL	0.0143552929770701
ST18 (9705)	ST18	0.176322772640463
RGS20 (8601)	RGS20	0.0565835283663675
TACC1 (6867)	TACC1	3.56437816856506
GOLGA7 (51125)	GOLGA7	3.46336088581666
PLPP5 (84513)	PLPP5	3.35614381022528
GINS4 (84296)	GINS4	2.55336050333533
NSD3 (54904)	NSD3	3.14404636961671
DNAJC5B (85479)	DNAJC5B	0
CRH (1392)	CRH	0
TRIM55 (84675)	TRIM55	0.0285691521967709
ADHFE1 (137872)	ADHFE1	0.333423733725192
MRPS28 (28957)	MRPS28	5.57046293102604
PMP2 (5375)	PMP2	0
LACTB2 (51110)	LACTB2	6.06458110919057
PRDM14 (63978)	PRDM14	0
TERF1 (7013)	TERF1	4.10181813422741
RPL7 (6129)	RPL7	11.6778957841284
SLC26A7 (115111)	SLC26A7	0
PSKH2 (85481)	PSKH2	0
ATP6V0D2 (245972)	ATP6V0D2	0
SYBU (55638)	SYBU	4.69821847822441
DPYS (1807)	DPYS	0.0976107966264223
MTDH (92140)	MTDH	5.21179097625254
LRP12 (29967)	LRP12	1.64154602908752
EBAG9 (9166)	EBAG9	4.29204549249286
RSPO2 (340419)	RSPO2	0
POLR2K (5440)	POLR2K	6.61072958653471
MAL2 (114569)	MAL2	8.61842221158905
EIF3H (8667)	EIF3H	10.0248626268633
UTP23 (84294)	UTP23	5.01747656302046
NDUFB9 (4715)	NDUFB9	9.52622534560588
TATDN1 (83940)	TATDN1	7.25587835258279
FAM83A (84985)	FAM83A	2.6959938131099
GSDMC (56169)	GSDMC	0.0285691521967709
FAM135B (51059)	FAM135B	0
ZNF7 (7553)	ZNF7	4.07895134139482
ARHGAP39 (80728)	ARHGAP39	2.48542682717024
SLC39A4 (55630)	SLC39A4	4.97727992349992
NAPRT (93100)	NAPRT	7.3169602873649
VLDLR (7436)	VLDLR	1.67807190511264
AK3 (50808)	AK3	4.91981677005279
UHRF2 (115426)	UHRF2	4.14486214291573
NFIB (4781)	NFIB	2.87184364850932
CER1 (9350)	CER1	0
PLIN2 (123)	PLIN2	2.72900887033786
IFNA5 (3442)	IFNA5	0
HAUS6 (54801)	HAUS6	3.4369613378336
CDKN2B (1030)	CDKN2B	2.47248777146274
IFNA16 (3449)	IFNA16	0
CDKN2A (1029)	CDKN2A	7.49265437101891
C9orf72 (203228)	C9orf72	1.49569516262407
IFNK (56832)	IFNK	0.0426443374084937
ZCCHC7 (84186)	ZCCHC7	3.21412480535285
FBXO10 (26267)	FBXO10	1.29278174922785
SIGMAR1 (10280)	SIGMAR1	6.98891186495402
CBWD5 (220869)	CBWD5	5.07382023329167
CEP78 (84131)	CEP78	3.42492208821069
NTRK2 (4915)	NTRK2	0
IDNK (414328)	IDNK	2.56559717585422
SHC3 (53358)	SHC3	0.0426443374084937
AUH (549)	AUH	4.2585189247113
MFSD14B (84641)	MFSD14B	4.88410945135923
C9orf3 (84909)	C9orf3	3.7235585614721
PLPPR1 (54886)	PLPPR1	0.0976107966264223
OR13C4 (138804)	OR13C4	0
ZNF462 (58499)	ZNF462	0.176322772640463
INIP (58493)	INIP	3.77399632511117
UGCG (7357)	UGCG	3.33485426933163
ACTL7B (10880)	ACTL7B	0.0143552929770701
SNX30 (401548)	SNX30	1.94110631094643
STOM (2040)	STOM	0.356143810225275
GSN (2934)	GSN	6.90568784852686
MRRF (92399)	MRRF	5.55182359572126
NR6A1 (2649)	NR6A1	1.61823865559545
CRB2 (286204)	CRB2	0.604071323668861
OR5C1 (392391)	OR5C1	0
ALAD (210)	ALAD	4.72301239639237
ASTN2 (23245)	ASTN2	1.24488705912353
WDR31 (114987)	WDR31	1.26303440583379
POLE3 (54107)	POLE3	6.6347384599158
SURF4 (6836)	SURF4	6.74725311426696
GBGT1 (26301)	GBGT1	0.0976107966264223
SURF1 (6834)	SURF1	4.49633451341711
SURF2 (6835)	SURF2	5.02680005934372
SURF6 (6838)	SURF6	4.62117275268344
MED22 (6837)	MED22	4.75702324650746
REXO4 (57109)	REXO4	5.10810622368613
RPL7A (6130)	RPL7A	11.2758335100135
GTF3C5 (9328)	GTF3C5	5.82323984413102
ASB6 (140459)	ASB6	3.8499992594661
PTGES2 (80142)	PTGES2	6.90110824301451
NTMT1 (28989)	NTMT1	5.5668151540109
CIZ1 (25792)	CIZ1	6.29774167849137
SLC25A25 (114789)	SLC25A25	4.08151006812092
SH3GLB2 (56904)	SH3GLB2	5.70238050161552
MIGA2 (84895)	MIGA2	4.45022149589718
PTGES (9536)	PTGES	0.773996325111173
LCN2 (3934)	LCN2	7.25635023792402
LRSAM1 (90678)	LRSAM1	3.25398926623079
HMCN2 (256158)	HMCN2	0
GPR107 (57720)	GPR107	4.18507363787676
PAXX (286257)	PAXX	5.66419836929191
IDI2 (91734)	IDI2	0
INPP5E (56623)	INPP5E	3.03386345186628
LCN9 (392399)	LCN9	0
SEC16A (9919)	SEC16A	5.56864019541922
DPH7 (92715)	DPH7	4.81455042346181
NOTCH1 (4851)	NOTCH1	3.68818035858693
CACNA1B (774)	CACNA1B	0.0143552929770701
NACC2 (138151)	NACC2	3.31179371775365
PROSER2 (254427)	PROSER2	4.13586316536868
USP6NL (9712)	USP6NL	3.44228003525258
COMMD3 (23412)	COMMD3	4.41345868800798
MSRB2 (22921)	MSRB2	3.68257329734758
PDSS1 (23590)	PDSS1	3.88655014732434
FAM171A1 (221061)	FAM171A1	0.0840642647884745
MINDY3 (80013)	MINDY3	3.26603689399532
SLC39A12 (221074)	SLC39A12	0
TMEM236 (653567)	TMEM236	0.0285691521967709
RSU1 (6251)	RSU1	4.38266725274504
ST8SIA6 (338596)	ST8SIA6	0
PARD3 (56288)	PARD3	4.34624777408278
ANKRD30A (91074)	ANKRD30A	0.176322772640463
ZEB1 (6935)	ZEB1	0.176322772640463
FAM13C (220965)	FAM13C	0
NRBF2 (29982)	NRBF2	3.64038956005495
A1CF (29974)	A1CF	0.0976107966264223
CDHR1 (92211)	CDHR1	0.070389327891398
LRIT1 (26103)	LRIT1	0
RGR (5995)	RGR	0
POLR3A (11128)	POLR3A	3.44493204894218
HERC4 (26091)	HERC4	4.13093086982645
LRMDA (83938)	LRMDA	0
CAMK2G (818)	CAMK2G	5.23227701026829
ADIRF (10974)	ADIRF	1.66448284036468
GLUD1 (2746)	GLUD1	6.27965700653368
ANKRD1 (27063)	ANKRD1	0.0426443374084937
HTR7 (3363)	HTR7	0
RPP30 (10556)	RPP30	5.36352154354655
FRA10AC1 (118924)	FRA10AC1	3.17791779219584
ADD3 (120)	ADD3	6.10915157917052
HABP2 (3026)	HABP2	0.0976107966264223
VAX1 (11023)	VAX1	0
DNAJB12 (54788)	DNAJB12	4.32768736417605
EIF4EBP2 (1979)	EIF4EBP2	4.60584986719498
NPFFR1 (64106)	NPFFR1	1.33342373372519
PLEKHS1 (79949)	PLEKHS1	0.070389327891398
TCF7L2 (6934)	TCF7L2	4.90881290773955
MKI67 (4288)	MKI67	6.09740010731741
CYP17A1 (1586)	CYP17A1	0
INA (9118)	INA	0.0143552929770701
FUOM (282969)	FUOM	4.71094415457587
LRRC27 (80313)	LRRC27	2.50080205305716
MTG1 (92170)	MTG1	4.61176256006487
NKX6-2 (84504)	NKX6-2	0.0143552929770701
PAOX (196743)	PAOX	1.16992500144231
GSTO1 (9446)	GSTO1	7.29379348912139
TAF5 (6877)	TAF5	2.05311133645956
PPRC1 (23082)	PPRC1	4.86839045305445
ITPRIP (85450)	ITPRIP	2.05311133645956
CNNM2 (54805)	CNNM2	1.84398384404833
PDCD11 (22984)	PDCD11	4.62527048937469
ADAM12 (8038)	ADAM12	0.0143552929770701
RGS10 (6001)	RGS10	2.41142624572647
BTBD10 (84280)	BTBD10	4.41616416473313
ADM (133)	ADM	2.40053792958373
GAS2 (2620)	GAS2	1.65535182861255
SLC5A12 (159963)	SLC5A12	0
LIN7C (55327)	LIN7C	3.89530262133331
LRRC4C (57689)	LRRC4C	0
IMMP1L (196294)	IMMP1L	5.17232749165762
SAA4 (6291)	SAA4	0
PGAP2 (27315)	PGAP2	5.65506555119503
TUT1 (64852)	TUT1	4.53977919169849
SCGB1A1 (7356)	SCGB1A1	0
SYT8 (90019)	SYT8	3.62293035092018
ZNF214 (7761)	ZNF214	1.58496250072116
ZNF215 (7762)	ZNF215	2.62058641045188
HSD17B12 (51144)	HSD17B12	6.36684673526264
APIP (51074)	APIP	5.62964804418744
PAMR1 (25891)	PAMR1	0
DGKZ (8525)	DGKZ	5.53262865751717
EIF3M (10480)	EIF3M	8.91587937883577
TNKS1BP1 (85456)	TNKS1BP1	6.19613488076516
GLYAT (10249)	GLYAT	0
SERPING1 (710)	SERPING1	0
OR5F1 (338674)	OR5F1	0
SSRP1 (6749)	SSRP1	7.95686979831631
SLC43A1 (8501)	SLC43A1	5.2098432305255
PTPRJ (5795)	PTPRJ	3.01613970265525
C11orf49 (79096)	C11orf49	4.89433274227769
ARFGAP2 (84364)	ARFGAP2	6.56376827845203
CELF1 (10658)	CELF1	5.62993940943954
HIKESHI (51501)	HIKESHI	5.28281043957256
CCDC81 (60494)	CCDC81	0.432959407276106
SESN3 (143686)	SESN3	0.20163386116965
ENDOD1 (23052)	ENDOD1	3.85996954822103
CCDC82 (79780)	CCDC82	4.18189764310839
KLHL35 (283212)	KLHL35	2.8011586560937
TENM4 (26011)	TENM4	0.0143552929770701
SERPINH1 (871)	SERPINH1	6.01212167271222
CAPN5 (726)	CAPN5	4.17951105027151
INTS4 (92105)	INTS4	4.22958792274065
PAK1 (5058)	PAK1	6.10810622368613
RPS3 (6188)	RPS3	12.5831297906949
ZC3H12C (85463)	ZC3H12C	0.389566811762726
TTC12 (54970)	TTC12	3.41006969175638
NCAM1 (4684)	NCAM1	0.0840642647884745
DRD2 (1813)	DRD2	0.124328135002202
C11orf52 (91894)	C11orf52	3.14893410452634
HTR3B (9177)	HTR3B	0
NPAT (4863)	NPAT	3.08406426478847
ATM (472)	ATM	4.37781785308364
AASDHPPT (60496)	AASDHPPT	4.63807383718072
GLB1L2 (89944)	GLB1L2	5.79181407116183
SLX4IP (128710)	SLX4IP	1.40053792958373
LAMTOR1 (55004)	LAMTOR1	6.33234990037387
P4HA3 (283208)	P4HA3	0.150559676575381
GRIK4 (2900)	GRIK4	0.0143552929770701
ST14 (6768)	ST14	7.27761287075669
HYOU1 (10525)	HYOU1	6.71011763204345
GGTLC1 (92086)	GGTLC1	0
ADAM33 (80332)	ADAM33	0.0143552929770701
SLC22A8 (9376)	SLC22A8	0.0976107966264223
KAT14 (57325)	KAT14	2.34766565630097
TKFC (26007)	TKFC	5.538227739736
MTA2 (9219)	MTA2	6.68032435684402
TMEM138 (51524)	TMEM138	5.21723071622067
FADS1 (3992)	FADS1	1.97085365434048
TMC2 (117532)	TMC2	0
ROM1 (6094)	ROM1	2.76765479823735
EML3 (256364)	EML3	5.26190685982807
INCENP (3619)	INCENP	5.41987593042219
ZP1 (22917)	ZP1	0
OOSP2 (219990)	OOSP2	0
MS4A3 (932)	MS4A3	0.0565835283663675
PLCH2 (9651)	PLCH2	0.970853654340484
CPSF7 (79869)	CPSF7	6.25398926623079
MS4A2 (2206)	MS4A2	0
B3GAT3 (26229)	B3GAT3	4.67072705449947
EI24 (9538)	EI24	7.2064283351813
CCDC15 (80071)	CCDC15	0.863938450423971
CHEK1 (1111)	CHEK1	5.89093302170554
FEZ1 (9638)	FEZ1	0.214124805352847
ESAM (90952)	ESAM	4.59036248846375
KIRREL3 (84623)	KIRREL3	1.17632277264046
MPZL2 (10205)	MPZL2	5.16349873228288
SCN2B (6327)	SCN2B	0
SIDT2 (51092)	SIDT2	4.69097573834328
TMEM25 (84866)	TMEM25	1.53605290024021
TAGLN (6876)	TAGLN	3.55213110825378
JPH2 (57158)	JPH2	0.0143552929770701
DUSP15 (128853)	DUSP15	0.070389327891398
COMMD7 (149951)	COMMD7	5.18150015170461
C20orf144 (128864)	C20orf144	0.613531652917927
KIAA1755 (85449)	KIAA1755	0.0143552929770701
SPATA25 (128497)	SPATA25	1.54101915313356
OCSTAMP (128506)	OCSTAMP	0
DSN1 (79980)	DSN1	4.62702310555406
SOGA1 (140710)	SOGA1	0.659924558402378
CNBD2 (140894)	CNBD2	2.85798099512757
SPINT4 (391253)	SPINT4	0
CDH22 (64405)	CDH22	0.0285691521967709
LSM14B (149986)	LSM14B	5.53294028837287
YTHDF1 (54915)	YTHDF1	5.28058520256447
CABLES2 (81928)	CABLES2	2.98185265328974
LTO1 (220064)	LTO1	4.61588707391606
GPHA2 (170589)	GPHA2	0
SLC22A9 (114571)	SLC22A9	0.0285691521967709
TRPT1 (83707)	TRPT1	5.67383905599044
NUDT22 (84304)	NUDT22	5.88971689161508
FERMT3 (83706)	FERMT3	2.57046293102604
PLCB3 (5331)	PLCB3	5.19219416528334
MRPL49 (740)	MRPL49	6.32786697140204
CDC42EP2 (10435)	CDC42EP2	3.47118746038699
FAU (2197)	FAU	9.61669586253392
TM7SF2 (7108)	TM7SF2	5.12887075946512
VPS51 (738)	VPS51	6.67736729213605
TBX6 (6911)	TBX6	1.15055967657538
PPP4C (5531)	PPP4C	7.01368556992865
ALDOA (226)	ALDOA	9.99774402605963
FAM57B (83723)	FAM57B	0.0565835283663675
DOC2A (8448)	DOC2A	0
HIRIP3 (8479)	HIRIP3	3.94579495674006
TAOK2 (9344)	TAOK2	4.69376571221778
TMEM219 (124446)	TMEM219	5.86863738417031
HMGA2 (8091)	HMGA2	3.11935617703968
MMP3 (4314)	MMP3	0.0426443374084937
CNKSR2 (22866)	CNKSR2	0
CNTN5 (53942)	CNTN5	0
KLRF1 (51348)	KLRF1	0
CLEC1A (51267)	CLEC1A	0
MKX (283078)	MKX	0.0285691521967709
MPP7 (143098)	MPP7	1.78240856492737
ITGB1 (3688)	ITGB1	7.40207407351685
FXYD4 (53828)	FXYD4	0.622930350920177
TRIM48 (79097)	TRIM48	0
OR8K1 (390157)	OR8K1	0
OR5M9 (390162)	OR5M9	0
PCDH15 (65217)	PCDH15	0.070389327891398
CTF1 (1489)	CTF1	0.0285691521967709
CWC15 (51503)	CWC15	5.79701297783614
FCGR1A (2209)	FCGR1A	0.0426443374084937
ARID5B (84159)	ARID5B	2.93168305705981
KLHL1 (57626)	KLHL1	0
CDH8 (1006)	CDH8	0
DCUN1D2 (55208)	DCUN1D2	4.34340782229781
TMCO3 (55002)	TMCO3	5.08023127201926
TMEM218 (219854)	TMEM218	4.87381319835909
TIRAP (114609)	TIRAP	3.5197934862411
EEF1AKMT1 (221143)	EEF1AKMT1	3.5033487351675
LATS2 (26524)	LATS2	2.58014548442338
SAP18 (10284)	SAP18	6.75288236627309
ADGRL3 (23284)	ADGRL3	0.0143552929770701
KIAA1328 (57536)	KIAA1328	1.44890095114513
FAM124A (220108)	FAM124A	0.0285691521967709
HNMT (3176)	HNMT	5.12804589092299
LYPD1 (116372)	LYPD1	0.389566811762726
LYPD6B (130576)	LYPD6B	1.03562390973072
PDCD4 (27250)	PDCD4	5.65191274464578
ADRA2A (150)	ADRA2A	2.55336050333533
GPM6A (2823)	GPM6A	0.124328135002202
WDR17 (116966)	WDR17	0.0285691521967709
SPATA4 (132851)	SPATA4	0
VEGFC (7424)	VEGFC	0.0143552929770701
CCDC102B (79839)	CCDC102B	0.790772037862
CD226 (10666)	CD226	0.0565835283663675
CNDP1 (84735)	CNDP1	0.0976107966264223
FSIP1 (161835)	FSIP1	1.13750352374994
DLG2 (1740)	DLG2	0.594548549550354
CCDC83 (220047)	CCDC83	0.0143552929770701
RGS18 (64407)	RGS18	0.0143552929770701
PRSS23 (11098)	PRSS23	2.49569516262407
MTMR12 (54545)	MTMR12	3.76765479823735
PPP1R1C (151242)	PPP1R1C	1.27500704749987
C11orf53 (341032)	C11orf53	2.66220549965362
CCT5 (22948)	CCT5	9.0000845304361
FAM173B (134145)	FAM173B	4.22650852980868
DOCK1 (1793)	DOCK1	3.99729240763651
DIXDC1 (85458)	DIXDC1	1.66902676550963
DLAT (1737)	DLAT	5.24336442569366
PIH1D2 (120379)	PIH1D2	1.65992455840238
NKAPD1 (55216)	NKAPD1	4.65191274464578
TIMM8B (26521)	TIMM8B	6.90797221133397
IL18 (3606)	IL18	2.11769504266975
TEX12 (56158)	TEX12	0.356143810225275
PTS (5805)	PTS	5.21994291395413
PIP4K2A (5305)	PIP4K2A	2.59454854955035
C2orf50 (130813)	C2orf50	0.0840642647884745
FREM2 (341640)	FREM2	1.28688114778816
FOXO1 (2308)	FOXO1	2.29572302453997
CRIM1 (51232)	CRIM1	3.05484847699562
SEC24D (9871)	SEC24D	3.55826763405574
ABCB9 (23457)	ABCB9	1.77399632511117
RILPL2 (196383)	RILPL2	1.83187724119167
DHX37 (57647)	DHX37	4.21800615028443
UBC (7316)	UBC	9.19886244175813
ITPR1 (3708)	ITPR1	0.739848102699327
TKTL2 (84076)	TKTL2	0
PRSS53 (339105)	PRSS53	1.06350294230616
SLC7A11 (23657)	SLC7A11	4.06522762277562
NOCT (25819)	NOCT	1.81966818349646
ENKUR (219670)	ENKUR	0.0976107966264223
GPR158 (57512)	GPR158	1.93734439215023
LYZL2 (119180)	LYZL2	0
CACNA2D4 (93589)	CACNA2D4	1.11103131238874
DCP1B (196513)	DCP1B	1.74416109557041
CACNA1C (775)	CACNA1C	0
KCNA6 (3742)	KCNA6	0
THRB (7068)	THRB	0.773996325111173
NGLY1 (55768)	NGLY1	3.799087306074
OXSM (54995)	OXSM	3.68594014844598
UEVLD (55293)	UEVLD	3.85798099512757
TMEM86A (144110)	TMEM86A	0.871843648509318
C12orf45 (121053)	C12orf45	4.06091204958787
TMEM263 (90488)	TMEM263	3.55581615506164
BTBD11 (121551)	BTBD11	0.0565835283663675
UBE3B (89910)	UBE3B	4.00270252037982
ANK3 (288)	ANK3	3.60880924267552
IPMK (253430)	IPMK	1.89917563048051
RAD9B (144715)	RAD9B	0.31034012061215
PLBD2 (196463)	PLBD2	3.25096157353322
DLG5 (9231)	DLG5	4.11519974938544
MAT1A (4143)	MAT1A	0.0143552929770701
SLC2A13 (114134)	SLC2A13	0.75702324650746
GXYLT1 (283464)	GXYLT1	2.50080205305716
TWF1 (5756)	TWF1	5.96947286459633
DIP2C (22982)	DIP2C	1.28688114778816
EIF4E (1977)	EIF4E	7.38586240064146
MAGI1 (9223)	MAGI1	3.21412480535285
TEX30 (93081)	TEX30	4.34978987024187
CSNK1G3 (1456)	CSNK1G3	4.28688114778816
SRFBP1 (153443)	SRFBP1	3.09423606984577
AKAP6 (9472)	AKAP6	0.903038270112912
NPAS3 (64067)	NPAS3	0.0426443374084937
FAM177A1 (283635)	FAM177A1	4.83289001416474
MBIP (51562)	MBIP	3.799087306074
MIPOL1 (145282)	MIPOL1	0.978195629681652
EXT2 (2132)	EXT2	4.93262815702213
TMEM18 (129787)	TMEM18	4.23266075679027
ALLC (55821)	ALLC	0
KCTD14 (65987)	KCTD14	3.34056226902641
THRSP (7069)	THRSP	0
NDUFC2 (4718)	NDUFC2	8.28757387417716
ME3 (10873)	ME3	2.28983446517751
MSGN1 (343930)	MSGN1	0
ADAMTS12 (81792)	ADAMTS12	0.0143552929770701
NUBPL (80224)	NUBPL	2.48284828306847
NEK7 (140609)	NEK7	3.62993940943954
ATP6V1G3 (127124)	ATP6V1G3	0
FER (2241)	FER	1.58976348698498
VIPAS39 (63894)	VIPAS39	3.06350294230616
ANKRD50 (57182)	ANKRD50	2.4032677223393
UPF2 (26019)	UPF2	5.18070484019556
CDC123 (8872)	CDC123	7.26753579806874
SCLT1 (132320)	SCLT1	3.26002565596146
CCDC3 (83643)	CCDC3	0
C4orf33 (132321)	C4orf33	3.46074256378964
FRMD4A (55691)	FRMD4A	1.24488705912353
SLC25A31 (83447)	SLC25A31	0
PTPRO (5800)	PTPRO	2.08065766334523
EPS8 (2059)	EPS8	5.95768248616512
ACAD8 (27034)	ACAD8	4.9500017490835
THYN1 (29087)	THYN1	5.62556273996637
VPS26B (112936)	VPS26B	4.67976157351685
NCAPD3 (23310)	NCAPD3	5.9518675043269
VTI1A (143187)	VTI1A	4.02059109477325
QDPR (5860)	QDPR	4.64616265715789
FAM160B1 (57700)	FAM160B1	1.51096191927738
ANO4 (121601)	ANO4	0
TEX9 (374618)	TEX9	1.97819562968165
QTRT2 (79691)	QTRT2	4.5837597536395
DRD3 (1814)	DRD3	0
MMAA (166785)	MMAA	2.22342254993494
ZNF827 (152485)	ZNF827	2.80322703643493
POU4F2 (5458)	POU4F2	0
EDNRA (1909)	EDNRA	0.0285691521967709
NR3C2 (4306)	NR3C2	0.863938450423971
AKR1C2 (1646)	AKR1C2	3.56315813040281
DPYSL4 (10570)	DPYSL4	0.0285691521967709
VENTX (27287)	VENTX	0
ADAM8 (101)	ADAM8	3.75274859140713
ITIH2 (3698)	ITIH2	0.0285691521967709
KIN (22944)	KIN	2.44360665147561
PIGF (5281)	PIGF	3.39917109381982
ANKAR (150709)	ANKAR	1.61353165291793
INPP1 (3628)	INPP1	5.09339115325301
MFSD6 (54842)	MFSD6	4.34340782229781
RNF144A (9781)	RNF144A	0.0840642647884745
ASAP2 (8853)	ASAP2	4.97131362406888
ADAM17 (6868)	ADAM17	3.95419631038688
FLI1 (2313)	FLI1	0.0143552929770701
KCNJ1 (3758)	KCNJ1	0
TMEM45B (120224)	TMEM45B	5.05050169744673
WWC2 (80014)	WWC2	1.90303827011291
CENPU (79682)	CENPU	4.71094415457587
ACSL1 (2180)	ACSL1	4.50716034911752
SLC25A4 (291)	SLC25A4	3.39643353125099
AMN1 (196394)	AMN1	2.611172380044
BICD1 (636)	BICD1	3.68929916053589
SAV1 (60485)	SAV1	3.78345665436024
CCDC122 (160857)	CCDC122	2.56071495447448
SERP2 (387923)	SERP2	2.35614381022528
NBAS (51594)	NBAS	3.45285896471381
ZNF385D (79750)	ZNF385D	0
TDO2 (6999)	TDO2	0.367371065648529
GUF1 (60558)	GUF1	4.24944534108584
SLC35F4 (341880)	SLC35F4	0
GABRA2 (2555)	GABRA2	0.238786859587116
SACS (26278)	SACS	1.60407132366886
CCDC175 (729665)	CCDC175	0.111031312388744
PABPC3 (5042)	PABPC3	0.75702324650746
CENPJ (55835)	CENPJ	4.07210580048042
FBXO4 (26272)	FBXO4	2.71808758396052
TMEM267 (64417)	TMEM267	3.59454854955035
CCL28 (56477)	CCL28	1.4541758931858
PARP8 (79668)	PARP8	2.98550043030489
GFRA1 (2674)	GFRA1	0.0285691521967709
CACUL1 (143384)	CACUL1	3.25701061820602
DST (667)	DST	4.82781902461732
BEND6 (221336)	BEND6	0
TIAL1 (7073)	TIAL1	6.18189764310839
BAG3 (9531)	BAG3	4.24412594328373
GLT1D1 (144423)	GLT1D1	0
TMEM132D (121256)	TMEM132D	0
RBM46 (166863)	RBM46	0
SCHIP1 (29970)	SCHIP1	0
MCHR2 (84539)	MCHR2	0
KCNE4 (23704)	KCNE4	0.0285691521967709
AP1S3 (130340)	AP1S3	4.64038956005495
RABGAP1L (9910)	RABGAP1L	4.39643353125099
CCDC74B (91409)	CCDC74B	0.389566811762726
TMEM56 (148534)	TMEM56	1.29278174922785
MZT2B (80097)	MZT2B	6.80503443985454
TUBA3E (112714)	TUBA3E	0
ASTN1 (460)	ASTN1	0
CFC1B (653275)	CFC1B	0
FAM168B (130074)	FAM168B	5.91934008244201
PTPN14 (5784)	PTPN14	2.72465027173297
MGAT5 (4249)	MGAT5	4.83390207666916
TMEM163 (81615)	TMEM163	0.0565835283663675
GPATCH11 (253635)	GPATCH11	2.34482849699744
HSPB8 (26353)	HSPB8	0.124328135002202
GEMIN6 (79833)	GEMIN6	3.26153081524341
TMEM178A (130733)	TMEM178A	0.150559676575381
POU4F1 (5457)	POU4F1	0.0143552929770701
RNF219 (79596)	RNF219	3.53729606709084
CYSLTR2 (57105)	CYSLTR2	0
GRID2 (2895)	GRID2	0
ARL11 (115761)	ARL11	0.20163386116965
RIT2 (6014)	RIT2	0
SETBP1 (26040)	SETBP1	0.0143552929770701
ARL14EP (120534)	ARL14EP	3.67016051412663
EPG5 (57724)	EPG5	2.58014548442338
PSTPIP2 (9050)	PSTPIP2	0.0426443374084937
ATP5F1A (498)	ATP5F1A	8.26021388677142
HAUS1 (115106)	HAUS1	5.07424852334703
C18orf25 (147339)	C18orf25	2.68929916053589
SPC25 (57405)	SPC25	4.33485426933163
G6PC2 (57818)	G6PC2	0
PDK1 (5163)	PDK1	2.67581593117227
PTH (5741)	PTH	0
PDE3B (5140)	PDE3B	3.28243980500639
TCF7L1 (83439)	TCF7L1	0.250961573533219
TGOLN2 (10618)	TGOLN2	6.3231899010884
SH2D6 (284948)	SH2D6	0.53605290024021
KCNK13 (56659)	KCNK13	0
UHMK1 (127933)	UHMK1	4.2502036564993
ATG10 (83734)	ATG10	2.16992500144231
POC5 (134359)	POC5	3.6724253419715
SPOCK1 (6695)	SPOCK1	0.214124805352847
FAM151B (167555)	FAM151B	0.516015147003665
TADA1 (117143)	TADA1	2.94673086014031
GUCY1A2 (2977)	GUCY1A2	0
CWF19L2 (143884)	CWF19L2	2.99276843076892
JMY (133746)	JMY	2.11103131238874
HOMER1 (9456)	HOMER1	2.32481060342048
XRCC4 (7518)	XRCC4	4.01524777369894
BOLL (66037)	BOLL	0.111031312388744
ZNF547 (284306)	ZNF547	0.863938450423971
ZNF773 (374928)	ZNF773	2.68929916053589
ZNF776 (284309)	ZNF776	3.60644222813161
ZNF256 (10172)	ZNF256	0
SUV39H2 (79723)	SUV39H2	3.71149490665009
DCLRE1C (64421)	DCLRE1C	3.20476675065461
OLAH (55301)	OLAH	0
RPP38 (10557)	RPP38	4.39711840904258
NMT2 (9397)	NMT2	3.16027483140859
ZSCAN1 (284312)	ZSCAN1	0
ZNF837 (116412)	ZNF837	1.32192809488736
USP12 (219333)	USP12	5.03165985430805
CCDC50 (152137)	CCDC50	4.17712050284652
CAMK4 (814)	CAMK4	0.0143552929770701
TRIM36 (55521)	TRIM36	0.22650852980868
ZFP36L2 (678)	ZFP36L2	5.38093719492782
PAN3 (255967)	PAN3	4.73226919950145
PLEKHH2 (130271)	PLEKHH2	1.790772037862
PFKM (5213)	PFKM	5.8497491172824
TMEM123 (114908)	TMEM123	7.40198877508416
GRIA4 (2893)	GRIA4	0.0143552929770701
IGSF10 (285313)	IGSF10	1.41142624572647
SPEF2 (79925)	SPEF2	1.87578006306849
SPARCL1 (8404)	SPARCL1	0.0285691521967709
DSPP (1834)	DSPP	0
DMP1 (1758)	DMP1	0.0285691521967709
MEPE (56955)	MEPE	0
MBNL1 (4154)	MBNL1	6.07767027423275
CAPSL (133690)	CAPSL	0.0840642647884745
NADK2 (133686)	NADK2	3.98367769469807
GPD1L (23171)	GPD1L	2.50080205305716
GJA1 (2697)	GJA1	0.111031312388744
CCNO (10309)	CCNO	2.75488750216347
DDX4 (54514)	DDX4	0
CLEC4F (165530)	CLEC4F	0.0426443374084937
SLC30A6 (55676)	SLC30A6	3.43429461795993
PELO (53918)	PELO	3.94110631094643
RASGRP3 (25780)	RASGRP3	0.0976107966264223
SAR1B (51128)	SAR1B	5.02014657311178
CATSPER3 (347732)	CATSPER3	0.321928094887362
GPR180 (160897)	GPR180	2.0071955014042
TCTEX1D1 (200132)	TCTEX1D1	0
WDR78 (79819)	WDR78	0.687060688339892
ANKRD22 (118932)	ANKRD22	3.3533232911629
FARP1 (10160)	FARP1	5.01925711868108
IFIT5 (24138)	IFIT5	1.06350294230616
SLC16A12 (387700)	SLC16A12	0.0285691521967709
PANK1 (53354)	PANK1	2.97452931248388
PRDM8 (56978)	PRDM8	2.36176835941915
BMP3 (651)	BMP3	0
HNRNPDL (9987)	HNRNPDL	7.65349000917199
HHEX (3087)	HHEX	1.22032995487956
UTRN (7402)	UTRN	3.66106547980695
GRM1 (2911)	GRM1	0
PTPRK (5796)	PTPRK	5.41717741190639
GGPS1 (9453)	GGPS1	4.5795422249369
CNTNAP4 (85445)	CNTNAP4	0
ZNF117 (51351)	ZNF117	0.963474123974886
RAB3C (115827)	RAB3C	0.0143552929770701
LMNTD1 (160492)	LMNTD1	0
MARVELD2 (153562)	MARVELD2	3.20163386116965
RAD17 (5884)	RAD17	3.60050764534579
MED21 (9412)	MED21	4.95837871156634
PLOD2 (5352)	PLOD2	4.22187708107703
STK32B (55351)	STK32B	0.0565835283663675
NRSN1 (140767)	NRSN1	0
JAKMIP1 (152789)	JAKMIP1	0
ZIC1 (7545)	ZIC1	0.0143552929770701
ADGRA3 (166647)	ADGRA3	4.24031432933371
CPB1 (1360)	CPB1	0
SREK1IP1 (285672)	SREK1IP1	3.49697358099828
LGI2 (55203)	LGI2	0
CWC27 (10283)	CWC27	4.8444860877578
MR1 (3140)	MR1	0.622930350920177
SRP19 (6728)	SRP19	5.93097382556291
CENPH (64946)	CENPH	5.21101219348551
CDYL (9425)	CDYL	4.11353381959191
CARHSP1 (23589)	CARHSP1	6.66775023243043
TEKT5 (146279)	TEKT5	0.20163386116965
BANK1 (55024)	BANK1	1.63691458035588
TXNDC11 (51061)	TXNDC11	4.30158764660319
DAB2 (1601)	DAB2	2.39231742277876
ACMSD (130013)	ACMSD	0.0426443374084937
ACOXL (55289)	ACOXL	0.903038270112912
BCL2L11 (10018)	BCL2L11	2.63923216324928
ANAPC1 (64682)	ANAPC1	4.91790907385298
CAST (831)	CAST	4.98458935036246
SCOC (60592)	SCOC	5.18150015170461
CLGN (1047)	CLGN	0.263034405833794
CETN3 (1070)	CETN3	4.790772037862
SMARCA5 (8467)	SMARCA5	4.94345253855882
SYCP2L (221711)	SYCP2L	0.070389327891398
BMP6 (654)	BMP6	0.0426443374084937
RGPD3 (653489)	RGPD3	0.0840642647884745
RASSF3 (283349)	RASSF3	5.47638168756724
HNRNPU (3192)	HNRNPU	8.18482576490725
RANBP2 (5903)	RANBP2	4.28169825009883
AHCTF1 (25909)	AHCTF1	4.36667191611176
MERTK (10461)	MERTK	0.298658315564515
TMEM87B (84910)	TMEM87B	3.97452931248388
OR14K1 (343170)	OR14K1	0
PTPRR (5801)	PTPRR	0.66902676550963
NR4A2 (4929)	NR4A2	1.46988597627446
CCDC148 (130940)	CCDC148	0.739848102699327
PLA2R1 (22925)	PLA2R1	3.06522762277562
RBMS1 (5937)	RBMS1	3.31759350462347
SCN3A (6328)	SCN3A	0
FEZF2 (55079)	FEZF2	0
CD96 (10225)	CD96	0.263034405833794
SLC25A27 (9481)	SLC25A27	3.23112515787905
ADGRF1 (266977)	ADGRF1	3.24184018356467
ADGRF4 (221393)	ADGRF4	0.687060688339892
FRMD1 (79981)	FRMD1	0
FAM49B (51571)	FAM49B	7.08533966935737
ASAP1 (50807)	ASAP1	4.49185309632967
TRAPPC8 (22878)	TRAPPC8	3.36457243229586
FAM81B (153643)	FAM81B	0.0285691521967709
INO80C (125476)	INO80C	4.31759350462347
LPCAT1 (79888)	LPCAT1	5.55090066464752
PLEKHG4B (153478)	PLEKHG4B	0.070389327891398
NMRAL1 (57407)	NMRAL1	5.47540919340106
UBALD1 (124402)	UBALD1	4.68088692071969
C16orf89 (146556)	C16orf89	0.176322772640463
TMEM251 (26175)	TMEM251	4.13093086982645
ING1 (3621)	ING1	4.40190347160796
TEX29 (121793)	TEX29	0.0840642647884745
SPACA7 (122258)	SPACA7	0
ADPRHL1 (113622)	ADPRHL1	1.74846123300404
CMTM7 (112616)	CMTM7	3.91934008244201
FBXL2 (25827)	FBXL2	0.298658315564515
UBP1 (7342)	UBP1	5.06910063192283
RMND5A (64795)	RMND5A	4.27724089833207
CD8A (925)	CD8A	0.0143552929770701
RPIA (22934)	RPIA	5.47832471148503
GOLGA8F (100132565)	GOLGA8F	0
PTPRD (5789)	PTPRD	0.0143552929770701
LURAP1L (286343)	LURAP1L	2.85798099512757
CNKSR3 (154043)	CNKSR3	1.37851162325373
GTF2E1 (2960)	GTF2E1	3.1811025507538
CFDP1 (10428)	CFDP1	5.49569516262407
TGIF2LX (90316)	TGIF2LX	0
ZDHHC7 (55625)	ZDHHC7	5.00315244866692
FAM92B (339145)	FAM92B	0
C7orf31 (136895)	C7orf31	0.344828496997441
TMPRSS11D (9407)	TMPRSS11D	0.0285691521967709
JAZF1 (221895)	JAZF1	0.20163386116965
CMIP (80790)	CMIP	4.31034012061215
SPHKAP (80309)	SPHKAP	0
KCNJ16 (3773)	KCNJ16	0.0426443374084937
PID1 (55022)	PID1	0
TRIP12 (9320)	TRIP12	5.69682846458871
FBXO36 (130888)	FBXO36	0.704871964456353
CEBPG (1054)	CEBPG	4.94673086014031
KCTD15 (79047)	KCTD15	3.70154905694307
ZNF599 (148103)	ZNF599	2.11769504266975
MCOLN2 (255231)	MCOLN2	0.0285691521967709
LGI4 (163175)	LGI4	0.0565835283663675
DDAH1 (23576)	DDAH1	5.57500972029495
SREK1 (140890)	SREK1	5.72164607841839
CHD1 (1105)	CHD1	4.23266075679027
ANKFN1 (162282)	ANKFN1	0.150559676575381
DGKE (8526)	DGKE	2.37016428054021
HS2ST1 (9653)	HS2ST1	4.16430358309365
MSI2 (124540)	MSI2	5.27202318906105
CACNA2D1 (781)	CACNA2D1	0.0143552929770701
ZUP1 (221302)	ZUP1	3.20633064787105
HS3ST3A1 (9955)	HS3ST3A1	0.0143552929770701
GDPD1 (284161)	GDPD1	0.839959587489532
NUS1 (116150)	NUS1	4.54966917072649
SEMA3D (223117)	SEMA3D	0.0143552929770701
PPP2R5E (5529)	PPP2R5E	3.10601323762212
ASB17 (127247)	ASB17	0
GRAP (10750)	GRAP	0.321928094887362
SLC5A10 (125206)	SLC5A10	0.0285691521967709
AK5 (26289)	AK5	0.0426443374084937
CABYR (26256)	CABYR	0.495695162624069
IMPACT (55364)	IMPACT	2.74631276642546
ANKRD29 (147463)	ANKRD29	1.65992455840238
SDHAF4 (135154)	SDHAF4	3.01970191444255
CHST9 (83539)	CHST9	0
THY1 (7070)	THY1	0.0976107966264223
DNAAF1 (123872)	DNAAF1	0.189033824390017
C16orf74 (404550)	C16orf74	5.24450655139592
TBCEL (219899)	TBCEL	2.22650852980868
JPH3 (57338)	JPH3	0.124328135002202
ANKH (56172)	ANKH	4.62058641045188
OTULIN (90268)	OTULIN	3.38128337250378
UBASH3B (84959)	UBASH3B	2.72246602447109
ROBO4 (54538)	ROBO4	0.0976107966264223
ROBO3 (64221)	ROBO3	1.29865831556452
PANX3 (116337)	PANX3	0
TBRG1 (84897)	TBRG1	4.06091204958787
NRGN (4900)	NRGN	4.10097764772482
RETREG1 (54463)	RETREG1	0.31034012061215
CDH12 (1010)	CDH12	0.0143552929770701
GPR15 (2838)	GPR15	0
TOMM70 (9868)	TOMM70	5.27500704749987
ABI3BP (25890)	ABI3BP	0.250961573533219
ANGPT1 (284)	ANGPT1	1.75274859140713
PITPNC1 (26207)	PITPNC1	4.97544676564096
CC2D1B (200014)	CC2D1B	3.64385618977472
CERS3 (204219)	CERS3	0
PRKCA (5578)	PRKCA	2.95419631038688
LRRK1 (79705)	LRRK1	3.8011586560937
CEP112 (201134)	CEP112	0.863938450423971
GAL3ST2 (64090)	GAL3ST2	0.0285691521967709
ABCA9 (10350)	ABCA9	0
ABCA6 (23460)	ABCA6	0.0143552929770701
ABCA10 (10349)	ABCA10	1.11769504266975
ABCA5 (23461)	ABCA5	1.33913738491959
ENPP3 (5169)	ENPP3	0.0143552929770701
C4orf19 (55286)	C4orf19	4.60644222813161
UCHL1 (7345)	UCHL1	1.23878685958712
MIA3 (375056)	MIA3	4.68594014844598
DISP1 (84976)	DISP1	1.0071955014042
TNIK (23043)	TNIK	3.64616265715789
FAM167A (83648)	FAM167A	0.0565835283663675
NEIL2 (252969)	NEIL2	1.68706068833989
PGM5 (5239)	PGM5	1.03562390973072
WNT3A (89780)	WNT3A	0
OBSCN (84033)	OBSCN	2.43295940727611
LONRF1 (91694)	LONRF1	1
TRIM11 (81559)	TRIM11	4.67581593117227
ENAH (55740)	ENAH	5.01747656302046
PPP1R3A (5506)	PPP1R3A	0
CCSAP (126731)	CCSAP	2.05658352836637
ASZ1 (136991)	ASZ1	0
SH3RF1 (57630)	SH3RF1	2.9429835981871
GBP5 (115362)	GBP5	0.0565835283663675
BUB3 (9184)	BUB3	7.43646170318241
GPR26 (2849)	GPR26	0
CCDC173 (129881)	CCDC173	0.111031312388744
MMP21 (118856)	MMP21	0
C10orf90 (118611)	C10orf90	0
FAM69A (388650)	FAM69A	0.526068811667588
ATP5MC3 (518)	ATP5MC3	8.08815219989215
CNTNAP3B (728577)	CNTNAP3B	0.632268215499513
MAGED4 (728239)	MAGED4	0.16349873228288
SRSF12 (135295)	SRSF12	0.070389327891398
PDLIM3 (27295)	PDLIM3	0
SORBS2 (8470)	SORBS2	2.17632277264046
ELOC (6921)	ELOC	6.44774448211255
LY96 (23643)	LY96	0.0976107966264223
PSMA8 (143471)	PSMA8	0
TMSB4Y (9087)	TMSB4Y	0
CXADR (1525)	CXADR	3.52732060787705
BTG3 (10950)	BTG3	2.877744249949
C21orf91 (54149)	C21orf91	1.40599235967584
CHODL (140578)	CHODL	0.0285691521967709
TMPRSS15 (5651)	TMPRSS15	0
NCAM2 (4685)	NCAM2	0
L3MBTL4 (91133)	L3MBTL4	0.0143552929770701
PDE1C (5137)	PDE1C	0.124328135002202
RABGEF1 (27342)	RABGEF1	4.28392177230762
MRPL39 (54148)	MRPL39	5.29020320512607
JAM2 (58494)	JAM2	0.0426443374084937
ATP5PF (522)	ATP5PF	7.29011102897417
GABPA (2551)	GABPA	3.16188768237689
ADAMTS1 (9510)	ADAMTS1	0.0426443374084937
ADAMTS5 (11096)	ADAMTS5	0
TSEN2 (80746)	TSEN2	4.18665901720211
SLFN13 (146857)	SLFN13	0.0143552929770701
WNT7A (7476)	WNT7A	0.0143552929770701
XPC (7508)	XPC	3.22187708107703
CCDC174 (51244)	CCDC174	2.4032677223393
FGD5 (152273)	FGD5	0.0285691521967709
FLCN (201163)	FLCN	3.59454854955035
DPH3 (285381)	DPH3	2.78868571061353
OXNAD1 (92106)	OXNAD1	2.60644222813161
PLCL2 (23228)	PLCL2	2.06004738366994
CXXC1 (30827)	CXXC1	5.24564777363675
SKA1 (220134)	SKA1	3.1407786557828
PPP4R1 (9989)	PPP4R1	4.43362716708478
APCDD1 (147495)	APCDD1	0.250961573533219
PIEZO2 (63895)	PIEZO2	0.189033824390017
MPPE1 (65258)	MPPE1	4.22958792274065
USP43 (124739)	USP43	2.55826763405574
RAB6B (51560)	RAB6B	0.250961573533219
EME1 (146956)	EME1	3.33485426933163
EPHB1 (2047)	EPHB1	0.0285691521967709
ACSS1 (84532)	ACSS1	5.3077927961299
ANKRD40 (91369)	ANKRD40	3.8499992594661
ZNF18 (7566)	ZNF18	1.20163386116965
CA10 (56934)	CA10	0.0976107966264223
VOPP1 (81552)	VOPP1	6.12556845177803
SEPT14 (346288)	SEPT14	0
APOOL (139322)	APOOL	2.90881290773955
DKK2 (27123)	DKK2	0
CYP2U1 (113612)	CYP2U1	0.516015147003665
RSPH10B (222967)	RSPH10B	0
FBXL18 (80028)	FBXL18	2.81147103052984
CNTNAP5 (129684)	CNTNAP5	0
PROM2 (150696)	PROM2	5.19455988602261
AK9 (221264)	AK9	2.51349074558812
ODF1 (4956)	ODF1	0
KLF10 (7071)	KLF10	4.43762724831895
PTPRN2 (5799)	PTPRN2	0.16349873228288
AZIN1 (51582)	AZIN1	5.46793154602629
ATP6V1C1 (528)	ATP6V1C1	4.39848719001897
PIP4P2 (55529)	PIP4P2	2.53106949272595
OTUD6B (51633)	OTUD6B	4.36106648879432
CDK19 (23097)	CDK19	2.97452931248388
GTF3C6 (112495)	GTF3C6	6.12412131182919
TTC39B (158219)	TTC39B	1.32768736417605
AGPAT5 (55326)	AGPAT5	3.38956681176273
MMS19 (64210)	MMS19	5.39677601078753
OR4K1 (79544)	OR4K1	0
PI4K2A (55361)	PI4K2A	2.97636363573276
MARVELD1 (83742)	MARVELD1	4.27052894238072
ZFYVE27 (118813)	ZFYVE27	4.33127526714661
GOLGA7B (401647)	GOLGA7B	0.31034012061215
GPR78 (27201)	GPR78	0
TRMT44 (152992)	TRMT44	3.18428029441938
SLC25A28 (81894)	SLC25A28	4.26903314645524
HSPA13 (6782)	HSPA13	2.92219784839637
SAMSN1 (64092)	SAMSN1	0.070389327891398
USP25 (29761)	USP25	3.12763327972587
GRAMD2B (65983)	GRAMD2B	2.49569516262407
ZCCHC10 (54819)	ZCCHC10	4.89627184880738
C16orf87 (388272)	C16orf87	2.49825086752783
MOV10 (4343)	MOV10	5.33378150063115
RHOC (389)	RHOC	7.69863522129434
PPM1J (333926)	PPM1J	0.641546029087524
DBI (1622)	DBI	9.02790599656988
SLC16A1 (6566)	SLC16A1	5.50589092972996
HEATR3 (55027)	HEATR3	3.66220549965362
TRIM74 (378108)	TRIM74	0
NIFK (84365)	NIFK	5.47929524299885
OXA1L (5018)	OXA1L	5.62263756653746
SLC7A7 (9056)	SLC7A7	3.61823865559545
MAGEC1 (9947)	MAGEC1	0.0143552929770701
LARP1 (23367)	LARP1	6.63430284166251
CNOT8 (9337)	CNOT8	5.42088657497553
GRIA1 (2890)	GRIA1	0
LRGUK (136332)	LRGUK	0.0285691521967709
SETD9 (133383)	SETD9	3.13750352374994
MIER3 (166968)	MIER3	2.78240856492737
NUP205 (23165)	NUP205	6.15360269614038
ZKSCAN2 (342357)	ZKSCAN2	0.985500430304885
C9orf85 (138241)	C9orf85	3.9429835981871
XAGE2 (9502)	XAGE2	0
PIK3AP1 (118788)	PIK3AP1	1.90303827011291
RBM45 (129831)	RBM45	2.97819562968165
TTN (7273)	TTN	0
VSIG4 (11326)	VSIG4	0
PDIA4 (9601)	PDIA4	7.5546655887347
KDM8 (79831)	KDM8	1.52105073690096
PDZD9 (255762)	PDZD9	0.0426443374084937
OTOA (146183)	OTOA	0.0143552929770701
KCTD18 (130535)	KCTD18	2.31034012061215
FAM126B (285172)	FAM126B	1.92599941855622
ALS2CR12 (130540)	ALS2CR12	0.176322772640463
C2CD6 (151254)	C2CD6	0
TMEM237 (65062)	TMEM237	3.82578562746479
FZD7 (8324)	FZD7	2.37851162325373
SPAG17 (200162)	SPAG17	0.238786859587116
DEPTOR (64798)	DEPTOR	2.56559717585422
FMN2 (56776)	FMN2	0
RNF20 (56254)	RNF20	4.06953032516231
CYLC2 (1539)	CYLC2	0
PPARGC1B (133522)	PPARGC1B	1.46988597627446
ELMO1 (9844)	ELMO1	0.505890929729957
SLC26A2 (1836)	SLC26A2	1.21412480535285
LSM11 (134353)	LSM11	2.04614178164472
MED7 (9443)	MED7	3.54966917072649
SAXO1 (158297)	SAXO1	0
RRAGA (10670)	RRAGA	5.40599235967584
SLC24A2 (25769)	SLC24A2	0
TRIM42 (287015)	TRIM42	0.0143552929770701
PXYLP1 (92370)	PXYLP1	3.01435529297707
ADCY8 (114)	ADCY8	0
RASA2 (5922)	RASA2	2.09423606984577
RMND1 (55005)	RMND1	3.71808758396052
RAET1L (154064)	RAET1L	1.38956681176273
SLA (6503)	SLA	0
TMBIM4 (51643)	TMBIM4	5.9923152518612
VBP1 (7411)	VBP1	6.43812647955095
RAB39B (116442)	RAB39B	0
CLIC2 (1193)	CLIC2	0.22650852980868
AFF2 (2334)	AFF2	0.0143552929770701
MICU3 (286097)	MICU3	0.0143552929770701
GRIP1 (23426)	GRIP1	0.505890929729957
VPS37A (137492)	VPS37A	2.37573453858316
KIF5A (3798)	KIF5A	0.0426443374084937
NAT2 (10)	NAT2	0.070389327891398
MAGEA8 (4107)	MAGEA8	0.0426443374084937
PSD3 (23362)	PSD3	1.70929063572336
CARNMT1 (138199)	CARNMT1	3.30742852519225
MCU (90550)	MCU	4.31251996747495
ELMSAN1 (91748)	ELMSAN1	3.54225804976692
CFAP70 (118491)	CFAP70	0.298658315564515
GNA14 (9630)	GNA14	1.78240856492737
FAM161B (145483)	FAM161B	0.432959407276106
GNAQ (2776)	GNAQ	3.12763327972587
WIF1 (11197)	WIF1	0.070389327891398
UGT2B4 (7363)	UGT2B4	0.0426443374084937
GPR61 (83873)	GPR61	0.0285691521967709
MMP16 (4325)	MMP16	0
ADK (132)	ADK	5.15502057835857
KCNMA1 (3778)	KCNMA1	0.263034405833794
BATF (10538)	BATF	0.516015147003665
DCK (1633)	DCK	4.16832111573972
ADAMTS3 (9508)	ADAMTS3	0
ALX3 (257)	ALX3	0
DPY19L4 (286148)	DPY19L4	4.21878116778407
NDUFAF6 (137682)	NDUFAF6	3.5197934862411
DRAM2 (128338)	DRAM2	5.50969584193339
C8orf37 (157657)	C8orf37	0.933572638261024
PPEF2 (5470)	PPEF2	0
CFAP161 (161502)	CFAP161	0.0565835283663675
ADAMTSL3 (57188)	ADAMTSL3	0
ART3 (419)	ART3	0
SLC28A1 (9154)	SLC28A1	0.176322772640463
WHAMM (123720)	WHAMM	2.49825086752783
CXCL13 (10563)	CXCL13	0.0426443374084937
N6AMT1 (29104)	N6AMT1	2.42223300068305
RWDD2B (10069)	RWDD2B	3.74631276642546
USP16 (10600)	USP16	4.05137210172103
CCT8 (10694)	CCT8	7.48446041312882
MAP3K7CL (56911)	MAP3K7CL	1.72683121703249
NAA11 (84779)	NAA11	0
BACH1 (571)	BACH1	3.19692173382033
CLDN17 (26285)	CLDN17	0
CLDN8 (9073)	CLDN8	0.0143552929770701
TSPAN7 (7102)	TSPAN7	0.070389327891398
TIAM1 (7074)	TIAM1	0.0143552929770701
SCAF4 (57466)	SCAF4	3.71149490665009
RPGR (6103)	RPGR	2.10433665981474
CDK20 (23552)	CDK20	2.09423606984577
PCGF6 (84108)	PCGF6	2.37016428054021
ANKRD9 (122416)	ANKRD9	2.29572302453997
SFR1 (119392)	SFR1	2.62760683812965
SORCS3 (22986)	SORCS3	0
SFXN2 (118980)	SFXN2	4.43895814789755
ATP5MPL (9556)	ATP5MPL	6.69613295522708
FUT6 (2528)	FUT6	0.124328135002202
TDRD9 (122402)	TDRD9	0.0143552929770701
FGF18 (8817)	FGF18	0.31034012061215
PCDH1 (5097)	PCDH1	4.61412086878925
SH3RF2 (153769)	SH3RF2	3.31903981556254
GDF6 (392255)	GDF6	0
UQCRB (7381)	UQCRB	8.32183792362943
MTERF3 (51001)	MTERF3	3.31903981556254
PTDSS1 (9791)	PTDSS1	6.42071818337442
PPP2R2B (5521)	PPP2R2B	0.137503523749935
RPL30 (6156)	RPL30	11.6017243689016
KCNS2 (3788)	KCNS2	0.0565835283663675
FAM122C (159091)	FAM122C	1.72246602447109
SUPV3L1 (6832)	SUPV3L1	4.92647391125607
FAM122B (159090)	FAM122B	4.8414699994658
EEF1A1 (1915)	EEF1A1	13.168813121834
FBXO43 (286151)	FBXO43	0.0565835283663675
HKDC1 (80201)	HKDC1	4.37503943134692
HK1 (3098)	HK1	5.78371855779037
TYSND1 (219743)	TYSND1	3.59454854955035
PHF6 (84295)	PHF6	3.93545974780529
CD109 (135228)	CD109	0.0426443374084937
LRFN2 (57497)	LRFN2	0
NODAL (4838)	NODAL	0.111031312388744
PRG3 (10394)	PRG3	0
UBE2L6 (9246)	UBE2L6	0.454175893185802
ZDHHC5 (25921)	ZDHHC5	5.57682443127748
MED19 (219541)	MED19	4.74416109557041
ZFAND3 (60685)	ZFAND3	4.90977310414164
NPTN (27020)	NPTN	6.6564963705535
KAT6B (23522)	KAT6B	3.37989816352469
SAMD8 (142891)	SAMD8	2.16027483140859
RAB11FIP1 (80223)	RAB11FIP1	2.31324585178756
UNC5D (137970)	UNC5D	0
GLYATL2 (219970)	GLYATL2	0
UTP14A (10813)	UTP14A	4.80219321694183
AIFM1 (9131)	AIFM1	5.81583156646482
MAPK13 (5603)	MAPK13	5.93168305705981
BAG4 (9530)	BAG4	1.60880924267552
MS4A1 (931)	MS4A1	0.137503523749935
TBC1D31 (93594)	TBC1D31	4.21023299009585
WDYHV1 (55093)	WDYHV1	5.14689956034359
ATAD2 (29028)	ATAD2	6.32463061526719
FBXO32 (114907)	FBXO32	4.01256867350306
NSMCE2 (286053)	NSMCE2	6.05093696522523
ZNF689 (115509)	ZNF689	2.18269229751619
PRR14 (78994)	PRR14	4.14893410452634
FBRS (64319)	FBRS	4.96069703930431
FRRS1 (391059)	FRRS1	2.55581615506164
PHKG2 (5261)	PHKG2	4.88264304936184
MFSD14A (64645)	MFSD14A	4.54596836910529
SASS6 (163786)	SASS6	2.8011586560937
COX6A2 (1339)	COX6A2	0
ITGAD (3681)	ITGAD	0
ADGRG4 (139378)	ADGRG4	0
ZIC3 (7547)	ZIC3	0
MALSU1 (115416)	MALSU1	5.80915716469159
VPS8 (23355)	VPS8	3.25550073314839
GALK2 (2585)	GALK2	4.98777561614291
LHFPL4 (375323)	LHFPL4	0.0285691521967709
B3GNT7 (93010)	B3GNT7	0.321928094887362
MPV17L (255027)	MPV17L	0
BUB1B (701)	BUB1B	5.59842476052772
PDE6D (5147)	PDE6D	3.72900887033786
EIF4A2 (1974)	EIF4A2	7.98612646417927
BRPF1 (7862)	BRPF1	3.29865831556452
RPUSD3 (285367)	RPUSD3	4.36457243229586
SST (6750)	SST	0.0976107966264223
TATDN2 (9797)	TATDN2	3.68032435684402
GHRL (51738)	GHRL	0
SEC13 (6396)	SEC13	6.07767027423275
EXOG (9941)	EXOG	1.98913900736823
NTAN1 (123803)	NTAN1	3.55336050333533
SHCBP1L (81626)	SHCBP1L	0
NMNAT2 (23057)	NMNAT2	0
ZFYVE9 (9372)	ZFYVE9	2.04264433740849
ATP2B2 (491)	ATP2B2	0.0143552929770701
LYZL4 (131375)	LYZL4	0
SLC6A1 (6529)	SLC6A1	0
SMG1 (23049)	SMG1	4.44426950241348
FCHO2 (115548)	FCHO2	2.95419631038688
RBPMS (11030)	RBPMS	3.68481873755322
TMEM171 (134285)	TMEM171	0.321928094887362
KLHL40 (131377)	KLHL40	0
C8A (731)	C8A	0
TIMP4 (7079)	TIMP4	1.16992500144231
SYN2 (6854)	SYN2	0
NRG1 (3084)	NRG1	0
ODR4 (54953)	ODR4	3.70818723602071
CPT2 (1376)	CPT2	4.13010717865883
NECAP2 (55707)	NECAP2	5.16832111573972
LRP8 (7804)	LRP8	5.92576211367192
CDCP2 (200008)	CDCP2	0
PAXIP1 (22976)	PAXIP1	3.96716860753263
STEAP2 (261729)	STEAP2	2.27798474729977
SSBP3 (23648)	SSBP3	4.31397137105902
HTR5A (3361)	HTR5A	0
CLDN12 (9069)	CLDN12	5.10852445677817
MMP14 (4323)	MMP14	1.54101915313356
FZD1 (8321)	FZD1	0.454175893185802
GATAD1 (57798)	GATAD1	4.65535182861255
SUSD3 (203328)	SUSD3	0.84799690655495
TMED6 (146456)	TMED6	0.613531652917927
CLEC18A (348174)	CLEC18A	0.111031312388744
DHRS4 (10901)	DHRS4	4.67072705449947
C1orf158 (93190)	C1orf158	0
CLEC18C (283971)	CLEC18C	0.070389327891398
ARMC12 (221481)	ARMC12	0.150559676575381
DDX19B (11269)	DDX19B	5.26416107128808
ST3GAL2 (6483)	ST3GAL2	3.44890095114513
FUK (197258)	FUK	3.79597469420667
IL34 (146433)	IL34	1.78659636189081
DHRS1 (115817)	DHRS1	4.51096191927738
CACNA1D (776)	CACNA1D	3.22804904788446
ARSE (415)	ARSE	3.5837597536395
KIT (3815)	KIT	0.0143552929770701
HYDIN (54768)	HYDIN	0.137503523749935
AASDH (132949)	AASDH	2.37573453858316
ZNF19 (7567)	ZNF19	1.23266075679027
CACNA2D3 (55799)	CACNA2D3	0
RNF111 (54778)	RNF111	4.04351949366274
CCNB2 (9133)	CCNB2	6.81634370528486
FAM81A (145773)	FAM81A	4.52544250601812
MYO1E (4643)	MYO1E	4.82984955984469
APPL1 (26060)	APPL1	3.29278174922785
MUM1L1 (139221)	MUM1L1	0
AFAP1L1 (134265)	AFAP1L1	0.0285691521967709
TSC22D3 (1831)	TSC22D3	4.34482849699744
VPS26C (10311)	VPS26C	4.39300425689832
DYRK1A (1859)	DYRK1A	3.61706334388818
KCNJ6 (3763)	KCNJ6	0
KCNJ15 (3772)	KCNJ15	0.0285691521967709
ERG (2078)	ERG	0.0426443374084937
ETS2 (2114)	ETS2	6.78135971352466
TSPAN18 (90139)	TSPAN18	0.0565835283663675
LCA5L (150082)	LCA5L	0.687060688339892
SLC35B2 (347734)	SLC35B2	6.22881869049588
TMEM164 (84187)	TMEM164	4.3110671022556
MX1 (4599)	MX1	1.62760683812965
CREB3L1 (90993)	CREB3L1	6.1568415245884
C2CD2 (25966)	C2CD2	2.76765479823735
TAB3 (257397)	TAB3	2.56071495447448
SLC38A10 (124565)	SLC38A10	5.6435676219088
C9orf43 (257169)	C9orf43	1.35049724708413
ZNF618 (114991)	ZNF618	0.443606651475615
DGKI (9162)	DGKI	0.0976107966264223
TMEM268 (203197)	TMEM268	1.18903382439002
SVOPL (136306)	SVOPL	0
SNX22 (79856)	SNX22	1.4905701304462
UBN2 (254048)	UBN2	2.68032435684402
BRAF (673)	BRAF	2.90110824301451
SLC34A2 (10568)	SLC34A2	0.0143552929770701
ACAN (176)	ACAN	0
PSMG3 (84262)	PSMG3	6.05050169744673
CABP1 (9478)	CABP1	2.16992500144231
WDR19 (57728)	WDR19	3.55704241526372
SLC37A3 (84255)	SLC37A3	4.91934008244201
AP3S2 (10239)	AP3S2	5.5837597536395
FMNL2 (114793)	FMNL2	2.40599235967584
GAREM2 (150946)	GAREM2	0.815575428862573
SPPL3 (121665)	SPPL3	3.96716860753263
DPYSL5 (56896)	DPYSL5	0.0426443374084937
DRC1 (92749)	DRC1	0
RAB28 (9364)	RAB28	2.78659636189081
PRXL2B (127281)	PRXL2B	5.94743238947137
TNFRSF14 (8764)	TNFRSF14	5.12308675098106
PANK4 (55229)	PANK4	4.04614178164472
CIB4 (130106)	CIB4	0
MEGF11 (84465)	MEGF11	0.879705766282288
C12orf43 (64897)	C12orf43	3.41818994794577
PEX10 (5192)	PEX10	4.42894634476948
RER1 (11079)	RER1	5.89965902637744
RADIL (55698)	RADIL	0.0285691521967709
SKI (6497)	SKI	4.09423606984577
WIPI2 (26100)	WIPI2	5.53231695933277
LDLRAP1 (26119)	LDLRAP1	3.38404980679516
AGAP1 (116987)	AGAP1	3.674686619928
KRTCAP3 (200634)	KRTCAP3	6.02303351866553
ANKRD61 (100310846)	ANKRD61	1.18903382439002
PAFAH2 (5051)	PAFAH2	3.32768736417605
EXTL1 (2134)	EXTL1	0.0143552929770701
SLC30A2 (7780)	SLC30A2	0.150559676575381
BABAM2 (9577)	BABAM2	3.52356195605701
TRIM63 (84676)	TRIM63	0.111031312388744
WDR66 (144406)	WDR66	1.23878685958712
MRPL17 (63875)	MRPL17	6.36036427654347
DUSP2 (1844)	DUSP2	2.73984810269933
GRHL3 (57822)	GRHL3	2.69376571221778
UBXN11 (91544)	UBXN11	4.2349610948395
NLRP14 (338323)	NLRP14	0.0426443374084937
PTPDC1 (138639)	PTPDC1	2.64846544302731
GALNT14 (79623)	GALNT14	5.05918219921169
NCK1 (4690)	NCK1	4.06177619758669
HPD (3242)	HPD	0
RHPN1 (114822)	RHPN1	3.65764000520782
TPRG1L (127262)	TPRG1L	5.70514852825302
LRRC43 (254050)	LRRC43	0
PRXL2C (195827)	PRXL2C	1.56559717585423
XDH (7498)	XDH	0.485426827170242
XKR8 (55113)	XKR8	1.71808758396052
CNNM4 (26504)	CNNM4	3.05484847699562
EYA3 (2140)	EYA3	2.94485844580754
DZIP1L (199221)	DZIP1L	0.16349873228288
TMSB15A (11013)	TMSB15A	0.0840642647884745
FANCC (2176)	FANCC	3.71259578044703
MRAS (22808)	MRAS	1.42223300068305
WASF2 (10163)	WASF2	5.27835652801072
ABHD3 (171586)	ABHD3	3.62175885670973
ESYT3 (83850)	ESYT3	0
FAIM (55179)	FAIM	2.57046293102604
TENT5B (115572)	TENT5B	0.367371065648529
CLSTN2 (64084)	CLSTN2	0.0143552929770701
COLEC12 (81035)	COLEC12	0
RNF207 (388591)	RNF207	3.06695024392463
CUL4B (8450)	CUL4B	4.1407786557828
GPR153 (387509)	GPR153	1.39506279951758
SLC13A3 (64849)	SLC13A3	0.0143552929770701
GPRASP2 (114928)	GPRASP2	0.432959407276106
RHBDL2 (54933)	RHBDL2	4.07296327155522
AUTS2 (26053)	AUTS2	2.76765479823735
SHROOM4 (57477)	SHROOM4	2.13750352374994
HIST1H2BD (3017)	HIST1H2BD	3.53605290024021
CDC25C (995)	CDC25C	3.58255600301406
HIST1H4H (8365)	HIST1H4H	2.94110631094643
MITD1 (129531)	MITD1	5.50525580093216
EIF5B (9669)	EIF5B	5.61588707391606
RIBC1 (158787)	RIBC1	1.75274859140713
TMSB15B (286527)	TMSB15B	0
CATIP (375307)	CATIP	0.0143552929770701
CNOT11 (55571)	CNOT11	5.24222139509837
KCNB1 (3745)	KCNB1	0.0426443374084937
TSPAN33 (340348)	TSPAN33	1.55090066464752
NRG2 (9542)	NRG2	0
AHCYL2 (23382)	AHCYL2	2.50842865253186
B4GALT5 (9334)	B4GALT5	4.73498052343589
CD1D (912)	CD1D	0.0143552929770701
CD1A (909)	CD1A	0
SPATA2 (9825)	SPATA2	2.90881290773955
CD1C (911)	CD1C	0
FAM86C1 (55199)	FAM86C1	2.74200621086674
CD1B (910)	CD1B	0
DNAH3 (55567)	DNAH3	0.659924558402378
CD1E (913)	CD1E	0
HMHB1 (57824)	HMHB1	0
CPA2 (1358)	CPA2	0
NCF1 (653361)	NCF1	0.124328135002202
CPA5 (93979)	CPA5	0.0285691521967709
TSR2 (90121)	TSR2	6.05658352836637
PPP1R9A (55607)	PPP1R9A	1.58496250072116
ZC3H18 (124245)	ZC3H18	5.10601323762212
ZFAND2B (130617)	ZFAND2B	5.43295940727611
POM121L2 (94026)	POM121L2	0
GDPD5 (81544)	GDPD5	1.54596836910529
DYNC1I1 (1780)	DYNC1I1	0.367371065648529
PFKFB1 (5207)	PFKFB1	0.0840642647884745
ALAS2 (212)	ALAS2	0.111031312388744
TMED4 (222068)	TMED4	5.87798958538721
PPP1R15B (84919)	PPP1R15B	4.67299099382775
COPG2 (26958)	COPG2	4.53294028837287
EMSY (56946)	EMSY	4.13914201914569
PAGE5 (90737)	PAGE5	0
GPAT4 (137964)	GPAT4	3.74416109557041
PKD1L1 (168507)	PKD1L1	0.0426443374084937
ZSCAN12 (9753)	ZSCAN12	1.96716860753263
TAGLN2 (8407)	TAGLN2	9.22378452984121
ELK4 (2005)	ELK4	3.07382023329167
SLAMF8 (56833)	SLAMF8	0.0840642647884745
SLC45A3 (85414)	SLC45A3	4.33699741660501
DUSP23 (54935)	DUSP23	5.05658352836637
RNF166 (115992)	RNF166	3.58976348698498
NBL1 (4681)	NBL1	4.66505161428921
HTR6 (3362)	HTR6	0.0426443374084937
ITLN2 (142683)	ITLN2	0
F11R (50848)	F11R	6.14873077917319
USF1 (7391)	USF1	5.42794133250948
PLA2G2F (64600)	PLA2G2F	0.422233000683048
SPATA2L (124044)	SPATA2L	3.5765221379205
NIT1 (4817)	NIT1	4.41210404467757
DEDD (9191)	DEDD	4.57833494868161
ZNF276 (92822)	ZNF276	4.40122086216022
NPM2 (10361)	NPM2	0.7311832415722
EDA (1896)	EDA	1.23878685958712
FGF17 (8822)	FGF17	0.070389327891398
VWA5B1 (127731)	VWA5B1	0
CDA (978)	CDA	2.13750352374994
PINK1 (65018)	PINK1	3.12928301694497
B4GALT3 (8703)	B4GALT3	5.24982454861618
DMTN (2039)	DMTN	3.21101219348551
ADAMTS4 (9507)	ADAMTS4	0
FAM160B2 (64760)	FAM160B2	3.05311133645956
NDUFS2 (4720)	NDUFS2	6.91564040334394
SLC5A11 (115584)	SLC5A11	0.0426443374084937
FCER1G (2207)	FCER1G	0
APOA2 (336)	APOA2	0.505890929729957
TOMM40L (84134)	TOMM40L	1.94110631094643
MPZ (4359)	MPZ	0.7311832415722
WFDC8 (90199)	WFDC8	0
CCAR2 (57805)	CCAR2	5.63952159951083
WNT9B (7484)	WNT9B	0
CACHD1 (57685)	CACHD1	0.0426443374084937
CDC42SE2 (56990)	CDC42SE2	4.52794609890826
RAPGEF6 (51735)	RAPGEF6	2.32768736417605
EPB41 (2035)	EPB41	4.62819033461521
MIS18A (54069)	MIS18A	4.0866139474095
ALG8 (79053)	ALG8	5.31867837373655
FBXW5 (54461)	FBXW5	5.95884267524324
CFAP298 (56683)	CFAP298	5.8636907136601
SYNJ1 (8867)	SYNJ1	1.49569516262407
PAXBP1 (94104)	PAXBP1	4.03650333373899
IFNAR2 (3455)	IFNAR2	2.13750352374994
MRPL10 (124995)	MRPL10	5.30268461411838
IFNGR2 (3460)	IFNGR2	4.35191096110308
GART (2618)	GART	5.8801957289431
SON (6651)	SON	6.02945288578697
DONSON (29980)	DONSON	3.92409988564074
SV2A (9900)	SV2A	0.111031312388744
LAD1 (3898)	LAD1	6.762880292917
STC1 (6781)	STC1	0.070389327891398
TNNI1 (7135)	TNNI1	0.948600847493356
CSRP1 (1465)	CSRP1	7.00315244866692
PRAC1 (84366)	PRAC1	0
HOXB13 (10481)	HOXB13	1.66448284036468
C1QC (714)	C1QC	0
KCNE2 (9992)	KCNE2	0
ATP5MC1 (516)	ATP5MC1	8.44032935337942
RCAN1 (1827)	RCAN1	2.54101915313356
UBE2Z (65264)	UBE2Z	5.75381844317354
CIART (148523)	CIART	0.321928094887362
SNF8 (11267)	SNF8	6.84096670448742
CLIC6 (54102)	CLIC6	0
CCDC24 (149473)	CCDC24	2.44360665147561
RUNX1 (861)	RUNX1	3.21723071622067
IGF2BP1 (10642)	IGF2BP1	0.0426443374084937
GIP (2695)	GIP	0.0840642647884745
CBR1 (873)	CBR1	5.59185890498717
CBR3 (874)	CBR3	0.0840642647884745
GJD2 (57369)	GJD2	0
ACTC1 (70)	ACTC1	0.070389327891398
MORC3 (23515)	MORC3	2.95233356636969
CHAF1B (8208)	CHAF1B	2.92599941855622
CLDN14 (23562)	CLDN14	0
SIM2 (6493)	SIM2	2.52105073690096
HLCS (3141)	HLCS	3.21256933885081
GOLGA6A (342096)	GOLGA6A	0.0285691521967709
SCUBE1 (80274)	SCUBE1	0.0143552929770701
ARHGAP27 (201176)	ARHGAP27	5.42256941086083
ADPGK (83440)	ADPGK	5.63255905211795
PTMS (5763)	PTMS	7.79798569056491
PLA2G4D (283748)	PLA2G4D	0
PADI4 (23569)	PADI4	0.16349873228288
ADIPOR1 (51094)	ADIPOR1	5.97521745704302
CYB5R1 (51706)	CYB5R1	4.70154905694307
PSMD4 (5710)	PSMD4	7.12979817318714
ATP13A2 (23400)	ATP13A2	4.69376571221778
M1AP (130951)	M1AP	0.910732661902913
PSMB4 (5692)	PSMB4	7.88520827554538
IRX6 (79190)	IRX6	0
BTG2 (7832)	BTG2	4.790772037862
CES5A (221223)	CES5A	0
HK2 (3099)	HK2	4.04875931191986
C1R (715)	C1R	0.443606651475615
CELF3 (11189)	CELF3	0.16349873228288
ALDH4A1 (8659)	ALDH4A1	4.69097573834328
STARD9 (57519)	STARD9	0.411426245726465
THEM4 (117145)	THEM4	4.10517519226548
TCHH (7062)	TCHH	0.124328135002202
LCE2B (26239)	LCE2B	0
UBR1 (197131)	UBR1	3.71039319217052
AMFR (267)	AMFR	4.35614381022528
MED8 (112950)	MED8	5.15015345524625
TGM7 (116179)	TGM7	0
RGL4 (266747)	RGL4	0.22650852980868
SPRR2G (6706)	SPRR2G	0
PGLYRP3 (114771)	PGLYRP3	0
ISL2 (64843)	ISL2	0.748461233004036
RSPRY1 (89970)	RSPRY1	3.8923910259134
CCDC17 (149483)	CCDC17	0.641546029087524
GPBP1L1 (60313)	GPBP1L1	5.8497491172824
NAE1 (8883)	NAE1	5.47118746038699
TMEM69 (51249)	TMEM69	4.99276843076892
ADGRG5 (221188)	ADGRG5	2.24184018356467
DRC7 (84229)	DRC7	0.150559676575381
ACE (1636)	ACE	0.238786859587116
TEPP (374739)	TEPP	0
UROC1 (131669)	UROC1	0
EFCAB14 (9813)	EFCAB14	4.55213110825378
SPON2 (10417)	SPON2	1.4541758931858
CHCHD6 (84303)	CHCHD6	4.44757919654888
CTBP1 (1487)	CTBP1	7.17222746773544
LRRC36 (55282)	LRRC36	0.344828496997441
TPPP3 (51673)	TPPP3	6.48832219114082
ZDHHC1 (29800)	ZDHHC1	2.87184364850932
ATP6V0D1 (9114)	ATP6V0D1	5.4937754084607
AGRP (181)	AGRP	0
ZFYVE28 (57732)	ZFYVE28	0.933572638261024
CARMIL2 (146206)	CARMIL2	0.650764559116902
C16orf86 (388284)	C16orf86	0.344828496997441
PIP (5304)	PIP	0.111031312388744
FAM131B (9715)	FAM131B	1.58014548442338
RGS12 (6002)	RGS12	3
PSKH1 (5681)	PSKH1	3.55581615506164
ZYX (7791)	ZYX	5.77610398807316
ABR (29)	ABR	5.64702663265485
LYPD5 (284348)	LYPD5	0
CCDC117 (150275)	CCDC117	3.33913738491959
ZNF230 (7773)	ZNF230	1.49569516262407
CCDC107 (203260)	CCDC107	3.56315813040281
ZNF222 (7673)	ZNF222	2.28688114778816
NPR2 (4882)	NPR2	3.43429461795993
ZNF221 (7638)	ZNF221	0.903038270112912
ZNF233 (353355)	ZNF233	0.722466024471091
ZNF235 (9310)	ZNF235	1.71808758396052
GNE (10020)	GNE	3.86789646399265
TNFRSF13C (115650)	TNFRSF13C	0.422233000683048
OR3A3 (8392)	OR3A3	0
ARHGAP35 (2909)	ARHGAP35	5.29094040240368
PTGIR (5739)	PTGIR	0.150559676575381
CALM3 (808)	CALM3	8.28081715829288
DFFA (1676)	DFFA	4.67299099382775
CCDC28B (79140)	CCDC28B	3.32192809488736
IQCC (55721)	IQCC	2.5385381636298
TMEM234 (56063)	TMEM234	3.88752527074159
BSDC1 (55108)	BSDC1	5.00135189299996
ZBTB8A (653121)	ZBTB8A	1.52606881166759
ATAD3B (83858)	ATAD3B	5.4093909361377
SSU72 (29101)	SSU72	6.78751082430076
UBE2J2 (118424)	UBE2J2	5.40769264866568
ZNF362 (149076)	ZNF362	0.948600847493356
FNDC5 (252995)	FNDC5	0.214124805352847
CPAMD8 (27151)	CPAMD8	0
NR2F6 (2063)	NR2F6	5.19927972133662
ANKLE1 (126549)	ANKLE1	0.238786859587116
CCDC58 (131076)	CCDC58	6.03760186043555
VMA21 (203547)	VMA21	4.06350294230616
KALRN (8997)	KALRN	4.16591193893569
CILP2 (148113)	CILP2	0.0285691521967709
ABCG1 (9619)	ABCG1	1.13750352374994
TFF3 (7033)	TFF3	4.30742852519225
TFF2 (7032)	TFF2	0.895302621333307
TFF1 (7031)	TFF1	2.19534759832222
TMPRSS3 (64699)	TMPRSS3	0.20163386116965
UBASH3A (53347)	UBASH3A	0
RSPH1 (89765)	RSPH1	3.88557436437143
SLC37A1 (54020)	SLC37A1	5.29020320512607
PDE9A (5152)	PDE9A	2.25701061820602
WDR4 (10785)	WDR4	4.34340782229781
NDUFV3 (4731)	NDUFV3	3.57773093149008
PKNOX1 (5316)	PKNOX1	2.8094144442359
CBS (875)	CBS	0.0840642647884745
U2AF1 (7307)	U2AF1	6.86616616903904
CRYAA (1409)	CRYAA	0
HSF2BP (11077)	HSF2BP	0.422233000683048
RRP1B (23076)	RRP1B	3.73009646559547
PDXK (8566)	PDXK	5.17152710603881
G6PD (2539)	G6PD	7.21383328309929
CSTB (1476)	CSTB	6.03979640762002
RRP1 (8568)	RRP1	4.64789009105921
AGPAT3 (56894)	AGPAT3	3.92599941855622
TRAPPC10 (7109)	TRAPPC10	3.4867143730307
GAB3 (139716)	GAB3	0.0143552929770701
GATD3A (8209)	GATD3A	2.3533232911629
ICOSLG (23308)	ICOSLG	0.941106310946431
AIRE (326)	AIRE	0
CFAP410 (755)	CFAP410	3.05484847699562
ZNF66 (7617)	ZNF66	0.632268215499513
LRRC3 (81543)	LRRC3	0.0840642647884745
ITGB2 (3689)	ITGB2	0.0840642647884745
FAM207A (85395)	FAM207A	4.4541758931858
RALGDS (5900)	RALGDS	4.3526172989585
FTCD (10841)	FTCD	0.0565835283663675
SPATC1L (84221)	SPATC1L	2.35049724708413
LSS (4047)	LSS	4.72246602447109
VAV2 (7410)	VAV2	4.31759350462347
MCM3AP (8888)	MCM3AP	4.95326523901484
C21orf58 (54058)	C21orf58	2.92789645372882
PCNT (5116)	PCNT	3.98367769469807
DIP2A (23181)	DIP2A	3.78135971352466
S100B (6285)	S100B	0.0565835283663675
PRMT2 (3275)	PRMT2	5.39025495632187
CLDND2 (125875)	CLDND2	0.839959587489532
ZNF208 (7757)	ZNF208	0
ADAMTS13 (11093)	ADAMTS13	1.01435529297707
CACFD1 (11094)	CACFD1	4.16591193893569
SLC2A6 (11182)	SLC2A6	1.96716860753263
ZNF761 (388561)	ZNF761	3.28095631383106
FCN2 (2220)	FCN2	0
C9orf116 (138162)	C9orf116	2.64385618977472
LCN1 (3933)	LCN1	0
ZNF714 (148206)	ZNF714	2.72027846523333
GPSM1 (26086)	GPSM1	0.678071905112638
C19orf47 (126526)	C19orf47	3.61470984411521
HIPK4 (147746)	HIPK4	0.0285691521967709
CFAP157 (286207)	CFAP157	0.956056652412403
TOR2A (27433)	TOR2A	3.4154882710497
ST6GALNAC6 (30815)	ST6GALNAC6	3.04439411935845
SHKBP1 (92799)	SHKBP1	6.28410691122874
RDH13 (112724)	RDH13	5.36702153323231
ZER1 (10444)	ZER1	3.94953493301701
ZDHHC12 (84885)	ZDHHC12	5.92195991732617
PKN3 (29941)	PKN3	3.16832111573972
SPTBN4 (57731)	SPTBN4	0.545968369105293
BRSK1 (84446)	BRSK1	0.411426245726465
COX6B2 (125965)	COX6B2	0.941106310946431
TMEM190 (147744)	TMEM190	0.111031312388744
NLRP4 (147945)	NLRP4	0.0285691521967709
PLPP7 (84814)	PLPP7	0.0143552929770701
TAOK1 (57551)	TAOK1	3.39369076418745
MED27 (9442)	MED27	3.89627184880738
DEDD2 (162989)	DEDD2	5.4093909361377
SIK3 (23387)	SIK3	2.99276843076892
MPZL3 (196264)	MPZL3	3.39231742277876
JAML (120425)	JAML	0.124328135002202
NEK8 (284086)	NEK8	3.1243281350022
TLCD1 (116238)	TLCD1	4.63691458035588
PCSK7 (9159)	PCSK7	5.25436728144083
SAFB (6294)	SAFB	6.09085343045111
CD3G (917)	CD3G	0
S100A1 (6271)	S100A1	1.71369581484336
CHTOP (26097)	CHTOP	5.96670731415032
CXCR5 (643)	CXCR5	0
ZBTB7B (51043)	ZBTB7B	4.64270157183323
FLAD1 (80308)	FLAD1	5.28688114778816
SHC1 (6464)	SHC1	5.98936611402606
VPS11 (55823)	VPS11	4.42961596420174
NLRX1 (79671)	NLRX1	2.4276061727819
ADAR (103)	ADAR	5.73633427697511
IL6R (3570)	IL6R	0.613531652917927
UBE2Q1 (55585)	UBE2Q1	5.72164607841839
CHRNB2 (1141)	CHRNB2	0.070389327891398
CRTC2 (200186)	CRTC2	4.58736499093646
ANO10 (55129)	ANO10	2.37573453858316
FDPS (2224)	FDPS	7.82572203760072
RUSC1 (23623)	RUSC1	5.4594316186373
FAM189B (10712)	FAM189B	3.82781902461732
PAQR6 (79957)	PAQR6	2.60407132366886
PMF1 (11243)	PMF1	5.96000193206808
SLC25A44 (9673)	SLC25A44	3.96624587322494
LMNA (4000)	LMNA	8.73318484110815
CCR5 (1234)	CCR5	0
NBEAL2 (23218)	NBEAL2	5.96231765494231
CCDC12 (151903)	CCDC12	5.83819543925919
PTH1R (5745)	PTH1R	0
UBQLN4 (56893)	UBQLN4	4.88459792099006
MYL3 (4634)	MYL3	0
PPP1R35 (221908)	PPP1R35	5.01346225980656
GPATCH4 (54865)	GPATCH4	5.78868571061353
LRRC71 (149499)	LRRC71	0.0840642647884745
FCRL3 (115352)	FCRL3	0
AZGP1 (563)	AZGP1	5.13010717865883
FGFR4 (2264)	FGFR4	5.8799507684126
CYP3A4 (1576)	CYP3A4	0.0565835283663675
CYP3A7 (1551)	CYP3A7	0.111031312388744
NACC1 (112939)	NACC1	4.87921563716567
CYP11B1 (1584)	CYP11B1	0
HK3 (3101)	HK3	0
LY6K (54742)	LY6K	0.0565835283663675
IER2 (9592)	IER2	5.83061027435791
ZNF394 (84124)	ZNF394	4.24640808724638
CPSF4 (10898)	CPSF4	5.8171115727957
LY6E (4061)	LY6E	7.19977048401812
VPS28 (51160)	VPS28	6.52966480225224
TONSL (4796)	TONSL	3.76659516172927
PTGER1 (5731)	PTGER1	0.0285691521967709
MUM1 (84939)	MUM1	4.39437694495706
RECQL4 (9401)	RECQL4	5.29975751183932
LRRC14 (9684)	LRRC14	4.3819754785573
ZNF333 (84449)	ZNF333	1.8073549220576
COL26A1 (136227)	COL26A1	0
PPP1R16A (84988)	PPP1R16A	5.34943605171382
FOXH1 (8928)	FOXH1	0.367371065648529
ORAI2 (80228)	ORAI2	4.30085587126876
ALKBH4 (54784)	ALKBH4	3.65764000520782
CCDC105 (126402)	CCDC105	0
SH2B2 (10603)	SH2B2	0.632268215499513
MRNIP (51149)	MRNIP	4.50969584193339
SQSTM1 (8878)	SQSTM1	7.22987627912408
MGAT4B (11282)	MGAT4B	7.82686622653697
RPL8 (6132)	RPL8	11.281756197804
MAML1 (9794)	MAML1	3.56559717585422
PGLYRP2 (114770)	PGLYRP2	0
LRWD1 (222229)	LRWD1	4.38681094647222
FBXL13 (222235)	FBXL13	0.400537929583729
NAPEPLD (222236)	NAPEPLD	3.19534759832222
SCGB3A1 (92304)	SCGB3A1	0.0840642647884745
PSMC2 (5701)	PSMC2	7.52614708075975
CELF5 (60680)	CELF5	0.150559676575381
MFSD12 (126321)	MFSD12	5.40224465525408
USP41 (373856)	USP41	3.68481873755322
YDJC (150223)	YDJC	5.42088657497553
CCDC116 (164592)	CCDC116	0.0426443374084937
DVL3 (1857)	DVL3	5.00045077177086
AP2M1 (1173)	AP2M1	7.75708993759916
ABCF3 (55324)	ABCF3	5.26077843189343
PCYT1A (5130)	PCYT1A	5.0071955014042
FBXO27 (126433)	FBXO27	0
DMKN (93099)	DMKN	4.01524777369894
U2AF1L4 (199746)	U2AF1L4	4.38266725274504
BDH1 (622)	BDH1	5.87921563716567
NPHS1 (4868)	NPHS1	0.0143552929770701
THAP8 (199745)	THAP8	2.05311133645956
COX7A1 (1346)	COX7A1	0.137503523749935
ZNF382 (84911)	ZNF382	0.189033824390017
LRRC56 (115399)	LRRC56	2.21412480535285
PLXDC1 (57125)	PLXDC1	0.124328135002202
PGAP3 (93210)	PGAP3	4.28243980500639
IKZF3 (22806)	IKZF3	0.286881147788162
GRIN2C (2905)	GRIN2C	0.150559676575381
FDXR (2232)	FDXR	3.75167794568758
SAP30BP (29115)	SAP30BP	5.22303633790187
ACOX1 (51)	ACOX1	4.09169983413681
PRPSAP1 (5635)	PRPSAP1	5.16188768237689
CYGB (114757)	CYGB	0.070389327891398
SRSF2 (6427)	SRSF2	7.92243574023315
ZNF577 (84765)	ZNF577	1.97085365434048
TMEM143 (55260)	TMEM143	3.00539998774259
KLHL10 (317719)	KLHL10	0
CCDC155 (147872)	CCDC155	0.0143552929770701
HCRT (3060)	HCRT	0
ALDH16A1 (126133)	ALDH16A1	4.89675621847481
DCD (117159)	DCD	0
ITGA5 (3678)	ITGA5	0.070389327891398
SIGLEC11 (114132)	SIGLEC11	0
ZNF385A (25946)	ZNF385A	1.19534759832222
SIGLEC16 (400709)	SIGLEC16	0.0285691521967709
MPP3 (4356)	MPP3	2.57046293102604
CD300LG (146894)	CD300LG	0
IZUMO2 (126123)	IZUMO2	0
NAGS (162417)	NAGS	1.4276061727819
LSM12 (124801)	LSM12	5.48928602262588
ASB16 (92591)	ASB16	1.29278174922785
EMC10 (284361)	EMC10	6.8988129772361
JOSD2 (126119)	JOSD2	5.17312743348066
SHANK1 (50944)	SHANK1	0.070389327891398
FAM171A2 (284069)	FAM171A2	0.495695162624069
DBF4B (80174)	DBF4B	3.86888427302877
PLCD3 (113026)	PLCD3	6.28299572115515
FMNL3 (91010)	FMNL3	0.53605290024021
AQP5 (362)	AQP5	5.37851162325373
RACGAP1 (29127)	RACGAP1	5.49185309632967
OR7G1 (125962)	OR7G1	0
LARP4 (113251)	LARP4	4.57773093149008
GRASP (160622)	GRASP	0.53605290024021
RAVER1 (125950)	RAVER1	4.33485426933163
KRT84 (3890)	KRT84	0
KRT82 (3888)	KRT82	0
SYCE2 (256126)	SYCE2	0.613531652917927
SPC24 (147841)	SPC24	4.08321336824898
IP6K3 (117283)	IP6K3	0
LEMD2 (221496)	LEMD2	4.33913738491959
ALOX15 (246)	ALOX15	0.189033824390017
TREML1 (340205)	TREML1	0
ZNF653 (115950)	ZNF653	2.42223300068305
MED11 (400569)	MED11	3.86492897228979
CXCL16 (58191)	CXCL16	3.16832111573972
SCIMP (388325)	SCIMP	0.214124805352847
BCL6B (255877)	BCL6B	0
ASGR2 (433)	ASGR2	0
TNFSF13 (8741)	TNFSF13	3.90592847817313
SENP3 (26168)	SENP3	5.32192809488736
FGF11 (2256)	FGF11	0.910732661902913
EIF4A1 (1973)	EIF4A1	9.60366343178561
RPL26 (6154)	RPL26	11.1991201875135
CCDC42 (146849)	CCDC42	0
POLR3K (51728)	POLR3K	4.89917563048051
SNRNP25 (79622)	SNRNP25	5.91552090075196
PRR35 (146325)	PRR35	0.0143552929770701
WDR90 (197335)	WDR90	5.93522399406003
JMJD8 (339123)	JMJD8	5.91193121230905
CCDC78 (124093)	CCDC78	2.92029330021101
SSTR5 (6755)	SSTR5	2.29278174922785
SPSB3 (90864)	SPSB3	4.66562016406638
MEIOB (254528)	MEIOB	0.124328135002202
HS3ST6 (64711)	HS3ST6	0
TEDC2 (80178)	TEDC2	3.9174317553901
CCNF (899)	CCNF	3.97452931248388
TBC1D24 (57465)	TBC1D24	2.66902676550963
AMDHD2 (51005)	AMDHD2	4.71259578044703
NTN3 (4917)	NTN3	0.0565835283663675
BICDL2 (146439)	BICDL2	4.16671544496642
PAQR4 (124222)	PAQR4	4.96301164759943
FLYWCH2 (114984)	FLYWCH2	2.98185265328974
ZG16B (124220)	ZG16B	3.38818953715608
ZNF75A (7627)	ZNF75A	0.799087306074004
ADCY9 (115)	ADCY9	0.20163386116965
SHANK2 (22941)	SHANK2	1.0496307677246
CLPB (81570)	CLPB	4.17152710603881
NEU3 (10825)	NEU3	3.76765479823735
CYB561A3 (220002)	CYB561A3	5.3743439890385
PPP1R32 (220004)	PPP1R32	1.38956681176273
ASRGL1 (80150)	ASRGL1	5.26228280642066
GNG3 (2785)	GNG3	0.765534746362977
UBXN1 (51035)	UBXN1	7.40981519582048
LBHD1 (79081)	LBHD1	3.67919857056692
TTC9C (283237)	TTC9C	5.29425313644451
TAF6L (10629)	TAF6L	4.84398384404833
NXF1 (10482)	NXF1	5.04001567884788
STX5 (6811)	STX5	4.82476785314329
SLC25A45 (283130)	SLC25A45	2.08746284125034
RPL29 (6159)	RPL29	10.0709259449855
ITIH3 (3699)	ITIH3	0
SYVN1 (84447)	SYVN1	4.70818723602071
ZFPL1 (7542)	ZFPL1	5.40463068421761
RPS6KA4 (8986)	RPS6KA4	5.66760832567372
LRP5 (4041)	LRP5	6.46858331700683
TPCN2 (219931)	TPCN2	4.30815697511476
FGF19 (9965)	FGF19	2.71149490665009
CYP4A22 (284541)	CYP4A22	0.0426443374084937
PDZK1IP1 (10158)	PDZK1IP1	4.68313498512609
TAL1 (6886)	TAL1	0
CMPK1 (51727)	CMPK1	6.18289089274548
BEND5 (79656)	BEND5	0
ELAVL4 (1996)	ELAVL4	0.0285691521967709
COA7 (65260)	COA7	4.43562859405209
ZYG11B (79699)	ZYG11B	1.66902676550963
SLC1A7 (6512)	SLC1A7	1.6915341649192
C1orf123 (54987)	C1orf123	5.20359271420771
MAGOH (4116)	MAGOH	7.08140354506251
ACOT11 (26027)	ACOT11	3.77082904603249
FAM151A (338094)	FAM151A	0.111031312388744
PARS2 (25973)	PARS2	2.4905701304462
LEXM (163747)	LEXM	0.150559676575381
BSND (7809)	BSND	0.070389327891398
USP24 (23358)	USP24	4.17232749165762
PLPP3 (8613)	PLPP3	1.49569516262407
NOL9 (79707)	NOL9	2.89917563048051
PRKAA2 (5563)	PRKAA2	0.0143552929770701
KLHL21 (9903)	KLHL21	3.62175885670973
ZSWIM5 (57643)	ZSWIM5	0.575312330687437
GMEB1 (10691)	GMEB1	2.94485844580754
SLC45A1 (50651)	SLC45A1	0.0840642647884745
SELENON (57190)	SELENON	1.30451104180995
AK4 (205)	AK4	3.97911075501579
JAK1 (3716)	JAK1	4.15380533607904
RAVER2 (55225)	RAVER2	3.47508488294878
CTRC (11330)	CTRC	0.137503523749935
LZIC (84328)	LZIC	4.78240856492737
RBP7 (116362)	RBP7	0
KNCN (148930)	KNCN	0
FBLIM1 (54751)	FBLIM1	3.37295209791183
TMEM82 (388595)	TMEM82	0
SLC25A34 (284723)	SLC25A34	0.176322772640463
AKR7A3 (22977)	AKR7A3	4.90833256978243
DRAXIN (374946)	DRAXIN	0
PDPN (10630)	PDPN	0.070389327891398
LRRC38 (126755)	LRRC38	0
DHRS3 (9249)	DHRS3	5.29755828116819
MATN1 (4146)	MATN1	0.22650852980868
LAPTM5 (7805)	LAPTM5	0.53605290024021
SDC3 (9672)	SDC3	0.613531652917927
PEF1 (553115)	PEF1	5.51569983828404
SYNC (81493)	SYNC	0.20163386116965
RBBP4 (5928)	RBBP4	7.45458718692548
KIAA1522 (57648)	KIAA1522	5.95652136333312
TSSK3 (81629)	TSSK3	0.903038270112912
TMCO4 (255104)	TMCO4	3.22804904788446
UBXN10 (127733)	UBXN10	1.42223300068305
CAMK2N1 (55450)	CAMK2N1	4.38059093426592
ALPL (249)	ALPL	0.137503523749935
WNT4 (54361)	WNT4	0.443606651475615
TTLL10 (254173)	TTLL10	1.39506279951758
SCNN1D (6339)	SCNN1D	0.464668267003444
MXRA8 (54587)	MXRA8	2.06350294230616
FAAP20 (199990)	FAAP20	5.57682443127748
MEGF6 (1953)	MEGF6	2.56315813040281
CCDC27 (148870)	CCDC27	0
IL23R (149233)	IL23R	0.0143552929770701
DIRAS3 (9077)	DIRAS3	0.070389327891398
C1orf87 (127795)	C1orf87	0
NFIA (4774)	NFIA	2.68032435684402
OMA1 (115209)	OMA1	3.62175885670973
MYSM1 (114803)	MYSM1	3.74738739965272
TM2D1 (83941)	TM2D1	4.53729606709084
USP1 (7398)	USP1	4.80064109732908
FUBP1 (8880)	FUBP1	6.77069692505242
NEXN (91624)	NEXN	0.070389327891398
DNAJB4 (11080)	DNAJB4	3.50969584193339
ADGRL4 (64123)	ADGRL4	0.150559676575381
LRRIQ3 (127255)	LRRIQ3	0.16349873228288
LRRC53 (105378803)	LRRC53	0.150559676575381
TYW3 (127253)	TYW3	3.82374936030827
LHX8 (431707)	LHX8	0
SNX7 (51375)	SNX7	4.42290574261218
B3GALT2 (8707)	B3GALT2	0.0426443374084937
NTNG1 (22854)	NTNG1	0.0285691521967709
FAM102B (284611)	FAM102B	1.82781902461732
HENMT1 (113802)	HENMT1	4.4666271200415
AKNAD1 (254268)	AKNAD1	0.20163386116965
C1orf52 (148423)	C1orf52	4.33842441478356
WDR63 (126820)	WDR63	0
GBP2 (2634)	GBP2	3.29278174922785
ATXN7L2 (127002)	ATXN7L2	2.92599941855622
GBP4 (115361)	GBP4	0.0143552929770701
ZNF326 (284695)	ZNF326	4.61176256006487
HFM1 (164045)	HFM1	0
BRINP3 (339479)	BRINP3	0
GFI1 (2672)	GFI1	0.263034405833794
KCNT2 (343450)	KCNT2	0.0426443374084937
AGL (178)	AGL	3.34766565630097
VCAM1 (7412)	VCAM1	0.0426443374084937
EXTL2 (2135)	EXTL2	3.67016051412663
SLC30A7 (148867)	SLC30A7	3.08746284125034
ZNF281 (23528)	ZNF281	2.88752527074159
ARPC5 (10092)	ARPC5	6.94145848842673
CADM3 (57863)	CADM3	0
NLRP3 (114548)	NLRP3	0.879705766282288
ZNF496 (84838)	ZNF496	3.8569856897822
TRIM58 (25893)	TRIM58	0.0285691521967709
SLAMF9 (89886)	SLAMF9	0
OR2M5 (127059)	OR2M5	0
KCNJ9 (3765)	KCNJ9	0
IGSF8 (93185)	IGSF8	3.33771109212829
DDR2 (4921)	DDR2	0.150559676575381
PEA15 (8682)	PEA15	5.33306587807636
PEX19 (5824)	PEX19	5.52481592835751
NCSTN (23385)	NCSTN	5.36211916672566
VANGL2 (57216)	VANGL2	2.05311133645956
SLAMF6 (114836)	SLAMF6	0
OLFML2B (25903)	OLFML2B	0.37851162325373
FCRLB (127943)	FCRLB	0.485426827170242
FCGR3B (2215)	FCGR3B	0
SLC9C2 (284525)	SLC9C2	0
KLHDC9 (126823)	KLHDC9	1.85996954822103
C1orf74 (148304)	C1orf74	1.64616265715789
LMX1A (4009)	LMX1A	0
LRRC52 (440699)	LRRC52	0
FLVCR1 (28982)	FLVCR1	2.94860084749336
FAM71A (149647)	FAM71A	0
ATF3 (467)	ATF3	3.91647664443772
RBM15 (64783)	RBM15	3.23112515787905
DENND2D (79961)	DENND2D	5.6284819943839
AXDND1 (126859)	AXDND1	0.070389327891398
TDRD5 (163589)	TDRD5	0.0143552929770701
IER5 (51278)	IER5	2.790772037862
SNED1 (25992)	SNED1	0.464668267003444
BPNT1 (10380)	BPNT1	5.09592441999854
SPATA17 (128153)	SPATA17	0.594548549550354
C1orf115 (79762)	C1orf115	0.584962500721156
BROX (148362)	BROX	4.21645486514476
NBPF20 (100288142)	NBPF20	0.704871964456353
ACP6 (51205)	ACP6	4.41142624572647
WDR64 (128025)	WDR64	0
KIF26B (55083)	KIF26B	0.0976107966264223
TFB2M (64216)	TFB2M	4.80632405739003
CNST (163882)	CNST	2.57531233068744
PPP1R21 (129285)	PPP1R21	2.56071495447448
KLHDC8A (55220)	KLHDC8A	0
PM20D1 (148811)	PM20D1	0
PKDCC (91461)	PKDCC	5.77399632511117
OXER1 (165140)	OXER1	0.0285691521967709
HAAO (23498)	HAAO	0.111031312388744
B3GALNT2 (148789)	B3GALNT2	4.11103131238874
MAPKAPK2 (9261)	MAPKAPK2	4.81455042346181
IL20 (50604)	IL20	0
IL24 (11009)	IL24	0.0976107966264223
FCMR (9214)	FCMR	0.739848102699327
PIGR (5284)	PIGR	0.298658315564515
FCAMR (83953)	FCAMR	0.0565835283663675
CAPN2 (824)	CAPN2	6.15319733085508
MRPL55 (128308)	MRPL55	5.54442356218942
WDR26 (80232)	WDR26	4.62877359520165
REL (5966)	REL	1.72246602447109
PUS10 (150962)	PUS10	1.66902676550963
PEX13 (5194)	PEX13	4.01703108052784
KIAA1841 (84542)	KIAA1841	2.57046293102604
TRIM17 (51127)	TRIM17	0.475084882948783
RFTN2 (130132)	RFTN2	0.150559676575381
DISC1 (27185)	DISC1	0.070389327891398
CAPN13 (92291)	CAPN13	2.35614381022528
LRRTM1 (347730)	LRRTM1	0
MEMO1 (51072)	MEMO1	5.42928119333566
DPY30 (84661)	DPY30	7.09000652990382
TYW5 (129450)	TYW5	2.60169651648096
MAIP1 (79568)	MAIP1	5.06738057801906
KCNF1 (3754)	KCNF1	0.20163386116965
PQLC3 (130814)	PQLC3	2.97636363573276
ARL5A (26225)	ARL5A	4.68818035858693
FAM84A (151354)	FAM84A	0.464668267003444
KCNJ3 (3760)	KCNJ3	1.54596836910529
NEUROD1 (4760)	NEUROD1	0
CLHC1 (130162)	CLHC1	2.04614178164472
FRZB (2487)	FRZB	0.321928094887362
DUSP19 (142679)	DUSP19	0.632268215499513
CFAP36 (112942)	CFAP36	4.26002565596146
NUP35 (129401)	NUP35	4.25096157353322
CCDC138 (165055)	CCDC138	3.20476675065461
ZSWIM2 (151112)	ZSWIM2	0
FBXO41 (150726)	FBXO41	4.33485426933163
ACTG2 (72)	ACTG2	0.0565835283663675
WDCP (80304)	WDCP	2.52356195605701
SMC6 (79677)	SMC6	3.799087306074
VSNL1 (7447)	VSNL1	0.0976107966264223
CCDC74A (90557)	CCDC74A	1.56071495447448
H3F3A (3020)	H3F3A	9.39805958545112
ANKRD30BL (554226)	ANKRD30BL	0
COQ8A (56997)	COQ8A	4.68201139080069
SLC16A14 (151473)	SLC16A14	0.111031312388744
TEKT4 (150483)	TEKT4	0
EN1 (2019)	EN1	0
SGCB (6443)	SGCB	2.55090066464752
SPATA18 (132671)	SPATA18	0.0840642647884745
NOSTRIN (115677)	NOSTRIN	3.05484847699562
CFAP221 (200373)	CFAP221	0.111031312388744
CCDC140 (151278)	CCDC140	0
SGPP2 (130367)	SGPP2	4.00629802390037
INHBB (3625)	INHBB	0.0143552929770701
XIRP2 (129446)	XIRP2	0
BBS5 (129880)	BBS5	0.238786859587116
BIRC8 (112401)	BIRC8	0
SMARCAD1 (56916)	SMARCAD1	3.62877359520165
HPGDS (27306)	HPGDS	0.0285691521967709
PDLIM5 (10611)	PDLIM5	4.81813476081085
PDHA2 (5161)	PDHA2	0
STPG2 (285555)	STPG2	0.0285691521967709
NEURL3 (93082)	NEURL3	0.124328135002202
RPRD2 (23248)	RPRD2	3.58014548442338
ANKRD23 (200539)	ANKRD23	1.29865831556452
CTSS (1520)	CTSS	2.33913738491959
MSX1 (4487)	MSX1	0.124328135002202
PACRGL (133015)	PACRGL	4.11603199344711
BNIPL (149428)	BNIPL	0.250961573533219
C1QTNF7 (114905)	C1QTNF7	0
TNFAIP8L2 (79626)	TNFAIP8L2	0.0426443374084937
LYSMD1 (388695)	LYSMD1	1.15055967657538
SCNM1 (79005)	SCNM1	4.67016051412663
TMOD4 (29765)	TMOD4	0.214124805352847
VPS72 (6944)	VPS72	5.27872821293894
ERCC3 (2071)	ERCC3	4.81403764753998
RNF149 (284996)	RNF149	4.66845955691538
IWS1 (55677)	IWS1	5.24526746651951
BOLA3 (388962)	BOLA3	5.70487196445635
CDC42EP3 (10602)	CDC42EP3	2.60644222813161
S100A11 (6282)	S100A11	9.52046153707211
LCE3D (84648)	LCE3D	0
SMCP (4184)	SMCP	0
IVL (3713)	IVL	0.516015147003665
SPRR3 (6707)	SPRR3	0.111031312388744
DHX57 (90957)	DHX57	3.38818953715608
SPRR2D (6703)	SPRR2D	0
BMP10 (27302)	BMP10	0
PGLYRP4 (57115)	PGLYRP4	0
ARHGAP25 (9938)	ARHGAP25	0.0285691521967709
S100A9 (6280)	S100A9	0.111031312388744
S100A12 (6283)	S100A12	0
TGFA (7039)	TGFA	4.15623479785027
TDRD10 (126668)	TDRD10	0
CCNYL1 (151195)	CCNYL1	2.68481873755322
FZD5 (7855)	FZD5	2.93922657772821
CRYGC (1420)	CRYGC	0.0976107966264223
DCAF16 (54876)	DCAF16	4.49633451341711
C1orf189 (388701)	C1orf189	0
NPPC (4880)	NPPC	0
GNPDA2 (132789)	GNPDA2	2.05311133645956
ALPP (250)	ALPP	0.070389327891398
GABRG1 (2565)	GABRG1	0
ALPG (251)	ALPG	0.16349873228288
GABRB1 (2560)	GABRB1	0
PAQR3 (152559)	PAQR3	2.33342373372519
NIPAL1 (152519)	NIPAL1	3.69488019279919
ALPI (248)	ALPI	0.0285691521967709
ANTXR2 (118429)	ANTXR2	2.92599941855622
HELQ (113510)	HELQ	2.4931349223055
MRPS18C (51023)	MRPS18C	5.81275490980019
CGGBP1 (8545)	CGGBP1	3.03738222200308
ABRAXAS1 (84142)	ABRAXAS1	2.56315813040281
GPR155 (151556)	GPR155	0.0426443374084937
DAPL1 (92196)	DAPL1	0
PMVK (10654)	PMVK	5.12184429787638
PBXIP1 (57326)	PBXIP1	4.46336088581666
CLDN1 (9076)	CLDN1	3.89433274227769
PYGO2 (90780)	PYGO2	4.5957423394744
HIPK1 (204851)	HIPK1	3.44625622988956
LENEP (55891)	LENEP	0.464668267003444
DCST2 (127579)	DCST2	0.6959938131099
DCST1 (149095)	DCST1	0.0426443374084937
COL6A3 (1293)	COL6A3	0.0976107966264223
INAVA (55765)	INAVA	5.07852444538908
YY1AP1 (55249)	YY1AP1	5.15704371014558
KBTBD8 (84541)	KBTBD8	0.632268215499513
FAM19A4 (151647)	FAM19A4	0
EOGT (285203)	EOGT	2.08065766334523
LMOD3 (56203)	LMOD3	0.111031312388744
NAXE (128240)	NAXE	6.27798474729977
POGLUT1 (56983)	POGLUT1	3.42088657497553
SLC22A15 (55356)	SLC22A15	0.0285691521967709
CCKAR (886)	CCKAR	0
IGFN1 (91156)	IGFN1	0.111031312388744
ATP1A1 (476)	ATP1A1	8.0287901363499
SLC15A2 (6565)	SLC15A2	0.863938450423971
EIF4E3 (317649)	EIF4E3	0.687060688339892
PROK2 (60675)	PROK2	0
C3orf30 (152405)	C3orf30	0
LRRC58 (116064)	LRRC58	3.5837597536395
FSTL1 (11167)	FSTL1	0.432959407276106
LMOD1 (25802)	LMOD1	0.0565835283663675
ELF3 (1999)	ELF3	7.27965700653368
PDCL2 (132954)	PDCL2	0
TMEM183A (92703)	TMEM183A	5.56040926636212
TMEM169 (92691)	TMEM169	0.176322772640463
IGFBP7 (3490)	IGFBP7	0.584962500721156
TRIM46 (80128)	TRIM46	0.0565835283663675
KRTCAP2 (200185)	KRTCAP2	6.92576211367192
CXCR1 (3577)	CXCR1	0
ARPC2 (10109)	ARPC2	8.14771372235215
TSACC (128229)	TSACC	0.505890929729957
CCT3 (7203)	CCT3	8.12417302040219
TMEM79 (84283)	TMEM79	2.36737106564853
SSR2 (6746)	SSR2	7.92041240816079
RNF25 (64320)	RNF25	4.28021399581062
STK36 (27148)	STK36	3.97636363573276
ADORA1 (134)	ADORA1	0.124328135002202
NEK10 (152110)	NEK10	0.613531652917927
CCDC141 (285025)	CCDC141	0.0285691521967709
FEV (54738)	FEV	0
CRYBA2 (1412)	CRYBA2	0.650764559116902
IHH (3549)	IHH	3.20789285164133
CIP2A (57650)	CIP2A	4.42021289061078
EOMES (8320)	EOMES	0.0143552929770701
CWC22 (57703)	CWC22	4.02680005934372
AZI2 (64343)	AZI2	4.56864019541922
TGFBR2 (7048)	TGFBR2	4.9429835981871
RETNLB (84666)	RETNLB	1.23266075679027
ANKZF1 (55139)	ANKZF1	4.97865326490861
HDAC11 (79885)	HDAC11	3.11603199344711
FCRL4 (83417)	FCRL4	0
TRAT1 (50852)	TRAT1	0
FBLN2 (2199)	FBLN2	0.286881147788162
GLB1L (79411)	GLB1L	1.75702324650746
STT3B (201595)	STT3B	5.54225804976692
CHCHD4 (131474)	CHCHD4	3.83289001416474
DPPA2 (151871)	DPPA2	0
NFASC (23114)	NFASC	0.0565835283663675
FCRL1 (115350)	FCRL1	0
SGO2 (151246)	SGO2	2.81352468929781
SERPINI1 (5274)	SERPINI1	0.344828496997441
CLASP2 (23122)	CLASP2	2.76553474636298
SUCLG1 (8802)	SUCLG1	6.44972643325318
NUAK2 (81788)	NUAK2	1.62293035092018
SPTA1 (6708)	SPTA1	0
PRKCI (5584)	PRKCI	4.64443315240625
MNDA (4332)	MNDA	0
PYHIN1 (149628)	PYHIN1	0
IFI16 (3428)	IFI16	0.20163386116965
AIM2 (9447)	AIM2	0
EFHB (151651)	EFHB	0.333423733725192
EIF5A2 (56648)	EIF5A2	1.53106949272595
SLC2A2 (6514)	SLC2A2	0.344828496997441
RPL22L1 (200916)	RPL22L1	6.46988597627446
FABP1 (2168)	FABP1	4.47702965301306
PPM1L (151742)	PPM1L	1.29278174922785
ICA1L (130026)	ICA1L	0.137503523749935
CTLA4 (1493)	CTLA4	0
ICOS (29851)	ICOS	0
RYBP (23429)	RYBP	2.43295940727611
PPP4R2 (151987)	PPP4R2	3.72900887033786
CD200R1 (131450)	CD200R1	0.070389327891398
GTPBP8 (29083)	GTPBP8	4.10013667128545
NEPRO (25871)	NEPRO	4.67919857056692
SPICE1 (152185)	SPICE1	3.12598165385472
CCDC191 (57577)	CCDC191	1.70929063572336
CADPS (8618)	CADPS	0.111031312388744
NKX6-1 (4825)	NKX6-1	0
CDS1 (1040)	CDS1	3.30597052098439
WDFY3 (23001)	WDFY3	3.29719141656586
COX18 (285521)	COX18	3.48026512205446
PTPN13 (5783)	PTPN13	2.0036022366802
SYNPR (132204)	SYNPR	0
ALB (213)	ALB	0.978195629681652
C3orf49 (132200)	C3orf49	0.070389327891398
C4orf36 (132989)	C4orf36	1.41683974191283
THOC7 (80145)	THOC7	5.64038956005495
ATXN7 (6314)	ATXN7	2.53106949272595
PSMD6 (9861)	PSMD6	5.82603995889619
PRICKLE2 (166336)	PRICKLE2	0.0285691521967709
ADAMTS9 (56999)	ADAMTS9	0.27500704749987
PPM1K (152926)	PPM1K	1.43295940727611
ERICH6 (131831)	ERICH6	0.0143552929770701
CLRN1 (7401)	CLRN1	0
GMPS (8833)	GMPS	5.48220292629596
TIPARP (25976)	TIPARP	4.39985467357243
CCNL1 (57018)	CCNL1	6.17472598770613
PTX3 (5806)	PTX3	0
HESX1 (8820)	HESX1	0.400537929583729
DCLK3 (85443)	DCLK3	0
SLMAP (7871)	SLMAP	4.46532151358055
RPL9 (6133)	RPL9	10.6924411473478
SMIM14 (201895)	SMIM14	3.32481060342048
RPP14 (11102)	RPP14	2.73768676140986
ABHD6 (57406)	ABHD6	1.85199883711245
DNASE1L3 (1776)	DNASE1L3	0.0285691521967709
C3orf67 (200844)	C3orf67	0.713695814843359
RBM47 (54502)	RBM47	5.59514556799086
APBB2 (323)	APBB2	2.10097764772482
IL17RE (132014)	IL17RE	3.65764000520782
IL17RC (84818)	IL17RC	2.87184364850932
CRELD1 (78987)	CRELD1	3.66220549965362
PRRT3 (285368)	PRRT3	0.526068811667588
FANCD2OS (115795)	FANCD2OS	0
PCOLCE2 (26577)	PCOLCE2	2.0496307677246
U2SURP (23350)	U2SURP	6.15461561132689
MTMR14 (64419)	MTMR14	3.93168305705981
TTC14 (151613)	TTC14	4.16912328147676
CXCL3 (2921)	CXCL3	1.33342373372519
CXCL5 (6374)	CXCL5	0.150559676575381
PPBP (5473)	PPBP	0
PF4 (5196)	PF4	0.604071323668861
MTHFD2L (441024)	MTHFD2L	3.66902676550963
CXCL1 (2919)	CXCL1	2.05658352836637
RCHY1 (25898)	RCHY1	4.98823022306046
PLSCR2 (57047)	PLSCR2	0.070389327891398
CCDC158 (339965)	CCDC158	0
CPA3 (1359)	CPA3	0
GYG1 (2992)	GYG1	4.74792441623844
HPS3 (84343)	HPS3	3.88459792099006
TM4SF18 (116441)	TM4SF18	0.0565835283663675
TOPBP1 (11073)	TOPBP1	5.09212284983868
RYK (6259)	RYK	5.01122725542325
SNRK (54861)	SNRK	1.6915341649192
TCF23 (150921)	TCF23	0
DNAJC5G (285126)	DNAJC5G	0
UCN (7349)	UCN	0.464668267003444
ZNF513 (130557)	ZNF513	3.8073549220576
SLC4A1AP (22950)	SLC4A1AP	4.36387192485753
PLB1 (151056)	PLB1	0.176322772640463
SPDYA (245711)	SPDYA	0.422233000683048
KIAA1143 (57456)	KIAA1143	3.25096157353322
KIF15 (56992)	KIF15	3.24640808724638
TGM4 (7047)	TGM4	0
WDR43 (23160)	WDR43	5.05398016818765
ZDHHC3 (51304)	ZDHHC3	5.62439338221977
CDCP1 (64866)	CDCP1	2.92789645372882
CLEC3B (7123)	CLEC3B	0
SLC6A20 (54716)	SLC6A20	1.73984810269933
LZTFL1 (54585)	LZTFL1	3.41413553298445
FYCO1 (79443)	FYCO1	2.3533232911629
CCR1 (1230)	CCR1	0
RTP3 (83597)	RTP3	0.250961573533219
LRRC2 (79442)	LRRC2	0.0976107966264223
ELP6 (54859)	ELP6	4.75488750216347
FBXO40 (51725)	FBXO40	0
DTX3L (151636)	DTX3L	3.59693514238723
ZNF148 (7707)	ZNF148	3.34198574722862
NMNAT3 (349565)	NMNAT3	0.286881147788162
SMIM12 (113444)	SMIM12	4.8073549220576
ZMYM6 (9204)	ZMYM6	2.57046293102604
TPRA1 (131601)	TPRA1	4.71534429535891
YEATS2 (55689)	YEATS2	4.34411833452143
GRIK3 (2899)	GRIK3	0
ZC3H12A (80149)	ZC3H12A	3.68929916053589
MEAF6 (64769)	MEAF6	5.3110671022556
SNIP1 (79753)	SNIP1	2.93545974780529
DNALI1 (7802)	DNALI1	0.411426245726465
POLR2H (5437)	POLR2H	7.15613365191544
KLF15 (28999)	KLF15	1.71808758396052
CFAP100 (348807)	CFAP100	0.650764559116902
CAMK2N2 (94032)	CAMK2N2	0.16349873228288
LIPH (200879)	LIPH	3.36597242759338
TMEM41A (90407)	TMEM41A	3.9174317553901
RPN1 (6184)	RPN1	7.58841482364418
SENP2 (59343)	SENP2	4.24107745817504
HEYL (26508)	HEYL	0.070389327891398
IFT122 (55764)	IFT122	4.10517519226548
RHO (6010)	RHO	0
RFC4 (5984)	RFC4	5.68650052718322
RPL39L (116832)	RPL39L	0.0976107966264223
BAP1 (8314)	BAP1	4.49825086752783
TKT (7086)	TKT	8.13760598424789
PRKCD (5580)	PRKCD	4.63284983011771
RFT1 (91869)	RFT1	4.1168637576909
SFMBT1 (51460)	SFMBT1	3.48928602262588
GNL3 (26354)	GNL3	6.68594014844598
PBRM1 (55193)	PBRM1	3.84297883178833
UVSSA (57654)	UVSSA	3.92219784839637
FAM208A (23272)	FAM208A	4.50143914515887
ARHGEF3 (50650)	ARHGEF3	2.58976348698498
SLBP (7884)	SLBP	6.32553033156756
LRPAP1 (4043)	LRPAP1	6.47540919340106
ZDHHC19 (131540)	ZDHHC19	0
SLC51A (200931)	SLC51A	1.09085343045111
UBXN7 (26043)	UBXN7	3.4276061727819
RNF168 (165918)	RNF168	3.34198574722862
PIGX (54965)	PIGX	3.49185309632967
MELTF (4241)	MELTF	1.97085365434048
OTOP1 (133060)	OTOP1	0
S100P (6286)	S100P	8.78620427191941
ABLIM2 (84448)	ABLIM2	0.176322772640463
EXO5 (64789)	EXO5	3.62643913669732
CLDN19 (149461)	CLDN19	0.0285691521967709
C1orf50 (79078)	C1orf50	1.92219784839637
ERMAP (114625)	ERMAP	2.58014548442338
ZNF691 (51058)	ZNF691	2.69376571221778
AIMP1 (9255)	AIMP1	5.36387192485753
SGMS2 (166929)	SGMS2	3.73443866613717
METAP1 (23173)	METAP1	5.68537955195908
DNAJB14 (79982)	DNAJB14	4.60169651648096
H2AFZ (3015)	H2AFZ	9.82150295302567
EMCN (51705)	EMCN	0
SLC9B1 (150159)	SLC9B1	0.111031312388744
SLC9B2 (133308)	SLC9B2	1.64616265715789
BDH2 (56898)	BDH2	3.0686708106651
PGRMC2 (10424)	PGRMC2	5.05050169744673
CDC25A (993)	CDC25A	3.40599235967584
CAMP (820)	CAMP	0
ZNF589 (51385)	ZNF589	2.45154083301783
FBXW12 (285231)	FBXW12	0.367371065648529
PLXNB1 (5364)	PLXNB1	6.39985467357243
CCDC51 (79714)	CCDC51	3.8011586560937
ATRIP (84126)	ATRIP	1.70487196445635
SHISA5 (51246)	SHISA5	5.21412480535285
SPRY1 (10252)	SPRY1	4.20945336562895
BSN (8927)	BSN	0.111031312388744
APEH (327)	APEH	6.95070169008901
INTU (27152)	INTU	1.36176835941915
RNF123 (63891)	RNF123	3.78240856492737
HSPA4L (22824)	HSPA4L	3.64846544302731
MFSD8 (256471)	MFSD8	3.1586601753465
ABHD18 (80167)	ABHD18	2.82781902461732
CAMKV (79012)	CAMKV	0.0840642647884745
MON1A (84315)	MON1A	2.76553474636298
MST1R (4486)	MST1R	5.56711948795167
RAD54L2 (23132)	RAD54L2	2.18586654531133
TEX264 (51368)	TEX264	4.29645740737124
GRM2 (2912)	GRM2	0
DUSP7 (1849)	DUSP7	2.70929063572336
POC1A (25886)	POC1A	3.57167680997093
PPM1M (132160)	PPM1M	1.96347412397489
ETNPPL (64850)	ETNPPL	0
WDR82 (80335)	WDR82	4.97498811199193
PITX2 (5308)	PITX2	2.87970576628229
C4orf3 (401152)	C4orf3	5.48026512205446
PRSS12 (8492)	PRSS12	1.31614574229336
NDST3 (9348)	NDST3	0
HMGB2 (3148)	HMGB2	8.40731025831819
SAP30 (8819)	SAP30	3.39369076418745
SCRG1 (11341)	SCRG1	0.0143552929770701
HAND2 (9464)	HAND2	0.0976107966264223
MAD2L1 (4085)	MAD2L1	6.17592374206376
ANXA5 (308)	ANXA5	7.87030306463176
TMEM155 (132332)	TMEM155	0
ADAD1 (132612)	ADAD1	0
MAP9 (79884)	MAP9	0.0426443374084937
GUCY1A1 (2982)	GUCY1A1	0.367371065648529
FBXO8 (26269)	FBXO8	2.82374936030827
CEP44 (80817)	CEP44	2.8499992594661
HPGD (3248)	HPGD	4.26303440583379
ASB5 (140458)	ASB5	0
C4orf45 (152940)	C4orf45	0.0426443374084937
TMEM144 (55314)	TMEM144	2.06695024392463
FAM198B (51313)	FAM198B	3.82984955984469
NPY1R (4886)	NPY1R	0.0840642647884745
NPY5R (4889)	NPY5R	0
NAA15 (80155)	NAA15	4.46532151358055
IL15 (3600)	IL15	1.97452931248388
FAM160A1 (729830)	FAM160A1	1.18903382439002
ARFIP1 (27236)	ARFIP1	4.72574115650395
ICE1 (23379)	ICE1	3.89627184880738
HHIP (64399)	HHIP	0.0426443374084937
ANAPC10 (10393)	ANAPC10	4.17152710603881
ABCE1 (6059)	ABCE1	5.87282875953489
OTUD4 (54726)	OTUD4	3.78450398292957
LSM6 (11157)	LSM6	6.03099811817189
TMEM184C (55751)	TMEM184C	3.13422093976063
PRMT9 (90826)	PRMT9	2.01077983875324
ITGA2 (3673)	ITGA2	3.29130885982897
MOCS2 (4338)	MOCS2	4.99774402605963
SLC45A2 (51151)	SLC45A2	0.070389327891398
EDIL3 (10085)	EDIL3	0.0143552929770701
TMEM161B (153396)	TMEM161B	3.68144926531496
ELOVL7 (79993)	ELOVL7	2.71149490665009
NDUFAF2 (91942)	NDUFAF2	6.09592441999854
ZNF474 (133923)	ZNF474	0.150559676575381
LMBRD2 (92255)	LMBRD2	2.10097764772482
RANBP3L (202151)	RANBP3L	0.0285691521967709
NIPBL (25836)	NIPBL	4.16671544496642
RNF180 (285671)	RNF180	0.0143552929770701
ADGRV1 (84059)	ADGRV1	0.31034012061215
SLC25A46 (91137)	SLC25A46	4.29057185085208
STARD4 (134429)	STARD4	3.85996954822103
PGGT1B (5229)	PGGT1B	3.96254902292306
F2RL2 (2151)	F2RL2	0.137503523749935
CCDC112 (153733)	CCDC112	3.14404636961671
ANKRD33B (651746)	ANKRD33B	0
CMBL (134147)	CMBL	5.90086680798075
C5orf63 (401207)	C5orf63	3.24944534108584
PRRC1 (133619)	PRRC1	4.82984955984469
F2RL1 (2150)	F2RL1	4.85299758761332
AGGF1 (55109)	AGGF1	3.33199177823206
WDR41 (55255)	WDR41	3.73660487531425
PRDM9 (56979)	PRDM9	0
NDUFS4 (4724)	NDUFS4	6.56544485625942
SCGB3A2 (117156)	SCGB3A2	0
SPINK1 (6690)	SPINK1	7.05104576165383
HTR4 (3360)	HTR4	0
ESM1 (11082)	ESM1	0.0143552929770701
GRPEL2 (134266)	GRPEL2	3.58135124716878
CDC20B (166979)	CDC20B	0
ARSK (153642)	ARSK	1.56071495447448
RHOBTB3 (22836)	RHOBTB3	3.69376571221778
GPX8 (493869)	GPX8	1.72683121703249
TIGD6 (81789)	TIGD6	1.38404980679516
SPZ1 (84654)	SPZ1	0
SERINC5 (256987)	SERINC5	4.62585493136806
ENPP6 (133121)	ENPP6	0
CAGE1 (285782)	CAGE1	0
CASP3 (836)	CASP3	3.64154602908752
PRIMPOL (201973)	PRIMPOL	2.29278174922785
ERAP1 (51752)	ERAP1	2.54596836910529
ERAP2 (64167)	ERAP2	3.83289001416474
CMYA5 (202333)	CMYA5	0.214124805352847
EGFLAM (133584)	EGFLAM	0
CFAP97 (57587)	CFAP97	3.55458885167764
TMEM174 (134288)	TMEM174	0
CARTPT (9607)	CARTPT	0
RICTOR (253260)	RICTOR	3.07553263116736
TENT2 (167153)	TENT2	4.14159627838382
EBF1 (1879)	EBF1	0.0565835283663675
ANKRA2 (57763)	ANKRA2	3.07210580048042
UBLCP1 (134510)	UBLCP1	3.35049724708413
FAM170A (340069)	FAM170A	0.0976107966264223
UTP15 (84135)	UTP15	3.90881290773955
TLR3 (7098)	TLR3	0.659924558402378
KLKB1 (3818)	KLKB1	0
NSA2 (10412)	NSA2	7.33985000288462
GFM2 (84340)	GFM2	4.43028527297778
TERT (7015)	TERT	0.575312330687437
SLC6A18 (348932)	SLC6A18	0
CCDC127 (133957)	CCDC127	2.34198574722862
FOXQ1 (94234)	FOXQ1	4.5909612413426
ADGRF2 (222611)	ADGRF2	0.070389327891398
ACSL6 (23305)	ACSL6	0.0143552929770701
IL3 (3562)	IL3	0
CSF2 (1437)	CSF2	0.137503523749935
SEPT8 (23176)	SEPT8	4.86492897228979
SHROOM1 (134549)	SHROOM1	3.68706068833989
GDF9 (2661)	GDF9	0.189033824390017
UQCRQ (27089)	UQCRQ	8.24612301659684
LEAP2 (116842)	LEAP2	1.6915341649192
GJB7 (375519)	GJB7	0.0143552929770701
SLC35A1 (10559)	SLC35A1	5.00180224263399
GRIK2 (2898)	GRIK2	0
CGAS (115004)	CGAS	2.61588707391606
FABP7 (2173)	FABP7	0.0426443374084937
TLX3 (30012)	TLX3	0
TXLNB (167838)	TXLNB	0
CITED2 (10370)	CITED2	2.59215800212536
CALHM4 (221301)	CALHM4	0
TBXT (6862)	TBXT	0
CREBRF (153222)	CREBRF	1.63226821549951
DCBLD1 (285761)	DCBLD1	2.73552217729654
SFXN1 (94081)	SFXN1	6.08555212720929
SAMD3 (154075)	SAMD3	0
TMEM200A (114801)	TMEM200A	0.0426443374084937
IL22RA2 (116379)	IL22RA2	0
DACT2 (168002)	DACT2	0
PDSS2 (57107)	PDSS2	3.01077983875324
SPATA48 (100130988)	SPATA48	0
STXBP5 (134957)	STXBP5	2.47508488294878
HIST1H2AA (221613)	HIST1H2AA	0
IL31RA (133396)	IL31RA	0.0285691521967709
ANKRD55 (79722)	ANKRD55	0
RAET1E (135250)	RAET1E	0.799087306074004
PI16 (221476)	PI16	0.0426443374084937
TBX20 (57057)	TBX20	0
DAGLB (221955)	DAGLB	4.19377174339668
KIAA0895 (23366)	KIAA0895	2.02147972741045
STK17A (9263)	STK17A	2.65992455840238
TRA2A (29896)	TRA2A	6.90243541395902
GALNT10 (55568)	GALNT10	2.89530262133331
SAP30L (79685)	SAP30L	3.56803210477128
RPS14 (6208)	RPS14	11.4743143533158
HCN1 (348980)	HCN1	0.070389327891398
MYOZ3 (91977)	MYOZ3	0
COG5 (10466)	COG5	4.24488705912353
NEUROD6 (63974)	NEUROD6	0
BMT2 (154743)	BMT2	2.0496307677246
GPR85 (54329)	GPR85	0
SLU7 (10569)	SLU7	5.56529252058102
RP9 (6100)	RP9	3.94953493301701
PTTG1 (9232)	PTTG1	7.42332604706989
CAMLG (819)	CAMLG	4.22419466397043
FBXL21 (26223)	FBXL21	0
BMPER (168667)	BMPER	0.124328135002202
RELL2 (285613)	RELL2	3.34056226902641
KCNK5 (8645)	KCNK5	3.40463068421761
KIF6 (221458)	KIF6	0
ZNF12 (7559)	ZNF12	3.22804904788446
SLC29A4 (222962)	SLC29A4	2.21723071622067
TEX47 (219557)	TEX47	0
STEAP1 (26872)	STEAP1	2.43562859405209
CDCA7L (55536)	CDCA7L	5.48123434952853
SP8 (221833)	SP8	0
MIOS (54468)	MIOS	3.53480866123175
KIAA1324L (222223)	KIAA1324L	0.411426245726465
USP49 (25862)	USP49	1.93734439215023
SYTL3 (94120)	SYTL3	0.53605290024021
IQUB (154865)	IQUB	0.20163386116965
HEY1 (23462)	HEY1	0.286881147788162
ZNF704 (619279)	ZNF704	0.505890929729957
FABP5 (2171)	FABP5	6.71671659170597
SHH (6469)	SHH	3.74416109557041
TAGAP (117289)	TAGAP	0.0143552929770701
COL1A2 (1278)	COL1A2	0.27500704749987
FNDC1 (84624)	FNDC1	0
CHMP4C (92421)	CHMP4C	4.93404464711225
SLC13A4 (26266)	SLC13A4	0.641546029087524
PGAM2 (5224)	PGAM2	0.0976107966264223
BRI3 (25798)	BRI3	6.82680268428583
LMTK2 (22853)	LMTK2	3.70265754339091
SLC35G3 (146861)	SLC35G3	0
CTSB (1508)	CTSB	5.36632221424582
SOX17 (64321)	SOX17	0.0285691521967709
DLC1 (10395)	DLC1	0.27500704749987
ADCY1 (107)	ADCY1	0.0143552929770701
C8orf48 (157773)	C8orf48	0
SUN3 (256979)	SUN3	0.150559676575381
C7orf57 (136288)	C7orf57	0.0426443374084937
HNF4G (3174)	HNF4G	3.92884403671257
PEX2 (5828)	PEX2	4.72410451986685
RAD21 (5885)	RAD21	8.32741791140498
SLC30A8 (169026)	SLC30A8	0
MED30 (90390)	MED30	5.41312014640349
TNFRSF11B (4982)	TNFRSF11B	1.06350294230616
SBSPON (157869)	SBSPON	3.99186193055632
PHKG1 (5260)	PHKG1	0.790772037862
EN2 (2020)	EN2	0.0143552929770701
KCNV1 (27012)	KCNV1	0
CSMD3 (114788)	CSMD3	0
SPIDR (23514)	SPIDR	5.15785216914174
ORC5 (5001)	ORC5	4.46793154602629
DEFA5 (1670)	DEFA5	0.176322772640463
DNAAF5 (54919)	DNAAF5	5.09000652990382
DEFA4 (1669)	DEFA4	0
DEFA6 (1671)	DEFA6	0
OSGIN2 (734)	OSGIN2	2.98550043030489
DEFB1 (1672)	DEFB1	2.03210084316702
SUN1 (23353)	SUN1	6.50303064564116
OXR1 (55074)	OXR1	4.16912328147676
TMEM74 (157753)	TMEM74	0
GPR146 (115330)	GPR146	1.07724299893246
GPER1 (2852)	GPER1	0.903038270112912
UNCX (340260)	UNCX	0
TMEM184A (202915)	TMEM184A	4.18348651445939
NOS3 (4846)	NOS3	2.64616265715789
SPAG11B (10407)	SPAG11B	0
MICALL2 (79778)	MICALL2	5.52481592835751
CA3 (761)	CA3	0.333423733725192
INTS1 (26173)	INTS1	5.94368695159709
CDK5 (1020)	CDK5	4.77610398807316
SLC4A2 (6522)	SLC4A2	7.43829285157915
SLC7A13 (157724)	SLC7A13	0.111031312388744
FASTK (10922)	FASTK	6.13504228623365
TMUB1 (83590)	TMUB1	6.45664189864216
FMC1 (154791)	FMC1	3.94204525991605
GBX1 (2636)	GBX1	0.0840642647884745
PHAX (51808)	PHAX	4.6564963705535
ALDH7A1 (501)	ALDH7A1	4.86888427302877
FOXK1 (221937)	FOXK1	3.89820835250872
COX6C (1345)	COX6C	8.05652933958424
OSR2 (116039)	OSR2	1.53605290024021
YWHAZ (7534)	YWHAZ	8.61102479730735
BAALC (79870)	BAALC	0.124328135002202
FZD6 (8323)	FZD6	3.78240856492737
CTHRC1 (115908)	CTHRC1	0.545968369105293
SLC25A32 (81034)	SLC25A32	4.32696871158789
DCAF13 (25879)	DCAF13	6.18189764310839
DCSTAMP (81501)	DCSTAMP	0
TP53INP1 (94241)	TP53INP1	1.34482849699744
INTS8 (55656)	INTS8	4.59395128394841
VIRMA (25962)	VIRMA	4.40122086216022
FREM1 (158326)	FREM1	0.0426443374084937
GEM (2669)	GEM	0.53605290024021
PDP1 (54704)	PDP1	2.32192809488736
TMEM67 (91147)	TMEM67	2.59693514238723
WASHC5 (9897)	WASHC5	5.9546616208379
RPP25L (138716)	RPP25L	4.94157586181824
FAM219A (203259)	FAM219A	2.60880924267552
C9orf24 (84688)	C9orf24	0.815575428862573
SNAPC3 (6619)	SNAPC3	4.05571626351254
MYORG (57462)	MYORG	4.12184429787638
NUDT2 (318)	NUDT2	4.47443604325227
TMEM65 (157378)	TMEM65	3.14893410452634
PSIP1 (11168)	PSIP1	5.77241355474848
CCDC171 (203238)	CCDC171	0.485426827170242
UBAP1 (51271)	UBAP1	4.85549144310187
DIRAS2 (54769)	DIRAS2	0.0143552929770701
SYK (6850)	SYK	3.95419631038688
NIPSNAP3B (55335)	NIPSNAP3B	0.485426827170242
ABCA1 (19)	ABCA1	0.7311832415722
NFIL3 (4783)	NFIL3	2.79285535236249
LETM2 (137994)	LETM2	2.14404636961671
METTL2B (55798)	METTL2B	4.47313748777226
PRKACG (5568)	PRKACG	0
FXN (2395)	FXN	3.90689059560852
ZMAT4 (79698)	ZMAT4	0
NKX6-3 (157848)	NKX6-3	0
TMEM71 (137835)	TMEM71	0.124328135002202
MAMDC2 (256691)	MAMDC2	0.344828496997441
PRSS37 (136242)	PRSS37	0.0976107966264223
CPA6 (57094)	CPA6	0
C8orf34 (116328)	C8orf34	0.0143552929770701
TMC1 (117531)	TMC1	0.31034012061215
ALDH1A1 (216)	ALDH1A1	8.68166008803984
KDM1B (221656)	KDM1B	3.78764141448333
HGSNAT (138050)	HGSNAT	1.34482849699744
RASEF (158158)	RASEF	4.20398416585599
GKAP1 (80318)	GKAP1	1.34482849699744
KIF27 (55582)	KIF27	1.01435529297707
C9orf64 (84267)	C9orf64	3.61235249875266
HNRNPK (3190)	HNRNPK	9.09671515448854
SSMEM1 (136263)	SSMEM1	0
SVEP1 (79987)	SVEP1	0.0143552929770701
TRPV6 (55503)	TRPV6	0.7311832415722
LLCFC1 (135927)	LLCFC1	0
ANKS6 (203286)	ANKS6	4.1554254317472
FBP1 (2203)	FBP1	5.94321808742628
TMEM246 (84302)	TMEM246	0.0285691521967709
ZHX1 (11244)	ZHX1	5.0574502721839
CFAP47 (286464)	CFAP47	0.0143552929770701
CYBB (1536)	CYBB	0.584962500721156
DYNLT3 (6990)	DYNLT3	4.29057185085208
METTL27 (155368)	METTL27	3.15380533607904
MID1IP1 (58526)	MID1IP1	4.83339613416323
C9orf84 (158401)	C9orf84	0
CXorf58 (254158)	CXorf58	0.137503523749935
KIAA1958 (158405)	KIAA1958	2.71149490665009
PTCHD1 (139411)	PTCHD1	0
RNF183 (138065)	RNF183	2.71808758396052
ASB11 (140456)	ASB11	0
PCDH19 (57526)	PCDH19	0.0143552929770701
PIGA (5277)	PIGA	2.32481060342048
VEGFD (2277)	VEGFD	0
OR1Q1 (158131)	OR1Q1	0
OR1K1 (392392)	OR1K1	0
STRBP (55342)	STRBP	4.78345665436024
CLDN3 (1365)	CLDN3	6.97188838007859
GAPVD1 (26130)	GAPVD1	3.98823022306046
CARD19 (84270)	CARD19	5.40053792958373
WNK2 (65268)	WNK2	4.46008724011683
ATP7A (538)	ATP7A	2.23878685958712
ZNF367 (195828)	ZNF367	2.84398384404833
NLGN4Y (22829)	NLGN4Y	0
HDX (139324)	HDX	0
NDUFB6 (4712)	NDUFB6	5.8703647195834
AQP7 (364)	AQP7	0.918386234446348
NOL6 (65083)	NOL6	4.65306001710456
AQP3 (360)	AQP3	5.19455988602261
TRMT10B (158234)	TRMT10B	2.35614381022528
VCP (7415)	VCP	7.55604615825717
PIGO (84720)	PIGO	4.49249415167943
STOML2 (30968)	STOML2	7.29121675429436
BRWD3 (254065)	BRWD3	2.25096157353322
SLITRK5 (26050)	SLITRK5	0
MELK (9833)	MELK	4.36806987653208
ARMC3 (219681)	ARMC3	0
OTUD1 (220213)	OTUD1	0.713695814843359
ARHGAP12 (94134)	ARHGAP12	4.87725345387661
FAT3 (120114)	FAT3	0
DEUP1 (159989)	DEUP1	0
HECTD2 (143279)	HECTD2	0.970853654340484
SLC7A3 (84889)	SLC7A3	0
FBXO33 (254170)	FBXO33	2.30451104180995
INTS6L (203522)	INTS6L	0.454175893185802
GPR101 (83550)	GPR101	0
CLDN2 (9075)	CLDN2	4.22110372536788
LRFN5 (145581)	LRFN5	0
LRRC18 (474354)	LRRC18	0
SPTSSA (171546)	SPTSSA	3.8972404255748
WRN (7486)	WRN	1.70043971814109
MARCH8 (220972)	MARCH8	2.7158933705476
TSHR (7253)	TSHR	0.0143552929770701
CFL2 (1073)	CFL2	1.67355642399014
SUGT1 (10910)	SUGT1	5.9114519116266
GTF2A1 (2957)	GTF2A1	3.05484847699562
ZCCHC24 (219654)	ZCCHC24	0.250961573533219
PGM2L1 (283209)	PGM2L1	0.75702324650746
PHYHIPL (84457)	PHYHIPL	0
SLC16A9 (220963)	SLC16A9	0
FOLR2 (2350)	FOLR2	0
INPPL1 (3636)	INPPL1	5.80838505065609
PHOX2A (401)	PHOX2A	0.0285691521967709
MBL2 (4153)	MBL2	0
GJB2 (2706)	GJB2	4.98777561614291
CRYL1 (51084)	CRYL1	3.45549162062847
REEP3 (221035)	REEP3	3.03738222200308
HEPACAM (220296)	HEPACAM	0
SKA3 (221150)	SKA3	4.94532677726463
MICU2 (221154)	MICU2	5.78868571061353
DDIAS (220042)	DDIAS	3.54225804976692
PCF11 (51585)	PCF11	4.95977015521147
PKNOX2 (63876)	PKNOX2	0
RPL10L (140801)	RPL10L	0
LRR1 (122769)	LRR1	4.39163026151743
RPL36AL (6166)	RPL36AL	7.97630634841999
DNAAF2 (55172)	DNAAF2	2.96716860753263
DEPP1 (11067)	DEPP1	1.68706068833989
MAGEC3 (139081)	MAGEC3	0
ZNF22 (7570)	ZNF22	4.24716800037477
KLHDC2 (23588)	KLHDC2	4.59991284218713
EML5 (161436)	EML5	0.0426443374084937
NEMF (9147)	NEMF	4.0686708106651
RPUSD4 (84881)	RPUSD4	5.35966172233388
ARF6 (382)	ARF6	4.89336221076387
TTC8 (123016)	TTC8	2.43829285157915
TMEM63C (57156)	TMEM63C	1.78659636189081
NGB (58157)	NGB	0
NOXRED1 (122945)	NOXRED1	0.0426443374084937
CDX2 (1045)	CDX2	2.75915583380027
AMER2 (219287)	AMER2	0
AKR1E2 (83592)	AKR1E2	1.08406426478847
KBTBD6 (89890)	KBTBD6	2.48026512205446
SSX5 (6758)	SSX5	0
SSX3 (10214)	SSX3	0
OTX2 (5015)	OTX2	0
FAAH2 (158584)	FAAH2	2.84398384404833
DRGX (644168)	DRGX	0
NUDT5 (11164)	NUDT5	6.07724299893246
DACT1 (51339)	DACT1	0.124328135002202
OXGR1 (27199)	OXGR1	0
UCMA (221044)	UCMA	0
BEND7 (222389)	BEND7	0.0840642647884745
ATP5F1C (509)	ATP5F1C	8.63546419816788
PRPF18 (8559)	PRPF18	4.25625587320273
TAF3 (83860)	TAF3	2.24184018356467
VSTM4 (196740)	VSTM4	0
VDAC2 (7417)	VDAC2	7.16057737834079
SOHLH1 (402381)	SOHLH1	0
COMTD1 (118881)	COMTD1	4.66505161428921
SLC18A2 (6571)	SLC18A2	0.31034012061215
PDZD8 (118987)	PDZD8	4.91312876781974
ZNF503 (84858)	ZNF503	2.76553474636298
ABRAXAS2 (23172)	ABRAXAS2	3.35614381022528
QSOX2 (169714)	QSOX2	4.24184018356467
FAM204A (63877)	FAM204A	5.20006486151431
NSD1 (64324)	NSD1	3.93262815702213
PRDX3 (10935)	PRDX3	7.79363582035063
ENOX2 (10495)	ENOX2	3.29130885982897
GHITM (27069)	GHITM	7.58736499093646
CLEC1B (51266)	CLEC1B	0
SNAPC4 (6621)	SNAPC4	3.46074256378964
TMEM52B (120939)	TMEM52B	0.0143552929770701
PMPCA (23203)	PMPCA	7.13524754980957
ENTR1 (10807)	ENTR1	5.9979697822671
FRMD7 (90167)	FRMD7	0
AK8 (158067)	AK8	0.176322772640463
SPACA9 (11092)	SPACA9	1.09761079662642
TSC1 (7248)	TSC1	3.89336221076387
GFI1B (8328)	GFI1B	0.0426443374084937
HPRT1 (3251)	HPRT1	5.82578562746479
BORCS5 (118426)	BORCS5	2.09423606984577
FAM69B (138311)	FAM69B	0.992768430768924
ZMYND19 (116225)	ZMYND19	4.99684064779537
STOX1 (219736)	STOX1	0.863938450423971
RET (5979)	RET	0.0143552929770701
DDX21 (9188)	DDX21	6.42441826594578
BMS1 (9790)	BMS1	4.1586601753465
STK32C (282974)	STK32C	3.65420637794429
JCAD (57608)	JCAD	1.33913738491959
OR4K2 (390431)	OR4K2	0
FUNDC2 (65991)	FUNDC2	6.33521168170579
PIP4P1 (90809)	PIP4P1	4.20867331962947
METTL17 (64745)	METTL17	5.01077983875324
SLC39A2 (29986)	SLC39A2	0.0285691521967709
NDRG2 (57447)	NDRG2	3.90110824301451
RNASE7 (84659)	RNASE7	0.0285691521967709
ARHGEF40 (55701)	ARHGEF40	3.34908214639109
NSMF (26012)	NSMF	5.00135189299996
ZNF219 (51222)	ZNF219	3.09929520433778
C12orf50 (160419)	C12orf50	0.0143552929770701
CASP7 (840)	CASP7	4.43028527297778
PPP1R36 (145376)	PPP1R36	0.0976107966264223
BTNL9 (153579)	BTNL9	4.89917563048051
CCDC186 (55088)	CCDC186	3.27947129564447
VWA2 (340706)	VWA2	3.08915913191124
METTL3 (56339)	METTL3	4.92124588858559
SALL2 (6297)	SALL2	0.0426443374084937
PRAP1 (118471)	PRAP1	3.33771109212829
TRUB1 (142940)	TRUB1	3.82680268428583
ERICH6B (220081)	ERICH6B	0.454175893185802
CYP2C19 (1557)	CYP2C19	0.0285691521967709
ZFYVE1 (53349)	ZFYVE1	1.83592407425437
C10orf82 (143379)	C10orf82	0.0285691521967709
HSPA12A (259217)	HSPA12A	0.887525270741587
FRAT1 (10023)	FRAT1	1.52105073690096
UBTD1 (80019)	UBTD1	2.29572302453997
ANKRD2 (26287)	ANKRD2	0.070389327891398
E2F7 (144455)	E2F7	2.8011586560937
ARHGAP42 (143872)	ARHGAP42	2.62760683812965
ISCA2 (122961)	ISCA2	3.5933537709803
OTOGL (283310)	OTOGL	0.124328135002202
LARGE2 (120071)	LARGE2	1.16992500144231
PACSIN3 (29763)	PACSIN3	1.29278174922785
TTC7B (145567)	TTC7B	0.55581615506164
SLC39A13 (91252)	SLC39A13	4.10433665981474
PSMC3 (5702)	PSMC3	7.88319312479345
RAPSN (5913)	RAPSN	0.124328135002202
AGBL2 (79841)	AGBL2	1.15704371014558
TC2N (123036)	TC2N	4.32768736417605
CPSF2 (53981)	CPSF2	4.45483390689887
SMCO2 (341346)	SMCO2	0.298658315564515
MOAP1 (64112)	MOAP1	3.81762325751143
IFI27L1 (122509)	IFI27L1	3.78450398292957
IFI27 (3429)	IFI27	5.38301301548867
SERPINA12 (145264)	SERPINA12	0
CLMN (79789)	CLMN	2.60880924267552
PDZRN4 (29951)	PDZRN4	0
SLC6A5 (9152)	SLC6A5	0
CCDC38 (120935)	CCDC38	0.0143552929770701
NELL1 (4745)	NELL1	0.0143552929770701
PTER (9317)	PTER	3.01613970265525
C1QL3 (389941)	C1QL3	0.505890929729957
CACNB2 (783)	CACNB2	0.37851162325373
HACD1 (9200)	HACD1	2.58976348698498
ARL5B (221079)	ARL5B	3.18269229751619
SMCO4 (56935)	SMCO4	5.80555042521086
CEP295 (85459)	CEP295	3.22804904788446
KCNC2 (3747)	KCNC2	0.0143552929770701
TAF1D (79101)	TAF1D	7.30496728767596
ABTB2 (25841)	ABTB2	3.36876834909033
R3HCC1L (27291)	R3HCC1L	2.79701297783614
AMOTL1 (154810)	AMOTL1	0.0285691521967709
HTRA1 (5654)	HTRA1	0.189033824390017
LIPC (3990)	LIPC	0.0285691521967709
CEP57 (9702)	CEP57	5.114367024952
TCP11L2 (255394)	TCP11L2	2.13422093976063
PASD1 (139135)	PASD1	0.0143552929770701
SPRED1 (161742)	SPRED1	4.41345868800798
TMCO5A (145942)	TMCO5A	0
GPR176 (11245)	GPR176	0.411426245726465
JAM3 (83700)	JAM3	1.05658352836637
IL25 (64806)	IL25	0
CMTM5 (116173)	CMTM5	0.0285691521967709
GLB1L3 (112937)	GLB1L3	0.0143552929770701
ADAMTS15 (170689)	ADAMTS15	0.0143552929770701
SVOP (55530)	SVOP	0.111031312388744
SPATA19 (219938)	SPATA19	0
GPT2 (84706)	GPT2	6.08214904135387
AMN (81693)	AMN	1.47508488294878
RAB8B (51762)	RAB8B	1.72246602447109
IKBIP (121457)	IKBIP	2.16027483140859
RPUSD2 (27079)	RPUSD2	3.52732060787705
HIF1AN (55662)	HIF1AN	3.34908214639109
NDUFB8 (4714)	NDUFB8	7.37729730642785
ZFYVE19 (84936)	ZFYVE19	4.96716860753263
PPP1R14D (54866)	PPP1R14D	1.799087306074
SPINT1 (6692)	SPINT1	7.29195343397636
FBN1 (2200)	FBN1	0.124328135002202
AVPR1A (552)	AVPR1A	0
C16orf78 (123970)	C16orf78	0
DEPDC4 (120863)	DEPDC4	1.71808758396052
LRTM2 (654429)	LRTM2	0
OPN1MW2 (728458)	OPN1MW2	0
BRD7 (29117)	BRD7	5.73063995591679
CKB (1152)	CKB	7.83869970177424
TRMT61A (115708)	TRMT61A	3.55581615506164
BTRC (8945)	BTRC	1.86393845042397
POLL (27343)	POLL	4.29130885982897
BAG5 (9529)	BAG5	3.94766615679601
DPCD (25911)	DPCD	5.67327373660982
LARP6 (55323)	LARP6	1.91838623444635
API5 (8539)	API5	6.22458056608344
ASPG (374569)	ASPG	0.189033824390017
ZNF319 (57567)	ZNF319	1.37295209791183
HPS6 (79803)	HPS6	3.50842865253186
SENP8 (123228)	SENP8	1.11103131238874
NOLC1 (9221)	NOLC1	7.11811050560737
ALKBH3 (221120)	ALKBH3	4.67185946824748
COPS2 (9318)	COPS2	6.10664145232436
GABRB3 (2562)	GABRB3	0
SPIC (121599)	SPIC	0
TBATA (219793)	TBATA	0
SGPL1 (8879)	SGPL1	4.41481206056585
FRS2 (10818)	FRS2	3.26753579806873
CCT2 (10576)	CCT2	8.20217281094583
PCBD1 (5092)	PCBD1	7.11405462933039
ARIH1 (25820)	ARIH1	4.55642941544957
C16orf71 (146562)	C16orf71	0.7311832415722
CLMP (79827)	CLMP	0.0285691521967709
SCN3B (55800)	SCN3B	0.0285691521967709
COX11 (1353)	COX11	6.13606831219318
ZNF202 (7753)	ZNF202	3.65992455840238
FAM227B (196951)	FAM227B	1.18903382439002
STXBP4 (252983)	STXBP4	2.16992500144231
CYYR1 (116159)	CYYR1	0.0143552929770701
CUL5 (8065)	CUL5	3.48800077083407
MYRFL (196446)	MYRFL	4.04264433740849
WBP1L (54838)	WBP1L	4.13093086982645
BORCS7 (119032)	BORCS7	3.61588707391606
C2 (717)	C2	0.632268215499513
PLEKHF1 (79156)	PLEKHF1	0.75702324650746
TMEM100 (55273)	TMEM100	0
ANAPC16 (119504)	ANAPC16	5.85574059171503
SMPD1 (6609)	SMPD1	0.887525270741587
APBB1 (322)	APBB1	0.16349873228288
SYNPO2L (79933)	SYNPO2L	0.0143552929770701
NUDT13 (25961)	NUDT13	1.87578006306849
C11orf65 (160140)	C11orf65	0.526068811667588
TRIM44 (54765)	TRIM44	5.1168637576909
CCDC182 (101927581)	CCDC182	0
ILK (3611)	ILK	6.56071495447448
TAF10 (6881)	TAF10	6.61911951145322
TPP1 (1200)	TPP1	5.26791028088483
DCHS1 (8642)	DCHS1	0.070389327891398
NETO1 (81832)	NETO1	0
MSS51 (118490)	MSS51	1.15704371014558
CYB5A (1528)	CYB5A	6.98925256516599
USP54 (159195)	USP54	4.98276546258365
RAG1 (5896)	RAG1	0.16349873228288
POTED (317754)	POTED	0
C11orf74 (119710)	C11orf74	3.24336442569366
WDR88 (126248)	WDR88	0.124328135002202
OR10A5 (144124)	OR10A5	0
OR2D2 (120776)	OR2D2	0.0426443374084937
ATP9B (374868)	ATP9B	3.73660487531425
PPFIBP2 (8495)	PPFIBP2	5.17911290067856
MOGAT2 (80168)	MOGAT2	0.214124805352847
CYB5R2 (51700)	CYB5R2	1.32192809488736
SERPINB7 (8710)	SERPINB7	0.176322772640463
KIAA0355 (9710)	KIAA0355	3.08746284125034
SERPINB8 (5271)	SERPINB8	2.07382023329167
TUB (7275)	TUB	0.0285691521967709
RIC3 (79608)	RIC3	0
LMO1 (4004)	LMO1	0
IDH3A (3419)	IDH3A	5.38474058729238
WDR72 (256764)	WDR72	1.56559717585423
CRABP1 (1381)	CRABP1	0
PLD4 (122618)	PLD4	0.189033824390017
ZMAT1 (84460)	ZMAT1	0.0285691521967709
XRRA1 (143570)	XRRA1	1.59454854955035
TRIM66 (9866)	TRIM66	2.99819550315325
RNF169 (254225)	RNF169	2.42223300068305
RPL27A (6157)	RPL27A	12.0653151492215
ST5 (6764)	ST5	4.57833494868161
CDYL2 (124359)	CDYL2	0.432959407276106
TMEM130 (222865)	TMEM130	0.0143552929770701
PRTG (283659)	PRTG	0
CENPN (55839)	CENPN	7.06899318861308
AKIP1 (56672)	AKIP1	4.8171115727957
ATMIN (23300)	ATMIN	3.43829285157915
C16orf46 (123775)	C16orf46	1.22650852980868
TMEM41B (440026)	TMEM41B	4.98230913012977
PKD1L2 (114780)	PKD1L2	0.137503523749935
LEO1 (123169)	LEO1	5.12350066435096
ZNF143 (7702)	ZNF143	3.65191274464578
TMX3 (54495)	TMX3	3.93734439215023
MFAP4 (4239)	MFAP4	0.16349873228288
WEE1 (7465)	WEE1	4.4995270242151
MAPK7 (5598)	MAPK7	3.06177619758669
PRKCB (5579)	PRKCB	0.137503523749935
HDGFL3 (50810)	HDGFL3	0
NDST2 (8509)	NDST2	2.72683121703249
MCM7 (4176)	MCM7	7.94093018996216
CLEC3A (10143)	CLEC3A	4.61765111942733
CCDC68 (80323)	CCDC68	1.58496250072116
CLEC4E (26253)	CLEC4E	0
ZNF3 (7551)	ZNF3	4.85648777949568
CLEC4D (338339)	CLEC4D	0
ZSCAN21 (7589)	ZSCAN21	3.09254574154357
RIMKLB (57494)	RIMKLB	0.0285691521967709
A2ML1 (144568)	A2ML1	0.0143552929770701
BEAN1 (146227)	BEAN1	0.0285691521967709
TK2 (7084)	TK2	2.38128337250378
TMED3 (23423)	TMED3	6.6268771354987
SLC38A8 (146167)	SLC38A8	0
SEC11C (90701)	SEC11C	5.25512301484779
CPLX4 (339302)	CPLX4	0
GALR1 (2587)	GALR1	0
TMEM135 (65084)	TMEM135	3.877744249949
IQCD (115811)	IQCD	1.60407132366886
NDEL1 (81565)	NDEL1	3.94860084749336
CENPV (201161)	CENPV	5.48155728070859
CDH16 (1014)	CDH16	0.137503523749935
RRAD (6236)	RRAD	0.0285691521967709
CIAO2B (51647)	CIAO2B	7.09476389154737
CFAP52 (146845)	CFAP52	0.298658315564515
HSP90B1 (7184)	HSP90B1	8.77722243287894
MC4R (4160)	MC4R	0
BLCAP (10904)	BLCAP	6.32930302481501
SERPINB12 (89777)	SERPINB12	0
CHRFAM7A (89832)	CHRFAM7A	0.0565835283663675
ATF7IP2 (80063)	ATF7IP2	1.23878685958712
MMP10 (4319)	MMP10	0.0426443374084937
TVP23A (780776)	TVP23A	0.238786859587116
BEX3 (27018)	BEX3	0.286881147788162
TMPRSS5 (80975)	TMPRSS5	0.454175893185802
COG1 (9382)	COG1	3.99638874644762
PLEKHA7 (144100)	PLEKHA7	5.09592441999854
ZNF606 (80095)	ZNF606	0.0285691521967709
ZCCHC18 (644353)	ZCCHC18	0
B2M (567)	B2M	9.70203412456628
ZNF592 (9640)	ZNF592	4.04351949366274
CASC4 (113201)	CASC4	5.16108148227718
HTR3A (3359)	HTR3A	0
NNMT (4837)	NNMT	4.14404636961671
ACSM1 (116285)	ACSM1	0.070389327891398
AP1G1 (164)	AP1G1	4.90592847817314
SLFN5 (162394)	SLFN5	2.03210084316702
CATSPER2 (117155)	CATSPER2	3.29719141656586
C16orf45 (89927)	C16orf45	0.799087306074004
MARF1 (9665)	MARF1	3.6507645591169
SAAL1 (113174)	SAAL1	5.04308198189566
YPEL4 (219539)	YPEL4	0
PPIB (5479)	PPIB	9.62196027498851
LDHC (3948)	LDHC	0.0565835283663675
CIAO2A (84191)	CIAO2A	7.09138249094364
LDHAL6A (160287)	LDHAL6A	0.0565835283663675
FAM111A (63901)	FAM111A	5.22689381357139
PCLAF (9768)	PCLAF	7.18308946064076
KIF7 (374654)	KIF7	1.55090066464752
LDHD (197257)	LDHD	0.20163386116965
PLIN1 (5346)	PLIN1	0.432959407276106
PEX11A (8800)	PEX11A	3.42894634476948
TMEM170A (124491)	TMEM170A	3.74953426766926
MESP1 (55897)	MESP1	0.111031312388744
ANPEP (290)	ANPEP	0.659924558402378
SCNN1G (6340)	SCNN1G	0
RBPMS2 (348093)	RBPMS2	0.286881147788162
NAV2 (89797)	NAV2	0.111031312388744
ANKDD1A (348094)	ANKDD1A	1.29865831556452
GLYATL1 (92292)	GLYATL1	0.0285691521967709
C18orf54 (162681)	C18orf54	1.22032995487956
DCTN5 (84516)	DCTN5	5.66078033403255
TERF2IP (54386)	TERF2IP	4.64385618977472
PLK1 (5347)	PLK1	6.083000565676
CLPX (10845)	CLPX	5.00180224263399
GPR182 (11318)	GPR182	0.0565835283663675
ZBTB39 (9880)	ZBTB39	2.30158764660319
CACNG2 (10369)	CACNG2	0
TAC3 (6866)	TAC3	0
MYO1A (4640)	MYO1A	0.411426245726465
CHP2 (63928)	CHP2	0.0143552929770701
NEMP1 (23306)	NEMP1	3.96347412397489
OR4D6 (219983)	OR4D6	0
NAB2 (4665)	NAB2	3.28243980500639
VPS39 (23339)	VPS39	4.69932952567316
STAT6 (6778)	STAT6	6.65535182861255
PATL1 (219988)	PATL1	4.80167602925359
ATP23 (91419)	ATP23	2.4276061727819
ELFN2 (114794)	ELFN2	0.0565835283663675
STX3 (6809)	STX3	5.34660237529899
MRPL16 (54948)	MRPL16	6.32858517678881
PIP4K2C (79837)	PIP4K2C	4.90159099190337
MTMR10 (54893)	MTMR10	3.89433274227769
YWHAB (7529)	YWHAB	7.68978836369345
C15orf48 (84419)	C15orf48	1.25701061820602
SCG5 (6447)	SCG5	0.443606651475615
GREM1 (26585)	GREM1	0.070389327891398
NYAP1 (222950)	NYAP1	0.124328135002202
TSC22D4 (81628)	TSC22D4	5.37225564844579
MS4A6E (245802)	MS4A6E	0
MS4A7 (58475)	MS4A7	0
MS4A14 (84689)	MS4A14	0
MS4A5 (64232)	MS4A5	0
DIS3L (115752)	DIS3L	3.77294133783134
CCNDBP1 (23582)	CCNDBP1	5.5573488175248
EPB42 (2038)	EPB42	0.111031312388744
TGM6 (343641)	TGM6	0
SMAD3 (4088)	SMAD3	4.73768676140986
MS4A8 (83661)	MS4A8	0.985500430304885
CCDC178 (374864)	CCDC178	0
MS4A15 (219995)	MS4A15	0
MAP1A (4130)	MAP1A	0.321928094887362
RCCD1 (91433)	RCCD1	4.23112515787905
AKTIP (64400)	AKTIP	4.21567859660793
MAPRE2 (10982)	MAPRE2	1.89530262133331
EVA1C (59271)	EVA1C	2.46988597627446
TCP10L2 (401285)	TCP10L2	0
MARS (4141)	MARS	7.27974985301445
MBD6 (114785)	MBD6	4.62410089462811
CNPY4 (245812)	CNPY4	2.32768736417605
PDIA3 (2923)	PDIA3	8.36023257368685
NUDT21 (11051)	NUDT21	6.00382707811148
NAT16 (375607)	NAT16	0.0285691521967709
TERB2 (145645)	TERB2	0
NKX3-1 (4824)	NKX3-1	0.687060688339892
SGSM1 (129049)	SGSM1	0.111031312388744
DUSP18 (150290)	DUSP18	2.55826763405574
TEF (7008)	TEF	2.48026512205446
MEI1 (150365)	MEI1	0.356143810225275
B4GALNT2 (124872)	B4GALNT2	0.0285691521967709
PBX3 (5090)	PBX3	2.83592407425437
GNGT2 (2793)	GNGT2	0.111031312388744
PHB (5245)	PHB	8.91037290252923
SNRPD1 (6632)	SNRPD1	6.4213916318828
TTC16 (158248)	TTC16	0.0143552929770701
SUN5 (140732)	SUN5	0
SAMD14 (201191)	SAMD14	0.910732661902913
PIP5KL1 (138429)	PIP5KL1	0.613531652917927
BPIFB6 (128859)	BPIFB6	0
TMEM92 (162461)	TMEM92	3.56315813040281
FAM102A (399665)	FAM102A	4.4032677223393
ACSF2 (80221)	ACSF2	5.13381009110603
GOLGA2 (2801)	GOLGA2	5.93451650158608
TRUB2 (26995)	TRUB2	5.02458563827827
COQ4 (51117)	COQ4	5.30924896081662
SLC27A4 (10999)	SLC27A4	3.58014548442338
ANKRD40CL (55018)	ANKRD40CL	1.09085343045111
URM1 (81605)	URM1	6.02081330425245
CERCAM (51148)	CERCAM	0.286881147788162
DOLPP1 (57171)	DOLPP1	4.73876783680019
CCDC103 (388389)	CCDC103	1.94860084749336
ENDOG (2021)	ENDOG	3.4032677223393
TBC1D21 (161514)	TBC1D21	0
PRRX2 (51450)	PRRX2	0
C15orf39 (56905)	C15orf39	4.20163386116965
ISLR2 (57611)	ISLR2	0
SP2 (6668)	SP2	4.12184429787638
PRR15L (79170)	PRR15L	5.09339115325301
COQ7 (10229)	COQ7	3.8499992594661
GPRC5B (51704)	GPRC5B	0.124328135002202
CRK (1398)	CRK	4.30597052098439
C16orf92 (146378)	C16orf92	0
GOLGA6C (653641)	GOLGA6C	0
FBXO22 (26263)	FBXO22	5.16631374788993
TBC1D2B (23102)	TBC1D2B	3.99367436175058
NOD2 (64127)	NOD2	0.0143552929770701
SNX20 (124460)	SNX20	0.0143552929770701
LOXHD1 (125336)	LOXHD1	0
KATNAL2 (83473)	KATNAL2	0.464668267003444
HDHD2 (84064)	HDHD2	4.55090066464752
ZNF91 (7644)	ZNF91	1.6507645591169
IGF2 (3481)	IGF2	3.63575439127776
RNF214 (257160)	RNF214	3.92789645372882
CDK12 (51755)	CDK12	4.47443604325227
DPEP2 (64174)	DPEP2	0
DUS2 (54920)	DUS2	3.61470984411521
POP5 (51367)	POP5	6.09000652990382
ENGASE (64772)	ENGASE	4.41278152533848
RBFOX3 (146713)	RBFOX3	0.070389327891398
ATP5MG (10632)	ATP5MG	8.10637972944192
CD3D (915)	CD3D	0
TBC1D16 (125058)	TBC1D16	3.59931779369823
TEPSIN (146705)	TEPSIN	4.2861418728343
MYO5B (4645)	MYO5B	4.4535175792155
ART5 (116969)	ART5	0
ACAA2 (10449)	ACAA2	5.91408609701272
STIM1 (6786)	STIM1	4.20084957463721
RRM1 (6240)	RRM1	6.52544250601812
OR51E2 (81285)	OR51E2	0.0565835283663675
TRIM68 (55128)	TRIM68	2.96347412397489
MMP26 (56547)	MMP26	0.0976107966264223
OR51I1 (390063)	OR51I1	0
OR51Q1 (390061)	OR51Q1	0
FN3K (64122)	FN3K	1.63691458035588
PRRT2 (112476)	PRRT2	0.454175893185802
ZNF23 (7571)	ZNF23	2.52857131887076
IRGQ (126298)	IRGQ	2.79285535236249
ZNF226 (7769)	ZNF226	4.40394936423287
ZNF180 (7733)	ZNF180	2.5033487351675
PPP2R3B (28227)	PPP2R3B	3.56803210477128
ZNF668 (79759)	ZNF668	2.85199883711245
ZNF646 (9726)	ZNF646	3.11103131238874
VKORC1 (79001)	VKORC1	5.54008928198252
GNG8 (94235)	GNG8	0
LPO (4025)	LPO	0
CA4 (762)	CA4	0.286881147788162
SMG8 (55181)	SMG8	3.0496307677246
TPM4 (7171)	TPM4	7.2667865406949
RAB8A (4218)	RAB8A	5.59245703726808
GPX4 (2879)	GPX4	8.12789117555268
MIDN (90007)	MIDN	4.4262647547021
JSRP1 (126306)	JSRP1	1.31614574229336
FAM129C (199786)	FAM129C	0.27500704749987
KLHL26 (55295)	KLHL26	1.4276061727819
GATAD2A (54815)	GATAD2A	4.59215800212536
MVD (4597)	MVD	5.915759896038
CDT1 (81620)	CDT1	4.93404464711225
TRAPPC2L (51693)	TRAPPC2L	7.09444722169991
ANKRD11 (29123)	ANKRD11	5.92291140625819
SPATA33 (124045)	SPATA33	3.59215800212536
PROCA1 (147011)	PROCA1	1.22032995487956
RPL13 (6137)	RPL13	11.5547327303116
ZNF641 (121274)	ZNF641	2.72027846523333
LALBA (3906)	LALBA	0
CACNB3 (784)	CACNB3	4.42223300068305
DHRS13 (147015)	DHRS13	2.9429835981871
TP53I13 (90313)	TP53I13	5.51064550409004
KMT2D (8085)	KMT2D	5.14812063112396
CORO6 (84940)	CORO6	0.20163386116965
RHEBL1 (121268)	RHEBL1	1.33913738491959
TUBA1A (7846)	TUBA1A	1.99276843076892
TUBA1C (84790)	TUBA1C	9.08892071151815
ZNF610 (162963)	ZNF610	0
ZNF528 (84436)	ZNF528	0.0143552929770701
ZNF701 (55762)	ZNF701	1.0703893278914
SERTAD3 (29946)	SERTAD3	4.07124781946144
NCKAP5L (57701)	NCKAP5L	2.78659636189081
RAB4B (53916)	RAB4B	4.80219321694183
AQP2 (359)	AQP2	0.713695814843359
GPD1 (2819)	GPD1	2.97269265400426
PROSER3 (148137)	PROSER3	4.42693561964834
CYP2S1 (29785)	CYP2S1	4.79856900355688
AXL (558)	AXL	0.55581615506164
NFKBID (84807)	NFKBID	3.4867143730307
TMC4 (147798)	TMC4	5.15380533607904
ANKRD33 (341405)	ANKRD33	0
LAIR1 (3903)	LAIR1	0
TTYH1 (57348)	TTYH1	0.464668267003444
LENG8 (114823)	LENG8	7.18150015170461
CDC42EP5 (148170)	CDC42EP5	3.95140129167431
LAIR2 (3904)	LAIR2	0
TMEM145 (284339)	TMEM145	0.27500704749987
ZNF526 (116115)	ZNF526	2.94860084749336
TRAPPC9 (83696)	TRAPPC9	4.43295940727611
KIR3DL1 (3811)	KIR3DL1	0
NLRP7 (199713)	NLRP7	0.0143552929770701
ZNF146 (7705)	ZNF146	6.11582397743624
ZNF283 (284349)	ZNF283	2.70265754339091
PPP1R14A (94274)	PPP1R14A	0
SPINT2 (10653)	SPINT2	9.66437617028558
C19orf33 (64073)	C19orf33	9.44066157065521
YIF1B (90522)	YIF1B	6.16007309819972
DNAAF3 (352909)	DNAAF3	3.05831649559082
PSCA (8000)	PSCA	3.29719141656586
ATCAY (85300)	ATCAY	0.0143552929770701
LY6D (8581)	LY6D	0.575312330687437
DAPK3 (1613)	DAPK3	4.79545527204412
EEF2 (1938)	EEF2	9.74121415553783
TMIGD2 (126259)	TMIGD2	0
CHAF1A (10036)	CHAF1A	4.72683121703249
UBXN6 (80700)	UBXN6	5.33199177823206
HDGFL2 (84717)	HDGFL2	5.09339115325301
PLIN4 (729359)	PLIN4	1.56071495447448
SEMA6B (10501)	SEMA6B	0.298658315564515
ZNF444 (55311)	ZNF444	4.82629424549963
NXN (64359)	NXN	5.10475598696226
FAM57A (79850)	FAM57A	3.64731450954714
GLOD4 (51031)	GLOD4	5.37677657188298
MFSD3 (113655)	MFSD3	3.98550043030489
GPT (2875)	GPT	3.41142624572647
KIFC2 (90990)	KIFC2	3.07895134139482
SLC43A2 (124935)	SLC43A2	3.78450398292957
RILP (83547)	RILP	1.96347412397489
SERPINF2 (5345)	SERPINF2	2.16027483140859
WDR81 (124997)	WDR81	3.19692173382033
SRR (63826)	SRR	1.82781902461732
TSR1 (55720)	TSR1	4.64904056563445
TRPV3 (162514)	TRPV3	0.333423733725192
HSD11B1L (374875)	HSD11B1L	0.925999418556223
CYB5D2 (124936)	CYB5D2	2.63459326844576
GGT6 (124975)	GGT6	2.72246602447109
C19orf48 (84798)	C19orf48	7.57841043305263
KLK1 (3816)	KLK1	2.69376571221778
KLK4 (9622)	KLK4	0.0285691521967709
KLK2 (3817)	KLK2	0.333423733725192
KLK5 (25818)	KLK5	0.0840642647884745
KLK6 (5653)	KLK6	7.21926534238367
KLK11 (11012)	KLK11	6.44244592900783
KLK13 (26085)	KLK13	0
ZNF83 (55769)	ZNF83	3.53480866123175
KRT80 (144501)	KRT80	4.18982455888002
KRT1 (3848)	KRT1	0.111031312388744
ACER1 (125981)	ACER1	0
OTUB1 (55611)	OTUB1	6.57667329251657
RCOR2 (283248)	RCOR2	0.807354922057604
ANGPTL4 (51129)	ANGPTL4	0.321928094887362
CD320 (51293)	CD320	5.69320814891002
SPRYD3 (84926)	SPRYD3	4.53543091487128
IGFBP6 (3489)	IGFBP6	6.14159627838382
SOAT2 (8435)	SOAT2	0.16349873228288
ZNF558 (148156)	ZNF558	3.11103131238874
CABP2 (51475)	CABP2	0
NDUFV1 (4723)	NDUFV1	7.47832471148503
CDK2AP2 (10263)	CDK2AP2	5.65963918701565
NUDT8 (254552)	NUDT8	2.96901230751632
TBX10 (347853)	TBX10	1.56071495447448
PRDX2 (7001)	PRDX2	7.63103150535671
OR8J3 (81168)	OR8J3	0
OR5I1 (10798)	OR5I1	0
ZNF232 (7775)	ZNF232	3.36176835941915
MIS12 (79003)	MIS12	3.67581593117227
CD300C (10871)	CD300C	0.263034405833794
CD300A (11314)	CD300A	0
TEKT1 (83659)	TEKT1	0
HID1 (283987)	HID1	4.65764000520782
MRPL58 (3396)	MRPL58	5.41717741190639
ATP5PD (10476)	ATP5PD	8.30783832353072
TMEM88 (92162)	TMEM88	0.367371065648529
EVPL (2125)	EVPL	3.64038956005495
SRP68 (6730)	SRP68	5.58345891013077
MGAT5B (146664)	MGAT5B	0.0565835283663675
TMC8 (147138)	TMC8	2.790772037862
TK1 (7083)	TK1	7.87706936229504
TMEM68 (137695)	TMEM68	3.83491342970104
CYP7A1 (1581)	CYP7A1	0
GSDMA (284110)	GSDMA	0
KRT24 (192666)	KRT24	0
TMEM99 (147184)	TMEM99	4.35614381022528
GHDC (84514)	GHDC	3.77820857639809
FAM234A (83986)	FAM234A	4.65821148275179
SOST (50964)	SOST	0
ZNF598 (90850)	ZNF598	5.44857062600553
RAB26 (25837)	RAB26	3.45549162062847
MLST8 (64223)	MLST8	5.66220549965362
E4F1 (1877)	E4F1	4.19377174339668
DNASE1L2 (1775)	DNASE1L2	0.678071905112638
ECI1 (1632)	ECI1	5.73308313184512
CASKIN1 (57524)	CASKIN1	0.0426443374084937
ABCA3 (21)	ABCA3	0.070389327891398
KCTD5 (54442)	KCTD5	5.09550251765867
SRRM2 (23524)	SRRM2	8.57235916830764
ZNF597 (146434)	ZNF597	1.01435529297707
NLRC3 (197358)	NLRC3	0.070389327891398
SDHAF2 (54949)	SDHAF2	5.45252954467793
DDB1 (1642)	DDB1	7.25748213340481
VPS37C (55048)	VPS37C	4.52042224852645
VWCE (220001)	VWCE	0.0565835283663675
RAB3IL1 (5866)	RAB3IL1	0.22650852980868
BEST1 (7439)	BEST1	1.18903382439002
FTH1 (2495)	FTH1	11.9666856874036
BSCL2 (26580)	BSCL2	6.25964912064916
POLR2G (5436)	POLR2G	7.62021982550749
SLC3A2 (6520)	SLC3A2	7.816023639828
HRASLS5 (117245)	HRASLS5	0.176322772640463
SPINDOC (144097)	SPINDOC	4.39163026151743
ATG16L2 (89849)	ATG16L2	2.8073549220576
C2CD3 (26005)	C2CD3	4.15218341905505
TRANK1 (9881)	TRANK1	0.356143810225275
TTC21A (199223)	TTC21A	1.46466826700344
RPSA (3921)	RPSA	10.3310288842512
ENTPD3 (956)	ENTPD3	0.0143552929770701
CTNNB1 (1499)	CTNNB1	6.22554487000337
ULK4 (54986)	ULK4	2.20789285164133
FADD (8772)	FADD	5.24564777363675
LTBP3 (4054)	LTBP3	6.13051908302734
NAALADL1 (10004)	NAALADL1	0.189033824390017
SAC3D1 (29901)	SAC3D1	4.15218341905505
BATF2 (116071)	BATF2	1.80322703643493
SLC22A11 (55867)	SLC22A11	0
SF1 (7536)	SF1	7.70494111037603
MAP4K2 (5871)	MAP4K2	4.09508049190141
MAJIN (283129)	MAJIN	0
CCDC88B (283234)	CCDC88B	2.81762325751143
SCARA3 (51435)	SCARA3	0.0840642647884745
PBK (55872)	PBK	3.48155728070859
SCARA5 (286133)	SCARA5	0
PNOC (5368)	PNOC	0
COPS6 (10980)	COPS6	7.55727222306003
PAFAH1B2 (5049)	PAFAH1B2	5.42054977211632
ANKS3 (124401)	ANKS3	4.01346225980656
NUDT16L1 (84309)	NUDT16L1	5.13791332208841
KIAA1586 (57691)	KIAA1586	2.18903382439002
RAB4A (5867)	RAB4A	5.47346223623528
OR1F1 (4992)	OR1F1	0
OR2B2 (81697)	OR2B2	0
KCNJ4 (3761)	KCNJ4	0.0143552929770701
SETD5 (55209)	SETD5	5.07081863753328
VASN (114990)	VASN	0.659924558402378
FAM83B (222584)	FAM83B	3.07895134139482
HIST3H3 (8290)	HIST3H3	0.150559676575381
THAP9 (79725)	THAP9	2.09085343045111
OR2C1 (4993)	OR2C1	0
RNF187 (149603)	RNF187	4.15055967657538
HOOK3 (84376)	HOOK3	0.895302621333307
MAPK1IP1L (93487)	MAPK1IP1L	4.66902676550963
DDIT4 (54541)	DDIT4	6.4599233626769
RBPJ (3516)	RBPJ	4.21955576916691
LMBRD1 (55788)	LMBRD1	4.01256867350306
ZCCHC4 (29063)	ZCCHC4	2.7311832415722
PTGDR (5729)	PTGDR	0.137503523749935
TTC39C (125488)	TTC39C	2.07724299893246
GLYCTK (132158)	GLYCTK	3.77294133783134
GNG4 (2786)	GNG4	0.411426245726465
UBTD2 (92181)	UBTD2	3.17632277264046
POLR2J3 (548644)	POLR2J3	4.17312743348066
NKIRAS2 (28511)	NKIRAS2	4.92219784839637
DNAJC7 (7266)	DNAJC7	6.27314285930808
KCNV2 (169522)	KCNV2	0.16349873228288
IRF2BP2 (359948)	IRF2BP2	6.24849688595938
PTF1A (256297)	PTF1A	0
NT5DC2 (64943)	NT5DC2	6.1333991254172
FOXI1 (2299)	FOXI1	0.0143552929770701
SMIM4 (440957)	SMIM4	5.15704371014558
COA6 (388753)	COA6	5.79103261675567
KIF5C (3800)	KIF5C	0
MGAT2 (4247)	MGAT2	4.0071955014042
BMI1 (648)	BMI1	4.58014548442338
THAP11 (57215)	THAP11	4.19770815795585
MMADHC (27249)	MMADHC	6.85524225145415
PDHB (5162)	PDHB	5.59066189596526
PXK (54899)	PXK	0.454175893185802
HIST1H1E (3008)	HIST1H1E	2.03913839390696
PCMTD1 (115294)	PCMTD1	4.03121873061072
KCTD6 (200845)	KCTD6	1.93357263826102
MPLKIP (136647)	MPLKIP	5.54473265593262
ACOX2 (8309)	ACOX2	0.0565835283663675
FAM107A (11170)	FAM107A	0.070389327891398
IRF2 (3660)	IRF2	3.36317107711924
MOBP (4336)	MOBP	0
CX3CR1 (1524)	CX3CR1	0.0143552929770701
PPDPFL (492307)	PPDPFL	0
XIRP1 (165904)	XIRP1	0
INSM2 (84684)	INSM2	0
DEGS2 (123099)	DEGS2	3.40871186102943
SCN11A (11280)	SCN11A	0
ARF4 (378)	ARF4	6.98891186495402
SEPT2 (4735)	SEPT2	7.55497249615294
FILIP1L (11259)	FILIP1L	1.54101915313356
MFSD2A (84879)	MFSD2A	2.43295940727611
DTYMK (1841)	DTYMK	6.39746072605472
TAP1 (6890)	TAP1	2.16027483140859
ING5 (84289)	ING5	4.88215391728701
ATG4B (23192)	ATG4B	6.10685079645022
BDKRB2 (624)	BDKRB2	0.0426443374084937
MLKL (197259)	MLKL	3.82476785314329
RFWD3 (55159)	RFWD3	4.69877410890368
MTNR1A (4543)	MTNR1A	0
KCNG4 (93107)	KCNG4	0
RHOH (399)	RHOH	0.124328135002202
KLHL30 (377007)	KLHL30	0.545968369105293
COG7 (91949)	COG7	3.78450398292957
CDC40 (51362)	CDC40	3.8073549220576
STIP1 (10963)	STIP1	7.75288236627309
SCNN1B (6338)	SCNN1B	0
HR (55806)	HR	0.941106310946431
TXNDC2 (84203)	TXNDC2	0
RAB31 (11031)	RAB31	0.286881147788162
REEP4 (80346)	REEP4	4.14486214291573
TNXB (7148)	TNXB	1
LGI3 (203190)	LGI3	0.124328135002202
SFTPC (6440)	SFTPC	1.0496307677246
BMP1 (649)	BMP1	2.35049724708413
ATXN2L (11273)	ATXN2L	6.11852584893567
PHYHIP (9796)	PHYHIP	0.111031312388744
CCDC110 (256309)	CCDC110	0.137503523749935
POLR3D (661)	POLR3D	3.05484847699562
FEN1 (2237)	FEN1	6.54055429247515
CAVIN2 (8436)	CAVIN2	0.526068811667588
MTCL1 (23255)	MTCL1	3.674686619928
GBX2 (2637)	GBX2	0
HJV (148738)	HJV	0
SCGB1D1 (10648)	SCGB1D1	0
HEXIM2 (124790)	HEXIM2	2.36176835941915
FNTA (2339)	FNTA	4.18982455888002
SERINC2 (347735)	SERINC2	5.71781348971805
MYL1 (4632)	MYL1	0
TRAPPC11 (60684)	TRAPPC11	3.1407786557828
CHRM1 (1128)	CHRM1	0.0976107966264223
COL3A1 (1281)	COL3A1	0.0840642647884745
GFRA2 (2675)	GFRA2	0
ING2 (3622)	ING2	3.20633064787105
CDKN2AIP (55602)	CDKN2AIP	3.06177619758669
SNRNP48 (154007)	SNRNP48	3.51853513898218
TMEM223 (79064)	TMEM223	5.07382023329167
SLC20A2 (6575)	SLC20A2	3.44625622988956
CRYGA (1418)	CRYGA	0
DYNLRB2 (83657)	DYNLRB2	0.150559676575381
TMUB2 (79089)	TMUB2	4.75060650483559
ADAM29 (11086)	ADAM29	0
STAT3 (6774)	STAT3	4.65706830120158
ZSWIM1 (90204)	ZSWIM1	3.54720302475693
ADAM9 (8754)	ADAM9	5.27686882997646
ADAM18 (8749)	ADAM18	0
GDNF (2668)	GDNF	0.0143552929770701
MUCL3 (135656)	MUCL3	0.782408564927373
WFDC13 (164237)	WFDC13	0
AXIN2 (8313)	AXIN2	4.86542397831313
NDUFS5 (4725)	NDUFS5	9.40690651407611
VWA3B (200403)	VWA3B	0.111031312388744
ZNF30 (90075)	ZNF30	2.38128337250378
UGT3A2 (167127)	UGT3A2	0.0285691521967709
FAM84B (157638)	FAM84B	6.94871764126317
LDLRAD4 (753)	LDLRAD4	1.15704371014558
KCTD19 (146212)	KCTD19	0.0565835283663675
SLC16A4 (9122)	SLC16A4	2.58496250072116
IL7R (3575)	IL7R	0
TMEM208 (29100)	TMEM208	5.85399564717639
LRP1B (53353)	LRP1B	0
WFDC12 (128488)	WFDC12	0
AHCYL1 (10768)	AHCYL1	6.13278245729886
DNAJC21 (134218)	DNAJC21	5.91001305342134
PKIG (11142)	PKIG	0.632268215499513
NPNT (255743)	NPNT	4.67976157351685
CA7 (766)	CA7	0.0426443374084937
FAM178B (51252)	FAM178B	0.238786859587116
TSPY2 (64591)	TSPY2	0
SEMA4C (54910)	SEMA4C	2.54596836910529
CNNM3 (26505)	CNNM3	4.14486214291573
GSTM4 (2948)	GSTM4	0.879705766282288
TET2 (54790)	TET2	1.89530262133331
CXXC4 (80319)	CXXC4	0.6959938131099
TCTN2 (79867)	TCTN2	2.61353165291793
SHOX2 (6474)	SHOX2	0.0976107966264223
PPIP5K1 (9677)	PPIP5K1	5.30706416225537
TSPAN5 (10098)	TSPAN5	3.21256933885081
ABHD15 (116236)	ABHD15	3.28392177230762
ZBTB5 (9925)	ZBTB5	2.66220549965362
CHTF8 (54921)	CHTF8	6.7124582171534
ADAL (161823)	ADAL	3.22650852980868
LCMT2 (9836)	LCMT2	3.44493204894218
SNTB2 (6645)	SNTB2	2.71149490665009
IL12A (3592)	IL12A	0
ZNF507 (22847)	ZNF507	3.08406426478847
STX18 (53407)	STX18	4.38887833881199
NSG1 (27065)	NSG1	0.0426443374084937
ZBTB49 (166793)	ZBTB49	1.75274859140713
GFM1 (85476)	GFM1	5.11727946005392
OR13J1 (392309)	OR13J1	0
HTR1E (3354)	HTR1E	0
FSTL5 (56884)	FSTL5	0
DDX19A (55308)	DDX19A	4.69766263347052
ATOH8 (84913)	ATOH8	0.84799690655495
SOX14 (8403)	SOX14	0
ANKRD49 (54851)	ANKRD49	4.22650852980868
SFTPB (6439)	SFTPB	0
USP39 (10713)	USP39	5.93593113975227
TNIP2 (79155)	TNIP2	5.36632221424582
C2orf68 (388969)	C2orf68	4.59514556799086
TMEM150A (129303)	TMEM150A	3.19219416528334
RNF181 (51255)	RNF181	6.57773093149008
VAMP5 (10791)	VAMP5	3.92029330021101
BTNL3 (10917)	BTNL3	0.0285691521967709
LRRC28 (123355)	LRRC28	3.08406426478847
MAT2A (4144)	MAT2A	7.74570793327963
PLA2G4F (255189)	PLA2G4F	1.54101915313356
ENHO (375704)	ENHO	0.356143810225275
ZNF608 (57507)	ZNF608	2.4594316186373
SLC35G2 (80723)	SLC35G2	0.722466024471091
INPP5D (3635)	INPP5D	3.6724253419715
LETM1 (3954)	LETM1	4.62993940943954
CTRB1 (1504)	CTRB1	0.111031312388744
CTRB2 (440387)	CTRB2	0.070389327891398
TRIM49 (57093)	TRIM49	0
TMEM129 (92305)	TMEM129	4.65191274464578
PPIC (5480)	PPIC	5.37885838327003
SPRY3 (10251)	SPRY3	0.765534746362977
CEP120 (153241)	CEP120	2.53356334821451
STXBP6 (29091)	STXBP6	2.90689059560852
TM4SF20 (79853)	TM4SF20	0.0426443374084937
MFF (56947)	MFF	5.46988597627446
GRM5 (2915)	GRM5	0
LGALS9 (3965)	LGALS9	5.268284666521
CPLX1 (10815)	CPLX1	0.298658315564515
PXDC1 (221749)	PXDC1	3.54843662469604
SIGLEC7 (27036)	SIGLEC7	0
NTSR2 (23620)	NTSR2	0
E2F6 (1876)	E2F6	3.84599177066457
FEM1B (10116)	FEM1B	3.73660487531425
COMMD8 (54951)	COMMD8	4.19770815795585
ATP5ME (521)	ATP5ME	9.30487605004489
UQCRFS1 (7386)	UQCRFS1	5.2098432305255
SLC49A3 (84179)	SLC49A3	0.0285691521967709
COL4A3 (1285)	COL4A3	0
MAP2K1 (5604)	MAP2K1	5.97659276223859
KLK7 (5650)	KLK7	0.432959407276106
HNRNPH1 (3187)	HNRNPH1	8.70963527513659
IRS1 (3667)	IRS1	3.91552090075196
MECP2 (4204)	MECP2	4.50462039240355
VCX3A (51481)	VCX3A	0
UPF3A (65110)	UPF3A	6.07489072012634
ZBBX (79740)	ZBBX	0.111031312388744
ACTBL2 (345651)	ACTBL2	0.0565835283663675
ROR2 (4920)	ROR2	0.0143552929770701
AR (367)	AR	0.0565835283663675
DHRSX (207063)	DHRSX	3.26603689399532
VXN (254778)	VXN	0.0285691521967709
HSPBAP1 (79663)	HSPBAP1	2.64846544302731
ASMTL (8623)	ASMTL	4.35049724708413
SLC25A6 (293)	SLC25A6	8.34841833982385
CHST14 (113189)	CHST14	2.35049724708413
PARM1 (25849)	PARM1	0.526068811667588
CSNK1G1 (53944)	CSNK1G1	3.4235781709818
FAM110B (90362)	FAM110B	0
ARMC4 (55130)	ARMC4	0
AFAP1L2 (84632)	AFAP1L2	3.28540221886225
ZNF354A (6940)	ZNF354A	1.89141918684608
ATF5 (22809)	ATF5	5.790772037862
UBE2V2 (7336)	UBE2V2	5.91910167955939
GOT1L1 (137362)	GOT1L1	0
ZBTB43 (23099)	ZBTB43	2.38956681176273
CPT1C (126129)	CPT1C	0.286881147788162
PCSK9 (255738)	PCSK9	1.16349873228288
XPO6 (23214)	XPO6	6.28946563095822
GSG1L (146395)	GSG1L	0
MN1 (4330)	MN1	0
APEX2 (27301)	APEX2	3.67694435910691
NSMCE1 (197370)	NSMCE1	5.78004757606187
CCDC126 (90693)	CCDC126	2.31034012061215
IL13 (3596)	IL13	0
OR10G3 (26533)	OR10G3	0
RAB3B (5865)	RAB3B	0.263034405833794
OR6F1 (343169)	OR6F1	0
CD2BP2 (10421)	CD2BP2	5.10181813422741
RSPO1 (284654)	RSPO1	0
RGS14 (10636)	RGS14	3.72574115650395
TBC1D10B (26000)	TBC1D10B	4.86591881455221
LMAN2 (10960)	LMAN2	6.84749588378871
GCSAML (148823)	GCSAML	0.0426443374084937
RAB24 (53917)	RAB24	4.31469652565629
PRELID1 (27166)	PRELID1	8.11415876872055
THBS3 (7059)	THBS3	2.21412480535285
CA5B (11238)	CA5B	1.26903314645524
SLC50A1 (55974)	SLC50A1	5.64270157183323
EFNA1 (1942)	EFNA1	4.71204544855369
CXCL10 (3627)	CXCL10	0.0426443374084937
NPIPB3 (23117)	NPIPB3	3.86195536414487
SH3TC2 (79628)	SH3TC2	2.37016428054021
CXCL11 (6373)	CXCL11	0.070389327891398
ZRSR2 (8233)	ZRSR2	3.48284828306847
NMD3 (51068)	NMD3	5.32912359629157
ADRB2 (154)	ADRB2	0.16349873228288
B3GALNT1 (8706)	B3GALNT1	0.0143552929770701
GPRIN1 (114787)	GPRIN1	1.0496307677246
HSPB3 (8988)	HSPB3	0
KCNAB1 (7881)	KCNAB1	0.22650852980868
MRPL1 (65008)	MRPL1	4.88752527074159
SHE (126669)	SHE	0
NR0B1 (190)	NR0B1	0.0143552929770701
PGM2 (55276)	PGM2	4.60169651648096
STK32A (202374)	STK32A	0.111031312388744
IL1RAPL1 (11141)	IL1RAPL1	0.0976107966264223
P2RY12 (64805)	P2RY12	0
C22orf15 (150248)	C22orf15	0.0143552929770701
OR5AU1 (390445)	OR5AU1	0
KIAA1024 (23251)	KIAA1024	0.250961573533219
PDILT (204474)	PDILT	0
UMOD (7369)	UMOD	0
GP2 (2813)	GP2	0
SLC33A1 (9197)	SLC33A1	3.24792751344359
SNUPN (10073)	SNUPN	5.34163000932991
CRADD (8738)	CRADD	2.70929063572336
SIN3A (25942)	SIN3A	4.64385618977472
ARL13B (200894)	ARL13B	3.40871186102943
RNASE2 (6036)	RNASE2	0
ELSPBP1 (64100)	ELSPBP1	0
RNASE3 (6037)	RNASE3	0
PTK2 (5747)	PTK2	6.9957106289071
RSPH10B2 (728194)	RSPH10B2	0.137503523749935
PTAFR (5724)	PTAFR	0.604071323668861
PTPN9 (5780)	PTPN9	4.03474394932473
RNASE6 (6039)	RNASE6	0.137503523749935
NPR1 (4881)	NPR1	0
KCNK9 (51305)	KCNK9	0.0426443374084937
CXCL8 (3576)	CXCL8	2.23878685958712
SCN9A (6335)	SCN9A	0.53605290024021
RASSF6 (166824)	RASSF6	1.72683121703249
COL22A1 (169044)	COL22A1	0
SDC2 (6383)	SDC2	0.298658315564515
CD52 (1043)	CD52	2.28983446517751
MMGT1 (93380)	MMGT1	3.83187724119167
SPRR1B (6699)	SPRR1B	1.18903382439002
SPRR1A (6698)	SPRR1A	0.565597175854225
OR4K14 (122740)	OR4K14	0
OR4K15 (81127)	OR4K15	0
TM2D2 (83877)	TM2D2	3.80012335282653
HTRA4 (203100)	HTRA4	0
PLEKHA2 (59339)	PLEKHA2	1.41683974191283
CLIC4 (25932)	CLIC4	5.0408924306469
SLC38A11 (151258)	SLC38A11	3.5765221379205
GPR183 (1880)	GPR183	0.0976107966264223
CRCT1 (54544)	CRCT1	0.0840642647884745
CCDC8 (83987)	CCDC8	0.0565835283663675
METTL15 (196074)	METTL15	3.57167680997093
ZNF280A (129025)	ZNF280A	0
MUC15 (143662)	MUC15	0.0840642647884745
CT55 (54967)	CT55	0.0840642647884745
ZEB2 (9839)	ZEB2	0.344828496997441
GJB1 (2705)	GJB1	5.60021027442009
PCBP1 (5093)	PCBP1	7.60888314933986
HINT1 (3094)	HINT1	8.02845864742548
DTWD2 (285605)	DTWD2	1.71369581484336
VPREB1 (7441)	VPREB1	0
CLIC3 (9022)	CLIC3	3.91838623444635
INO80E (283899)	INO80E	5.74308405554959
BNC1 (646)	BNC1	0
DFFB (1677)	DFFB	3.29425313644451
NFU1 (27247)	NFU1	4.22342254993494
ANTXR1 (84168)	ANTXR1	0.0565835283663675
GKN1 (56287)	GKN1	0
CKAP2L (150468)	CKAP2L	3.0071955014042
C15orf40 (123207)	C15orf40	5.43195718768673
RAMAC (83640)	RAMAC	4.93168305705981
PROKR1 (10887)	PROKR1	0
APLF (200558)	APLF	0.0565835283663675
BOLA2B (654483)	BOLA2B	6.42122329922514
RGPD8 (727851)	RGPD8	0.978195629681652
HIC2 (23119)	HIC2	1.49569516262407
LUZP1 (7798)	LUZP1	3.79493566280354
HEXDC (284004)	HEXDC	3.4944156103975
DRD5 (1816)	DRD5	0
BUB1 (699)	BUB1	4.87135084063403
SPNS1 (83985)	SPNS1	4.7338966052475
LRRC45 (201255)	LRRC45	4.60407132366886
CHRNA5 (1138)	CHRNA5	4.11519974938544
MT1B (4490)	MT1B	0
CENPX (201254)	CENPX	7.17332734965099
AGPAT2 (10555)	AGPAT2	5.96739919892461
ASPSCR1 (79058)	ASPSCR1	4.81403764753998
GP9 (2815)	GP9	0
FASN (2194)	FASN	7.05918219921169
CNBP (7555)	CNBP	8.38836176840334
MT1E (4493)	MT1E	8.02713192953823
ACTRT2 (140625)	ACTRT2	0
DUS1L (64118)	DUS1L	6.67990228993158
GPS1 (2873)	GPS1	6.26716121802226
RFNG (5986)	RFNG	3.90303827011291
DCXR (51181)	DCXR	6.23266075679027
ZNF32 (7580)	ZNF32	3.4032677223393
LDB2 (9079)	LDB2	0
RAC3 (5881)	RAC3	3.99457972421575
NRG4 (145957)	NRG4	0.970853654340484
LIMS1 (3987)	LIMS1	3.66902676550963
TMEM266 (123591)	TMEM266	0.594548549550354
NLGN1 (22871)	NLGN1	0
TAPT1 (202018)	TAPT1	2.93545974780529
UGP2 (7360)	UGP2	6.07574653806091
TAS2R1 (50834)	TAS2R1	0
LINGO1 (84894)	LINGO1	0.356143810225275
PRY (9081)	PRY	0
RBMY1F (159163)	RBMY1F	0
PRY2 (442862)	PRY2	0
HNRNPF (3185)	HNRNPF	8.07478370717959
BTD (686)	BTD	3.26303440583379
CSGALNACT2 (55454)	CSGALNACT2	1.70929063572336
TACR3 (6870)	TACR3	0
GSX1 (219409)	GSX1	0
PCDH7 (5099)	PCDH7	0.137503523749935
ROBO1 (6091)	ROBO1	0.150559676575381
ONECUT1 (3175)	ONECUT1	0
AVEN (57099)	AVEN	3.77610398807316
P2RY1 (5028)	P2RY1	0.584962500721156
CTNND2 (1501)	CTNND2	0.0285691521967709
TRIM56 (81844)	TRIM56	3.88264304936184
MUC17 (140453)	MUC17	0.22650852980868
AHSP (51327)	AHSP	0
WNT10B (7480)	WNT10B	0.263034405833794
CALML6 (163688)	CALML6	0.0285691521967709
REPS2 (9185)	REPS2	2.13750352374994
MUC3A (4584)	MUC3A	4.73876783680019
SYAP1 (94056)	SYAP1	4.56985560833095
ITGAM (3684)	ITGAM	1.06350294230616
PYDC1 (260434)	PYDC1	0
TPST1 (8460)	TPST1	0.495695162624069
TM4SF4 (7104)	TM4SF4	9.24695431526131
TOR1AIP2 (163590)	TOR1AIP2	3.5385381636298
S100G (795)	S100G	0
TM4SF1 (4071)	TM4SF1	7.53985672051819
OTUD3 (23252)	OTUD3	2.52857131887076
OTUD7A (161725)	OTUD7A	0.16349873228288
GUSB (2990)	GUSB	5.73687542290827
BRD3 (8019)	BRD3	4.15623479785027
KLF13 (51621)	KLF13	5.32300971061281
FRMPD4 (9758)	FRMPD4	0
ZFPM2 (23414)	ZFPM2	0.0143552929770701
ZNF764 (92595)	ZNF764	2.54843662469604
HSFY2 (159119)	HSFY2	0
ZNF747 (65988)	ZNF747	1.71808758396052
ZNF768 (79724)	ZNF768	4.24107745817504
TAS1R3 (83756)	TAS1R3	0.298658315564515
TMEM42 (131616)	TMEM42	2.95791459863299
MAP3K2 (10746)	MAP3K2	3.32624970083746
PUSL1 (126789)	PUSL1	4.91886323727459
SF3B5 (83443)	SF3B5	6.98550043030489
ZNF35 (7584)	ZNF35	2.16992500144231
TIGD4 (201798)	TIGD4	0.31034012061215
IFFO2 (126917)	IFFO2	4.4944156103975
NLGN2 (57555)	NLGN2	1.4594316186373
MYO7B (4648)	MYO7B	1.58014548442338
CHD3 (1107)	CHD3	5.1574479962743
TMEM154 (201799)	TMEM154	0.0426443374084937
MYRIP (25924)	MYRIP	0.0565835283663675
ALCAM (214)	ALCAM	2.35049724708413
YWHAG (7532)	YWHAG	7.14812063112396
UBE2E3 (10477)	UBE2E3	5.84774641692139
CNTROB (116840)	CNTROB	4.1168637576909
TRAPPC1 (58485)	TRAPPC1	6.85024935828633
ZPLD1 (131368)	ZPLD1	0
KCNAB3 (9196)	KCNAB3	0.963474123974886
SERPINA9 (327657)	SERPINA9	0.0285691521967709
FAM153A (285596)	FAM153A	0.137503523749935
GPR37L1 (9283)	GPR37L1	0.0285691521967709
SIMC1 (375484)	SIMC1	3.21723071622067
TMEM192 (201931)	TMEM192	2.38681094647222
NSG2 (51617)	NSG2	0.0285691521967709
SPDYE5 (442590)	SPDYE5	0.464668267003444
SERPINA6 (866)	SERPINA6	1.05658352836637
ZNF778 (197320)	ZNF778	2.15704371014558
NIPA1 (123606)	NIPA1	3.64385618977472
FOXD4 (2298)	FOXD4	0.286881147788162
GPR25 (2848)	GPR25	0
UBE2E1 (7324)	UBE2E1	6.06522762277562
HNRNPA3 (220988)	HNRNPA3	8.17257752112756
SIK2 (23235)	SIK2	3.5668151540109
RNF150 (57484)	RNF150	0
CCDC144A (9720)	CCDC144A	0
VGLL2 (245806)	VGLL2	0
HOXD4 (3233)	HOXD4	0
CHRNB1 (1140)	CHRNB1	2.56315813040281
HOXD12 (3238)	HOXD12	0
GYPA (2993)	GYPA	0
USP38 (84640)	USP38	2.76765479823735
SLC16A5 (9121)	SLC16A5	5.91934008244201
NANP (140838)	NANP	2.81557542886257
ANKK1 (255239)	ANKK1	0.0143552929770701
ADRA1B (147)	ADRA1B	0
ADPRM (56985)	ADPRM	2.28392177230762
FABP6 (2172)	FABP6	1.91456452349394
PWWP2A (114825)	PWWP2A	3.85099939471647
USP50 (373509)	USP50	0
USP47 (55031)	USP47	4.36597242759338
PDCD6IP (10015)	PDCD6IP	5.43462822763672
MRGPRX1 (259249)	MRGPRX1	0
ZNF212 (7988)	ZNF212	3.86393845042397
MRAP (56246)	MRAP	0
FAM161A (84140)	FAM161A	0.978195629681652
ZNF282 (8427)	ZNF282	4.34624777408278
GLB1 (2720)	GLB1	4.63284983011771
GON7 (84520)	GON7	3.92599941855622
FAXDC2 (10826)	FAXDC2	2.53106949272595
CRTAP (10491)	CRTAP	3.51853513898218
HSPB2 (3316)	HSPB2	0
C7orf33 (202865)	C7orf33	0
CNGB3 (54714)	CNGB3	0
SLN (6588)	SLN	0
ELP5 (23587)	ELP5	5.37538702682888
CMTM8 (152189)	CMTM8	3.22496636500027
GABARAP (11337)	GABARAP	7.49976617797294
LGALS9B (284194)	LGALS9B	0
STX8 (9482)	STX8	4.34482849699744
CDK1 (983)	CDK1	5.82883464946806
UBB (7314)	UBB	9.71798480472198
NFRKB (4798)	NFRKB	4.5341861390901
FABP4 (2167)	FABP4	0
FRMPD2 (143162)	FRMPD2	0.0143552929770701
PRDM10 (56980)	PRDM10	2.40053792958373
B3GNT2 (10678)	B3GNT2	3.69265037003553
FOS (2353)	FOS	6.69641119920883
TMED10 (10972)	TMED10	6.92326805288542
SETMAR (6419)	SETMAR	3.08915913191124
SMAD1 (4086)	SMAD1	2.99457972421575
CST5 (1473)	CST5	0
CST2 (1470)	CST2	0
EMX2 (2018)	EMX2	0
CST1 (1469)	CST1	0.887525270741587
SP7 (121340)	SP7	0
TCAF2 (285966)	TCAF2	0.422233000683048
SEMA3E (9723)	SEMA3E	1.9297909977186
LRRN2 (10446)	LRRN2	0.0426443374084937
SLC30A1 (7779)	SLC30A1	2.68257329734758
DCLK2 (166614)	DCLK2	0.0565835283663675
ZNF804A (91752)	ZNF804A	0
GPRC5C (55890)	GPRC5C	4.47248777146274
TMEM182 (130827)	TMEM182	3.36737106564853
VSTM2A (222008)	VSTM2A	0
KRT8 (3856)	KRT8	11.9758479680068
KRT78 (196374)	KRT78	0.0143552929770701
ADORA2B (136)	ADORA2B	1.19534759832222
SDR9C7 (121214)	SDR9C7	0
MGMT (4255)	MGMT	3.77925972037238
METTL7B (196410)	METTL7B	4.0574502721839
KRT86 (3892)	KRT86	0.298658315564515
HARS (3035)	HARS	6.02613608984167
NFXL1 (152518)	NFXL1	3.70929063572336
KRT75 (9119)	KRT75	0
DENND5B (160518)	DENND5B	3.5933537709803
CD14 (929)	CD14	1.39506279951758
DNAJC18 (202052)	DNAJC18	1.02856915219677
KRT6C (286887)	KRT6C	0
RIOX1 (79697)	RIOX1	2.6667565918848
SPATA24 (202051)	SPATA24	3.32192809488736
RALGAPB (57148)	RALGAPB	4.16992500144231
PYM1 (84305)	PYM1	5.43796008833447
MZB1 (51237)	MZB1	1.22032995487956
KRT4 (3851)	KRT4	0.111031312388744
SLC23A1 (9963)	SLC23A1	1.40053792958373
KRT74 (121391)	KRT74	0
NPAS2 (4862)	NPAS2	3.5385381636298
KRT72 (140807)	KRT72	0
KISS1 (3814)	KISS1	0.189033824390017
LONRF2 (164832)	LONRF2	0.189033824390017
NUDT9 (53343)	NUDT9	4.72628628972067
HSD17B13 (345275)	HSD17B13	0.0976107966264223
PA2G4 (5036)	PA2G4	8.27654319143299
COX7B2 (170712)	COX7B2	0
ELOVL6 (79071)	ELOVL6	4.49121175600309
KRT83 (3889)	KRT83	0.0426443374084937
PFKFB3 (5209)	PFKFB3	3.89917563048051
TMC7 (79905)	TMC7	2.48800077083407
ARL6IP1 (23204)	ARL6IP1	7.07531869255335
SERPINB9 (5272)	SERPINB9	1.49569516262407
SMAGP (57228)	SMAGP	6.14608493861619
IRX1 (79192)	IRX1	0
CDH2 (1000)	CDH2	0.0565835283663675
IRX2 (153572)	IRX2	2.73552217729654
EMB (133418)	EMB	0.111031312388744
SIX2 (10736)	SIX2	0.0565835283663675
DLGAP1 (9229)	DLGAP1	0.124328135002202
STAT2 (6773)	STAT2	4.04001567884788
NUDCD2 (134492)	NUDCD2	5.08321336824898
IRF2BP1 (26145)	IRF2BP1	4.30012372456901
OR9K2 (441639)	OR9K2	0
HSPA4 (3308)	HSPA4	5.77610398807316
FOXA3 (3171)	FOXA3	3.15055967657538
FAM71B (153745)	FAM71B	0
SLC26A5 (375611)	SLC26A5	0
COMMD5 (28991)	COMMD5	4.60407132366886
SGCD (6444)	SGCD	0
GTSF1 (121355)	GTSF1	0.0565835283663675
ZNF16 (7564)	ZNF16	2.6667565918848
ARMC10 (83787)	ARMC10	5.13381009110603
RNF34 (80196)	RNF34	4.48284828306847
ACYP2 (98)	ACYP2	3.41006969175638
TRABD (80305)	TRABD	4.97269265400426
ATF7 (11016)	ATF7	4.17392693199981
RASA4B (100271927)	RASA4B	2.88557436437143
SOCS6 (9306)	SOCS6	3.26153081524341
CAVIN4 (347273)	CAVIN4	0.20163386116965
OR10A3 (26496)	OR10A3	0
ZNF296 (162979)	ZNF296	1.08406426478847
HOXB9 (3219)	HOXB9	6.86740230572754
TTLL6 (284076)	TTLL6	0.475084882948783
POLH (5429)	POLH	2.50589092972996
SYT9 (143425)	SYT9	0
KCNS3 (3790)	KCNS3	0.124328135002202
RBMXL2 (27288)	RBMXL2	0
KIF5B (3799)	KIF5B	5.5077946401987
GPR37 (2861)	GPR37	2.23266075679027
AKAP13 (11214)	AKAP13	5.12184429787638
TPD52L3 (89882)	TPD52L3	0
CDCA4 (55038)	CDCA4	4.08321336824898
OR10A4 (283297)	OR10A4	0.22650852980868
SDR16C5 (195814)	SDR16C5	1.99638874644762
DYDC1 (143241)	DYDC1	0
OR10A2 (341276)	OR10A2	0.0976107966264223
CHCHD7 (79145)	CHCHD7	6.20398416585599
HTRA3 (94031)	HTRA3	0.0426443374084937
FOXN2 (3344)	FOXN2	3.31034012061215
LMOD2 (442721)	LMOD2	0.0143552929770701
BFSP2 (8419)	BFSP2	0
FSHR (2492)	FSHR	0
USP32 (84669)	USP32	4.17871464117544
CEL (1056)	CEL	0.454175893185802
PPM1D (8493)	PPM1D	2.98002530023873
GPR27 (2850)	GPR27	0.0285691521967709
PSG6 (5675)	PSG6	0
KBTBD2 (25948)	KBTBD2	4.48735771531155
RIOX2 (84864)	RIOX2	5.01925711868108
TRIAP1 (51499)	TRIAP1	5.59693514238723
LSM3 (27258)	LSM3	4.24336442569366
KIAA0232 (9778)	KIAA0232	2.91838623444635
MTSS1 (9788)	MTSS1	3.37155886261196
TMEM43 (79188)	TMEM43	3.89917563048051
RNF139 (11236)	RNF139	4.99186193055632
RPS9 (6203)	RPS9	11.5871211704757
PLA2G1B (5319)	PLA2G1B	0
CYTL1 (54360)	CYTL1	0
TSEN34 (79042)	TSEN34	6.33467552993465
TRH (7200)	TRH	0
GSTA4 (2941)	GSTA4	3.54349588342577
MSANTD4 (84437)	MSANTD4	3.78972925137577
NDUFA3 (4696)	NDUFA3	7.65463602852797
OSCAR (126014)	OSCAR	0.137503523749935
PAQR8 (85315)	PAQR8	0.985500430304885
NUDT6 (11162)	NUDT6	2.10768786931437
OR7G3 (390883)	OR7G3	0
TANC2 (26115)	TANC2	1.27500704749987
OR7G2 (390882)	OR7G2	0
TEX13B (56156)	TEX13B	0.0426443374084937
PKHD1 (5314)	PKHD1	0.0976107966264223
OR1M1 (125963)	OR1M1	0
NCBP2L (392517)	NCBP2L	0
DNAJC24 (120526)	DNAJC24	3.73009646559547
MBD3L1 (85509)	MBD3L1	0
ZNF160 (90338)	ZNF160	3.50207595604579
PGK2 (5232)	PGK2	0.0565835283663675
OR8B12 (219858)	OR8B12	0
ZNF415 (55786)	ZNF415	0
CAVIN3 (112464)	CAVIN3	0.238786859587116
CEACAM3 (1084)	CEACAM3	0
DCDC1 (341019)	DCDC1	0.176322772640463
HAS2 (3037)	HAS2	0.189033824390017
PDGFD (80310)	PDGFD	0.0143552929770701
PLAC1 (10761)	PLAC1	0.0840642647884745
DDI1 (414301)	DDI1	0
S1PR1 (1901)	S1PR1	0.0143552929770701
HS6ST2 (90161)	HS6ST2	0.0143552929770701
OR4D5 (219875)	OR4D5	0
PYGO1 (26108)	PYGO1	0
LRRC8E (80131)	LRRC8E	2.79285535236249
PKIA (5569)	PKIA	0
XKR6 (286046)	XKR6	1.14404636961671
TSNARE1 (203062)	TSNARE1	3.40463068421761
FPR2 (2358)	FPR2	0
FPR1 (2357)	FPR1	0.20163386116965
PATE1 (160065)	PATE1	0
OR13H1 (347468)	OR13H1	0
FEZ2 (9637)	FEZ2	4.39437694495706
SOX7 (83595)	SOX7	0.16349873228288
C8orf74 (203076)	C8orf74	0
C11orf24 (53838)	C11orf24	4.63633460244218
ALK (238)	ALK	0.0285691521967709
KYAT1 (883)	KYAT1	2.31903981556254
MTM1 (4534)	MTM1	2.61588707391606
OBP2B (29989)	OBP2B	0.070389327891398
TRMT61B (55006)	TRMT61B	3.7771566660045
INSR (3643)	INSR	1.86393845042397
MFN1 (55669)	MFN1	4.39231742277876
GIMAP8 (155038)	GIMAP8	0
HSFX1 (100506164)	HSFX1	0.464668267003444
NRTN (4902)	NRTN	0.0426443374084937
KCNMB3 (27094)	KCNMB3	1.78240856492737
FUT3 (2525)	FUT3	1.40053792958373
KCNG3 (170850)	KCNG3	0.0285691521967709
ATP6V0E2 (155066)	ATP6V0E2	4.99819550315325
PRKCE (5581)	PRKCE	2.19849415363908
OR2K2 (26248)	OR2K2	0
JAGN1 (84522)	JAGN1	4.42425028608405
RLN3 (117579)	RLN3	0
TADA3 (10474)	TADA3	4.86789646399265
SOCS5 (9655)	SOCS5	2.93922657772821
C1GALT1C1 (29071)	C1GALT1C1	4.61470984411521
C9orf16 (79095)	C9orf16	6.44790974874208
MORN4 (118812)	MORN4	0.594548549550354
ZNF672 (79894)	ZNF672	3.37989816352469
ZNF692 (55657)	ZNF692	5.43462822763672
NAIF1 (203245)	NAIF1	3.07382023329167
RBKS (64080)	RBKS	0.678071905112638
OR2M4 (26245)	OR2M4	0
GRIK1 (2897)	GRIK1	0.0143552929770701
MUC7 (4589)	MUC7	0
OPRPN (58503)	OPRPN	0
SMR3B (10879)	SMR3B	0
TMEM126A (84233)	TMEM126A	5.36911745859982
TMEM126B (55863)	TMEM126B	6.73308313184512
TRIM8 (81603)	TRIM8	5.34056226902641
NETO2 (81831)	NETO2	2.68929916053589
CSN3 (1448)	CSN3	0
CLDN20 (49861)	CLDN20	0.214124805352847
CDC42BPG (55561)	CDC42BPG	3.49697358099828
SCAND1 (51282)	SCAND1	5.79233480570669
JUNB (3726)	JUNB	5.41481206056585
FAM241B (219738)	FAM241B	3.53605290024021
TMEM37 (140738)	TMEM37	1.790772037862
UGT2B7 (7364)	UGT2B7	0.782408564927373
LRG1 (116844)	LRG1	3.22342254993494
SHCBP1 (79801)	SHCBP1	3.51727569320958
SOSTDC1 (25928)	SOSTDC1	3.00180224263399
NPTX1 (4884)	NPTX1	0.0285691521967709
FAM98B (283742)	FAM98B	4.63923216324928
ZNF439 (90594)	ZNF439	0.0565835283663675
ZNF440 (126070)	ZNF440	2.90303827011291
GAA (2548)	GAA	1.95233356636969
CANT1 (124583)	CANT1	5.65019012349677
KCNK3 (3777)	KCNK3	0.0143552929770701
ZDHHC16 (84287)	ZDHHC16	4.72900887033786
CHST11 (50515)	CHST11	0.678071905112638
EXOSC1 (51013)	EXOSC1	5.70182625841205
PGAM1 (5223)	PGAM1	8.04351949366274
CHD7 (55636)	CHD7	4.20554891117303
ESCO2 (157570)	ESCO2	2.0703893278914
KRT19 (3880)	KRT19	9.22532795781078
KRT15 (3866)	KRT15	2.10097764772482
LURAP1 (541468)	LURAP1	0
KRT38 (8687)	KRT38	0
CLCN5 (1184)	CLCN5	1.04264433740849
TPPP (11076)	TPPP	3.65420637794429
KCND3 (3752)	KCND3	0
APLN (8862)	APLN	0.263034405833794
KRTAP4-4 (84616)	KRTAP4-4	0
KRT13 (3860)	KRT13	3.81249822533356
XAGE3 (170626)	XAGE3	0
KRT9 (3857)	KRT9	0
XAGE5 (170627)	XAGE5	0
PDE7B (27115)	PDE7B	0
MRPL36 (64979)	MRPL36	6.87541148013077
ZNF581 (51545)	ZNF581	5.07638806851284
NAT1 (9)	NAT1	1.07724299893246
KRT20 (54474)	KRT20	7.37755760323341
GLOD5 (392465)	GLOD5	0.584962500721156
KSR2 (283455)	KSR2	0.20163386116965
ZNF524 (147807)	ZNF524	4.12928301694497
MCC (4163)	MCC	0.298658315564515
KRT27 (342574)	KRT27	0
ZBTB26 (57684)	ZBTB26	3.01613970265525
CDK5R2 (8941)	CDK5R2	0
DSEL (92126)	DSEL	0.20163386116965
POLR1C (9533)	POLR1C	5.99638874644762
ASXL1 (171023)	ASXL1	5.64558638591361
OR1L6 (392390)	OR1L6	0
DLK2 (65989)	DLK2	0.584962500721156
ZNF562 (54811)	ZNF562	2.79701297783614
ZNF318 (24149)	ZNF318	2.87184364850932
ZNF561 (93134)	ZNF561	3.74738739965272
WIPF2 (147179)	WIPF2	3.94579495674006
HOPX (84525)	HOPX	1.96347412397489
SPACA5B (729201)	SPACA5B	0
OR1L3 (26735)	OR1L3	0
NLRP5 (126206)	NLRP5	0
LRRC8C (84230)	LRRC8C	1.77399632511117
SPACA5 (389852)	SPACA5	0
RSL1D1 (26156)	RSL1D1	7.47273144936906
LRRC8D (55144)	LRRC8D	4.29939120612683
MROH2B (133558)	MROH2B	0
OR1L8 (138881)	OR1L8	0
PPID (5481)	PPID	4.66220549965362
OR1N2 (138882)	OR1N2	0
COL24A1 (255631)	COL24A1	0
ETFDH (2110)	ETFDH	2.88362081628567
OR1N1 (138883)	OR1N1	0
RXFP1 (59350)	RXFP1	0
LPAR3 (23566)	LPAR3	0.0285691521967709
PTGER4 (5734)	PTGER4	0.53605290024021
TBCA (6902)	TBCA	8.0809240939432
NEUROD2 (4761)	NEUROD2	0
MAP6 (4135)	MAP6	0
OTP (23440)	OTP	0
ECEL1 (9427)	ECEL1	0.0143552929770701
BCL2L1 (598)	BCL2L1	6.86888427302877
FGG (2266)	FGG	0.0285691521967709
FGA (2243)	FGA	0.0565835283663675
OR2AT4 (341152)	OR2AT4	0
FGB (2244)	FGB	0.0426443374084937
PLRG1 (5356)	PLRG1	5.60407132366886
ZNF584 (201514)	ZNF584	2.86195536414487
DSCAM (1826)	DSCAM	0
DNAI2 (64446)	DNAI2	0
NMUR1 (10316)	NMUR1	0
CLSTN1 (22883)	CLSTN1	6.01836711554312
CXXC5 (51523)	CXXC5	5.47832471148503
ZNF274 (10782)	ZNF274	2.46466826700344
PIK3CD (5293)	PIK3CD	0.176322772640463
PTCRA (171558)	PTCRA	0
SLC25A33 (84275)	SLC25A33	2.42223300068305
ENC1 (8507)	ENC1	6.78515817739998
SPSB1 (80176)	SPSB1	1.8073549220576
P2RY6 (5031)	P2RY6	0.189033824390017
BPTF (2186)	BPTF	5.86245139132558
S100Z (170591)	S100Z	0
ZIK1 (284307)	ZIK1	0.0285691521967709
GPR82 (27197)	GPR82	0.0285691521967709
GPR34 (2857)	GPR34	0
PLEKHG5 (57449)	PLEKHG5	2.32768736417605
ATF7IP (55729)	ATF7IP	3.29865831556452
LKAAEAR1 (198437)	LKAAEAR1	0
RGS19 (10287)	RGS19	4.46988597627446
TCEA2 (6919)	TCEA2	0.389566811762726
DEFB4A (1673)	DEFB4A	0
ANO5 (203859)	ANO5	0
HDAC3 (8841)	HDAC3	5.9371089462026
SPATA46 (284680)	SPATA46	0.0565835283663675
GPHN (10243)	GPHN	3.63110428236588
VAT1L (57687)	VAT1L	0.0426443374084937
TMEM51 (55092)	TMEM51	3.65878273401283
CAMTA1 (23261)	CAMTA1	6.54210324585659
LGALS4 (3960)	LGALS4	10.0984269272017
LRRC34 (151827)	LRRC34	0.400537929583729
PAH (5053)	PAH	0.0426443374084937
SPATA5L1 (79029)	SPATA5L1	3.93168305705981
GATM (2628)	GATM	0.622930350920177
SYCE1 (93426)	SYCE1	0.55581615506164
NXNL1 (115861)	NXNL1	0
RASGRP4 (115727)	RASGRP4	0.0840642647884745
NHLH1 (4807)	NHLH1	0.0426443374084937
SLFNL1 (200172)	SLFNL1	0.298658315564515
BCL2 (596)	BCL2	0.124328135002202
RHNO1 (83695)	RHNO1	4.09845324630927
CTPS1 (1503)	CTPS1	5.48252564076792
UTF1 (8433)	UTF1	0
KNDC1 (85442)	KNDC1	0.124328135002202
WDR87 (83889)	WDR87	0
METTL18 (92342)	METTL18	3.09254574154357
CFAP46 (54777)	CFAP46	0.111031312388744
COL8A2 (1296)	COL8A2	0.0143552929770701
PWWP2B (170394)	PWWP2B	4.13914201914569
ZNF540 (163255)	ZNF540	0.214124805352847
ANGPTL7 (10218)	ANGPTL7	0.0143552929770701
FBXL14 (144699)	FBXL14	3.17791779219584
EXOSC10 (5394)	EXOSC10	5.44493204894218
ZNF570 (148268)	ZNF570	0.214124805352847
NINJ2 (4815)	NINJ2	2.99276843076892
MLLT3 (4300)	MLLT3	4.67525138605026
FAM90A1 (55138)	FAM90A1	0
RRM2 (6241)	RRM2	6.70154905694307
TRAPPC12 (51112)	TRAPPC12	4.86046625851717
IFNB1 (3456)	IFNB1	0.0565835283663675
RPS21 (6227)	RPS21	12.6255947012834
C3AR1 (719)	C3AR1	0
MRM3 (55178)	MRM3	3.96439863220318
PTEN (5728)	PTEN	4.47183776242229
RPS7 (6201)	RPS7	11.0105980360889
PRND (23627)	PRND	0.0143552929770701
RNASEH1 (246243)	RNASEH1	4.52857131887076
PRNP (5621)	PRNP	5.94016675048282
KLF17 (128209)	KLF17	0
ADRA1D (146)	ADRA1D	0.0143552929770701
FRMD5 (84978)	FRMD5	1.51096191927738
AQP4 (361)	AQP4	0
CYP4F11 (57834)	CYP4F11	0.367371065648529
TLN2 (83660)	TLN2	1.16349873228288
LGALS9C (654346)	LGALS9C	0.0565835283663675
TVP23B (51030)	TVP23B	5.03210084316702
FBXW10 (10517)	FBXW10	0.124328135002202
OR10H3 (26532)	OR10H3	0
ZNF217 (7764)	ZNF217	4.44294349584873
OR10H2 (26538)	OR10H2	0
SRGAP2C (653464)	SRGAP2C	1.54596836910529
OR52A5 (390054)	OR52A5	0
SCG2 (7857)	SCG2	0.189033824390017
ATPAF2 (91647)	ATPAF2	3.28392177230762
CYP4F22 (126410)	CYP4F22	0
FOXB1 (27023)	FOXB1	0.0285691521967709
PPIH (10465)	PPIH	6.59768014371589
DRC3 (83450)	DRC3	0.963474123974886
ZNF57 (126295)	ZNF57	2.09423606984577
SHLD1 (149840)	SHLD1	2.64154602908752
C11orf40 (143501)	C11orf40	0
JMJD1C (221037)	JMJD1C	4.61706334388818
LDHAL6B (92483)	LDHAL6B	0.124328135002202
SYNPO (11346)	SYNPO	0.298658315564515
ZNF556 (80032)	ZNF556	0.20163386116965
MAL (4118)	MAL	0.0840642647884745
ZNF554 (115196)	ZNF554	0.879705766282288
RAB33B (83452)	RAB33B	2.29865831556452
THOP1 (7064)	THOP1	6.27090264916713
ANKRD20A4 (728747)	ANKRD20A4	0.137503523749935
REG3A (5068)	REG3A	0
GAP43 (2596)	GAP43	0.0565835283663675
REG1B (5968)	REG1B	0
EPHX4 (253152)	EPHX4	0.20163386116965
LAMB2 (3913)	LAMB2	4.24944534108584
USP19 (10869)	USP19	4.2349610948395
QARS (5859)	QARS	7.40922119732453
ORMDL3 (94103)	ORMDL3	5.64904056563445
SERF1A (8293)	SERF1A	1.83187724119167
KLF11 (8462)	KLF11	2.04614178164472
LRRC15 (131578)	LRRC15	0
SMN1 (6606)	SMN1	5.05658352836637
EIF2AK3 (9451)	EIF2AK3	3.17791779219584
TEX37 (200523)	TEX37	0
MOB3A (126308)	MOB3A	2.0071955014042
KRCC1 (51315)	KRCC1	3.89336221076387
NME6 (10201)	NME6	3.98367769469807
CYCS (54205)	CYCS	6.86046625851717
CD8B (926)	CD8B	0
SLFN12 (55106)	SLFN12	0
CALB2 (794)	CALB2	5.52857131887076
SLC9C1 (285335)	SLC9C1	0
OR1A1 (8383)	OR1A1	0
OR1A2 (26189)	OR1A2	0
OR8I2 (120586)	OR8I2	0
LCE1D (353134)	LCE1D	0
CCL11 (6356)	CCL11	0
FRMD3 (257019)	FRMD3	0.516015147003665
SNTB1 (6641)	SNTB1	5.14974711950468
MTBP (27085)	MTBP	4.66959375118833
TEFM (79736)	TEFM	3.97911075501579
MRPL13 (28998)	MRPL13	7.59775462269378
MALT1 (10892)	MALT1	2.1243281350022
PRL (5617)	PRL	0
ISG20 (3669)	ISG20	2.85996954822103
OR4C11 (219429)	OR4C11	0
MBOAT1 (154141)	MBOAT1	1.77820857639809
OR8U1 (219417)	OR8U1	0
ID4 (3400)	ID4	0.0143552929770701
OR4X2 (119764)	OR4X2	0
GPR22 (2845)	GPR22	0.0285691521967709
CXCR6 (10663)	CXCR6	0.344828496997441
CEBPB (1051)	CEBPB	4.56559717585422
AZU1 (566)	AZU1	0.111031312388744
TPSAB1 (7177)	TPSAB1	0
ATOH1 (474)	ATOH1	2.59215800212536
PAIP1 (10605)	PAIP1	5.76420813013995
CLEC7A (64581)	CLEC7A	0
C5orf34 (375444)	C5orf34	2.37016428054021
C1QTNF4 (114900)	C1QTNF4	0.124328135002202
NEGR1 (257194)	NEGR1	0
ZNF131 (7690)	ZNF131	5.40837220357268
MACROD2 (140733)	MACROD2	1.48542682717024
DPAGT1 (1798)	DPAGT1	6.29682445864937
BSG (682)	BSG	8.57810847186878
HINFP (25988)	HINFP	4.0866139474095
CDY1 (9085)	CDY1	0
OR10V1 (390201)	OR10V1	0
CERS6 (253782)	CERS6	4.13010717865883
SPTLC3 (55304)	SPTLC3	1.16992500144231
COPRS (55352)	COPRS	5.67299099382775
TP53RK (112858)	TP53RK	3.42492208821069
B3GALT1 (8708)	B3GALT1	0.0143552929770701
OR5A1 (219982)	OR5A1	0
CLEC12A (160364)	CLEC12A	0
OR5A2 (219981)	OR5A2	0
BPGM (669)	BPGM	3.64385618977472
POP7 (10248)	POP7	6.09296850932414
ALG14 (199857)	ALG14	2
SUCLG2 (8801)	SUCLG2	4.88264304936184
STARD5 (80765)	STARD5	1
CSDC2 (27254)	CSDC2	0.176322772640463
RCAN2 (10231)	RCAN2	0.0143552929770701
IL16 (3603)	IL16	0.16349873228288
ABCG4 (64137)	ABCG4	0
CDY1B (253175)	CDY1B	0
GNB2 (2783)	GNB2	7.79226972416655
CFAP53 (220136)	CFAP53	0.111031312388744
OR5B12 (390191)	OR5B12	0
OR5B2 (390190)	OR5B2	0
MCRIP2 (84331)	MCRIP2	5.56254772419912
PDZD3 (79849)	PDZD3	2.41953889151378
C2CD2L (9854)	C2CD2L	3.47638168756724
OR9I1 (219954)	OR9I1	0
ARNT2 (9915)	ARNT2	0.0426443374084937
GNG12 (55970)	GNG12	5.09845324630927
PRSS27 (83886)	PRSS27	0.632268215499513
MYOZ2 (51778)	MYOZ2	0
SYNPO2 (171024)	SYNPO2	0
DNAJB7 (150353)	DNAJB7	0.189033824390017
CLP1 (10978)	CLP1	4.2861418728343
INSL5 (10022)	INSL5	0
EFCAB3 (146779)	EFCAB3	0
TTC36 (143941)	TTC36	0.111031312388744
RSPH9 (221421)	RSPH9	0.443606651475615
COPS9 (150678)	COPS9	7.58293228298826
GTPBP2 (54676)	GTPBP2	5.64385618977472
FGGY (55277)	FGGY	2.72027846523333
OR9G4 (283189)	OR9G4	0
IL17D (53342)	IL17D	2.68032435684402
OR5AR1 (219493)	OR5AR1	0
FUT9 (10690)	FUT9	0
OR5AP2 (338675)	OR5AP2	0
TCEAL1 (9338)	TCEAL1	3.22804904788446
ZNF24 (7572)	ZNF24	3.59215800212536
HSFY1 (86614)	HSFY1	0
MANEA (79694)	MANEA	2.33913738491959
RAB40A (142684)	RAB40A	0.189033824390017
MAB21L4 (79919)	MAB21L4	2.43028527297778
AGXT (189)	AGXT	0.704871964456353
OR8J1 (219477)	OR8J1	0
OR5T3 (390154)	OR5T3	0
AFF1 (4299)	AFF1	4.12515513132229
ACOT12 (134526)	ACOT12	0
FIBP (9158)	FIBP	6.51191074867093
CARNS1 (57571)	CARNS1	0.641546029087524
OR10H5 (284433)	OR10H5	0
BANP (54971)	BANP	3.41683974191283
PPP1CA (5499)	PPP1CA	8.0648505250611
HCFC1 (3054)	HCFC1	5.21295836272829
FAM170B (170370)	FAM170B	0
CTSW (1521)	CTSW	0.31034012061215
NIPAL4 (348938)	NIPAL4	0.0285691521967709
MUCL1 (118430)	MUCL1	0
SNTG2 (54221)	SNTG2	0
FNDC9 (408263)	FNDC9	0
PDE3A (5139)	PDE3A	0
RASGRP1 (10125)	RASGRP1	0.124328135002202
KLHL6 (89857)	KLHL6	0.124328135002202
CHCHD1 (118487)	CHCHD1	5.69515867847536
MRPL52 (122704)	MRPL52	6.12391445900198
SMPDL3A (10924)	SMPDL3A	1.88752527074159
RND1 (27289)	RND1	1.58014548442338
RAD9A (5883)	RAD9A	4.77978500530113
EFEMP2 (30008)	EFEMP2	1.13750352374994
OR10AD1 (121275)	OR10AD1	0
AGAP5 (729092)	AGAP5	2.35049724708413
WASHC2C (253725)	WASHC2C	3.76022094646651
TMEM134 (80194)	TMEM134	5.50716034911752
ZMAT3 (64393)	ZMAT3	1.23266075679027
ZFAND4 (93550)	ZFAND4	1.13093086982645
THEMIS (387357)	THEMIS	0.0285691521967709
MOS (4342)	MOS	0
ZNF738 (148203)	ZNF738	2.76765479823735
MS4A10 (341116)	MS4A10	0
SLFN11 (91607)	SLFN11	0.0426443374084937
FAM71D (161142)	FAM71D	0.111031312388744
CCL19 (6363)	CCL19	0
CORO1B (57175)	CORO1B	7.2389778817709
FUT10 (84750)	FUT10	1.96716860753263
LRRC20 (55222)	LRRC20	4.36527259976453
MUS81 (80198)	MUS81	5.22804904788446
PURG (29942)	PURG	0
TMEM217 (221468)	TMEM217	0.55581615506164
OR4D9 (390199)	OR4D9	0
ZNF596 (169270)	ZNF596	1.10433665981474
COL6A5 (256076)	COL6A5	0
CFL1 (1072)	CFL1	10.5079927989849
TMCC1 (23023)	TMCC1	3.72246602447109
NAA16 (79612)	NAA16	3.89530262133331
OR5B3 (441608)	OR5B3	0
EFCAB12 (90288)	EFCAB12	0.189033824390017
OR10W1 (81341)	OR10W1	0
FAM192A (80011)	FAM192A	6.20280949212501
RAB43 (339122)	RAB43	2.99638874644762
FADS6 (283985)	FADS6	0
CBWD1 (55871)	CBWD1	4.10517519226548
HOXC5 (3222)	HOXC5	1.20163386116965
RAB37 (326624)	RAB37	1.18269229751619
DCP2 (167227)	DCP2	3.73335434061383
SNX32 (254122)	SNX32	0.485426827170242
RPL38 (6169)	RPL38	10.7613018972408
CYP7B1 (9420)	CYP7B1	0
OVOL1 (5017)	OVOL1	3.44625622988956
RARG (5916)	RARG	5.4093909361377
CES4A (283848)	CES4A	1.39506279951758
CES3 (23491)	CES3	1.01435529297707
SSH3 (54961)	SSH3	6.15663931069209
CES2 (8824)	CES2	4.25701061820602
PDP2 (57546)	PDP2	2.48542682717024
SP3 (6670)	SP3	4.67807190511264
KRT2 (3849)	KRT2	0
DMXL1 (1657)	DMXL1	2.88166461932035
METAP1D (254042)	METAP1D	3.22496636500027
ZNF621 (285268)	ZNF621	3.44890095114513
EGFL7 (51162)	EGFL7	0.748461233004036
NADSYN1 (55191)	NADSYN1	6.57803297169654
DHCR7 (1717)	DHCR7	7.12391445900198
LVRN (206338)	LVRN	0.0143552929770701
NBEA (26960)	NBEA	0
RNASEH2C (84153)	RNASEH2C	4.6046644151637
MYEOV (26579)	MYEOV	5.67722632823532
ANKRD13D (338692)	ANKRD13D	4.94953493301701
MRGPRF (116535)	MRGPRF	0.0426443374084937
MYD88 (4615)	MYD88	4.58014548442338
MRGPRD (116512)	MRGPRD	0
OXSR1 (9943)	OXSR1	3.98641093525204
SLC22A13 (9390)	SLC22A13	0.238786859587116
PHF8 (23133)	PHF8	3.34624777408278
LCLAT1 (253558)	LCLAT1	3.38404980679516
ADH6 (130)	ADH6	0.807354922057604
XKR3 (150165)	XKR3	0
FRG2C (100288801)	FRG2C	0.0143552929770701
KAT5 (10524)	KAT5	5.19967234483636
SH3RF3 (344558)	SH3RF3	0.0143552929770701
GXYLT2 (727936)	GXYLT2	0.0143552929770701
HPSE2 (60495)	HPSE2	0
DCAKD (79877)	DCAKD	3.99548451887751
ARPP21 (10777)	ARPP21	0
TADA2B (93624)	TADA2B	3.22958792274065
CCDC96 (257236)	CCDC96	1.15704371014558
GRK2 (156)	GRK2	6.83617662480922
RELA (5970)	RELA	5.60762622084549
EVC2 (132884)	EVC2	0
ZNF680 (340252)	ZNF680	3.05311133645956
HECTD4 (283450)	HECTD4	3.87184364850932
FAM222B (55731)	FAM222B	3.48284828306847
BNC2 (54796)	BNC2	0.0143552929770701
DEC1 (50514)	DEC1	0
RXFP4 (339403)	RXFP4	1.4594316186373
HPSE (10855)	HPSE	0.84799690655495
COQ2 (27235)	COQ2	4.01792190799726
CCDC63 (160762)	CCDC63	0
HSPA6 (3310)	HSPA6	0.137503523749935
TRMT112 (51504)	TRMT112	8.56464491443638
LRRN3 (54674)	LRRN3	0.0565835283663675
KDM2A (22992)	KDM2A	5.54256760776422
ACSM6 (142827)	ACSM6	0.0143552929770701
ADCK5 (203054)	ADCK5	3.17951105027151
MRPL57 (78988)	MRPL57	5.07081863753328
NOC3L (64318)	NOC3L	3.63110428236588
ESRRA (2101)	ESRRA	5.91456452349394
RHOD (29984)	RHOD	3.91838623444635
ADAMTS20 (80070)	ADAMTS20	0
COMMD1 (150684)	COMMD1	2.95419631038688
RAPH1 (65059)	RAPH1	1.52606881166759
MTX1 (4580)	MTX1	5.14771372235215
ADCY5 (111)	ADCY5	0.333423733725192
PARP14 (54625)	PARP14	3.97452931248388
CYSLTR1 (10800)	CYSLTR1	0.0143552929770701
PARP15 (165631)	PARP15	0
CKS1B (1163)	CKS1B	7.82394038249205
ABCD2 (225)	ABCD2	0
ABLIM3 (22885)	ABLIM3	3.61353165291793
MAB21L3 (126868)	MAB21L3	0
MFSD4B (91749)	MFSD4B	1.62760683812965
VANGL1 (81839)	VANGL1	3.4867143730307
GLRX (2745)	GLRX	5.27947129564447
IQCB1 (9657)	IQCB1	4.47378691161437
SYT12 (91683)	SYT12	0.0840642647884745
GOLGB1 (2804)	GOLGB1	4.66334461936609
C11orf86 (254439)	C11orf86	0.0840642647884745
LIPM (340654)	LIPM	0.575312330687437
GPR151 (134391)	GPR151	0
DMRT2 (10655)	DMRT2	0.070389327891398
ZNF483 (158399)	ZNF483	0.111031312388744
PLAC8L1 (153770)	PLAC8L1	0.189033824390017
SLC2A14 (144195)	SLC2A14	0
GPR137 (56834)	GPR137	4.21955576916691
SNCG (6623)	SNCG	8.58210433746144
MMRN2 (79812)	MMRN2	3.03210084316702
MZT2A (653784)	MZT2A	6.75408578219791
TNKS (8658)	TNKS	1.76553474636298
ZNF449 (203523)	ZNF449	1.33913738491959
ZBTB21 (49854)	ZBTB21	1.77820857639809
PPP1R3B (79660)	PPP1R3B	2.6667565918848
OR10K1 (391109)	OR10K1	0.0143552929770701
GPR148 (344561)	GPR148	0
STOX2 (56977)	STOX2	0.0840642647884745
MAP3K11 (4296)	MAP3K11	5.70321146739115
TRIB1 (10221)	TRIB1	6.03716255012738
CST9 (128822)	CST9	0
KCNK7 (10089)	KCNK7	0.765534746362977
SFT2D3 (84826)	SFT2D3	1.55090066464752
C1QB (713)	C1QB	0
C1QA (712)	C1QA	0
NDNF (79625)	NDNF	0.150559676575381
IQCF1 (132141)	IQCF1	0.16349873228288
OLR1 (4973)	OLR1	0
GLIPR1L1 (256710)	GLIPR1L1	0.0426443374084937
DAG1 (1605)	DAG1	4.89481776330794
INSM1 (3642)	INSM1	0.238786859587116
DAB1 (1600)	DAB1	0
ARV1 (64801)	ARV1	3.78555055173926
NAA20 (51126)	NAA20	6.57773093149008
CCDC36 (339834)	CCDC36	0.0143552929770701
RNASE8 (122665)	RNASE8	0
SAA1 (6288)	SAA1	1.33342373372519
MINOS1 (440574)	MINOS1	6.88117515534928
EHBP1L1 (254102)	EHBP1L1	5.20280949212501
THAP2 (83591)	THAP2	1.92219784839637
TMEM196 (256130)	TMEM196	0
RNF26 (79102)	RNF26	4.88801258540283
PPP1R14B (26472)	PPP1R14B	7.58676474335514
RNASE11 (122651)	RNASE11	0
SSSCA1 (10534)	SSSCA1	6.09929520433777
AGR3 (155465)	AGR3	6.40036714591488
SMARCC1 (6599)	SMARCC1	4.77610398807316
ZNF417 (147687)	ZNF417	2.98550043030489
PTPRM (5797)	PTPRM	1.790772037862
FKBP2 (2286)	FKBP2	6.73023235737166
VEGFB (7423)	VEGFB	4.71479501111816
PEAK1 (79834)	PEAK1	3.76871365703049
TNFRSF10D (8793)	TNFRSF10D	2.15380533607904
MST1 (4485)	MST1	1.72246602447109
TNFRSF10C (8794)	TNFRSF10C	0.0565835283663675
GMPPB (29925)	GMPPB	4.09423606984577
MOB1B (92597)	MOB1B	2.22958792274065
ZNF622 (90441)	ZNF622	4.89287670006069
CSPG4 (1464)	CSPG4	3.28540221886225
SNX33 (257364)	SNX33	3.94110631094643
C2orf70 (339778)	C2orf70	3.23266075679027
NABP1 (64859)	NABP1	2.42223300068305
ADGRF3 (165082)	ADGRF3	0.411426245726465
NLRP13 (126204)	NLRP13	0
CHD2 (1106)	CHD2	5.88557436437143
XCR1 (2829)	XCR1	0
CCDC106 (29903)	CCDC106	3.34056226902641
CCR9 (10803)	CCR9	0.0143552929770701
CEP83 (51134)	CEP83	3.4276061727819
SULT1B1 (27284)	SULT1B1	0.070389327891398
NUDT4 (11163)	NUDT4	6.35226417325832
PC (5091)	PC	4.31976242766925
UGT2A1 (10941)	UGT2A1	0
SCAI (286205)	SCAI	1.91456452349394
GPRC6A (222545)	GPRC6A	0
NMNAT1 (64802)	NMNAT1	2.29865831556452
LRFN4 (78999)	LRFN4	4.90207357931074
TRAPPC3L (100128327)	TRAPPC3L	0
APOBEC4 (403314)	APOBEC4	0
SLC19A1 (6573)	SLC19A1	4.21645486514476
HSPB7 (27129)	HSPB7	0
RCE1 (9986)	RCE1	5.05658352836637
UQCRH (7388)	UQCRH	9.56748080114304
TAS1R1 (80835)	TAS1R1	0
HES3 (390992)	HES3	0
EIF1AX (1964)	EIF1AX	6.91778975904161
SPDYE2B (100310812)	SPDYE2B	0.739848102699327
OR1L1 (26737)	OR1L1	0
BCLAF3 (256643)	BCLAF3	2.28095631383106
PSMD1 (5707)	PSMD1	6.16952419715
ADGRG2 (10149)	ADGRG2	0.137503523749935
SPATA3 (130560)	SPATA3	0
MUC13 (56667)	MUC13	5.91719303692495
SUSD5 (26032)	SUSD5	0.0143552929770701
HEG1 (57493)	HEG1	0.22650852980868
WFIKKN2 (124857)	WFIKKN2	0
C11orf80 (79703)	C11orf80	2.83390207666916
TOMM20 (9804)	TOMM20	6.81698362325538
C1orf100 (200159)	C1orf100	0.176322772640463
AGFG1 (3267)	AGFG1	5.01569380710515
STAT5B (6777)	STAT5B	3.18745105402733
CD7 (924)	CD7	0
TOPAZ1 (375337)	TOPAZ1	0
CNP (1267)	CNP	4.83339613416323
JUP (3728)	JUP	7.34411833452143
HAP1 (9001)	HAP1	0.0285691521967709
TDRD12 (91646)	TDRD12	0.0426443374084937
EIF1 (10209)	EIF1	8.42298981330018
ENDOV (284131)	ENDOV	3.41953889151378
RNF213 (57674)	RNF213	4.66902676550963
TIGD3 (220359)	TIGD3	0.948600847493356
KCNH6 (81033)	KCNH6	0.0426443374084937
MARCH10 (162333)	MARCH10	0
PLK3 (1263)	PLK3	3.52356195605701
NET1 (10276)	NET1	5.79727243202997
DPY19L1 (23333)	DPY19L1	3.50716034911752
PHOSPHO1 (162466)	PHOSPHO1	0.0426443374084937
ZNF791 (163049)	ZNF791	3.17312743348066
PHC3 (80012)	PHC3	3.95698592461258
GPR160 (26996)	GPR160	4.31759350462347
CBX2 (84733)	CBX2	2.47248777146274
SPTBN2 (6712)	SPTBN2	4.09254574154357
GOLIM4 (27333)	GOLIM4	4.65764000520782
KRT28 (162605)	KRT28	0
RBM4B (83759)	RBM4B	4.67016051412663
ATP5MD (84833)	ATP5MD	9.16203879475322
HOXB2 (3212)	HOXB2	2.43295940727611
C1QTNF1 (114897)	C1QTNF1	1.23878685958712
MARCH3 (115123)	MARCH3	2.82374936030827
SWSAP1 (126074)	SWSAP1	1.77820857639809
SLCO4C1 (353189)	SLCO4C1	0.0143552929770701
RBM4 (5936)	RBM4	7.17052599917685
PIFO (128344)	PIFO	0.333423733725192
XXYLT1 (152002)	XXYLT1	3.06004738366994
UBXN2A (165324)	UBXN2A	2.03210084316702
RAX2 (84839)	RAX2	0
LRRC63 (220416)	LRRC63	0
TCAP (8557)	TCAP	0.75702324650746
CCS (9973)	CCS	4.9986468390058
NRROS (375387)	NRROS	0.0285691521967709
CEP19 (84984)	CEP19	0.6959938131099
KLHL15 (80311)	KLHL15	1.02147972741045
FBXO45 (200933)	FBXO45	3.74308405554959
SPERT (220082)	SPERT	0.0285691521967709
TENT5D (169966)	TENT5D	0
GNG5 (2787)	GNG5	7.08129701413827
SLC25A30 (253512)	SLC25A30	2.20476675065461
C9orf131 (138724)	C9orf131	0.189033824390017
CD34 (947)	CD34	0
CTSF (8722)	CTSF	0.0565835283663675
MSRB3 (253827)	MSRB3	0.0426443374084937
LEMD3 (23592)	LEMD3	3.6507645591169
C16orf91 (283951)	C16orf91	4.42559357765306
TLR10 (81793)	TLR10	0.0285691521967709
TLR1 (7096)	TLR1	0.0426443374084937
TLR6 (10333)	TLR6	0.432959407276106
FAM174A (345757)	FAM174A	3.13914201914569
RGMB (285704)	RGMB	2.77399632511117
FAM53A (152877)	FAM53A	0.933572638261024
NWD2 (57495)	NWD2	0.250961573533219
CYB561D1 (284613)	CYB561D1	3.0036022366802
GSTA3 (2940)	GSTA3	0
ZDHHC24 (254359)	ZDHHC24	2.46727948045998
TRMT10C (54931)	TRMT10C	5.122258567812
SELP (6403)	SELP	0
CTU2 (348180)	CTU2	3.95419631038688
MGA (23269)	MGA	2.20476675065461
C12orf66 (144577)	C12orf66	2.05658352836637
ARL13A (392509)	ARL13A	0
SNX31 (169166)	SNX31	0.0426443374084937
PIGG (54872)	PIGG	4.75488750216347
PRPF8 (10594)	PRPF8	6.33824611718203
ADCY6 (112)	ADCY6	5.20084957463721
REP15 (387849)	REP15	0.286881147788162
PITPNA (5306)	PITPNA	4.6450098843911
DDX23 (9416)	DDX23	6.41345868800798
ZNF80 (7634)	ZNF80	0
ZNHIT2 (741)	ZNHIT2	4.15218341905505
EVX2 (344191)	EVX2	0.0976107966264223
ZBTB4 (57659)	ZBTB4	2.72900887033786
TNK1 (8711)	TNK1	2.35614381022528
ZHX3 (23051)	ZHX3	2.18269229751619
PHLDA3 (23612)	PHLDA3	2.89530262133331
DIRC1 (116093)	DIRC1	0
SLC16A11 (162515)	SLC16A11	0
SLC16A13 (201232)	SLC16A13	0.887525270741587
GLIS1 (148979)	GLIS1	0.0143552929770701
OR2Y1 (134083)	OR2Y1	0
CHRNA9 (55584)	CHRNA9	0
PODN (127435)	PODN	0
SLC6A19 (340024)	SLC6A19	0.0143552929770701
C11orf45 (219833)	C11orf45	0.475084882948783
EXO1 (9156)	EXO1	3.64961545906341
RALGAPA1 (253959)	RALGAPA1	2.54596836910529
LIG4 (3981)	LIG4	2.76128527336162
TRHR (7201)	TRHR	0
GTF2IRD2B (389524)	GTF2IRD2B	3.08915913191124
ABRA (137735)	ABRA	0.0285691521967709
ATP2A2 (488)	ATP2A2	6.73416766115076
ZWILCH (55055)	ZWILCH	4.46923479366766
RPL4 (6124)	RPL4	12.174270330477
SNAPC5 (10302)	SNAPC5	5.93451650158608
STARD6 (147323)	STARD6	0.0840642647884745
GOLGA6L2 (283685)	GOLGA6L2	0
VWC2L (402117)	VWC2L	0
C12orf76 (400073)	C12orf76	4.05398016818765
ZCCHC12 (170261)	ZCCHC12	0
CNTNAP2 (26047)	CNTNAP2	0.238786859587116
GALNTL6 (442117)	GALNTL6	0.0143552929770701
LINGO2 (158038)	LINGO2	0
BBS1 (582)	BBS1	4.36667191611176
DENND4A (10260)	DENND4A	3.24488705912353
IGDCC3 (9543)	IGDCC3	0
GCSAM (257144)	GCSAM	0.879705766282288
ANKRD36C (400986)	ANKRD36C	1.57531233068744
SLC26A9 (115019)	SLC26A9	0.704871964456353
MFSD4A (148808)	MFSD4A	1.62760683812965
PELI3 (246330)	PELI3	2.32481060342048
TTC9B (148014)	TTC9B	0.0565835283663675
MYO1H (283446)	MYO1H	0.0426443374084937
TMEM81 (388730)	TMEM81	1.4276061727819
MRPL11 (65003)	MRPL11	6.4276061727819
KLK15 (55554)	KLK15	0.0285691521967709
IL20RB (53833)	IL20RB	1.33342373372519
GOLT1A (127845)	GOLT1A	3.71479501111816
AKIRIN1 (79647)	AKIRIN1	5.57076649652761
NPAS4 (266743)	NPAS4	0
MSL2 (55167)	MSL2	3.81352468929781
ZNF497 (162968)	ZNF497	0.948600847493356
TRAM1L1 (133022)	TRAM1L1	0
CMKLR1 (1240)	CMKLR1	0
ANGEL2 (90806)	ANGEL2	3.26153081524341
UGT8 (7368)	UGT8	4.68257329734758
KY (339855)	KY	0.0143552929770701
IQCK (124152)	IQCK	2.4931349223055
SLCO2A1 (6578)	SLCO2A1	0
ZNF266 (10781)	ZNF266	2.3305584000308
OR7D4 (125958)	OR7D4	0
SLC29A2 (3177)	SLC29A2	4.86591881455221
BRSK2 (9024)	BRSK2	0.298658315564515
B4GAT1 (11041)	B4GAT1	3.50969584193339
TMEM167A (153339)	TMEM167A	5.42861141846713
LEP (3952)	LEP	0
SH3PXD2B (285590)	SH3PXD2B	0.66902676550963
KIAA1551 (55196)	KIAA1551	3.97361127551947
LARP7 (51574)	LARP7	5.45483390689887
FGFBP3 (143282)	FGFBP3	1
NR1D2 (9975)	NR1D2	3.24336442569366
PABPC5 (140886)	PABPC5	0
BRMS1 (25855)	BRMS1	5.81326814176608
RPL15 (6138)	RPL15	10.2111582472802
FAM241A (132720)	FAM241A	1.07724299893246
HRAS (3265)	HRAS	6.68215188795627
WDR49 (151790)	WDR49	0.0565835283663675
SRP72 (6731)	SRP72	5.74146698640115
PCP2 (126006)	PCP2	0.263034405833794
RIN1 (9610)	RIN1	3.03033607837096
ODAPH (152816)	ODAPH	0
THAP6 (152815)	THAP6	2.75915583380027
CEP135 (9662)	CEP135	2.24792751344359
FZD4 (8322)	FZD4	0.678071905112638
CD248 (57124)	CD248	0.0143552929770701
BTC (685)	BTC	1.59454854955035
PDZK1 (5174)	PDZK1	3.18903382439002
ADGRE1 (2015)	ADGRE1	0.0143552929770701
DENND6A (201627)	DENND6A	2.40599235967584
PDE12 (201626)	PDE12	2.48800077083407
GLMN (11146)	GLMN	2.97452931248388
DNAH12 (201625)	DNAH12	0
YIF1A (10897)	YIF1A	6.49984588708321
CNIH2 (254263)	CNIH2	0.321928094887362
AMY1B (277)	AMY1B	0
NLRP6 (171389)	NLRP6	0.124328135002202
NDUFA11 (126328)	NDUFA11	7.17122684691513
RSRC1 (51319)	RSRC1	4.41142624572647
CATSPERD (257062)	CATSPERD	0
PQLC2L (152078)	PQLC2L	0
RAB1B (81876)	RAB1B	7.60784811134464
OR9G1 (390174)	OR9G1	0
PTDSS2 (81490)	PTDSS2	4.47961860846942
C19orf70 (125988)	C19orf70	5.48960715674871
C3orf33 (285315)	C3orf33	1.26303440583379
OR5M3 (219482)	OR5M3	0
SEZ6L2 (26470)	SEZ6L2	2.63691458035588
ASPHD1 (253982)	ASPHD1	3.90110824301451
KCTD13 (253980)	KCTD13	3.43829285157915
P2RY14 (9934)	P2RY14	0
AMZ1 (155185)	AMZ1	0.137503523749935
GPR171 (29909)	GPR171	0
GPR149 (344758)	GPR149	0
CD164L2 (388611)	CD164L2	0.0426443374084937
FUT1 (2523)	FUT1	1.41683974191283
DHX36 (170506)	DHX36	4.84498815668261
OR5J2 (282775)	OR5J2	0
ZIC4 (84107)	ZIC4	0.0565835283663675
OR10AG1 (282770)	OR10AG1	0
OR4S2 (219431)	OR4S2	0
FBXW8 (26259)	FBXW8	2.57773093149008
CA5A (763)	CA5A	0
ZG16 (653808)	ZG16	0
KLC2 (64837)	KLC2	3.88947354253111
SLC22A1 (6580)	SLC22A1	0.16349873228288
TEX36 (387718)	TEX36	0
CTBP2 (1488)	CTBP2	6.16087986183931
CHST2 (9435)	CHST2	0.0143552929770701
ZDHHC14 (79683)	ZDHHC14	1.6959938131099
ATR (545)	ATR	3.85996954822103
UBE2C (11065)	UBE2C	7.41498114290309
DSG4 (147409)	DSG4	0.189033824390017
GK5 (256356)	GK5	2.99276843076892
VCPIP1 (80124)	VCPIP1	2.21412480535285
RTP1 (132112)	RTP1	0
DES (1674)	DES	0.0840642647884745
PDIK1L (149420)	PDIK1L	2.4032677223393
SPSB4 (92369)	SPSB4	0
RAG2 (5897)	RAG2	0.0976107966264223
TRAF6 (7189)	TRAF6	2.38956681176273
ZNF654 (55279)	ZNF654	1.11103131238874
TVP23C (201158)	TVP23C	1.91456452349394
MRPS22 (56945)	MRPS22	5.58646452588639
PACS1 (55690)	PACS1	3.75274859140713
WFDC5 (149708)	WFDC5	0
MARCKSL1 (65108)	MARCKSL1	8.02989454966334
SH3BP5L (80851)	SH3BP5L	4.00809242094872
OR2T1 (26696)	OR2T1	0
YPEL2 (388403)	YPEL2	3.16349873228288
CADM2 (253559)	CADM2	0.070389327891398
ABO (28)	ABO	2.91073266190291
PSMD2 (5708)	PSMD2	8.14251555027361
PPM1E (22843)	PPM1E	0.0426443374084937
FAM131A (131408)	FAM131A	3.23266075679027
CSRP2 (1466)	CSRP2	0.16349873228288
INHBC (3626)	INHBC	0
PARL (55486)	PARL	5.84649331596456
DDIT3 (1649)	DDIT3	4.33556900555675
PCCA (5095)	PCCA	3.93734439215023
HIGD2B (123346)	HIGD2B	0
DCTN2 (10540)	DCTN2	6.35772793231062
NPPA (4878)	NPPA	0.20163386116965
ZNF408 (79797)	ZNF408	4.02768487693716
CTDSP2 (10106)	CTDSP2	5.50366675457602
CKAP5 (9793)	CKAP5	5.99435343685886
ARHGAP1 (392)	ARHGAP1	4.81301154860562
MED16 (10025)	MED16	4.19219416528334
ATG13 (9776)	ATG13	5.44890095114513
GAL3ST3 (89792)	GAL3ST3	0.0143552929770701
C1orf127 (148345)	C1orf127	0.0143552929770701
CHST1 (8534)	CHST1	0
GOLGA8A (23015)	GOLGA8A	5.34482849699744
VWA3A (146177)	VWA3A	0.111031312388744
TP53I11 (9537)	TP53I11	6.03694284479826
CENPS (378708)	CENPS	4.51853513898218
DOLK (22845)	DOLK	3.674686619928
PHYHD1 (254295)	PHYHD1	0.495695162624069
CATSPER1 (117144)	CATSPER1	0.782408564927373
CCNE2 (9134)	CCNE2	2.62993940943954
PHYKPL (85007)	PHYKPL	4.80167602925359
ANKS4B (257629)	ANKS4B	3.03386345186628
CST6 (1474)	CST6	2.18269229751619
GRAMD2A (196996)	GRAMD2A	0.604071323668861
ZNF519 (162655)	ZNF519	3.31469652565629
LSM1 (27257)	LSM1	4.19219416528334
PROP1 (5626)	PROP1	0
ISX (91464)	ISX	0.070389327891398
BANF1 (8815)	BANF1	8.10904707770071
APOF (319)	APOF	0
CHRNA7 (1139)	CHRNA7	0.925999418556223
TMEM9B (56674)	TMEM9B	4.86145916636151
NRIP3 (56675)	NRIP3	0
PTPN2 (5771)	PTPN2	5.26416107128808
SCUBE2 (57758)	SCUBE2	0.070389327891398
EIF1AD (84285)	EIF1AD	5.12101540096137
SMAD2 (4087)	SMAD2	5.0241423458978
EIF3F (8665)	EIF3F	8.49701351332431
ZNF25 (219749)	ZNF25	0.475084882948783
OR10P1 (121130)	OR10P1	0
ARL10 (285598)	ARL10	0.356143810225275
CLTB (1212)	CLTB	5.01569380710515
PCSK1 (5122)	PCSK1	0.0840642647884745
LPL (4023)	LPL	0
RFESD (317671)	RFESD	0.831877241191673
CCDC14 (64770)	CCDC14	5.71094415457587
TBC1D10C (374403)	TBC1D10C	0.176322772640463
SART1 (9092)	SART1	5.40224465525408
PPP2R2D (55844)	PPP2R2D	4.21955576916691
MCTP1 (79772)	MCTP1	2.33628338786443
POLD4 (57804)	POLD4	6.38525845569431
OR52W1 (120787)	OR52W1	0.0426443374084937
LRRC25 (126364)	LRRC25	0
DPP10 (57628)	DPP10	0
CLCF1 (23529)	CLCF1	3.34056226902641
TSGA10IP (254187)	TSGA10IP	0
GPR152 (390212)	GPR152	0.0426443374084937
UBQLNL (143630)	UBQLNL	0
UBQLN3 (50613)	UBQLN3	0
PNLIP (5406)	PNLIP	0
LIPT2 (387787)	LIPT2	2.95977015521147
KCNE3 (10008)	KCNE3	5.25512301484779
CABP4 (57010)	CABP4	3.16510798514454
ALG10B (144245)	ALG10B	2.08406426478847
DRAP1 (10589)	DRAP1	7.27686882997646
LONRF3 (79836)	LONRF3	2.55826763405574
UCP3 (7352)	UCP3	0.584962500721156
UCP2 (7351)	UCP2	7.50438204203692
C11orf68 (83638)	C11orf68	4.14486214291573
PAAF1 (80227)	PAAF1	4.21101219348551
MRPL48 (51642)	MRPL48	6.51428009563292
RAB6A (5870)	RAB6A	6.21276386390212
P2RY2 (5029)	P2RY2	3.79493566280354
FOSL1 (8061)	FOSL1	4.01703108052784
ERCC4 (2072)	ERCC4	1.74846123300404
SUGCT (79783)	SUGCT	0.124328135002202
CCDC85B (11007)	CCDC85B	5.21994291395413
TMEM70 (54968)	TMEM70	5.03650333373899
OR4B1 (119765)	OR4B1	0
RPS6KB2 (6199)	RPS6KB2	5.75141016006437
RMI2 (116028)	RMI2	4.78659636189081
PRM1 (5619)	PRM1	0
TOM1L2 (146691)	TOM1L2	2.89530262133331
TEX26 (122046)	TEX26	0
ZNF77 (58492)	ZNF77	1.75702324650746
GPR156 (165829)	GPR156	0.070389327891398
CCDC197 (256369)	CCDC197	0
MTLN (205251)	MTLN	4.81966818349646
KDF1 (126695)	KDF1	4.03386345186628
B3GNTL1 (146712)	B3GNTL1	3.9429835981871
RBMXL3 (139804)	RBMXL3	0
MLXIP (22877)	MLXIP	5.08278773170927
NR2F1 (7025)	NR2F1	2.92219784839637
AURKAIP1 (54998)	AURKAIP1	6.83932978216199
TTLL11 (158135)	TTLL11	0.722466024471091
EIF4E1B (253314)	EIF4E1B	0
TOMM5 (401505)	TOMM5	7.40896655165431
SLC35E3 (55508)	SLC35E3	1.85996954822103
PRIMA1 (145270)	PRIMA1	0.0143552929770701
ZNF169 (169841)	ZNF169	3.18745105402733
RUVBL1 (8607)	RUVBL1	6.99672768572814
SFN (2810)	SFN	6.3566720442121
MSRA (4482)	MSRA	1.21412480535285
CBLL2 (158506)	CBLL2	0
CCDC168 (643677)	CCDC168	0.0143552929770701
CTDNEP1 (23399)	CTDNEP1	5.7983097824546
ETV4 (2118)	ETV4	5.85897561429202
SWI5 (375757)	SWI5	5.00898878322726
GAPT (202309)	GAPT	0.0143552929770701
BAIAP2 (10458)	BAIAP2	5.22766407255439
CALCB (797)	CALCB	0.250961573533219
CREG2 (200407)	CREG2	0.0143552929770701
TMEM270 (135886)	TMEM270	0.0565835283663675
HOXD8 (3234)	HOXD8	0
ZDHHC21 (340481)	ZDHHC21	2.3305584000308
TSPEAR (54084)	TSPEAR	0
PLEKHF2 (79666)	PLEKHF2	3.20320115631661
A2M (2)	A2M	0.16349873228288
ARL4D (379)	ARL4D	1.49569516262407
DOK7 (285489)	DOK7	1.91073266190291
LRRN1 (57633)	LRRN1	0.124328135002202
UBE2O (63893)	UBE2O	3.93922657772821
ORAI3 (93129)	ORAI3	2.28688114778816
KLHL38 (340359)	KLHL38	0.0426443374084937
UNC119B (84747)	UNC119B	4.72465027173297
DENND2C (163259)	DENND2C	0.0840642647884745
PLEKHD1 (400224)	PLEKHD1	0.0143552929770701
ASCL3 (56676)	ASCL3	0
TUBB6 (84617)	TUBB6	1.63691458035588
LYSMD3 (116068)	LYSMD3	2.799087306074
AMIGO3 (386724)	AMIGO3	0.594548549550354
B3GALT6 (126792)	B3GALT6	4.17232749165762
ZNF613 (79898)	ZNF613	2.04264433740849
C11orf16 (56673)	C11orf16	0
TMPRSS7 (344805)	TMPRSS7	0.0143552929770701
NUPR1 (26471)	NUPR1	2.20163386116965
JAKMIP2 (9832)	JAKMIP2	0.0976107966264223
MBLAC2 (153364)	MBLAC2	1.61823865559545
TPRN (286262)	TPRN	4.35120427725799
KCNE5 (23630)	KCNE5	0.321928094887362
ZNF683 (257101)	ZNF683	0
SLC35A4 (113829)	SLC35A4	6.03210084316702
CRYBG2 (55057)	CRYBG2	3.1407786557828
IP6K1 (9807)	IP6K1	3.62175885670973
SSNA1 (8636)	SSNA1	6.47686768893309
CSTF3 (1479)	CSTF3	5.53915881110803
YES1 (7525)	YES1	5.4905701304462
CHMP6 (79643)	CHMP6	3.37155886261196
UFSP1 (402682)	UFSP1	1.93357263826102
MC5R (4161)	MC5R	0
TMEM39A (55254)	TMEM39A	4.72683121703249
TCP11L1 (55346)	TCP11L1	2.22650852980868
GPX2 (2877)	GPX2	9.71154652887921
CCDC57 (284001)	CCDC57	5.26153081524341
HSF5 (124535)	HSF5	0
FOXG1 (2290)	FOXG1	0.0143552929770701
SPHK1 (8877)	SPHK1	0.55581615506164
BNIP3 (664)	BNIP3	1.16992500144231
ENTHD1 (150350)	ENTHD1	0.0143552929770701
MYPOP (339344)	MYPOP	2.54349588342577
CIDEA (1149)	CIDEA	0
OR11H4 (390442)	OR11H4	0.0285691521967709
OR4D11 (219986)	OR4D11	0
LRRTM4 (80059)	LRRTM4	0
ATAD5 (79915)	ATAD5	2.40599235967584
SMIM19 (114926)	SMIM19	2.98913900736823
OR11H6 (122748)	OR11H6	0
ZNF404 (342908)	ZNF404	0.0840642647884745
RTTN (25914)	RTTN	1.86789646399265
OR4K17 (390436)	OR4K17	0
OR10H4 (126541)	OR10H4	0
OR51B6 (390058)	OR51B6	0
ACBD7 (414149)	ACBD7	2.34198574722862
OR4L1 (122742)	OR4L1	0
ANAPC2 (29882)	ANAPC2	5.07809742302666
OR4K13 (390433)	OR4K13	0
HMGB4 (127540)	HMGB4	0
ZBTB8OS (339487)	ZBTB8OS	5.4937754084607
OR4F21 (441308)	OR4F21	0
SLC35G1 (159371)	SLC35G1	2.48800077083407
OR4K5 (79317)	OR4K5	0
OR4K3 (283617)	OR4K3	0
ZNF135 (7694)	ZNF135	0
OR4N2 (390429)	OR4N2	0
OR4M1 (441670)	OR4M1	0
FOXR1 (283150)	FOXR1	0
COX8A (1351)	COX8A	9.57192325437916
TAC4 (255061)	TAC4	0
ZSCAN2 (54993)	ZSCAN2	4.17951105027151
PRR18 (285800)	PRR18	0
B3GNT4 (79369)	B3GNT4	0.678071905112638
CDC26 (246184)	CDC26	5.37677657188298
HSD11B2 (3291)	HSD11B2	3.16992500144231
CRLF3 (51379)	CRLF3	3.1407786557828
RNPEP (6051)	RNPEP	6.36089096777204
EID2 (163126)	EID2	3.40871186102943
DMRTA1 (63951)	DMRTA1	0.0143552929770701
EID2B (126272)	EID2B	1.19534759832222
GJC3 (349149)	GJC3	0.344828496997441
RIMS2 (9699)	RIMS2	0
KCMF1 (56888)	KCMF1	5.43028527297778
DNAJC30 (84277)	DNAJC30	3
SPRYD4 (283377)	SPRYD4	2.05658352836637
VPS37D (155382)	VPS37D	0.27500704749987
CLEC14A (161198)	CLEC14A	0
SYNE3 (161176)	SYNE3	0.0426443374084937
CLK2 (1196)	CLK2	5.34305243492297
LPCAT4 (254531)	LPCAT4	6.34890516116841
SLCO3A1 (28232)	SLCO3A1	0.641546029087524
ZNF575 (284346)	ZNF575	1.0496307677246
WDR25 (79446)	WDR25	2.37016428054021
SGF29 (112869)	SGF29	3.40871186102943
PLA2G16 (11145)	PLA2G16	7.35155766245043
DIRAS1 (148252)	DIRAS1	0.0143552929770701
OR5AN1 (390195)	OR5AN1	0
OR10AC1 (392133)	OR10AC1	0.0143552929770701
PHLDB3 (653583)	PHLDB3	3.33485426933163
PRR15 (222171)	PRR15	4.72900887033786
GNG7 (2788)	GNG7	0.0976107966264223
OR4C5 (79346)	OR4C5	0
USF3 (205717)	USF3	3.07724299893246
OR4C3 (256144)	OR4C3	0
OR4S1 (256148)	OR4S1	0
CNTD1 (124817)	CNTD1	0.807354922057604
DCAF4L2 (138009)	DCAF4L2	0
OR4X1 (390113)	OR4X1	0
CNBD1 (168975)	CNBD1	0
KBTBD11 (9920)	KBTBD11	1.56559717585423
B3GNT5 (84002)	B3GNT5	3.10097764772482
MAP3K19 (80122)	MAP3K19	0.0143552929770701
C14orf177 (283598)	C14orf177	0
LMNB2 (84823)	LMNB2	6.24393560156686
RMDN1 (51115)	RMDN1	4.18586654531133
MEX3C (51320)	MEX3C	4.30961277245412
HORMAD2 (150280)	HORMAD2	0
RNF152 (220441)	RNF152	0
MYO1D (4642)	MYO1D	4.29130885982897
FOXL1 (2300)	FOXL1	0.070389327891398
TGIF2LY (90655)	TGIF2LY	0
LRRC37A (9884)	LRRC37A	1.97819562968165
FOXC2 (2303)	FOXC2	0
OR4F17 (81099)	OR4F17	0
BDNF (627)	BDNF	1.13750352374994
CCDC121 (79635)	CCDC121	2.10433665981474
ACSF3 (197322)	ACSF3	3.74416109557041
BOK (666)	BOK	4.39094277280254
ZNF843 (283933)	ZNF843	0.0285691521967709
C8orf59 (401466)	C8orf59	6.25568955522063
PFN4 (375189)	PFN4	0.0840642647884745
OR51V1 (283111)	OR51V1	0
MAGEB6 (158809)	MAGEB6	0
OR52Z1 (283110)	OR52Z1	0
CDK5R1 (8851)	CDK5R1	1.72683121703249
TCERG1L (256536)	TCERG1L	0
NCKAP5 (344148)	NCKAP5	0
MAGEB18 (286514)	MAGEB18	0
DEFB104A (140596)	DEFB104A	0
RUFY1 (80230)	RUFY1	5.29755828116819
OR52E2 (119678)	OR52E2	0
BASP1 (10409)	BASP1	0.238786859587116
DEFB103A (414325)	DEFB103A	0
OR51L1 (119682)	OR51L1	0
LRRC37A3 (374819)	LRRC37A3	1.71369581484336
VSIG10 (54621)	VSIG10	4.22573765346606
IRX5 (10265)	IRX5	1.38956681176273
METRNL (284207)	METRNL	5.56803210477128
FAM91A1 (157769)	FAM91A1	5.89578731646331
WSB2 (55884)	WSB2	5.14934066928622
GRIN1 (2902)	GRIN1	1.09085343045111
SOX11 (6664)	SOX11	0.0143552929770701
TYMS (7298)	TYMS	6.83983364841731
OR51G2 (81282)	OR51G2	0.0976107966264223
PXMP2 (5827)	PXMP2	5.4995270242151
OR51A7 (119687)	OR51A7	0
TCEANC (170082)	TCEANC	0.31034012061215
OR51T1 (401665)	OR51T1	0
PNMA1 (9240)	PNMA1	4.30815697511476
OR51H1 (401663)	OR51H1	0
TCIM (56892)	TCIM	0.070389327891398
MAMSTR (284358)	MAMSTR	0.863938450423971
ANKLE2 (23141)	ANKLE2	5.40087943628218
C8G (733)	C8G	0.855989697308481
FUT2 (2524)	FUT2	3.62760683812965
OR51S1 (119692)	OR51S1	0
OR51F2 (119694)	OR51F2	0
EFCAB5 (374786)	EFCAB5	0.344828496997441
GCNT4 (51301)	GCNT4	0.0143552929770701
MUC20 (200958)	MUC20	4.97682185236069
THAP4 (51078)	THAP4	5.33949373790173
NFATC2IP (84901)	NFATC2IP	5.11727946005392
LY6H (4062)	LY6H	0.0565835283663675
FIBIN (387758)	FIBIN	0
FAM89B (23625)	FAM89B	4.38612115681485
SHMT1 (6470)	SHMT1	5.30158764660319
DPP7 (29952)	DPP7	6.18229502502548
TRIM60 (166655)	TRIM60	0
SEC24C (9632)	SEC24C	5.14282184411593
FMR1NB (158521)	FMR1NB	0
SMCR8 (140775)	SMCR8	2.77610398807316
MTHFR (4524)	MTHFR	3.0703893278914
DEFB104B (503618)	DEFB104B	0
C19orf18 (147685)	C19orf18	0
DEAF1 (10522)	DEAF1	4.84949893172018
MTX3 (345778)	MTX3	2.93545974780529
TMEM80 (283232)	TMEM80	5.05571626351254
SIX5 (147912)	SIX5	3.63343121035563
IFNW1 (3467)	IFNW1	0
FBXO46 (23403)	FBXO46	4.2585189247113
ZDHHC13 (54503)	ZDHHC13	4.09339115325301
SLC38A9 (153129)	SLC38A9	3.57773093149008
ACER2 (340485)	ACER2	0.956056652412403
WDR73 (84942)	WDR73	5.25738784269265
POLE (5426)	POLE	5.71011763204345
PHETA2 (150368)	PHETA2	2.39231742277876
SCN4B (6330)	SCN4B	0.0840642647884745
DSCAML1 (57453)	DSCAML1	0.0285691521967709
RHOG (391)	RHOG	5.4178525148859
EPS8L2 (64787)	EPS8L2	7.42012865794161
ZDHHC22 (283576)	ZDHHC22	0
ANO6 (196527)	ANO6	4.28466218548316
ZBTB34 (403341)	ZBTB34	2.02856915219677
FAM9B (171483)	FAM9B	0
CETN1 (1068)	CETN1	0
NUDT4B (440672)	NUDT4B	2.19219416528334
FAM210A (125228)	FAM210A	3.26153081524341
OR2T35 (403244)	OR2T35	0
TALDO1 (6888)	TALDO1	8.6576757291871
ULK1 (8408)	ULK1	3.78972925137577
OR14C36 (127066)	OR14C36	0
RIMKLA (284716)	RIMKLA	1.06350294230616
CLVS1 (157807)	CLVS1	0.20163386116965
OR2M7 (391196)	OR2M7	0
RPS6KA3 (6197)	RPS6KA3	4.50080205305716
B3GNT8 (374907)	B3GNT8	0.464668267003444
PUS1 (80324)	PUS1	5.41920177384876
CHD9 (80205)	CHD9	3.20006486151431
OR2T12 (127064)	OR2T12	0
SPACA4 (171169)	SPACA4	1.13093086982645
OR2T33 (391195)	OR2T33	0
GATD1 (347862)	GATD1	6.6242471458362
TRIM72 (493829)	TRIM72	0.27500704749987
MAN1B1 (11253)	MAN1B1	5.3215673760354
DEFB103B (55894)	DEFB103B	0
DEFB4B (100289462)	DEFB4B	0
KCNA3 (3738)	KCNA3	0
OR2AJ1 (127608)	OR2AJ1	0
FZD8 (8325)	FZD8	0.214124805352847
GJD4 (219770)	GJD4	0
FBXO39 (162517)	FBXO39	0
CLDN22 (53842)	CLDN22	0.0840642647884745
KCNA2 (3737)	KCNA2	0.0426443374084937
TOP3A (7156)	TOP3A	3.54349588342577
CASKIN2 (57513)	CASKIN2	2.85399564717639
ZBTB38 (253461)	ZBTB38	3.36176835941915
BEND2 (139105)	BEND2	0
CCDC71 (64925)	CCDC71	3.24336442569366
C10orf71 (118461)	C10orf71	0
LRRN4CL (221091)	LRRN4CL	0.0976107966264223
TIMM22 (29928)	TIMM22	2.75702324650746
HIC1 (3090)	HIC1	0.22650852980868
PPFIA3 (8541)	PPFIA3	3.47248777146274
MAGEF1 (64110)	MAGEF1	4.95791459863299
UMODL1 (89766)	UMODL1	0
SAMD9L (219285)	SAMD9L	0.0840642647884745
UBE2U (148581)	UBE2U	0
PAWR (5074)	PAWR	4.75381844317354
TGIF1 (7050)	TGIF1	6.70210340662939
MIEF2 (125170)	MIEF2	2.74631276642546
NAP1L5 (266812)	NAP1L5	1.27500704749987
NIM1K (167359)	NIM1K	0.0426443374084937
CD19 (930)	CD19	0.250961573533219
ERICH5 (203111)	ERICH5	0.16349873228288
OR2T8 (343172)	OR2T8	0
NR2C2 (7182)	NR2C2	3.73984810269933
GPR4 (2828)	GPR4	0
ACOT4 (122970)	ACOT4	0.823749360308273
OLIG3 (167826)	OLIG3	0
CAVIN1 (284119)	CAVIN1	4.96901230751632
OR2G3 (81469)	OR2G3	0
ARIH2 (10425)	ARIH2	5.14974711950468
RBM44 (375316)	RBM44	0.137503523749935
ZBTB33 (10009)	ZBTB33	3.3743439890385
OR2G2 (81470)	OR2G2	0
ZBED2 (79413)	ZBED2	0.0565835283663675
VCX2 (51480)	VCX2	0
IRX3 (79191)	IRX3	0
ST8SIA3 (51046)	ST8SIA3	0
RPRM (56475)	RPRM	0.505890929729957
OR2B11 (127623)	OR2B11	0
SLC25A22 (79751)	SLC25A22	5.20554891117303
RABEP2 (79874)	RABEP2	4.43562859405209
NHLH2 (4808)	NHLH2	0
ATOX1 (475)	ATOX1	6.05701696536554
FAM187B (148109)	FAM187B	0
TBL1XR1 (79718)	TBL1XR1	5.73172632271578
SAMD12 (401474)	SAMD12	4.58616424593091
CD163 (9332)	CD163	0
C18orf32 (497661)	C18orf32	4.40735275114004
PIDD1 (55367)	PIDD1	4.58436125251871
ZNF491 (126069)	ZNF491	0.0285691521967709
RPLP2 (6181)	RPLP2	10.88859105785
HASPIN (83903)	HASPIN	2.66448284036468
JUN (3725)	JUN	5.82807299786697
CSTF2T (23283)	CSTF2T	3.69821847822441
PGBD5 (79605)	PGBD5	0
C12orf54 (121273)	C12orf54	0
GBA (2629)	GBA	4.4262647547021
ACAD9 (28976)	ACAD9	5.45549162062847
IL17RA (23765)	IL17RA	1.72683121703249
PNPLA2 (57104)	PNPLA2	6.33360262826828
MBOAT4 (619373)	MBOAT4	0.0285691521967709
TEX44 (165100)	TEX44	0
AGTRAP (57085)	AGTRAP	4.71424551766612
CD163L1 (283316)	CD163L1	0.815575428862573
SRRM3 (222183)	SRRM3	0.0426443374084937
THAP5 (168451)	THAP5	4.02502879449152
DEFB114 (245928)	DEFB114	0
CRACR2B (283229)	CRACR2B	6.57485839129278
SUMO4 (387082)	SUMO4	0.214124805352847
MAGEB10 (139422)	MAGEB10	0
DNAJC28 (54943)	DNAJC28	0.659924558402378
OR4F4 (26682)	OR4F4	0
NAALADL2 (254827)	NAALADL2	1.78240856492737
CD151 (977)	CD151	9.18035675349723
POLR2L (5441)	POLR2L	8.25941373616463
FAM20C (56975)	FAM20C	0.137503523749935
NECTIN3 (25945)	NECTIN3	2.95233356636969
SLC35G5 (83650)	SLC35G5	0
ANXA2R (389289)	ANXA2R	3.54596836910529
TMEM94 (9772)	TMEM94	5.36282052553426
FLII (2314)	FLII	7.08958289312471
SOX12 (6666)	SOX12	1.83187724119167
HNRNPA0 (10949)	HNRNPA0	4.96116025813664
YIPF7 (285525)	YIPF7	0
MYOZ1 (58529)	MYOZ1	0
TMEM78 (677790)	TMEM78	0.0143552929770701
KCNJ10 (3766)	KCNJ10	0.111031312388744
CHID1 (66005)	CHID1	6.55765515472542
ZNF620 (253639)	ZNF620	2.0496307677246
ZNF518A (9849)	ZNF518A	3.4905701304462
TMEM187 (8269)	TMEM187	3.46074256378964
SVBP (374969)	SVBP	4.51727569320958
ZNF619 (285267)	ZNF619	1.35614381022528
CCDC184 (387856)	CCDC184	0
AP3S1 (1176)	AP3S1	5.26228280642066
GRB2 (2885)	GRB2	5.94040169796984
ZBTB41 (360023)	ZBTB41	1.73984810269933
UBE2N (7334)	UBE2N	7.69160395304551
ARL6IP6 (151188)	ARL6IP6	4.17232749165762
ZNF354C (30832)	ZNF354C	0.0143552929770701
CAPZA3 (93661)	CAPZA3	0
MAMDC4 (158056)	MAMDC4	2.46205231879643
CENPBD1 (92806)	CENPBD1	3.19534759832222
ODF3 (113746)	ODF3	0
BET1L (51272)	BET1L	5.3215673760354
RPS27 (6232)	RPS27	11.9768862774036
RIC8A (60626)	RIC8A	6.60570173894998
IMP3 (55272)	IMP3	6.45516280124451
ASB8 (140461)	ASB8	3.68929916053589
LCN15 (389812)	LCN15	0.75702324650746
ODF3B (440836)	ODF3B	0.286881147788162
DPY19L2 (283417)	DPY19L2	0.0143552929770701
SPATA31E1 (286234)	SPATA31E1	0
C2orf73 (129852)	C2orf73	0
GPR150 (285601)	GPR150	0
TSPYL6 (388951)	TSPYL6	0
LRRC75B (388886)	LRRC75B	2.15704371014558
DMAP1 (55929)	DMAP1	4.92789645372882
ADAMTSL1 (92949)	ADAMTSL1	0
CALHM5 (254228)	CALHM5	0.0285691521967709
IMPDH2 (3615)	IMPDH2	7.35155766245043
ALS2CL (259173)	ALS2CL	2.28095631383106
MLF1 (4291)	MLF1	3.88362081628567
PRSS42 (339906)	PRSS42	0
NDUFAF3 (25915)	NDUFAF3	5.58496250072116
C2orf69 (205327)	C2orf69	2.70929063572336
GRAMD1C (54762)	GRAMD1C	1.20789285164133
STAP2 (55620)	STAP2	5.53667461756976
HTR3C (170572)	HTR3C	0
TSSK6 (83983)	TSSK6	0.704871964456353
BOLA1 (51027)	BOLA1	2.92029330021101
PDE4DIP (9659)	PDE4DIP	3.21723071622067
DDX10 (1662)	DDX10	4.88996019965864
GOLGA8Q (727909)	GOLGA8Q	0.0976107966264223
PPP1R42 (286187)	PPP1R42	0
NDUFV2 (4729)	NDUFV2	7.01947953370363
DALRD3 (55152)	DALRD3	3.99729240763651
ZNF114 (163071)	ZNF114	0.111031312388744
ZNF518B (85460)	ZNF518B	0
AMER3 (205147)	AMER3	0
SPINK6 (404203)	SPINK6	0
ZNF366 (167465)	ZNF366	0
LCORL (254251)	LCORL	2.16027483140859
PARD6G (84552)	PARD6G	0.464668267003444
ZNF454 (285676)	ZNF454	0
SH2B1 (25970)	SH2B1	4.8860623383456
ZC3H12D (340152)	ZC3H12D	0.0565835283663675
VN1R1 (57191)	VN1R1	0.214124805352847
KDELC2 (143888)	KDELC2	3.0686708106651
PLEC (5339)	PLEC	5.90761176285217
SH2D4B (387694)	SH2D4B	0.0143552929770701
RNF212 (285498)	RNF212	0
PRSS36 (146547)	PRSS36	0.925999418556223
ZNF543 (125919)	ZNF543	1.63226821549951
TMEM151B (441151)	TMEM151B	0.124328135002202
GALNT11 (63917)	GALNT11	4.19140472885276
SLITRK1 (114798)	SLITRK1	0.0143552929770701
WDR6 (11180)	WDR6	5.9660150974041
PRM3 (58531)	PRM3	0
TNP2 (7142)	TNP2	0
SPAG11A (653423)	SPAG11A	0
GEN1 (348654)	GEN1	3.58736499093646
TMPRSS9 (360200)	TMPRSS9	0.782408564927373
AQP11 (282679)	AQP11	1.43829285157915
TMEM11 (8834)	TMEM11	4.5765221379205
ZNF354B (117608)	ZNF354B	2.53106949272595
KCNG2 (26251)	KCNG2	0.111031312388744
SHISA3 (152573)	SHISA3	0
OR2D3 (120775)	OR2D3	0
CALML3 (810)	CALML3	0.0565835283663675
CALML5 (51806)	CALML5	0.713695814843359
ZFAND2A (90637)	ZFAND2A	4.30231905094883
PLEKHM3 (389072)	PLEKHM3	1.75274859140713
ZNF223 (7766)	ZNF223	2.58976348698498
HTR1A (3350)	HTR1A	0
CCDC185 (164127)	CCDC185	0
FAM220A (84792)	FAM220A	3.11935617703968
DNAJC22 (79962)	DNAJC22	2.93357263826102
NEUROG2 (63973)	NEUROG2	0.0143552929770701
CEP295NL (100653515)	CEP295NL	0.20163386116965
BEND3 (57673)	BEND3	1.89530262133331
NT5DC1 (221294)	NT5DC1	4.53480866123175
GLDC (2731)	GLDC	0
COX14 (84987)	COX14	6.32499056912157
MCMDC2 (157777)	MCMDC2	0.887525270741587
TUBAL3 (79861)	TUBAL3	0.37851162325373
P4HTM (54681)	P4HTM	3.8972404255748
UCN3 (114131)	UCN3	0.111031312388744
DTX3 (196403)	DTX3	0
KLHL11 (55175)	KLHL11	1.70487196445635
AMBN (258)	AMBN	0
CTXN1 (404217)	CTXN1	3.26453643099903
SLC25A20 (788)	SLC25A20	3.16027483140859
CA8 (767)	CA8	0.344828496997441
CD28 (940)	CD28	0
EPM2AIP1 (9852)	EPM2AIP1	1.54596836910529
ERBB4 (2066)	ERBB4	0
MAF (4094)	MAF	0
CTNNBIP1 (56998)	CTNNBIP1	3.05484847699562
OR6B3 (150681)	OR6B3	0
DEFB125 (245938)	DEFB125	0
PSAPL1 (768239)	PSAPL1	0
OTOS (150677)	OTOS	0
GTPBP6 (8225)	GTPBP6	5.92671109909728
ERN1 (2081)	ERN1	2.35049724708413
GPR35 (2859)	GPR35	5.50048340147312
C10orf53 (282966)	C10orf53	0
CSRNP3 (80034)	CSRNP3	0.070389327891398
ZNF713 (349075)	ZNF713	0.887525270741587
PARP10 (84875)	PARP10	3.20945336562895
DYNAP (284254)	DYNAP	0
SUZ12 (23512)	SUZ12	5.41886457739032
NSUN3 (63899)	NSUN3	3.24184018356467
KCTD12 (115207)	KCTD12	2.55090066464752
DHFR2 (200895)	DHFR2	2.05311133645956
RPP25 (54913)	RPP25	3.8073549220576
GRINA (2907)	GRINA	5.97131362406888
THBD (7056)	THBD	0.0285691521967709
GP5 (2814)	GP5	0.0143552929770701
COX5A (9377)	COX5A	8.4882016669174
STX19 (415117)	STX19	1.87970576628229
ERFE (151176)	ERFE	0.799087306074004
FAM219B (57184)	FAM219B	5.03077747199254
ZHX2 (22882)	ZHX2	2.60407132366886
CPN2 (1370)	CPN2	0.0143552929770701
CPNE7 (27132)	CPNE7	3.34198574722862
C5orf46 (389336)	C5orf46	0
CD300LB (124599)	CD300LB	0
GDPD4 (220032)	GDPD4	0
RIIAD1 (284485)	RIIAD1	0.070389327891398
MPI (4351)	MPI	5.09634619899318
H1FOO (132243)	H1FOO	0
TRIM73 (375593)	TRIM73	0.978195629681652
OPLAH (26873)	OPLAH	1.39506279951758
TMEM52 (339456)	TMEM52	1.74416109557041
TMEM139 (135932)	TMEM139	5.59066189596526
RNF186 (54546)	RNF186	0.356143810225275
EFCAB13 (124989)	EFCAB13	0.356143810225275
MSC (9242)	MSC	0.0565835283663675
APOLD1 (81575)	APOLD1	1.43829285157915
RFLNA (144347)	RFLNA	0.150559676575381
EXOSC4 (54512)	EXOSC4	5.38093719492782
DPY19L3 (147991)	DPY19L3	3.25398926623079
TAF7 (6879)	TAF7	6.15299460549244
ZNF852 (285346)	ZNF852	2.31903981556254
FOXE1 (2304)	FOXE1	0
PFAS (5198)	PFAS	4.46139758992616
HYI (81888)	HYI	4.15218341905505
CYBC1 (79415)	CYBC1	5.34872815423108
TPRX1 (284355)	TPRX1	0
LGALS7B (653499)	LGALS7B	1.70487196445635
ZNF552 (79818)	ZNF552	4.46074256378964
SMIM10L2A (399668)	SMIM10L2A	0.0565835283663675
GAK (2580)	GAK	5.89893387178018
ZBTB7A (51341)	ZBTB7A	3.67355642399014
TUFM (7284)	TUFM	7.54194842533373
ERICH3 (127254)	ERICH3	0.0143552929770701
RMI1 (80010)	RMI1	3.22496636500027
CTC1 (80169)	CTC1	2.82374936030827
FBXO34 (55030)	FBXO34	3.34482849699744
SELENOW (6415)	SELENOW	7.25219234012239
EIF3K (27335)	EIF3K	9.32249153759747
MRFAP1L1 (114932)	MRFAP1L1	5.70348834965682
SNX18 (112574)	SNX18	2.25398926623079
EXD1 (161829)	EXD1	0
AURKB (9212)	AURKB	5.89627184880738
TAS1R2 (80834)	TAS1R2	0
C14orf39 (317761)	C14orf39	0
MRFAP1 (93621)	MRFAP1	7.67306168471837
C3orf38 (285237)	C3orf38	2.33913738491959
KLHDC7A (127707)	KLHDC7A	1.97819562968165
TMEM107 (84314)	TMEM107	3.53356334821451
RRS1 (23212)	RRS1	5.24944534108584
EXOC3L1 (283849)	EXOC3L1	0.124328135002202
TRIML2 (205860)	TRIML2	0
RCC2 (55920)	RCC2	6.58961369774735
OR13D1 (286365)	OR13D1	0
IGSF22 (283284)	IGSF22	0.214124805352847
C9orf50 (375759)	C9orf50	0.150559676575381
ZFP42 (132625)	ZFP42	0
CCDC89 (220388)	CCDC89	0.0285691521967709
FAM133A (286499)	FAM133A	0
DPM3 (54344)	DPM3	6.15441308517497
C12orf42 (374470)	C12orf42	0.16349873228288
CYC1 (1537)	CYC1	7.41591074170805
PER1 (5187)	PER1	3.02147972741045
HTR1F (3355)	HTR1F	0
TMTC2 (160335)	TMTC2	3.13586316536868
HES7 (84667)	HES7	0.150559676575381
FARSA (2193)	FARSA	5.58315800387441
SPTY2D1 (144108)	SPTY2D1	3.82984955984469
C10orf67 (256815)	C10orf67	0
SAMD4B (55095)	SAMD4B	6.76261457875456
CYP11B2 (1585)	CYP11B2	0
GIMAP7 (168537)	GIMAP7	0.111031312388744
ALOXE3 (59344)	ALOXE3	0.0143552929770701
EDC3 (80153)	EDC3	4.86195536414487
TCAIM (285343)	TCAIM	3.63923216324928
FUCA1 (2517)	FUCA1	4.08576455377831
PXT1 (222659)	PXT1	0.0143552929770701
GGN (199720)	GGN	0.659924558402378
HNRNPCL1 (343069)	HNRNPCL1	0.0840642647884745
TMEM125 (128218)	TMEM125	4.65306001710456
ZNF664 (144348)	ZNF664	6.42592920520858
SIGLECL1 (284369)	SIGLECL1	0
CALR (811)	CALR	8.65036965919905
MAGED1 (9500)	MAGED1	5.59036248846375
GVQW3 (100506127)	GVQW3	2.68706068833989
LDLRAD3 (143458)	LDLRAD3	0.863938450423971
CDH4 (1002)	CDH4	0.16349873228288
SMCO3 (440087)	SMCO3	0.150559676575381
RAD23A (5886)	RAD23A	5.97842446544086
PCARE (388939)	PCARE	0.0143552929770701
GADD45GIP1 (90480)	GADD45GIP1	4.58676474335514
DAND5 (199699)	DAND5	0.0426443374084937
TMEM151A (256472)	TMEM151A	0.0285691521967709
PTPN11 (5781)	PTPN11	5.59753117422421
NSUN7 (79730)	NSUN7	1.59931779369823
RTL3 (203430)	RTL3	0.0143552929770701
FAM156B (727866)	FAM156B	3.55458885167764
WSCD1 (23302)	WSCD1	0.0143552929770701
RAB39A (54734)	RAB39A	0
CLK3 (1198)	CLK3	5.86046625851717
HLA-DQB1 (3119)	HLA-DQB1	0.400537929583729
GATA2 (2624)	GATA2	5.53325185192897
ARID3B (10620)	ARID3B	2.24488705912353
TMEM31 (203562)	TMEM31	0
PACS2 (23241)	PACS2	4.37642931106992
ELMOD2 (255520)	ELMOD2	2.83592407425437
EGR3 (1960)	EGR3	0.0285691521967709
CATSPERE (257044)	CATSPERE	0.0565835283663675
GPC5 (2262)	GPC5	0.0143552929770701
VWA1 (64856)	VWA1	5.14689956034359
DNAJB8 (165721)	DNAJB8	0
GEMIN4 (50628)	GEMIN4	4.1906148602095
HNRNPCL4 (101060301)	HNRNPCL4	0
FJX1 (24147)	FJX1	1.36176835941915
KLHL28 (54813)	KLHL28	1.85598969730848
MKRN3 (7681)	MKRN3	1.07724299893246
ZBTB18 (10472)	ZBTB18	3.30597052098439
OR9A2 (135924)	OR9A2	0
C14orf28 (122525)	C14orf28	0.565597175854225
ALOX12B (242)	ALOX12B	0.0840642647884745
SLC17A8 (246213)	SLC17A8	0.0143552929770701
SHARPIN (81858)	SHARPIN	5.31070365722511
LBX2 (85474)	LBX2	2.12763327972587
DNHD1 (144132)	DNHD1	2.35614381022528
SLITRK4 (139065)	SLITRK4	0
HTR1D (3352)	HTR1D	1.18903382439002
GCC1 (79571)	GCC1	3.53480866123175
LSMEM2 (132228)	LSMEM2	0.298658315564515
RNF151 (146310)	RNF151	0.070389327891398
CIITA (4261)	CIITA	0.815575428862573
ZFPM1 (161882)	ZFPM1	1.64616265715789
ALOX15B (247)	ALOX15B	0
PLD6 (201164)	PLD6	1.37851162325373
GPHB5 (122876)	GPHB5	0
GRM8 (2918)	GRM8	0.0565835283663675
CDC42EP4 (23580)	CDC42EP4	4.69988472869748
OR2AP1 (121129)	OR2AP1	0
OR6C4 (341418)	OR6C4	0
ZBTB42 (100128927)	ZBTB42	2.28688114778816
LACC1 (144811)	LACC1	1.80322703643493
MAF1 (84232)	MAF1	6.08703845676695
TPPP2 (122664)	TPPP2	0
FCER1A (2205)	FCER1A	0
RPRML (388394)	RPRML	0
ARL14 (80117)	ARL14	3.09085343045111
OR6C2 (341416)	OR6C2	0
WDR97 (340390)	WDR97	0.356143810225275
NLRP8 (126205)	NLRP8	0
PCED1B (91523)	PCED1B	2.68257329734758
APOBEC3B (9582)	APOBEC3B	2.90496571868403
SYCN (342898)	SYCN	0
PIPOX (51268)	PIPOX	0.641546029087524
FOXS1 (2307)	FOXS1	0
ATOH7 (220202)	ATOH7	0.137503523749935
CDH5 (1003)	CDH5	0
LRRC3B (116135)	LRRC3B	0
FAM216B (144809)	FAM216B	0
MRGPRX4 (117196)	MRGPRX4	0
MYADM (91663)	MYADM	5.53698537579194
MRGPRX3 (117195)	MRGPRX3	0
MROH1 (727957)	MROH1	4.62993940943954
SERTAD2 (9792)	SERTAD2	3.4594316186373
AKAP5 (9495)	AKAP5	0.485426827170242
NKPD1 (284353)	NKPD1	0.839959587489532
GIPC3 (126326)	GIPC3	0
RNF227 (284023)	RNF227	1.64154602908752
CITED4 (163732)	CITED4	0.704871964456353
ABCA13 (154664)	ABCA13	0.0285691521967709
NLRP11 (204801)	NLRP11	0.20163386116965
TIGD5 (84948)	TIGD5	1.93357263826102
PDXDC1 (23042)	PDXDC1	5.99593670350459
C1orf194 (127003)	C1orf194	0.0565835283663675
ZNF154 (7710)	ZNF154	0.389566811762726
R3HDM2 (22864)	R3HDM2	4.18428029441938
B3GNT3 (10331)	B3GNT3	3.95046841415012
ITLN1 (55600)	ITLN1	0
NRXN1 (9378)	NRXN1	0
SEPHS2 (22928)	SEPHS2	5.21218021004443
OR10A7 (121364)	OR10A7	0
GPBAR1 (151306)	GPBAR1	0.189033824390017
ZNF784 (147808)	ZNF784	3.1906148602095
ZNF648 (127665)	ZNF648	0
C14orf119 (55017)	C14orf119	4.69932952567316
CCR8 (1237)	CCR8	0.0426443374084937
GOLGA8J (653073)	GOLGA8J	0
BBS10 (79738)	BBS10	2.41413553298445
FIZ1 (84922)	FIZ1	3.80322703643493
PUF60 (22827)	PUF60	7.18477618520242
SSC5D (284297)	SSC5D	0.20163386116965
DCTPP1 (79077)	DCTPP1	6.41886457739032
ZNF771 (51333)	ZNF771	1.97452931248388
TSHZ1 (10194)	TSHZ1	2.30158764660319
PSTK (118672)	PSTK	2.01435529297707
SOCS4 (122809)	SOCS4	3.08576455377831
ZADH2 (284273)	ZADH2	3.80529245560071
OR1E1 (8387)	OR1E1	0
ZNF48 (197407)	ZNF48	3.1243281350022
FAM71E2 (284418)	FAM71E2	0
C3orf80 (401097)	C3orf80	0.124328135002202
NKX2-6 (137814)	NKX2-6	0
TMEM150B (284417)	TMEM150B	2.18269229751619
ANKRD18A (253650)	ANKRD18A	1.87970576628229
WFDC11 (259239)	WFDC11	0
TMEM86B (255043)	TMEM86B	2.86591881455221
OR3A1 (4994)	OR3A1	0
SEPT1 (1731)	SEPT1	0.831877241191673
TRNAU1AP (54952)	TRNAU1AP	4.2667865406949
EXOC3 (11336)	EXOC3	5.74711881638081
TDRD6 (221400)	TDRD6	0.0285691521967709
C12orf40 (283461)	C12orf40	0
CSNK1A1L (122011)	CSNK1A1L	0
LYNX1 (66004)	LYNX1	0
TH (7054)	TH	0.831877241191673
MED14 (9282)	MED14	4.29572302453997
FAHD1 (81889)	FAHD1	4.94766615679601
TDRP (157695)	TDRP	0.0285691521967709
RCC1 (1104)	RCC1	7.18646094003548
WFDC9 (259240)	WFDC9	0
MYLPF (29895)	MYLPF	0.823749360308273
F2 (2147)	F2	0.815575428862573
FAM71C (196472)	FAM71C	0
PRKRA (8575)	PRKRA	4.33699741660501
ZNRF2 (223082)	ZNRF2	3.21256933885081
RRH (10692)	RRH	0.20163386116965
SLC9A4 (389015)	SLC9A4	0
ZNF816 (125893)	ZNF816	3.58856473740135
FGD6 (55785)	FGD6	2.16992500144231
ADGRD2 (347088)	ADGRD2	0.0565835283663675
GPR139 (124274)	GPR139	0
PLD5 (200150)	PLD5	0
OAZ2 (4947)	OAZ2	6.15116879418666
WFDC10A (140832)	WFDC10A	0
PNPLA1 (285848)	PNPLA1	0.137503523749935
ALX1 (8092)	ALX1	0
CCDC43 (124808)	CCDC43	4.54720302475693
KCTD4 (386618)	KCTD4	0.0426443374084937
MEIOC (284071)	MEIOC	0.443606651475615
FZD2 (2535)	FZD2	0.565597175854225
TIGD2 (166815)	TIGD2	2.89917563048051
ITPRID1 (223075)	ITPRID1	0.0426443374084937
HCLS1 (3059)	HCLS1	0.443606651475615
MTURN (222166)	MTURN	2.877744249949
ZNF609 (23060)	ZNF609	4.1906148602095
PAK2 (5062)	PAK2	5.04308198189566
CCDC66 (285331)	CCDC66	2.82781902461732
DEFB124 (245937)	DEFB124	0
KRTAP9-7 (100505724)	KRTAP9-7	0
MCFD2 (90411)	MCFD2	5.17592374206376
HARBI1 (283254)	HARBI1	2.51096191927738
DEFB123 (245936)	DEFB123	0
C11orf71 (54494)	C11orf71	2.32481060342048
CYP8B1 (1582)	CYP8B1	0
OR6K6 (128371)	OR6K6	0
SERTM1 (400120)	SERTM1	0
GAS1 (2619)	GAS1	0
ARHGAP45 (23526)	ARHGAP45	4.48155728070859
OR10Q1 (219960)	OR10Q1	0
ZNF571 (51276)	ZNF571	0.565597175854225
GLIPR1L2 (144321)	GLIPR1L2	0.250961573533219
DEFB119 (245932)	DEFB119	0
MIGA1 (374986)	MIGA1	2.17632277264046
KCNE1 (3753)	KCNE1	0.0143552929770701
PRR26 (414235)	PRR26	2.37016428054021
NRIP1 (8204)	NRIP1	3.56315813040281
ZSCAN4 (201516)	ZSCAN4	0
BHLHA15 (168620)	BHLHA15	1.98550043030488
RNF182 (221687)	RNF182	0.0143552929770701
TSPYL5 (85453)	TSPYL5	0
FUT7 (2529)	FUT7	0.367371065648529
HIST1H2AC (8334)	HIST1H2AC	2.77610398807316
EIF2S3B (255308)	EIF2S3B	1.29278174922785
SKIDA1 (387640)	SKIDA1	0.0285691521967709
HIST1H2BC (8347)	HIST1H2BC	2.58496250072116
MB21D2 (151963)	MB21D2	1.35049724708413
GSX2 (170825)	GSX2	0
SSTR2 (6752)	SSTR2	0.189033824390017
ZNF594 (84622)	ZNF594	2.41683974191283
PCGF5 (84333)	PCGF5	3.43028527297778
SLC47A2 (146802)	SLC47A2	0.27500704749987
PRF1 (5551)	PRF1	0.16349873228288
OR2A4 (79541)	OR2A4	0
MAB21L1 (4081)	MAB21L1	0.0143552929770701
VN1R3 (317702)	VN1R3	0
YOD1 (55432)	YOD1	2.73768676140986
TMEM64 (169200)	TMEM64	2.27202318906105
C3orf22 (152065)	C3orf22	0.0426443374084937
OR10K2 (391107)	OR10K2	0
CHRM4 (1132)	CHRM4	0
SHISA2 (387914)	SHISA2	0
S1PR5 (53637)	S1PR5	0
CLRN3 (119467)	CLRN3	4.4369613378336
GPR157 (80045)	GPR157	1.89141918684608
CHST13 (166012)	CHST13	0.238786859587116
AGTR2 (186)	AGTR2	0
SLC36A4 (120103)	SLC36A4	2.72465027173297
ZDHHC20 (253832)	ZDHHC20	5.84172158112846
ANKRD30B (374860)	ANKRD30B	0.545968369105293
OR51E1 (143503)	OR51E1	1.13750352374994
ZFP3 (124961)	ZFP3	0
ARSJ (79642)	ARSJ	4.2861418728343
HOXC9 (3225)	HOXC9	0.594548549550354
MAP3K15 (389840)	MAP3K15	0.0840642647884745
PPA1 (5464)	PPA1	8.27412185845245
HOXC10 (3226)	HOXC10	0.475084882948783
PSMG4 (389362)	PSMG4	5.58436125251871
BHLHE22 (27319)	BHLHE22	0
MAP6D1 (79929)	MAP6D1	1.23266075679027
ZNF443 (10224)	ZNF443	2.08406426478847
CXCR2 (3579)	CXCR2	0
DEFB112 (245915)	DEFB112	0
GREM2 (64388)	GREM2	0
C11orf42 (160298)	C11orf42	0.495695162624069
SSR4 (6748)	SSR4	8.75892273554621
CAPS2 (84698)	CAPS2	1.95977015521147
ZNF792 (126375)	ZNF792	2.43562859405209
CUEDC1 (404093)	CUEDC1	5.10810622368613
SCRIB (23513)	SCRIB	6.4631973798335
KCTD2 (23510)	KCTD2	3.15380533607904
D2HGDH (728294)	D2HGDH	4.48864353985378
OXTR (5021)	OXTR	0.22650852980868
CMTR2 (55783)	CMTR2	4.75381844317354
OR56B4 (196335)	OR56B4	0.189033824390017
FAM83H (286077)	FAM83H	5.56224242422107
GPR62 (118442)	GPR62	0.0143552929770701
OR56A1 (120796)	OR56A1	0
ZNF572 (137209)	ZNF572	1.81557542886257
ST20 (400410)	ST20	2.75488750216347
PITPNB (23760)	PITPNB	5.07852444538908
TCEAL8 (90843)	TCEAL8	4.31324585178756
OR52E4 (390081)	OR52E4	0
LRRC57 (255252)	LRRC57	3.87676249078156
OR52N2 (390077)	OR52N2	0
MRPL14 (64928)	MRPL14	6.55627612479003
GPR137C (283554)	GPR137C	0.263034405833794
C1orf105 (92346)	C1orf105	0.214124805352847
OR52N1 (79473)	OR52N1	0
BBS12 (166379)	BBS12	1.11103131238874
ZFP82 (284406)	ZFP82	0
OR52N5 (390075)	OR52N5	0
C17orf47 (284083)	C17orf47	0
LSMEM1 (286006)	LSMEM1	1.57531233068744
NQO1 (1728)	NQO1	9.199304263436
OR56B1 (387748)	OR56B1	0
AEN (64782)	AEN	4.7279204545632
FKRP (79147)	FKRP	3.83995958748953
TRAPPC5 (126003)	TRAPPC5	4.58496250072116
RPH3AL (9501)	RPH3AL	3.43429461795993
SLC25A42 (284439)	SLC25A42	1.1243281350022
FCRL6 (343413)	FCRL6	0.0565835283663675
METTL23 (124512)	METTL23	5.01970191444255
SLC26A11 (284129)	SLC26A11	0.895302621333307
HIGD1A (25994)	HIGD1A	5.93357263826102
CHRM2 (1129)	CHRM2	0
OR52N4 (390072)	OR52N4	0
MAPK15 (225689)	MAPK15	2.83995958748953
EHMT1 (79813)	EHMT1	5.40769264866568
ADIPOQ (9370)	ADIPOQ	0
F2R (2149)	F2R	4.01613970265525
ZNF707 (286075)	ZNF707	3.33485426933163
MUC16 (94025)	MUC16	0.84799690655495
NPM1 (4869)	NPM1	11.3833802976288
PJA1 (64219)	PJA1	3.75274859140713
DHTKD1 (55526)	DHTKD1	3.39231742277876
PENK (5179)	PENK	0
C4orf50 (389197)	C4orf50	0.0143552929770701
HIST3H2A (92815)	HIST3H2A	3.97177344719337
ZNF746 (155061)	ZNF746	3.13586316536868
POLR2A (5430)	POLR2A	5.21023299009585
TMEM132C (92293)	TMEM132C	0
SLC25A41 (284427)	SLC25A41	0.0565835283663675
TMEM136 (219902)	TMEM136	0.641546029087524
OR5AK2 (390181)	OR5AK2	0
FRAT2 (23401)	FRAT2	3.98913900736823
TMEM102 (284114)	TMEM102	2.55336050333533
TMEM132E (124842)	TMEM132E	0
ZNF322 (79692)	ZNF322	2.82781902461732
NME9 (347736)	NME9	0.432959407276106
SPEM1 (374768)	SPEM1	0
HEPHL1 (341208)	HEPHL1	0.0426443374084937
LRRC75A (388341)	LRRC75A	1.88752527074159
OFCC1 (266553)	OFCC1	0
OR5M8 (219484)	OR5M8	0
CCL13 (6357)	CCL13	0
CFAP65 (255101)	CFAP65	0.0565835283663675
DDX60L (91351)	DDX60L	1.51096191927738
SYNE4 (163183)	SYNE4	2.13422093976063
OGFOD3 (79701)	OGFOD3	4.3327079336406
WASHC1 (100287171)	WASHC1	2.70265754339091
UTS2R (2837)	UTS2R	0
AATK (9625)	AATK	4.42088657497553
DDN (23109)	DDN	0.545968369105293
SAGE1 (55511)	SAGE1	0
ZNF467 (168544)	ZNF467	0.773996325111173
SOX2 (6657)	SOX2	0.250961573533219
ZNF678 (339500)	ZNF678	2.02147972741045
TMEM45A (55076)	TMEM45A	0.0976107966264223
RAP2B (5912)	RAP2B	2.50080205305716
ZBTB2 (57621)	ZBTB2	3.92029330021101
RNF135 (84282)	RNF135	2.34198574722862
OR6T1 (219874)	OR6T1	0
ACBD4 (79777)	ACBD4	2.78659636189081
OR8D4 (338662)	OR8D4	0
SGSH (6448)	SGSH	2.82781902461732
MAB21L2 (10586)	MAB21L2	0.0426443374084937
FANCB (2187)	FANCB	1.44890095114513
EDDM3B (64184)	EDDM3B	0
SETD2 (29072)	SETD2	3.87578006306849
EDDM3A (10876)	EDDM3A	0
C6orf223 (221416)	C6orf223	1.790772037862
TMIE (259236)	TMIE	0.124328135002202
MEX3D (399664)	MEX3D	3.7279204545632
OR52D1 (390066)	OR52D1	0
MRPS23 (51649)	MRPS23	6.47443604325227
OR52H1 (390067)	OR52H1	0
FDCSP (260436)	FDCSP	0
GPR135 (64582)	GPR135	0.367371065648529
SLX1B (79008)	SLX1B	2.98732086592925
ANKRD62 (342850)	ANKRD62	0
P2RY13 (53829)	P2RY13	0
TNFSF15 (9966)	TNFSF15	2.19534759832222
ZFP41 (286128)	ZFP41	2.82171021503467
PHLDA2 (7262)	PHLDA2	7.78535437790903
ATG9B (285973)	ATG9B	1.32768736417605
GPR88 (54112)	GPR88	0
HKR1 (284459)	HKR1	4.4235781709818
PLAG1 (5324)	PLAG1	2.3305584000308
OR8H1 (219469)	OR8H1	0
OR5T1 (390155)	OR5T1	0
YIPF6 (286451)	YIPF6	4.36457243229586
OR5T2 (219464)	OR5T2	0
ZBTB20 (26137)	ZBTB20	0.475084882948783
OR2Z1 (284383)	OR2Z1	0
C3orf58 (205428)	C3orf58	2.19849415363908
C5orf30 (90355)	C5orf30	3.81147103052984
OR8K5 (219453)	OR8K5	0
AMIGO1 (57463)	AMIGO1	0.799087306074004
OR8H3 (390152)	OR8H3	0
OR8H2 (390151)	OR8H2	0
GPR3 (2827)	GPR3	0.765534746362977
TMEM252 (169693)	TMEM252	0.333423733725192
ODF3L2 (284451)	ODF3L2	0
OR5AS1 (219447)	OR5AS1	0
ACTL9 (284382)	ACTL9	0
SIAH2 (6478)	SIAH2	4.65306001710456
COPG1 (22820)	COPG1	7.33234990037387
ADGRB1 (575)	ADGRB1	0.214124805352847
OR6S1 (341799)	OR6S1	0
SLC9A9 (285195)	SLC9A9	0
LSM10 (84967)	LSM10	5.03165985430805
RELL1 (768211)	RELL1	1.50080205305716
RFX7 (64864)	RFX7	2.71149490665009
SLC35C1 (55343)	SLC35C1	4.29130885982897
TIGIT (201633)	TIGIT	0
RNF41 (10193)	RNF41	5.14241343787374
SLC2A4 (6517)	SLC2A4	0.070389327891398
FTMT (94033)	FTMT	0
IBA57 (200205)	IBA57	2.47767732756531
CLDN7 (1366)	CLDN7	6.80154670335678
ZNF329 (79673)	ZNF329	1.62760683812965
ZNF101 (94039)	ZNF101	1.89530262133331
OR4C6 (219432)	OR4C6	0
C5orf24 (134553)	C5orf24	4.31251996747495
ADO (84890)	ADO	3.13586316536868
COA4 (51287)	COA4	7.15916494951661
OR4P4 (81300)	OR4P4	0
PRKAG1 (5571)	PRKAG1	5.64789009105921
GINS3 (64785)	GINS3	3.43028527297778
OR4C15 (81309)	OR4C15	0
OR4A15 (81328)	OR4A15	0
OR4A16 (81327)	OR4A16	0
OR52K2 (119774)	OR52K2	0
NEUROG1 (4762)	NEUROG1	0
CCDC149 (91050)	CCDC149	0.27500704749987
MRPS11 (64963)	MRPS11	5.92076967302065
SNRPE (6635)	SNRPE	7.64645070648318
RTKN2 (219790)	RTKN2	2.36457243229586
PNMA8A (55228)	PNMA8A	0.111031312388744
CHST15 (51363)	CHST15	0.070389327891398
ADIG (149685)	ADIG	0
USH1G (124590)	USH1G	0.0143552929770701
MGAT4C (25834)	MGAT4C	0
TRIM49B (283116)	TRIM49B	0
IDH2 (3418)	IDH2	6.71986792834437
OR52A1 (23538)	OR52A1	0
PTCHD3 (374308)	PTCHD3	0
OR6B2 (389090)	OR6B2	0
TMEM259 (91304)	TMEM259	6.24374523473398
WRB (7485)	WRB	3.97361127551947
TNRC18 (84629)	TNRC18	6.25209770303744
FAM181B (220382)	FAM181B	0
TMEM30B (161291)	TMEM30B	3.75167794568758
DEXI (28955)	DEXI	3.87970576628229
ZNF716 (441234)	ZNF716	0.0426443374084937
NOP10 (55505)	NOP10	8.16751850373522
FAM89A (375061)	FAM89A	3.10433665981474
KCNIP1 (30820)	KCNIP1	0
TDRKH (11022)	TDRKH	3.55704241526372
ZNF708 (7562)	ZNF708	1.73552217729654
IST1 (9798)	IST1	7.26171884978794
ERCC6L2 (375748)	ERCC6L2	3.70376517879341
MRPL41 (64975)	MRPL41	5.29975751183932
ENPP7 (339221)	ENPP7	0
CREB3L2 (64764)	CREB3L2	1.81557542886257
P2RY8 (286530)	P2RY8	0
UNC5C (8633)	UNC5C	0.0143552929770701
MRGPRG (386746)	MRGPRG	0
TSEN54 (283989)	TSEN54	5.28058520256447
RGMA (56963)	RGMA	0.0285691521967709
ASB18 (401036)	ASB18	0
UBA7 (7318)	UBA7	1.22032995487956
MRPS16 (51021)	MRPS16	5.82425869660337
SHISAL2A (348378)	SHISAL2A	0.070389327891398
RAD51B (5890)	RAD51B	2.86789646399265
CRYGB (1419)	CRYGB	0
LDOC1 (23641)	LDOC1	0.150559676575381
ARL6IP4 (51329)	ARL6IP4	6.94181057995768
EXT1 (2131)	EXT1	4.98777561614291
SHMT2 (6472)	SHMT2	8.35684807923652
MOB2 (81532)	MOB2	5.52136487844622
HHIPL1 (84439)	HHIPL1	0.0143552929770701
ATP6AP2 (10159)	ATP6AP2	4.96162332828694
ZAR1 (326340)	ZAR1	0.0285691521967709
CYB5D1 (124637)	CYB5D1	3.28243980500639
FAM153B (202134)	FAM153B	0
BACE2 (25825)	BACE2	4.57712666130705
UBE2E2 (7325)	UBE2E2	3.24792751344359
SYNM (23336)	SYNM	0.0426443374084937
KCNA4 (3739)	KCNA4	0.0143552929770701
GABRG3 (2567)	GABRG3	0
PRR34 (55267)	PRR34	0.176322772640463
NLRP10 (338322)	NLRP10	0
FIGN (55137)	FIGN	0.0143552929770701
IZUMO1 (284359)	IZUMO1	0.070389327891398
TMIGD1 (388364)	TMIGD1	0
B4GALNT4 (338707)	B4GALNT4	0.070389327891398
AP1S2 (8905)	AP1S2	2.47248777146274
C8orf33 (65265)	C8orf33	5.00225245173138
DCAF4L1 (285429)	DCAF4L1	0.214124805352847
SPACA6 (147650)	SPACA6	3.32481060342048
MBD3L3 (653657)	MBD3L3	0
ZSCAN22 (342945)	ZSCAN22	1.62760683812965
KCNJ14 (3770)	KCNJ14	1.81557542886257
FBXL6 (26233)	FBXL6	4.32696871158789
C1S (716)	C1S	0.422233000683048
GLTPD2 (388323)	GLTPD2	0.0976107966264223
KIAA2012 (100652824)	KIAA2012	0.0143552929770701
PRAMEF8 (391002)	PRAMEF8	0
LIPF (8513)	LIPF	0
OR5P3 (120066)	OR5P3	0
DAOA (267012)	DAOA	0
ZNF804B (219578)	ZNF804B	0
KBTBD3 (143879)	KBTBD3	2.33628338786443
YBEY (54059)	YBEY	3.29278174922785
CLN8 (2055)	CLN8	1.49569516262407
PLCXD1 (55344)	PLCXD1	4.51664555778096
NXPH4 (11247)	NXPH4	1.4905701304462
CACNB4 (785)	CACNB4	0.0285691521967709
IFNL1 (282618)	IFNL1	0
TRAPPC6B (122553)	TRAPPC6B	3.09085343045111
PGBD4 (161779)	PGBD4	1.4594316186373
CDY2A (9426)	CDY2A	0
NPLOC4 (55666)	NPLOC4	5.56985560833095
OTOL1 (131149)	OTOL1	0
KCNK4 (50801)	KCNK4	0.0285691521967709
TEX19 (400629)	TEX19	0.389566811762726
TSHZ2 (128553)	TSHZ2	0.31034012061215
CAPN12 (147968)	CAPN12	4.91981677005279
EXOC7 (23265)	EXOC7	5.17152710603881
KPNA2 (3838)	KPNA2	7.36605988220747
XKRX (402415)	XKRX	2.16027483140859
BGN (633)	BGN	5.48446041312882
CEP97 (79598)	CEP97	1.78240856492737
LHFPL1 (340596)	LHFPL1	0
FES (2242)	FES	0.321928094887362
GLRX5 (51218)	GLRX5	5.34234139743155
FAM104B (90736)	FAM104B	3.48284828306847
TBPL2 (387332)	TBPL2	0
CAV3 (859)	CAV3	0.070389327891398
MXRA7 (439921)	MXRA7	0.632268215499513
LIMK2 (3985)	LIMK2	4.05398016818765
MFSD5 (84975)	MFSD5	3.93828579188405
RNASE10 (338879)	RNASE10	0.0426443374084937
ADI1 (55256)	ADI1	5.4594316186373
RWDD4 (201965)	RWDD4	3.47378691161437
SPNS3 (201305)	SPNS3	1.47508488294878
CLEC4G (339390)	CLEC4G	0
SATB1 (6304)	SATB1	3.58014548442338
NXPH3 (11248)	NXPH3	0.0285691521967709
CSF1R (1436)	CSF1R	0.16349873228288
EPHB3 (2049)	EPHB3	4.70099449416827
VCX (26609)	VCX	0.0840642647884745
ACTL10 (170487)	ACTL10	1.88362081628567
EPGN (255324)	EPGN	0.0426443374084937
KRTAP11-1 (337880)	KRTAP11-1	0
SNORC (389084)	SNORC	1.23878685958712
HS3ST4 (9951)	HS3ST4	0
TRAK1 (22906)	TRAK1	4.75915583380027
TSPAN10 (83882)	TSPAN10	0.189033824390017
OR2V2 (285659)	OR2V2	0
PLCB1 (23236)	PLCB1	2.34482849699744
SKA2 (348235)	SKA2	6.30997649237056
RXFP3 (51289)	RXFP3	0
OR10G7 (390265)	OR10G7	0
NDN (4692)	NDN	0.0285691521967709
CCDC172 (374355)	CCDC172	0
OR4Q3 (441669)	OR4Q3	0
NTM (50863)	NTM	0
TTC3 (7267)	TTC3	5.35120427725799
KCNB2 (9312)	KCNB2	0
PPP1R27 (116729)	PPP1R27	0.0285691521967709
BRICD5 (283870)	BRICD5	2.52606881166759
GALR2 (8811)	GALR2	0.250961573533219
RESP18 (389075)	RESP18	0
IGIP (492311)	IGIP	1.85996954822103
TSKU (25987)	TSKU	5.07253459972295
CMC4 (100272147)	CMC4	2.58255600301406
ANXA2 (302)	ANXA2	10.7461783809714
RGS6 (9628)	RGS6	0.0143552929770701
HOXB4 (3214)	HOXB4	2.21723071622067
SLC35D3 (340146)	SLC35D3	0.31034012061215
PAQR7 (164091)	PAQR7	2.37016428054021
PAPPA (5069)	PAPPA	0.0285691521967709
MAFA (389692)	MAFA	0
NGRN (51335)	NGRN	5.97911075501579
GRID1 (2894)	GRID1	0
RPS17 (6218)	RPS17	12.4740861570154
HCAR2 (338442)	HCAR2	0.659924558402378
OR2T29 (343563)	OR2T29	0
CCDC87 (55231)	CCDC87	0.31034012061215
GSTA5 (221357)	GSTA5	0
C1orf116 (79098)	C1orf116	4.19219416528334
MAGEB17 (645864)	MAGEB17	0.0285691521967709
CRIP2 (1397)	CRIP2	6.7195941721688
DDX28 (55794)	DDX28	3.36457243229586
KRTAP13-2 (337959)	KRTAP13-2	0
ACBD3 (64746)	ACBD3	4.71204544855369
C16orf72 (29035)	C16orf72	3.62410089462811
PLCXD3 (345557)	PLCXD3	0
VMO1 (284013)	VMO1	0.0976107966264223
OR4F15 (390649)	OR4F15	0
ALG12 (79087)	ALG12	3.47767732756531
LCK (3932)	LCK	0.678071905112638
GALNT9 (50614)	GALNT9	0.150559676575381
COL18A1 (80781)	COL18A1	3.24944534108584
RBM10 (8241)	RBM10	5.0036022366802
ADGRG3 (222487)	ADGRG3	0
GLUD2 (2747)	GLUD2	0.659924558402378
TMEM95 (339168)	TMEM95	0
TCHHL1 (126637)	TCHHL1	0
RPL35A (6165)	RPL35A	11.1010564641383
RGS7 (6000)	RGS7	0.20163386116965
SLC25A18 (83733)	SLC25A18	0.111031312388744
ZNF721 (170960)	ZNF721	3.77188557851537
TCEAL7 (56849)	TCEAL7	0
C11orf54 (28970)	C11orf54	5.4591036961354
CEP63 (80254)	CEP63	3.62058641045188
WFDC10B (280664)	WFDC10B	0
SRPRA (6734)	SRPRA	6.68846014042449
OTOP3 (347741)	OTOP3	0
EWSR1 (2130)	EWSR1	8.32939273070908
ODF3L1 (161753)	ODF3L1	0.632268215499513
HMGN4 (10473)	HMGN4	5.56651075585788
SPATA13 (221178)	SPATA13	4.4988890869768
GJC1 (10052)	GJC1	0.0426443374084937
SOX1 (6656)	SOX1	0
CNOT10 (25904)	CNOT10	4.12350066435096
MTA1 (9112)	MTA1	6.2364926183813
ZNF662 (389114)	ZNF662	0
CADM1 (23705)	CADM1	0.0426443374084937
ZNF320 (162967)	ZNF320	3.08406426478847
C12orf60 (144608)	C12orf60	1.27500704749987
PYCR1 (5831)	PYCR1	6.96866679319521
NAA38 (84316)	NAA38	4.97039353791468
SPNS2 (124976)	SPNS2	5.20476675065461
MCEMP1 (199675)	MCEMP1	0.0285691521967709
AP2A2 (161)	AP2A2	4.86690797814317
SLC8A1 (6546)	SLC8A1	0.16349873228288
OR1G1 (8390)	OR1G1	0
SLC25A21 (89874)	SLC25A21	0.0426443374084937
OTOP2 (92736)	OTOP2	0
CYLC1 (1538)	CYLC1	0
PCP4 (5121)	PCP4	0
ABAT (18)	ABAT	0.505890929729957
SLC25A10 (1468)	SLC25A10	5.62234472272424
CAMK1D (57118)	CAMK1D	0.432959407276106
RGPD6 (729540)	RGPD6	2.92599941855622
LYSMD4 (145748)	LYSMD4	3.79805051476751
WBP2NL (164684)	WBP2NL	0.27500704749987
IGSF5 (150084)	IGSF5	0
NKX2-5 (1482)	NKX2-5	0
AFMID (125061)	AFMID	5.35895882583233
GAS6 (2621)	GAS6	0.422233000683048
FREM3 (166752)	FREM3	0
NEB (4703)	NEB	1.799087306074
BEGAIN (57596)	BEGAIN	0.400537929583729
GPC6 (10082)	GPC6	0
ARHGEF37 (389337)	ARHGEF37	0.238786859587116
FAM43B (163933)	FAM43B	0
CSMD1 (64478)	CSMD1	0
CALHM3 (119395)	CALHM3	0
PTGDR2 (11251)	PTGDR2	0.321928094887362
CEP57L1 (285753)	CEP57L1	2.58976348698498
RIPPLY3 (53820)	RIPPLY3	0
PRORY (100533178)	PRORY	0
ANKRD20A2 (441430)	ANKRD20A2	0.137503523749935
GPR19 (2842)	GPR19	0.963474123974886
GJD3 (125111)	GJD3	0.941106310946431
RABIF (5877)	RABIF	2.94485844580754
TMEM119 (338773)	TMEM119	0
FANCF (2188)	FANCF	3.88362081628567
CALN1 (83698)	CALN1	0
SMDT1 (91689)	SMDT1	5.4036085835437
GABRR3 (200959)	GABRR3	0
C2CD4C (126567)	C2CD4C	0.111031312388744
CHST6 (4166)	CHST6	0.0285691521967709
POTEC (388468)	POTEC	0.0143552929770701
RUVBL2 (10856)	RUVBL2	7.48099210369791
GDPGP1 (390637)	GDPGP1	2.66902676550963
CTNNA3 (29119)	CTNNA3	0
RIMBP3C (150221)	RIMBP3C	0
PRR36 (80164)	PRR36	1.73984810269933
OR51B4 (79339)	OR51B4	0
PTTG1IP (754)	PTTG1IP	6.10181813422741
DDX41 (51428)	DDX41	6.66902676550963
ABHD16B (140701)	ABHD16B	1.38956681176273
OR52E8 (390079)	OR52E8	0
CCDC60 (160777)	CCDC60	0.111031312388744
PLGLB1 (5343)	PLGLB1	0.75702324650746
DAZAP2 (9802)	DAZAP2	7.49425558654498
CCBE1 (147372)	CCBE1	0.0840642647884745
SELENOF (9403)	SELENOF	8.29098646472839
OR5P2 (120065)	OR5P2	0
FAM9A (171482)	FAM9A	0
MAGEA2B (266740)	MAGEA2B	0.475084882948783
TMEM121B (27439)	TMEM121B	0.0840642647884745
ZNF623 (9831)	ZNF623	2.78868571061353
OR2T34 (127068)	OR2T34	0
OR52L1 (338751)	OR52L1	0
EPHA10 (284656)	EPHA10	0.970853654340484
SPDYE4 (388333)	SPDYE4	0
CCDC125 (202243)	CCDC125	3.1407786557828
REC114 (283677)	REC114	0
BOLA2 (552900)	BOLA2	4.03562390973072
BCOR (54880)	BCOR	4.11270013274936
JRKL (8690)	JRKL	3.75488750216347
CABCOCO1 (219621)	CABCOCO1	0
GBP6 (163351)	GBP6	0.0143552929770701
KIAA2026 (158358)	KIAA2026	2.74631276642546
OVCH2 (341277)	OVCH2	0
SYNDIG1L (646658)	SYNDIG1L	0
FHL3 (2275)	FHL3	2.98913900736823
OR56A4 (120793)	OR56A4	0
PMCH (5367)	PMCH	0.0840642647884745
TMEM89 (440955)	TMEM89	0.0840642647884745
C19orf71 (100128569)	C19orf71	1.04264433740849
CCDC159 (126075)	CCDC159	2.81966818349646
RIPK4 (54101)	RIPK4	3.04614178164472
LRIT3 (345193)	LRIT3	0.0976107966264223
NPIPA1 (9284)	NPIPA1	5.22573765346606
SF3A3 (10946)	SF3A3	6.0457050645108
TFDP3 (51270)	TFDP3	0
TRIM61 (391712)	TRIM61	0
GRIN2A (2903)	GRIN2A	0
URAD (646625)	URAD	0
GTF2H2C (728340)	GTF2H2C	4.5090623863619
ASB7 (140460)	ASB7	3.4995270242151
SH2D7 (646892)	SH2D7	0
TREX2 (11219)	TREX2	1.67355642399014
GPR132 (29933)	GPR132	0.0976107966264223
MX2 (4600)	MX2	0.214124805352847
EP400 (57634)	EP400	3.87381319835909
MEX3B (84206)	MEX3B	1.22032995487956
TENT5C (54855)	TENT5C	0.22650852980868
COA5 (493753)	COA5	4.94485844580754
UTP11 (51118)	UTP11	5.63401235640212
PSMG1 (8624)	PSMG1	6.01480160235136
PRR14L (253143)	PRR14L	2.98913900736823
KLRC4 (8302)	KLRC4	0.263034405833794
ACSM5 (54988)	ACSM5	0
C10orf120 (399814)	C10orf120	0
IZUMO1R (390243)	IZUMO1R	0
SERHL2 (253190)	SERHL2	0.367371065648529
PCBP3 (54039)	PCBP3	0.150559676575381
PGPEP1L (145814)	PGPEP1L	0
SETD3 (84193)	SETD3	4.97315203787724
TNFAIP8L3 (388121)	TNFAIP8L3	1.84799690655495
ZNRF3 (84133)	ZNRF3	3.97177344719337
FBXL7 (23194)	FBXL7	0
TANGO2 (128989)	TANGO2	5.22187708107703
HIST2H3D (653604)	HIST2H3D	1.22650852980868
SFXN4 (119559)	SFXN4	4.95419631038687
GKN2 (200504)	GKN2	0
FAM167B (84734)	FAM167B	0.250961573533219
MRPL54 (116541)	MRPL54	5.51822038059959
ZNF438 (220929)	ZNF438	1.42223300068305
HMCES (56941)	HMCES	5.85399564717639
CCR3 (1232)	CCR3	0
DGCR6 (8214)	DGCR6	1.29278174922785
GOLGA8G (283768)	GOLGA8G	0
PRR32 (100130613)	PRR32	0
TP53TG3 (24150)	TP53TG3	0.0976107966264223
RP1L1 (94137)	RP1L1	0.0285691521967709
KRTAP8-1 (337879)	KRTAP8-1	0
C11orf88 (399949)	C11orf88	0
ZNF530 (348327)	ZNF530	1.53605290024021
NDUFB1 (4707)	NDUFB1	8.43529521564717
MARCH11 (441061)	MARCH11	0
KLHL25 (64410)	KLHL25	2.83390207666916
FAM19A1 (407738)	FAM19A1	0
TRMT12 (55039)	TRMT12	0.111031312388744
PSG9 (5678)	PSG9	0
GPR1 (2825)	GPR1	0
BMP8A (353500)	BMP8A	0.111031312388744
ALYREF (10189)	ALYREF	7.11551189717237
RFLNB (359845)	RFLNB	0.0143552929770701
EFHC2 (80258)	EFHC2	0.176322772640463
NOG (9241)	NOG	0
MRGPRX2 (117194)	MRGPRX2	0
UPP1 (7378)	UPP1	3.05484847699562
OR4N4 (283694)	OR4N4	0
IFNL2 (282616)	IFNL2	0
OPCML (4978)	OPCML	0
TRIM52 (84851)	TRIM52	3.90689059560852
LHFPL6 (10186)	LHFPL6	0.0840642647884745
CMTM4 (146223)	CMTM4	5.24526746651951
TMEM50A (23585)	TMEM50A	6.37920505996061
NPBWR1 (2831)	NPBWR1	0
FIGLA (344018)	FIGLA	0
ASCL2 (430)	ASCL2	1.67807190511264
TBK1 (29110)	TBK1	3.94673086014031
CBX6 (23466)	CBX6	2.04264433740849
MACC1 (346389)	MACC1	2.91838623444635
ACSM2A (123876)	ACSM2A	0
TBL3 (10607)	TBL3	5.08746284125034
BPY2 (9083)	BPY2	0
ACP7 (390928)	ACP7	0
KREMEN1 (83999)	KREMEN1	2.21723071622067
TRAIP (10293)	TRAIP	3.1554254317472
CHEK2 (11200)	CHEK2	5.11811050560737
FOXL2 (668)	FOXL2	0
AIFM3 (150209)	AIFM3	4.16671544496642
KCTD16 (57528)	KCTD16	0.070389327891398
B3GALT5 (10317)	B3GALT5	1.62760683812965
ZNF703 (80139)	ZNF703	3.95419631038688
SLC35F3 (148641)	SLC35F3	0
KCTD8 (386617)	KCTD8	0
C9orf66 (157983)	C9orf66	0
TUBA8 (51807)	TUBA8	0.411426245726465
ELOA3 (162699)	ELOA3	0.0285691521967709
NPIPA5 (100288332)	NPIPA5	1.10433665981474
BPY2B (442867)	BPY2B	0
EMILIN3 (90187)	EMILIN3	0.0143552929770701
OLFML1 (283298)	OLFML1	0
FAM162B (221303)	FAM162B	0
RBM12B (389677)	RBM12B	3.46336088581666
CCR4 (1233)	CCR4	0.0565835283663675
LIN9 (286826)	LIN9	3.19849415363908
BTBD9 (114781)	BTBD9	1.59931779369823
NUDT14 (256281)	NUDT14	4.3037807481771
ANKRD45 (339416)	ANKRD45	0.650764559116902
MAATS1 (89876)	MAATS1	0
PNMA3 (29944)	PNMA3	0
GPR39 (2863)	GPR39	3.13750352374994
FAM3B (54097)	FAM3B	0.137503523749935
ZNF730 (100129543)	ZNF730	0
KIRREL1 (55243)	KIRREL1	2.02856915219677
IQGAP3 (128239)	IQGAP3	4.29939120612683
CNGA2 (1260)	CNGA2	0
TOB2 (10766)	TOB2	4.28392177230762
SCN5A (6331)	SCN5A	0
ARSI (340075)	ARSI	0.0840642647884745
UTY (7404)	UTY	0.0285691521967709
SRARP (149563)	SRARP	0
TTC32 (130502)	TTC32	3.65878273401283
LRRC55 (219527)	LRRC55	0
DNAH2 (146754)	DNAH2	0.286881147788162
SH2D1A (4068)	SH2D1A	0
SDR42E2 (100288072)	SDR42E2	0.0426443374084937
PRKX (5613)	PRKX	3.44757919654888
KMT5A (387893)	KMT5A	5.48478262307787
KCNH8 (131096)	KCNH8	0.0976107966264223
SMTN (6525)	SMTN	4.76924279514054
NPW (283869)	NPW	0.505890929729957
PP2D1 (151649)	PP2D1	0.124328135002202
COA3 (28958)	COA3	6.10454633862346
NPB (256933)	NPB	0.970853654340484
ST6GALNAC3 (256435)	ST6GALNAC3	0.0285691521967709
PTP4A2 (8073)	PTP4A2	6.45401134285304
ACTG1 (71)	ACTG1	10.3204621131665
TMPRSS2 (7113)	TMPRSS2	3.98093926608551
DENND5A (23258)	DENND5A	2.40053792958373
OR2T10 (127069)	OR2T10	0
KRTAP20-2 (337976)	KRTAP20-2	0
CTAG1B (1485)	CTAG1B	0
DIABLO (56616)	DIABLO	5.68622036502273
VPS33B (26276)	VPS33B	3.13257684267001
TBX1 (6899)	TBX1	0.0426443374084937
ADAP2 (55803)	ADAP2	0.0285691521967709
UQCR10 (29796)	UQCR10	7.46597446450407
FAM120C (54954)	FAM120C	1.59931779369823
TRIML1 (339976)	TRIML1	0
EIF3C (8663)	EIF3C	7.30067286942404
CLDN5 (7122)	CLDN5	0.333423733725192
NIPSNAP1 (8508)	NIPSNAP1	6.72478667744771
OR4F6 (390648)	OR4F6	0
CNTN2 (6900)	CNTN2	0.0143552929770701
SPRR4 (163778)	SPRR4	0.070389327891398
LRTOMT (220074)	LRTOMT	3.80632405739003
OR10J5 (127385)	OR10J5	0
KCNQ3 (3786)	KCNQ3	0.0426443374084937
ADRA2C (152)	ADRA2C	0.0143552929770701
NR2C2AP (126382)	NR2C2AP	4.44559429134118
C1QTNF12 (388581)	C1QTNF12	1.22032995487956
CRELD2 (79174)	CRELD2	4.53169336086147
OR1D2 (4991)	OR1D2	0
SCFD2 (152579)	SCFD2	3.21256933885081
UBE2F (140739)	UBE2F	4.87676249078156
KCNJ12 (3768)	KCNJ12	0
GPR173 (54328)	GPR173	0.389566811762726
PPP1R2 (5504)	PPP1R2	4.39780296186249
TSPYL2 (64061)	TSPYL2	4.17472598770613
GOLGA6L4 (643707)	GOLGA6L4	0.263034405833794
PGP (283871)	PGP	3.80322703643493
C22orf46 (79640)	C22orf46	2.54101915313356
SNRNP35 (11066)	SNRNP35	4.85399564717639
DGAT2L6 (347516)	DGAT2L6	0
IRAK1 (3654)	IRAK1	8.14323013477689
CMSS1 (84319)	CMSS1	5.22110372536788
OLIG1 (116448)	OLIG1	0
PCDH9 (5101)	PCDH9	0
ACOT1 (641371)	ACOT1	1.23266075679027
OAF (220323)	OAF	4.55581615506164
ALDH1A3 (220)	ALDH1A3	2.63923216324928
CDR1 (1038)	CDR1	0
HIST2H2AC (8338)	HIST2H2AC	0.238786859587116
KCNK12 (56660)	KCNK12	0
HIST2H2AB (317772)	HIST2H2AB	0.22650852980868
POU6F1 (5463)	POU6F1	0.545968369105293
DEFB108B (245911)	DEFB108B	0
TM2D3 (80213)	TM2D3	5.10475598696226
TSSC4 (10078)	TSSC4	5.07253459972295
TACSTD2 (4070)	TACSTD2	2.97819562968165
CLECL1 (160365)	CLECL1	0.124328135002202
SIX6 (4990)	SIX6	0
PRKD1 (5587)	PRKD1	0.0285691521967709
CCSER1 (401145)	CCSER1	1.90689059560852
ZDHHC23 (254887)	ZDHHC23	3.63343121035563
MROH7 (374977)	MROH7	0.137503523749935
OR51J1 (79470)	OR51J1	0
S100A7A (338324)	S100A7A	0
SRPK3 (26576)	SRPK3	0.545968369105293
GDF3 (9573)	GDF3	0
IQCF2 (389123)	IQCF2	0
SLIT3 (6586)	SLIT3	0
EFNA5 (1946)	EFNA5	2.28095631383106
MRGPRE (116534)	MRGPRE	0.0565835283663675
KRTAP19-1 (337882)	KRTAP19-1	0
HIST1H1B (3009)	HIST1H1B	0.739848102699327
SPATA32 (124783)	SPATA32	0.111031312388744
PKP3 (11187)	PKP3	6.47281266619239
MAP7D2 (256714)	MAP7D2	0.53605290024021
CSF1 (1435)	CSF1	0.189033824390017
COLEC10 (10584)	COLEC10	0.176322772640463
ACTRT3 (84517)	ACTRT3	1.32768736417605
PLA2G6 (8398)	PLA2G6	3.09761079662642
MAML2 (84441)	MAML2	1.84799690655495
PABPC1L2B (645974)	PABPC1L2B	0
A3GALT2 (127550)	A3GALT2	0
OR4N5 (390437)	OR4N5	0
SS18L1 (26039)	SS18L1	4.5453506448223
KCND2 (3751)	KCND2	0
TOP1MT (116447)	TOP1MT	4.9126498648972
COPB2 (9276)	COPB2	6.31324585178756
LRRC19 (64922)	LRRC19	0.124328135002202
THAP7 (80764)	THAP7	4.15137177625395
KNTC1 (9735)	KNTC1	5.01122725542325
CCR10 (2826)	CCR10	0.0976107966264223
NCMAP (400746)	NCMAP	1.1243281350022
BPIFC (254240)	BPIFC	0.0143552929770701
WDR27 (253769)	WDR27	4.43028527297778
TXNRD2 (10587)	TXNRD2	5.51759065774328
C1QTNF8 (390664)	C1QTNF8	0.0840642647884745
OR56A3 (390083)	OR56A3	0
FOXO4 (4303)	FOXO4	3.24488705912353
POU3F2 (5454)	POU3F2	0.0285691521967709
PTP4A3 (11156)	PTP4A3	2.07382023329167
FOXD4L1 (200350)	FOXD4L1	0.0976107966264223
TMEM255B (348013)	TMEM255B	0.150559676575381
PROS1 (5627)	PROS1	3.5668151540109
GAST (2520)	GAST	0.16349873228288
NUTM1 (256646)	NUTM1	0.070389327891398
HDDC3 (374659)	HDDC3	4.31976242766925
BEX5 (340542)	BEX5	0
ZFP1 (162239)	ZFP1	2.44890095114513
CEND1 (51286)	CEND1	0.0565835283663675
C6orf58 (352999)	C6orf58	0.0426443374084937
DHRS7C (201140)	DHRS7C	0
DUSP8 (1850)	DUSP8	2.7311832415722
SOCS3 (9021)	SOCS3	0.16349873228288
SPEM2 (201243)	SPEM2	0
SLITRK6 (84189)	SLITRK6	4.62410089462811
PIWIL3 (440822)	PIWIL3	0
LPAR5 (57121)	LPAR5	0.238786859587116
XPOT (11260)	XPOT	5.52950864107431
TMEM173 (340061)	TMEM173	3.58255600301406
PDE4B (5142)	PDE4B	0.0426443374084937
FAM19A3 (284467)	FAM19A3	0
C14orf180 (400258)	C14orf180	0.124328135002202
SNN (8303)	SNN	3.43162295971329
KCNH7 (90134)	KCNH7	0.0143552929770701
NELL2 (4753)	NELL2	0.22650852980868
KRBA2 (124751)	KRBA2	0.713695814843359
MED12 (9968)	MED12	4.19534759832222
ZNF93 (81931)	ZNF93	0.7311832415722
SEPT9 (10801)	SEPT9	7.10894256866079
PRSS55 (203074)	PRSS55	0
ODF4 (146852)	ODF4	0
FOXD4L4 (349334)	FOXD4L4	0
CDCA2 (157313)	CDCA2	2.34198574722862
RALYL (138046)	RALYL	0
AMER1 (139285)	AMER1	1.64616265715789
ZBTB40 (9923)	ZBTB40	2.75274859140713
HIST2H2BE (8349)	HIST2H2BE	2.26002565596146
CLDN6 (9074)	CLDN6	0.070389327891398
OR51M1 (390059)	OR51M1	0
SEPT5 (5413)	SEPT5	0.0565835283663675
EIF4ENIF1 (56478)	EIF4ENIF1	3.4032677223393
LRRC26 (389816)	LRRC26	0.956056652412403
SERINC4 (619189)	SERINC4	0.903038270112912
RNLS (55328)	RNLS	3.34908214639109
KRTAP6-1 (337966)	KRTAP6-1	0
APOBR (55911)	APOBR	0.495695162624069
FAM110C (642273)	FAM110C	3.68481873755322
DDX53 (168400)	DDX53	0
ATL3 (25923)	ATL3	3.89820835250872
NDUFA12 (55967)	NDUFA12	6.85112436288675
SMIM10 (644538)	SMIM10	0.0565835283663675
TCTE3 (6991)	TCTE3	1.71808758396052
UBE2G2 (7327)	UBE2G2	5.5298209465287
SATL1 (340562)	SATL1	0.0143552929770701
OSBP2 (23762)	OSBP2	1.22650852980868
TRARG1 (286753)	TRARG1	0
PRR23B (389151)	PRR23B	0
ZBTB7C (201501)	ZBTB7C	2.53106949272595
APOO (79135)	APOO	3.10097764772482
PRR16 (51334)	PRR16	0
TMED9 (54732)	TMED9	7.31487775736821
DRD1 (1812)	DRD1	0.0285691521967709
TMEM186 (25880)	TMEM186	4.05398016818765
SDR42E1 (93517)	SDR42E1	2.88166461932035
RBM33 (155435)	RBM33	5.10349763970334
ARMCX2 (9823)	ARMCX2	0.0976107966264223
BTBD6 (90135)	BTBD6	4.11270013274936
SRY (6736)	SRY	0
H1FX (8971)	H1FX	5.40394936423287
RBM43 (375287)	RBM43	0.687060688339892
SUMO3 (6612)	SUMO3	6.22071689199892
IMMP2L (83943)	IMMP2L	3.38818953715608
TCEAL2 (140597)	TCEAL2	0
CLCNKB (1188)	CLCNKB	0.0143552929770701
DMRTC1B (728656)	DMRTC1B	0
JAG2 (3714)	JAG2	3.70043971814109
FMNL1 (752)	FMNL1	1.11769504266975
NUTM2A (728118)	NUTM2A	0.22650852980868
PTRHD1 (391356)	PTRHD1	4.62058641045188
LCN12 (286256)	LCN12	0.53605290024021
OR6A2 (8590)	OR6A2	0.070389327891398
WT1 (7490)	WT1	0.0143552929770701
ZFP90 (146198)	ZFP90	2.65306001710456
AQP12A (375318)	AQP12A	0
FAM227A (646851)	FAM227A	0.823749360308273
OR6C70 (390327)	OR6C70	0
MUC6 (4588)	MUC6	0.0565835283663675
NOC4L (79050)	NOC4L	4.46466826700344
USP18 (11274)	USP18	1.68706068833989
NDUFA6 (4700)	NDUFA6	5.65706830120158
CHRM5 (1133)	CHRM5	0.0285691521967709
SORCS2 (57537)	SORCS2	0
TMEM121 (80757)	TMEM121	0.0565835283663675
TMEM106A (113277)	TMEM106A	1.58014548442338
SIVA1 (10572)	SIVA1	6.75462031167453
BRI3BP (140707)	BRI3BP	4.8860623383456
IFNE (338376)	IFNE	1.73984810269933
SLC22A10 (387775)	SLC22A10	0
DGAT1 (8694)	DGAT1	4.90255600534463
RFX6 (222546)	RFX6	0.333423733725192
ROBO2 (6092)	ROBO2	0.333423733725192
AP3M1 (26985)	AP3M1	4.63865311646611
F8 (2157)	F8	0.641546029087524
NT5C1B (93034)	NT5C1B	0.0143552929770701
CA13 (377677)	CA13	1.89141918684608
UBOX5 (22888)	UBOX5	2.32768736417605
MAFF (23764)	MAFF	3.4541758931858
BRF1 (2972)	BRF1	3.83086375675176
LRRC14B (389257)	LRRC14B	0.0285691521967709
SEMA4B (10509)	SEMA4B	6.08321336824898
MROH2A (339766)	MROH2A	0.250961573533219
SPDYE16 (102723555)	SPDYE16	0.321928094887362
CIB1 (10519)	CIB1	6.62351574149055
ANKS1B (56899)	ANKS1B	0
NELFA (7469)	NELFA	5.03342300153745
SLC24A3 (57419)	SLC24A3	0.111031312388744
SGCZ (137868)	SGCZ	0
EFCAB10 (100130771)	EFCAB10	0.22650852980868
C5orf47 (133491)	C5orf47	0
KRT76 (51350)	KRT76	0
FLRT2 (23768)	FLRT2	0.0285691521967709
INTS5 (80789)	INTS5	4.12680770314203
RPS27L (51065)	RPS27L	6.39728957770161
MANEAL (149175)	MANEAL	3.79389588254888
ADSSL1 (122622)	ADSSL1	1.64154602908752
ANO9 (338440)	ANO9	5.21994291395413
FAF1 (11124)	FAF1	5.05354581772798
MYADML2 (255275)	MYADML2	0.0565835283663675
FAM43A (131583)	FAM43A	0.137503523749935
NSMCE3 (56160)	NSMCE3	1.85598969730848
HSF1 (3297)	HSF1	5.85374619700876
C6orf120 (387263)	C6orf120	3.68032435684402
PURA (5813)	PURA	2.69376571221778
HIST1H2BL (8340)	HIST1H2BL	1.62293035092018
INPP5J (27124)	INPP5J	0.659924558402378
NPY2R (4887)	NPY2R	0
MIXL1 (83881)	MIXL1	0.070389327891398
MFSD6L (162387)	MFSD6L	0
LRRC37B (114659)	LRRC37B	3.27500704749987
DDX51 (317781)	DDX51	4.42559357765306
NOMO2 (283820)	NOMO2	6.11540785541406
AQP12B (653437)	AQP12B	0
ZNF479 (90827)	ZNF479	0.111031312388744
SIGIRR (59307)	SIGIRR	6.46107011403305
NRBP2 (340371)	NRBP2	3.03386345186628
PRSS57 (400668)	PRSS57	0.176322772640463
IFITM2 (10581)	IFITM2	5.9609286673117
TNFAIP2 (7127)	TNFAIP2	5.87159726561385
ZNF445 (353274)	ZNF445	1.91073266190291
PGBD2 (267002)	PGBD2	2.81762325751143
TCEAL9 (51186)	TCEAL9	5.71863561627134
MC2R (4158)	MC2R	0
RAB11B (9230)	RAB11B	5.58345891013077
PRMT3 (10196)	PRMT3	4.40190347160796
GP1BA (2811)	GP1BA	0.659924558402378
PRPF39 (55015)	PRPF39	3.85399564717639
MAGEA11 (4110)	MAGEA11	0.0285691521967709
PPIL6 (285755)	PPIL6	1.04264433740849
ZNF74 (7625)	ZNF74	3.40871186102943
KIAA0825 (285600)	KIAA0825	0.333423733725192
UBALD2 (283991)	UBALD2	5.0457050645108
TEX33 (339669)	TEX33	0
CDNF (441549)	CDNF	0.863938450423971
NOTUM (147111)	NOTUM	1.0496307677246
KLHL33 (123103)	KLHL33	0.111031312388744
RBM11 (54033)	RBM11	0
GALNT17 (64409)	GALNT17	0.0143552929770701
ZBTB37 (84614)	ZBTB37	1.23878685958712
NUPR2 (389493)	NUPR2	0
IL3RA (3563)	IL3RA	0.0565835283663675
SPPL2C (162540)	SPPL2C	0
CCDC137 (339230)	CCDC137	5.19927972133662
SFTPA2 (729238)	SFTPA2	0.650764559116902
RGPD2 (729857)	RGPD2	0
ARL15 (54622)	ARL15	2.9429835981871
C12orf56 (115749)	C12orf56	0
SCN10A (6336)	SCN10A	0
CDK10 (8558)	CDK10	6.23534412817267
TMEM105 (284186)	TMEM105	2.43562859405209
SOCS1 (8651)	SOCS1	0.286881147788162
TCN2 (6948)	TCN2	3.58014548442338
GAS2L1 (10634)	GAS2L1	3.59693514238723
ATP6V0A2 (23545)	ATP6V0A2	3.44360665147561
PRKN (5071)	PRKN	0.31034012061215
TEDC1 (283643)	TEDC1	4.3743439890385
HS6ST3 (266722)	HS6ST3	0
HGS (9146)	HGS	5.98208090976374
TNFAIP8L1 (126282)	TNFAIP8L1	2.62293035092018
OR2V1 (26693)	OR2V1	0
RAD51D (5892)	RAD51D	4.20476675065461
OR7A17 (26333)	OR7A17	0
MAPK11 (5600)	MAPK11	0.53605290024021
SP140L (93349)	SP140L	3.06522762277562
MRPL30 (51263)	MRPL30	5.14282184411593
TARSL2 (123283)	TARSL2	2.4032677223393
SMYD3 (64754)	SMYD3	3.66902676550963
METTL7A (25840)	METTL7A	1.33913738491959
IFNLR1 (163702)	IFNLR1	1.46466826700344
SH3BGR (6450)	SH3BGR	1.37851162325373
FAM174B (400451)	FAM174B	4.69432306012539
FAM47A (158724)	FAM47A	0
ZSWIM9 (374920)	ZSWIM9	2.81966818349646
KPNA7 (402569)	KPNA7	0.7311832415722
TMEM179B (374395)	TMEM179B	5.63720448190229
GPRIN3 (285513)	GPRIN3	1.20789285164133
KRT6B (3854)	KRT6B	0.0565835283663675
PARPBP (55010)	PARPBP	4.53356334821451
STAC3 (246329)	STAC3	0.773996325111173
ROR1 (4919)	ROR1	3.114367024952
MUC1 (4582)	MUC1	1.58014548442338
FAAP100 (80233)	FAAP100	4.24716800037477
IRF7 (3665)	IRF7	4.36176835941915
L3MBTL1 (26013)	L3MBTL1	2.35049724708413
BRCC3 (79184)	BRCC3	5.23074100262691
SV2B (9899)	SV2B	0.0143552929770701
FAM131C (348487)	FAM131C	0.400537929583729
LMNTD2 (256329)	LMNTD2	1.799087306074
SPATA45 (149643)	SPATA45	0
PDE6G (5148)	PDE6G	0.0565835283663675
PRKG1 (5592)	PRKG1	0.0426443374084937
NR2F2 (7026)	NR2F2	5.0518071070133
DLK1 (8788)	DLK1	0.0285691521967709
TLCD2 (727910)	TLCD2	0.918386234446348
LSAMP (4045)	LSAMP	0.0143552929770701
AHNAK2 (113146)	AHNAK2	0.485426827170242
OLFML2A (169611)	OLFML2A	0.0426443374084937
SP1 (6667)	SP1	4.75702324650746
SPATA8 (145946)	SPATA8	0.0426443374084937
MRPL40 (64976)	MRPL40	5.45746296464855
DBX2 (440097)	DBX2	0
INKA1 (389119)	INKA1	0
PDIA2 (64714)	PDIA2	1.25096157353322
PCGF3 (10336)	PCGF3	4.79389588254888
LMLN (89782)	LMLN	1.07724299893246
P4HB (5034)	P4HB	8.80712948334461
PSMD13 (5719)	PSMD13	7.63234093015092
PBX1 (5087)	PBX1	2.34198574722862
NDUFA4L2 (56901)	NDUFA4L2	3.62175885670973
SHC4 (399694)	SHC4	0.0840642647884745
KRT79 (338785)	KRT79	0
ZFP36L1 (677)	ZFP36L1	5.6959938131099
UBE2L3 (7332)	UBE2L3	5.63517394667492
NTF3 (4908)	NTF3	0
BRWD1 (54014)	BRWD1	2.90496571868403
SMIM23 (644994)	SMIM23	0
PMEL (6490)	PMEL	1.58496250072116
SYN3 (8224)	SYN3	0
POU3F1 (5453)	POU3F1	0.432959407276106
SNAI3 (333929)	SNAI3	0.575312330687437
ZBTB3 (79842)	ZBTB3	2.68032435684402
LYG2 (254773)	LYG2	0.0565835283663675
MORN5 (254956)	MORN5	0
PRAME (23532)	PRAME	0.189033824390017
C6orf201 (404220)	C6orf201	0
MYBL1 (4603)	MYBL1	0.84799690655495
MOSMO (730094)	MOSMO	3.63575439127776
DRG1 (4733)	DRG1	5.47118746038699
ANKFY1 (51479)	ANKFY1	3.62760683812965
YTHDF3 (253943)	YTHDF3	4.33842441478356
ZNF696 (79943)	ZNF696	2.71369581484336
ADARB2 (105)	ADARB2	0
NRG3 (10718)	NRG3	0
SRL (6345)	SRL	0.0426443374084937
C11orf87 (399947)	C11orf87	0
IFIT1 (3434)	IFIT1	0.659924558402378
CXorf38 (159013)	CXorf38	3.17312743348066
CLDN24 (100132463)	CLDN24	0.0840642647884745
KCNQ5 (56479)	KCNQ5	0
ADAMTSL5 (339366)	ADAMTSL5	1.74846123300404
KCNIP4 (80333)	KCNIP4	0.6959938131099
SPATA31A6 (389730)	SPATA31A6	0
MORF4L1 (10933)	MORF4L1	9.21244774737313
NLRP9 (338321)	NLRP9	0
WDR53 (348793)	WDR53	3.27798474729977
DMWD (1762)	DMWD	4.61235249875266
SLC52A2 (79581)	SLC52A2	6.06199215373422
PIGP (51227)	PIGP	4.16832111573972
IKZF1 (10320)	IKZF1	0.0143552929770701
PCYT2 (5833)	PCYT2	5.42021289061078
NAT8L (339983)	NAT8L	0.150559676575381
OR6C76 (390326)	OR6C76	0
NPAP1 (23742)	NPAP1	0
BCAP31 (10134)	BCAP31	9.09357602104488
ARL17A (51326)	ARL17A	4.16349873228288
GNB1L (54584)	GNB1L	4.59931779369823
DNAH14 (127602)	DNAH14	1.86789646399265
CCDC190 (339512)	CCDC190	0
EVI2B (2124)	EVI2B	0.389566811762726
TMEM210 (100505993)	TMEM210	0.0565835283663675
NPIPB4 (440345)	NPIPB4	5.69849632031307
ZNF829 (374899)	ZNF829	0.0143552929770701
TMPRSS11B (132724)	TMPRSS11B	0
THNSL1 (79896)	THNSL1	1.98913900736823
TRIM69 (140691)	TRIM69	3.08576455377831
ATP6V0C (527)	ATP6V0C	7.2635039567056
IFITM1 (8519)	IFITM1	0.526068811667588
PRSS38 (339501)	PRSS38	0
BPY2C (442868)	BPY2C	0
LAMP1 (3916)	LAMP1	7.30231905094883
FFAR3 (2865)	FFAR3	0
TAS2R60 (338398)	TAS2R60	0
POMK (84197)	POMK	1.40053792958373
C16orf54 (283897)	C16orf54	0
KLHDC8B (200942)	KLHDC8B	0.37851162325373
KLHL34 (257240)	KLHL34	0
SETD4 (54093)	SETD4	3.31759350462347
PTCH1 (5727)	PTCH1	3.18745105402733
RTN4RL1 (146760)	RTN4RL1	0.0143552929770701
OR4C46 (119749)	OR4C46	0
CALHM1 (255022)	CALHM1	0.0143552929770701
KRTAP5-5 (439915)	KRTAP5-5	0
NKAIN3 (286183)	NKAIN3	0
RNPC3 (55599)	RNPC3	3.82476785314329
ZNF267 (10308)	ZNF267	2.26303440583379
IRS2 (8660)	IRS2	1.92219784839637
C7orf61 (402573)	C7orf61	0.516015147003665
FAM186A (121006)	FAM186A	0.124328135002202
SHOX (6473)	SHOX	0
LCE3A (353142)	LCE3A	0
BICD2 (23299)	BICD2	3.31903981556254
LCE3E (353145)	LCE3E	0
CCIN (881)	CCIN	0
TMLHE (55217)	TMLHE	4.04439411935845
GRK1 (6011)	GRK1	0
DEFB128 (245939)	DEFB128	0
SLITRK2 (84631)	SLITRK2	0
PLK5 (126520)	PLK5	0.0426443374084937
RASA3 (22821)	RASA3	4.43229133824778
LRCH3 (84859)	LRCH3	4.04701481951759
LEMD1 (93273)	LEMD1	1.09085343045111
ATP4B (496)	ATP4B	0.0285691521967709
NDUFA13 (51079)	NDUFA13	7.0211465543115
ZNF566 (84924)	ZNF566	0.918386234446348
ZNF529 (57711)	ZNF529	0.790772037862
ZNF284 (342909)	ZNF284	1.18269229751619
HTR3E (285242)	HTR3E	0
DLEU7 (220107)	DLEU7	0.704871964456353
KRT73 (319101)	KRT73	0
TAL2 (6887)	TAL2	0.0840642647884745
AIDA (64853)	AIDA	4.71644223684332
C15orf41 (84529)	C15orf41	3.46858331700683
CD300LF (146722)	CD300LF	0
ZPBP2 (124626)	ZPBP2	0
KRT5 (3852)	KRT5	0.31034012061215
NBPF6 (653149)	NBPF6	0
GSAP (54103)	GSAP	1.93357263826102
HTR3D (200909)	HTR3D	0
OR4F5 (79501)	OR4F5	0
AGBL4 (84871)	AGBL4	0
ARGFX (503582)	ARGFX	0
CYP2R1 (120227)	CYP2R1	3.71369581484336
LRRC70 (100130733)	LRRC70	0.0976107966264223
ANKRD46 (157567)	ANKRD46	2.88166461932035
PIP5K1C (23396)	PIP5K1C	3.40053792958373
OR5D14 (219436)	OR5D14	0
CYP4F2 (8529)	CYP4F2	0.111031312388744
TEX38 (374973)	TEX38	0
OR5D18 (219438)	OR5D18	0
ZBTB6 (10773)	ZBTB6	2.57046293102604
C2orf76 (130355)	C2orf76	3.11103131238874
TAS2R42 (353164)	TAS2R42	0.0565835283663675
POLR3C (10623)	POLR3C	4.44625622988956
PRR30 (339779)	PRR30	0
DEFB131A (644414)	DEFB131A	0
UBL4B (164153)	UBL4B	0
WWOX (51741)	WWOX	3.67694435910691
CYP4Z1 (199974)	CYP4Z1	0
CCDC84 (338657)	CCDC84	3.89530262133331
BCL9L (283149)	BCL9L	5.33199177823206
POLR1D (51082)	POLR1D	8.58691482866512
KIF18B (146909)	KIF18B	4.10265813136374
ZNRF1 (84937)	ZNRF1	2.73768676140986
FFAR4 (338557)	FFAR4	4.5090623863619
BPIFB3 (359710)	BPIFB3	0
BPIFB4 (149954)	BPIFB4	0
SAPCD2 (89958)	SAPCD2	5.68985823631925
EDARADD (128178)	EDARADD	0.0840642647884745
SLC51B (123264)	SLC51B	0.782408564927373
CYP4F12 (66002)	CYP4F12	2.13750352374994
MARC1 (64757)	MARC1	3.69710657447697
LCE5A (254910)	LCE5A	0
SOWAHB (345079)	SOWAHB	2.81762325751143
BLOC1S4 (55330)	BLOC1S4	3.37155886261196
LCE1E (353135)	LCE1E	1.31614574229336
ZNF749 (388567)	ZNF749	3.51222688651396
KLHL32 (114792)	KLHL32	0.0976107966264223
MRTFB (57496)	MRTFB	3.1811025507538
BTLA (151888)	BTLA	0.0143552929770701
ZNF17 (7565)	ZNF17	2.56315813040281
KDM4D (55693)	KDM4D	0.263034405833794
GPAT2 (150763)	GPAT2	0.150559676575381
TOR3A (64222)	TOR3A	4.30961277245412
PABPC1L2A (340529)	PABPC1L2A	0
GABRA5 (2558)	GABRA5	0
PPP1CC (5501)	PPP1CC	6.91085256176094
ZNF555 (148254)	ZNF555	1.18269229751619
OR10T2 (128360)	OR10T2	0
NAP1L3 (4675)	NAP1L3	0.0143552929770701
PRELID2 (153768)	PRELID2	4
BACE1 (23621)	BACE1	2.04614178164472
RGS9BP (388531)	RGS9BP	0.189033824390017
TMEM212 (389177)	TMEM212	0
SLC36A3 (285641)	SLC36A3	0
SLC36A2 (153201)	SLC36A2	0
THBS2 (7058)	THBS2	0.16349873228288
RXRA (6256)	RXRA	5.01792190799726
ANKRD37 (353322)	ANKRD37	2.06004738366994
NUDT17 (200035)	NUDT17	0.400537929583729
KIAA1024L (100127206)	KIAA1024L	0
ZNF75D (7626)	ZNF75D	2.49569516262407
CYP4X1 (260293)	CYP4X1	0
KRT26 (353288)	KRT26	0
KRT10 (3858)	KRT10	5.26716121802226
GOLGA8R (101059918)	GOLGA8R	0.124328135002202
CD300E (342510)	CD300E	0
CCDC30 (728621)	CCDC30	0.903038270112912
NKRF (55922)	NKRF	3.78450398292957
GLDN (342035)	GLDN	0.948600847493356
FCAR (2204)	FCAR	0
KPNA4 (3840)	KPNA4	3.78240856492737
TRDN (10345)	TRDN	0
OR6P1 (128366)	OR6P1	0
KRT3 (3850)	KRT3	0
ZNF501 (115560)	ZNF501	0.75702324650746
ZNF197 (10168)	ZNF197	2.31903981556254
SPATA12 (353324)	SPATA12	0.443606651475615
TMPRSS12 (283471)	TMPRSS12	0.0143552929770701
FAM228A (653140)	FAM228A	0
DEFB132 (400830)	DEFB132	0
NAP1L2 (4674)	NAP1L2	0
RPS23 (6228)	RPS23	12.5325020382516
GNG2 (54331)	GNG2	0.124328135002202
BTN3A2 (11118)	BTN3A2	2.91647664443772
AKAP14 (158798)	AKAP14	0
PCLO (27445)	PCLO	0.831877241191673
KLK12 (43849)	KLK12	2.26303440583379
RGS7BP (401190)	RGS7BP	0
INSIG1 (3638)	INSIG1	5.81018600769536
MYT1L (23040)	MYT1L	0
C5orf38 (153571)	C5orf38	3.72137265947682
ZNF396 (252884)	ZNF396	0.389566811762726
TMEM222 (84065)	TMEM222	5.20124177119825
OR9Q1 (219956)	OR9Q1	0
CLCNKA (1187)	CLCNKA	0
OR9Q2 (219957)	OR9Q2	0
ARHGAP30 (257106)	ARHGAP30	0.545968369105293
SEPT10 (151011)	SEPT10	5.50652577904312
FAM86B1 (85002)	FAM86B1	2.22958792274065
CYP4F8 (11283)	CYP4F8	0
CYP4F3 (4051)	CYP4F3	0.356143810225275
SMYD4 (114826)	SMYD4	2.54596836910529
DEFB105A (245908)	DEFB105A	0
FOXD2 (2306)	FOXD2	1.06350294230616
GPATCH8 (23131)	GPATCH8	4.01970191444255
CEACAM19 (56971)	CEACAM19	1.28095631383106
DEFB107A (245910)	DEFB107A	0
NF2 (4771)	NF2	3.98185265328974
SMIM29 (221491)	SMIM29	3.20476675065461
DEFB106A (245909)	DEFB106A	0
SPATC1 (375686)	SPATC1	0
UBE2H (7328)	UBE2H	5.14445431392619
DEFB105B (504180)	DEFB105B	0
HPDL (84842)	HPDL	4.61588707391606
KATNA1 (11104)	KATNA1	3.5197934862411
FSD2 (123722)	FSD2	0.0143552929770701
ARAP1 (116985)	ARAP1	5.78972925137577
KIF24 (347240)	KIF24	1.99276843076892
PDE2A (5138)	PDE2A	0.070389327891398
CARMIL3 (90668)	CARMIL3	0.604071323668861
PRG2 (5553)	PRG2	0.070389327891398
PRR5 (55615)	PRR5	2.72246602447109
ZFP91 (80829)	ZFP91	5.38612115681485
C17orf58 (284018)	C17orf58	3.97819562968165
BCDIN3D (144233)	BCDIN3D	2.07382023329167
MAGEE2 (139599)	MAGEE2	0
CYP27C1 (339761)	CYP27C1	0
LYRM7 (90624)	LYRM7	3.31469652565629
CFAP73 (387885)	CFAP73	0.286881147788162
CCDC73 (493860)	CCDC73	0.0426443374084937
BCR (613)	BCR	4.21179097625254
OR10H1 (26539)	OR10H1	0.0143552929770701
MPPED1 (758)	MPPED1	0
FSCN2 (25794)	FSCN2	0.6959938131099
FOXI2 (399823)	FOXI2	0
SPIN4 (139886)	SPIN4	2.85399564717639
ZNF732 (654254)	ZNF732	0
SPIN2B (474343)	SPIN2B	3.1586601753465
SPATA31D3 (389762)	SPATA31D3	0
FOXE3 (2301)	FOXE3	0.0426443374084937
HYAL3 (8372)	HYAL3	1.87970576628229
KCNK18 (338567)	KCNK18	0
IFNA10 (3446)	IFNA10	0
VSIG10L (147645)	VSIG10L	3.67581593117227
CXCR3 (2833)	CXCR3	0.594548549550354
ZNF397 (84307)	ZNF397	2.54596836910529
ZSCAN30 (100101467)	ZSCAN30	2.10097764772482
TPCN1 (53373)	TPCN1	4.53977919169849
LILRB4 (11006)	LILRB4	0
TNFRSF4 (7293)	TNFRSF4	0
KRT16 (3868)	KRT16	0.150559676575381
HEXIM1 (10614)	HEXIM1	3.72246602447109
SELENOV (348303)	SELENOV	0
LCE1A (353131)	LCE1A	0
KRT14 (3861)	KRT14	0.0426443374084937
TRABD2A (129293)	TRABD2A	1.59454854955035
KRTAP17-1 (83902)	KRTAP17-1	0
PDZD7 (79955)	PDZD7	2.3533232911629
POFUT2 (23275)	POFUT2	3.83289001416474
QRFPR (84109)	QRFPR	0
MAPT (4137)	MAPT	0.411426245726465
ERCC6L (54821)	ERCC6L	2.91647664443772
OR13F1 (138805)	OR13F1	0
TMEM17 (200728)	TMEM17	1.15055967657538
TNFRSF18 (8784)	TNFRSF18	0.367371065648529
FGF3 (2248)	FGF3	0
C1QL4 (338761)	C1QL4	0.0143552929770701
RTN4RL2 (349667)	RTN4RL2	0.545968369105293
ZDHHC17 (23390)	ZDHHC17	3.29719141656586
SERPINA11 (256394)	SERPINA11	0
P2RY4 (5030)	P2RY4	0
ZNF395 (55893)	ZNF395	2.67807190511264
ZACN (353174)	ZACN	3.83693401132109
KRTAP22-1 (337979)	KRTAP22-1	0
KRTAP19-6 (337973)	KRTAP19-6	0
KRTAP6-2 (337967)	KRTAP6-2	0
OR13C8 (138802)	OR13C8	0
PPARA (5465)	PPARA	3.11935617703968
TMEM232 (642987)	TMEM232	1.1243281350022
KRTAP19-2 (337969)	KRTAP19-2	0
KRTAP19-4 (337971)	KRTAP19-4	0
KRTAP15-1 (254950)	KRTAP15-1	0
KRTAP13-4 (284827)	KRTAP13-4	0
FAM183A (440585)	FAM183A	0.604071323668861
EFCAB6 (64800)	EFCAB6	0.0426443374084937
KRTAP19-5 (337972)	KRTAP19-5	0
KRTAP23-1 (337963)	KRTAP23-1	0
KANK3 (256949)	KANK3	0.0976107966264223
EMID1 (129080)	EMID1	0
ACTL7A (10881)	ACTL7A	0
KRTAP21-1 (337977)	KRTAP21-1	0
RHD (6007)	RHD	0.0565835283663675
ESPN (83715)	ESPN	1.97085365434048
PNLIPRP1 (5407)	PNLIPRP1	0
PTRH1 (138428)	PTRH1	3.83693401132109
KRTAP21-2 (337978)	KRTAP21-2	0
SAMD7 (344658)	SAMD7	0
GPR141 (353345)	GPR141	0
TMPRSS6 (164656)	TMPRSS6	0.0143552929770701
CYP4A11 (1579)	CYP4A11	0
TMEM216 (51259)	TMEM216	4.82883464946806
RPS19BP1 (91582)	RPS19BP1	6.59245703726808
TMPRSS11A (339967)	TMPRSS11A	0
TMEM262 (100130348)	TMEM262	0.443606651475615
C3orf70 (285382)	C3orf70	0
TEAD1 (7003)	TEAD1	4.96347412397489
OR2AK2 (391191)	OR2AK2	0
DEFB106B (503841)	DEFB106B	0
PLCD1 (5333)	PLCD1	2.33342373372519
CCK (885)	CCK	0.27500704749987
ENTPD5 (957)	ENTPD5	2.87970576628229
MITF (4286)	MITF	0.0565835283663675
HEATR4 (399671)	HEATR4	0.150559676575381
NAP1L1 (4673)	NAP1L1	8.54859075054853
LILRA5 (353514)	LILRA5	0
CMC1 (152100)	CMC1	4.74038793246835
SLIT1 (6585)	SLIT1	0.0285691521967709
LYPD6 (130574)	LYPD6	0.565597175854225
AKR1C1 (1645)	AKR1C1	3.18586654531133
VSTM2B (342865)	VSTM2B	0
FOXD3 (27022)	FOXD3	0
SPATA21 (374955)	SPATA21	0.150559676575381
RNF220 (55182)	RNF220	6.40837220357268
ANGPTL5 (253935)	ANGPTL5	0.0976107966264223
SHTN1 (57698)	SHTN1	3.69265037003553
H1FNT (341567)	H1FNT	0
LCE4A (199834)	LCE4A	0
LCE2A (353139)	LCE2A	0
KRTAP12-1 (353332)	KRTAP12-1	0
LCE2C (353140)	LCE2C	0
ZNF546 (339327)	ZNF546	0.344828496997441
TSPYL4 (23270)	TSPYL4	3.17791779219584
DAZ3 (57054)	DAZ3	0
MT1X (4501)	MT1X	4.19377174339668
GCNT1 (2650)	GCNT1	1.11769504266975
LCE2D (353141)	LCE2D	0
SESTD1 (91404)	SESTD1	2.30742852519225
LCE3B (353143)	LCE3B	0
FNBP1 (23048)	FNBP1	1.08406426478847
DYNC2H1 (79659)	DYNC2H1	1.48026512205446
KRT12 (3859)	KRT12	0.485426827170242
MAGED4B (81557)	MAGED4B	0.16349873228288
BCAM (4059)	BCAM	6.63284983011771
RSBN1L (222194)	RSBN1L	3.88068552526112
NPSR1 (387129)	NPSR1	1.50589092972996
WDR86 (349136)	WDR86	0.485426827170242
EPOR (2057)	EPOR	1.55581615506164
FAM9C (171484)	FAM9C	0.0976107966264223
KRTAP9-8 (83901)	KRTAP9-8	0
CIDEC (63924)	CIDEC	0.839959587489532
DCC (1630)	DCC	0.0143552929770701
TAF9B (51616)	TAF9B	3.99909803370561
MAGI2 (9863)	MAGI2	0.0285691521967709
LUZP2 (338645)	LUZP2	0.0143552929770701
LHFPL3 (375612)	LHFPL3	0.782408564927373
CHP1 (11261)	CHP1	5.87208998933479
FPR3 (2359)	FPR3	0.111031312388744
HIST1H1T (3010)	HIST1H1T	0
C11orf96 (387763)	C11orf96	0
KCNJ11 (3767)	KCNJ11	0.773996325111173
CDHR4 (389118)	CDHR4	0.37851162325373
COL4A1 (1282)	COL4A1	0.0840642647884745
PLEKHG7 (440107)	PLEKHG7	0.189033824390017
GJA4 (2701)	GJA4	0.0565835283663675
PTMA (5757)	PTMA	11.4111402037578
HYPM (25763)	HYPM	0.137503523749935
HSPA14 (51182)	HSPA14	4.64385618977472
ATP13A5 (344905)	ATP13A5	0
SIRT7 (51547)	SIRT7	5.41278152533848
PRR27 (401137)	PRR27	0
IFT140 (9742)	IFT140	3.20789285164133
POTEG (404785)	POTEG	0.0426443374084937
PRAMEF10 (343071)	PRAMEF10	0
AGMO (392636)	AGMO	0.66902676550963
SBK2 (646643)	SBK2	0.0426443374084937
CYP26C1 (340665)	CYP26C1	0.0143552929770701
TLR5 (7100)	TLR5	0.0565835283663675
USP7 (7874)	USP7	5.31397137105902
NANOS3 (342977)	NANOS3	0
FOXD4L3 (286380)	FOXD4L3	0.0285691521967709
NHLRC1 (378884)	NHLRC1	1.50080205305716
DPPA3 (359787)	DPPA3	0
COX8C (341947)	COX8C	0
PLEKHN1 (84069)	PLEKHN1	1.22650852980868
ZNF385C (201181)	ZNF385C	0.111031312388744
MAGEH1 (28986)	MAGEH1	0
TET3 (200424)	TET3	3.40053792958373
ZNF286A (57335)	ZNF286A	3.22342254993494
ISG15 (9636)	ISG15	6.14404636961671
EXD3 (54932)	EXD3	3.33913738491959
OR5W2 (390148)	OR5W2	0
MYMK (389827)	MYMK	0
C17orf97 (400566)	C17orf97	0.918386234446348
ZKSCAN4 (387032)	ZKSCAN4	1.68257329734758
RGPD1 (400966)	RGPD1	0.0565835283663675
DHRS4L2 (317749)	DHRS4L2	4.39437694495706
SAMD11 (148398)	SAMD11	0.31034012061215
PERM1 (84808)	PERM1	0.722466024471091
VMAC (400673)	VMAC	1.52105073690096
C5orf52 (100190949)	C5orf52	0
HAPLN4 (404037)	HAPLN4	0
ERC2 (26059)	ERC2	0
B3GLCT (145173)	B3GLCT	2.41683974191283
SPRY4 (81848)	SPRY4	4.32409051603798
ERAS (3266)	ERAS	0
TRPV2 (51393)	TRPV2	0.505890929729957
AMTN (401138)	AMTN	0
CXorf67 (340602)	CXorf67	0
C2orf88 (84281)	C2orf88	0.613531652917927
OR2T27 (403239)	OR2T27	0
TMEM203 (94107)	TMEM203	4.69209237542757
SLC18A3 (6572)	SLC18A3	0
KBTBD12 (166348)	KBTBD12	0.0143552929770701
THSD4 (79875)	THSD4	2.33913738491959
DNAJB13 (374407)	DNAJB13	0.298658315564515
GABRD (2563)	GABRD	0.0285691521967709
AMY1C (278)	AMY1C	0
TCEA1 (6917)	TCEA1	6.49024921062709
NHEJ1 (79840)	NHEJ1	3.96069703930431
FANCA (2175)	FANCA	5.04875931191986
SECISBP2 (79048)	SECISBP2	4.99819550315325
OR52B6 (340980)	OR52B6	0
C9orf153 (389766)	C9orf153	0.0565835283663675
SSX7 (280658)	SSX7	0
ADH1A (124)	ADH1A	0
SEMA4D (10507)	SEMA4D	3.69710657447697
KRTAP10-8 (386681)	KRTAP10-8	0
LIN28B (389421)	LIN28B	0
FAM69C (125704)	FAM69C	0
DNAH17 (8632)	DNAH17	0.286881147788162
MCRS1 (10445)	MCRS1	6.11707162384512
TMEM72 (643236)	TMEM72	0
FANCM (57697)	FANCM	2.06695024392463
FAM205C (100129969)	FAM205C	0
ZNF70 (7621)	ZNF70	0.659924558402378
CARD9 (64170)	CARD9	4.790772037862
PEAR1 (375033)	PEAR1	1.09761079662642
ZFP69B (65243)	ZFP69B	1.23266075679027
TMEM202 (338949)	TMEM202	0
SOWAHD (347454)	SOWAHD	0.263034405833794
ZFP69 (339559)	ZFP69	0.790772037862
HELT (391723)	HELT	0
RTL4 (340595)	RTL4	0.0143552929770701
TMEM220 (388335)	TMEM220	0.0143552929770701
C2orf78 (388960)	C2orf78	0.0285691521967709
HIST1H1C (3006)	HIST1H1C	3.21723071622067
PLSCR3 (57048)	PLSCR3	4.2667865406949
EIF4EBP1 (1978)	EIF4EBP1	4.61294219630467
P2RX2 (22953)	P2RX2	0.0426443374084937
ASCL4 (121549)	ASCL4	0
OR6C75 (390323)	OR6C75	0
CCDC157 (550631)	CCDC157	1.52606881166759
TTC24 (164118)	TTC24	0.0143552929770701
FAM122A (116224)	FAM122A	2.23572705983806
PALM3 (342979)	PALM3	0.53605290024021
GFRAL (389400)	GFRAL	0
FYB2 (199920)	FYB2	0
SHISA7 (729956)	SHISA7	0.0285691521967709
LRRC74B (400891)	LRRC74B	0.0426443374084937
DMBT1 (1755)	DMBT1	0.0143552929770701
CLEC17A (388512)	CLEC17A	0.0143552929770701
OR51I2 (390064)	OR51I2	0.0426443374084937
LCN10 (414332)	LCN10	0.495695162624069
LDLRAD2 (401944)	LDLRAD2	1.73984810269933
C2orf66 (401027)	C2orf66	0.0565835283663675
OVCH1 (341350)	OVCH1	0
CYHR1 (50626)	CYHR1	5.15055967657538
COL14A1 (7373)	COL14A1	0.0143552929770701
DNER (92737)	DNER	0.0285691521967709
CPSF4L (642843)	CPSF4L	0.263034405833794
KLHL17 (339451)	KLHL17	4.17552460108987
ZCCHC13 (389874)	ZCCHC13	0
PLA2G2C (391013)	PLA2G2C	0
ZSCAN23 (222696)	ZSCAN23	1.0703893278914
RINL (126432)	RINL	2.41953889151378
C17orf99 (100141515)	C17orf99	0.356143810225275
OR7D2 (162998)	OR7D2	0
TPRG1 (285386)	TPRG1	0.594548549550354
MORN2 (729967)	MORN2	4.30305008468167
RTP5 (285093)	RTP5	0
S100A3 (6274)	S100A3	1.17632277264046
UBQLN2 (29978)	UBQLN2	3.56437816856506
RILPL1 (353116)	RILPL1	0.739848102699327
C19orf67 (646457)	C19orf67	0
ZNF490 (57474)	ZNF490	0.963474123974886
CLCN1 (1180)	CLCN1	0.411426245726465
NRN1L (123904)	NRN1L	0.0976107966264223
NWD1 (284434)	NWD1	0.27500704749987
ARL4C (10123)	ARL4C	0.356143810225275
RNF133 (168433)	RNF133	0
TMEM221 (100130519)	TMEM221	0
TREML4 (285852)	TREML4	0
RAB42 (115273)	RAB42	0.333423733725192
WNT7B (7477)	WNT7B	2.96901230751632
C11orf95 (65998)	C11orf95	3.31903981556254
SCGB1C1 (147199)	SCGB1C1	0
PRSS45 (377047)	PRSS45	0
PLA2G4E (123745)	PLA2G4E	0.070389327891398
GPR89B (51463)	GPR89B	3.24640808724638
MESP2 (145873)	MESP2	0
FAM25A (643161)	FAM25A	0.565597175854225
EYS (346007)	EYS	0.422233000683048
C6orf132 (647024)	C6orf132	4.32984117653063
DAZ1 (1617)	DAZ1	0
OR2AG2 (338755)	OR2AG2	0.0976107966264223
MAPK12 (6300)	MAPK12	2.44095219802964
TMEM215 (401498)	TMEM215	0
NUTM2G (441457)	NUTM2G	0.739848102699327
COL4A5 (1287)	COL4A5	0.111031312388744
KRTAP10-6 (386674)	KRTAP10-6	0
AGRN (375790)	AGRN	7.79220463969037
NHS (4810)	NHS	2.68929916053589
OTOG (340990)	OTOG	0.0143552929770701
FAM166A (401565)	FAM166A	0.214124805352847
TMPPE (643853)	TMPPE	0.887525270741587
ZNF626 (199777)	ZNF626	0
HEPACAM2 (253012)	HEPACAM2	1.77820857639809
SMTNL2 (342527)	SMTNL2	0.0426443374084937
ZC3H6 (376940)	ZC3H6	0.863938450423971
LAMTOR4 (389541)	LAMTOR4	7.98521577962407
PRKAR1B (5575)	PRKAR1B	4.61647532878288
NUTM2B (729262)	NUTM2B	0.773996325111173
NCR3LG1 (374383)	NCR3LG1	2.68032435684402
DCUN1D3 (123879)	DCUN1D3	2.09761079662642
POTEE (445582)	POTEE	0.0976107966264223
ZNF793 (390927)	ZNF793	0.400537929583729
TUBB4B (10383)	TUBB4B	8.87178205673007
AGAP4 (119016)	AGAP4	3.99548451887751
COMMD6 (170622)	COMMD6	7.10706011020335
PLA2G2A (5320)	PLA2G2A	1.20163386116965
IL17REL (400935)	IL17REL	0.124328135002202
HYKK (123688)	HYKK	2.84197311892718
OR7A5 (26659)	OR7A5	0
C15orf62 (643338)	C15orf62	2.35049724708413
RUFY4 (285180)	RUFY4	0
ZNF383 (163087)	ZNF383	1.54596836910529
HES4 (57801)	HES4	1.75274859140713
IGFL1 (374918)	IGFL1	0.070389327891398
ZNF669 (79862)	ZNF669	2.4594316186373
PEAK3 (374872)	PEAK3	0.22650852980868
LRRIQ4 (344657)	LRRIQ4	0.0426443374084937
CENPP (401541)	CENPP	2.33913738491959
PLSCR1 (5359)	PLSCR1	5.93922657772821
C3orf62 (375341)	C3orf62	1.63226821549951
ENO4 (387712)	ENO4	0.333423733725192
ZNF559 (84527)	ZNF559	1.93357263826102
SBK1 (388228)	SBK1	0.687060688339892
OR6C6 (283365)	OR6C6	0
BSPH1 (100131137)	BSPH1	0
SLC38A3 (10991)	SLC38A3	0
OR6N2 (81442)	OR6N2	0
GTF2F2 (2963)	GTF2F2	4.7338966052475
FAM92A (137392)	FAM92A	1.95977015521147
FOCAD (54914)	FOCAD	3.31179371775365
PRR19 (284338)	PRR19	1.29278174922785
ZP3 (7784)	ZP3	2.76977173924945
C10orf99 (387695)	C10orf99	0
H3F3C (440093)	H3F3C	0.526068811667588
IFNA2 (3440)	IFNA2	0
JAKMIP3 (282973)	JAKMIP3	0.0285691521967709
PPP3R2 (5535)	PPP3R2	0
PDCD1 (5133)	PDCD1	0
CLEC2A (387836)	CLEC2A	0
GPR21 (2844)	GPR21	0
TCTEX1D4 (343521)	TCTEX1D4	0.941106310946431
SELL (6402)	SELL	0.263034405833794
MAGEB5 (347541)	MAGEB5	0
CHM (1121)	CHM	3.3305584000308
NANOS2 (339345)	NANOS2	0
BLOC1S5 (63915)	BLOC1S5	2.85598969730848
CERKL (375298)	CERKL	0.286881147788162
SLC24A5 (283652)	SLC24A5	0.0565835283663675
IER5L (389792)	IER5L	2.29572302453997
H2AFX (3014)	H2AFX	6.28706590735054
INSC (387755)	INSC	0.367371065648529
SERPINA5 (5104)	SERPINA5	2.08746284125034
C19orf54 (284325)	C19orf54	3.25096157353322
LCTL (197021)	LCTL	0.475084882948783
NCCRP1 (342897)	NCCRP1	0.0143552929770701
KRTDAP (388533)	KRTDAP	0
COL25A1 (84570)	COL25A1	0
FAM83G (644815)	FAM83G	3.47118746038699
CFAP77 (389799)	CFAP77	0.111031312388744
SRSF10 (10772)	SRSF10	7.35491051158679
HBA2 (3040)	HBA2	0.565597175854225
DUSP28 (285193)	DUSP28	2.24792751344359
CCDC9B (388115)	CCDC9B	4.28392177230762
NBR1 (4077)	NBR1	5.28318097894557
OR2G6 (391211)	OR2G6	0
RALGAPA2 (57186)	RALGAPA2	3.86393845042397
NDOR1 (27158)	NDOR1	3.50969584193339
FBLL1 (345630)	FBLL1	0.0285691521967709
NKAIN2 (154215)	NKAIN2	0.0426443374084937
KRTAP1-1 (81851)	KRTAP1-1	0
PAQR9 (344838)	PAQR9	0
CLEC20A (400797)	CLEC20A	0
CFAP54 (144535)	CFAP54	0.0143552929770701
CLN3 (1201)	CLN3	3.96532254836725
FAM72B (653820)	FAM72B	1.96347412397489
ASAH2 (56624)	ASAH2	0.594548549550354
SUMO2 (6613)	SUMO2	7.75301612873584
NANOS1 (340719)	NANOS1	0.895302621333307
HMX3 (340784)	HMX3	0
IGFL3 (388555)	IGFL3	0.0840642647884745
GOLGA8M (653720)	GOLGA8M	0
ZNF177 (7730)	ZNF177	0.37851162325373
RTL6 (84247)	RTL6	2.87381319835909
DPYD (1806)	DPYD	0.925999418556223
S100A16 (140576)	S100A16	7.67870576269163
PTAR1 (375743)	PTAR1	3.84297883178833
CC2D2B (387707)	CC2D2B	0.0426443374084937
RNASE9 (390443)	RNASE9	0
SAXO2 (283726)	SAXO2	1.24488705912353
RHCE (6006)	RHCE	0.137503523749935
C2orf80 (389073)	C2orf80	0
IDO2 (169355)	IDO2	0
PARVB (29780)	PARVB	0.263034405833794
SLC4A5 (57835)	SLC4A5	0.263034405833794
UROS (7390)	UROS	4.51159454153741
OR56A5 (390084)	OR56A5	0
KRTAP24-1 (643803)	KRTAP24-1	0
ZDHHC9 (51114)	ZDHHC9	4.97956810009519
ZBED6CL (113763)	ZBED6CL	4.13257684267001
QRFP (347148)	QRFP	0.189033824390017
DUPD1 (338599)	DUPD1	0
SMIM15 (643155)	SMIM15	5.49121175600309
OSTN (344901)	OSTN	0
VWC2 (375567)	VWC2	0
FAM221A (340277)	FAM221A	4.96532254836725
TMEM120B (144404)	TMEM120B	2.94485844580754
FSIP2 (401024)	FSIP2	0.475084882948783
RBM34 (23029)	RBM34	6.08491465976794
NOXA1 (10811)	NOXA1	0.765534746362977
TMEM198 (130612)	TMEM198	1.18903382439002
BCL2L15 (440603)	BCL2L15	2.58255600301406
FZD9 (8326)	FZD9	0.0285691521967709
SPRED3 (399473)	SPRED3	0.855989697308481
OPTC (26254)	OPTC	0
PLET1 (349633)	PLET1	0.0426443374084937
ADRB3 (155)	ADRB3	0
SKOR1 (390598)	SKOR1	0.070389327891398
CATSPER4 (378807)	CATSPER4	0
PRELP (5549)	PRELP	0.0426443374084937
PLA2G2E (30814)	PLA2G2E	0
ZNF548 (147694)	ZNF548	2.9126498648972
MTF1 (4520)	MTF1	2.58976348698498
TMCO2 (127391)	TMCO2	0
SHISA6 (388336)	SHISA6	0
TMEM201 (199953)	TMEM201	3.30742852519225
NHLRC3 (387921)	NHLRC3	4.15218341905505
HMX2 (3167)	HMX2	0
SNTN (132203)	SNTN	0.20163386116965
ZDHHC11 (79844)	ZDHHC11	3.00180224263399
CALHM6 (441168)	CALHM6	0
CNR2 (1269)	CNR2	0.0143552929770701
SLX4 (84464)	SLX4	2.13750352374994
GLRA4 (441509)	GLRA4	0
ENTPD8 (377841)	ENTPD8	0.678071905112638
RPL14 (9045)	RPL14	9.72572411777143
BEND4 (389206)	BEND4	0.0143552929770701
FAM78B (149297)	FAM78B	0.0565835283663675
ZNF563 (147837)	ZNF563	0.37851162325373
TMC3 (342125)	TMC3	0.0143552929770701
FBF1 (85302)	FBF1	1.78659636189081
KLRG2 (346689)	KLRG2	0.0565835283663675
ASTL (431705)	ASTL	0.422233000683048
MSL1 (339287)	MSL1	5.06995989045977
LRRK2 (120892)	LRRK2	0.0143552929770701
BSX (390259)	BSX	0
GJB3 (2707)	GJB3	4.46988597627446
INSYN2 (642938)	INSYN2	0.0285691521967709
TRMT2B (79979)	TRMT2B	4.18030701996943
HACD4 (401494)	HACD4	0.124328135002202
CFAP126 (257177)	CFAP126	0.111031312388744
NYX (60506)	NYX	0
FAM120AOS (158293)	FAM120AOS	4.81249822533356
UTS2B (257313)	UTS2B	0.0840642647884745
C9orf152 (401546)	C9orf152	3.98550043030489
NOC2L (26155)	NOC2L	6.68985823631925
MSANTD1 (345222)	MSANTD1	0.150559676575381
AADACL3 (126767)	AADACL3	0
NELFB (25920)	NELFB	5.91097245165513
SLC15A5 (729025)	SLC15A5	0
LIPI (149998)	LIPI	0
LRRC66 (339977)	LRRC66	1.14404636961671
ZNF292 (23036)	ZNF292	2.52356195605701
HUS1B (135458)	HUS1B	0.0976107966264223
KCTD21 (283219)	KCTD21	2.25096157353322
SBSN (374897)	SBSN	0
ADAT2 (134637)	ADAT2	3.34908214639109
KIR2DL4 (3805)	KIR2DL4	0
MAGEB16 (139604)	MAGEB16	0
VHLL (391104)	VHLL	0.238786859587116
DUSP21 (63904)	DUSP21	0
ZNF567 (163081)	ZNF567	1.26903314645524
NDUFA4 (4697)	NDUFA4	6.49729300866279
ANKDD1B (728780)	ANKDD1B	0.22650852980868
ALKBH2 (121642)	ALKBH2	5.09845324630927
RNFT1 (51136)	RNFT1	4.1168637576909
RNF222 (643904)	RNF222	0
CGB5 (93659)	CGB5	0
RELN (5649)	RELN	0
FAM111B (374393)	FAM111B	4.59454854955035
APOD (347)	APOD	0.839959587489532
H1F0 (3005)	H1F0	7.13278245729886
GAGE2A (729447)	GAGE2A	0.124328135002202
LITAF (9516)	LITAF	5.96509162479079
VSTM1 (284415)	VSTM1	0
TMEM120A (83862)	TMEM120A	4.71204544855369
ARID2 (196528)	ARID2	2.82374936030827
FAM25G (100133093)	FAM25G	0
SF3B3 (23450)	SF3B3	6.77320515698557
PRSS48 (345062)	PRSS48	0
IL1RAPL2 (26280)	IL1RAPL2	0
BLOC1S3 (388552)	BLOC1S3	3.73009646559547
SP6 (80320)	SP6	3.46727948045998
ANKRD34B (340120)	ANKRD34B	0
PLAC9 (219348)	PLAC9	0.659924558402378
FAM47B (170062)	FAM47B	0
NKAPL (222698)	NKAPL	0.0285691521967709
FSCB (84075)	FSCB	0
CLDN4 (1364)	CLDN4	8.19652836093694
ZNF573 (126231)	ZNF573	1.41142624572647
GRAPL (400581)	GRAPL	0.16349873228288
FAM47E (100129583)	FAM47E	1.73552217729654
JPT1 (51155)	JPT1	8.00786824333334
ZNF527 (84503)	ZNF527	1.28095631383106
ZAR1L (646799)	ZAR1L	0.0565835283663675
KRTAP10-12 (386685)	KRTAP10-12	0
S100A13 (6284)	S100A13	6.74469931420784
ZNF33A (7581)	ZNF33A	3.65878273401283
OR14I1 (401994)	OR14I1	0
KRT77 (374454)	KRT77	0
PCDH18 (54510)	PCDH18	0.0143552929770701
ZNF600 (162966)	ZNF600	3.47118746038699
BTBD8 (284697)	BTBD8	1.09085343045111
MAOA (4128)	MAOA	4.56924802986718
C15orf61 (145853)	C15orf61	1.53605290024021
NUGGC (389643)	NUGGC	0.0285691521967709
TSPYL1 (7259)	TSPYL1	4.98595575460751
SPANXN3 (139067)	SPANXN3	0
TRIM64B (642446)	TRIM64B	0
PNRC2 (55629)	PNRC2	7.11696769451173
DRICH1 (51233)	DRICH1	0
GJB5 (2709)	GJB5	0
FHIT (2272)	FHIT	0.367371065648529
ALKAL2 (285016)	ALKAL2	0.176322772640463
ZKSCAN3 (80317)	ZKSCAN3	1.34482849699744
FOXR2 (139628)	FOXR2	0
RRP7A (27341)	RRP7A	4.43962313755712
LIN54 (132660)	LIN54	3.39231742277876
FAM53B (9679)	FAM53B	2.73335434061383
FAM180A (389558)	FAM180A	0
C6orf222 (389384)	C6orf222	0.238786859587116
SPANXN4 (441525)	SPANXN4	0
S100A14 (57402)	S100A14	6.36141746678921
KAZN (23254)	KAZN	1.34482849699744
SLC35E2B (728661)	SLC35E2B	4.75862298244024
TOGARAM2 (165186)	TOGARAM2	0.545968369105293
SPATA31D4 (389761)	SPATA31D4	0
NEMP2 (100131211)	NEMP2	1.52606881166759
ALG1L (200810)	ALG1L	3.55090066464752
KIAA0408 (9729)	KIAA0408	0
GSPT2 (23708)	GSPT2	0.0285691521967709
TBC1D28 (254272)	TBC1D28	0
C8orf76 (84933)	C8orf76	6.21509612097621
CXCL17 (284340)	CXCL17	1.17632277264046
OTUD6A (139562)	OTUD6A	0
HMGB1 (3146)	HMGB1	10.5641494899857
MMP23B (8510)	MMP23B	0.189033824390017
SH2D5 (400745)	SH2D5	0.344828496997441
ZFP92 (139735)	ZFP92	0
NCR1 (9437)	NCR1	0
RASSF10 (644943)	RASSF10	2.87578006306849
GJB4 (127534)	GJB4	0.575312330687437
OR2L13 (284521)	OR2L13	0
BLOC1S2 (282991)	BLOC1S2	5.08023127201926
SYCP2 (10388)	SYCP2	0.454175893185802
ZNF724 (440519)	ZNF724	0.298658315564515
IL1RAP (3556)	IL1RAP	1.55581615506164
PTPRT (11122)	PTPRT	0.0565835283663675
MYBPC1 (4604)	MYBPC1	0.22650852980868
PAX5 (5079)	PAX5	0.0426443374084937
OR5K4 (403278)	OR5K4	0
OR6M1 (390261)	OR6M1	0
SPOCK3 (50859)	SPOCK3	0
ZNF676 (163223)	ZNF676	0
ZNF699 (374879)	ZNF699	0.799087306074004
TDRD7 (23424)	TDRD7	2.82578562746479
CCDC189 (90835)	CCDC189	3.77925972037238
OR8A1 (390275)	OR8A1	0
KIAA0895L (653319)	KIAA0895L	4.35543919724869
HLA-DRB1 (3123)	HLA-DRB1	0.27500704749987
VN1R2 (317701)	VN1R2	0
MYT1 (4661)	MYT1	1.65535182861255
SERPINA3 (12)	SERPINA3	1.04264433740849
AKR1C3 (8644)	AKR1C3	6.04941295311848
SPATS2L (26010)	SPATS2L	6.08915913191124
ZNF250 (58500)	ZNF250	2.24792751344359
WDSUB1 (151525)	WDSUB1	2.70265754339091
ZNF79 (7633)	ZNF79	1.86789646399265
S100A4 (6275)	S100A4	9.21541165780178
PLEKHG4 (25894)	PLEKHG4	4.14974711950468
KRTAP4-3 (85290)	KRTAP4-3	0
FAT4 (79633)	FAT4	0
C8orf86 (389649)	C8orf86	0
KIF19 (124602)	KIF19	0.773996325111173
OR6K2 (81448)	OR6K2	0
ZNF681 (148213)	ZNF681	0.263034405833794
ACADSB (36)	ACADSB	1.11103131238874
STK40 (83931)	STK40	4.27426166125705
OR10J1 (26476)	OR10J1	0
TMEM63A (9725)	TMEM63A	5.78057257426304
CTSE (1510)	CTSE	3.48026512205446
SEMA4A (64218)	SEMA4A	2.611172380044
HRCT1 (646962)	HRCT1	1.62293035092018
MPHOSPH8 (54737)	MPHOSPH8	5.36282052553426
GREB1 (9687)	GREB1	0.0143552929770701
SIRPB2 (284759)	SIRPB2	0.0143552929770701
ZNF766 (90321)	ZNF766	3.07724299893246
RYR1 (6261)	RYR1	0.0143552929770701
SRGAP3 (9901)	SRGAP3	1.06350294230616
KRTAP5-3 (387266)	KRTAP5-3	0
FAM217B (63939)	FAM217B	2.80529245560071
SULT1C3 (442038)	SULT1C3	0.0565835283663675
TUBB (203068)	TUBB	8.951692692237
LCOR (84458)	LCOR	3.74200621086674
SUPT5H (6829)	SUPT5H	6.46923479366766
XPNPEP3 (63929)	XPNPEP3	2.61353165291793
OR2T2 (401992)	OR2T2	0
OR2C3 (81472)	OR2C3	0
ZNF107 (51427)	ZNF107	2.06004738366994
OR10S1 (219873)	OR10S1	0
SFTA2 (389376)	SFTA2	5.24488705912353
PPIA (5478)	PPIA	11.7524224631944
ZNF471 (57573)	ZNF471	0
OR10J3 (441911)	OR10J3	0
ZNF836 (162962)	ZNF836	2.30742852519225
ZNF493 (284443)	ZNF493	1.34482849699744
GTF2IRD2 (84163)	GTF2IRD2	3.04614178164472
GRM7 (2917)	GRM7	0
SUPT3H (8464)	SUPT3H	2.26903314645524
BECN2 (441925)	BECN2	0
NIF3L1 (60491)	NIF3L1	4.94016675048282
ATP2A1 (487)	ATP2A1	1.62760683812965
IARS (3376)	IARS	6.38249434029312
MFSD14C (84278)	MFSD14C	3.62058641045188
POM121 (9883)	POM121	5.19534759832222
ZBTB44 (29068)	ZBTB44	4.04351949366274
GIMAP5 (55340)	GIMAP5	0
STK31 (56164)	STK31	0.748461233004036
CGB7 (94027)	CGB7	0.070389327891398
NLGN3 (54413)	NLGN3	0.070389327891398
OR8D1 (283159)	OR8D1	0
ADH7 (131)	ADH7	0
ZKSCAN7 (55888)	ZKSCAN7	0.0143552929770701
ZNF729 (100287226)	ZNF729	0
CD55 (1604)	CD55	4.76075320806299
CPNE4 (131034)	CPNE4	0
ZNF565 (147929)	ZNF565	2.1243281350022
NTNG2 (84628)	NTNG2	0
ELAVL3 (1995)	ELAVL3	0.0143552929770701
WDR5 (11091)	WDR5	5.37503943134692
LONP1 (9361)	LONP1	5.61706334388818
TRRAP (8295)	TRRAP	4.21334728173344
NUDT11 (55190)	NUDT11	0.0285691521967709
SRGAP2B (647135)	SRGAP2B	2.55826763405574
FUT4 (2526)	FUT4	4.44625622988956
ASB13 (79754)	ASB13	3.90785207184596
SLC35F1 (222553)	SLC35F1	0
ZNF34 (80778)	ZNF34	1.66448284036468
ZNF781 (163115)	ZNF781	0
OR4Q2 (390432)	OR4Q2	0
ZNF140 (7699)	ZNF140	3.07382023329167
INCA1 (388324)	INCA1	0.799087306074004
ZNF774 (342132)	ZNF774	1.68706068833989
PTPN1 (5770)	PTPN1	4.64846544302731
EVL (51466)	EVL	2.87381319835909
SPANXD (64648)	SPANXD	0
THEM5 (284486)	THEM5	0.0976107966264223
NOXO1 (124056)	NOXO1	4.18348651445939
EPHB4 (2050)	EPHB4	6.73457414954252
PRTN3 (5657)	PRTN3	0.137503523749935
ZNF765 (91661)	ZNF765	2.7311832415722
ZNF124 (7678)	ZNF124	2.62293035092018
XRCC6 (2547)	XRCC6	7.90520646879571
S100A5 (6276)	S100A5	2.6959938131099
C20orf204 (284739)	C20orf204	0.389566811762726
PPP1R26 (9858)	PPP1R26	3.95326523901484
NBPF4 (148545)	NBPF4	0
TSC22D2 (9819)	TSC22D2	3.15380533607904
CRYBA4 (1413)	CRYBA4	0
ASMT (438)	ASMT	0
NPIPB15 (440348)	NPIPB15	0.0426443374084937
ZNF569 (148266)	ZNF569	0.389566811762726
ARMCX4 (100131755)	ARMCX4	1.70043971814109
YRDC (79693)	YRDC	3.97544676564096
ZNF777 (27153)	ZNF777	2.91647664443772
PIK3R4 (30849)	PIK3R4	4.90737141382356
ZNF775 (285971)	ZNF775	2.20476675065461
ZNF605 (100289635)	ZNF605	0.505890929729957
TRAPPC2 (6399)	TRAPPC2	3.16992500144231
RFX8 (731220)	RFX8	0
MYL6B (140465)	MYL6B	4.97407036702403
ZNF799 (90576)	ZNF799	1.61823865559545
FGF16 (8823)	FGF16	0
SIAH1 (6477)	SIAH1	4.08831123588866
GK2 (2712)	GK2	0
C20orf96 (140680)	C20orf96	2.28688114778816
ESRRG (2104)	ESRRG	0.0285691521967709
IPO4 (79711)	IPO4	5.48478262307787
NCOR2 (9612)	NCOR2	5.90207357931074
SULT1A1 (6817)	SULT1A1	4.5197934862411
ARL9 (132946)	ARL9	0.189033824390017
PRPF40A (55660)	PRPF40A	6.10810622368613
GDAP2 (54834)	GDAP2	2.4541758931858
TCEAL3 (85012)	TCEAL3	1.77399632511117
ANAPC7 (51434)	ANAPC7	5.88484209379946
TPK1 (27010)	TPK1	0.6959938131099
SLC6A9 (6536)	SLC6A9	0.815575428862573
AFAP1 (60312)	AFAP1	1.799087306074
NACA (4666)	NACA	10.9136374280491
MYO18A (399687)	MYO18A	6.38145643014699
OR2T3 (343173)	OR2T3	0
SPTSSB (165679)	SPTSSB	1.43829285157915
BORCS6 (54785)	BORCS6	2.21101219348551
MAN2A2 (4122)	MAN2A2	4.86542397831313
MME (4311)	MME	0.070389327891398
FAM72A (729533)	FAM72A	2.98185265328974
CCDC196 (440184)	CCDC196	0
CACNA1H (8912)	CACNA1H	0.250961573533219
SULF2 (55959)	SULF2	6.50589092972996
HBG2 (3048)	HBG2	0
LAMA2 (3908)	LAMA2	0.505890929729957
PFN3 (345456)	PFN3	0
PLXNB2 (23654)	PLXNB2	6.62263756653746
OR5AC2 (81050)	OR5AC2	0
AJAP1 (55966)	AJAP1	0
XRCC2 (7516)	XRCC2	3.91169158187234
MYO6 (4646)	MYO6	5.67919857056692
MRTFA (57591)	MRTFA	3.50969584193339
MBD3L2B (729458)	MBD3L2B	0
HDAC2 (3066)	HDAC2	7.12505178270368
ZNF782 (158431)	ZNF782	1.68257329734758
SLC22A25 (387601)	SLC22A25	0
POTEF (728378)	POTEF	0.0143552929770701
ZNF846 (162993)	ZNF846	2.22650852980868
MMP1 (4312)	MMP1	0.238786859587116
ADH1B (125)	ADH1B	0
UGT2B15 (7366)	UGT2B15	0.632268215499513
TCF4 (6925)	TCF4	0.286881147788162
WNK3 (65267)	WNK3	0
SDHAF3 (57001)	SDHAF3	5.73660487531425
HRH1 (3269)	HRH1	1.52105073690096
RABL6 (55684)	RABL6	6.97108365753601
ZNF136 (7695)	ZNF136	1.28095631383106
ZKSCAN5 (23660)	ZKSCAN5	2.6667565918848
ZNF502 (91392)	ZNF502	0.918386234446348
TRAPPC4 (51399)	TRAPPC4	6.20398416585599
TTC30B (150737)	TTC30B	1.70929063572336
SLC30A10 (55532)	SLC30A10	0.0285691521967709
TECPR2 (9895)	TECPR2	1.42223300068305
TLR7 (51284)	TLR7	0.0143552929770701
FAM180B (399888)	FAM180B	0.0285691521967709
ZFP62 (643836)	ZFP62	4.55151601762801
ERI2 (112479)	ERI2	3.92504996472736
TOMM7 (54543)	TOMM7	8.87156646479316
HSH2D (84941)	HSH2D	1.18903382439002
TRPV1 (7442)	TRPV1	1.02856915219677
ZNF33B (7582)	ZNF33B	4.36317107711924
ZNF512B (57473)	ZNF512B	0.298658315564515
AMZ2 (51321)	AMZ2	4.66391384211598
ZNF431 (170959)	ZNF431	2.10433665981474
ALKAL1 (389658)	ALKAL1	0
NF1 (4763)	NF1	4.98002530023873
VKORC1L1 (154807)	VKORC1L1	4.32481060342048
ZNF418 (147686)	ZNF418	0
DAPK1 (1612)	DAPK1	4.77768271707355
LCE1B (353132)	LCE1B	0
HLA-DQA1 (3117)	HLA-DQA1	0.137503523749935
COL27A1 (85301)	COL27A1	3.65306001710456
GM2A (2760)	GM2A	3.54966917072649
HIST1H2AI (8329)	HIST1H2AI	1.21412480535285
CLPSL2 (389383)	CLPSL2	0
S100A2 (6273)	S100A2	4.19613488076516
ZNF700 (90592)	ZNF700	2.83390207666916
POU3F4 (5456)	POU3F4	0.0143552929770701
OR14A16 (284532)	OR14A16	0
CD47 (961)	CD47	5.62731500136505
OR52K1 (390036)	OR52K1	0
TLE1 (7088)	TLE1	4.99593670350459
MAML3 (55534)	MAML3	2.70265754339091
HIST1H2AG (8969)	HIST1H2AG	1.11103131238874
STRN3 (29966)	STRN3	3.06350294230616
ZNF239 (8187)	ZNF239	3.26303440583379
SPINK14 (408187)	SPINK14	0
SPRR2B (6701)	SPRR2B	0
CHRNG (1146)	CHRNG	0.0565835283663675
ZSCAN16 (80345)	ZSCAN16	3.09423606984577
MVB12B (89853)	MVB12B	0.0426443374084937
C6orf106 (64771)	C6orf106	5.27909980213375
OR11G2 (390439)	OR11G2	0
POTEI (653269)	POTEI	0.0565835283663675
ADA (100)	ADA	0.454175893185802
ARID5A (10865)	ARID5A	1.33342373372519
PATE2 (399967)	PATE2	0.0285691521967709
PPTC7 (160760)	PPTC7	3.27351588970212
KRT39 (390792)	KRT39	0.070389327891398
TOMM20L (387990)	TOMM20L	0.344828496997441
RGPD4 (285190)	RGPD4	0
NHLRC2 (374354)	NHLRC2	2.94673086014031
HIST1H2AD (3013)	HIST1H2AD	0.516015147003665
ZFP28 (140612)	ZFP28	0
KIAA1211L (343990)	KIAA1211L	2.36457243229586
CBWD3 (445571)	CBWD3	5.6873406873783
SCN8A (6334)	SCN8A	0.713695814843359
LAMB3 (3914)	LAMB3	5.11353381959191
HIST3H2BB (128312)	HIST3H2BB	0.37851162325373
TEX43 (389320)	TEX43	0
KPNA5 (3841)	KPNA5	1.09085343045111
ANKRD36B (57730)	ANKRD36B	2.59454854955035
ARHGEF12 (23365)	ARHGEF12	4.99095486039699
HCAR1 (27198)	HCAR1	5.10685079645022
PDLIM7 (9260)	PDLIM7	4.02856915219677
FLNA (2316)	FLNA	7.3279567666307
TMEM26 (219623)	TMEM26	0
SRGAP1 (57522)	SRGAP1	1.35614381022528
FAM3C (10447)	FAM3C	5.36246988875021
NOP9 (161424)	NOP9	3.85897561429202
OR2T4 (127074)	OR2T4	0
ZNF705A (440077)	ZNF705A	0
SLC39A10 (57181)	SLC39A10	3.29865831556452
CASP4 (837)	CASP4	6.11165734626313
AP2A1 (160)	AP2A1	5.60110220337641
ZNF585A (199704)	ZNF585A	2.47248777146274
FUT11 (170384)	FUT11	3.42088657497553
SMIM10L2B (644596)	SMIM10L2B	0
ANXA4 (307)	ANXA4	8.72832870671163
LAGE3 (8270)	LAGE3	5.5677279633048
WDR5B (54554)	WDR5B	2.99638874644762
FAM163B (642968)	FAM163B	0
NPIPB9 (100507607)	NPIPB9	0.575312330687437
WDR45 (11152)	WDR45	5.25663329505992
METTL9 (51108)	METTL9	5.70043971814109
ZNF138 (7697)	ZNF138	2.91838623444635
ZNF429 (353088)	ZNF429	1.39506279951758
ZNF470 (388566)	ZNF470	0
SERTAD1 (29950)	SERTAD1	3.18903382439002
ZNF100 (163227)	ZNF100	1.09085343045111
CXorf40B (541578)	CXorf40B	5.21955576916691
ZNF398 (57541)	ZNF398	2.73335434061383
ZSCAN25 (221785)	ZSCAN25	2.8499992594661
ANXA6 (309)	ANXA6	1.30451104180995
ZNF441 (126068)	ZNF441	0.75702324650746
GMFB (2764)	GMFB	4.46727948045998
SIGLEC15 (284266)	SIGLEC15	1.0071955014042
ZNF420 (147923)	ZNF420	0.978195629681652
ZNF763 (284390)	ZNF763	0.918386234446348
ZMYM1 (79830)	ZMYM1	2.33342373372519
DTHD1 (401124)	DTHD1	0.0426443374084937
HIST1H4C (8364)	HIST1H4C	1.25701061820602
ZSCAN26 (7741)	ZSCAN26	2.41683974191283
MAFG (4097)	MAFG	4.5298209465287
ARRDC1 (92714)	ARRDC1	6.20711196120771
KIAA1671 (85379)	KIAA1671	3.00539998774259
KRT35 (3886)	KRT35	0
IGF2R (3482)	IGF2R	4.68313498512609
LCE1C (353133)	LCE1C	0
GAL3ST4 (79690)	GAL3ST4	0.344828496997441
DYNC1H1 (1778)	DYNC1H1	6.35491051158679
SLC6A17 (388662)	SLC6A17	0
IFNL3 (282617)	IFNL3	0
PCBP2 (5094)	PCBP2	8.61168880076421
ZGPAT (84619)	ZGPAT	4.56132613645392
SLC25A29 (123096)	SLC25A29	4.42425028608405
PGAP1 (80055)	PGAP1	1.38956681176273
SRC (6714)	SRC	6.39626226099011
ZNF679 (168417)	ZNF679	0.0285691521967709
ZNF682 (91120)	ZNF682	0
OR8B8 (26493)	OR8B8	0
ZNF772 (400720)	ZNF772	0.632268215499513
ZNF257 (113835)	ZNF257	0
PCNX3 (399909)	PCNX3	5.11935617703968
ADAM32 (203102)	ADAM32	0.189033824390017
ACSL5 (51703)	ACSL5	6.35543919724869
LRRC8B (23507)	LRRC8B	2.72683121703249
ABCB8 (11194)	ABCB8	4.86987140617771
HIST1H3J (8356)	HIST1H3J	0.389566811762726
SND1 (27044)	SND1	6.94063660720115
ZNF785 (146540)	ZNF785	2.8972404255748
SULT1A2 (6799)	SULT1A2	0.978195629681652
NEK5 (341676)	NEK5	0.31034012061215
PSMD12 (5718)	PSMD12	6.50684309896982
MAGEA6 (4105)	MAGEA6	1.76553474636298
ADGRA1 (84435)	ADGRA1	0
PIWIL2 (55124)	PIWIL2	0.124328135002202
NOL4L (140688)	NOL4L	4.58014548442338
CYSRT1 (375791)	CYSRT1	0.879705766282288
SLC22A4 (6583)	SLC22A4	0.16349873228288
ZSCAN5B (342933)	ZSCAN5B	0
ENTPD4 (9583)	ENTPD4	2.62293035092018
C1D (10438)	C1D	5.10601323762212
TBC1D9B (23061)	TBC1D9B	5.71671659170597
OR1J2 (26740)	OR1J2	0
HIST1H4J (8363)	HIST1H4J	3.51853513898218
SLC2A7 (155184)	SLC2A7	0
FAM110D (79927)	FAM110D	0
SERPINA1 (5265)	SERPINA1	8.14847658217828
TPSB2 (64499)	TPSB2	0
KANK2 (25959)	KANK2	4.30815697511476
C6orf141 (135398)	C6orf141	4.76659516172927
GTF2E2 (2961)	GTF2E2	3.36317107711924
IL27 (246778)	IL27	0
GUCA2A (2980)	GUCA2A	1.82781902461732
RAD54B (25788)	RAD54B	2.6915341649192
ZNF165 (7718)	ZNF165	1.46466826700344
SYNGAP1 (8831)	SYNGAP1	2.87970576628229
FITM2 (128486)	FITM2	2.4541758931858
BLM (641)	BLM	3.33913738491959
ZNF720 (124411)	ZNF720	3.0703893278914
OR10D3 (26497)	OR10D3	0
DDI2 (84301)	DDI2	3.65306001710456
SVIL (6840)	SVIL	2.9126498648972
TRIM33 (51592)	TRIM33	3.82578562746479
LRP10 (26020)	LRP10	4.6409679104499
PELI1 (57162)	PELI1	4.9481335778404
ZNF655 (79027)	ZNF655	4.4093909361377
MRPL21 (219927)	MRPL21	6.96566886444195
LYPD2 (137797)	LYPD2	0
UAP1L1 (91373)	UAP1L1	1.71369581484336
ZNF98 (148198)	ZNF98	0
FBXL22 (283807)	FBXL22	0.75702324650746
ZNF786 (136051)	ZNF786	2.75274859140713
ZNF517 (340385)	ZNF517	1.84398384404833
ZNF675 (171392)	ZNF675	1.42223300068305
SLC22A5 (6584)	SLC22A5	2.68929916053589
DACT3 (147906)	DACT3	0.0426443374084937
ADARB1 (104)	ADARB1	2.28688114778816
ZNF860 (344787)	ZNF860	2.4905701304462
HTT (3064)	HTT	4.17152710603881
OR6N1 (128372)	OR6N1	0
C5AR1 (728)	C5AR1	0.659924558402378
DIO3 (1735)	DIO3	0.0426443374084937
CYP2B6 (1555)	CYP2B6	2.30742852519225
HIST1H3D (8351)	HIST1H3D	0.594548549550354
DCHS2 (54798)	DCHS2	0
VEPH1 (79674)	VEPH1	0
FABP12 (646486)	FABP12	0
SHPK (23729)	SHPK	2.95977015521147
OR51D1 (390038)	OR51D1	0
IPP (3652)	IPP	2.02502879449152
OPALIN (93377)	OPALIN	0
OR13G1 (441933)	OR13G1	0
MAP3K5 (4217)	MAP3K5	2.99095486039699
OGDHL (55753)	OGDHL	0.0426443374084937
CYP2F1 (1572)	CYP2F1	0.0976107966264223
GSTK1 (373156)	GSTK1	7.37955165336549
HNRNPAB (3182)	HNRNPAB	7.86845218979584
OR2L5 (81466)	OR2L5	0
STMN3 (50861)	STMN3	1.21412480535285
PDGFA (5154)	PDGFA	2.26603689399532
GYPE (2996)	GYPE	0
COL13A1 (1305)	COL13A1	0.0976107966264223
SPN (6693)	SPN	0.22650852980868
ZNF695 (57116)	ZNF695	3.4276061727819
ZNF628 (89887)	ZNF628	2.88947354253111
GALP (85569)	GALP	0
SLC2A10 (81031)	SLC2A10	2.04264433740849
ZNF665 (79788)	ZNF665	0
RPF2 (84154)	RPF2	4.83137058796754
SLC28A3 (64078)	SLC28A3	2.71369581484336
FAM177B (400823)	FAM177B	0.516015147003665
MIB2 (142678)	MIB2	4.08321336824898
OR6Y1 (391112)	OR6Y1	0
MYO5A (4644)	MYO5A	0.298658315564515
C5orf56 (441108)	C5orf56	1.64616265715789
GZMM (3004)	GZMM	0.0565835283663675
ATG7 (10533)	ATG7	3.65764000520782
SIPA1L1 (26037)	SIPA1L1	4.19219416528334
TTC30A (92104)	TTC30A	1.16349873228288
SSPO (23145)	SSPO	0.464668267003444
ELANE (1991)	ELANE	0.137503523749935
RAB40C (57799)	RAB40C	4.53231695933277
PIGN (23556)	PIGN	2.96901230751632
COL4A6 (1288)	COL4A6	0.0143552929770701
ZNF624 (57547)	ZNF624	0.594548549550354
HHLA3 (11147)	HHLA3	2.50589092972996
HOXA4 (3201)	HOXA4	2.41953889151378
TOPORS (10210)	TOPORS	3.45811948117451
BCO2 (83875)	BCO2	0.356143810225275
KCNMB2 (10242)	KCNMB2	0
ENTPD6 (955)	ENTPD6	6.83390207666916
DMBX1 (127343)	DMBX1	1.4594316186373
OR11L1 (391189)	OR11L1	0
ENPP1 (5167)	ENPP1	0.0565835283663675
CCDC154 (645811)	CCDC154	0.0426443374084937
FAR1 (84188)	FAR1	4.87528859822269
CPLANE1 (65250)	CPLANE1	0.687060688339892
ZNF841 (284371)	ZNF841	3.56803210477128
MFAP5 (8076)	MFAP5	0.0976107966264223
MYH6 (4624)	MYH6	0
VN1R5 (317705)	VN1R5	0.070389327891398
ZNF615 (284370)	ZNF615	2.08746284125034
CXorf40A (91966)	CXorf40A	4.31976242766925
CDC42SE1 (56882)	CDC42SE1	5.08406426478847
MPEG1 (219972)	MPEG1	0.0285691521967709
SERPINB2 (5055)	SERPINB2	0
DPP4 (1803)	DPP4	4.17791779219584
SERPINB13 (5275)	SERPINB13	0
PDCD1LG2 (80380)	PDCD1LG2	0
ZNF433 (163059)	ZNF433	1.16992500144231
CCER1 (196477)	CCER1	0
DNAH10 (196385)	DNAH10	0.0565835283663675
SLC22A24 (283238)	SLC22A24	0
KRTAP26-1 (388818)	KRTAP26-1	0
SPTAN1 (6709)	SPTAN1	6.38956681176273
NMB (4828)	NMB	4.83895176695194
PARVA (55742)	PARVA	4.34482849699744
KLHL14 (57565)	KLHL14	0
OR6C74 (254783)	OR6C74	0
FAM114A1 (92689)	FAM114A1	3.25398926623079
RPE (6120)	RPE	5.96647661213641
ZNF460 (10794)	ZNF460	1.97085365434048
CR1L (1379)	CR1L	0
PHF2 (5253)	PHF2	3.48542682717024
RPS26 (6231)	RPS26	9.86150569215415
C14orf178 (283579)	C14orf178	0.189033824390017
SCGB1D4 (404552)	SCGB1D4	0
PSAP (5660)	PSAP	8.55719562452855
S100A10 (6281)	S100A10	9.98313612644986
CFAP43 (80217)	CFAP43	0.356143810225275
LHFPL5 (222662)	LHFPL5	0.22650852980868
RPL37A (6168)	RPL37A	11.8263498647201
HOXC6 (3223)	HOXC6	3.28392177230762
TXNRD3 (114112)	TXNRD3	1.63226821549951
CFD (1675)	CFD	1.51096191927738
STPG3 (441476)	STPG3	0.594548549550354
MAP1LC3C (440738)	MAP1LC3C	0
MCMBP (79892)	MCMBP	5.54194842533373
EME2 (197342)	EME2	4.55765515472542
KLHDC1 (122773)	KLHDC1	0.0565835283663675
ZNF81 (347344)	ZNF81	1.92219784839637
TAF13 (6884)	TAF13	5.05788344889963
ZNF780A (284323)	ZNF780A	4.16027483140859
ATAD3A (55210)	ATAD3A	5.71369581484336
OR5B17 (219965)	OR5B17	0
OR52M1 (119772)	OR52M1	0
FAM118B (79607)	FAM118B	4.4276061727819
ZNF461 (92283)	ZNF461	0.124328135002202
CCDC180 (100499483)	CCDC180	0.356143810225275
SLC9A8 (23315)	SLC9A8	3.30305008468167
OCLN (100506658)	OCLN	4.1243281350022
CFAP299 (255119)	CFAP299	0.0565835283663675
HIST4H4 (121504)	HIST4H4	1.40053792958373
CYP2A13 (1553)	CYP2A13	0
ZNF181 (339318)	ZNF181	2.84398384404833
OR8G1 (26494)	OR8G1	0
INKA2 (55924)	INKA2	2.17312743348066
ZNF44 (51710)	ZNF44	1.790772037862
GPAA1 (8733)	GPAA1	6.02834813418931
ADAMTSL2 (9719)	ADAMTSL2	0.0840642647884745
SGTB (54557)	SGTB	1.44890095114513
ZNF790 (388536)	ZNF790	0.632268215499513
PRB3 (5544)	PRB3	0.526068811667588
FAM49A (81553)	FAM49A	0.0285691521967709
MYO1C (4641)	MYO1C	6.69613295522708
MDS2 (259283)	MDS2	0
NKIRAS1 (28512)	NKIRAS1	1.44360665147561
OR1S2 (219958)	OR1S2	0
UGT2B17 (7367)	UGT2B17	0.0143552929770701
MEIG1 (644890)	MEIG1	0.263034405833794
SLC22A12 (116085)	SLC22A12	0
KIF13B (23303)	KIF13B	2.77399632511117
NRAP (4892)	NRAP	0
ADH5 (128)	ADH5	6.71506967937999
SLC22A6 (9356)	SLC22A6	0
HIST1H2BK (85236)	HIST1H2BK	5.5933537709803
TEAD4 (7004)	TEAD4	4.51664555778096
SPG7 (6687)	SPG7	6.10810622368613
HRNR (388697)	HRNR	0.0143552929770701
IFNA1 (3439)	IFNA1	0.111031312388744
HES5 (388585)	HES5	0.137503523749935
ZNF677 (342926)	ZNF677	0
ERO1A (30001)	ERO1A	4.00539998774259
ZNF823 (55552)	ZNF823	2.19849415363908
ZNF311 (282890)	ZNF311	1.30451104180995
ZNF347 (84671)	ZNF347	0.124328135002202
OR5H2 (79310)	OR5H2	0
PLCG2 (5336)	PLCG2	0.565597175854225
FCHSD1 (89848)	FCHSD1	3.82680268428583
ZNF71 (58491)	ZNF71	0.0143552929770701
AADACL2 (344752)	AADACL2	0.0143552929770701
S100A6 (6277)	S100A6	11.9419279247087
RPL12 (6136)	RPL12	10.8725979344832
DNM3 (26052)	DNM3	0.298658315564515
ZNF121 (7675)	ZNF121	3.93640237772506
MPZL1 (9019)	MPZL1	4.81659970653491
VPS13A (23230)	VPS13A	3.82476785314329
MBP (4155)	MBP	3.52857131887076
AKAP17A (8227)	AKAP17A	4.48155728070859
ELOVL2 (54898)	ELOVL2	0
GOLGA6L9 (440295)	GOLGA6L9	3.38818953715608
LEKR1 (389170)	LEKR1	1.02856915219677
C1orf122 (127687)	C1orf122	5.24868662687383
CLEC9A (283420)	CLEC9A	0
KEL (3792)	KEL	0.0976107966264223
NOL8 (55035)	NOL8	4.69932952567316
IRAK4 (51135)	IRAK4	2.74416109557041
CCDC151 (115948)	CCDC151	0
DLGAP2 (9228)	DLGAP2	0
MRPL42 (28977)	MRPL42	6.52120781622399
ENTPD7 (57089)	ENTPD7	2.46988597627446
FCGR1B (2210)	FCGR1B	0.0426443374084937
SPANXA1 (30014)	SPANXA1	0.0426443374084937
ZNF335 (63925)	ZNF335	3.52732060787705
ZNF560 (147741)	ZNF560	0
TUBA3C (7278)	TUBA3C	0
RPS4X (6191)	RPS4X	11.1884033974082
ZNF273 (10793)	ZNF273	1.96347412397489
ZNF84 (7637)	ZNF84	3.15055967657538
MAK16 (84549)	MAK16	2.78450398292957
ZNF667 (63934)	ZNF667	0
AVPR1B (553)	AVPR1B	0
SIRPA (140885)	SIRPA	0.565597175854225
GRK6 (2870)	GRK6	5.12184429787638
PRIM1 (5557)	PRIM1	4.7235585614721
MARCH5 (54708)	MARCH5	3.877744249949
POTEH (23784)	POTEH	0
NPIPB13 (613037)	NPIPB13	1.67807190511264
AKR1B10 (57016)	AKR1B10	7.02525032156158
SULT1C4 (27233)	SULT1C4	0.0285691521967709
CYP2A7 (1549)	CYP2A7	0.0143552929770701
ZBTB14 (7541)	ZBTB14	3.09254574154357
KRTAP9-9 (81870)	KRTAP9-9	0
CD2AP (23607)	CD2AP	4.88362081628567
NUP62CL (54830)	NUP62CL	4.80632405739003
SFI1 (9814)	SFI1	3.68032435684402
KRTAP4-6 (81871)	KRTAP4-6	0
TMPRSS11F (389208)	TMPRSS11F	0
ZNF649 (65251)	ZNF649	1.63691458035588
ADH4 (127)	ADH4	0.150559676575381
OR2T6 (254879)	OR2T6	0
ZNF248 (57209)	ZNF248	2.83794324189103
CHSY3 (337876)	CHSY3	0
TOR4A (54863)	TOR4A	5.32804655627074
LPAR1 (1902)	LPAR1	0.0426443374084937
MB (4151)	MB	1.04264433740849
OR2L3 (391192)	OR2L3	0
DEFB107B (503614)	DEFB107B	0
HIBCH (26275)	HIBCH	4.37920505996061
ZNF544 (27300)	ZNF544	4.93168305705981
TMEM229B (161145)	TMEM229B	0.070389327891398
SOWAHC (65124)	SOWAHC	3.75915583380027
ZNF770 (54989)	ZNF770	4.14159627838382
NPIPB6 (728741)	NPIPB6	0
HMGN5 (79366)	HMGN5	4.6450098843911
MIER1 (57708)	MIER1	3.62410089462811
MAN1A2 (10905)	MAN1A2	3.47638168756724
SVIP (258010)	SVIP	4.28835856219366
ZNF251 (90987)	ZNF251	3.10601323762212
DDRGK1 (65992)	DDRGK1	5.59275601044103
FAM47C (442444)	FAM47C	0
TFDP1 (7027)	TFDP1	7.5433412122875
CLEC4C (170482)	CLEC4C	0
ZNF607 (84775)	ZNF607	0.713695814843359
BPIFA1 (51297)	BPIFA1	0
ZNF334 (55713)	ZNF334	2.32768736417605
HSD17B11 (51170)	HSD17B11	4.88264304936184
SZT2 (23334)	SZT2	3.60169651648096
SULT1C2 (6819)	SULT1C2	0.31034012061215
ZXDA (7789)	ZXDA	0.250961573533219
RPS6KL1 (83694)	RPS6KL1	1.83592407425437
CACNA1E (777)	CACNA1E	0
QRICH1 (54870)	QRICH1	4.91121220155861
CSF2RA (1438)	CSF2RA	0.070389327891398
DDX42 (11325)	DDX42	6.21315283533637
RPL23A (6147)	RPL23A	10.6114859432409
SLC29A3 (55315)	SLC29A3	2.5033487351675
STYX (6815)	STYX	2.21101219348551
UBL5 (59286)	UBL5	8.78669436773582
HELZ (9931)	HELZ	3.60288440871842
TMEM116 (89894)	TMEM116	2.13422093976063
KRTAP4-5 (85289)	KRTAP4-5	0
UCKL1 (54963)	UCKL1	5.54596836910529
OR5B21 (219968)	OR5B21	0
CARD11 (84433)	CARD11	0.0143552929770701
ZNF485 (220992)	ZNF485	2.25398926623079
PEG3 (5178)	PEG3	0.0143552929770701
SDAD1 (55153)	SDAD1	4.61765111942733
ZKSCAN8 (7745)	ZKSCAN8	2.8011586560937
PHETA1 (144717)	PHETA1	2.96162332828694
TMEM239 (100288797)	TMEM239	0
HYLS1 (219844)	HYLS1	2.66448284036468
MYL4 (4635)	MYL4	0.0976107966264223
ZNF442 (79973)	ZNF442	0.150559676575381
ZNF813 (126017)	ZNF813	0.124328135002202
HOXC4 (3221)	HOXC4	4.10433665981474
DCAF12L2 (340578)	DCAF12L2	0
PIM3 (415116)	PIM3	4.87627136055013
ASNA1 (439)	ASNA1	5.31542131594578
ASPH (444)	ASPH	7.31949149054224
SPRED2 (200734)	SPRED2	4.93781516880342
WWP2 (11060)	WWP2	4.48735771531155
GFPT1 (2673)	GFPT1	5.07767027423275
UVRAG (7405)	UVRAG	2.9297909977186
KRTAP13-1 (140258)	KRTAP13-1	0
ZNF26 (7574)	ZNF26	2.52857131887076
TMEM207 (131920)	TMEM207	0
ITSN2 (50618)	ITSN2	3.78764141448333
NTRK1 (4914)	NTRK1	0.111031312388744
OGA (10724)	OGA	6.1606782132205
MT1F (4494)	MT1F	1.84799690655495
TCAF1 (9747)	TCAF1	4.42693561964834
ZNF69 (7620)	ZNF69	1.83592407425437
TXNRD1 (7296)	TXNRD1	7.12443153547104
NRARP (441478)	NRARP	3.38128337250378
ZNF583 (147949)	ZNF583	0
KRTAP4-1 (85285)	KRTAP4-1	0.66902676550963
CCT8L2 (150160)	CCT8L2	0
ZNF568 (374900)	ZNF568	0
ZXDB (158586)	ZXDB	0.0285691521967709
ZNF480 (147657)	ZNF480	1.37295209791183
ZNF587 (84914)	ZNF587	5.37538702682888
TPM2 (7169)	TPM2	6.37277801706204
RTP2 (344892)	RTP2	0
SH3BGRL2 (83699)	SH3BGRL2	4.50525580093216
ZNF808 (388558)	ZNF808	1.94860084749336
ANKRD35 (148741)	ANKRD35	0.070389327891398
B3GNT6 (192134)	B3GNT6	0.422233000683048
YTHDF2 (51441)	YTHDF2	5.46336088581666
TMA16 (55319)	TMA16	4.98322165074267
HLA-DRB5 (3127)	HLA-DRB5	0.070389327891398
ATL1 (51062)	ATL1	0.678071905112638
CNGA1 (1259)	CNGA1	2.72465027173297
MAFK (7975)	MAFK	4.77188557851537
ARMH1 (339541)	ARMH1	0.124328135002202
ZNF43 (7594)	ZNF43	0.0143552929770701
GPN1 (11321)	GPN1	5.70487196445635
PLN (5350)	PLN	0
C2CD4A (145741)	C2CD4A	0.0285691521967709
ZNF28 (7576)	ZNF28	4.23342794374847
ITGBL1 (9358)	ITGBL1	0.0143552929770701
ZNF511 (118472)	ZNF511	5.66220549965362
C20orf203 (284805)	C20orf203	0
ZNF627 (199692)	ZNF627	2.06695024392463
KCNRG (283518)	KCNRG	0.7311832415722
WDHD1 (11169)	WDHD1	3.03562390973072
ZNF789 (285989)	ZNF789	4.20006486151431
CTNND1 (1500)	CTNND1	6.98959318493877
DDX39B (7919)	DDX39B	8.34607044078517
SLC34A3 (142680)	SLC34A3	0.238786859587116
RD3 (343035)	RD3	0
SPANXC (64663)	SPANXC	0
SH2D1B (117157)	SH2D1B	0.111031312388744
ARC (23237)	ARC	1.91838623444635
NUDT16 (131870)	NUDT16	3.68818035858693
TLK1 (9874)	TLK1	4.29425313644451
LRBA (987)	LRBA	5.69125497865014
C3orf35 (339883)	C3orf35	0.526068811667588
ZNF536 (9745)	ZNF536	0
MMP17 (4326)	MMP17	0.070389327891398
OR2M2 (391194)	OR2M2	0
BAZ1A (11177)	BAZ1A	3.92124588858559
AKR1C4 (1109)	AKR1C4	0.321928094887362
COPS8 (10920)	COPS8	5.58676474335514
CCDC69 (26112)	CCDC69	0.505890929729957
MDM4 (4194)	MDM4	3.46336088581666
RYR2 (6262)	RYR2	0.0143552929770701
ZNF534 (147658)	ZNF534	0
KLHL9 (55958)	KLHL9	3.22032995487956
FAM3D (131177)	FAM3D	5.11144869848767
NCOA6 (23054)	NCOA6	4.46793154602629
STK39 (27347)	STK39	5.82705683650015
TAT (6898)	TAT	0.0143552929770701
C6orf89 (221477)	C6orf89	4.08915913191124
CALM1 (801)	CALM1	8.11363799658159
LPA (4018)	LPA	0
FAM19A2 (338811)	FAM19A2	0.871843648509318
OR10G6 (79490)	OR10G6	0
TTC37 (9652)	TTC37	4.64038956005495
TUSC1 (286319)	TUSC1	1.81147103052984
MAGEA1 (4100)	MAGEA1	0.070389327891398
PAPSS2 (9060)	PAPSS2	4.91217080294995
SLC9A6 (10479)	SLC9A6	2.85199883711245
FAN1 (22909)	FAN1	3.25398926623079
ABCA4 (24)	ABCA4	0.137503523749935
EIF1AY (9086)	EIF1AY	0.070389327891398
MT-ND6 (4541)	MT-ND6	11.4474965466654
IPO9 (55705)	IPO9	4.51222688651396
GPX6 (257202)	GPX6	0
CEP290 (80184)	CEP290	2.24184018356467
MT-CO2 (4513)	MT-CO2	14.3347621095954
GLMP (112770)	GLMP	4.63284983011771
TOGARAM1 (23116)	TOGARAM1	2.20163386116965
DLL1 (28514)	DLL1	1.18903382439002
ANKRD13B (124930)	ANKRD13B	3.25247621413522
ECI2 (10455)	ECI2	1.07724299893246
UNC13B (10497)	UNC13B	3.54596836910529
TEX45 (374877)	TEX45	1.06350294230616
MT-CYB (4519)	MT-CYB	12.1721149325331
LDB1 (8861)	LDB1	4.73226919950145
PPP1R14C (81706)	PPP1R14C	0.495695162624069
CTR9 (9646)	CTR9	4.92267359284945
SMOC1 (64093)	SMOC1	0.0426443374084937
F5 (2153)	F5	4.54287709935414
MSRB1 (51734)	MSRB1	4.47378691161437
LRRTM3 (347731)	LRRTM3	0.0143552929770701
ZNF652 (22834)	ZNF652	2.91073266190291
SMURF1 (57154)	SMURF1	4.21101219348551
SLC5A3 (6526)	SLC5A3	2.37016428054021
GPATCH3 (63906)	GPATCH3	4.06781078378962
CDC42BPB (9578)	CDC42BPB	4.46401472450489
PLXNB3 (5365)	PLXNB3	3.27052894238072
OXCT2 (64064)	OXCT2	0.933572638261024
RPL10A (4736)	RPL10A	10.3109535355187
COLGALT2 (23127)	COLGALT2	0.0840642647884745
EPS8L3 (79574)	EPS8L3	6.35878304818473
EGFL6 (25975)	EGFL6	0
MT-ND2 (4536)	MT-ND2	11.9676945902931
SYCP1 (6847)	SYCP1	0
APCDD1L (164284)	APCDD1L	0.0143552929770701
RCSD1 (92241)	RCSD1	0.070389327891398
RASSF9 (9182)	RASSF9	0.485426827170242
FAM169A (26049)	FAM169A	0.214124805352847
ZNF830 (91603)	ZNF830	4.56193705962243
GRIN3A (116443)	GRIN3A	0.0285691521967709
MT-ND5 (4540)	MT-ND5	10.9088429235525
MUC2 (4583)	MUC2	2.30742852519225
CNOT7 (29883)	CNOT7	3.87872534148011
TMEM184B (25829)	TMEM184B	4.56559717585422
MTOR (2475)	MTOR	4.81608765860021
SCAMP5 (192683)	SCAMP5	0.807354922057604
ZNF521 (25925)	ZNF521	0.150559676575381
ALPK2 (115701)	ALPK2	0.0565835283663675
BRINP2 (57795)	BRINP2	0
MAGEB3 (4114)	MAGEB3	0.0426443374084937
LRIG2 (9860)	LRIG2	2.44890095114513
MT-CO1 (4512)	MT-CO1	13.3858624006415
PNP (4860)	PNP	6.25964912064916
PAX9 (5083)	PAX9	0.992768430768924
LRRC10 (376132)	LRRC10	0.0143552929770701
GK (2710)	GK	1.15704371014558
FOXJ3 (22887)	FOXJ3	4.21878116778407
ZNF358 (140467)	ZNF358	1.33913738491959
SFT2D1 (113402)	SFT2D1	6.56193705962243
CD247 (919)	CD247	0
GRM3 (2913)	GRM3	0
CHAMP1 (283489)	CHAMP1	4.18586654531133
INPP5F (22876)	INPP5F	2.83794324189103
ARHGAP11A (9824)	ARHGAP11A	5.94438996227009
SUCNR1 (56670)	SUCNR1	0.495695162624069
HMGN2 (3151)	HMGN2	10.2578592346396
SELENOM (140606)	SELENOM	0.66902676550963
UBE2J1 (51465)	UBE2J1	3.86393845042397
GJC2 (57165)	GJC2	3.93734439215023
OPA1 (4976)	OPA1	4.66163560233596
DENND4B (9909)	DENND4B	4.62234472272424
RYR3 (6263)	RYR3	0.321928094887362
ZNF277 (11179)	ZNF277	4.15218341905505
MT-ND3 (4537)	MT-ND3	12.8514952983843
KTI12 (112970)	KTI12	3.53106949272595
DUSP27 (92235)	DUSP27	0.0143552929770701
SELENOT (51714)	SELENOT	5.35120427725799
ARHGEF15 (22899)	ARHGEF15	0
TOX (9760)	TOX	0.356143810225275
CES1 (1066)	CES1	0.111031312388744
CD3E (916)	CD3E	0
RUSC2 (9853)	RUSC2	0.367371065648529
C1orf68 (100129271)	C1orf68	0
FICD (11153)	FICD	1.64154602908752
OSTC (58505)	OSTC	6.77965370199812
R3HDM4 (91300)	R3HDM4	4.91217080294995
TSEN15 (116461)	TSEN15	4.70265754339091
LTN1 (26046)	LTN1	2.74200621086674
RUNDC1 (146923)	RUNDC1	3.48542682717024
CCDC152 (100129792)	CCDC152	0
STKLD1 (169436)	STKLD1	0.475084882948783
GRK5 (2869)	GRK5	3.11769504266975
TYW1 (55253)	TYW1	4.14567745519564
DCAF12 (25853)	DCAF12	4.83187724119167
SFMBT2 (57713)	SFMBT2	0.0426443374084937
ASB12 (142689)	ASB12	0.0285691521967709
PNMA5 (114824)	PNMA5	0
ITPRIPL1 (150771)	ITPRIPL1	0.0285691521967709
MT-ND4 (4538)	MT-ND4	12.870615165733
SMC5 (23137)	SMC5	3.92789645372882
MT-ND1 (4535)	MT-ND1	11.4504895839149
DCAF12L1 (139170)	DCAF12L1	0
PRMT6 (55170)	PRMT6	4.10433665981474
SHISA4 (149345)	SHISA4	2.36176835941915
CIPC (85457)	CIPC	3.00180224263399
CAPZA2 (830)	CAPZA2	6.3720814835345
MT-ATP6 (4508)	MT-ATP6	13.6781599575428
TOP1 (7150)	TOP1	6.40633257782171
PRC1 (9055)	PRC1	7.10381232942885
BHLHB9 (80823)	BHLHB9	0.250961573533219
MAP3K3 (4215)	MAP3K3	3.43295940727611
L1CAM (3897)	L1CAM	0.0976107966264223
SREBF2 (6721)	SREBF2	5.95512678126137
C1orf174 (339448)	C1orf174	4.4944156103975
POU3F3 (5455)	POU3F3	0
RASGEF1A (221002)	RASGEF1A	0
SPOUT1 (51490)	SPOUT1	4.60288440871842
RPL39 (6170)	RPL39	12.1155314041668
DZIP3 (9666)	DZIP3	2.18269229751619
KIAA0753 (9851)	KIAA0753	3.17152710603881
DCLRE1A (9937)	DCLRE1A	2.99457972421575
ATG9A (79065)	ATG9A	5.05484847699562
NOS1AP (9722)	NOS1AP	1.23878685958712
CSAG1 (158511)	CSAG1	2.30451104180995
APRT (353)	APRT	7.84818474524292
GPRASP1 (9737)	GPRASP1	0.298658315564515
TBKBP1 (9755)	TBKBP1	0.20163386116965
MAGEE1 (57692)	MAGEE1	0.0143552929770701
CCDC167 (154467)	CCDC167	5.07296327155522
MT-CO3 (4514)	MT-CO3	13.6560896256695
ZFP2 (80108)	ZFP2	0.0426443374084937
SOWAHA (134548)	SOWAHA	0.704871964456353
L3MBTL3 (84456)	L3MBTL3	1.62760683812965
DMD (1756)	DMD	0.16349873228288
MFAP3L (9848)	MFAP3L	0.150559676575381
NAGA (4668)	NAGA	3.44360665147561
SMG5 (23381)	SMG5	5.91814767387683
KIF1BP (26128)	KIF1BP	4.00898878322726
TGM2 (7052)	TGM2	4.99412711400313
ARMCX6 (54470)	ARMCX6	4.41953889151378
PJA2 (9867)	PJA2	3.60050764534579
RORB (6096)	RORB	0
SGMS1 (259230)	SGMS1	2.31324585178756
OR10R2 (343406)	OR10R2	0
OR10Z1 (128368)	OR10Z1	0
ZNF525 (170958)	ZNF525	2.4276061727819
INF2 (64423)	INF2	6.25908413335355
IQANK1 (642574)	IQANK1	5.30560578958543
GP1BB (2812)	GP1BB	0.0565835283663675
OR2T5 (401993)	OR2T5	0
OR2L2 (26246)	OR2L2	0.0840642647884745
OR2W5 (441932)	OR2W5	0
EFCAB2 (84288)	EFCAB2	2.33913738491959
COX20 (116228)	COX20	5.40190347160796
CHML (1122)	CHML	3.32912359629157
STUM (375057)	STUM	0
TCP10 (6953)	TCP10	0
CAPN8 (388743)	CAPN8	6.15319733085508
TATDN3 (128387)	TATDN3	3.27798474729977
CR1 (1378)	CR1	0
RAET1G (353091)	RAET1G	0.31034012061215
C1orf53 (388722)	C1orf53	1.89530262133331
SAMD5 (389432)	SAMD5	1.51601514700366
TEDDM1 (127670)	TEDDM1	0.137503523749935
GJE1 (100126572)	GJE1	0
ECT2L (345930)	ECT2L	0.070389327891398
GPR52 (9293)	GPR52	0.0426443374084937
METTL11B (149281)	METTL11B	0
FCGR3A (2214)	FCGR3A	0
TMEM244 (253582)	TMEM244	0
OR6K3 (391114)	OR6K3	0
CENPW (387103)	CENPW	5.22997238511225
SPRN (503542)	SPRN	2.26303440583379
FAM229B (619208)	FAM229B	0.641546029087524
FANK1 (92565)	FANK1	2.01435529297707
LOR (4014)	LOR	0
PRR9 (574414)	PRR9	0
LELP1 (149018)	LELP1	0
SPRR2E (6704)	SPRR2E	0.0840642647884745
KPRP (448834)	KPRP	0
EEF1AKMT2 (399818)	EEF1AKMT2	4.0232553523003
FAM24A (118670)	FAM24A	0
DDO (8528)	DDO	0
PLPP4 (196051)	PLPP4	0
HIST2H3C (126961)	HIST2H3C	0.594548549550354
HIST2H2AA3 (8337)	HIST2H2AA3	4.15704371014558
HIST2H2BF (440689)	HIST2H2BF	0.933572638261024
PNLIPRP3 (119548)	PNLIPRP3	0.0143552929770701
HIST2H3A (333932)	HIST2H3A	1.33913738491959
HSD3B1 (3283)	HSD3B1	0.464668267003444
HSD3B2 (3284)	HSD3B2	0
RBM20 (282996)	RBM20	0.111031312388744
SMIM9 (100132963)	SMIM9	0
C6orf163 (206412)	C6orf163	0.27500704749987
RIPPLY2 (134701)	RIPPLY2	0
GDI1 (2664)	GDI1	6.50890397900067
PCMTD2 (55251)	PCMTD2	5.56254772419912
SOX18 (54345)	SOX18	0
LIME1 (54923)	LIME1	6.24868662687383
OOEP (441161)	OOEP	0
KHDC3L (154288)	KHDC3L	0
DPPA5 (340168)	DPPA5	0
C1orf146 (388649)	C1orf146	0
SPANXN1 (494118)	SPANXN1	0
SPANXA2 (728712)	SPANXA2	0.0426443374084937
CXorf66 (347487)	CXorf66	0
C10orf62 (414157)	C10orf62	0.070389327891398
SAMD13 (148418)	SAMD13	1.4905701304462
RTL8A (26071)	RTL8A	5.02724253597374
CCDC160 (347475)	CCDC160	0
C1orf141 (400757)	C1orf141	0
EFCAB7 (84455)	EFCAB7	2.22958792274065
DEFB110 (245913)	DEFB110	0
GLYATL3 (389396)	GLYATL3	0
LDLRAD1 (388633)	LDLRAD1	0
RHOXF2B (727940)	RHOXF2B	0
ZYG11A (440590)	ZYG11A	0.0143552929770701
LCN8 (138307)	LCN8	0
C1orf185 (284546)	C1orf185	0
GLT6D1 (360203)	GLT6D1	0
IFIT1B (439996)	IFIT1B	0
CT83 (203413)	CT83	0.124328135002202
LIPN (643418)	LIPN	0
LIPK (643414)	LIPK	0.070389327891398
LIPJ (142910)	LIPJ	0.0426443374084937
TRPC5OS (100329135)	TRPC5OS	0
LRIT2 (340745)	LRIT2	0
LRRC73 (221424)	LRRC73	0.641546029087524
FOXO6 (100132074)	FOXO6	0.367371065648529
TCEAL5 (340543)	TCEAL5	0
SYS1 (90196)	SYS1	4.84096670448742
TCEAL6 (158931)	TCEAL6	0
INPP5B (3633)	INPP5B	2.94673086014031
RPA4 (29935)	RPA4	0.333423733725192
NEU4 (129807)	NEU4	0
MAFB (9935)	MAFB	0.565597175854225
TRAF3IP1 (26146)	TRAF3IP1	2.89530262133331
CHIC1 (53344)	CHIC1	2.57773093149008
GIGYF2 (26058)	GIGYF2	4.82374936030827
C2orf72 (257407)	C2orf72	1.78659636189081
RUFY2 (55680)	RUFY2	2.67581593117227
NHSL2 (340527)	NHSL2	0.0565835283663675
PHACTR4 (65979)	PHACTR4	4.21412480535285
CLPSL1 (340204)	CLPSL1	0
ASAH2B (653308)	ASAH2B	2.64154602908752
AGAP6 (414189)	AGAP6	3.9136075118231
TIMM23B (100652748)	TIMM23B	3.75915583380027
ZDHHC18 (84243)	ZDHHC18	4.14812063112396
TMEM273 (170371)	TMEM273	0
CXorf65 (158830)	CXorf65	0
AGAP9 (642517)	AGAP9	3.25701061820602
NPY4R (5540)	NPY4R	0.150559676575381
GPRIN2 (9721)	GPRIN2	0.214124805352847
SYT15 (83849)	SYT15	0.0976107966264223
MACO1 (55219)	MACO1	3.28095631383106
PTPN20 (26095)	PTPN20	0
GDF5OS (554250)	GDF5OS	0
ZDBF2 (57683)	ZDBF2	0
TXNDC8 (255220)	TXNDC8	0
AWAT1 (158833)	AWAT1	0
DAXX (1616)	DAXX	5.98436149044871
BMPR2 (659)	BMPR2	2.87381319835909
TCEA3 (6920)	TCEA3	2.95791459863299
PFDN6 (10471)	PFDN6	7.13637597774421
RING1 (6015)	RING1	4.9518675043269
HSD17B8 (7923)	HSD17B8	4.13175409098481
RXRB (6257)	RXRB	4.91025296279928
OXLD1 (339229)	OXLD1	4.73660487531425
OR13C3 (138803)	OR13C3	0
COL11A2 (1302)	COL11A2	0.367371065648529
HLA-DOA (3111)	HLA-DOA	0.137503523749935
BRD2 (6046)	BRD2	7.43854237365308
HLA-DMA (3108)	HLA-DMA	2.44625622988956
COL5A2 (1290)	COL5A2	0.124328135002202
PSMB8 (5696)	PSMB8	3.74092756031863
TAP2 (6891)	TAP2	4.59275601044103
SPIN3 (169981)	SPIN3	3.799087306074
NBDY (550643)	NBDY	4.674686619928
TMEM235 (283999)	TMEM235	0
PAGE3 (139793)	PAGE3	0
HLA-DRA (3122)	HLA-DRA	0.565597175854225
BTNL2 (56244)	BTNL2	0
COL15A1 (1306)	COL15A1	0
C6orf10 (10665)	C6orf10	0
TMEM225 (338661)	TMEM225	0
NOTCH4 (4855)	NOTCH4	0.400537929583729
PBX2 (5089)	PBX2	4.64731450954714
AGER (177)	AGER	1.98913900736823
RNF5 (6048)	RNF5	5.00315244866692
AGPAT1 (10554)	AGPAT1	5.03298241669943
PJVK (494513)	PJVK	0.863938450423971
PRRT1 (80863)	PRRT1	0.250961573533219
FKBPL (63943)	FKBPL	2.65764000520782
MRPL38 (64978)	MRPL38	5.64932804098478
SMIM5 (643008)	SMIM5	1.22650852980868
ERICH2 (285141)	ERICH2	0.286881147788162
SP5 (389058)	SP5	2.18903382439002
STK19 (8859)	STK19	4.74416109557041
CD300LD (100131439)	CD300LD	0
BTBD17 (388419)	BTBD17	0.111031312388744
DXO (1797)	DXO	4.55090066464752
SKIV2L (6499)	SKIV2L	5.06177619758669
C9orf129 (445577)	C9orf129	0
NELFE (7936)	NELFE	6.0931798467655
NXPE2 (120406)	NXPE2	0
SPANXN5 (494197)	SPANXN5	0
ZBTB12 (221527)	ZBTB12	3.68257329734758
SDHD (6392)	SDHD	7.36640964765943
EHMT2 (10919)	EHMT2	5.35720008486005
XAGE1A (653220)	XAGE1A	0.7311832415722
LAYN (143903)	LAYN	0
XAGE1B (653067)	XAGE1B	0
SLC44A4 (80736)	SLC44A4	6.57152513094636
NEU1 (4758)	NEU1	4.67694435910691
C6orf48 (50854)	C6orf48	7.35402893805439
HSPA1B (3304)	HSPA1B	7.08268130295035
HSPA1A (3303)	HSPA1A	6.57606857908809
HSPA1L (3305)	HSPA1L	0.748461233004036
LSM2 (57819)	LSM2	6.08470210801199
VARS (7407)	VARS	6.41953889151378
VWA7 (80737)	VWA7	1.30451104180995
CARD16 (114769)	CARD16	0.124328135002202
CASP12 (100506742)	CASP12	0
MBD5 (55777)	MBD5	3.01077983875324
MSH5 (4439)	MSH5	4.43562859405209
CSHL1 (1444)	CSHL1	0
MPIG6B (80739)	MPIG6B	0.20163386116965
LY6G6C (80740)	LY6G6C	0.505890929729957
LY6G6F (259215)	LY6G6F	0
ABHD16A (7920)	ABHD16A	4.06695024392463
LY6G5C (80741)	LY6G5C	1.40599235967584
CSNK2B (1460)	CSNK2B	7.24069594421251
GPANK1 (7918)	GPANK1	3.84799690655495
C6orf47 (57827)	C6orf47	3.88362081628567
FAM155A (728215)	FAM155A	0
APOM (55937)	APOM	2.24184018356467
TRIM49C (642612)	TRIM49C	0
TRIM64 (120146)	TRIM64	0
BAG6 (7917)	BAG6	7.06802583857736
PRRC2A (7916)	PRRC2A	6.46074256378964
AIF1 (199)	AIF1	0.137503523749935
NCR3 (259197)	NCR3	0
PRAMEF20 (645425)	PRAMEF20	0
PRAMEF17 (391004)	PRAMEF17	0
PRAMEF19 (645414)	PRAMEF19	0
PRAMEF14 (729528)	PRAMEF14	0
LST1 (7940)	LST1	0
NFKBIL1 (4795)	NFKBIL1	3.46597446450407
PRAMEF15 (653619)	PRAMEF15	0
PRAMEF9 (343070)	PRAMEF9	0
PRAMEF7 (441871)	PRAMEF7	0
MCCD1 (401250)	MCCD1	0
ZNF814 (730051)	ZNF814	3.59454854955035
MICB (4277)	MICB	0.20163386116965
AADACL4 (343066)	AADACL4	0
ZNF551 (90233)	ZNF551	3.08915913191124
MICA (100507436)	MICA	4.31903981556254
ZNF805 (390980)	ZNF805	1.75274859140713
HLA-C (3107)	HLA-C	5.52732060787705
POU5F1 (5460)	POU5F1	1.79493566280354
ZSCAN5C (649137)	ZSCAN5C	0.0285691521967709
CCHCR1 (54535)	CCHCR1	4.46139758992616
PSORS1C2 (170680)	PSORS1C2	0.321928094887362
CDSN (1041)	CDSN	0
PSORS1C1 (170679)	PSORS1C1	1.54596836910529
C6orf15 (29113)	C6orf15	0.526068811667588
MUC21 (394263)	MUC21	0
DEFB121 (245934)	DEFB121	0
DHX16 (8449)	DHX16	5.02458563827827
C6orf136 (221545)	C6orf136	4.03386345186628
MRPS18B (28973)	MRPS18B	6.25171909260596
PPP1R10 (5514)	PPP1R10	4.86690797814317
KRTAP5-11 (440051)	KRTAP5-11	0
KRTAP5-10 (387273)	KRTAP5-10	0
ABCF1 (23)	ABCF1	6.09148827976428
PRR3 (80742)	PRR3	3.06350294230616
LILRB3 (11025)	LILRB3	0.432959407276106
DDR1 (780)	DDR1	5.93593113975227
LRCOL1 (100507055)	LRCOL1	0
GNL1 (2794)	GNL1	5.11603199344711
HLA-E (3133)	HLA-E	5.51569983828404
DPRX (503834)	DPRX	0.0976107966264223
TRIM39 (56658)	TRIM39	3.4931349223055
ZNF468 (90333)	ZNF468	4.74416109557041
TRIM15 (89870)	TRIM15	2.98367769469807
ZNF616 (90317)	ZNF616	2.12101540096137
FOXB2 (442425)	FOXB2	0
TRIM10 (10107)	TRIM10	1.26303440583379
TRIM40 (135644)	TRIM40	0.0285691521967709
TRIM31 (11074)	TRIM31	6.78502736223547
RNF39 (80352)	RNF39	2.23878685958712
PPP1R11 (6992)	PPP1R11	5.24564777363675
DISP3 (57540)	DISP3	0.20163386116965
RACK1 (10399)	RACK1	11.0087787482805
HLA-G (3135)	HLA-G	0.22650852980868
TBC1D8 (11138)	TBC1D8	4.30742852519225
NMS (129521)	NMS	0
HLA-F (3134)	HLA-F	2.05311133645956
ZFP57 (346171)	ZFP57	0
ASPDH (554235)	ASPDH	0.189033824390017
MOG (4340)	MOG	0
OR2H2 (7932)	OR2H2	0
CBY3 (646019)	CBY3	0.20163386116965
C5orf60 (285679)	C5orf60	0.111031312388744
C9orf57 (138240)	C9orf57	0
IL31 (386653)	IL31	0
AKT1S1 (84335)	AKT1S1	6.43546191447928
FAM153C (653316)	FAM153C	0.0426443374084937
GABBR1 (2550)	GABBR1	0.37851162325373
CASC10 (399726)	CASC10	0.0426443374084937
C10orf113 (387638)	C10orf113	0
MAS1L (116511)	MAS1L	0
OR2H1 (26716)	OR2H1	0
OR11A1 (26531)	OR11A1	0
OR14J1 (442191)	OR14J1	0
OR2J2 (26707)	OR2J2	0
OR2J3 (442186)	OR2J3	0
OR2J1 (442185)	OR2J1	0
OR2B3 (442184)	OR2B3	0
OR2W1 (26692)	OR2W1	0
SPDYC (387778)	SPDYC	0.0565835283663675
C9orf135 (138255)	C9orf135	0
TRIM27 (5987)	TRIM27	5.2502036564993
MALRD1 (340895)	MALRD1	0.443606651475615
RANBP17 (64901)	RANBP17	2.06695024392463
INSYN2B (100131897)	INSYN2B	0.0143552929770701
FOXD4L5 (653427)	FOXD4L5	0.111031312388744
TTC25 (83538)	TTC25	0.782408564927373
MRPL53 (116540)	MRPL53	5.56468301696364
MROH6 (642475)	MROH6	5.95814667376272
ATXN2 (6311)	ATXN2	5.02502879449152
DCTN1 (1639)	DCTN1	5.4276061727819
SPATA31A1 (647060)	SPATA31A1	0
PNMA8B (57469)	PNMA8B	0
TCTN1 (79600)	TCTN1	2.58736499093646
FAM216A (29902)	FAM216A	3.5668151540109
ZBTB48 (3104)	ZBTB48	3.79389588254888
IGFL2 (147920)	IGFL2	0.678071905112638
IGFL4 (444882)	IGFL4	1.95977015521147
NAT8B (51471)	NAT8B	0
KRTAP9-3 (83900)	KRTAP9-3	0
KRTAP4-8 (728224)	KRTAP4-8	0
GPR20 (2843)	GPR20	0.31034012061215
KRTAP1-4 (728255)	KRTAP1-4	0
KRT40 (125115)	KRT40	1.31034012061215
KRT25 (147183)	KRT25	0
MZT1 (440145)	MZT1	5.81608765860021
SPINK9 (643394)	SPINK9	0
LRRC3C (100505591)	LRRC3C	0
PRR20B (729233)	PRR20B	0
PRR20A (122183)	PRR20A	0
ZNF155 (7711)	ZNF155	1.83995958748953
UQCC3 (790955)	UQCC3	5.36422222109353
FBXO48 (554251)	FBXO48	0.22650852980868
GRXCR2 (643226)	GRXCR2	0
FAM221B (392307)	FAM221B	0.070389327891398
CD177 (57126)	CD177	0
PSG5 (5673)	PSG5	0
ZNF783 (100289678)	ZNF783	3.94579495674006
ZNF425 (155054)	ZNF425	0.839959587489532
LRRC10B (390205)	LRRC10B	0.739848102699327
FBXO47 (494188)	FBXO47	0
C12orf73 (728568)	C12orf73	4.01167453338092
TRIM13 (10206)	TRIM13	3.49825086752783
ERICH4 (100170765)	ERICH4	0.0565835283663675
MS4A13 (503497)	MS4A13	0
PRSS1 (5644)	PRSS1	1.42223300068305
SPIRE2 (84501)	SPIRE2	3.81762325751143
AARD (441376)	AARD	0
PABPN1L (390748)	PABPN1L	0
OR5D16 (390144)	OR5D16	0
OR5L2 (26338)	OR5L2	0
PKHD1L1 (93035)	PKHD1L1	0
SLFN12L (100506736)	SLFN12L	0
CLLU1OS (574016)	CLLU1OS	0.0840642647884745
SLC35B4 (84912)	SLC35B4	2.23572705983806
LGALS7 (3963)	LGALS7	0.632268215499513
SYCE1L (100130958)	SYCE1L	0.176322772640463
TMEM231 (79583)	TMEM231	1.99276843076892
FAM71F2 (346653)	FAM71F2	0.137503523749935
C2orf91 (400950)	C2orf91	0.344828496997441
CCNI2 (645121)	CCNI2	1.96347412397489
TMEM240 (339453)	TMEM240	0.839959587489532
FRG2 (448831)	FRG2	0
FAM205A (259308)	FAM205A	0
CDKL4 (344387)	CDKL4	0
TMEM88B (643965)	TMEM88B	1.70929063572336
ACCSL (390110)	ACCSL	0
C4orf47 (441054)	C4orf47	0.0565835283663675
TRIQK (286144)	TRIQK	3.73443866613717
SDHAF1 (644096)	SDHAF1	4.64673869830785
ARID3C (138715)	ARID3C	0.0565835283663675
PSENEN (55851)	PSENEN	6.23035674505615
C11orf91 (100131378)	C11orf91	0
FABP9 (646480)	FABP9	0
ZBTB10 (65986)	ZBTB10	0.782408564927373
C4orf46 (201725)	C4orf46	2.65535182861255
SCGB2B2 (284402)	SCGB2B2	0.111031312388744
CCDC144NL (339184)	CCDC144NL	0
LGR4 (55366)	LGR4	5.18070484019556
PSMB10 (5699)	PSMB10	5.58886451819015
VIT (5212)	VIT	0
SPDYE2 (441273)	SPDYE2	1.09761079662642
E2F4 (1874)	E2F4	6.19869058566892
PDE7A (5150)	PDE7A	3.56437816856506
TMEM170B (100113407)	TMEM170B	0.565597175854225
MUC12 (10071)	MUC12	2.56803210477128
CTXN3 (613212)	CTXN3	0
MGAT4D (152586)	MGAT4D	0
SNX2 (6643)	SNX2	5.18507363787676
SAP25 (100316904)	SAP25	2.18586654531133
NT5M (56953)	NT5M	0.20163386116965
SARNP (84324)	SARNP	6.79921685261393
OR6C68 (403284)	OR6C68	0
OR6C65 (403282)	OR6C65	0
OR6C3 (254786)	OR6C3	0
OR6C1 (390321)	OR6C1	0
ADGRG1 (9289)	ADGRG1	7.04264433740849
IPO7 (10527)	IPO7	6.49137211781517
PRR13 (54458)	PRR13	8.10480839428707
TECPR1 (25851)	TECPR1	4.00539998774259
MT1H (4496)	MT1H	0.22650852980868
SLCO6A1 (133482)	SLCO6A1	0
MT1A (4489)	MT1A	2.25096157353322
INSYN1 (388135)	INSYN1	0
MT1M (4499)	MT1M	0
CFI (3426)	CFI	0.0840642647884745
OR52E6 (390078)	OR52E6	0
SAMD9 (54809)	SAMD9	2.35614381022528
KRT6A (3853)	KRT6A	0.22650852980868
CNEP1R1 (255919)	CNEP1R1	2.72683121703249
KRT81 (3887)	KRT81	0.263034405833794
EXOC3L4 (91828)	EXOC3L4	1.65992455840238
KRTAP12-3 (386683)	KRTAP12-3	0
IZUMO3 (100129669)	IZUMO3	0
KRTAP10-2 (386679)	KRTAP10-2	0
TP53TG3D (729264)	TP53TG3D	0
TP53TG3C (653550)	TP53TG3C	0
ATP6AP1L (92270)	ATP6AP1L	0.411426245726465
CCDC85C (317762)	CCDC85C	3.93168305705981
OR52J3 (119679)	OR52J3	0
OR51A2 (401667)	OR51A2	0
OR51A4 (401666)	OR51A4	0
C2CD4B (388125)	C2CD4B	0
RGL3 (57139)	RGL3	5.85723458049979
NAP1L4 (4676)	NAP1L4	6.87085786436376
TMSB4X (7114)	TMSB4X	9.86003164636118
TMEM256 (254863)	TMEM256	5.73063995591679
C9orf92 (100129385)	C9orf92	0
CPT1B (1375)	CPT1B	1.20789285164133
SMN2 (6607)	SMN2	4.854993016757
SERF1B (728492)	SERF1B	5.68257329734758
HMGN1 (3150)	HMGN1	8.33539035469392
MUC19 (283463)	MUC19	0
DENND6B (414918)	DENND6B	1.81966818349646
EIF3CL (728689)	EIF3CL	6.07767027423275
LCMT1 (51451)	LCMT1	4.4535175792155
MFSD2B (388931)	MFSD2B	0.0840642647884745
VCX3B (425054)	VCX3B	0
CDPF1 (150383)	CDPF1	3.01613970265525
HTN3 (3347)	HTN3	0
LIN52 (91750)	LIN52	2.60407132366886
ARSH (347527)	ARSH	0.0426443374084937
ACOT6 (641372)	ACOT6	0
SMIM11A (54065)	SMIM11A	1.02856915219677
TECRL (253017)	TECRL	0
DPF3 (8110)	DPF3	0
MANSC4 (100287284)	MANSC4	0.0426443374084937
CYP2D7 (1564)	CYP2D7	1.86393845042397
ETFRF1 (144363)	ETFRF1	2.877744249949
C17orf107 (100130311)	C17orf107	0.565597175854225
MBD3L4 (653656)	MBD3L4	0
ITSN1 (6453)	ITSN1	3.11935617703968
ITPRIPL2 (162073)	ITPRIPL2	2.34766565630097
DENND1C (79958)	DENND1C	4.52732060787705
SLCO1B7 (338821)	SLCO1B7	0.344828496997441
CRLF2 (64109)	CRLF2	0
CRYZL1 (9946)	CRYZL1	3.08406426478847
C5orf51 (285636)	C5orf51	3.3743439890385
GAGE1 (2543)	GAGE1	0.321928094887362
ARRDC5 (645432)	ARRDC5	0
CYS1 (192668)	CYS1	0
PLPP6 (403313)	PLPP6	3.01613970265525
KLRC2 (3822)	KLRC2	1.66902676550963
KLRC3 (3823)	KLRC3	0.613531652917927
C16orf96 (342346)	C16orf96	0
GMNC (647309)	GMNC	0
TTC23L (153657)	TTC23L	0.641546029087524
CLEC6A (93978)	CLEC6A	0
C22orf42 (150297)	C22orf42	0
NANOGNB (360030)	NANOGNB	0
LRRC72 (100506049)	LRRC72	0
C1QTNF9B (387911)	C1QTNF9B	0.16349873228288
KRTAP5-6 (440023)	KRTAP5-6	0
KRTAP5-2 (440021)	KRTAP5-2	0.575312330687437
KRTAP5-1 (387264)	KRTAP5-1	1.28095631383106
DEFB134 (613211)	DEFB134	0
DEFB135 (613209)	DEFB135	0
DEFB136 (613210)	DEFB136	0
BHLHA9 (727857)	BHLHA9	0
ZNF316 (100131017)	ZNF316	4.36036427654347
DAZ4 (57135)	DAZ4	0
ONECUT3 (390874)	ONECUT3	0.0285691521967709
CEMP1 (752014)	CEMP1	2.25398926623079
OLIG2 (10215)	OLIG2	0
C21orf62 (56245)	C21orf62	0.0565835283663675
RNPS1 (10921)	RNPS1	7.59185890498717
DAZ2 (57055)	DAZ2	0
NYNRIN (57523)	NYNRIN	3.9126498648972
DNAJC19 (131118)	DNAJC19	5.91647664443772
IFITM5 (387733)	IFITM5	0.070389327891398
SMIM21 (284274)	SMIM21	0
C18orf63 (644041)	C18orf63	0
DEFA1 (1667)	DEFA1	0
DOK6 (220164)	DOK6	0
JPT2 (90861)	JPT2	6.55750199425594
TMEM211 (255349)	TMEM211	0
SERPINB11 (89778)	SERPINB11	0
SERPINB4 (6318)	SERPINB4	0
SERPINB5 (5268)	SERPINB5	4.00270252037982
ZDHHC11B (653082)	ZDHHC11B	3.08406426478847
KRTAP19-8 (728299)	KRTAP19-8	0
KRTAP20-3 (337985)	KRTAP20-3	0
KRTAP22-2 (100288287)	KRTAP22-2	0
KRTAP27-1 (643812)	KRTAP27-1	0
CFAP99 (402160)	CFAP99	0.137503523749935
GOLGA8O (728047)	GOLGA8O	0
TMEM191C (645426)	TMEM191C	0.978195629681652
RNASE13 (440163)	RNASE13	0.0285691521967709
HBA1 (3039)	HBA1	0
HBM (3042)	HBM	0
ELOA2 (51224)	ELOA2	0
ATP10A (57194)	ATP10A	0.0285691521967709
ANKUB1 (389161)	ANKUB1	0
TSSK2 (23617)	TSSK2	0.0976107966264223
PRR23A (729627)	PRR23A	0
FOXL2NB (401089)	FOXL2NB	0.0285691521967709
COL6A6 (131873)	COL6A6	0.0143552929770701
RAB12 (201475)	RAB12	4.25474519762921
LRRC30 (339291)	LRRC30	0
TMEM200C (645369)	TMEM200C	0
OR10C1 (442194)	OR10C1	0
HLA-A (3105)	HLA-A	8.49389546796569
HACD2 (201562)	HACD2	4.76128527336162
CFAP44 (55779)	CFAP44	3.59931779369823
CD200R1L (344807)	CD200R1L	0
LNP1 (348801)	LNP1	1.49569516262407
OR5K3 (403277)	OR5K3	0
VGLL3 (389136)	VGLL3	0.0840642647884745
PRSS50 (29122)	PRSS50	0.0143552929770701
TRIM71 (131405)	TRIM71	0
ZCWPW2 (152098)	ZCWPW2	0
ANKRD28 (23243)	ANKRD28	4.01881218574282
COLQ (8292)	COLQ	0.124328135002202
METTL6 (131965)	METTL6	3.30012372456901
XKR4 (114786)	XKR4	0
GPX3 (2878)	GPX3	4.82171021503467
DIO2 (1734)	DIO2	0.070389327891398
SELENOH (280636)	SELENOH	7.75775667901082
DIO1 (1733)	DIO1	0.464668267003444
AKR7L (246181)	AKR7L	3.2585189247113
STK38L (23012)	STK38L	4.25625587320273
SACM1L (22908)	SACM1L	4.3305584000308
TSN (7247)	TSN	5.51096191927738
SLC48A1 (55652)	SLC48A1	4.05658352836637
TSSK1B (83942)	TSSK1B	0
PRR22 (163154)	PRR22	0.948600847493356
TAS2R19 (259294)	TAS2R19	0.0976107966264223
TAS2R50 (259296)	TAS2R50	0.189033824390017
TAS2R14 (50840)	TAS2R14	1.20163386116965
TAS2R13 (50838)	TAS2R13	0.176322772640463
KRTAP16-1 (100505753)	KRTAP16-1	0.0285691521967709
KRTAP29-1 (100533177)	KRTAP29-1	0
KRTAP9-6 (100507608)	KRTAP9-6	0
CTAGE1 (64693)	CTAGE1	0
C17orf51 (339263)	C17orf51	0.526068811667588
KRTAP4-11 (653240)	KRTAP4-11	0
KRTAP4-9 (100132386)	KRTAP4-9	0
KRTAP2-3 (730755)	KRTAP2-3	0
KRTAP2-1 (81872)	KRTAP2-1	0
RTL8B (441518)	RTL8B	0
OR2A42 (402317)	OR2A42	0.0143552929770701
RNF208 (727800)	RNF208	1.74416109557041
KRTAP3-3 (85293)	KRTAP3-3	0
KRTAP3-2 (83897)	KRTAP3-2	0.0840642647884745
KRTAP3-1 (83896)	KRTAP3-1	0.298658315564515
MT-ND4L (4539)	MT-ND4L	13.2335148259263
MAP10 (54627)	MAP10	0
KRTAP12-4 (386684)	KRTAP12-4	0
KRTAP10-3 (386682)	KRTAP10-3	0
KRTAP6-3 (337968)	KRTAP6-3	0
POU5F1B (5462)	POU5F1B	0.263034405833794
ZNF580 (51157)	ZNF580	4.35120427725799
ZNF611 (81856)	ZNF611	1.63226821549951
KLK9 (284366)	KLK9	0
SYT3 (84258)	SYT3	0
NUP62 (23636)	NUP62	6.2293956531274
SPHAR (10638)	SPHAR	0
CGB8 (94115)	CGB8	0
DENND1B (163486)	DENND1B	1.91073266190291
SFT2D2 (375035)	SFT2D2	3.13257684267001
FGFR1OP (11116)	FGFR1OP	4.29130885982897
SCAF8 (22828)	SCAF8	3.96809075204526
CFAP45 (25790)	CFAP45	1.21412480535285
ACKR1 (2532)	ACKR1	0
ZNF254 (9534)	ZNF254	1.38404980679516
TCTEX1D2 (255758)	TCTEX1D2	4.24412594328373
CRYGS (1427)	CRYGS	0.871843648509318
CRIP1 (1396)	CRIP1	9.29611321196441
KLHL23 (151230)	KLHL23	2.93734439215023
LINGO4 (339398)	LINGO4	0
FAM24B (196792)	FAM24B	0.150559676575381
TRIM59 (286827)	TRIM59	3.02856915219677
MLLT11 (10962)	MLLT11	1.42223300068305
ASIC3 (9311)	ASIC3	1.60407132366886
GIMAP1 (170575)	GIMAP1	0
CCDC183 (84960)	CCDC183	3.30742852519225
ARHGEF35 (445328)	ARHGEF35	4.34766565630097
OR2F1 (26211)	OR2F1	0
CSH2 (1443)	CSH2	0
DNLZ (728489)	DNLZ	3.81147103052984
TCL1B (9623)	TCL1B	0
SUPT4H1 (6827)	SUPT4H1	6.08001802908917
TSGA13 (114960)	TSGA13	0
NRAS (4893)	NRAS	4.62058641045188
LTC4S (4056)	LTC4S	1.06350294230616
ANKRD39 (51239)	ANKRD39	3.74200621086674
QTRT1 (81890)	QTRT1	4.61765111942733
CHUK (1147)	CHUK	3.89820835250872
MXD3 (83463)	MXD3	3.99457972421575
GSTM2 (2946)	GSTM2	0
COG8 (84342)	COG8	4.36876834909033
ARHGAP19 (84986)	ARHGAP19	2.83995958748953
HAUS7 (55559)	HAUS7	5.5963388642052
LCAT (3931)	LCAT	1.6959938131099
MAGEA12 (4111)	MAGEA12	2.26603689399532
PTPRCAP (5790)	PTPRCAP	0.925999418556223
PVRIG (79037)	PVRIG	1.58014548442338
KRTAP4-12 (83755)	KRTAP4-12	0
KRTAP2-4 (85294)	KRTAP2-4	0.070389327891398
GPC2 (221914)	GPC2	1.790772037862
KRT222 (125113)	KRT222	0.0426443374084937
OR5AC1 (81431)	OR5AC1	0
SIPA1 (6494)	SIPA1	3.83086375675176
ERV3-1 (2086)	ERV3-1	2.03210084316702
SYNJ2BP (55333)	SYNJ2BP	2.81557542886257
ARL2 (402)	ARL2	5.58736499093646
GBP7 (388646)	GBP7	0
RBMXL1 (494115)	RBMXL1	2.9297909977186
SRA1 (10011)	SRA1	4.61529857909211
STIMATE (375346)	STIMATE	1.78240856492737
DNAJC9 (23234)	DNAJC9	4.99050111136325
C8orf82 (414919)	C8orf82	3.41142624572647
CPLX3 (594855)	CPLX3	0.0565835283663675
VDAC1 (7416)	VDAC1	6.96820597867691
ZBTB9 (221504)	ZBTB9	2.89141918684608
TMX2 (51075)	TMX2	6.96324290431883
HEXA (3073)	HEXA	6.10601323762212
NDUFS3 (4722)	NDUFS3	6.72273923629671
LEPROT (54741)	LEPROT	4.55949181320504
LBH (81606)	LBH	0.321928094887362
ADAT3 (113179)	ADAT3	1.31034012061215
PPP1CB (5500)	PPP1CB	5.48252564076792
SULT1A4 (445329)	SULT1A4	3.20006486151431
GPSM3 (63940)	GPSM3	1.67355642399014
LAT (27040)	LAT	3.28392177230762
NCKIPSD (51517)	NCKIPSD	3.60288440871842
ATF6B (1388)	ATF6B	6.30250184411232
TREX1 (11277)	TREX1	3.58255600301406
S1PR3 (1903)	S1PR3	0.0143552929770701
SLC35F6 (54978)	SLC35F6	2.97269265400426
FAM209B (388799)	FAM209B	0.0840642647884745
CLIC1 (1192)	CLIC1	8.83431302434839
DDAH2 (23564)	DDAH2	5.75488750216347
RPS29 (6235)	RPS29	11.7462623733471
UGT2B11 (10720)	UGT2B11	0.0143552929770701
ATP6V1G2 (534)	ATP6V1G2	0.31034012061215
ZNF134 (7693)	ZNF134	0.0285691521967709
GTF2H4 (2968)	GTF2H4	4.47767732756531
DDX47 (51202)	DDX47	5.67553368622549
ZNF888 (388559)	ZNF888	3.74308405554959
ZNF845 (91664)	ZNF845	1.90689059560852
KLRK1 (22914)	KLRK1	0.321928094887362
CEACAM18 (729767)	CEACAM18	0.0285691521967709
EMP2 (2013)	EMP2	5.23993261348524
KCTD11 (147040)	KCTD11	2.13093086982645
C8orf44 (56260)	C8orf44	2.67355642399014
UBD (10537)	UBD	0
PPM1N (147699)	PPM1N	3.98823022306046
CEACAM16 (388551)	CEACAM16	0
SLC23A3 (151295)	SLC23A3	3.65420637794429
LTB4R (1241)	LTB4R	2.58496250072116
LTB4R2 (56413)	LTB4R2	2.39780296186249
DNASE1 (1773)	DNASE1	3.85798099512757
MDP1 (145553)	MDP1	3.83592407425437
LEUTX (342900)	LEUTX	0
CSNK1E (1454)	CSNK1E	6.05593312860741
CCL27 (10850)	CCL27	0.176322772640463
IRF9 (10379)	IRF9	3.09085343045111
GALT (2592)	GALT	3.88849973551412
HBE1 (3046)	HBE1	0.0976107966264223
HBG1 (3047)	HBG1	0
CLDN9 (9080)	CLDN9	1.43829285157915
ITGA1 (3672)	ITGA1	3.21878116778407
NUDT19 (390916)	NUDT19	3.10433665981474
ZNF726 (730087)	ZNF726	0
ZNF99 (7652)	ZNF99	0
TAX1BP3 (30851)	TAX1BP3	5.29425313644451
AP1G2 (8906)	AP1G2	5.48928602262588
ZNF90 (7643)	ZNF90	0.765534746362977
NAXD (55739)	NAXD	5.18903382439002
TM6SF2 (53345)	TM6SF2	0
MEF2B (100271849)	MEF2B	0.344828496997441
GANC (2595)	GANC	2.6667565918848
TTLL3 (26140)	TTLL3	2.76977173924945
REPIN1 (29803)	REPIN1	7.17602351005528
MRPL23 (6150)	MRPL23	6.9591905501091
ZNF891 (101060200)	ZNF891	0.963474123974886
IFNA7 (3444)	IFNA7	0
SMIM7 (79086)	SMIM7	5.64558638591361
FBXO16 (157574)	FBXO16	0.454175893185802
TSPAN4 (7106)	TSPAN4	4.0574502721839
CPNE1 (8904)	CPNE1	7.77787993678281
ARL16 (339231)	ARL16	4.83390207666916
SMCO1 (255798)	SMCO1	0
WEE2 (494551)	WEE2	0
MAGEB1 (4112)	MAGEB1	0
LYRM4 (57128)	LYRM4	4.45483390689887
MYCBP (26292)	MYCBP	5.20906339534927
TMEM213 (155006)	TMEM213	0
PRCD (768206)	PRCD	0.495695162624069
ALG3 (10195)	ALG3	6.03254169727004
SH3D21 (79729)	SH3D21	3.58135124716878
SMIM30 (401397)	SMIM30	5.5512083739461
C19orf38 (255809)	C19orf38	0.070389327891398
IQCJ (654502)	IQCJ	0
C17orf67 (339210)	C17orf67	0.632268215499513
MINDY4B (646951)	MINDY4B	0
FIS1 (51024)	FIS1	7.81089291189221
ANG (283)	ANG	2.83187724119167
NPS (594857)	NPS	0
COLCA2 (120376)	COLCA2	4.79649392942584
SPDYE3 (441272)	SPDYE3	1.87184364850932
MBLAC1 (255374)	MBLAC1	0.53605290024021
C3orf56 (285311)	C3orf56	0
FOXI3 (344167)	FOXI3	0
SOGA3 (387104)	SOGA3	0.124328135002202
NEURL1B (54492)	NEURL1B	0.20163386116965
EFCAB9 (285588)	EFCAB9	0
HAUS3 (79441)	HAUS3	3.18745105402733
VSTM5 (387804)	VSTM5	0.16349873228288
LCNL1 (401562)	LCNL1	0.0285691521967709
BBIP1 (92482)	BBIP1	4.55949181320504
TRIM77 (390231)	TRIM77	0
GNAT3 (346562)	GNAT3	0
AS3MT (57412)	AS3MT	0.0565835283663675
FAM187A (100528020)	FAM187A	1.44890095114513
PLIN5 (440503)	PLIN5	1.13750352374994
SEC14L6 (730005)	SEC14L6	0
SPINK13 (153218)	SPINK13	0
HIGD1C (613227)	HIGD1C	0.263034405833794
NOTO (344022)	NOTO	0
PPME1 (51400)	PPME1	4.89093302170554
KRTAP2-2 (728279)	KRTAP2-2	0
STARD10 (10809)	STARD10	8.96639008936918
ZNF705E (100131539)	ZNF705E	0.0565835283663675
NUTM2D (728130)	NUTM2D	0.956056652412403
CPEB1 (64506)	CPEB1	0.0143552929770701
EML6 (400954)	EML6	0.464668267003444
DEFB113 (245927)	DEFB113	0
DEFB133 (403339)	DEFB133	0
ZNF727 (442319)	ZNF727	0.286881147788162
ZSWIM8 (23053)	ZSWIM8	4.94157586181824
IQCF5 (389124)	IQCF5	0
IQCF6 (440956)	IQCF6	0
C10orf105 (414152)	C10orf105	0.137503523749935
ARHGEF33 (100271715)	ARHGEF33	0.0143552929770701
C12orf71 (728858)	C12orf71	0.0976107966264223
IFRD2 (7866)	IFRD2	5.98891186495402
CAPN14 (440854)	CAPN14	0
ZBED1 (9189)	ZBED1	3.51096191927738
TOMM6 (100188893)	TOMM6	8.341496585
HNRNPUL2 (221092)	HNRNPUL2	6.36876834909033
CSKMT (751071)	CSKMT	3.95512678126137
MS4A18 (728588)	MS4A18	0
MS4A4E (643680)	MS4A4E	0
FER1L6 (654463)	FER1L6	0.150559676575381
CDRT15L2 (256223)	CDRT15L2	0
MTCP1 (4515)	MTCP1	3.29278174922785
RAD51AP2 (729475)	RAD51AP2	0
EVPLL (645027)	EVPLL	0.75702324650746
DCDC2C (728597)	DCDC2C	0
SMTNL1 (219537)	SMTNL1	0
TRIM64C (646754)	TRIM64C	0
PNMA6E (649238)	PNMA6E	0.070389327891398
SPATA31D1 (389763)	SPATA31D1	0
NPIPA8 (101059953)	NPIPA8	0.150559676575381
ZSWIM7 (125150)	ZSWIM7	3.89044669267991
GPR33 (2856)	GPR33	0.0285691521967709
ARHGEF28 (64283)	ARHGEF28	3.77399632511117
TBC1D26 (353149)	TBC1D26	0
LRRC69 (100130742)	LRRC69	0.454175893185802
ISPD (729920)	ISPD	0.799087306074004
NPIPA7 (101059938)	NPIPA7	2.92789645372882
GSG1L2 (644070)	GSG1L2	0
ACSM4 (341392)	ACSM4	0
RTL10 (79680)	RTL10	4.73063995591679
COL28A1 (340267)	COL28A1	0.263034405833794
PHB2 (11331)	PHB2	8.00011270614754
TCP11X2 (100996648)	TCP11X2	0.0285691521967709
NEURL4 (84461)	NEURL4	4.04526821513853
GRID2IP (392862)	GRID2IP	0.0426443374084937
CXorf49B (100132994)	CXorf49B	0
UBXN2B (137886)	UBXN2B	3.58255600301406
CXorf49 (100130361)	CXorf49	0
CBWD6 (644019)	CBWD6	4.69488019279919
C16orf90 (646174)	C16orf90	0
PRSS41 (360226)	PRSS41	0.0426443374084937
NLRP2B (286430)	NLRP2B	0
MUC5AC (4586)	MUC5AC	4.51916444980607
MSMP (692094)	MSMP	0.111031312388744
GOLGA6B (55889)	GOLGA6B	0
FAM166B (730112)	FAM166B	0.0840642647884745
PEX26 (55670)	PEX26	3.66789212523023
GRXCR1 (389207)	GRXCR1	0
C5orf49 (134121)	C5orf49	0.0143552929770701
UBE2QL1 (134111)	UBE2QL1	0
FASTKD5 (60493)	FASTKD5	3.56315813040281
GOLGA8B (440270)	GOLGA8B	4.20006486151431
KCNU1 (157855)	KCNU1	0
GAGE12G (645073)	GAGE12G	0
HOMEZ (57594)	HOMEZ	2.87184364850932
GAGE10 (102724473)	GAGE10	0
RNF212B (100507650)	RNF212B	0
DDX3X (1654)	DDX3X	6.7279204545632
VPS16 (64601)	VPS16	3.92694824794977
ZNF705D (728957)	ZNF705D	0.0143552929770701
ZNF705B (100132396)	ZNF705B	0
ZNF705G (100131980)	ZNF705G	0
MYL5 (4636)	MYL5	2.91647664443772
SCRT2 (85508)	SCRT2	0
ZNF407 (55628)	ZNF407	2.02856915219677
NPEPL1 (79716)	NPEPL1	3.20945336562895
KRTAP10-4 (386672)	KRTAP10-4	0
KRTAP10-1 (386677)	KRTAP10-1	0
SKOR2 (652991)	SKOR2	0
SIAH3 (283514)	SIAH3	0
EFCAB8 (388795)	EFCAB8	0.0565835283663675
DEFB116 (245930)	DEFB116	0
DEFB115 (245929)	DEFB115	0
GAB4 (128954)	GAB4	0
C20orf202 (400831)	C20orf202	0.0840642647884745
HMX1 (3166)	HMX1	0
GCGR (2642)	GCGR	0.55581615506164
RSC1A1 (6248)	RSC1A1	0
CELA2B (51032)	CELA2B	0
TMEM242 (729515)	TMEM242	2.40053792958373
TMEM167B (56900)	TMEM167B	4.17072627613155
FAM72D (728833)	FAM72D	2.50080205305716
TNFRSF25 (8718)	TNFRSF25	2.91456452349394
SLC35E2A (9906)	SLC35E2A	3.31034012061215
ZC3H11B (643136)	ZC3H11B	0.16349873228288
TSTD1 (100131187)	TSTD1	6.44111824453277
RPTN (126638)	RPTN	0
CYB5RL (606495)	CYB5RL	2.33913738491959
LACTBL1 (646262)	LACTBL1	0
C1orf167 (284498)	C1orf167	1.04264433740849
TTC34 (100287898)	TTC34	0.411426245726465
ATAD3C (219293)	ATAD3C	1.799087306074
IFI30 (10437)	IFI30	5.80864246791806
IGSF23 (147710)	IGSF23	0.0565835283663675
GAGE12E (729431)	GAGE12E	0
CCDC7 (79741)	CCDC7	0.773996325111173
FNIP1 (96459)	FNIP1	2.43028527297778
SP9 (100131390)	SP9	0
SYCE3 (644186)	SYCE3	0.176322772640463
CKLF (51192)	CKLF	7.07092594498551
PAM16 (51025)	PAM16	5.84323015049655
CDC14C (168448)	CDC14C	0.0285691521967709
TENM3 (55714)	TENM3	1.60407132366886
CEBPZOS (100505876)	CEBPZOS	5.04308198189566
TDRD15 (100129278)	TDRD15	0
PAPOLB (56903)	PAPOLB	0
ZNF579 (163033)	ZNF579	4.12845838414693
CELA3B (23436)	CELA3B	0.286881147788162
RNASEK (440400)	RNASEK	6.78070379396761
CATSPERZ (25858)	CATSPERZ	1.24488705912353
FAM19A5 (25817)	FAM19A5	0.0143552929770701
NBPF1 (55672)	NBPF1	3.15055967657538
UMAD1 (729852)	UMAD1	2.46466826700344
PPP1R3G (648791)	PPP1R3G	0.0285691521967709
FAM228B (375190)	FAM228B	1.0071955014042
LINGO3 (645191)	LINGO3	0.0143552929770701
ZGLP1 (100125288)	ZGLP1	0.432959407276106
VAMP2 (6844)	VAMP2	3.60999129521268
OR6B1 (135946)	OR6B1	0
EBF2 (64641)	EBF2	0
C6orf226 (441150)	C6orf226	2.85996954822103
PPP3R1 (5534)	PPP3R1	4.86393845042397
PSG3 (5671)	PSG3	0
FANCG (2189)	FANCG	4.98093926608551
OR2A5 (393046)	OR2A5	0
KRTAP10-9 (386676)	KRTAP10-9	0
AP4M1 (9179)	AP4M1	4.56193705962243
OR4A5 (81318)	OR4A5	0
C2orf16 (84226)	C2orf16	0.871843648509318
KRTAP1-5 (83895)	KRTAP1-5	0
TAS2R41 (259287)	TAS2R41	0
OR2A12 (346525)	OR2A12	0.0143552929770701
KRTAP10-10 (353333)	KRTAP10-10	0
KRTAP12-2 (353323)	KRTAP12-2	0
PLXNA4 (91584)	PLXNA4	0
MAGEA3 (4102)	MAGEA3	3.48284828306847
CEBPD (1052)	CEBPD	2.02502879449152
PSG7 (5676)	PSG7	0
KRTAP1-3 (81850)	KRTAP1-3	0.0565835283663675
OR3A2 (4995)	OR3A2	0
ARIH2OS (646450)	ARIH2OS	0.739848102699327
ZBED8 (63920)	ZBED8	1.29278174922785
HMSD (284293)	HMSD	0.124328135002202
OR1C1 (26188)	OR1C1	0
NPTXR (23467)	NPTXR	0.150559676575381
POM121L12 (285877)	POM121L12	0
FAM200A (221786)	FAM200A	2.17632277264046
OR2F2 (135948)	OR2F2	0
PPP2R2A (5520)	PPP2R2A	4.01256867350306
C19orf73 (55150)	C19orf73	1.58976348698498
ZNF880 (400713)	ZNF880	0.22650852980868
TRIM16 (10626)	TRIM16	4.33842441478356
OR6X1 (390260)	OR6X1	0
HEPN1 (641654)	HEPN1	0
OR2A25 (392138)	OR2A25	0
TAS2R40 (259286)	TAS2R40	0
OR2A14 (135941)	OR2A14	0.0976107966264223
TIGD1 (200765)	TIGD1	2.83995958748953
FXYD7 (53822)	FXYD7	0
XKR9 (389668)	XKR9	1.13093086982645
OR4C12 (283093)	OR4C12	0
SLC12A8 (84561)	SLC12A8	4.38128337250378
KIR2DS4 (3809)	KIR2DS4	0
APOL6 (80830)	APOL6	1.6915341649192
FADS3 (3995)	FADS3	3.64385618977472
OR2A1 (346528)	OR2A1	0.0976107966264223
OR4E2 (26686)	OR4E2	0
CCNL2 (81669)	CCNL2	6.8939688694671
UBA52 (7311)	UBA52	9.72193652927761
MYBPHL (343263)	MYBPHL	0.0565835283663675
PPT2 (9374)	PPT2	2.95233356636969
OR2A2 (442361)	OR2A2	0
ZNF630 (57232)	ZNF630	0.765534746362977
TIAF1 (9220)	TIAF1	1.38956681176273
OR52B4 (143496)	OR52B4	0
BTBD19 (149478)	BTBD19	3.11769504266975
FAM185A (222234)	FAM185A	2.46205231879643
RAB6C (84084)	RAB6C	0.0976107966264223
FAM243A (101928147)	FAM243A	0.111031312388744
PSMB11 (122706)	PSMB11	0
POTEM (641455)	POTEM	0
POTEJ (653781)	POTEJ	0
DCDC2B (149069)	DCDC2B	0.298658315564515
C10orf55 (414236)	C10orf55	0.0143552929770701
TRIM49D1 (399939)	TRIM49D1	0
USP17L2 (377630)	USP17L2	0.0285691521967709
EXOSC6 (118460)	EXOSC6	2.70265754339091
VPS52 (6293)	VPS52	5.4937754084607
CDRT15 (146822)	CDRT15	0.0840642647884745
ZNF844 (284391)	ZNF844	0.485426827170242
USP17L15 (100288520)	USP17L15	0
CKMT1A (548596)	CKMT1A	2.60407132366886
TINCR (257000)	TINCR	0.0285691521967709
CENPVL1 (389857)	CENPVL1	0
EBLN1 (340900)	EBLN1	0.0426443374084937
HBD (3045)	HBD	0
ZNF735 (730291)	ZNF735	0
RFPL4A (342931)	RFPL4A	0
C1GALT1C1L (728819)	C1GALT1C1L	0.985500430304885
SUPT20HL1 (100130302)	SUPT20HL1	0
CERS1 (10715)	CERS1	0.070389327891398
HLA-DPB1 (3115)	HLA-DPB1	0.0840642647884745
C1QTNF5 (114902)	C1QTNF5	0.27500704749987
CPTP (80772)	CPTP	4.03121873061072
CT47A10 (728036)	CT47A10	0
ETDB (100129515)	ETDB	0
CENPVL3 (347549)	CENPVL3	0
PRR29 (92340)	PRR29	0.150559676575381
C4B (721)	C4B	1.02147972741045
ADM5 (199800)	ADM5	2.13750352374994
CXorf51A (100129239)	CXorf51A	0
ATXN1L (342371)	ATXN1L	3.42088657497553
SMIM13 (221710)	SMIM13	2.22958792274065
GPX5 (2880)	GPX5	0
GAGE12J (729396)	GAGE12J	0
NPIPA3 (642778)	NPIPA3	1.04264433740849
NDUFAF8 (284184)	NDUFAF8	5.57742882803575
GAGE12H (729442)	GAGE12H	0
PRRT4 (401399)	PRRT4	0.0285691521967709
PPP4R3C (139420)	PPP4R3C	0
TMEM233 (387890)	TMEM233	0
PNMA6F (105373377)	PNMA6F	0
PVALEF (388428)	PVALEF	0.070389327891398
PLEKHM1 (9842)	PLEKHM1	3.63226821549951
USP17L3 (645836)	USP17L3	0
CT62 (196993)	CT62	0.31034012061215
FAM236D (105373251)	FAM236D	0
MKRN2OS (100129480)	MKRN2OS	0.948600847493356
C2CD4D (100191040)	C2CD4D	0.286881147788162
ZNF469 (84627)	ZNF469	0.137503523749935
MCRIP1 (348262)	MCRIP1	5.22342254993494
SLC26A6 (65010)	SLC26A6	4.0241423458978
OR6V1 (346517)	OR6V1	0
DEFB131B (100129216)	DEFB131B	0
FAM229A (100128071)	FAM229A	1.97452931248388
ERCC6 (2074)	ERCC6	2.50589092972996
FRG2B (441581)	FRG2B	0
NOL7 (51406)	NOL7	6.29167722317602
CTAGE4 (100128553)	CTAGE4	2.31034012061215
C5orf67 (101928448)	C5orf67	0
NTF4 (4909)	NTF4	0.37851162325373
ELFN1 (392617)	ELFN1	0.815575428862573
PIGBOS1 (101928527)	PIGBOS1	4.11852584893567
OR4A8 (81315)	OR4A8	0
CT47A6 (728062)	CT47A6	0
FTCDNL1 (348751)	FTCDNL1	0.53605290024021
TEX22 (647310)	TEX22	0.20163386116965
OR52I2 (143502)	OR52I2	0
CROCC2 (728763)	CROCC2	0
DCAF8L1 (139425)	DCAF8L1	0
USP17L7 (392197)	USP17L7	0
TMEM185B (79134)	TMEM185B	4.59872249967662
CT47A9 (728042)	CT47A9	0
KIF4B (285643)	KIF4B	0.16349873228288
CT47A12 (100507170)	CT47A12	0
HSBP1L1 (440498)	HSBP1L1	5.18863829456139
TAS2R46 (259292)	TAS2R46	0
SRRM5 (100170229)	SRRM5	1.49569516262407
PGAM4 (441531)	PGAM4	0.070389327891398
C13orf42 (647166)	C13orf42	0
MROH5 (389690)	MROH5	0
ERVMER34-1 (100288413)	ERVMER34-1	1.40053792958373
CT47A11 (255313)	CT47A11	0
RBMY1J (378951)	RBMY1J	0
LTA (4049)	LTA	0.070389327891398
C14orf132 (56967)	C14orf132	0.0143552929770701
WDR46 (9277)	WDR46	5.50716034911752
ANHX (647589)	ANHX	0
ZNF717 (100131827)	ZNF717	2
USP17L5 (728386)	USP17L5	0
PRR20D (729246)	PRR20D	0
OR2T7 (81458)	OR2T7	0
SPANXB1 (728695)	SPANXB1	0
KLLN (100144748)	KLLN	0.432959407276106
PARG (8505)	PARG	4.11769504266975
AKR1B15 (441282)	AKR1B15	0.0143552929770701
GAGE12D (100132399)	GAGE12D	0
SCAMP4 (113178)	SCAMP4	4.92837032301897
LTB (4050)	LTB	0.505890929729957
USP17L12 (100287205)	USP17L12	0
RD3L (647286)	RD3L	0
TEX46 (729059)	TEX46	0.137503523749935
MRLN (100507027)	MRLN	0.0565835283663675
POLR2J2 (246721)	POLR2J2	1.50080205305716
BOD1L2 (284257)	BOD1L2	0
IFNA14 (3448)	IFNA14	0
OR2M3 (127062)	OR2M3	0
MT-ATP8 (4509)	MT-ATP8	16.3489182975363
ORM2 (5005)	ORM2	0
C19orf24 (55009)	C19orf24	5.25171909260596
TSTD3 (100130890)	TSTD3	1.09085343045111
OST4 (100128731)	OST4	7.59671156694847
C2orf92 (728537)	C2orf92	1.19534759832222
CT47A7 (653282)	CT47A7	0
VN1R4 (317703)	VN1R4	0
NUTM2E (283008)	NUTM2E	0
FNDC10 (643988)	FNDC10	0.0143552929770701
CLDN25 (644672)	CLDN25	0
ZNF883 (169834)	ZNF883	0
PROB1 (389333)	PROB1	2.06004738366994
ARL17B (100506084)	ARL17B	3.02147972741045
DHFR (1719)	DHFR	5.7599547420113
SAPCD1 (401251)	SAPCD1	3.28688114778816
HCG22 (285834)	HCG22	0
CT45A5 (441521)	CT45A5	0
USP17L30 (728419)	USP17L30	0
TSPY3 (728137)	TSPY3	0.0143552929770701
RPL41 (6171)	RPL41	11.9619560681736
PGA4 (643847)	PGA4	0.0285691521967709
RFPL4AL1 (729974)	RFPL4AL1	0
ORM1 (5004)	ORM1	0
SFTA3 (253970)	SFTA3	0
SPINK8 (646424)	SPINK8	0
PATL2 (197135)	PATL2	0.20163386116965
NKX1-2 (390010)	NKX1-2	0.0143552929770701
TSPY8 (728403)	TSPY8	0.111031312388744
PRAMEF25 (441873)	PRAMEF25	0
USP17L26 (728379)	USP17L26	0
PRAC2 (360205)	PRAC2	0.137503523749935
PRR20C (729240)	PRR20C	0.0143552929770701
ZNF492 (57615)	ZNF492	0
ZNF688 (146542)	ZNF688	1.4905701304462
PET100 (100131801)	PET100	5.6915341649192
PGA3 (643834)	PGA3	0.070389327891398
FAM90A26 (100287045)	FAM90A26	0
PRPS1L1 (221823)	PRPS1L1	0
IQCF3 (401067)	IQCF3	0
POTEB2 (100287399)	POTEB2	0
TEX53 (105376230)	TEX53	0
ANKRD66 (100287718)	ANKRD66	0
ACBD6 (84320)	ACBD6	5.2364926183813
OR4F3 (26683)	OR4F3	0
NFE4 (58160)	NFE4	0
OR5H6 (79295)	OR5H6	0
CT47A8 (728049)	CT47A8	0
USP17L25 (728373)	USP17L25	0
ANKRD18B (441459)	ANKRD18B	0
PPP5D1 (100506012)	PPP5D1	0.485426827170242
MBD3L2 (125997)	MBD3L2	0
USP17L1 (401447)	USP17L1	0
CCDC192 (728586)	CCDC192	0.321928094887362
CT47A4 (728075)	CT47A4	0
TEX48 (100505478)	TEX48	0
PRB4 (5545)	PRB4	0.111031312388744
SETSIP (646817)	SETSIP	0.641546029087524
ANKRD63 (100131244)	ANKRD63	0
YY2 (404281)	YY2	1.16992500144231
STMND1 (401236)	STMND1	0
HSBP1 (3281)	HSBP1	6.28466218548316
USP17L28 (728400)	USP17L28	0
KRTAP21-3 (100288323)	KRTAP21-3	0
OR5H1 (26341)	OR5H1	0
PLSCR5 (389158)	PLSCR5	0.0426443374084937
CFAP97D1 (284067)	CFAP97D1	0
SBK3 (100130827)	SBK3	0.31034012061215
HLA-DPA1 (3113)	HLA-DPA1	0.16349873228288
USP17L10 (100287144)	USP17L10	0
RPS18 (6222)	RPS18	12.2785656125654
USP17L29 (728405)	USP17L29	0
TSPAN19 (144448)	TSPAN19	0
AKAIN1 (642597)	AKAIN1	0
CYP21A2 (1589)	CYP21A2	0
OR5K2 (402135)	OR5K2	0
PRH1 (5554)	PRH1	2.52857131887076
PSG1 (5669)	PSG1	0
TAPBP (6892)	TAPBP	4.77610398807316
PPP1R2B (153743)	PPP1R2B	0.0426443374084937
ZBED9 (114821)	ZBED9	0.956056652412403
TMEM253 (643382)	TMEM253	0.356143810225275
TMA7 (51372)	TMA7	8.3482855418512
TEX50 (730159)	TEX50	0
MCTS1 (28985)	MCTS1	5.98641093525204
DYTN (391475)	DYTN	0
MTRNR2L4 (100463285)	MTRNR2L4	0.263034405833794
ASCL5 (647219)	ASCL5	0.344828496997441
TMEM114 (283953)	TMEM114	0
KRTAP25-1 (100131902)	KRTAP25-1	0
USP17L24 (728369)	USP17L24	0
OR52I1 (390037)	OR52I1	0.0143552929770701
OR5K1 (26339)	OR5K1	0
SMIM26 (388789)	SMIM26	6.80025280637239
USP17L13 (100287238)	USP17L13	0
PRAMEF6 (440561)	PRAMEF6	0
AJM1 (389813)	AJM1	2.79701297783614
OR5H8 (79289)	OR5H8	0
HLA-DQB2 (3120)	HLA-DQB2	0
GOLGA8N (643699)	GOLGA8N	0.137503523749935
TNF (7124)	TNF	0.0285691521967709
PET117 (100303755)	PET117	3.91838623444635
LYRM9 (201229)	LYRM9	0.356143810225275
DEFB130A (245940)	DEFB130A	0
PHGR1 (644844)	PHGR1	7.03716255012738
DEFB130B (100133267)	DEFB130B	0
RAB6D (150786)	RAB6D	0.400537929583729
USP17L11 (100287178)	USP17L11	0.0285691521967709
RNF224 (643596)	RNF224	0.400537929583729
GPX1 (2876)	GPX1	6.9481335778404
OR5H15 (403274)	OR5H15	0
BTBD18 (643376)	BTBD18	0.214124805352847
TMEM238 (388564)	TMEM238	2.34482849699744
TWIST2 (117581)	TWIST2	0.0285691521967709
PIRT (644139)	PIRT	0.0285691521967709
PRR23C (389152)	PRR23C	0
TRIM49D2 (729384)	TRIM49D2	0
TSPY4 (728395)	TSPY4	0
IFNA13 (3447)	IFNA13	0
HIST1H2BN (8341)	HIST1H2BN	1.21412480535285
POTEB (100996331)	POTEB	0
RPS28 (6234)	RPS28	8.15921541722134
CTXN2 (399697)	CTXN2	0
UQCRHL (440567)	UQCRHL	4.08831123588866
PAGE2 (203569)	PAGE2	0
TRIM26 (7726)	TRIM26	5.40735275114004
C16orf82 (162083)	C16orf82	0
TMEM229A (730130)	TMEM229A	0
PRR20E (729250)	PRR20E	0
ZNF879 (345462)	ZNF879	0
H2BFS (54145)	H2BFS	0.53605290024021
CCDC188 (388849)	CCDC188	0.526068811667588
RBMY1A1 (5940)	RBMY1A1	0
KBTBD13 (390594)	KBTBD13	0.0143552929770701
ZNF736 (728927)	ZNF736	1.23878685958712
PINLYP (390940)	PINLYP	0.250961573533219
CLDN34 (100288814)	CLDN34	0
C5orf58 (133874)	C5orf58	0
FAM133B (257415)	FAM133B	4.89044669267991
OR10G8 (219869)	OR10G8	0
MCIDAS (345643)	MCIDAS	1.09761079662642
JRK (8629)	JRK	3.07895134139482
MED14OS (100873985)	MED14OS	1.03562390973072
HLA-B (3106)	HLA-B	3.74416109557041
C11orf94 (143678)	C11orf94	0.641546029087524
IQCM (285423)	IQCM	0
IFNA17 (3451)	IFNA17	0
APOC2 (344)	APOC2	0.443606651475615
SHISA8 (440829)	SHISA8	0
C19orf81 (342918)	C19orf81	0
ANKRD65 (441869)	ANKRD65	0.495695162624069
BRD3OS (266655)	BRD3OS	2.57773093149008
ZSCAN31 (64288)	ZSCAN31	2.24488705912353
FAM237A (200726)	FAM237A	0
C12orf75 (387882)	C12orf75	6.67115181382563
SMIM1 (388588)	SMIM1	0.613531652917927
HGH1 (51236)	HGH1	4.18982455888002
PPP1R3E (90673)	PPP1R3E	2.11769504266975
KDM4E (390245)	KDM4E	0
RPEL1 (729020)	RPEL1	0.189033824390017
SPAAR (158376)	SPAAR	0.150559676575381
SMIM27 (100129250)	SMIM27	3.4995270242151
NFAM1 (150372)	NFAM1	0.0143552929770701
NKX1-1 (54729)	NKX1-1	0
RNF148 (378925)	RNF148	0
CXorf51B (100133053)	CXorf51B	0
ANKRD34C (390616)	ANKRD34C	0
MFRP (83552)	MFRP	0
KIAA0040 (9674)	KIAA0040	2.6507645591169
USP17L27 (728393)	USP17L27	0
B3GALT4 (8705)	B3GALT4	1.89917563048051
LCE6A (448835)	LCE6A	0
PNMA6A (84968)	PNMA6A	0
PATE3 (100169851)	PATE3	0
OR5H14 (403273)	OR5H14	0
ZBTB22 (9278)	ZBTB22	3.46988597627446
USP17L4 (645402)	USP17L4	0
CT47A3 (728082)	CT47A3	0
CLEC2L (154790)	CLEC2L	0
ZBED5 (58486)	ZBED5	5.11311703639072
SLFN14 (342618)	SLFN14	0.0143552929770701
PPIAL4G (644591)	PPIAL4G	0
GAGE12F (100008586)	GAGE12F	0
CT47A1 (728096)	CT47A1	0
SLC35G4 (646000)	SLC35G4	0
TAS2R39 (259285)	TAS2R39	0
TSPY10 (100289087)	TSPY10	0.0143552929770701
UBE2L5 (171222)	UBE2L5	0.31034012061215
CT47B1 (643311)	CT47B1	0
ZNF853 (54753)	ZNF853	0.0565835283663675
IFNA4 (3441)	IFNA4	0
ARHGEF38 (54848)	ARHGEF38	2.24792751344359
GAGE12B (729428)	GAGE12B	0
CTAGE9 (643854)	CTAGE9	0.137503523749935
C3orf84 (646498)	C3orf84	0
OR10G9 (219870)	OR10G9	0
USP17L8 (392188)	USP17L8	0
TAAR9 (134860)	TAAR9	0
C4orf51 (646603)	C4orf51	0
B3GNT9 (84752)	B3GNT9	1.65992455840238
CDKN2AIPNL (91368)	CDKN2AIPNL	4.82068956055921
MBD3L5 (284428)	MBD3L5	0
CKMT1B (1159)	CKMT1B	3.00898878322725
RNF223 (401934)	RNF223	1
PATE4 (399968)	PATE4	0
OR4A47 (403253)	OR4A47	0
PRSS56 (646960)	PRSS56	0
ZNF737 (100129842)	ZNF737	1.24488705912353
RGL2 (5863)	RGL2	5.34624777408278
BHMG1 (388553)	BHMG1	0.0285691521967709
C10orf143 (387723)	C10orf143	0.7311832415722
SHISA9 (729993)	SHISA9	0.0426443374084937
OR7E24 (26648)	OR7E24	0
TEX51 (101929926)	TEX51	0
HLA-DQA2 (3118)	HLA-DQA2	0
KIFC1 (3833)	KIFC1	5.24830712008724
C2orf74 (339804)	C2orf74	0
GAGE12C (729422)	GAGE12C	0
IRGM (345611)	IRGM	0
PRAMEF33 (645382)	PRAMEF33	0
AMY1A (276)	AMY1A	0
FAM200B (285550)	FAM200B	4.20476675065461
CT47A5 (728072)	CT47A5	0
LRRC37A2 (474170)	LRRC37A2	3.46466826700344
MPC1L (347411)	MPC1L	0
TMEM250 (90120)	TMEM250	4.65306001710456
OR2W3 (343171)	OR2W3	0
PAGE2B (389860)	PAGE2B	0
TXNDC5 (81567)	TXNDC5	6.52685131157335
CASTOR1 (652968)	CASTOR1	0.823749360308273
RNF103 (7844)	RNF103	3.7771566660045
RBM14 (10432)	RBM14	5.87135084063403
ALKBH6 (84964)	ALKBH6	5.23916887866545
ASB14 (142686)	ASB14	0.189033824390017
KLHL41 (10324)	KLHL41	0
CASTOR3 (352954)	CASTOR3	2.61353165291793
OR1J4 (26219)	OR1J4	0
STPG4 (285051)	STPG4	3.15218341905505
PRR20G (100419008)	PRR20G	0
MEIKIN (728637)	MEIKIN	0
NME1 (4830)	NME1	8.48091134604775
TNFSF12 (8742)	TNFSF12	0.250961573533219
CDRT4 (284040)	CDRT4	0.516015147003665
APOBEC3G (60489)	APOBEC3G	0.070389327891398
TLR9 (54106)	TLR9	0
WBP1 (23559)	WBP1	5.60288440871842
MRPS17 (51373)	MRPS17	4.50525580093216
PRAMEF11 (440560)	PRAMEF11	0
DEFA3 (1668)	DEFA3	0
GET4 (51608)	GET4	6.23935985027747
KRTAP9-2 (83899)	KRTAP9-2	0
C1orf226 (400793)	C1orf226	2.46466826700344
ADSL (158)	ADSL	5.68313498512609
LILRA4 (23547)	LILRA4	0
LILRA2 (11027)	LILRA2	0.0143552929770701
TEX35 (84066)	TEX35	0
AMY2B (280)	AMY2B	1.1243281350022
LY6G5B (58496)	LY6G5B	3.45811948117451
PSMB9 (5698)	PSMB9	0.75702324650746
SMKR1 (100287482)	SMKR1	0.895302621333307
COX19 (90639)	COX19	3.87970576628229
DEFA1B (728358)	DEFA1B	0
ACAD11 (84129)	ACAD11	2.16027483140859
PPIL3 (53938)	PPIL3	4.83137058796754
LCE1F (353137)	LCE1F	0
KIR3DL2 (3812)	KIR3DL2	0.0285691521967709
KRTAP13-3 (337960)	KRTAP13-3	0
TNFRSF13B (23495)	TNFRSF13B	0.137503523749935
KRTAP9-1 (728318)	KRTAP9-1	0.263034405833794
L1TD1 (54596)	L1TD1	0
AQP1 (358)	AQP1	2.26903314645524
C1QTNF9 (338872)	C1QTNF9	0.0565835283663675
ISY1 (57461)	ISY1	5.06781078378962
PNMA2 (10687)	PNMA2	0.0285691521967709
LRRD1 (401387)	LRRD1	0
KRBOX1 (100506243)	KRBOX1	0
ARHGEF25 (115557)	ARHGEF25	0.0426443374084937
TMEM189 (387521)	TMEM189	4.9297909977186
RDH14 (57665)	RDH14	3.78972925137577
KRTAP4-7 (100132476)	KRTAP4-7	0
PLCXD2 (257068)	PLCXD2	1.18269229751619
MIF (4282)	MIF	8.7548541060584
NSUN6 (221078)	NSUN6	3.00539998774259
HLA-DOB (3112)	HLA-DOB	0.475084882948783
KRTAP10-5 (386680)	KRTAP10-5	0
YAE1 (57002)	YAE1	4.67863534782274
OR14A2 (388761)	OR14A2	0
TDGF1 (6997)	TDGF1	1.13093086982645
C3orf85 (401081)	C3orf85	0.298658315564515
KRTAP5-8 (57830)	KRTAP5-8	0
CRCP (27297)	CRCP	5.50462039240355
CDRT1 (374286)	CDRT1	0.27500704749987
RPL36A (6173)	RPL36A	11.7550962103072
OR5G3 (81193)	OR5G3	0
PDXP (57026)	PDXP	2.91838623444635
RPP21 (79897)	RPP21	5.56224242422107
CD302 (9936)	CD302	1.56071495447448
EGFL8 (80864)	EGFL8	2.36176835941915
ATP5MF (9551)	ATP5MF	10.1957412932464
SSX2 (6757)	SSX2	0
ARHGAP8 (23779)	ARHGAP8	3.93168305705981
ARPC4 (10093)	ARPC4	7.25124568979912
CORT (1325)	CORT	0.111031312388744
KRTAP9-4 (85280)	KRTAP9-4	0
KRTAP5-4 (387267)	KRTAP5-4	0
INMT (11185)	INMT	0
ARPC1A (10552)	ARPC1A	6.80928581019891
TMEFF1 (8577)	TMEFF1	0
SPRR2A (6700)	SPRR2A	0.150559676575381
ATP5PO (539)	ATP5PO	7.04461269295798
PLEKHO2 (80301)	PLEKHO2	2.35614381022528
C8orf58 (541565)	C8orf58	1.24488705912353
PISD (23761)	PISD	4.57470704641555
HOGA1 (112817)	HOGA1	0.422233000683048
PWP2 (5822)	PWP2	1.75274859140713
PI4KA (5297)	PI4KA	5.23304440126558
AKAP2 (11217)	AKAP2	0.963474123974886
KIR3DL3 (115653)	KIR3DL3	0
HYPK (25764)	HYPK	4.77241355474848
AMACR (23600)	AMACR	3.13422093976063
MTFP1 (51537)	MTFP1	4.50589092972996
MDFIC2 (107986096)	MDFIC2	0
ARHGDIG (398)	ARHGDIG	1.98913900736823
TCP10L (140290)	TCP10L	0.0976107966264223
PSG2 (5670)	PSG2	0
ARFGAP3 (26286)	ARFGAP3	3.17951105027151
BGLAP (632)	BGLAP	0.367371065648529
C22orf39 (128977)	C22orf39	4.86591881455221
PEG10 (23089)	PEG10	0.526068811667588
CT47A2 (728090)	CT47A2	0
EIF6 (3692)	EIF6	8.27621747937129
RBMY1E (378950)	RBMY1E	0
GTF2A1L (11036)	GTF2A1L	0
MRPL20 (55052)	MRPL20	7.75147711113016
ARPIN (348110)	ARPIN	3.33628338786443
SERPINB10 (5273)	SERPINB10	0
HLA-DMB (3109)	HLA-DMB	0.27500704749987
DECR2 (26063)	DECR2	3.60999129521268
GNG10 (2790)	GNG10	4.40531168259745
CNTF (1270)	CNTF	1.06350294230616
CCDC169 (728591)	CCDC169	0
RTL5 (340526)	RTL5	0.0565835283663675
AP5Z1 (9907)	AP5Z1	4.45680614923047
ZNF709 (163051)	ZNF709	0.475084882948783
STRC (161497)	STRC	0.176322772640463
RBMY1B (378948)	RBMY1B	0
ERVW-1 (30816)	ERVW-1	0.27500704749987
EIF4EBP3 (8637)	EIF4EBP3	3.81455042346181
PRAMEF4 (400735)	PRAMEF4	0
PSG11 (5680)	PSG11	0
PSG4 (5672)	PSG4	0.070389327891398
MRPL33 (9553)	MRPL33	7.39446269461032
MICAL3 (57553)	MICAL3	3.13093086982645
STON1 (11037)	STON1	0.0143552929770701
PRAF2 (11230)	PRAF2	1.50589092972996
VSIG8 (391123)	VSIG8	0
STMP1 (647087)	STMP1	4.67185946824748
KCTD7 (154881)	KCTD7	2.56803210477128
EFNA4 (1945)	EFNA4	3.73552217729654
TICAM2 (353376)	TICAM2	0.37851162325373
PALM2 (114299)	PALM2	0.0565835283663675
C4orf48 (401115)	C4orf48	3.73876783680019
NAA80 (24142)	NAA80	2.24488705912353
AMY2A (279)	AMY2A	0.0565835283663675
KRTAP10-11 (386678)	KRTAP10-11	0
TNFRSF6B (8771)	TNFRSF6B	0.495695162624069
WFDC6 (140870)	WFDC6	0
UPK3B (105375355)	UPK3B	5.24564777363675
SMIM34A (388820)	SMIM34A	0
OR13C7 (81377)	OR13C7	0
IL10RB (3588)	IL10RB	3.23572705983806
CFB (629)	CFB	1.56071495447448
ZNF487 (642819)	ZNF487	2.10097764772482
WDR92 (116143)	WDR92	3.94204525991605
NME2 (4831)	NME2	10.1720524091831
PLA2G4B (100137049)	PLA2G4B	2
LEFTY1 (10637)	LEFTY1	0.31034012061215
CFAP57 (149465)	CFAP57	0.176322772640463
NPIPB5 (100132247)	NPIPB5	6.02989454966334
TTC4 (7268)	TTC4	4.08915913191124
OR5V1 (81696)	OR5V1	0
TMEM35B (100506144)	TMEM35B	3.98002530023873
KIR2DL3 (3804)	KIR2DL3	0
JMJD7 (100137047)	JMJD7	3.13093086982645
APOBEC3D (140564)	APOBEC3D	0
OR2A7 (401427)	OR2A7	1.09761079662642
TUBA4B (80086)	TUBA4B	0.0976107966264223
MRPS6 (64968)	MRPS6	5.34908214639109
ZNF512 (84450)	ZNF512	3.877744249949
GSTA1 (2938)	GSTA1	0.526068811667588
RTL9 (57529)	RTL9	0.0143552929770701
ACY1 (95)	ACY1	5.79571500650173
NFS1 (9054)	NFS1	5.50874555424447
MT1HL1 (645745)	MT1HL1	0
KRTAP19-3 (337970)	KRTAP19-3	0
DDOST (1650)	DDOST	7.78653102096184
TMEM199 (147007)	TMEM199	4.74792441623844
LCE3C (353144)	LCE3C	0
GSTA2 (2939)	GSTA2	0.31034012061215
SPRR2F (6705)	SPRR2F	0
P2RY11 (5032)	P2RY11	2.36737106564853
TMEM141 (85014)	TMEM141	8.1766718338829
TMEM225B (100289187)	TMEM225B	0.070389327891398
GMCL2 (64396)	GMCL2	0.0565835283663675
IFITM10 (402778)	IFITM10	0.831877241191673
DBNDD2 (55861)	DBNDD2	6.83213050109593
LY6G6D (58530)	LY6G6D	0
KRTAP19-7 (337974)	KRTAP19-7	0
RBMY1D (378949)	RBMY1D	0
ETV5 (2119)	ETV5	4.09085343045111
KRTAP5-7 (440050)	KRTAP5-7	0.0565835283663675
CFHR1 (3078)	CFHR1	0
RBM12 (10137)	RBM12	5.54225804976692
ERVFRD-1 (405754)	ERVFRD-1	0.0426443374084937
LILRA6 (79168)	LILRA6	0.070389327891398
SCARF2 (91179)	SCARF2	0.0840642647884745
APOBEC3C (27350)	APOBEC3C	0.250961573533219
KRTAP4-2 (85291)	KRTAP4-2	0
RAD21L1 (642636)	RAD21L1	0
CCDC13 (152206)	CCDC13	0.070389327891398
ASPRV1 (151516)	ASPRV1	0.678071905112638
OR2AE1 (81392)	OR2AE1	0
KRTAP20-1 (337975)	KRTAP20-1	0
FCGR2C (9103)	FCGR2C	0
UBE2V1 (7335)	UBE2V1	7.16591193893569
CTAGE8 (100142659)	CTAGE8	2.64385618977472
PTCHD4 (442213)	PTCHD4	0
C4A (720)	C4A	1.42223300068305
HBB (3043)	HBB	0.137503523749935
CRYBB2 (1415)	CRYBB2	0.0565835283663675
N4BP2L2 (10443)	N4BP2L2	6.14588121129242
ZNF585B (92285)	ZNF585B	1.89141918684608
CEBPA (1050)	CEBPA	3.32624970083746
H2AFJ (55766)	H2AFJ	6.56132613645392
UBAP1L (390595)	UBAP1L	0.722466024471091
PGAM5 (192111)	PGAM5	5.40122086216022
ZCCHC3 (85364)	ZCCHC3	3.37573453858316
SPTY2D1OS (100506540)	SPTY2D1OS	1.84398384404833
TWF2 (11344)	TWF2	5.20163386116965
MARS2 (92935)	MARS2	3.81966818349646
USP51 (158880)	USP51	0
BCKDHA (593)	BCKDHA	5.84172158112846
INSL3 (3640)	INSL3	0.214124805352847
MARCOL (105378220)	MARCOL	0
ADH1C (126)	ADH1C	0.722466024471091
APELA (100506013)	APELA	0
CDK11B (984)	CDK11B	5.38404980679516
TARM1 (441864)	TARM1	0
POU5F2 (134187)	POU5F2	0.0143552929770701
PCP4L1 (654790)	PCP4L1	0
ABHD14A (25864)	ABHD14A	3.08406426478847
CCDC153 (283152)	CCDC153	0.575312330687437
C4orf54 (285556)	C4orf54	0
ACTN3 (89)	ACTN3	0.070389327891398
SMIM31 (100505989)	SMIM31	0.687060688339892
FMN1 (342184)	FMN1	2.34198574722862
USP17L19 (100287404)	USP17L19	0
USP17L22 (100287513)	USP17L22	0
USP17L17 (100287327)	USP17L17	0
HAUS5 (23354)	HAUS5	4.22419466397043
ATP5MGL (267020)	ATP5MGL	0.070389327891398
TMEM150C (441027)	TMEM150C	0.0143552929770701
NAIP (4671)	NAIP	1.28688114778816
ZNF286B (729288)	ZNF286B	1.56071495447448
ZNF324B (388569)	ZNF324B	2.53605290024021
SPATS1 (221409)	SPATS1	0
CLRN2 (645104)	CLRN2	0
THEGL (100506564)	THEGL	0
ZNF564 (163050)	ZNF564	1.56071495447448
FER1L5 (90342)	FER1L5	0.0285691521967709
OR10J4 (391121)	OR10J4	0
ECSCR (641700)	ECSCR	0.0976107966264223
USP17L21 (100287478)	USP17L21	0
HS3ST5 (222537)	HS3ST5	0.0143552929770701
MTRNR2L5 (100463289)	MTRNR2L5	0
LGALS16 (148003)	LGALS16	0
PDCD6 (10016)	PDCD6	8.07167687375186
GOLGA8K (653125)	GOLGA8K	0.0840642647884745
GBA3 (57733)	GBA3	0
TERB1 (283847)	TERB1	0
TMEM158 (25907)	TMEM158	0.0426443374084937
YJEFN3 (374887)	YJEFN3	1.81966818349646
DNAH10OS (642797)	DNAH10OS	0.0285691521967709
PTTG2 (10744)	PTTG2	0
GIMD1 (100507096)	GIMD1	0.0565835283663675
TRMT9B (57604)	TRMT9B	0.0565835283663675
ZNF718 (255403)	ZNF718	0.84799690655495
SMIM20 (389203)	SMIM20	5.72683121703249
GYPB (2994)	GYPB	0
KIAA1210 (57481)	KIAA1210	0
CHCHD10 (400916)	CHCHD10	3.81762325751143
FAM218A (152756)	FAM218A	0.0143552929770701
CDK3 (1018)	CDK3	2.70708299177171
GPR162 (27239)	GPR162	0.124328135002202
ATP6V1E2 (90423)	ATP6V1E2	1.20789285164133
GLI4 (2738)	GLI4	3.04439411935845
REELD1 (345051)	REELD1	0
SELENOP (6414)	SELENOP	0.584962500721156
USP17L20 (100287441)	USP17L20	0
PRODH2 (58510)	PRODH2	0
EXOC1L (644145)	EXOC1L	0
USP17L18 (100287364)	USP17L18	0.0285691521967709
USP17L23 (101241878)	USP17L23	0
ZNF674 (641339)	ZNF674	1.4594316186373
ZNF345 (25850)	ZNF345	0.37851162325373
RFPL4B (442247)	RFPL4B	0.0285691521967709
ALG1L2 (644974)	ALG1L2	0.070389327891398
SHANK3 (85358)	SHANK3	0.0565835283663675
ZNF550 (162972)	ZNF550	2.16027483140859
DCANP1 (140947)	DCANP1	0
FOXD1 (2297)	FOXD1	0.333423733725192
OR12D1 (26530)	OR12D1	0
PRB1 (5542)	PRB1	0.545968369105293
PTX4 (390667)	PTX4	0
OC90 (729330)	OC90	0
RGS21 (431704)	RGS21	0
C8orf88 (100127983)	C8orf88	0.0840642647884745
SHLD3 (112441434)	SHLD3	2.0496307677246
CCDC71L (168455)	CCDC71L	1.50080205305716
HOXA10 (3206)	HOXA10	6.12515513132229
TMEM200B (399474)	TMEM200B	0.111031312388744
SERPINE3 (647174)	SERPINE3	0.0426443374084937
C1orf210 (149466)	C1orf210	4.3327079336406
TRNP1 (388610)	TRNP1	6.60481264994841
SMIM18 (100507341)	SMIM18	0
NACA2 (342538)	NACA2	0.992768430768924
PYDC2 (152138)	PYDC2	0
SLC10A5 (347051)	SLC10A5	1.20163386116965
EIF5AL1 (143244)	EIF5AL1	0.823749360308273
PRSS51 (346702)	PRSS51	0
ALG11 (440138)	ALG11	4.38474058729238
ATXN7L3B (552889)	ATXN7L3B	4.5915597458278
PRKDC (5591)	PRKDC	7.13647851834917
UTP14C (9724)	UTP14C	3.46988597627446
ETV3L (440695)	ETV3L	0
CLDN23 (137075)	CLDN23	1.34482849699744
ZNF260 (339324)	ZNF260	1.87578006306849
LYN (4067)	LYN	0.887525270741587
NPIPB11 (728888)	NPIPB11	2.08746284125034
LRRC24 (441381)	LRRC24	0.55581615506164
SIGLEC14 (100049587)	SIGLEC14	0
PBOV1 (59351)	PBOV1	0.0426443374084937
OR4D10 (390197)	OR4D10	0
AP5B1 (91056)	AP5B1	2.42492208821069
CHMP4A (29082)	CHMP4A	6.06716542701711
SIGLEC12 (89858)	SIGLEC12	0.070389327891398
PABPC4L (132430)	PABPC4L	0
OMP (4975)	OMP	0.286881147788162
MAGEL2 (54551)	MAGEL2	0
CSNK2A3 (283106)	CSNK2A3	1.20163386116965
ARMS2 (387715)	ARMS2	0
INS (3630)	INS	0
RTL1 (388015)	RTL1	0
OR8J2 (81169)	OR8J2	0
FPGT (8790)	FPGT	2.68481873755322
IGLL5 (100423062)	IGLL5	0.111031312388744
MEX3A (92312)	MEX3A	3.46727948045998
OR10G4 (390264)	OR10G4	0
EEF1G (1937)	EEF1G	11.0481462542196
SLC22A18AS (5003)	SLC22A18AS	3.20006486151431
OR5M10 (390167)	OR5M10	0
NPIPA2 (642799)	NPIPA2	0.823749360308273
MPV17L2 (84769)	MPV17L2	4.14159627838382
BORCS8 (729991)	BORCS8	3.91073266190291
DPP3 (10072)	DPP3	6.47686768893309
KRTAP5-9 (3846)	KRTAP5-9	0.0426443374084937
BRK1 (55845)	BRK1	6.70749718241742
UBTFL1 (642623)	UBTFL1	0
OR5M1 (390168)	OR5M1	0
PIGY (84992)	PIGY	0
OR1D4 (653166)	OR1D4	0
CHMP1B (57132)	CHMP1B	5.33592624092836
EID3 (493861)	EID3	0.53605290024021
GLYATL1B (100287520)	GLYATL1B	0
HTD2 (109703458)	HTD2	2.20789285164133
CCDC166 (100130274)	CCDC166	0.070389327891398
NANOGP8 (388112)	NANOGP8	0
CARD17 (440068)	CARD17	0
OR5M11 (219487)	OR5M11	0.137503523749935
PRR23D1 (100131608)	PRR23D1	0
SMIM35 (100526771)	SMIM35	0
OR8G5 (219865)	OR8G5	0
EID1 (23741)	EID1	6.44658708530688
OR52B2 (255725)	OR52B2	0.0426443374084937
NOX5 (79400)	NOX5	0.070389327891398
CCDC179 (100500938)	CCDC179	0.137503523749935
TAS2R43 (259289)	TAS2R43	0.0976107966264223
PRR23D2 (100133251)	PRR23D2	0
OOSP4B (107987155)	OOSP4B	0
HCAR3 (8843)	HCAR3	1.25096157353322
EBLN2 (55096)	EBLN2	1.52105073690096
CARD18 (59082)	CARD18	0
NPIPB8 (728734)	NPIPB8	0.613531652917927
POLR2M (81488)	POLR2M	4.72846476509253
FDXACB1 (91893)	FDXACB1	1.48026512205446
OR10G2 (26534)	OR10G2	0
RAB44 (401258)	RAB44	0.0143552929770701
TRIL (9865)	TRIL	0.0285691521967709
OR4D2 (124538)	OR4D2	0
OR6J1 (79549)	OR6J1	0
MTRNR2L8 (100463486)	MTRNR2L8	0.20163386116965
TIFAB (497189)	TIFAB	0
TAS2R20 (259295)	TAS2R20	0.748461233004036
CYP2A6 (1548)	CYP2A6	0
CTSO (1519)	CTSO	1.20163386116965
MTRNR2L10 (100463488)	MTRNR2L10	0
APOPT1 (84334)	APOPT1	5.49729300866279
TRAPPC2B (10597)	TRAPPC2B	3.96439863220318
DNAAF4 (161582)	DNAAF4	1.68257329734758
ZNF432 (9668)	ZNF432	3.64270157183323
SMLR1 (100507203)	SMLR1	0.0143552929770701
TAS2R30 (259293)	TAS2R30	0.0285691521967709
MTRNR2L3 (100462983)	MTRNR2L3	0.0565835283663675
ZNF10 (7556)	ZNF10	2.25096157353322
ZNF486 (90649)	ZNF486	0.526068811667588
SMIM3 (85027)	SMIM3	3.18428029441938
HMBS (3145)	HMBS	6.13545278418517
ZNF225 (7768)	ZNF225	1.27500704749987
PPIAL4D (645142)	PPIAL4D	0
ASIC5 (51802)	ASIC5	0
TAS2R31 (259290)	TAS2R31	0.422233000683048
DND1 (373863)	DND1	0.37851162325373
SALL3 (27164)	SALL3	0
POLG2 (11232)	POLG2	4.35402893805439
SMIM10L1 (100129361)	SMIM10L1	3.10433665981474
OR13A1 (79290)	OR13A1	0.298658315564515
MTRNR2L1 (100462977)	MTRNR2L1	0
CLEC12B (387837)	CLEC12B	0
LIMS4 (100288695)	LIMS4	0.137503523749935
ZNF350 (59348)	ZNF350	2.15704371014558
PGA5 (5222)	PGA5	0
STH (246744)	STH	0
ZNF253 (56242)	ZNF253	1.18903382439002
KLRF2 (100431172)	KLRF2	0
C17orf100 (388327)	C17orf100	1.65535182861255
CAPNS2 (84290)	CAPNS2	0.0976107966264223
SLC5A8 (160728)	SLC5A8	0.0143552929770701
MTRNR2L7 (100288485)	MTRNR2L7	0
LIMS3 (96626)	LIMS3	0.678071905112638
KHDC1L (100129128)	KHDC1L	0
GPR142 (350383)	GPR142	0.321928094887362
HP (3240)	HP	0.20163386116965
C11orf97 (643037)	C11orf97	0
KIAA1147 (57189)	KIAA1147	4.23035674505615
LSM14A (26065)	LSM14A	6.99785690857922
NHLRC4 (283948)	NHLRC4	0.150559676575381
OR11H12 (440153)	OR11H12	0
TAS2R38 (5726)	TAS2R38	0.298658315564515
GATC (283459)	GATC	4.268284666521
ZBED6 (100381270)	ZBED6	1.57531233068744
MGAM (8972)	MGAM	0.0426443374084937
FNTB (2342)	FNTB	3.16027483140859
ZNF878 (729747)	ZNF878	0.263034405833794
ZNF625 (90589)	ZNF625	0
GALNT4 (8693)	GALNT4	2.36457243229586
INAFM1 (255783)	INAFM1	2.4541758931858
CNPY2 (10330)	CNPY2	6.7176764230664
MGAM2 (93432)	MGAM2	1.84799690655495
CUX1 (1523)	CUX1	5.09254574154357
TEN1 (100134934)	TEN1	4.05571626351254
TEX49 (255411)	TEX49	0
OR9A4 (130075)	OR9A4	0
MAP1LC3B2 (643246)	MAP1LC3B2	0.790772037862
PRSS58 (136541)	PRSS58	0
CLEC5A (23601)	CLEC5A	0
CHURC1 (91612)	CHURC1	4.59693514238723
C17orf49 (124944)	C17orf49	4.53605290024021
RTEL1 (51750)	RTEL1	3.41278152533848
ZNF578 (147660)	ZNF578	0
PDF (64146)	PDF	4.43229133824778
RNASE12 (493901)	RNASE12	0
OR11H2 (79334)	OR11H2	0
SPESP1 (246777)	SPESP1	0
SERPINA2 (390502)	SERPINA2	0
TRIM34 (53840)	TRIM34	2.12101540096137
C20orf141 (128653)	C20orf141	0
OR11H7 (390441)	OR11H7	0
OR4C13 (283092)	OR4C13	0
RNASE4 (6038)	RNASE4	2.30742852519225
MC1R (4157)	MC1R	2.34198574722862
DUXA (503835)	DUXA	0
CEP95 (90799)	CEP95	4.7771566660045
TUBB3 (10381)	TUBB3	2.29865831556452
TMEM179 (388021)	TMEM179	0.0565835283663675
TSPY1 (7258)	TSPY1	0
SMIM6 (100130933)	SMIM6	3.78764141448333
ITGB3 (3690)	ITGB3	0.0426443374084937
SLC35G6 (643664)	SLC35G6	0.150559676575381
INAFM2 (100505573)	INAFM2	2.65535182861255
GH1 (2688)	GH1	0
CTXND1 (100996492)	CTXND1	0.0143552929770701
THTPA (79178)	THTPA	2.94860084749336
MRPL46 (26589)	MRPL46	5.32876467228402
BLID (414899)	BLID	0
SLC22A31 (146429)	SLC22A31	0.22650852980868
LYPD8 (646627)	LYPD8	0.432959407276106
RBM15B (29890)	RBM15B	4.17072627613155
TGFBR3L (100507588)	TGFBR3L	0
HOXB7 (3217)	HOXB7	5.53636379239547
SPDYE6 (729597)	SPDYE6	1.71369581484336
CCDC187 (399693)	CCDC187	0.485426827170242
FRRS1L (23732)	FRRS1L	0
ARMH2 (101928603)	ARMH2	0
TBC1D3G (101060321)	TBC1D3G	0
MRC1 (4360)	MRC1	0
HSPB9 (94086)	HSPB9	0.263034405833794
SCX (642658)	SCX	1.35614381022528
C16orf95 (100506581)	C16orf95	0.948600847493356
KCNJ18 (100134444)	KCNJ18	0
DUX4 (100288687)	DUX4	0.0976107966264223
ANKRD20A1 (84210)	ANKRD20A1	0
TLE7 (102723796)	TLE7	0
SERTM2 (401613)	SERTM2	0.0143552929770701
OR4C45 (403257)	OR4C45	0
XKR7 (343702)	XKR7	0.0143552929770701
CCPG1 (9236)	CCPG1	3.73009646559547
SULT1A3 (6818)	SULT1A3	2.20163386116965
TMEM178B (100507421)	TMEM178B	1.58014548442338
EPPK1 (83481)	EPPK1	3.03562390973072
CLEC19A (728276)	CLEC19A	0
ZNF865 (100507290)	ZNF865	3.23266075679027
BOP1 (23246)	BOP1	5.8011586560937
GOLGA8T (653075)	GOLGA8T	0
MUC22 (100507679)	MUC22	0
FIGNL2 (401720)	FIGNL2	0
PECAM1 (5175)	PECAM1	0.16349873228288
TUBB8 (347688)	TUBB8	0
TP53TG3B (729355)	TP53TG3B	0
TMEM249 (340393)	TMEM249	0.286881147788162
TPBGL (100507050)	TPBGL	0
GAN (8139)	GAN	1.67355642399014
GOLGA6L7 (728310)	GOLGA6L7	0
C15orf65 (145788)	C15orf65	2.0703893278914
LY6L (101928108)	LY6L	0
SCRT1 (83482)	SCRT1	0
HPR (3250)	HPR	0
GOLGA8S (653061)	GOLGA8S	0
TCF24 (100129654)	TCF24	0
GOLGA8H (728498)	GOLGA8H	0
MIA (8190)	MIA	4.21179097625254
SMIM36 (111064648)	SMIM36	0
GFY (100507003)	GFY	0.0285691521967709
OR1P1 (8391)	OR1P1	0
MYMX (101929726)	MYMX	0
OCLM (10896)	OCLM	0.650764559116902
CORO7 (79585)	CORO7	3.48284828306847
MMP12 (4321)	MMP12	0
CCER2 (643669)	CCER2	0.454175893185802
SMIM28 (110806279)	SMIM28	0
OR1D5 (8386)	OR1D5	0
SPON1 (10418)	SPON1	0.799087306074004
OVCA2 (124641)	OVCA2	4.03826057517535
MRPL12 (6182)	MRPL12	7.1106138055009
C19orf84 (147646)	C19orf84	0
CCNQ (92002)	CCNQ	4.71149490665009
GTF2I (2969)	GTF2I	6.81864608282254
ZNF234 (10780)	ZNF234	2.26903314645524
MYZAP (100820829)	MYZAP	3.27202318906105
DPEP2NB (100131303)	DPEP2NB	0
PPIAL4A (653505)	PPIAL4A	0.0840642647884745
PPIAL4C (653598)	PPIAL4C	0
SRSF8 (10929)	SRSF8	4.97636363573276
FAM72C (554282)	FAM72C	0.400537929583729
IKBKE (9641)	IKBKE	2.72027846523333
MSMB (4477)	MSMB	0
GDF2 (2658)	GDF2	0
NBPF11 (200030)	NBPF11	2.35049724708413
RHEX (440712)	RHEX	0.0565835283663675
ANXA8L1 (728113)	ANXA8L1	0
NOTCH2NLA (388677)	NOTCH2NLA	2.98732086592925
DYNLL2 (140735)	DYNLL2	5.0071955014042
MYH4 (4622)	MYH4	0.0143552929770701
OTUD7B (56957)	OTUD7B	2.41683974191283
NPY4R2 (100996758)	NPY4R2	0
GJA5 (2702)	GJA5	0.485426827170242
ANXA8 (653145)	ANXA8	0.111031312388744
RBP3 (5949)	RBP3	0.0426443374084937
RBM8A (9939)	RBM8A	7.21101219348551
TIMM23 (100287932)	TIMM23	6.05701696536554
RNF115 (27246)	RNF115	2.4931349223055
RPL17 (6139)	RPL17	11.3186557806155
ZNF488 (118738)	ZNF488	2.5385381636298
SEC22B (9554)	SEC22B	4.07382023329167
FSBP (100861412)	FSBP	1.46988597627446
TXNIP (10628)	TXNIP	6.67355642399014
SRGAP2 (23380)	SRGAP2	3.8499992594661
BAHCC1 (57597)	BAHCC1	2.28095631383106
RASSF5 (83593)	RASSF5	2.87970576628229
STRADA (92335)	STRADA	3.39369076418745
PNLIPRP2 (5408)	PNLIPRP2	0
KLF14 (136259)	KLF14	0.0143552929770701
NBPF15 (284565)	NBPF15	3.56924802986718
NCOA4 (8031)	NCOA4	5.36562255611334
MRPS21 (54460)	MRPS21	5.84824735270451
GDF10 (2662)	GDF10	0
MYO15B (80022)	MYO15B	3.12928301694497
TBC1D29 (26083)	TBC1D29	0
FXYD1 (5348)	FXYD1	0
AARSD1 (80755)	AARSD1	5.82400405093315
ZNF850 (342892)	ZNF850	0.713695814843359
PTGES3L (100885848)	PTGES3L	0.678071905112638
LCN6 (158062)	LCN6	0
C17orf113 (110806298)	C17orf113	1.28688114778816
UPK3BL1 (100134938)	UPK3BL1	4.42155994490182
APOC4 (346)	APOC4	0
ZNF285 (26974)	ZNF285	0
S1PR2 (9294)	S1PR2	0.250961573533219
CGB1 (114335)	CGB1	0
FDX2 (112812)	FDX2	4.10601323762212
ZNF224 (7767)	ZNF224	4.0866139474095
LUZP6 (767558)	LUZP6	0.464668267003444
EDDM13 (100506374)	EDDM13	0.910732661902913
SMIM22 (440335)	SMIM22	7.66434061183981
LIN37 (55957)	LIN37	4.32481060342048
NDUFA7 (4701)	NDUFA7	6.35191096110308
CCDC177 (56936)	CCDC177	0
MAGEA9B (728269)	MAGEA9B	0.0565835283663675
SSX4 (6759)	SSX4	0
NBPF12 (149013)	NBPF12	2.42223300068305
GABRQ (55879)	GABRQ	0
SLC6A14 (11254)	SLC6A14	0.31034012061215
SMIM17 (147670)	SMIM17	0
OPN1MW (2652)	OPN1MW	0
ARL14EPL (644100)	ARL14EPL	0
TCP11X1 (100996631)	TCP11X1	0
SCGB1C2 (653486)	SCGB1C2	0
FAM156A (29057)	FAM156A	4.03210084316702
SSX2B (727837)	SSX2B	0
MAGEA2 (4101)	MAGEA2	0.613531652917927
TEX13A (56157)	TEX13A	0
CTAG1A (246100)	CTAG1A	0
ZNF723 (646864)	ZNF723	0
HSFX2 (100130086)	HSFX2	0.485426827170242
CT45A1 (541466)	CT45A1	0.0840642647884745
ERVV-2 (100271846)	ERVV-2	0
SPANXN2 (494119)	SPANXN2	0
FAM236B (100132304)	FAM236B	0
CALR3 (125972)	CALR3	0.137503523749935
ZNF728 (388523)	ZNF728	0
CT45A3 (441519)	CT45A3	0
TRABD2B (388630)	TRABD2B	0.0840642647884745
FBXO17 (115290)	FBXO17	0.0976107966264223
MAGIX (79917)	MAGIX	1.13750352374994
IKBKG (8517)	IKBKG	5.04614178164472
ZNF587B (100293516)	ZNF587B	4.14567745519564
SPIB (6689)	SPIB	0.070389327891398
NXF2 (56001)	NXF2	0
OPN1MW3 (101060233)	OPN1MW3	0
NXF2B (728343)	NXF2B	0
DMRTC1 (63947)	DMRTC1	0
ERVV-1 (147664)	ERVV-1	0
TMEM185A (84548)	TMEM185A	4.06781078378962
CT45A10 (102723631)	CT45A10	0.0426443374084937
ZIM2 (23619)	ZIM2	0
NBPF9 (400818)	NBPF9	3.40053792958373
CCDC194 (110806280)	CCDC194	0.0840642647884745
SLC25A53 (401612)	SLC25A53	2.50842865253186
SSX4B (548313)	SSX4B	0
RNF225 (646862)	RNF225	0.0565835283663675
EGLN2 (112398)	EGLN2	6.26791028088483
MEI4 (101928601)	MEI4	0
NCBP2-AS2 (152217)	NCBP2-AS2	5.43829285157915
HIST2H4B (554313)	HIST2H4B	1.98913900736823
HEATR9 (256957)	HEATR9	0
PRAMEF5 (343068)	PRAMEF5	0
NBPF14 (25832)	NBPF14	3.22958792274065
TAF15 (8148)	TAF15	8.63637085789336
MTRNR2L6 (100463482)	MTRNR2L6	0
GAS2L2 (246176)	GAS2L2	0.0285691521967709
C17orf50 (146853)	C17orf50	0.0976107966264223
HIST2H4A (8370)	HIST2H4A	3.55336050333533
RASL10B (91608)	RASL10B	1.36737106564853
CT45A9 (102723680)	CT45A9	0
CTAGE15 (441294)	CTAGE15	1.83187724119167
SRXN1 (140809)	SRXN1	4.76712507726907
CTAGE6 (340307)	CTAGE6	0
NBPF19 (101060226)	NBPF19	2.37573453858316
NBPF10 (100132406)	NBPF10	0.356143810225275
MMP28 (79148)	MMP28	0.650764559116902
CT45A2 (728911)	CT45A2	0
CCL5 (6352)	CCL5	0.0426443374084937
PPIAL4E (730262)	PPIAL4E	0
LIX1L (128077)	LIX1L	0.895302621333307
MILR1 (284021)	MILR1	0.970853654340484
SMIM32 (389332)	SMIM32	0
ANKRD34A (284615)	ANKRD34A	0.27500704749987
GTF2H5 (404672)	GTF2H5	2.44360665147561
HIST2H2AA4 (723790)	HIST2H2AA4	2.74416109557041
NUDT3 (11165)	NUDT3	3.09592441999854
KMT2B (9757)	KMT2B	4.97452931248388
POM121C (100101267)	POM121C	4.68594014844598
IFNL4 (101180976)	IFNL4	0
CD24 (100133941)	CD24	8.76497108351506
CFAP206 (154313)	CFAP206	0.0285691521967709
MUSTN1 (389125)	MUSTN1	0.344828496997441
ZNF595 (152687)	ZNF595	1.03562390973072
DOC2B (8447)	DOC2B	0.0143552929770701
KRTAP10-7 (386675)	KRTAP10-7	0
DCP1A (55802)	DCP1A	3.04614178164472
ATP6V1FNB (100130705)	ATP6V1FNB	0.321928094887362
OR5AL1 (79482)	OR5AL1	0
C2orf15 (150590)	C2orf15	3.39231742277876
GRIN2B (2904)	GRIN2B	0.0143552929770701
OR52E1 (79296)	OR52E1	0
LYPD4 (147719)	LYPD4	0
NBPF26 (101060684)	NBPF26	2.71149490665009
SNURF (8926)	SNURF	0.0565835283663675
ZBTB8B (728116)	ZBTB8B	0
TBC1D3K (101060351)	TBC1D3K	0
FOXD4L6 (653404)	FOXD4L6	0
AGBL1 (123624)	AGBL1	0
HIST1H4K (8362)	HIST1H4K	0.650764559116902
CWC25 (54883)	CWC25	4.88801258540283
SMIM11B (102723553)	SMIM11B	4.09085343045111
EPOP (100170841)	EPOP	2.48800077083407
ZNHIT3 (9326)	ZNHIT3	6.63546419816788
CT45A7 (101060211)	CT45A7	0
HIST1H2BM (8342)	HIST1H2BM	0.641546029087524
LHX1 (3975)	LHX1	0.0565835283663675
CYFIP1 (23191)	CYFIP1	6.30158764660319
CEACAM20 (125931)	CEACAM20	0
HIST1H2BG (8339)	HIST1H2BG	1.41683974191283
USP27X (389856)	USP27X	1.41142624572647
TAF9 (6880)	TAF9	6.32391043801979
NOL12 (79159)	NOL12	4.53729606709084
GOLGA6L1 (283767)	GOLGA6L1	0
HIST1H3G (8355)	HIST1H3G	0.75702324650746
CASTOR2 (729438)	CASTOR2	1.24488705912353
OR4M2 (390538)	OR4M2	0
NATD1 (256302)	NATD1	0.879705766282288
H2AFB1 (474382)	H2AFB1	0
ANTXRL (195977)	ANTXRL	0
SOCS7 (30837)	SOCS7	4.69320814891002
TBC1D3H (729877)	TBC1D3H	0
GGTLC3 (728226)	GGTLC3	0
HIST1H3B (8358)	HIST1H3B	1.60407132366886
GAGE13 (645051)	GAGE13	0
CBSL (102724560)	CBSL	0.0976107966264223
ADRA2B (151)	ADRA2B	0.150559676575381
HIST1H2BE (8344)	HIST1H2BE	1.1243281350022
ZNF658 (26149)	ZNF658	0.432959407276106
TMEM269 (100129924)	TMEM269	0.070389327891398
TPTE (7179)	TPTE	0
TBC1D3D (101060389)	TBC1D3D	0.748461233004036
C8orf89 (100130301)	C8orf89	0
TBC1D3L (101060376)	TBC1D3L	4.28243980500639
RCC1L (81554)	RCC1L	5.68957872550933
SEBOX (645832)	SEBOX	0
DGKK (139189)	DGKK	0
RIMBP3B (440804)	RIMBP3B	0.070389327891398
TBC1D3 (729873)	TBC1D3	0
HIST1H4F (8361)	HIST1H4F	0
HIST1H2BO (8348)	HIST1H2BO	1.9297909977186
CCL23 (6368)	CCL23	0
ELOA3D (100506888)	ELOA3D	0
KRTAP7-1 (337878)	KRTAP7-1	0
HIST1H3E (8353)	HIST1H3E	1.16349873228288
PRAMEF27 (101929983)	PRAMEF27	0
F8A2 (474383)	F8A2	0
TBC1D3B (414059)	TBC1D3B	2.74631276642546
PANO1 (101927423)	PANO1	0.565597175854225
TBC1D3I (102724862)	TBC1D3I	0.124328135002202
HIST1H2AH (85235)	HIST1H2AH	0.925999418556223
ZNF280B (140883)	ZNF280B	0.443606651475615
MLLT6 (4302)	MLLT6	7.00753191158199
TP53TG3E (102724101)	TP53TG3E	0
PPP4R3B (57223)	PPP4R3B	4.82883464946806
SYNRG (11276)	SYNRG	4.34340782229781
NUDT18 (79873)	NUDT18	1.4905701304462
ZNF2 (7549)	ZNF2	1.57531233068744
GAGE2E (26749)	GAGE2E	0
HIST1H4L (8368)	HIST1H4L	0.389566811762726
CCL16 (6360)	CCL16	0.0840642647884745
LENG9 (94059)	LENG9	2.70043971814109
HIST1H2AK (8330)	HIST1H2AK	1.16349873228288
CCL4 (6351)	CCL4	0
PRAG1 (157285)	PRAG1	2.60169651648096
C7orf77 (154872)	C7orf77	0
HIST1H3I (8354)	HIST1H3I	0.55581615506164
CCL18 (6362)	CCL18	0
FCGBP (8857)	FCGBP	2.1407786557828
HNF1B (6928)	HNF1B	4.34340782229781
C17orf98 (388381)	C17orf98	0
FAM236A (100129407)	FAM236A	0
ELOA3C (107983955)	ELOA3C	0
GRIFIN (402635)	GRIFIN	0
XKR5 (389610)	XKR5	0
HIST1H4G (8369)	HIST1H4G	0
AATF (26574)	AATF	6.36859376265085
HIST1H2BH (8345)	HIST1H2BH	0.910732661902913
HIST1H3A (8350)	HIST1H3A	0.55581615506164
CCL15 (6359)	CCL15	4.03121873061072
LYZL6 (57151)	LYZL6	0
HNRNPCL2 (440563)	HNRNPCL2	0
RIMBP3 (85376)	RIMBP3	0.111031312388744
ARHGAP23 (57636)	ARHGAP23	6.81583156646482
TUBGCP5 (114791)	TUBGCP5	3.39917109381982
U2AF1L5 (102724594)	U2AF1L5	5.95930648975966
PRSS2 (5645)	PRSS2	1.6507645591169
TBC1D3F (84218)	TBC1D3F	0.0285691521967709
SPATA31A3 (727830)	SPATA31A3	0
SIK1B (102724428)	SIK1B	2.01077983875324
DUSP14 (11072)	DUSP14	4.81864608282254
SPATA31A7 (26165)	SPATA31A7	0
UHRF1 (29128)	UHRF1	5.32517051237605
ORAI1 (84876)	ORAI1	2.75702324650746
CCL4L2 (9560)	CCL4L2	0
CRYAA2 (102724652)	CRYAA2	0
CCL3L3 (414062)	CCL3L3	0
OR13C2 (392376)	OR13C2	0
HIST1H4I (8294)	HIST1H4I	0.505890929729957
ANKRD20A3 (441425)	ANKRD20A3	0
PIK3R6 (146850)	PIK3R6	0
TADA2A (6871)	TADA2A	4.40258575823259
OR4E1 (26687)	OR4E1	0
KCNE1B (102723475)	KCNE1B	0
PIP4K2B (8396)	PIP4K2B	4.83390207666916
HIST1H2AJ (8331)	HIST1H2AJ	1.09085343045111
UBE2NL (389898)	UBE2NL	0.0840642647884745
CCL14 (6358)	CCL14	0.454175893185802
HIST1H2BB (3018)	HIST1H2BB	0
FAM25C (644054)	FAM25C	0
SPATA31A5 (727905)	SPATA31A5	0
RAB7B (338382)	RAB7B	3.46074256378964
DACH1 (1602)	DACH1	0.575312330687437
PADI6 (353238)	PADI6	0
HIST1H2AL (8332)	HIST1H2AL	1.02856915219677
GSTT4 (25774)	GSTT4	0
HIST1H4E (8367)	HIST1H4E	1.4905701304462
HNRNPCL3 (649330)	HNRNPCL3	0
HIST1H2AE (3012)	HIST1H2AE	2.08065766334523
TYW1B (441250)	TYW1B	1.16349873228288
F8A3 (474384)	F8A3	0.887525270741587
HIST1H4D (8360)	HIST1H4D	0.6959938131099
PIGW (284098)	PIGW	4.99186193055632
F8A1 (8263)	F8A1	4.95093492831454
HIST1H2BF (8343)	HIST1H2BF	0.748461233004036
PCGF2 (7703)	PCGF2	4.30451104180995
FAM243B (102723451)	FAM243B	0.070389327891398
C10orf142 (100130539)	C10orf142	0
GOLGA6L6 (727832)	GOLGA6L6	0
SRCIN1 (80725)	SRCIN1	2.76553474636298
GPR179 (440435)	GPR179	0.0285691521967709
MARCKS (4082)	MARCKS	4.53231695933277
ZNF670 (93474)	ZNF670	2.0496307677246
PKD1L3 (342372)	PKD1L3	0.0143552929770701
GPIHBP1 (338328)	GPIHBP1	0
PNMA8C (110806277)	PNMA8C	0
OR13C5 (138799)	OR13C5	0
NEFL (4747)	NEFL	0.0565835283663675
CCL3 (6348)	CCL3	0
H2AFB3 (83740)	H2AFB3	0.189033824390017
HIST1H3F (8968)	HIST1H3F	0.389566811762726
PSMB3 (5691)	PSMB3	8.64104018795002
H2AFB2 (474381)	H2AFB2	0.070389327891398
GOLGA6L22 (440243)	GOLGA6L22	0
SRD5A2 (6716)	SRD5A2	0
OR52E5 (390082)	OR52E5	0
CISD3 (284106)	CISD3	5.97773784924282
RDM1 (201299)	RDM1	3.70708299177171
DDX52 (11056)	DDX52	4.73768676140986
TEX28 (1527)	TEX28	0
CT45A8 (102723737)	CT45A8	0
ZNF8 (7554)	ZNF8	2.20163386116965
SSTR3 (6753)	SSTR3	0
PRICKLE4 (29964)	PRICKLE4	3.09254574154357
MYO19 (80179)	MYO19	6.91408609701272
HIST1H3C (8352)	HIST1H3C	1.0703893278914
CT45A6 (541465)	CT45A6	0
TBC1D3C (414060)	TBC1D3C	0
GGNBP2 (79893)	GGNBP2	6.0408924306469
ZNF229 (7772)	ZNF229	0.0285691521967709
HIST1H2AB (8335)	HIST1H2AB	0.604071323668861
C17orf78 (284099)	C17orf78	0.0285691521967709
POTEB3 (102724631)	POTEB3	0
DHRS11 (79154)	DHRS11	5.834407841807
ACACA (31)	ACACA	6.51932173462943
TMEM191B (728229)	TMEM191B	1.37851162325373
NR2E3 (10002)	NR2E3	0.0840642647884745
HIST1H2BI (8346)	HIST1H2BI	0.454175893185802
TBC1D3E (102723859)	TBC1D3E	0.0426443374084937
C11orf98 (102288414)	C11orf98	7.61816522665838
MRM1 (79922)	MRM1	3.98458935036246
HIST1H4A (8359)	HIST1H4A	0.6959938131099
GOLGA6L10 (647042)	GOLGA6L10	0.238786859587116
ELOA3B (728929)	ELOA3B	0
HIST1H2AM (8336)	HIST1H2AM	1.36176835941915
IQCA1L (392843)	IQCA1L	0
HIST1H4B (8366)	HIST1H4B	0.748461233004036
HIST1H3H (8357)	HIST1H3H	1.65535182861255
MRPL45 (84311)	MRPL45	6.68439798363757
TP53TG3F (102724127)	TP53TG3F	0
OR51G1 (79324)	OR51G1	0
OR2S2 (56656)	OR2S2	0
SMIM34B (107983987)	SMIM34B	0
OR10A6 (390093)	OR10A6	0
OR51B2 (79345)	OR51B2	0
OR6Q1 (219952)	OR6Q1	0
OR10X1 (128367)	OR10X1	0
OR8D2 (283160)	OR8D2	0
OR2L8 (391190)	OR2L8	0
OR52R1 (119695)	OR52R1	0
OR2T11 (127077)	OR2T11	0
OR5L1 (219437)	OR5L1	0
OR2AG1 (144125)	OR2AG1	0.0426443374084937
OR4C16 (219428)	OR4C16	0
OR5D13 (390142)	OR5D13	0
PPIAL4F (728945)	PPIAL4F	0
PRAMEF18 (391003)	PRAMEF18	0
OR5R1 (219479)	OR5R1	0
GVQW2 (100507462)	GVQW2	0.250961573533219
OR51F1 (256892)	OR51F1	0
GATD3B (102724023)	GATD3B	5.78555055173926
OR8B4 (283162)	OR8B4	0
OR1B1 (347169)	OR1B1	0
PCDH20 (64881)	PCDH20	0.0143552929770701
OR1S1 (219959)	OR1S1	0
OR12D2 (26529)	OR12D2	0
PRAMEF26 (645359)	PRAMEF26	0
OR8K3 (219473)	OR8K3	0
CCDC163 (126661)	CCDC163	0.978195629681652
PAGR1 (79447)	PAGR1	4.69710657447698
RPS4Y2 (140032)	RPS4Y2	0
TMEM272 (283521)	TMEM272	0.0143552929770701
TMEM265 (100862671)	TMEM265	2.98367769469807
TEX13D (100132015)	TEX13D	0
ADORA3 (140)	ADORA3	0.0285691521967709
TEX13C (100129520)	TEX13C	0.0143552929770701
C1orf232 (110806296)	C1orf232	0
KLF18 (105378952)	KLF18	0
LBHD2 (107984640)	LBHD2	0
C13orf46 (100507747)	C13orf46	1.53605290024021
SPRR5 (110806278)	SPRR5	0
TEX54 (111216277)	TEX54	0
SMIM33 (111064649)	SMIM33	0
TEX52 (101929469)	TEX52	0.263034405833794
CTXND2 (100996521)	CTXND2	0
FAM240B (110806297)	FAM240B	0
CFAP97D2 (101929355)	CFAP97D2	0
CNTNAP3C (100289279)	CNTNAP3C	0
CCDC195 (110806281)	CCDC195	0
CSNKA2IP (111064647)	CSNKA2IP	0
SPEM3 (107983988)	SPEM3	0
HSFX4 (101927685)	HSFX4	0.0976107966264223
FAM240A (100132146)	FAM240A	0
PRRT1B (642515)	PRRT1B	0.400537929583729
C19orf85 (111064650)	C19orf85	0.0285691521967709
FAM236C (109729126)	FAM236C	0
EXOC3L2 (90332)	EXOC3L2	0.0285691521967709
ETDC (110806299)	ETDC	0
LMLN2 (100128908)	LMLN2	0
MYOCOS (110806290)	MYOCOS	0
HSFX3 (101928917)	HSFX3	0
VSIG10L2 (338667)	VSIG10L2	0
PMIS2 (111216276)	PMIS2	0
PRR33 (102724536)	PRR33	0
GNG14 (105372280)	GNG14	0
SLURP2 (432355)	SLURP2	0
C2orf81 (388963)	C2orf81	1.8073549220576
THSD8 (111644133)	THSD8	0
OR8B3 (390271)	OR8B3	0
SCYGR10 (112441436)	SCYGR10	0
SCYGR1 (112441428)	SCYGR1	0
SCYGR4 (112441430)	SCYGR4	0
SCYGR8 (112441432)	SCYGR8	0
SCYGR2 (112441435)	SCYGR2	0
OR4F16 (81399)	OR4F16	0
SCYGR5 (112441437)	SCYGR5	0
OR8B2 (26595)	OR8B2	0
CD300H (100130520)	CD300H	0
TMEM247 (388946)	TMEM247	0
SCYGR3 (112441429)	SCYGR3	0
SCYGR7 (112441438)	SCYGR7	0
OR8S1 (341568)	OR8S1	0
SCYGR6 (112441431)	SCYGR6	0
OR4F29 (729759)	OR4F29	0
EEF1AKMT4 (110599564)	EEF1AKMT4	2.82578562746479
TBCE (6905)	TBCE	4.32840565895857
OOSP4A (112577462)	OOSP4A	0
ARHGAP11B (89839)	ARHGAP11B	2.03210084316702
OOSP3 (112577461)	OOSP3	0
