SYMBOL	HT29_LARGE_INTESTINE
A1BG	1.25334885646717
NAT2	0.433694208344174
ADA	1.3428247635557
CDH2	0.729564863856545
AKT3	1.02169470476617
GAGE12F	1.0526427280961
RNA5-8SN5	0.736942594729667
RNA18SN5	0.736942594729667
RNA28SN5	0.736942594729667
LINC02584	1.07884952858265
POU5F1P5	0.979753098033958
ZBTB11-AS1	1.19833272410156
MED6	0.764334413991476
NR2E3	1.13133433617156
NAALAD2	1.0798977924045
DUXB	0.971089603767894
SNORD116-1	1.15942294495005
SNORD116-2	1.15942294495005
SNORD116-3	1.15942294495005
SNORD116-4	1.15942294495005
SNORD116-5	1.15942294495005
SNORD116-6	1.15942294495005
SNORD116-7	1.15942294495005
SNORD116-8	1.15942294495005
SNORD116-9	1.15942294495005
SNORD116-10	1.15942294495005
SNORD116-11	1.15942294495005
SNORD116-12	1.15942294495005
SNORD116-13	1.15942294495005
SNORD116-14	1.15942294495005
SNORD116-15	1.15942294495005
SNORD116-16	1.15942294495005
SNORD116-17	1.15942294495005
SNORD116-18	1.15942294495005
SNORD116-20	1.15942294495005
SNORD116-21	1.15942294495005
SNORD116-22	1.15942294495005
SNORD116-23	1.15942294495005
SNORD116-24	1.15942294495005
SNORD116-25	1.15942294495005
SNORD115-2	1.15942294495005
SNORD116-26	1.15942294495005
SNORD116-27	1.15942294495005
SNORD115-3	1.15942294495005
SNORD115-4	1.15942294495005
SNORD115-5	1.15942294495005
SNORD115-6	1.15942294495005
SNORD115-7	1.15942294495005
SNORD115-8	1.15942294495005
SNORD115-9	1.15942294495005
SNORD115-10	1.15942294495005
SNORD115-11	1.15942294495005
SNORD115-12	1.15942294495005
SNORD115-13	1.15942294495005
SNORD115-14	1.15942294495005
SNORD115-15	1.15942294495005
SNORD115-16	1.15942294495005
SNORD115-17	1.15942294495005
SNORD115-18	1.15942294495005
SNORD115-19	1.15942294495005
SNORD115-20	1.15942294495005
SNORD115-21	1.15942294495005
SNORD115-22	1.15942294495005
SNORD115-23	1.15942294495005
SNORD115-25	1.15942294495005
SNORD115-26	1.15942294495005
SNORD115-29	1.15942294495005
SNORD115-30	1.15942294495005
SNORD115-31	1.15942294495005
SNORD115-32	1.15942294495005
SNORD115-33	1.15942294495005
SNORD115-34	1.15942294495005
SNORD115-35	1.15942294495005
SNORD115-36	1.15942294495005
SNORD115-37	1.15942294495005
SNORD115-38	1.15942294495005
SNORD115-39	1.15942294495005
SNORD115-40	1.15942294495005
SNORD115-41	1.15942294495005
SNORD115-42	1.15942294495005
SNORD115-43	1.15942294495005
SNORD115-44	1.15942294495005
MIR675	1.07884952858265
SNORD116-28	1.15942294495005
SNORD116-29	1.15942294495005
SNORD115-48	1.15942294495005
PDZK1P1	0.982951932690122
SNORD115-24	1.15942294495005
SNORD115-27	1.15942294495005
SNORD115-28	1.15942294495005
SNORD115-45	1.15942294495005
SNORD115-47	1.15942294495005
DDTL	0.730447216884634
TLX1NB	0.97891388353545
NAALADL1	1.07884952858265
CDKN2B-AS1	0.952713287730748
GUSBP9	0.981327424359639
SIGLEC14	0.261988987213523
LOC100049716	1.02278665752541
ACOT8	1.3428247635557
ABI1	0.979753098033958
GNPDA1	0.981327424359639
MIMT1	1.25334885646717
KCNE3	1.0798977924045
ZBTB33	0.971983922050255
SNHG8	0.982841762389136
GTF2IP4	1.17037000361717
GS1-600G8.3	0.681263242067964
CDH3	0.971089603767894
TANK	1.00240700458938
HAVCR1P1	0.71650131047893
POM121C	1.17037000361717
ZSCAN30	0.729564863856545
GAGE8	1.0526427280961
ANKRD26P3	1.33645054467716
SRA1	0.981327424359639
SNORD119	1.04060686127253
SNORD121A	0.952713287730748
SNORD125	1.25509584409354
SNORD19B	0.730118323494498
SNORD105B	0.704151138682422
SNORD123	1.19567882225115
UCKL1-AS1	1.3428247635557
SNORD127	0.764334413991476
SNORD126	0.764334413991476
SNORD11B	0.970894155693591
SNORD12B	1.3428247635557
SNORD111B	0.971089603767894
LIN28B-AS1	0.94270636541698
LINC00583	0.952713287730748
TMEM170B	1.12568358502349
FAM138E	1.13133433617156
SNORD58C	0.729564863856545
SCARNA27	1.12568358502349
SNORA84	0.975901197514351
SNORA36C	1.00240700458938
SNORA38B	1.45235253680058
SNORA70B	1.00240700458938
SNORA70C	0.963087641236575
SNORA11B	0.764334413991476
SNORA11C	1.0526427280961
HOTAIR	1.01423100355274
ZGLP1	0.704151138682422
FAM86JP	1.19833272410156
FMR1-AS1	1.07534151737943
MIR298	1.3428247635557
MIR300	0.764334413991476
VTRNA2-1	0.981327424359639
MIR509-2	1.07534151737943
MIR450B	0.971983922050255
MIR890	0.971983922050255
MIR891B	0.971983922050255
MIR888	0.971983922050255
MIR892B	0.971983922050255
MIR541	0.764334413991476
MIR875	1.01569444866679
MIR876	0.952713287730748
MIR147B	1.15942294495005
MIR744	0.749723017917101
MIR877	1.04825237769963
MIR665	0.764334413991476
MIR873	0.952713287730748
MIR374B	0.971983922050255
MIR301B	0.730447216884634
MIR216B	1.00240700458938
MIR920	1.24074736084
MIR922	1.03734056701319
MIR924	0.729564863856545
MIR934	0.971983922050255
MIR935	1.25334885646717
MIR936	0.97891388353545
MIR938	0.979753098033958
MIR940	0.98246487716107
MIR941-1	1.3428247635557
MIR941-4	1.3428247635557
MIR942	0.982951932690122
MIR943	0.982841762389136
MIR708	1.0798977924045
MIR885	0.720410490708883
MIR543	0.764334413991476
MIR208B	0.764334413991476
MIR509-3	1.07534151737943
MIR937	1.02360093995737
MIR941-2	1.3428247635557
MIR944	1.03734056701319
MIR891A	0.971983922050255
MIR892A	0.971983922050255
MIR874	0.981327424359639
MIR889	0.764334413991476
MIR190B	0.982951932690122
MIR887	1.19567882225115
MIR760	0.982951932690122
MIR921	0.991375931347093
MIR933	0.970894155693591
MIR939	1.02360093995737
MIR941-3	1.3428247635557
MIR297	0.982841762389136
MIR365A	0.98246487716107
MIR365B	1.43941607542378
LOC100126447	0.971983922050255
GJE1	0.94270636541698
LOC100126584	0.94270636541698
LINC00322	0.717899370570668
SNAR-G1	1.24196546098975
SNAR-F	1.24196546098975
LOC100126784	1.07884952858265
EGOT	0.720410490708883
GHRLOS	0.720410490708883
SNAR-A1	1.24196546098975
SNAR-A2	1.24196546098975
SNAR-A12	1.24196546098975
MINAR2	0.981327424359639
SLCO4A1-AS1	1.3428247635557
HECW1-IT1	1.17037000361717
KRT73-AS1	1.01423100355274
C8orf88	1.01569444866679
LOC100128006	0.749723017917101
DPPA2P3	1.03734056701319
WWTR1-AS1	1.21511111792987
PLCE1-AS1	0.97891388353545
SMARCA5-AS1	0.982841762389136
LOC100128059	0.981327424359639
FAM229A	0.982951932690122
LOC100128076	0.975901197514351
LOC100128079	0.98246487716107
JAZF1-AS1	1.17037000361717
ST8SIA6-AS1	0.979753098033958
LOC100128108	1.13133433617156
HGC6.3	0.862327116139212
STAU2-AS1	1.01569444866679
ADGRA1-AS1	0.96610428515749
LINC01233	0.71650131047893
LOC100128164	1.2087165663813
UST-AS1	0.749110827107011
TMPO-AS1	1.01423100355274
LINC02324	0.764334413991476
LOC100128239	1.0798977924045
ZNF667-AS1	1.25334885646717
LOC100128253	1.02278665752541
TNK2-AS1	1.03734056701319
HTR5A-AS1	1.24449465772
LOC100128276	1.01423100355274
DNM1P35	1.13133433617156
LOC100128288	0.749723017917101
DLG5-AS1	0.97891388353545
LOC100128310	1.3428247635557
LOC100128317	1.17037000361717
LOC100128325	1.17978731315435
TRAPPC3L	0.94270636541698
FAM83H-AS1	1.02360093995737
LOC100128361	0.975901197514351
LINC00696	0.730118323494498
FAM225B	0.963087641236575
LOC100128386	1.0798977924045
LOC100128398	1.25334885646717
LINC00892	0.971983922050255
LOC100128494	1.07884952858265
C20orf78	1.01794118838271
ASTN2-AS1	0.963087641236575
NEBL-AS1	0.979753098033958
LOC100128531	0.730447216884634
MIR29B2CHG	0.991375931347093
LINC02347	1.01423100355274
MYHAS	0.749723017917101
LOC100128568	0.704151138682422
C19orf71	0.672745602694723
SLC8A1-AS1	1.00240700458938
LOC100128593	0.963087641236575
TMSB15B-AS1	0.971983922050255
CDC42P3	1.02360093995737
ACVR2B-AS1	0.720410490708883
LOC100128653	1.10834731360131
HPN-AS1	1.24196546098975
LINC01531	1.24196546098975
GPR50-AS1	1.12011520828342
LINC02346	1.15942294495005
OST4	1.01202671490066
RBPMS-AS1	0.433694208344174
LOC100128770	0.98246487716107
LINC00476	0.970815788272126
LINC01349	0.982951932690122
SRRM2-AS1	0.98246487716107
GPR158-AS1	0.979753098033958
LINC01003	1.24449465772
VPS9D1-AS1	0.971089603767894
LOC100128882	0.971089603767894
LOC100128885	1.17037000361717
FAM66B	7.87347220630947e-06
GATA6-AS1	0.729564863856545
LINC01960	0.970894155693591
LMLN2	0.764334413991476
ZBTB42	0.771082865073358
LINC01310	0.705191761652427
LOC100128966	0.981327424359639
MAPT-AS1	1.00518177247207
LOC100128988	1.3428247635557
LOC100128993	0.433694208344174
LOC100129027	0.696368907296711
PKP4-AS1	1.00240700458938
LOC100129034	0.963087641236575
LOC100129046	0.982951932690122
LOC100129055	0.979753098033958
SEMA3F-AS1	0.730118323494498
UNQ6494	0.975901197514351
KTN1-AS1	0.764334413991476
LOC100129083	1.24196546098975
BTNL10	1.02169470476617
KHDC1L	0.94270636541698
LOC100129129	0.433694208344174
LOC100129138	0.982951932690122
LOC100129148	1.17978731315435
LOC100129175	0.970894155693591
ZSCAN16-AS1	1.12568358502349
MATN1-AS1	0.982951932690122
LOC100129203	1.0798977924045
SLC39A12-AS1	0.979753098033958
DEFB131B	1.07884952858265
THCAT155	1.02278665752541
SMIM27	0.952713287730748
LINC01160	0.982951932690122
C1orf68	0.982951932690122
TDRD15	1.01202671490066
LOC100129291	0.971983922050255
CD200R1L-AS1	1.19833272410156
LOC100129307	1.16077440404817
LOC100129316	0.975901197514351
LINC02291	0.764334413991476
LINC00484	0.975901197514351
NRADDP	0.730118323494498
SMIM10L1	1.02278665752541
C9orf92	0.952713287730748
GABPB1-AS1	1.15942294495005
FAM106C	0.749723017917101
MSTO2P	0.982951932690122
RPL19P12	1.17978731315435
DDC-AS1	1.17037000361717
LOC100129434	1.00240700458938
DPY19L1P1	1.17037000361717
LYRM4-AS1	1.12568358502349
LINC01546	0.681263242067964
MKRN2OS	0.720410490708883
ZNF37BP	0.979753098033958
LOC100129484	1.10834731360131
ETDB	0.971983922050255
LINC02012	1.03734056701319
SOD2-OT1	0.749110827107011
TEX13C	0.971983922050255
LOC100129534	0.969343795308908
LOC100129540	1.13133433617156
ZNF730	0.71650131047893
LINC02035	1.19833272410156
FAM47E	0.982841762389136
LINC00462	1.16077440404817
LOC100129603	1.10834731360131
LOC100129617	0.971089603767894
LOC100129620	0.982951932690122
LOC100129636	1.12568358502349
TCF24	1.01569444866679
FGF13-AS1	0.971983922050255
IZUMO3	0.952713287730748
LOC100129697	0.971089603767894
ARRDC3-AS1	0.981327424359639
STPG3-AS1	0.963087641236575
LOC100129724	1.01202671490066
LINC01126	1.00240700458938
MIR193BHG	0.98246487716107
CCDC152	1.19567882225115
SLC25A21-AS1	0.764334413991476
ZNF807	1.24196546098975
MRVI1-AS1	1.07884952858265
COL4A2-AS2	1.16077440404817
ZNF737	0.71650131047893
PCOLCE-AS1	1.17037000361717
SCOC-AS1	0.982841762389136
LOC100129878	0.729564863856545
LOC100129917	0.982841762389136
TMEM269	0.982951932690122
LOC100129931	0.982841762389136
LOC100129935	1.24196546098975
HMGA2-AS1	1.01423100355274
CCNT2-AS1	1.00240700458938
FAM205C	0.952713287730748
CERNA1	1.15942294495005
LINC01460	1.01202671490066
HDAC6	1.0526427280961
URAHP	0.971089603767894
FTLP10	0.982841762389136
LOC100130027	1.02360093995737
LOC100130075	1.01423100355274
LOC100130111	1.15942294495005
MAPT-IT1	1.00518177247207
MIR124-2HG	1.01569444866679
LOC100130172	0.981327424359639
EFCAB14-AS1	0.982951932690122
LOC100130207	0.720410490708883
LINC00861	2.05039341266889
LOC100130238	1.01423100355274
PP2672	1.02169470476617
LOC100130264	1.01794118838271
LOC100130268	1.01423100355274
CCDC166	1.02360093995737
TFAP2A-AS1	1.12568358502349
LOC100130283	0.98246487716107
LOC100130298	1.01569444866679
C8orf89	1.01569444866679
SUPT20HL1	0.742060425418264
C17orf107	0.749723017917101
LOC100130331	1.02169470476617
SCGB2B3P	1.24196546098975
TMEM262	1.07884952858265
LOC100130357	1.12568358502349
LOC100130370	0.986809853654872
LOC100130373	1.3428247635557
LINC00552	1.16077440404817
LINC02593	0.969343795308908
CECR7	0.736942594729667
LOC100130449	0.966350804585467
LOC100130451	0.970894155693591
LOC100130452	0.970894155693591
CAND1.11	1.07884952858265
LOC100130476	0.94270636541698
LINC01387	1.15931082987001
TMEM221	0.71650131047893
CD300H	0.986809853654872
PARD6G-AS1	0.729564863856545
C10orf142	0.979753098033958
LOC100130548	0.963087641236575
NFYC-AS1	0.982951932690122
LINC00910	1.00518177247207
LOC100130587	1.3428247635557
PRR32	0.971983922050255
LOC100130673	1.17037000361717
LOC100130691	0.970894155693591
LOC100130698	0.97891388353545
TP53TG3HP	0.98246487716107
ATP6V1FNB	1.17978731315435
HDHD5-AS1	0.736942594729667
LRRC70	0.981327424359639
LRRC69	1.01569444866679
LOC100130744	1.19567882225115
EFCAB10	1.17978731315435
AGAP2-AS1	1.01423100355274
SBK3	1.25334885646717
LOC100130849	1.17037000361717
USP3-AS1	1.13133433617156
LOC100130872	0.982841762389136
LOC100130880	1.17978731315435
ATE1-AS1	0.96610428515749
PSORS1C3	1.04825237769963
TSTD3	0.94270636541698
VAC14-AS1	0.971089603767894
LOC100130899	0.720285108111023
SMIM6	0.986809853654872
ZNF663P	1.3428247635557
CSAG4	1.12011520828342
LOC100130950	0.749723017917101
LINC01502	0.963087641236575
SYCE1L	0.971089603767894
LOC100130964	0.416558022388397
C6orf99	0.749110827107011
LOC100130987	1.07884952858265
SPATA48	1.17037000361717
LOC100130992	0.979753098033958
ZNF316	1.10834731360131
LOC100131047	1.04825237769963
LINC01135	0.982951932690122
CKMT2-AS1	0.981327424359639
SRP14-AS1	1.15942294495005
DPP9-AS1	0.704151138682422
TNRC6C-AS1	0.986809853654872
LOC100131107	0.982951932690122
ZBTB20-AS1	1.19833272410156
BSPH1	1.24196546098975
LINC01405	1.01423100355274
WDR86-AS1	1.24449465772
TSTD1	0.982951932690122
CCDC183-AS1	0.963087641236575
RPL21P28	0.991375931347093
SNAP25-AS1	1.01794118838271
NEMP2	0.970894155693591
ZNF503-AS2	0.97891388353545
MIR181A1HG	0.991375931347093
ANKRD63	1.15942294495005
LOC100131257	1.10834731360131
LOC100131289	1.12568358502349
DPEP2NB	0.971089603767894
LOC100131315	1.15942294495005
RAB6C-AS1	1.00240700458938
RDM1P5	1.00518177247207
LINC00605	0.771082865073358
C11orf91	1.07884952858265
SP9	0.970894155693591
LINC00893	1.07534151737943
CD300LD	0.986809853654872
DBIL5P	0.7295394616866
LOC100131472	0.932380436661844
LOC100131496	1.3428247635557
LOC100131532	0.862327116139212
ZNF705E	1.07884952858265
LINC00887	1.03734056701319
FKSG29	1.16077440404817
CCDC18-AS1	0.982951932690122
LOC100131604	1.00240700458938
LOC100131626	1.0798977924045
LOC100131635	1.03734056701319
ZNF236-DT	0.729564863856545
MZF1-AS1	1.25334885646717
FAM83A-AS1	2.05039341266889
USP30-AS1	1.01423100355274
ARMCX4	0.971983922050255
PET100	0.704151138682422
LINC00271	0.94270636541698
UBE2DNL	0.971983922050255
CADM3-AS1	0.982951932690122
ZNF717	0.723578923483452
INSYN2B	0.981327424359639
KRTAP25-1	0.71893801338487
ZNF705G	7.87347220630947e-06
FAM27E3	0.975901197514351
TEX13D	0.971983922050255
LOC100132057	0.982951932690122
FOXO6	0.982951932690122
LOC100132077	0.970815788272126
LOC100132078	1.0798977924045
HERC2P7	1.15942294495005
FAM66E	0.433694208344174
C2CD4D-AS1	0.982951932690122
ACTA2-AS1	0.97891388353545
FAM240A	0.730118323494498
LINC01783	0.982951932690122
CALML3-AS1	0.979753098033958
PHKA2-AS1	0.961550425812295
WASIR2	0.98280619354904
LINC01987	0.986809853654872
LOC100132215	1.00240700458938
LINC00543	1.33645054467716
LOC100132249	0.709018617651733
NDUFA6-DT	0.720285108111023
KIR2DS2	1.25334885646717
TEKT4P2	1.08779534512708
CLUHP3	0.98246487716107
FRG1HP	0.709018617651733
LINC01512	1.04825237769963
LOC100132356	1.19567882225115
KRTAP4-9	1.00518177247207
ZNF705B	0.433694208344174
GAGE12D	1.0526427280961
FAM157B	0.963087641236575
NBPF10	0.982951932690122
FCGR1CP	0.982951932690122
CLDN24	0.716789838124403
KRTAP4-7	1.00518177247207
LINC01415	0.729564863856545
FGD5P1	0.720410490708883
TAT-AS1	0.971089603767894
PGAM1P5	1.01423100355274
LINC02312	0.764334413991476
ZRANB2-AS1	0.982951932690122
BSN-DT	0.730118323494498
LOC100132686	1.0798977924045
PAXIP1-AS2	1.24449465772
CYP4F30P	1.00240700458938
DCAF13P3	1.15942294495005
FILNC1	0.94270636541698
KDM4A-AS1	0.982951932690122
LOC100132781	0.970815788272126
LOC100132813	1.0381909863396
IPO5P1	0.71650131047893
LOC100132831	0.742060425418264
PMS2P9	1.17037000361717
MSC-AS1	1.01569444866679
DPH3P1	1.3428247635557
SHISAL2B	0.981327424359639
FAM66D	0.433694208344174
FAM25BP	0.979753098033958
FAM27C	0.709018617651733
SMIM9	1.15404773795701
GOLGA8DP	1.15942294495005
LINC00856	0.97891388353545
RASA4DP	1.17978731315435
LOC100133050	0.981327424359639
LOC100133077	0.963087641236575
LOC100133091	1.17037000361717
FAM25G	0.979753098033958
FAM27B	0.975901197514351
LINC01203	0.681263242067964
LINC01001	1.07884952858265
FAM66A	0.433694208344174
C9orf147	0.963087641236575
LINC00240	1.12568358502349
GOLGA6L3	1.13133433617156
SBF1P1	1.01569444866679
DEFB130B	0.433694208344174
LOC100133286	0.71893801338487
RSU1P2	0.979753098033958
HOXA-AS3	1.17037000361717
LOC100133315	1.07884952858265
PRO1804	0.986809853654872
LOC100133331	0.969343795308908
LINC02171	0.982841762389136
MRPL23-AS1	1.07884952858265
LINC01134	0.969343795308908
LY6E-DT	1.02360093995737
LOC100133920	1.00240700458938
CD24	0.94270636541698
UXT-AS1	1.0526427280961
LINC01816	1.00240700458938
MAP3K14-AS1	1.00518177247207
UBOX5-AS1	1.01794118838271
LOC100134040	1.24449465772
KDM7A-DT	1.17978731315435
LINC01119	1.00240700458938
LOC100134317	1.24196546098975
LOC100134368	0.98280619354904
LOC100134391	0.986809853654872
KCNJ18	0.749723017917101
NDUFB2-AS1	1.17978731315435
LOC100134868	1.3428247635557
UBE2Q2P2	1.13133433617156
TEN1	0.986809853654872
UPK3BL1	1.17978731315435
JMJD7	1.15942294495005
PLA2G4B	1.15942294495005
HDAC5	1.00518177247207
C17orf99	0.986809853654872
LOC100144595	1.00240700458938
LINC00029	1.3428247635557
LINC01056	1.3428247635557
EPHA5-AS1	0.982841762389136
CHKB-DT	0.73920158822585
LINC00930	1.13133433617156
KLLN	0.97891388353545
RNU7-1	1.02278665752541
TMCO1-AS1	0.991375931347093
PDCD6IP	0.720410490708883
KRTAP20-4	0.71893801338487
RNU4ATAC	1.00240700458938
RNU6ATAC	0.963087641236575
SCARNA9L	0.961550425812295
PDCD6	1.19567882225115
RNA5S1	1.02169470476617
TEX36-AS1	0.96610428515749
RNA5S2	1.02169470476617
RNA5S3	1.02169470476617
RNA5S4	1.02169470476617
RNA5S5	1.02169470476617
RNA5S6	1.02169470476617
RNA5S7	1.02169470476617
RNA5S8	1.02169470476617
RNA5S9	1.02169470476617
RNA5S10	1.02169470476617
RNA5S11	1.02169470476617
RNA5S12	1.02169470476617
RNA5S13	1.02169470476617
RNA5S14	1.02169470476617
RNA5S15	1.02169470476617
RNA5S16	1.02169470476617
RNA5S17	1.02169470476617
PATE3	1.0798977924045
PEG3-AS1	1.25334885646717
SNAR-A13	1.24196546098975
DBIL5P2	1.00240700458938
BCL2L10	1.15942294495005
SNAR-B2	1.24196546098975
SNAR-C2	1.24196546098975
SNAR-C4	1.24196546098975
SNAR-E	1.24196546098975
SNAR-H	1.00240700458938
SNAR-I	1.03734056701319
SNAR-C5	1.24196546098975
SNAR-B1	1.24196546098975
SNAR-C1	1.24196546098975
SNAR-C3	1.24196546098975
SNAR-D	1.24196546098975
SNAR-G2	1.24196546098975
SRRM5	1.24196546098975
ERICH4	1.24196546098975
EPOP	1.48826986994562
TRIM59-IFT80	1.06598575216065
BCL2L11	1.00240700458938
MIR1224	1.03734056701319
MIR1225	0.98246487716107
TOMM6	1.04825237769963
HECTD2-AS1	0.97891388353545
LINC00426	1.33645054467716
LINC00092	0.970815788272126
DNMBP-AS1	0.97891388353545
DCTN1-AS1	1.00240700458938
SH2B3	1.01423100355274
RAMP2-AS1	1.00518177247207
TPT1-AS1	1.16077440404817
LINC02418	1.01423100355274
C5orf52	0.981327424359639
C2CD4D	0.982951932690122
PPIAP30	0.979753098033958
ZFHX4-AS1	1.01569444866679
PP12613	0.982841762389136
FLJ16779	1.3428247635557
LINC01634	0.736942594729667
LOC100192426	1.15931082987001
CDH4	1.3428247635557
GNE	0.709018617651733
HCN4	1.13133433617156
MANCR	0.979753098033958
FAR2P2	1.00240700458938
KMT2E-AS1	1.17978731315435
LINC01004	1.17978731315435
INSL5	0.982951932690122
FRAT1	0.97891388353545
PCED1B-AS1	1.01423100355274
TROAP	1.01423100355274
LOC100240728	1.17037000361717
LOC100240734	1.01423100355274
LOC100240735	1.01423100355274
MED16	0.672745602694723
PIGK	0.982951932690122
LOC100268168	0.981327424359639
LINC01432	1.01794118838271
CASC11	2.05039341266889
LOC100270746	1.12568358502349
LINC00653	1.01794118838271
LINC00940	1.02278665752541
ARHGEF33	1.00240700458938
LINC00899	0.705191761652427
SMG1P3	0.98246487716107
ERVV-2	1.25334885646717
MEF2B	0.71650131047893
AIRN	0.749110827107011
ZNRF2P2	1.17037000361717
RASA4B	1.17978731315435
CMC4	1.15404773795701
LOC100272217	0.963087641236575
LINC00894	1.12011520828342
BCDIN3D-AS1	1.01423100355274
LOC100286906	1.08695203854043
LOC100286922	0.970894155693591
LOC100286925	0.730447216884634
VPS13A-AS1	0.975901197514351
ANAPC1P1	1.00240700458938
LOC100287010	1.00240700458938
LOC100287015	0.416284738599625
DDX11L10	0.98280619354904
LOC100287036	0.971089603767894
LOC100287042	0.986809853654872
FAM90A26	0.982841762389136
LOC100287049	0.982951932690122
LOC100287072	0.749723017917101
GACAT2	1.15931082987001
DEFT1P2	0.416284738599625
TONSL-AS1	1.02360093995737
DDX11L1	0.969343795308908
LINC00421	1.33645054467716
USP17L10	0.982841762389136
WASHC1	0.952713287730748
LOC100287175	0.98280619354904
EML2-AS1	1.24196546098975
USP17L11	0.982841762389136
USP17L12	0.982841762389136
SH3RF3-AS1	1.00240700458938
LINC01630	0.729564863856545
ZNF729	0.71650131047893
TIPARP-AS1	1.06598575216065
USP17L13	0.982841762389136
MANSC4	1.24074736084
LINC00941	1.24074736084
USP17L17	0.982841762389136
LOC100287329	1.04825237769963
PRSS46P	0.730118323494498
USP17L18	0.982841762389136
OSTM1-AS1	0.94270636541698
LOC100287387	0.966350804585467
POTEB2	1.15942294495005
USP17L19	0.982841762389136
USP17L20	0.982841762389136
LOC100287467	0.94270636541698
USP17L21	0.982841762389136
SMKR1	1.17978731315435
LOC100287497	0.991375931347093
USP17L22	0.982841762389136
GLYATL1B	1.07884952858265
ADPGK-AS1	1.13133433617156
LINC00173	1.01423100355274
LINC02106	1.19567882225115
DDX11L5	0.952713287730748
LOXL1-AS1	1.13133433617156
SELENOKP3	0.94270636541698
MTHFD2P1	1.19833272410156
LOC100287704	1.17037000361717
ANKRD66	1.04825237769963
AP4B1-AS1	0.982951932690122
SMIM10L2B-AS1	0.971983922050255
LINC00630	0.971983922050255
LOC100287792	1.3428247635557
LOC100287808	1.48826986994562
LINC00582	1.02169470476617
LOC100287837	1.07884952858265
LOC100287846	1.01569444866679
LINC00994	0.723578923483452
LOC100287896	1.0798977924045
TTC34	0.969343795308908
LGALS8-AS1	1.02169470476617
TIMM23	0.979753098033958
LOC100287944	1.01423100355274
LINC01699	0.991375931347093
LOC100288069	0.969343795308908
SDR42E2	0.98246487716107
WTAPP1	1.0798977924045
GS1-279B7.1	0.991375931347093
LDLRAD4-AS1	1.15931082987001
LOC100288123	0.672745602694723
NBPF20	0.982951932690122
SLC9A3-AS1	1.19567882225115
LOC100288175	0.969343795308908
LNCOC1	1.02360093995737
HMGN3-AS1	0.94270636541698
LOC100288203	1.15942294495005
LOC100288208	1.16077440404817
LOC100288254	0.981327424359639
KRTAP22-2	0.71893801338487
KRTAP21-3	0.71893801338487
NPIPA5	0.98246487716107
NCAM1-AS1	1.0798977924045
ERVMER34-1	0.982841762389136
LMCD1-AS1	0.720410490708883
IL10RB-DT	0.71893801338487
MTRNR2L7	0.979753098033958
DDX11L9	1.13133433617156
USP17L15	0.982841762389136
DUX4	1.00182064735938
LOC100288728	0.7295394616866
PAN3-AS1	1.33645054467716
LOC100288748	1.01569444866679
WASH8P	1.02278665752541
TMEM239	1.01794118838271
LOC100288798	1.01423100355274
FRG2C	0.723578923483452
HYDIN2	0.982951932690122
CLDN34	0.681263242067964
SRGAP3-AS3	0.720410490708883
B3GNT10	0.963087641236575
LOC100288846	0.764334413991476
LOC100288866	1.00518177247207
CRIM1-DT	1.00240700458938
PRSS43P	0.730118323494498
BMS1P21	0.97891388353545
MOXD2P	1.17978731315435
SLC25A25-AS1	0.963087641236575
ATP2A1-AS1	0.98246487716107
FRG1CP	1.3428247635557
GS1-124K5.4	1.17037000361717
FAM27E2	0.709018617651733
FAM95C	0.709018617651733
GNG12-AS1	0.982951932690122
TMEM225B	1.17037000361717
LINC00624	0.982951932690122
LOC100289230	0.981327424359639
TMEM238L	0.749723017917101
DNAJC3-DT	1.16077440404817
LOC100289333	0.748368687962694
MAN1B1-DT	0.963087641236575
LOC100289361	0.986056538996622
UBAC2-AS1	1.16077440404817
KCTD21-AS1	1.0798977924045
MCF2L-AS1	1.16077440404817
DEFB4B	7.87347220630947e-06
LOC100289473	1.04060686127253
LOC100289495	0.862327116139212
KCNIP2-AS1	0.97891388353545
LOC100289511	0.764334413991476
LOC100289561	1.17978731315435
HERC2P4	0.98246487716107
LOC100289580	0.971089603767894
ZNF605	1.01423100355274
PSG8-AS1	1.24196546098975
LOC100289656	1.15942294495005
LINC01848	0.981327424359639
ZNF783	1.24449465772
LOC100291105	1.3428247635557
LINC00942	1.02278665752541
ZNF587B	1.25334885646717
C4B_2	1.04825237769963
LOC100294145	1.04825237769963
LOC100294362	0.986809853654872
NHEG1	0.94270636541698
CDH5	0.98246487716107
MIR1284	0.723578923483452
MIR1200	1.17037000361717
MIR513C	0.971983922050255
MIR1468	0.971983922050255
MIR1265	0.979753098033958
MIR320B1	0.982951932690122
MIR1286	1.65854047521834
MIR1538	0.971089603767894
MIR1276	1.13133433617156
MIR1183	1.17037000361717
MIR1275	1.04825237769963
MIR1288	0.749723017917101
MIR1289-1	1.3428247635557
MIR1471	0.970894155693591
MIR1470	0.71650131047893
MIR1302-3	1.00240700458938
MIR1915	0.979753098033958
MIR1302-4	0.970894155693591
MIR302F	0.729564863856545
MIR1182	1.02169470476617
MIR1287	0.97891388353545
MIR1289-2	0.981327424359639
MIR320C1	0.729564863856545
MIR1252	1.01423100355274
MIR1914	1.3428247635557
MIR1292	1.01794118838271
MIR1537	1.02169470476617
MIR1302-6	0.932380436661844
MIR1913	0.862327116139212
MIR1246	0.970894155693591
MIR1248	1.03734056701319
MIR1912	0.971983922050255
MIR1247	0.764334413991476
MIR1302-5	1.3428247635557
MIR1263	1.06598575216065
MIR1249	0.720285108111023
MIR1296	0.979753098033958
MIR1298	0.971983922050255
MIR1256	0.982951932690122
MIR1229	0.981327424359639
MIR1185-1	0.764334413991476
MIR1231	0.991375931347093
MIR1233-1	1.15942294495005
MIR1205	2.05039341266889
MIR1278	0.991375931347093
MIR2113	0.94270636541698
MIR1322	0.433694208344174
MIR1299	0.709018617651733
MIR1257	1.3428247635557
MIR320D2	0.971983922050255
MIR1206	2.05039341266889
MIR1321	0.971983922050255
MIR1258	0.970894155693591
MIR1307	0.97891388353545
MIR1207	2.05039341266889
MIR1269A	0.982841762389136
MIR1295A	0.991375931347093
MIR1270	0.71650131047893
MIR1294	0.981327424359639
MIR1279	1.01423100355274
MIR1825	1.3428247635557
MIR1272	1.13133433617156
MIR1204	2.05039341266889
MIR548I3	0.433694208344174
MIR1297	1.16077440404817
MIR1243	0.982841762389136
MIR1976	0.982951932690122
MIR548I4	0.971983922050255
MIR548F1	0.979753098033958
MIR1255A	0.982841762389136
MIR320C2	0.729564863856545
MIR1234	1.02360093995737
MIR1306	1.65854047521834
MIR1228	1.01423100355274
MIR1266	1.15942294495005
MIR1271	0.981327424359639
MIR1283-2	1.25334885646717
MIR1253	0.7295394616866
MIR1185-2	0.764334413991476
MIR1909	0.672745602694723
MIR1203	1.00518177247207
MIR1324	0.723578923483452
MIR1181	0.704151138682422
MIR1277	0.971983922050255
MIR1827	1.01423100355274
MIR1285-1	1.17037000361717
MIR1245A	0.970894155693591
MIR1293	1.01423100355274
MIR1291	1.01423100355274
MIR1911	0.971983922050255
MIR1302-8	0.970815788272126
MIR2110	0.97891388353545
MIR2053	1.0381909863396
MIR1238	0.704151138682422
MIR1302-1	1.01423100355274
MIR1261	1.0798977924045
MIR1250	0.986809853654872
MIR1226	0.730118323494498
MIR664A	0.991375931347093
MIR1179	1.13133433617156
MIR1260A	0.764334413991476
MIR1281	0.720285108111023
MIR103B1	0.981327424359639
MIR548F5	0.742060425418264
MIR1304	1.0798977924045
MIR1236	1.04825237769963
MIR1301	1.01202671490066
MIR1197	0.764334413991476
MIR1264	0.971983922050255
MIR1282	1.15942294495005
MIR1323	1.25334885646717
MIR1180	0.749723017917101
MIR1539	0.729564863856545
MIR1469	1.13133433617156
MIR1202	0.749110827107011
MIR2052	1.01569444866679
MIR1910	0.971089603767894
MIR1908	1.07884952858265
MIR1283-1	1.25334885646717
MIR2054	0.982841762389136
MIR1285-2	1.00240700458938
MIR1305	0.716789838124403
MIR1178	1.01423100355274
MIR548L	1.0798977924045
MIR1290	0.982951932690122
MIR548I2	0.982841762389136
MIR1262	0.982951932690122
MIR1237	1.07884952858265
MIR1208	2.05039341266889
MIR103B2	1.01794118838271
MIR1227	0.672745602694723
MIR1303	0.981327424359639
MIR1267	1.16077440404817
MIR548H3	0.749723017917101
MIR548P	0.981327424359639
MIR1251	1.01423100355274
MIR1973	0.982841762389136
RASAL2-AS1	0.991375931347093
PTCSC1	2.05039341266889
LINC00882	1.19833272410156
BABAM2-AS1	1.01202671490066
GPR75-ASB3	1.00240700458938
LINC00184	1.02169470476617
FTX	0.971983922050255
TMED7-TICAM2	0.981327424359639
PCNA-AS1	1.01794118838271
FAS-AS1	0.97891388353545
SNORA80B	1.01202671490066
NCRUPAR	0.981327424359639
TSNAX-DISC1	1.02169470476617
ZEB2-AS1	1.00240700458938
SLC25A5-AS1	0.971983922050255
LOC100303749	0.981327424359639
PET117	1.01794118838271
PITPNA-AS1	0.7295394616866
NDUFAF4P1	1.15942294495005
OTX2-AS1	0.764334413991476
LOC100310756	1.02360093995737
SPDYE2B	1.17978731315435
ANKRD61	1.10834731360131
MIR320B2	0.991375931347093
MIR548K	1.07884952858265
MIR548F2	0.970894155693591
MIR548M	0.971983922050255
MIR548H2	0.98246487716107
MIR302E	1.07884952858265
MIR670	1.07884952858265
MIR759	1.16077440404817
MIR2117	1.00518177247207
MIR2278	0.970815788272126
MIR718	1.21583421531377
MIR1255B1	0.982841762389136
MIR513B	0.971983922050255
MIR663B	1.00240700458938
MIR548O	1.17978731315435
MIR548H1	0.764334413991476
MIR1255B2	0.991375931347093
MIR762	0.98246487716107
MIR764	0.971983922050255
MIR2114	1.12011520828342
MIR2115	0.730118323494498
MIR548Q	0.979753098033958
MIR2276	1.33645054467716
MIR711	0.730118323494498
MIR548H4	0.433694208344174
MIR2116	1.13133433617156
MIR2277	0.981327424359639
MIR761	0.982951932690122
MIR548F4	1.24449465772
MIR320D1	1.16077440404817
MIR548J	0.730447216884634
MIR548E	0.97891388353545
MIR449C	0.981327424359639
MIR548G	0.708330872516
HOTTIP	1.17037000361717
SAP25	1.17037000361717
GCSHP3	0.970894155693591
TRPC5OS	0.971983922050255
LOC100335030	1.01423100355274
SNORA70F	1.00240700458938
CSN1S2BP	0.982841762389136
LINC00102	0.681263242067964
CHAF1A	0.704151138682422
SNORA70G	1.01423100355274
SNORA70D	0.971089603767894
MACROD2-AS1	1.01794118838271
TMED11P	0.982841762389136
LOC100379224	1.24196546098975
BOK-AS1	0.966350804585467
SNORA70E	1.0798977924045
NPPA-AS1	0.969343795308908
MIR181A2HG	0.963087641236575
BACE1-AS	1.0798977924045
GRIK1-AS2	0.71893801338487
PARP2	0.764334413991476
ZBED6	0.991375931347093
PARP3	0.730118323494498
CDH6	1.19567882225115
TOM1L1	1.00518177247207
PRR20G	1.19833272410156
LOC100419170	0.983733746955767
LOC100419583	1.15942294495005
DBET	1.00182064735938
ZNF722P	1.17037000361717
ZNF33BP1	0.979753098033958
HMGXB4	0.720285108111023
LOC100420587	0.71650131047893
FAM21EP	0.979753098033958
LOC100421746	0.971983922050255
LOC100422212	0.991375931347093
LOC100422556	1.15942294495005
SMG1P6	0.98246487716107
LINC02532	0.94270636541698
LOC100422781	1.12568358502349
MIR1273C	0.749110827107011
MIR4300	1.0798977924045
MIR3128	0.970894155693591
MIR3160-2	1.07884952858265
MIR4274	0.982841762389136
MIR3160-1	1.07884952858265
MIR4287	0.433694208344174
MIR4319	0.729564863856545
MIR3171	0.764334413991476
MIR3191	1.24196546098975
MIR3188	0.71650131047893
MIR3183	0.7295394616866
MIR1193	0.764334413991476
MIR3195	1.3428247635557
MIR3119-1	0.991375931347093
MIR4317	1.15931082987001
MIR3174	1.13133433617156
MIR3074	0.970815788272126
MIR4293	0.979753098033958
MIR3118-3	1.15942294495005
MIR1233-2	1.15942294495005
MIR3164	1.07884952858265
MIR514B	1.07534151737943
MIR548T	0.716789838124403
MIR548V	0.433694208344174
MIR4316	0.986809853654872
MIR4259	0.982951932690122
MIR3182	0.971089603767894
MIR3187	0.672745602694723
MIR4301	1.0798977924045
MIR3123	1.02169470476617
MIR4318	0.729564863856545
MIR4285	1.17978731315435
MIR3136	0.723578923483452
MIR4292	0.963087641236575
MIR4306	1.16077440404817
MIR548S	1.01202671490066
MIR4265	1.00240700458938
MIR544B	1.19833272410156
MIR4320	0.729564863856545
MIR3115	0.982951932690122
MIR378C	0.96610428515749
MIR4270	0.720410490708883
MIR3152	0.952713287730748
MIR3117	0.982951932690122
MIR4297	0.96610428515749
MIR4279	1.19567882225115
MIR3192	1.01794118838271
MIR3148	0.433694208344174
MIR3202-2	1.21583421531377
MIR3168	1.16077440404817
MIR3124	1.02169470476617
MIR3162	1.07884952858265
MIR3170	1.16077440404817
MIR3120	0.991375931347093
MIR4325	1.3428247635557
MIR548U	0.94270636541698
MIR4280	0.981327424359639
MIR4264	1.00240700458938
MIR3194	1.3428247635557
MIR4327	0.71893801338487
MIR3157	0.97891388353545
MIR3154	0.963087641236575
MIR4260	0.991375931347093
MIR4294	0.979753098033958
MIR3140	0.983733746955767
MIR4302	1.24074736084
MIR4255	0.982951932690122
MIR3190	1.24196546098975
MIR3158-1	0.97891388353545
MIR3135A	0.720410490708883
MIR3116-1	0.982951932690122
MIR4288	0.433694208344174
MIR3193	1.3428247635557
MIR4311	1.13133433617156
MIR3156-2	1.15931082987001
MIR3129	0.970894155693591
MIR4295	0.97891388353545
MIR2861	0.963087641236575
MIR500B	1.0526427280961
MIR3200	0.720285108111023
MIR320E	1.24196546098975
MIR4253	0.982951932690122
MIR3065	0.986809853654872
MIR3201	0.705191761652427
MIR3167	1.0798977924045
MIR548X	0.71893801338487
MIR3149	1.01569444866679
MIR548W	0.98246487716107
MIR4303	1.01423100355274
MIR4322	0.704151138682422
MIR3137	1.03734056701319
MIR4291	0.975901197514351
MIR3127	1.00240700458938
MIR4261	1.01202671490066
MIR4330	1.12011520828342
MIR4304	1.01423100355274
MIR4328	0.971983922050255
MIR378B	0.720410490708883
MIR3143	1.12568358502349
MIR3118-4	1.15942294495005
MIR3153	0.975901197514351
MIR4275	0.982841762389136
MIR3142	0.981327424359639
MIR3147	1.17037000361717
MIR4305	1.16077440404817
MIR4272	0.723578923483452
MIR3133	0.966350804585467
MIR3189	0.71650131047893
MIR3186	0.986809853654872
MIR4326	1.3428247635557
MIR3116-2	0.982951932690122
MIR3122	0.991375931347093
MIR4284	1.17037000361717
MIR3118-2	1.15942294495005
MIR3141	0.981327424359639
MIR3144	0.94270636541698
MIR4271	0.730118323494498
MIR3165	1.07884952858265
MIR4309	0.771082865073358
MIR4273	0.723578923483452
MIR3131	0.970894155693591
MIR4268	0.970894155693591
MIR4281	0.981327424359639
MIR4290	0.975901197514351
MIR3150A	1.01569444866679
MIR4263	1.01202671490066
MIR4277	1.19567882225115
MIR3146	0.932380436661844
MIR4251	0.969343795308908
MIR2909	1.48826986994562
MIR4312	1.13133433617156
MIR3181	0.98246487716107
MIR3169	1.16077440404817
MIR3178	0.98246487716107
MIR4252	0.969343795308908
MIR4256	0.982951932690122
MIR3185	1.00518177247207
MIR4324	1.24196546098975
MIR4323	1.24196546098975
MIR3173	0.764334413991476
MIR4286	0.433694208344174
MIR4314	0.749723017917101
MIR4308	0.764334413991476
MIR3125	1.01202671490066
MIR3202-1	1.21583421531377
MIR3156-1	0.979753098033958
MIR3155A	0.979753098033958
MIR3134	0.720410490708883
MIR1260B	1.0798977924045
MIR3151	1.01569444866679
MIR3130-1	0.970894155693591
MIR4267	1.00240700458938
MIR3175	1.13133433617156
MIR4262	1.01202671490066
MIR4257	0.982951932690122
MIR3199-2	1.25509584409354
MIR4278	1.19567882225115
MIR3161	1.07884952858265
MIR3145	0.94270636541698
MIR3130-2	0.970894155693591
MIR3184	1.01129990957445
MIR4282	0.94270636541698
MIR3118-1	0.71893801338487
MIR4329	0.971983922050255
MIR3119-2	0.991375931347093
MIR3138	0.982841762389136
MIR3177	0.98246487716107
MIR4310	1.15942294495005
MIR3196	1.3428247635557
MIR4289	0.975901197514351
MIR3159	1.07884952858265
MIR3139	0.982841762389136
MIR3156-3	0.71893801338487
MIR4307	0.764334413991476
MIR4258	0.982951932690122
MIR4298	1.07884952858265
MIR3197	0.71893801338487
MIR3198-1	0.736942594729667
MIR4299	1.07884952858265
MIR4266	1.00240700458938
MIR4254	0.982951932690122
MIR3163	1.07884952858265
MIR3126	1.00240700458938
MIR4321	0.672745602694723
MIR3121	0.991375931347093
MIR3158-2	0.97891388353545
MIR3199-1	1.25509584409354
MIR4313	1.13133433617156
MIR2355	0.970894155693591
MIR3176	0.98280619354904
MIR466	0.720410490708883
MIR3132	0.970894155693591
MIR3166	1.0798977924045
MIR4296	0.96610428515749
MIR4276	0.716789838124403
MIR4269	0.966350804585467
IGLL5	0.730447216884634
TOM1	0.720285108111023
KLRF2	1.02278665752541
SH2D3C	0.963087641236575
SH2D3A	0.704151138682422
MAMLD1	1.12011520828342
MICOS10P1	1.33645054467716
MTRNR2L1	0.749723017917101
MTRNR2L2	0.981327424359639
MTRNR2L3	1.3428247635557
MTRNR2L4	0.98246487716107
MTRNR2L5	0.979753098033958
MTRNR2L6	1.17978731315435
MTRNR2L8	1.07884952858265
MTRNR2L9	0.94270636541698
MTRNR2L10	0.971983922050255
CST8	1.01794118838271
RANBP9	1.12568358502349
DNAJB6	1.08695203854043
LINC00881	1.06598575216065
LINC00276	1.01202671490066
THAP9-AS1	0.982841762389136
BAALC-AS1	1.01569444866679
LOC100499194	1.00240700458938
USP2-AS1	1.0798977924045
LINC00987	1.02278665752541
LINC00674	1.45235253680058
LINC00673	0.986809853654872
CCDC180	0.970815788272126
SUGT1P4-STRA6LP	0.970815788272126
LOC100499489	0.979753098033958
CDH7	0.729564863856545
SLC17A4	1.12568358502349
LOC100500773	1.01569444866679
MIR3659	0.982951932690122
MIR3685	1.01423100355274
MIR3919	1.06598575216065
MIR374C	0.971983922050255
MIR3917	0.982951932690122
MIR23C	0.961550425812295
MIR3620	1.02169470476617
MIR3621	0.963087641236575
MIR3677	0.98246487716107
MIR3646	1.3428247635557
MIR3616	1.3428247635557
MIR3649	1.02278665752541
MIR3612	1.01423100355274
MIR3945	0.716789838124403
MIR3609	1.17037000361717
MIR3655	0.981327424359639
MIR3910-1	0.975901197514351
MIR3937	0.742060425418264
MIR3920	1.0798977924045
MIR3650	1.19567882225115
MIR3660	0.981327424359639
MIR3909	0.720285108111023
MIR3614	1.00518177247207
MIR3619	0.705191761652427
MIR3943	1.17037000361717
MIR550B2	1.17037000361717
MIR3912	0.981327424359639
MIR3658	0.991375931347093
MIR3924	0.979753098033958
MIR3907	1.24449465772
MIR3914-1	1.17037000361717
MIR3606	0.970894155693591
MIR3926-2	0.433694208344174
MIR3686	2.05039341266889
MIR3678	0.986809853654872
MIR3652	1.01423100355274
MIR3922	1.01423100355274
MIR3664	1.07884952858265
MIR642B	1.24196546098975
MIR3689A	0.963087641236575
MIR3615	0.986809853654872
MIR3916	1.02169470476617
MIR3682	1.00240700458938
MIR3918	0.749110827107011
MIR3180-4	0.98246487716107
MIR3605	0.982951932690122
MIR3671	0.982951932690122
MIR3713	1.13133433617156
MIR548Z	1.01423100355274
MIR3939	0.862327116139212
MIR3622A	0.433694208344174
MIR3921	1.19833272410156
MIR3618	1.65854047521834
MIR3665	1.16077440404817
MIR3648-1	1.08779534512708
MIR548AA1	2.05039341266889
MIR3929	0.729564863856545
MIR3936	0.981327424359639
MIR3941	0.96610428515749
MIR3684	0.982841762389136
MIR3913-2	1.01423100355274
MIR3672	0.971983922050255
MIR3926-1	0.433694208344174
MIR3622B	0.433694208344174
MIR3911	0.963087641236575
MIR3934	1.04825237769963
MIR3938	0.730118323494498
MIR3923	0.434078096558972
MIR3679	1.00240700458938
MIR3668	0.94270636541698
MIR3662	0.94270636541698
MIR3688-1	0.716789838124403
MIR3667	0.705191761652427
MIR550B1	1.17037000361717
MIR3681	1.01202671490066
MIR3925	1.04825237769963
MIR3683	1.10834731360131
MIR676	0.971983922050255
MIR3940	0.704151138682422
MIR3657	1.01423100355274
MIR3611	0.979753098033958
MIR3935	0.98246487716107
MIR3663	0.96610428515749
MIR3690	0.681263242067964
MIR548AA2	1.45235253680058
MIR3666	1.17978731315435
MIR3617	1.3428247635557
MIR3927	0.963087641236575
MIR3692	0.749110827107011
MIR3691	1.12568358502349
MIR3928	0.720285108111023
MIR3910-2	0.975901197514351
MIR3913-1	1.01423100355274
MIR3942	1.15942294495005
MIR3661	0.981327424359639
MIR3689B	0.963087641236575
MIR3150B	1.01569444866679
MIR3613	1.16077440404817
MIR3908	1.01423100355274
MIR3944	0.96610428515749
MIR3674	0.416284738599625
MIR3714	0.720410490708883
MIR3610	2.05039341266889
MIR3915	0.742060425418264
MIR3180-5	0.98246487716107
MIR3651	0.975901197514351
MIR548Y	0.764334413991476
MIR3914-2	1.17037000361717
CCDC179	1.07884952858265
IQCJ-SCHIP1	1.06598575216065
LINC01539	0.729564863856545
SYNE1-AS1	0.749110827107011
LINC01602	1.01569444866679
TEX48	0.963087641236575
PRKAG2-AS1	1.24449465772
PCAT19	1.24196546098975
LOC100505501	1.01569444866679
LOC100505502	0.979753098033958
LINC01723	1.01794118838271
EDNRB-AS1	1.16077440404817
LINC02520	1.04825237769963
LINC01301	1.01569444866679
ISM1-AS1	1.01794118838271
RBM26-AS1	1.16077440404817
SLIT1-AS1	0.97891388353545
LINC01095	0.708330872516
LINC01208	1.03734056701319
LOC100505549	0.729564863856545
LOC100505555	0.704151138682422
LINC00866	0.97891388353545
LINC00578	1.03734056701319
INAFM2	1.15942294495005
LINC00672	1.48826986994562
LINC00838	0.979753098033958
LOC100505585	1.24196546098975
LOC100505588	0.963087641236575
LRRC3C	1.00518177247207
GAPLINC	1.15931082987001
PARD3-AS1	0.979753098033958
LINC02053	1.03734056701319
SNHG21	1.13133433617156
LINC00919	0.98246487716107
C11orf72	1.07884952858265
LOC100505622	1.24196546098975
GTF3C2-AS1	1.01202671490066
LINC02102	1.19567882225115
LINC01133	0.982951932690122
LOC100505635	1.04825237769963
MALINC1	0.981327424359639
FGD5-AS1	0.720410490708883
RAD51-AS1	1.15942294495005
LOC100505658	0.981327424359639
LINC00967	1.01569444866679
LINC01370	1.3428247635557
DCST1-AS1	0.982951932690122
RRS1-AS1	1.01569444866679
STARD4-AS1	0.981327424359639
UBE2Q2L	1.13133433617156
NAPA-AS1	1.24196546098975
LINC01431	1.01794118838271
LINC00888	1.03734056701319
FTO-IT1	0.98246487716107
SH3BP5-AS1	0.720410490708883
LINC01094	0.982841762389136
LOC100505715	1.24196546098975
LOC100505716	1.01202671490066
LINC01592	1.01569444866679
LOC100505736	1.01202671490066
MIR4458HG	1.19567882225115
LINC01603	1.01569444866679
SPATA1	0.982951932690122
ITGB2-AS1	0.696368907296711
KRTAP16-1	1.00518177247207
PRMT5-AS1	0.764334413991476
RPARP-AS1	0.97891388353545
SPDYE18	1.17037000361717
LINC01364	0.982951932690122
MHENCR	1.3428247635557
LOC100505774	1.01202671490066
LINC01541	0.729564863856545
LOC100505782	1.00518177247207
OSER1-DT	1.3428247635557
KIRREL1-IT1	0.982951932690122
LOC100505795	0.991375931347093
LOC100505797	0.729564863856545
SNHG18	1.19567882225115
LINC02148	0.981327424359639
CARD8-AS1	1.24196546098975
LINC02582	0.729564863856545
LOC100505824	0.982951932690122
STK4-AS1	1.3428247635557
PROX1-AS1	0.991375931347093
LINC01532	0.71650131047893
SH3PXD2A-AS1	0.97891388353545
LOC100505841	0.981327424359639
ROPN1L-AS1	1.19567882225115
LOC100505851	0.71650131047893
LINC01898	0.729564863856545
APTR	1.17037000361717
LINC00920	0.98246487716107
CFAP58-DT	0.97891388353545
LINC01088	0.982841762389136
CEBPZOS	1.00240700458938
UBE2E2-AS1	0.720410490708883
LINC02059	0.981327424359639
KIF25-AS1	0.862327116139212
MAGI2-AS3	1.17037000361717
LINC01672	0.969343795308908
SORCS3-AS1	0.97891388353545
SLIT2-IT1	0.982841762389136
TMEM161B-AS1	0.981327424359639
LOC100505912	0.982841762389136
LOC100505915	0.98246487716107
LOC100505918	0.991375931347093
LINC02036	1.03734056701319
LOC100505921	0.932380436661844
LINC01549	0.71893801338487
ADD3-AS1	0.97891388353545
LOC100505938	0.932380436661844
LOC100505942	0.971089603767894
LINC01304	1.01202671490066
LINC00645	0.764334413991476
ENO1-AS1	0.969343795308908
LOC100505978	1.01423100355274
LINC02478	1.00240700458938
SMIM31	0.716789838124403
TMEM210	0.963087641236575
LUCAT1	0.981327424359639
SOX1-OT	1.16077440404817
RTCA-AS1	0.982951932690122
PPP5D1	1.24196546098975
APELA	0.716789838124403
LOC100506016	1.16077440404817
ARAP1-AS2	1.07884952858265
LINC02606	0.969343795308908
LOC100506023	0.991375931347093
CRPPA-AS1	0.932380436661844
PTOV1-AS1	1.24196546098975
LINC00989	0.982841762389136
CNNM3-DT	1.00240700458938
GAS5-AS1	0.991375931347093
LINC02580	1.00240700458938
LRRC72	0.932380436661844
LINC01005	1.17037000361717
RNASEH1-AS1	1.01202671490066
SMG1P7	0.971089603767894
DACT3-AS1	1.24196546098975
RBFADN	0.729564863856545
LOC100506071	0.764334413991476
LOC100506082	1.07884952858265
LOC100506083	0.971089603767894
LINC02275	0.716789838124403
LOC100506098	0.932380436661844
LOC100506100	0.963087641236575
LINC02382	0.716789838124403
SIX3-AS1	1.00240700458938
UVRAG-DT	1.0798977924045
SMIM25	1.3428247635557
LINC01503	0.963087641236575
LINC02431	0.716789838124403
LOC100506124	1.00240700458938
LOC100506125	1.01423100355274
LINC00867	0.96610428515749
GVQW3	1.0798977924045
TTC21B-AS1	1.00240700458938
LOC100506142	1.00240700458938
TMEM35B	0.982951932690122
SRP54-AS1	0.764334413991476
LINC02470	1.02278665752541
TAF1A-AS1	0.991375931347093
LINC01568	0.971089603767894
LOC100506175	1.3428247635557
LOC100506178	1.17037000361717
LOC100506188	0.94270636541698
LINC00963	0.963087641236575
LARGE-AS1	0.720285108111023
LOC100506207	1.12568358502349
MIR210HG	1.07884952858265
PAXBP1-AS1	0.71893801338487
LINC01093	0.716789838124403
RAB30-DT	1.0798977924045
NKX2-1-AS1	0.764334413991476
LL22NC01-81G9.3	0.720285108111023
KRBOX1	0.720410490708883
LOC100506258	1.07884952858265
LOC100506271	0.720285108111023
LINC02492	1.00182064735938
LOC100506274	1.01202671490066
KRBOX1-AS1	0.720410490708883
LOC100506281	0.971089603767894
LOC100506282	1.0798977924045
TBC1D8-AS1	1.00240700458938
ID2-AS1	1.01202671490066
LOC100506302	1.08695203854043
LINC00958	1.07884952858265
HOTAIRM1	1.17037000361717
GPRC5D-AS1	1.02278665752541
LINC01988	0.730118323494498
LOC100506321	0.764334413991476
SP2-AS1	1.00518177247207
LINC01127	1.00240700458938
LINC00649	0.71893801338487
INKA2-AS1	0.982951932690122
ARSD-AS1	0.681263242067964
LOC100506358	0.764334413991476
OTUD6B-AS1	1.01569444866679
FZD4-DT	1.0798977924045
LINC02091	0.7295394616866
EDDM13	1.25334885646717
LINC01006	1.08695203854043
LOC100506384	1.3428247635557
LINC01426	0.71893801338487
LOC100506388	0.7295394616866
SLC16A1-AS1	0.982951932690122
LINC02398	1.02278665752541
GAS6-DT	1.16077440404817
LOC100506403	0.71893801338487
LOC100506406	1.19567882225115
ELOVL2-AS1	1.12568358502349
LINC00871	0.764334413991476
DOCK4-AS1	1.17978731315435
PANTR1	1.00240700458938
LOC100506422	0.952713287730748
CBR3-AS1	0.71893801338487
LINC00648	0.764334413991476
SPAG5-AS1	1.01129990957445
ITPKB-IT1	0.991375931347093
LOC100506444	0.982841762389136
RASSF8-AS1	1.24074736084
MIR3681HG	1.01202671490066
SRD5A3-AS1	0.982841762389136
LINC01234	1.01423100355274
TMEM147-AS1	1.24196546098975
LINC01718	1.3428247635557
LOC100506472	0.720285108111023
LOC100506474	1.01202671490066
EGFLAM-AS2	1.19567882225115
LOC100506476	0.764334413991476
DSCAM-AS1	0.71893801338487
LIFR-AS1	1.19567882225115
LOC100506497	1.17037000361717
LINC02274	0.764334413991476
PRKCZ-AS1	0.969343795308908
MORC1-AS1	1.19833272410156
LINC01176	1.17037000361717
C5orf64-AS1	0.981327424359639
LINC01007	1.17978731315435
LINC02349	1.13133433617156
SPTY2D1OS	1.07884952858265
LINC01082	0.971089603767894
LOC100506544	0.720285108111023
LOC100506551	1.01423100355274
NECTIN3-AS1	1.19833272410156
THEGL	0.982841762389136
LOC100506571	1.02169470476617
C16orf95	0.971089603767894
LOC100506585	1.08695203854043
PPP1R26-AS1	0.963087641236575
VASH1-AS1	0.764334413991476
LOC100506606	1.24074736084
LINC01279	1.19833272410156
LINC00540	1.33645054467716
PRKAR2A-AS1	0.730118323494498
LOC100506639	1.19567882225115
PXN-AS1	1.01423100355274
C17orf112	1.00518177247207
LCMT1-AS2	0.98246487716107
OCLN	0.981327424359639
DDX11-AS1	1.24074736084
NRAV	1.01423100355274
MRPS30-DT	1.19567882225115
LOC100506675	1.07884952858265
AA06	1.04576408549782
LOC100506679	0.720285108111023
SACS-AS1	1.33645054467716
JARID2-AS1	1.12568358502349
LOC100506682	1.17978731315435
IQCH-AS1	1.13133433617156
LOC100506688	1.19567882225115
LOC100506691	1.01423100355274
PCAT6	0.991375931347093
LINC00327	1.33645054467716
LINC02308	0.764334413991476
EBLN3P	0.709018617651733
ALOX12-AS1	0.749723017917101
NUP50-DT	0.720285108111023
LINC00901	1.19833272410156
LOC100506725	1.17037000361717
LOC100506730	0.982951932690122
FAM170B-AS1	0.979753098033958
SLFN12L	1.48826986994562
LINC01589	4.35048756528966e-05
CASP12	1.0798977924045
AFF1-AS1	0.982841762389136
LOC100506747	0.991375931347093
AGAP1-IT1	0.970894155693591
AZIN1-AS1	1.01569444866679
MIR497HG	0.749723017917101
LINC00629	0.971983922050255
OR7E37P	1.16077440404817
IGSF11-AS1	1.19833272410156
C10orf71-AS1	0.979753098033958
LINC01353	0.991375931347093
TRG-AS1	1.17037000361717
TSPOAP1-AS1	1.00518177247207
HOXD-AS2	0.970894155693591
LINC01543	0.729564863856545
LOC100506790	0.971983922050255
LINC01511	1.19567882225115
LINC01354	1.02169470476617
THORLNC	1.00240700458938
LOC100506801	0.982951932690122
LOC100506804	0.94270636541698
LINC01132	1.02169470476617
MYLK-AS1	1.19833272410156
LINC02475	0.982841762389136
GAS1RR	0.975901197514351
LINC00840	0.979753098033958
IQCF4	0.730118323494498
GIHCG	1.01423100355274
LOC100506858	1.19567882225115
LINC00513	1.17978731315435
TTN-AS1	0.970894155693591
LOC100506869	1.01423100355274
LINC00933	1.13133433617156
MKLN1-AS	1.17978731315435
LOC100506885	1.12568358502349
ELOA3D	0.729564863856545
LUARIS	1.17037000361717
DAPK1-IT1	0.975901197514351
MAGOH2P	0.749723017917101
CCDC37-DT	1.19833272410156
CHRM3-AS2	1.02169470476617
LINC00665	1.24196546098975
LOC100506937	1.17978731315435
PRKG1-AS1	0.979753098033958
ELOA-AS1	0.982951932690122
PWAR6	1.15942294495005
LOC100506985	0.982951932690122
LOC100506990	0.433694208344174
PTPRG-AS1	0.723578923483452
LINC02318	0.764334413991476
LOC100507002	1.00518177247207
GFY	1.24196546098975
LOC100507006	1.00240700458938
LINC00844	0.979753098033958
BMPR1B-DT	0.982841762389136
MRLN	0.979753098033958
TMCC1-AS1	1.19833272410156
PITRM1-AS1	0.979753098033958
TUNAR	0.764334413991476
TPBGL	1.0798977924045
LOC100507053	0.982841762389136
LRCOL1	1.01423100355274
CCAT1	2.05039341266889
MELTF-AS1	1.03734056701319
LINC00845	0.979753098033958
LINC00703	0.979753098033958
PSMD6-AS2	0.723578923483452
TEX26-AS1	1.33645054467716
LOC100507065	1.01423100355274
CLIP1-AS1	1.01423100355274
LOC100507071	0.433694208344174
LINC01798	1.00240700458938
DLG1-AS1	1.03734056701319
PITPNM2-AS1	1.01423100355274
GIMD1	0.982841762389136
ADAMTS9-AS2	0.723578923483452
FRY-AS1	1.33645054467716
LINC00445	1.33645054467716
ASAP1-IT2	2.05039341266889
PRC1-AS1	1.13133433617156
LINC00707	0.979753098033958
SPART-AS1	1.16077440404817
LINC01792	0.970894155693591
LINC00708	0.979753098033958
LOC100507144	1.07884952858265
LOC100507156	0.433694208344174
LINC00709	0.979753098033958
CT47A12	0.971983922050255
BOLA3-AS1	1.00240700458938
LINC01012	1.12568358502349
LINC02408	1.01423100355274
SLFNL1-AS1	0.982951932690122
LINC02525	1.12568358502349
LINC02384	1.01423100355274
LINC01815	1.00240700458938
SMLR1	0.94270636541698
LOC100507205	1.07884952858265
LINC00943	1.01423100355274
LINC02000	0.986056538996622
LINC01578	1.13133433617156
RNF157-AS1	0.986809853654872
VWA8-AS1	1.16077440404817
MAMDC2-AS1	0.975901197514351
SNHG16	0.986809853654872
LOC100507250	1.01423100355274
LINC01013	0.94270636541698
MEG9	0.764334413991476
MIR670HG	1.07884952858265
STX18-AS1	0.982841762389136
LINC01187	0.981327424359639
LINC01210	0.986056538996622
LINC02314	0.764334413991476
LOC100507283	1.0798977924045
ZNF865	1.25334885646717
LOC100507291	0.986056538996622
TMEM44-AS1	1.03734056701319
SMC5-AS1	0.975901197514351
ALKBH3-AS1	1.07884952858265
SNHG19	0.98246487716107
TARID	0.94270636541698
MINCR	1.02360093995737
ERVK13-1	0.98246487716107
ZSWIM8-AS1	0.97891388353545
LOC100507334	1.00240700458938
SMIM18	0.433694208344174
LOC100507346	0.970815788272126
VIM-AS1	0.979753098033958
LOC100507351	0.986809853654872
LINC01015	1.12568358502349
LOC100507373	0.71650131047893
LOC100507377	1.01423100355274
KCNQ5-IT1	0.94270636541698
LOC100507384	1.07884952858265
LOC100507387	0.981327424359639
LOC100507388	0.982841762389136
LOC100507389	0.986056538996622
LINC01968	1.03734056701319
SENCR	1.0798977924045
INTS6-AS1	1.16077440404817
LRP4-AS1	1.07884952858265
LINC02539	0.94270636541698
C1QTNF1-AS1	0.986809853654872
LOC100507412	0.736942594729667
MMP25-AS1	0.98246487716107
LINC01605	0.416558022388397
TMEM178B	1.17978731315435
MKNK1-AS1	0.982951932690122
LINC00458	1.16077440404817
LINC02551	1.0798977924045
ZNF571-AS1	1.24196546098975
DLGAP2-AS1	0.416284738599625
MICA	1.04825237769963
LOC100507437	0.709473775987212
LOC100507443	0.970894155693591
ZNF213-AS1	0.98246487716107
NRSN2-AS1	1.04060686127253
LINC02032	1.21511111792987
GVQW2	0.94270636541698
PSMB8-AS1	1.04825237769963
LOC100507464	1.01569444866679
DPH6-DT	1.15942294495005
CT66	1.17037000361717
GRID1-AS1	0.97891388353545
LOC100507472	1.13133433617156
IDH1-AS1	0.970894155693591
LOC100507477	0.94270636541698
LINC02615	0.982841762389136
LINC01277	0.94270636541698
SDCBP2-AS1	1.04060686127253
EGFR-AS1	1.17037000361717
LINC01569	0.98246487716107
LOC100507506	1.12568358502349
LOC100507507	1.17978731315435
LOC100507516	1.01569444866679
ARHGEF26-AS1	1.06598575216065
THEG5	1.13164416291439
LINC00613	0.982841762389136
MCPH1-AS1	0.416284738599625
SOX21-AS1	1.16077440404817
LINC02192	0.98246487716107
STRIT1	1.06598575216065
LINC01504	0.975901197514351
LOC100507547	1.04825237769963
LOC100507548	1.0798977924045
LOC100507551	0.71650131047893
LOC100507557	0.94270636541698
LOC100507564	0.982951932690122
RAB11B-AS1	0.704151138682422
BHLHE40-AS1	0.720410490708883
LINC01016	1.04825237769963
TGFBR3L	0.704151138682422
NAGPA-AS1	0.98246487716107
LOC100507599	0.730447216884634
LOC100507600	1.00240700458938
TRIM52-AS1	0.981327424359639
LINC00837	0.979753098033958
NPIPB9	0.98246487716107
KRTAP9-6	1.00518177247207
LINC00402	1.16077440404817
LINC02397	1.01423100355274
LINC00658	1.01794118838271
LINC00968	1.01569444866679
TNKS2-AS1	0.97891388353545
LOC100507634	0.982951932690122
LINC02432	0.982841762389136
LOC100507642	1.10834731360131
RNF212B	0.764334413991476
LINC01606	1.01569444866679
LINC02554	0.730447216884634
LINC02082	1.2087165663813
ZNF687-AS1	0.982951932690122
MARK2P9	0.97891388353545
MUC22	1.04825237769963
C13orf46	1.16077440404817
LOC100508046	0.764334413991476
GMDS-DT	1.12568358502349
LINC02616	0.982841762389136
CPB2-AS1	1.16077440404817
SMC4	1.06598575216065
TBC1D3J	1.48826986994562
GJC1	1.00518177247207
LY75-CD302	1.00240700458938
ARPC4-TTLL3	0.720410490708883
MSANTD3-TMEFF1	0.963087641236575
RBM14-RBM4	1.07884952858265
CENPS-CORT	0.969343795308908
ATP5MF-PTCD1	1.17037000361717
ABHD14A-ACY1	0.730118323494498
CCDC169-SOHLH2	1.16077440404817
RNF103-CHMP3	1.00240700458938
SMIM35	1.0798977924045
STIMATE-MUSTN1	0.730118323494498
EPPIN-WFDC6	1.3428247635557
ARPIN-AP3S2	1.13133433617156
NT5C1B-RDH14	1.01202671490066
CAHM	0.749110827107011
INMT-MINDY4	1.17037000361717
SLX1A-SULT1A3	0.98246487716107
SLX1B-SULT1A4	0.98246487716107
PHOSPHO2-KLHL23	1.00240700458938
SEPT5-GP1BB	1.65854047521834
FPGT-TNNI3K	0.982951932690122
BLOC1S5-TXNDC5	1.12568358502349
EEF1E1-BLOC1S5	1.12568358502349
RPL17-C18orf32	0.729564863856545
TGIF2-RAB5IF	1.3428247635557
GIMAP1-GIMAP5	1.24449465772
GJA9-MYCBP	0.982951932690122
MROH7-TTC4	0.982951932690122
PMF1-BGLAP	0.982951932690122
LHX4-AS1	0.991375931347093
TMEM56-RWDD3	0.982951932690122
BORCS7-ASMT	0.97891388353545
TMX2-CTNND1	1.07884952858265
SAA2-SAA4	1.07884952858265
ARL2-SNX15	1.07884952858265
HSPB2-C11orf52	1.0798977924045
FAM187A	1.00518177247207
ST20-MTHFS	1.13133433617156
BLOC1S1-RDH5	1.01423100355274
POC1B-GALNT4	1.01423100355274
FKBP1A-SDCBP2	1.04060686127253
KLRC4-KLRK1	1.02278665752541
ARMCX5-GPRASP2	0.971983922050255
NEDD8-MDP1	0.764334413991476
BCL2L2-PABPN1	0.764334413991476
SERF2-C15ORF63	1.15942294495005
RPL36A-HNRNPH2	0.971983922050255
CORO7-PAM16	0.98246487716107
TEN1-CDK3	0.986809853654872
RAD51L3-RFFL	1.48826986994562
RNASEK-C17orf49	0.749723017917101
TMEM256-PLSCR3	0.749723017917101
ZNF559-ZNF177	0.704151138682422
RPS10-NUDT3	1.04825237769963
ZNF816-ZNF321P	1.25334885646717
HSPE1-MOB4	0.970894155693591
CKLF-CMTM1	0.98246487716107
SYNJ2BP-COX16	0.764334413991476
CHURC1-FNTB	0.764334413991476
MIA-RAB4B	1.24196546098975
RAB4B-EGLN2	1.24196546098975
ZNF625-ZNF20	0.748368687962694
AP1M2	0.704151138682422
NPHP3-ACAD11	0.986056538996622
NDUFC2-KCTD14	1.0798977924045
COMMD3-BMI1	0.979753098033958
MSH5-SAPCD1	1.04825237769963
INO80B-WBP1	1.00240700458938
MICOS10-NBL1	0.982951932690122
ATP6V1G2-DDX39B	1.04825237769963
PIR-FIGF	0.681263242067964
PPT2-EGFL8	1.04825237769963
C8orf44-SGK3	1.01569444866679
ZHX1-C8orf76	2.05039341266889
RTEL1-TNFRSF6B	1.3428247635557
ZNF670-ZNF695	1.02169470476617
KRTAP29-1	1.00518177247207
UBE2F-SCLY	0.979447512570108
FXYD6-FXYD2	1.0798977924045
SEC24B-AS1	0.982841762389136
ZNF664-RFLNA	1.01423100355274
ARHGAP19-SLIT1	0.97891388353545
FAM24B-CUZD1	0.96610428515749
PRH1-PRR4	1.02278665752541
BIVM-ERCC5	1.16077440404817
DNAAF4-CCPG1	1.13133433617156
TVP23C-CDRT4	0.749723017917101
LRRC37A8P	1.48826986994562
RBAK-RBAKDN	1.10834731360131
SENP3-EIF4A1	0.749723017917101
P2RX5-TAX1BP3	0.7295394616866
SLMO2-ATP5E	1.3428247635557
APOC4-APOC2	1.24196546098975
MAGEA10-MAGEA5	1.12011520828342
TNFAIP8L2-SCNM1	0.982951932690122
HOXA10-HOXA9	1.17037000361717
URGCP-MRPS24	1.17037000361717
STX16-NPEPL1	1.3428247635557
HNRNPUL2-BSCL2	1.07884952858265
ISY1-RAB43	1.19833272410156
TM4SF19-TCTEX1D2	1.03734056701319
C1QTNF3-AMACR	1.19567882225115
UBA2	1.13164416291439
SAE1	1.24196546098975
LINC00159	0.71893801338487
FARSB	0.970894155693591
ABCC5	1.03734056701319
ABCB6	0.970894155693591
DNM1L	1.24074736084
CDH8	0.98246487716107
ABCC9	1.24074736084
ABCF2	1.24449465772
MIR4464	0.94270636541698
MIR2681	1.16077440404817
MIR4455	0.716789838124403
MIR4793	0.730118323494498
MIR4680	0.97891388353545
MIR4668	0.963087641236575
MIR4469	0.416558022388397
MIR4648	1.10834731360131
MIR4653	1.17978731315435
MIR4486	1.07884952858265
MIR4697	1.0798977924045
MIR4695	0.982951932690122
MIR1268B	0.986809853654872
MIR4523	1.01129990957445
MIR4647	1.04825237769963
MIR4731	0.749723017917101
MIR4686	1.07884952858265
MIR4448	1.03734056701319
MIR4679-1	0.97891388353545
MIR4445	1.19833272410156
MIR4526	1.15931082987001
MIR3689D1	0.963087641236575
MIR4728	1.00518177247207
MIR4699	1.01423100355274
MIR499B	1.3428247635557
MIR4507	1.00423569973179
MIR4430	1.00240700458938
MIR4501	1.16077440404817
MIR4787	0.730118323494498
MIR4741	0.729564863856545
MIR4506	0.764334413991476
MIR4428	1.02169470476617
MIR4458	1.19567882225115
MIR4763	0.705191761652427
MIR548AN	0.971983922050255
MIR4534	0.720285108111023
MIR4769	1.0526427280961
MIR4760	0.71893801338487
MIR4512	1.13133433617156
MIR4720	0.971089603767894
MIR4480	0.979753098033958
MIR4804	0.981327424359639
MIR4726	1.48826986994562
MIR4466	0.749110827107011
MIR4536-1	0.971983922050255
MIR4772	1.00240700458938
MIR4505	0.764334413991476
MIR4779	1.00240700458938
MIR4655	1.10834731360131
MIR4795	0.434078096558972
MIR4483	0.97891388353545
MIR4530	1.24196546098975
MIR4420	0.982951932690122
MIR4796	1.19833272410156
MIR4722	0.971089603767894
MIR4754	1.25334885646717
MIR378D2	1.01569444866679
MIR4739	0.986809853654872
MIR4752	1.25334885646717
MIR4719	0.971089603767894
MIR203B	0.771082865073358
MIR4643	0.94270636541698
MIR4633	0.981327424359639
MIR4708	0.764334413991476
MIR4641	1.04825237769963
MIR4498	1.01423100355274
MIR4465	0.94270636541698
MIR4514	1.13133433617156
MIR4500	1.16077440404817
MIR4513	1.13133433617156
MIR371B	1.25334885646717
MIR4490	1.0798977924045
MIR4783	1.00240700458938
MIR3972	0.982951932690122
MIR4421	0.982951932690122
MIR548O2	1.3428247635557
MIR548AJ1	0.94270636541698
MIR4679-2	0.97891388353545
MIR4453	0.983733746955767
MIR4718	0.98246487716107
MIR4525	0.986809853654872
MIR378D1	0.982841762389136
MIR4634	0.981327424359639
MIR4734	1.48826986994562
MIR4729	1.00518177247207
MIR4704	1.16077440404817
MIR4652	1.17037000361717
MIR4439	0.970894155693591
MIR4782	1.00240700458938
MIR4737	1.00518177247207
MIR4709	0.764334413991476
MIR3689F	0.963087641236575
MIR4437	0.970894155693591
MIR4667	0.952713287730748
MIR548AL	1.0798977924045
MIR4797	1.03734056701319
MIR3135B	1.04825237769963
MIR4765	1.00240700458938
MIR4736	1.00518177247207
MIR4662A	2.05039341266889
MIR4487	1.07884952858265
MIR4753	1.02169470476617
MIR4756	1.3428247635557
MIR4468	1.17978731315435
MIR4502	1.16077440404817
MIR4473	0.952713287730748
MIR4646	1.04825237769963
MIR4519	0.98246487716107
MIR4528	0.729564863856545
MIR4457	1.19567882225115
MIR4669	0.963087641236575
MIR4640	1.04825237769963
MIR3529	1.13133433617156
MIR4705	1.16077440404817
MIR4496	1.01423100355274
MIR4717	0.98246487716107
MIR4673	0.963087641236575
MIR4759	0.71893801338487
MIR3976	1.15931082987001
MIR4661	1.01569444866679
MIR4799	0.708330872516
MIR151B	0.764334413991476
MIR4724	1.43941607542378
MIR4768	0.961550425812295
MIR3960	0.963087641236575
MIR1587	0.742060425418264
MIR548AJ2	0.742060425418264
MIR4762	0.705191761652427
MIR548AH	0.982841762389136
MIR4662B	2.05039341266889
MIR4721	0.98246487716107
MIR3975	0.729564863856545
MIR4516	0.98246487716107
MIR378I	0.720285108111023
MIR4663	2.05039341266889
MIR4504	0.764334413991476
MIR4701	1.01423100355274
MIR4485	1.07884952858265
MIR4527	0.729564863856545
MIR4433A	1.00240700458938
MIR4733	1.43941607542378
MIR4776-1	0.970894155693591
MIR4472-1	1.02360093995737
MIR4639	1.12568358502349
MIR4651	1.17037000361717
MIR4637	1.19567882225115
MIR4422	0.982951932690122
MIR451B	1.01129990957445
MIR4802	0.982841762389136
MIR4508	1.15942294495005
MIR4538	1.00423569973179
MIR4522	1.01129990957445
MIR4540	0.709018617651733
MIR3974	1.02278665752541
MIR4503	0.764334413991476
MIR4788	0.986056538996622
MIR4738	0.986809853654872
MIR4766	0.720285108111023
MIR4489	1.07884952858265
MIR4645	1.12568358502349
MIR4676	0.979753098033958
MIR4495	1.01423100355274
MIR4665	0.952713287730748
MIR4475	0.709018617651733
MIR4529	0.729564863856545
MIR4791	0.720410490708883
MIR4690	1.07884952858265
MIR4510	1.15942294495005
MIR4740	0.986809853654872
MIR4764	0.720285108111023
MIR4678	0.97891388353545
MIR3977	0.981327424359639
MIR4450	0.982841762389136
MIR4710	0.771082865073358
MIR4674	0.963087641236575
MIR548X2	1.16077440404817
MIR3688-2	0.716789838124403
MIR4499	1.33645054467716
MIR548AE1	0.970894155693591
MIR378H	0.981327424359639
MIR4757	1.01202671490066
MIR4666A	1.02169470476617
MIR4472-2	1.01423100355274
MIR3973	1.07884952858265
MIR4478	0.963087641236575
MIR4749	1.24196546098975
MIR4750	1.24196546098975
MIR4781	0.982951932690122
MIR4524A	0.986809853654872
MIR4777	0.970894155693591
MIR4664	1.02360093995737
MIR4493	1.0798977924045
MIR4481	0.979753098033958
MIR378G	0.982951932690122
MIR4682	0.96610428515749
MIR4482	0.97891388353545
MIR1245B	0.970894155693591
MIR4460	0.981327424359639
MIR4636	1.19567882225115
MIR4484	0.96610428515749
MIR4424	0.991375931347093
MIR4700	1.01423100355274
MIR4491	1.0798977924045
MIR4716	1.15942294495005
MIR3689C	0.963087641236575
MIR4790	0.720410490708883
MIR219B	0.963087641236575
MIR548AB	1.19833272410156
MIR4747	0.704151138682422
MIR4794	0.982951932690122
MIR548AE2	0.981327424359639
MIR4758	1.3428247635557
MIR4638	0.981327424359639
MIR4677	1.02169470476617
MIR3689D2	0.963087641236575
MIR4649	1.17037000361717
MIR4659A	0.416284738599625
MIR4451	0.982841762389136
MIR4660	0.433694208344174
MIR4670	0.975901197514351
MIR4642	1.04825237769963
MIR550A3	1.17037000361717
MIR4531	1.24196546098975
MIR4774	1.00240700458938
MIR3591	0.729564863856545
MIR4800	0.982841762389136
MIR4730	0.986809853654872
MIR2467	0.966350804585467
MIR4775	0.970894155693591
MIR4533	1.3428247635557
MIR4735	0.991375931347093
MIR4785	1.00240700458938
MIR4425	0.982951932690122
MIR4743	0.729564863856545
MIR4467	1.17978731315435
MIR4688	1.07884952858265
MIR4713	1.15942294495005
MIR4746	0.704151138682422
MIR4659B	0.416284738599625
MIR4770	0.681263242067964
MIR4539	1.00423569973179
MIR4438	0.970894155693591
MIR4492	1.0798977924045
MIR4803	0.981327424359639
MIR4784	1.00240700458938
MIR4511	1.13133433617156
MIR4671	1.02169470476617
MIR4456	1.19567882225115
MIR4675	0.979753098033958
MIR548AC	0.982951932690122
MIR4732	1.01129990957445
MIR4654	0.991375931347093
MIR3064	1.00518177247207
MIR4723	1.01129990957445
MIR4463	0.94270636541698
MIR4427	1.02169470476617
MIR4684	0.982951932690122
MIR4773-1	1.00240700458938
MIR4657	1.17037000361717
MIR4789	1.03734056701319
MIR4712	1.15942294495005
MIR4440	0.966350804585467
MIR4681	0.96610428515749
MIR4436A	1.00240700458938
MIR3198-2	1.01423100355274
MIR4520-1	0.749723017917101
MIR4696	1.0798977924045
MIR4691	1.07884952858265
MIR4515	1.13133433617156
MIR4518	0.98246487716107
MIR4521	0.749723017917101
MIR4443	0.730118323494498
MIR5047	1.00518177247207
MIR4711	0.982951932690122
MIR4692	1.07884952858265
MIR4462	1.04825237769963
MIR4761	1.65854047521834
MIR4535	0.705191761652427
MIR4727	1.48826986994562
MIR4786	0.966350804585467
MIR4773-2	1.00240700458938
MIR4434	1.00240700458938
MIR4744	0.729564863856545
MIR4689	0.969343795308908
MIR4537	1.00423569973179
MIR4703	1.16077440404817
MIR4707	0.764334413991476
MIR4748	0.704151138682422
MIR4694	1.07884952858265
MIR548AM	0.961550425812295
MIR4672	0.963087641236575
MIR4644	0.862327116139212
MIR4431	1.00240700458938
MIR4714	1.13133433617156
MIR4418	0.982951932690122
MIR4755	1.3428247635557
MIR4801	0.982841762389136
MIR4449	0.982841762389136
MIR1343	1.07884952858265
MIR4632	0.969343795308908
MIR4658	1.17037000361717
MIR548AG2	1.3428247635557
MIR4474	0.952713287730748
MIR4780	1.00240700458938
MIR4725	1.43941607542378
MIR548AG1	0.982841762389136
MIR4471	1.01569444866679
MIR2682	0.982951932690122
MIR4687	1.07884952858265
MIR4497	1.01423100355274
MIR548H5	0.94270636541698
MIR4476	0.709018617651733
MIR4693	1.0798977924045
MIR4745	0.672745602694723
MIR3689E	0.963087641236575
MIR4452	0.982841762389136
MIR4778	1.00240700458938
MIR4656	1.10834731360131
MIR4520-2	0.749723017917101
MIR4767	0.681263242067964
MIR4742	0.991375931347093
MIR4429	1.01202671490066
MIR4488	1.07884952858265
MIR4798	0.982841762389136
MIR4776-2	0.970894155693591
MIR4432	1.00240700458938
MIR4715	1.15942294495005
MIR548AD	1.00240700458938
MIR4446	1.19833272410156
MIR4442	0.720410490708883
MIR4494	1.01423100355274
MIR4635	1.19567882225115
MIR4479	0.963087641236575
MIR4423	0.982951932690122
MIR4685	0.97891388353545
MIR4751	1.24196546098975
MIR4470	1.01569444866679
MIR4447	1.19833272410156
MIR4698	1.01423100355274
MIR4517	0.98246487716107
MIR548AK	0.979753098033958
MIR4706	0.764334413991476
MIR3978	0.971983922050255
MIR378F	0.982951932690122
MIR4441	0.966350804585467
MIR1269B	0.749723017917101
MIR2392	0.764334413991476
MIR378E	0.981327424359639
MIR4683	0.979753098033958
C8orf37-AS1	1.01569444866679
TPTE2P5	1.16077440404817
NR1H3	1.07884952858265
DIO2-AS1	0.764334413991476
DNM3OS	0.991375931347093
MIR3155B	0.979753098033958
COX17	1.19833272410156
PARTICL	1.00240700458938
LOC100630923	1.17978731315435
LOC100631378	1.24196546098975
FAM47E-STBD1	0.982841762389136
SPRY4-IT1	0.981327424359639
LINC00659	1.3428247635557
LINC01311	1.28336096843035
RAET1E-AS1	0.749110827107011
PYCARD-AS1	0.98246487716107
TIMM23B	0.979753098033958
SPATA8-AS1	1.13133433617156
LOC100652758	0.981327424359639
PRICKLE2-AS1	0.723578923483452
LOC100652768	1.0798977924045
DSG2-AS1	0.729564863856545
NNT-AS1	1.19567882225115
SNX29P1	0.98246487716107
GS1-24F4.2	0.416284738599625
KIAA2012	0.970894155693591
CACNA1C-AS1	1.02278665752541
LINC01023	0.981327424359639
LINC00408	1.33645054467716
TMCO5B	1.15942294495005
LINC00539	1.33645054467716
ALOX15P1	0.749723017917101
LINC00904	1.24196546098975
LINC01838	1.24196546098975
LINC02078	0.986809853654872
LINC00702	0.979753098033958
LINC00706	0.979753098033958
LOC100652999	1.01423100355274
LOC100653233	1.17037000361717
CEP295NL	0.986809853654872
SCAMP2	1.13133433617156
SCAMP3	0.982951932690122
IL18BP	1.07884952858265
ARHGAP22-IT1	0.979753098033958
POU6F2-AS2	1.17037000361717
RWDD2B	0.71893801338487
CDH9	1.19567882225115
MUC12	1.17978731315435
DPP3	1.07884952858265
SNUPN	1.13133433617156
HUWE1	0.971983922050255
PCAT1	2.05039341266889
HIF1A-AS1	0.764334413991476
HIF1A-AS2	0.764334413991476
RCAN3AS	0.982951932690122
HTT-AS	0.982841762389136
PTPRU	0.982951932690122
TSPAN32	1.07884952858265
KLHL7-DT	1.17037000361717
RBM5-AS1	0.730118323494498
TSSC4	1.07884952858265
ATP9A	1.3428247635557
CDH10	1.19567882225115
PDCD7	1.13133433617156
GPC6	1.16077440404817
LINC00501	1.03734056701319
MYZAP	1.13133433617156
USH1C	1.07884952858265
PQBP1	1.0526427280961
LINC00506	0.434078096558972
MIR5197	0.981327424359639
MIR548AW	0.963087641236575
MIR5009	1.13133433617156
MIR5000	1.00240700458938
MIR5007	1.16077440404817
MIR5583-2	0.729564863856545
MIR5689	1.12568358502349
MIR5579	1.0798977924045
MIR5680	1.01569444866679
MIR5011	0.729564863856545
MIR5693	1.16077440404817
MIR5188	1.01423100355274
MIR5701-2	1.15942294495005
MIR5571	0.730447216884634
MIR5696	1.00240700458938
MIR4524B	0.986809853654872
MIR1295B	0.991375931347093
MIR5581	0.982951932690122
MIR5004	1.04825237769963
MIR5692B	0.717899370570668
MIR5100	0.979753098033958
MIR5691	1.07884952858265
MIR5695	0.71650131047893
MIR5692C2	1.17037000361717
MIR5585	0.982951932690122
MIR5687	0.981327424359639
MIR5582	1.07884952858265
MIR5002	1.19833272410156
MIR5093	0.971089603767894
MIR5091	0.982841762389136
MIR5698	0.982951932690122
MIR5583-1	0.729564863856545
MIR5006	1.16077440404817
MIR5705	0.982841762389136
MIR5587	0.98280619354904
MIR5003	0.981327424359639
MIR548AT	1.00518177247207
MIR5700	1.01423100355274
MIR5707	1.08695203854043
MIR5683	1.12568358502349
MIR548AR	1.16077440404817
MIR5186	1.06598575216065
MIR5001	0.970894155693591
MIR5092	1.19833272410156
MIR5704	0.986056538996622
MIR5572	1.13133433617156
MIR5682	1.19833272410156
MIR5087	0.982951932690122
MIR5010	1.00518177247207
MIR4666B	0.742060425418264
MIR5690	1.04825237769963
MIR4999	0.704151138682422
MIR5191	0.991375931347093
MIR5194	2.05039341266889
MIR664B	1.15404773795701
MIR5702	0.970894155693591
MIR5588	1.03734056701319
MIR5697	0.969343795308908
MIR5708	1.01569444866679
MIR5189	0.971089603767894
MIR5681A	1.01569444866679
MIR5094	1.13133433617156
MIR5701-1	1.15942294495005
MIR4536-2	0.971983922050255
MIR5195	1.00423569973179
MIR548AX	0.681263242067964
MIR5694	0.764334413991476
MIR5591	0.982841762389136
MIR5089	1.00518177247207
MIR548AO	0.416558022388397
MIR5590	1.00240700458938
MIR5196	1.24196546098975
MIR5684	0.71650131047893
MIR5008	9.67759951617656e-10
MIR5090	1.17978731315435
MIR5088	1.24196546098975
MIR5685	1.04825237769963
MIR5580	0.764334413991476
MIR5688	0.434078096558972
MIR5193	0.730118323494498
MIR5190	1.15931082987001
MIR5703	0.970894155693591
MIR5692C1	0.981327424359639
MIR548AV	0.729564863856545
MIR548AP	1.13133433617156
MIR5706	0.981327424359639
MIR5699	0.979753098033958
MIR5192	1.00240700458938
MIR5586	0.764334413991476
MIR5584	0.982951932690122
MIR5187	0.982951932690122
MIR5681B	1.01569444866679
MIR548AS	1.16077440404817
MIR5589	0.704151138682422
EDIL3	0.981327424359639
CARS-AS1	1.07884952858265
EGFLAM-AS4	1.19567882225115
NEGR1-IT1	0.982951932690122
ZRANB2-AS2	0.982951932690122
NRG1-IT1	0.416558022388397
LINC00536	2.05039341266889
HEIH	0.981327424359639
HHLA1	2.05039341266889
CERS6-AS1	1.00240700458938
FSBP	1.01569444866679
LINC00492	0.981327424359639
LINC00538	0.991375931347093
LINC00903	1.19833272410156
FTCD-AS1	0.696368907296711
LRRC3-DT	0.696368907296711
ZMYM4-AS1	0.982951932690122
ELMO1-AS1	1.17037000361717
RAI1-AS1	0.749723017917101
OCIAD1-AS1	0.982841762389136
P4HA2-AS1	0.981327424359639
GDNF-AS1	1.19567882225115
POU6F2-AS1	1.17037000361717
LINC00489	1.3428247635557
RPS6KA2-AS1	0.862327116139212
RNA45SN5	0.736942594729667
CYP3A7-CYP3A51P	1.17037000361717
DOCK9-DT	1.16077440404817
LINC00554	1.16077440404817
LINC00557	1.16077440404817
LINC00561	1.16077440404817
LINC00564	1.16077440404817
LINC00566	1.33645054467716
PINK1-AS	0.982951932690122
LINC00562	1.16077440404817
PLUT	1.33645054467716
LINC00558	1.16077440404817
LINC00560	1.16077440404817
LINC00563	1.16077440404817
LINC00565	1.16077440404817
SCAANT1	0.723578923483452
LINC00572	1.33645054467716
ALDH1L1-AS2	1.19833272410156
TMEM265	0.98246487716107
NAALADL2-AS3	1.03734056701319
LINC00507	1.01423100355274
DIP2A-IT1	0.696368907296711
RB1-DT	1.16077440404817
UPK1A-AS1	1.24196546098975
COL4A3BP	0.981327424359639
PTCHD1-AS	0.961550425812295
SNORD116-30	1.15942294495005
SNORD115-46	1.15942294495005
LPP-AS1	1.03734056701319
NDP-AS1	1.0526427280961
NHS-AS1	0.961550425812295
SYP-AS1	1.0526427280961
ZFX-AS1	0.742060425418264
HLX-AS1	0.991375931347093
DLG3-AS1	0.971983922050255
DPYD-AS1	0.982951932690122
DPYD-AS2	0.982951932690122
MTOR-AS1	0.969343795308908
GRM7-AS1	0.720410490708883
LNX1-AS1	0.982841762389136
MYLK-AS2	1.19833272410156
OPA1-AS1	1.03734056701319
PHEX-AS1	0.961550425812295
PRKX-AS1	0.681263242067964
HLTF-AS1	1.21511111792987
VAV3-AS1	0.982951932690122
LMLN-AS1	1.03734056701319
NREP-AS1	0.981327424359639
IPO9-AS1	0.991375931347093
MLIP-AS1	1.04825237769963
SZT2-AS1	0.982951932690122
SNRK-AS1	0.720410490708883
LNX1-AS2	0.982841762389136
MED4-AS1	1.16077440404817
GPC5-AS1	1.16077440404817
GPC5-AS2	1.16077440404817
GPC6-AS1	1.16077440404817
GPC6-AS2	1.16077440404817
LINC02586	0.982951932690122
CNTN4-AS1	0.720410490708883
CNTN4-AS2	0.720410490708883
RBMS3-AS1	0.720410490708883
RBMS3-AS3	0.720410490708883
RERG-AS1	1.02278665752541
ABCC5-AS1	1.03734056701319
MAGI1-AS1	0.723578923483452
CHRM3-AS1	1.02169470476617
MED14OS	0.742060425418264
FGF12-AS1	1.03734056701319
FGF12-AS2	1.03734056701319
GRM5-AS1	1.0798977924045
HCFC1-AS1	1.21583421531377
ITIH4-AS1	0.730118323494498
KCND3-AS1	0.982951932690122
KCNQ5-AS1	0.94270636541698
MEIS1-AS2	1.00240700458938
NCBP2-AS1	1.03734056701319
OXCT1-AS1	1.19567882225115
PPEF1-AS1	0.961550425812295
TTC3-AS1	0.71893801338487
VIPR1-AS1	0.720410490708883
NLGN1-AS1	1.03734056701319
XIRP2-AS1	1.00240700458938
NAV2-AS5	1.07884952858265
NAV2-AS2	1.07884952858265
SYNPR-AS1	0.723578923483452
EPN2-AS1	0.749723017917101
KLHL6-AS1	1.03734056701319
MAGI2-AS2	1.17037000361717
TPRG1-AS2	1.03734056701319
SGO1-AS1	0.720410490708883
CFAP44-AS1	1.19833272410156
AGBL5-AS1	1.01202671490066
PRRT3-AS1	0.720410490708883
UBXN7-AS1	1.03734056701319
PLCH1-AS2	1.06598575216065
CADM2-AS2	0.434078096558972
THOC7-AS1	0.723578923483452
MACC1-AS1	0.932380436661844
HM13-AS1	1.3428247635557
TPRG1-AS1	1.03734056701319
HHATL-AS1	0.720410490708883
LINC00499	0.982841762389136
DGUOK-AS1	1.00240700458938
LZTS1-AS1	0.433694208344174
LINC00534	1.01569444866679
JRKL-AS1	1.0798977924045
FALEC	0.982951932690122
LINC00570	1.01202671490066
COX10-AS1	0.749723017917101
LINC00297	1.33645054467716
CLYBL-AS2	1.16077440404817
PCDH9-AS2	1.16077440404817
GRTP1-AS1	1.16077440404817
STK24-AS1	1.16077440404817
USP12-AS1	1.33645054467716
USP12-AS2	1.33645054467716
FREM2-AS1	1.16077440404817
DLEU7-AS1	1.16077440404817
EIF1AX-AS1	0.961550425812295
LINC01840	1.03734056701319
FGF14-AS1	1.16077440404817
HTR2A-AS1	1.16077440404817
KCNAB1-AS2	1.06598575216065
KCNAB1-AS1	1.06598575216065
NUCB1-AS1	1.24196546098975
PCDH9-AS3	1.16077440404817
PCDH9-AS4	1.16077440404817
PCYT1B-AS1	0.742060425418264
RUVBL1-AS1	1.19833272410156
SLC6A1-AS1	0.720410490708883
TM4SF1-AS1	1.21511111792987
UBE2E1-AS1	0.720410490708883
BRWD1-AS1	0.71893801338487
ZNF197-AS1	0.730118323494498
ADIPOQ-AS1	1.03734056701319
DOCK9-AS1	1.16077440404817
UBE2Q1-AS1	0.982951932690122
STEAP2-AS1	1.17037000361717
HDAC11-AS1	0.720410490708883
HS6ST2-AS1	0.971983922050255
MTUS2-AS1	1.33645054467716
GLYCTK-AS1	0.730118323494498
STEAP3-AS1	1.00240700458938
YEATS2-AS1	1.03734056701319
CCDC13-AS1	0.720410490708883
PLCXD2-AS1	1.19833272410156
INTS6L-AS1	0.971983922050255
ZNF630-AS1	1.0526427280961
FRMPD3-AS1	0.971983922050255
ZNRF3-AS1	1.25509584409354
LINC00331	1.16077440404817
LINC00332	1.16077440404817
LINC00333	1.16077440404817
ENOX1-AS2	1.16077440404817
ZBTB20-AS4	1.19833272410156
LINC00350	1.33645054467716
LINC00351	1.16077440404817
LINC00353	1.16077440404817
LINC00358	1.16077440404817
LINC00364	1.16077440404817
LINC00365	1.33645054467716
LINC00366	1.16077440404817
LINC00379	1.16077440404817
LINC00381	1.16077440404817
LINC00392	1.16077440404817
LINC00395	1.16077440404817
LINC00398	1.33645054467716
LINC00400	1.16077440404817
LINC00411	1.16077440404817
LINC00417	1.33645054467716
LINC00423	1.33645054467716
LINC00433	1.16077440404817
LINC00434	1.16077440404817
LINC00440	1.16077440404817
LINC00443	1.16077440404817
LINC00446	1.16077440404817
LINC00448	1.16077440404817
LINC00454	1.16077440404817
LINC00457	1.33645054467716
LINC00459	1.16077440404817
LINC00424	1.33645054467716
LINC00502	0.97891388353545
FRMD6-AS2	0.764334413991476
LINC00559	1.16077440404817
LINC00571	1.16077440404817
SAMSN1-AS1	0.71893801338487
CLDN10-AS1	1.16077440404817
DIAPH3-AS1	1.16077440404817
DIAPH3-AS2	1.16077440404817
EFCAB6-AS1	0.720285108111023
SHANK2-AS1	1.07884952858265
ARHGEF3-AS1	0.730118323494498
B4GALT4-AS1	1.19833272410156
COL4A2-AS1	1.16077440404817
ALDH1L1-AS1	1.19833272410156
ATP11A-AS1	1.16077440404817
OSBPL10-AS1	0.720410490708883
ST3GAL6-AS1	1.19833272410156
NDFIP2-AS1	1.16077440404817
MID1IP1-AS1	0.742060425418264
MYCBP2-AS1	1.16077440404817
TM4SF19-AS1	1.03734056701319
ZNF385D-AS1	0.720410490708883
ATP13A5-AS1	1.03734056701319
TMEM212-AS1	1.2087165663813
ZNF385D-AS2	0.720410490708883
RNF219-AS1	1.16077440404817
ARHGEF7-AS1	1.16077440404817
SPATA13-AS1	1.33645054467716
CACNA1C-AS4	1.02278665752541
CACNA1C-AS2	1.02278665752541
COL18A1-AS2	0.696368907296711
CACNA2D3-AS1	0.730118323494498
ARHGEF7-AS2	1.16077440404817
ARHGAP26-AS1	0.981327424359639
STARD13-AS	1.33645054467716
PRICKLE2-AS2	0.723578923483452
PRICKLE2-AS3	0.723578923483452
NAALADL2-AS2	1.03734056701319
NAALADL2-AS1	1.03734056701319
ARHGAP31-AS1	1.19833272410156
DENND5B-AS1	1.24074736084
KIRREL3-AS2	1.0798977924045
LINC00853	0.982951932690122
RNASEH2B-AS1	1.16077440404817
SLC25A30-AS1	1.16077440404817
UBE2CP5	1.25334885646717
CCDC200	1.00518177247207
AOAH-IT1	1.17037000361717
HAO2-IT1	0.982951932690122
TGFA-IT1	1.00240700458938
LINC01216	0.982841762389136
ERI3-IT1	0.982951932690122
NTM-IT	1.0798977924045
MLIP-IT1	1.04825237769963
DNM3-IT1	0.991375931347093
NRG1-IT3	0.416558022388397
ALMS1-IT1	1.00240700458938
KCND3-IT1	0.982951932690122
KCNH1-IT1	0.991375931347093
SYNJ2-IT1	0.749110827107011
EPN2-IT1	0.749723017917101
AGBL4-IT1	0.982951932690122
BACH1-IT2	0.71893801338487
HOXA10-AS	1.17037000361717
ATP2B2-IT2	0.720410490708883
DSCAM-IT1	0.71893801338487
LINC01014	1.03734056701319
TCF7L1-IT1	1.00240700458938
PLCB1-IT1	1.01794118838271
RNF216-IT1	1.10834731360131
HS1BP3-IT1	1.01202671490066
RPS6KA2-IT1	0.862327116139212
ARHGEF9-IT1	0.971983922050255
PPP2R2B-IT1	0.981327424359639
HOXB-AS1	1.00518177247207
HOXC-AS1	1.01423100355274
HOXC-AS2	1.01423100355274
HOXC-AS3	1.01423100355274
HOXC13-AS	1.01423100355274
CACNA1C-IT2	1.02278665752541
CACNA1C-IT3	1.02278665752541
ARHGAP26-IT1	0.981327424359639
ARHGEF38-IT1	0.982841762389136
FAM155A-IT1	1.16077440404817
SMIM2-IT1	1.16077440404817
IQCJ-SCHIP1-AS1	1.06598575216065
XXYLT1-AS1	1.03734056701319
APOBEC3B-AS1	0.720285108111023
LINC00581	1.12568358502349
BANCR	0.975901197514351
UGDH-AS1	0.982841762389136
PCCA-AS1	1.16077440404817
NALCN-AS1	1.16077440404817
LINC-ROR	0.729564863856545
VWC2L-IT1	0.970894155693591
LINC00348	1.16077440404817
MYO16-AS1	1.16077440404817
IFNG-AS1	1.01423100355274
LARS2-AS1	0.730118323494498
SLC9A9-AS1	0.986056538996622
LINC00210	0.991375931347093
PTGES3L	1.00518177247207
PTGES3L-AARSD1	1.00518177247207
PTCSC3	0.764334413991476
MRPS31P5	1.16077440404817
LINC00359	1.16077440404817
TRERNA1	1.3428247635557
KCNK7	1.07884952858265
CDH11	0.98246487716107
UST	0.749110827107011
APOBEC3A_B	0.720285108111023
ARPC5	0.991375931347093
ARPC4	0.720410490708883
ARPC3	1.01423100355274
ARPC1B	1.17037000361717
ACTR3	1.00240700458938
ACTR2	1.00240700458938
TSPAN5	0.982841762389136
TSPAN3	1.13133433617156
LINC02361	1.01423100355274
LOC100996249	1.17978731315435
LOC100996251	0.982951932690122
FAM106B	0.749723017917101
LOC100996263	0.982951932690122
LINC01510	1.17978731315435
LINC00269	0.971983922050255
LINC00911	0.764334413991476
LINC02273	0.983733746955767
LINC01993	0.986809853654872
DNAH17-AS1	0.986809853654872
FOXD3-AS1	0.982951932690122
LIPE-AS1	1.24196546098975
LOC100996318	0.982951932690122
LINC01882	1.15931082987001
LOC100996325	1.19567882225115
POTEB	1.15942294495005
FAM230H	0.730447216884634
LINC02169	0.98246487716107
LINC01664	0.736942594729667
LINC02140	0.98246487716107
CA3-AS1	1.01569444866679
LOC100996349	0.71650131047893
LOC100996351	0.672745602694723
LOC100996385	0.981327424359639
LOC100996413	1.15942294495005
FAM230D	0.736942594729667
LOC100996419	0.981327424359639
ARLNC1	0.971089603767894
FAM230F	1.28336096843035
LOC100996437	1.17037000361717
LOC100996447	1.06598575216065
LOC100996455	1.07884952858265
LCA10	1.21583421531377
LINC01964	1.00240700458938
C5orf66	0.981327424359639
LINC01206	1.03734056701319
CTXND1	1.13133433617156
LINC01355	0.982951932690122
CTXND2	0.982951932690122
ITPR1-DT	0.720410490708883
FAM157C	0.971089603767894
ANTXRLP1	0.979753098033958
NAMA	0.963087641236575
NFIA-AS2	0.982951932690122
CYYR1-AS1	0.71893801338487
LINC01806	1.00240700458938
FAM74A7	0.709018617651733
LOC100996583	0.969343795308908
LINC01505	0.963087641236575
LINC00690	0.720410490708883
LINC01436	0.71893801338487
LINC01981	0.720410490708883
LINC01760	0.982951932690122
LINC02607	0.982951932690122
LOC100996643	0.709018617651733
LINCR-0003	0.981327424359639
LOC100996654	1.17037000361717
LOC100996664	0.764334413991476
LINC01533	1.13164416291439
LINC01544	0.729564863856545
LOC100996671	1.01423100355274
LINC02369	1.01423100355274
SPEGNB	0.970894155693591
LINC02502	0.982841762389136
LINC01356	0.982951932690122
SRGAP2D	0.982951932690122
NOTCH2NLC	0.982951932690122
LOC100996720	0.982951932690122
LOC100996724	0.982951932690122
LOC100996740	0.982951932690122
LOC100996750	1.00518177247207
NPY4R2	0.979753098033958
NOTCH2NLB	0.982951932690122
LOC100996842	0.749723017917101
RORA-AS2	1.13133433617156
LINC01883	1.00240700458938
FMC1-LUC7L2	1.17978731315435
LINC00621	1.33645054467716
PYURF	0.982841762389136
IL21-AS1	0.982841762389136
ADAM8	0.96610428515749
CDH12	1.19567882225115
TSPAN2	0.982951932690122
NUBP2	0.98246487716107
TSFM	1.01423100355274
TSPAN1	0.982951932690122
PPIF	0.97891388353545
PGR-AS1	1.0798977924045
OVCH1-AS1	1.24074736084
LOC101059915	0.971983922050255
GOLGA8R	1.15942294495005
LOC101059948	1.24196546098975
CTDSP2	1.01423100355274
LINC01523	1.3428247635557
LINC01799	1.00240700458938
LINC02446	1.02278665752541
ACTR3-AS1	1.00240700458938
CHMP1B2P	0.971983922050255
ARMC4P1	0.979753098033958
FCF1P2	0.730118323494498
ZNF891	1.01423100355274
CT45A7	0.971983922050255
NBPF19	0.982951932690122
OPN1MW3	0.447122982923635
FOXP4-AS1	1.04825237769963
LINC01939	1.01202671490066
SNTG2-AS1	1.01202671490066
LINC02265	0.982841762389136
LINC01910	0.729564863856545
LINC01563	0.749723017917101
LOC101060553	1.16077440404817
NBPF26	0.982951932690122
NUTM2B-AS1	0.97891388353545
TRIM10	1.12568358502349
ARPC2	0.970894155693591
SGK2	1.3428247635557
LINC00601	0.96610428515749
LINC00609	0.764334413991476
TMEM220-AS1	0.749723017917101
RAD50	0.981327424359639
KIF20A	0.981327424359639
PREB	1.01202671490066
HIPK3	1.07884952858265
LINCMD1	1.04825237769963
LINC01081	0.971089603767894
PANDAR	1.04825237769963
FEM1B	1.13133433617156
ENAM	0.982841762389136
IPO11-LRRC70	0.981327424359639
IFNL4	1.24196546098975
CDH13	0.971089603767894
ACTR1B	1.00240700458938
ACTR1A	0.97891388353545
ARL4C	0.970894155693591
LSINCT5	1.19567882225115
ARL4A	0.932380436661844
LINC00850	0.137653246374234
NPTN-IT1	1.13133433617156
LOC101241902	1.01569444866679
LINC02067	1.06598575216065
PTENP1-AS	0.952713287730748
RASGRP1	1.15942294495005
DNAL4	0.720285108111023
ZNF263	0.98246487716107
LRPPRC	1.00240700458938
FRY	1.33645054467716
CDH15	0.971089603767894
PDIA6	1.01202671490066
TRAP1	0.98246487716107
OPTN	0.979753098033958
BCAP31	1.21583421531377
SNORD124	1.00518177247207
SNORD121B	0.952713287730748
NAMPT	1.17978731315435
CELA3A	0.982951932690122
RBM12	1.3428247635557
YAF2	1.01423100355274
ARFRP1	1.3428247635557
CDH16	0.971089603767894
TOB1	1.00518177247207
LINC00676	1.16077440404817
LINC00681	0.433694208344174
LOC101409256	1.17037000361717
EZR-AS1	0.749110827107011
OSGEPL1-AS1	0.970894155693591
OGFR-AS1	1.3428247635557
LINC01587	0.982841762389136
YTHDF3-AS1	1.01569444866679
DLGAP1-AS4	1.15931082987001
LAMTOR5-AS1	0.982951932690122
EVX1-AS	1.17037000361717
MAGEA8-AS1	1.12011520828342
MMP24OS	1.3428247635557
FANK1-AS1	0.96610428515749
LINC00678	1.07884952858265
UCHL1-AS1	0.982841762389136
XXYLT1-AS2	1.03734056701319
RMDN2-AS1	1.00240700458938
STPG2-AS1	0.982841762389136
AKAP9	1.17037000361717
CLEC3A	0.971089603767894
FAM13A	0.982841762389136
RNVU1-8	0.982951932690122
LOC101448202	0.963087641236575
G3BP1	0.981327424359639
SUGP2	0.71650131047893
EBI3	0.672745602694723
ADGRG2	0.961550425812295
CDH17	1.01569444866679
MBNL2	1.16077440404817
HNRNPA3P1	0.979753098033958
LINC01080	1.16077440404817
ABI2	0.970894155693591
CEBPZ	1.00240700458938
PLXNC1	1.01423100355274
TRIM28	1.25334885646717
LOC101559451	0.7295394616866
RASA4	1.17978731315435
AASS	1.17978731315435
PDZK1IP1	0.982951932690122
ATP6AP2	0.742060425418264
LOC101593348	1.01423100355274
CDH18	1.19567882225115
FARP1	1.16077440404817
LPAR6	1.16077440404817
LPCAT3	1.02278665752541
WASF2	0.982951932690122
CHST4	0.971089603767894
SLC25A13	1.17037000361717
SLC25A15	1.16077440404817
BLACAT1	0.991375931347093
GPR1-AS	0.970894155693591
ZNF350-AS1	1.25334885646717
SCHLAP1	0.970894155693591
ZNF197	0.730118323494498
SERF2	1.15942294495005
CDK2	1.01423100355274
DHRS9	1.00240700458938
RCL1	0.952713287730748
ZNF256	1.25334885646717
SPECC1L-ADORA2A	0.730447216884634
STAG3L5P	1.17037000361717
SORBS3	0.433694208344174
CNIH1	0.764334413991476
PVRIG2P	1.17037000361717
STAG3L5P-PVRIG2P-PILRB	1.17037000361717
CAPN10-DT	0.966350804585467
TENM1	0.971983922050255
RBM7	1.0798977924045
CDK3	0.986809853654872
RBM6	0.730118323494498
CCAT2	2.05039341266889
LINC02583	1.00240700458938
CASC9	1.01569444866679
RBM5	0.730118323494498
LHFPL2	0.981327424359639
LHFPL6	1.16077440404817
PRNCR1	2.05039341266889
TNK2	1.03734056701319
ALYREF	0.986809853654872
CDK4	1.01423100355274
TXNDC9	1.00240700458938
RALY-AS1	1.3428247635557
LOC101926889	1.01794118838271
DAB1-AS1	0.982951932690122
LOC101926892	1.01569444866679
CRTC3-AS1	1.13133433617156
GLIS2-AS1	0.98246487716107
LINC02338	1.16077440404817
LOC101926898	1.04825237769963
DNAJB5-DT	0.952713287730748
LSAMP-AS1	1.19833272410156
LINC01265	1.19567882225115
LOC101926905	0.981327424359639
SLC16A12-AS1	0.97891388353545
LOC101926908	1.01569444866679
VPS33B-DT	1.13133433617156
LOC101926913	1.00240700458938
LOC101926915	1.04825237769963
ANKRD18CP	0.970815788272126
GTF2IP12	0.982841762389136
LINC01375	0.97891388353545
LINC01358	0.982951932690122
RDH10-AS1	1.01569444866679
CRAT37	1.13133433617156
LINC00378	1.16077440404817
LOC101926933	0.764334413991476
LOC101926934	1.04825237769963
LOC101926935	1.3428247635557
LINC02104	1.19567882225115
SPRY4-AS1	0.981327424359639
LINC02653	0.97891388353545
LOC101926943	1.17037000361717
LOC101926944	0.982951932690122
LINC01617	1.01569444866679
LOC101926948	0.952713287730748
LINC01570	0.98246487716107
LINC02339	1.16077440404817
LINC01733	1.3428247635557
ISX-AS1	0.720285108111023
LOC101926960	1.19567882225115
LOC101926962	1.04825237769963
LOC101926963	1.10834731360131
LOC101926964	0.982951932690122
LINC01804	1.01202671490066
LOC101926968	1.19833272410156
LINC01284	0.971983922050255
LINC01844	0.981327424359639
LINC01111	1.01569444866679
LINC02049	1.19833272410156
DLGAP4-AS1	1.3428247635557
RUNDC3A-AS1	1.00518177247207
LOC101927000	1.10834731360131
PKIA-AS1	1.01569444866679
LINC01365	0.982841762389136
LINC02177	0.98246487716107
LINC01506	0.975901197514351
LINC01180	1.00518177247207
LOC101927018	1.01129990957445
LOC101927020	1.04825237769963
LOC101927021	1.10834731360131
LOC101927023	0.981327424359639
PRKRA-AS1	0.970894155693591
ROR1-AS1	0.982951932690122
LINC02400	1.01423100355274
LOC101927040	1.01569444866679
EPCAM-DT	1.00240700458938
LOC101927045	0.764334413991476
LOC101927048	1.04825237769963
PLCE1-AS2	0.97891388353545
LOC101927050	1.00240700458938
LOC101927051	0.720285108111023
LOC101927053	1.00240700458938
LOC101927055	0.970894155693591
LINC02614	1.19833272410156
LINC02402	1.01423100355274
LINC01957	0.981327424359639
LINC02294	0.764334413991476
LOC101927066	1.01569444866679
LINC01607	1.01569444866679
LOC101927069	0.975901197514351
LINC02611	1.00240700458938
LINC00682	0.982841762389136
FGF10-AS1	1.19567882225115
LOC101927078	0.981327424359639
LOC101927079	1.15942294495005
MIR4307HG	0.764334413991476
LOC101927082	1.04825237769963
LINC01359	0.982951932690122
LINC02516	0.982841762389136
CLMAT3	0.981327424359639
LOC101927100	0.981327424359639
ITFG1-AS1	0.98246487716107
SUCLG2-AS1	0.723578923483452
LINC01581	1.13133433617156
LINC01933	0.981327424359639
PLCG1-AS1	1.3428247635557
LOC101927120	1.07884952858265
LINC02016	1.19833272410156
LOC101927124	0.764334413991476
ELFN1-AS1	1.10834731360131
GTF2IP7	1.17037000361717
LINC01580	1.13133433617156
LOC101927131	0.98246487716107
LINC02133	0.98246487716107
LINC01470	0.981327424359639
LOC101927136	1.04825237769963
LOC101927138	1.3428247635557
LOC101927139	0.982951932690122
LOC101927141	1.01569444866679
LOC101927142	1.00240700458938
LOC101927143	0.991375931347093
LINC01471	1.19833272410156
L3MBTL4-AS1	1.15931082987001
LOC101927151	0.71650131047893
SAMMSON	0.723578923483452
LINC02207	1.13133433617156
LMO7-AS1	1.16077440404817
LINC01934	0.970894155693591
LOC101927157	0.982841762389136
LOC101927159	1.3428247635557
LOC101927164	0.991375931347093
LINC01813	1.00240700458938
LOC101927166	1.00518177247207
GATA2-AS1	1.19833272410156
LOC101927168	1.15931082987001
LINC01564	1.04825237769963
CHL1-AS2	0.720410490708883
LINC01069	1.16077440404817
LOC101927178	0.764334413991476
LOC101927179	0.982841762389136
ADGRL3-AS1	0.982841762389136
LOC101927188	1.15931082987001
LOC101927189	1.04825237769963
LOC101927190	0.981327424359639
CHL1-AS1	0.720410490708883
LINC00382	1.16077440404817
FSIP2-AS2	0.970894155693591
FAM111A-DT	1.07884952858265
LINC02075	1.00518177247207
ZNF451-AS1	0.94270636541698
LINC01266	0.720410490708883
LINC01473	0.970894155693591
HNF4A-AS1	1.3428247635557
DEPDC1-AS1	0.982951932690122
UBR5-AS1	1.01569444866679
LINC01049	1.16077440404817
LINC01929	0.729564863856545
LINC01969	1.00518177247207
SEMA6A-AS1	0.981327424359639
LOC101927237	0.982841762389136
LINC01989	1.04576408549782
LINC01430	1.3428247635557
LOC101927243	1.17037000361717
LINC01788	0.982951932690122
LOC101927245	1.01569444866679
LOC101927248	1.16077440404817
PDZRN3-AS1	0.723578923483452
MRTFA-AS1	0.720285108111023
LINC01474	0.975901197514351
LOC101927267	1.01423100355274
LOC101927269	1.17037000361717
LOC101927272	0.98246487716107
LINC01416	0.729564863856545
LINC02071	1.00518177247207
NDUFV2-AS1	1.15931082987001
LOC101927278	0.97891388353545
EP300-AS1	0.720285108111023
LINC02208	0.981327424359639
LINC02466	0.982841762389136
LOC101927284	1.16077440404817
LINC01793	1.00240700458938
LINC02254	1.13133433617156
MANEA-DT	0.94270636541698
LINC01237	0.966350804585467
LINC02395	1.01423100355274
LINC01360	0.982951932690122
LOC101927296	0.723578923483452
SNHG27	0.982841762389136
LOC101927310	1.13133433617156
LINC02185	0.98246487716107
LOC101927314	0.94270636541698
LOC101927318	1.01423100355274
ERICH3-AS1	0.982951932690122
LOC101927322	0.729564863856545
PPP4R1-AS1	1.15931082987001
LINC01475	0.97891388353545
LINC01831	1.00240700458938
LINC01582	1.13133433617156
LINC02127	0.98246487716107
LOC101927342	0.982951932690122
GRM7-AS3	0.720410490708883
LINC02186	0.98246487716107
LINC01254	1.15931082987001
LINC02302	0.764334413991476
PLS3-AS1	0.971983922050255
LOC101927354	1.10834731360131
LOC101927356	1.17037000361717
LOC101927357	0.981327424359639
LOC101927358	0.975901197514351
LOC101927359	0.982841762389136
LINC01103	1.00240700458938
LINC01875	1.01202671490066
LINC02353	0.982841762389136
LINC01571	0.98246487716107
LOC101927365	0.94270636541698
LOC101927374	0.434078096558972
LOC101927377	1.3428247635557
LOC101927378	1.17037000361717
LINC02201	0.981327424359639
CARNMT1-AS1	0.975901197514351
LINC01163	0.96610428515749
LOC101927391	0.932380436661844
LOC101927394	0.720410490708883
LINC01514	0.97891388353545
LOC101927402	1.00240700458938
LINC01821	0.970894155693591
LOC101927410	1.15931082987001
LINC01782	1.13164416291439
LINC01781	0.982951932690122
LOC101927415	1.01423100355274
SRGAP3-AS2	0.720410490708883
LOC101927417	0.982951932690122
LOC101927418	0.764334413991476
LINC02681	0.97891388353545
LOC101927420	1.17037000361717
LOC101927421	0.981327424359639
GNA14-AS1	0.975901197514351
PANO1	1.07884952858265
LINC01903	0.729564863856545
LINC01790	0.970894155693591
LINC01255	1.15931082987001
LOC101927434	0.982951932690122
LOC101927437	1.16077440404817
LINC01800	1.00240700458938
SRGAP3-AS4	0.720410490708883
LOC101927446	1.17037000361717
LOC101927447	0.720285108111023
LINC01282	0.742060425418264
LOC101927450	0.975901197514351
TMEM108-AS1	0.986056538996622
LINC01522	1.3428247635557
LINC01608	1.0381909863396
LINC02240	0.981327424359639
LINC02359	1.01423100355274
CLYBL-AS1	1.16077440404817
LOC101927468	0.982951932690122
ITPRIP-AS1	0.97891388353545
LOC101927476	0.742060425418264
LINC01507	0.975901197514351
LOC101927478	1.02169470476617
LOC101927480	0.98246487716107
LINC01909	0.729564863856545
HECW2-AS1	0.970894155693591
LINC01609	1.0381909863396
LOC101927488	0.981327424359639
TCERG1L-AS1	0.96610428515749
UTAT33	1.00240700458938
LINC02070	0.434078096558972
LOC101927495	1.07884952858265
LOC101927497	1.17037000361717
LINC01361	0.982951932690122
PINCR	0.742060425418264
LOC101927502	0.975901197514351
LINC02688	1.07884952858265
LINC01682	1.02169470476617
LINC02348	1.13133433617156
LOC101927513	2.05039341266889
LOC101927516	0.982841762389136
LINC02620	0.97891388353545
LINC02587	0.932380436661844
COL1A2-AS1	1.17037000361717
LINC01656	0.720285108111023
LINC01204	1.0526427280961
LINC01736	1.02169470476617
LOC101927539	1.00518177247207
LINC01273	1.3428247635557
LINC01712	0.982951932690122
LOC101927543	2.05039341266889
ANKRD44-IT1	0.970894155693591
LINC02627	0.97891388353545
LOC101927550	1.17037000361717
LOC101927551	0.720285108111023
LINC01737	1.02169470476617
LINC01250	1.01202671490066
LOC101927557	1.00518177247207
CEBPB-AS1	1.3428247635557
LOC101927560	0.982951932690122
LINC01267	0.720410490708883
LOC101927571	0.729564863856545
LOC101927572	1.24196546098975
LINC01186	1.0526427280961
LOC101927575	0.975901197514351
LINC01797	1.00240700458938
LINC02141	0.98246487716107
CCDC182	1.00518177247207
LOC101927583	1.01423100355274
LINC01271	1.3428247635557
LINC01725	0.982951932690122
LOC101927588	2.05039341266889
LINC01166	0.96610428515749
DPP10-AS3	1.00240700458938
LINC02405	1.01423100355274
LOC101927596	0.970894155693591
NCK1-DT	0.986056538996622
ZNF529-AS1	1.24196546098975
LOC101927604	1.02169470476617
LINC01922	0.729564863856545
RNF139-AS1	2.05039341266889
LINC02375	1.01423100355274
LINC01923	0.970894155693591
LOC101927620	0.764334413991476
LINC01534	1.24196546098975
LOC101927623	0.975901197514351
LINC01150	1.07884952858265
LOC101927630	0.932380436661844
ADNP-AS1	1.3428247635557
LOC101927635	1.0526427280961
LOC101927636	0.982841762389136
LINC02411	1.01423100355274
LOC101927640	0.94270636541698
LINC01877	0.970894155693591
LINC01444	1.15931082987001
LINC02126	0.98246487716107
LINC01927	0.729564863856545
LINC02388	1.01423100355274
ZASP	1.17037000361717
LOC101927657	2.05039341266889
SMAD1-AS2	0.982841762389136
LOC101927661	1.00240700458938
LOC101927666	1.00518177247207
LINC01535	1.24196546098975
LOC101927668	0.932380436661844
MIR202HG	0.96610428515749
LINC01429	1.3428247635557
CD81-AS1	1.07884952858265
LINC01744	1.02169470476617
LINC02541	0.94270636541698
SEPTIN4-AS1	1.00518177247207
LOC101927690	0.764334413991476
LOC101927691	1.12568358502349
LOC101927692	1.68839252628767e-09
LINC02368	1.01423100355274
LINC02227	0.981327424359639
DSCAS	0.729564863856545
LOC101927699	0.979753098033958
LINC01524	1.3428247635557
LINC01812	1.00240700458938
FOXCUT	1.12568358502349
MIR3663HG	0.96610428515749
LOC101927708	1.07884952858265
LOC101927709	1.00240700458938
LINC01029	0.729564863856545
DSG1-AS1	0.729564863856545
ZNF793-AS1	1.24196546098975
LNCPRESS1	1.17978731315435
LINC01644	0.705191761652427
BEAN1-AS1	0.98246487716107
LOC101927727	0.7295394616866
LINC01476	1.00518177247207
LINC02322	0.764334413991476
LOC101927730	1.12568358502349
TMEM132D-AS2	1.01423100355274
LINC02202	0.981327424359639
LOC101927746	1.17978731315435
ATP6V1B1-AS1	1.00240700458938
LOC101927751	1.13133433617156
LOC101927752	0.416284738599625
RNFT1-DT	1.00518177247207
LOC101927759	1.12568358502349
TH2LCRR	0.981327424359639
LOC101927762	0.979753098033958
OLFM5P	1.07884952858265
COA6-AS1	1.02169470476617
LINC01847	0.981327424359639
HDAC2-AS2	0.94270636541698
LOC101927769	0.932380436661844
LOC101927770	1.3428247635557
LINC00824	2.05039341266889
SATB1-AS1	0.720410490708883
LINC01303	0.764334413991476
LOC101927787	1.02169470476617
LOC101927789	1.07884952858265
LOC101927793	0.971089603767894
LOC101927795	0.970894155693591
LINC01441	1.3428247635557
MIR548XHG	0.71893801338487
LOC101927798	2.05039341266889
LINC00368	1.16077440404817
CLSTN2-AS1	0.986056538996622
LOC101927809	0.729564863856545
LOC101927811	0.932380436661844
HMMR-AS1	0.981327424359639
LOC101927814	0.98246487716107
LOC101927815	0.416284738599625
LOC101927817	0.971089603767894
LINC01425	0.71893801338487
LOC101927822	2.05039341266889
LOC101927824	0.979753098033958
LOC101927827	0.709018617651733
OVOL1-AS1	1.07884952858265
LOC101927829	0.720410490708883
PAQR9-AS1	0.986056538996622
LINC02143	0.981327424359639
LOC101927839	0.7295394616866
LINC01687	0.71893801338487
LOC101927844	0.982951932690122
LOC101927845	2.05039341266889
LOC101927847	0.975901197514351
LINC02355	0.708330872516
LOC101927851	1.02169470476617
LOC101927854	0.720410490708883
LOC101927855	1.00518177247207
FAM230G	1.65854047521834
CTB-178M22.2	0.981327424359639
MYOSLID-AS1	0.970894155693591
LINC02010	1.21511111792987
LINC01689	0.71893801338487
LOC101927870	1.17978731315435
LINC01508	0.975901197514351
LINC01654	0.982951932690122
LOC101927877	1.00518177247207
LINC02669	0.979753098033958
LOC101927881	1.00240700458938
LOC101927884	1.00240700458938
GBAT2	0.982951932690122
PKN2-AS1	0.982951932690122
EMC1-AS1	0.982951932690122
LINC01477	0.729564863856545
LINC02421	1.01423100355274
LINC02449	1.02278665752541
LOC101927907	1.00240700458938
LOC101927908	0.981327424359639
LOC101927911	0.7295394616866
LOC101927914	1.08695203854043
LOC101927915	2.05039341266889
TUB-AS1	1.07884952858265
LOC101927919	0.94270636541698
LINC01478	0.729564863856545
LINC01479	1.01423100355274
LINC01856	1.00240700458938
LINC01851	1.00240700458938
LINC01480	1.24196546098975
LOC101927932	1.3428247635557
LINC01843	0.981327424359639
FAM53B-AS1	0.96610428515749
LOC101927948	1.00240700458938
LOC101927950	1.12568358502349
C5orf66-AS1	0.981327424359639
LOC101927954	0.975901197514351
LINC01572	0.971089603767894
LOC101927960	0.970894155693591
LOC101927964	0.979753098033958
LOC101927967	1.00240700458938
LOC101927969	0.981327424359639
LOC101927972	1.12568358502349
LINC01695	0.71893801338487
LOC101927974	1.17978731315435
SLC14A2-AS1	0.729564863856545
EDRF1-AS1	0.96610428515749
LOC101927987	1.00240700458938
LOC101927989	0.729564863856545
TRDN-AS1	0.94270636541698
LINC01213	1.21511111792987
LINC01087	1.00240700458938
LOC101928000	0.749723017917101
PRKCA-AS1	1.45235253680058
LOC101928002	1.01423100355274
LOC101928008	1.07884952858265
LOC101928009	0.982951932690122
LOC101928012	1.17978731315435
LINC01985	0.720410490708883
UBXN10-AS1	0.982951932690122
LOC101928020	0.970894155693591
LOC101928021	1.45235253680058
LINC01214	1.21511111792987
LOC101928030	1.02278665752541
LINC01809	1.00240700458938
CTD-2270F17.1	0.981327424359639
LOC101928034	0.982951932690122
LOC101928035	0.971089603767894
HRAT17	1.17978731315435
BARX1-DT	2.94077243628751e-09
LINC01635	0.982951932690122
LOC101928048	1.3428247635557
LOC101928052	0.716789838124403
LOC101928053	1.07884952858265
LOC101928058	0.416284738599625
LINC01481	1.01423100355274
LOC101928063	1.24196546098975
LINC01945	1.00240700458938
LOC101928068	1.02169470476617
LOC101928069	1.07884952858265
LOC101928075	0.764334413991476
SLC44A3-AS1	0.982951932690122
ERICH6-AS1	1.21511111792987
LOC101928087	1.02360093995737
LOC101928093	0.981327424359639
LOC101928098	0.982951932690122
PCAT7	0.970815788272126
LOC101928100	1.02278665752541
IL6R-AS1	0.982951932690122
SNHG31	0.970894155693591
LINC01482	0.986809853654872
LOC101928105	1.21511111792987
LOC101928107	0.71893801338487
LY6L	1.02360093995737
HDAC4-AS1	0.966350804585467
ST3GAL5-AS1	1.00240700458938
LOC101928118	0.982951932690122
LOC101928119	0.970815788272126
LOC101928120	0.982951932690122
LINC01483	0.986809853654872
LOC101928123	0.764334413991476
LOC101928126	0.71893801338487
LOC101928128	0.971983922050255
LOC101928131	0.716789838124403
LINC02683	1.07884952858265
LOC101928134	1.15942294495005
LOC101928135	0.720410490708883
LINC01484	0.981327424359639
LINC02444	1.01423100355274
LINC01486	1.01423100355274
LOC101928140	0.94270636541698
LINC01028	0.986809853654872
AADACL2-AS1	1.06598575216065
LOC101928143	0.764334413991476
LINC02648	0.979753098033958
LINC01179	0.716789838124403
ITGA9-AS1	0.720410490708883
LINC01485	0.981327424359639
LAMA5-AS1	1.3428247635557
LOC101928160	1.02360093995737
NCKAP5-AS2	1.00240700458938
LINC02366	1.02278665752541
LOC101928163	0.982951932690122
CASC17	0.986809853654872
LOC101928166	1.06598575216065
LINC01917	0.729564863856545
LOC101928168	1.17037000361717
LINC01650	0.982951932690122
LOC101928174	1.15942294495005
LINC01411	0.981327424359639
LOC101928177	0.982951932690122
NCKAP5-AS1	1.00240700458938
LINC01487	1.06598575216065
LOC101928191	1.12568358502349
MRGPRF-AS1	1.07884952858265
LOC101928201	0.681263242067964
LINC02125	0.971089603767894
LINC02097	0.986809853654872
LOC101928211	1.17978731315435
LOC101928222	1.01202671490066
LINC01612	0.716789838124403
LYPD9P	1.02169470476617
LINC02345	1.15942294495005
CT69	0.94270636541698
LINC01280	0.970894155693591
LINC01671	0.717899370570668
ZNF426-DT	0.704151138682422
LINC01787	0.982951932690122
DARS-AS1	1.00240700458938
TESC-AS1	1.01423100355274
LINC01229	0.971089603767894
LOC101928251	0.986809853654872
LOC101928253	1.12568358502349
LOC101928254	1.17978731315435
PHKA1-AS1	0.971983922050255
LOC101928266	0.749723017917101
LOC101928269	0.71893801338487
LINC01708	0.982951932690122
LOC101928272	0.979753098033958
LOC101928273	1.00240700458938
LINC01227	0.971089603767894
LOC101928279	0.982841762389136
LINC02549	0.94270636541698
LOC101928283	1.17978731315435
LINC01285	0.971983922050255
PLBD1-AS1	1.02278665752541
LINC01488	1.07884952858265
LOC101928295	1.24196546098975
LINC02670	0.979753098033958
LOC101928303	0.982951932690122
LOC101928304	0.94270636541698
LOC101928306	0.982841762389136
LOC101928307	0.94270636541698
LINC02530	1.12568358502349
LINC01668	0.717899370570668
GALNTL6-AS1	0.716789838124403
CELF2-DT	0.979753098033958
LOC101928323	0.720410490708883
LOC101928324	0.982951932690122
LINC01921	0.970894155693591
LOC101928333	1.17978731315435
LOC101928335	0.971983922050255
LOC101928336	0.971983922050255
PTCSC2	0.970815788272126
LINC01489	1.02278665752541
LOC101928343	0.986809853654872
EVADR	0.94270636541698
LOC101928358	0.971983922050255
EHD4-AS1	1.15942294495005
LOC101928370	0.982951932690122
LOC101928371	1.00240700458938
LOC101928372	0.982951932690122
IL12A-AS1	1.06598575216065
PTOV1-AS2	1.24196546098975
LOC101928386	1.00240700458938
PLA2G4E-AS1	1.15942294495005
LOC101928389	0.961550425812295
LOC101928398	0.71893801338487
LINC01679	0.717899370570668
LOC101928401	1.17037000361717
LOC101928402	0.971983922050255
EIF2AK3-DT	1.00240700458938
LOC101928404	0.991375931347093
LOC101928414	1.15942294495005
LOC101928416	1.01423100355274
LOC101928417	0.971089603767894
LOC101928418	0.749723017917101
LINC01490	1.01423100355274
LOC101928424	1.0798977924045
LOC101928429	0.94270636541698
LOC101928433	1.12568358502349
LINC01700	0.71893801338487
LOC101928436	0.982951932690122
LOC101928437	0.971983922050255
LOC101928438	0.963087641236575
FBXO3-DT	1.07884952858265
LOC101928441	1.24074736084
LINC01491	1.15942294495005
LOC101928443	1.07884952858265
LOC101928445	0.981327424359639
LOC101928446	0.971089603767894
C5orf67	0.981327424359639
LINC02426	1.01423100355274
LOC101928453	0.979753098033958
LINC01412	1.00240700458938
LINC01756	0.982951932690122
LOC101928461	0.94270636541698
ZNF433-AS1	0.748368687962694
MIR325HG	0.971983922050255
TMEM246-AS1	0.963087641236575
SOX5-AS1	1.24074736084
LOC101928475	0.749723017917101
LINC01676	0.982951932690122
LINC02269	0.716789838124403
NALT1	0.963087641236575
LINC01363	0.991375931347093
LOC101928489	0.94270636541698
LOC101928491	1.12568358502349
LOC101928495	0.971983922050255
LINC01492	0.963087641236575
LOC101928504	0.764334413991476
LOC101928505	0.981327424359639
LINC02268	0.716789838124403
LOC101928510	1.07884952858265
CATIP-AS1	0.970894155693591
LINC02080	0.986809853654872
LOC101928516	0.94270636541698
LOC101928517	1.24196546098975
LOC101928519	1.12568358502349
LOC101928523	0.963087641236575
LOC101928525	0.963087641236575
PIGBOS1	1.13133433617156
LOC101928530	1.01423100355274
LOC101928535	1.0798977924045
LINC01493	1.07884952858265
LINC01494	0.970894155693591
LINC02225	0.981327424359639
LOC101928540	0.94270636541698
SEPTIN7-AS1	1.17037000361717
SMC2-AS1	0.963087641236575
LOC101928551	0.716789838124403
LINC01537	1.07884952858265
LOC101928557	0.971089603767894
LINC01467	0.764334413991476
LOC101928565	0.991375931347093
LINC02087	0.749723017917101
LINC02101	0.981327424359639
ZNF649-AS1	1.25334885646717
RAP2C-AS1	0.971983922050255
P4HA3-AS1	1.07884952858265
SLC7A14-AS1	1.2087165663813
LOC101928590	0.716789838124403
LOC101928591	1.07884952858265
LOC101928595	0.98246487716107
LOC101928596	0.991375931347093
LOC101928597	1.01423100355274
LINC02301	0.764334413991476
LINC02108	0.981327424359639
MEI4	0.94270636541698
LINC01775	0.672745602694723
ARMH2	1.12568358502349
ZBTB46-AS1	1.3428247635557
TRPM2-AS	0.696368907296711
LINC01413	1.13133433617156
HSPC324	0.963087641236575
LINC02189	0.971089603767894
LINC00354	1.16077440404817
LOC101928617	1.01423100355274
LOC101928618	1.17037000361717
LOC101928622	0.982841762389136
LOC101928626	0.969343795308908
LOC101928627	0.742060425418264
SMIM15-AS1	0.981327424359639
LINC02692	0.963087641236575
ARNTL2-AS1	1.24074736084
CTC-338M12.4	0.981327424359639
GORAB-AS1	0.991375931347093
LOC101928651	0.981327424359639
LINC01099	0.716789838124403
LOC101928659	0.971089603767894
LOC101928661	0.94270636541698
LOC101928663	1.12568358502349
LOC101928673	0.991375931347093
LOC101928674	0.986809853654872
ETDA	0.971983922050255
LINC02500	0.716789838124403
LOC101928682	0.971089603767894
LINC01209	1.03734056701319
LNCAROD	0.979753098033958
LINC01424	0.696368907296711
LIPC-AS1	1.13133433617156
LOC101928696	0.991375931347093
LOC101928697	1.33645054467716
LINC01070	1.16077440404817
LOC101928700	1.24449465772
LOC101928708	0.971089603767894
SCAT1	0.986809853654872
LOC101928718	0.982951932690122
LINC01509	0.963087641236575
LOC101928725	1.13133433617156
LOC101928728	0.982951932690122
LOC101928730	1.16077440404817
LOC101928731	1.01423100355274
WWC2-AS1	0.716789838124403
MIR762HG	0.98246487716107
LOC101928737	0.971089603767894
LINC01978	0.986809853654872
LOC101928739	1.03734056701319
LINC02065	0.981327424359639
LINC01450	1.17037000361717
LOC101928748	0.963087641236575
LINC01657	0.991375931347093
LINC01043	1.16077440404817
LOC101928764	1.33645054467716
LINC01807	0.970894155693591
LINC01979	0.986809853654872
LINC02328	0.764334413991476
LINC02229	0.981327424359639
LINC01526	0.94270636541698
LINC01449	1.17037000361717
LOC101928775	0.963087641236575
LINC01258	0.982841762389136
LINC01741	0.991375931347093
TMEM26-AS1	0.979753098033958
LOC101928782	1.17978731315435
RORA-AS1	1.13133433617156
LOC101928786	0.963087641236575
PEX5L-AS2	1.03734056701319
LINC01147	0.764334413991476
MAST4-AS1	0.981327424359639
LINC01448	1.17037000361717
LOC101928796	0.696368907296711
LOC101928797	0.963087641236575
LOC101928804	1.25334885646717
LOC101928807	1.17978731315435
LOC101928809	0.982841762389136
LINC02696	1.07884952858265
LINC02535	0.94270636541698
LOC101928823	1.0798977924045
LOC101928834	0.979753098033958
LOC101928837	1.0798977924045
PWRN3	1.15942294495005
LOC101928841	1.16077440404817
LOC101928844	0.704151138682422
LINC01842	0.71650131047893
HIPK1-AS1	0.982951932690122
LOC101928847	1.0798977924045
LINC02380	0.982841762389136
LOC101928855	0.986809853654872
CTD-3080P12.3	1.19567882225115
LOC101928858	0.981327424359639
LOC101928861	1.17978731315435
LOC101928865	1.0798977924045
GABRG3-AS1	1.15942294495005
LINC02436	0.716789838124403
LINC02182	0.971089603767894
LOC101928881	0.970894155693591
LOC101928882	1.03734056701319
LINC02198	0.981327424359639
LINC01864	1.25334885646717
LINC02671	0.979753098033958
LINC01637	0.730447216884634
LOC101928894	1.07884952858265
LOC101928896	1.0798977924045
LOC101928902	1.02360093995737
LOC101928907	1.13133433617156
LOC101928909	0.764334413991476
LOC101928911	0.94270636541698
LINC01515	0.979753098033958
HSFX3	1.07534151737943
LINC00463	1.33645054467716
LOC101928924	0.981327424359639
SEMA3B-AS1	0.730118323494498
LOC101928932	0.963087641236575
LOC101928936	0.94270636541698
LOC101928937	1.01423100355274
LOC101928940	1.0798977924045
RHOXF1P1	0.971983922050255
LOC101928942	0.982841762389136
LOC101928943	1.07884952858265
LOC101928944	1.0798977924045
LOC101928961	0.979753098033958
RHOXF1-AS1	0.971983922050255
LINC01262	1.00182064735938
LINC01732	0.991375931347093
LOC101928977	0.982951932690122
LOC101928978	0.982841762389136
LINC01719	0.982951932690122
LOC101928985	1.0798977924045
LOC101928988	1.13133433617156
MIR4300HG	1.0798977924045
CCDC92B	0.7295394616866
LINC02069	1.03734056701319
LOC101928994	0.979753098033958
LINC01649	0.982951932690122
IQCF5-AS1	0.730118323494498
LINC02287	0.764334413991476
LOC101929006	1.12568358502349
SIRPG-AS1	1.04060686127253
LINC02702	1.0798977924045
LINC02270	0.982841762389136
LINC01762	0.982951932690122
LINC01516	0.979753098033958
LINC02387	1.24074736084
LINC02116	1.19567882225115
LINC00836	0.979753098033958
LOC101929054	0.730118323494498
LOC101929057	0.94270636541698
LOC101929058	1.01423100355274
ZIM2-AS1	1.25334885646717
LOC101929064	0.982841762389136
LOC101929066	0.433694208344174
LINC01633	0.991375931347093
LINC01182	0.982841762389136
MICA-AS1	1.04825237769963
LOC101929073	0.979753098033958
PIK3CD-AS2	0.969343795308908
LOC101929076	1.13133433617156
LINC02292	0.764334413991476
CTD-2194D22.4	1.19567882225115
LINC01333	0.981327424359639
CASC6	0.94270636541698
LINC02401	1.01423100355274
LINC01447	1.17037000361717
LOC101929089	1.0798977924045
LINC01350	0.991375931347093
LOC101929095	0.982841762389136
LOC101929099	0.982951932690122
LOC101929106	1.03734056701319
LOC101929109	0.981327424359639
CASC18	1.01423100355274
LINC01149	1.04825237769963
LOC101929116	0.963087641236575
LOC101929117	0.979753098033958
LINC01351	0.991375931347093
LINC00437	1.16077440404817
LOC101929122	0.749110827107011
LINC02493	0.982841762389136
LOC101929124	0.71650131047893
LINC01730	1.01794118838271
LOC101929128	0.433694208344174
LOC101929130	1.03734056701319
PIGY-DT	0.982841762389136
LOC101929140	1.16077440404817
LINC01858	0.71650131047893
PPP3CB-AS1	0.97891388353545
WARS2-AS1	0.982951932690122
LINC02204	1.13133433617156
P3H2-AS1	1.03734056701319
LINC02114	1.19567882225115
LOC101929154	0.981327424359639
DENND6A-DT	0.730118323494498
LOC101929161	0.982841762389136
LOC101929162	1.01423100355274
TSBP1-AS1	1.04825237769963
LINC01859	0.71650131047893
LOC101929165	0.97891388353545
LOC101929172	0.433694208344174
THSD4-AS2	1.13133433617156
CTD-2297D10.2	1.19567882225115
LINC01647	0.969343795308908
LINC01031	0.991375931347093
LOC101929188	1.04825237769963
LINCR-0001	0.433694208344174
LNCPRESS2	0.982841762389136
THSD4-AS1	1.13133433617156
ATP13A4-AS1	1.03734056701319
LINC02261	0.982841762389136
MKX-AS1	0.979753098033958
LINC01729	1.01794118838271
LOC101929208	1.0798977924045
LOC101929210	0.982841762389136
SMIM2-AS1	1.16077440404817
CTD-2201I18.1	0.981327424359639
LOC101929217	1.01569444866679
LINC01517	0.979753098033958
INSYN1-AS1	1.13133433617156
DISC1FP1	1.0798977924045
LOC101929224	0.991375931347093
MCM8-AS1	1.01794118838271
LOC101929227	1.0798977924045
LOC101929229	0.433694208344174
LOC101929231	1.00240700458938
LOC101929234	0.97891388353545
LOC101929237	0.433694208344174
C3orf67-AS1	0.730118323494498
PACRG-AS2	0.749110827107011
LINC02325	0.764334413991476
LOC101929243	1.04825237769963
CASC20	1.01794118838271
LINC01231	0.952713287730748
LOC101929259	1.16077440404817
LINC01920	1.00240700458938
LINC02123	1.19567882225115
LINC01428	1.01794118838271
LOC101929268	1.01569444866679
LOC101929269	0.433694208344174
LOC101929279	0.979753098033958
LINC02612	1.00240700458938
LINC02199	1.19567882225115
KCNMA1-AS3	0.97891388353545
LINC01751	1.01794118838271
LOC101929294	0.433694208344174
LOC101929295	1.0798977924045
LOC101929297	0.862327116139212
RFX3-AS1	0.952713287730748
KCNMA1-AS2	0.97891388353545
LINC01706	1.01794118838271
LOC101929315	0.433694208344174
LOC101929319	1.00240700458938
LOC101929322	1.17037000361717
KCNMA1-AS1	0.97891388353545
LAMP5-AS1	1.01794118838271
LOC101929331	0.963087641236575
ADAMTS9-AS1	0.723578923483452
LINC02037	1.03734056701319
SEMA5A-AS1	1.19567882225115
LOC101929340	1.0798977924045
LOC101929341	1.01569444866679
LINC01198	1.16077440404817
LINC01665	0.736942594729667
CDC37L1-DT	0.952713287730748
LINC02664	0.979753098033958
LOC101929353	0.982841762389136
HP09053	1.19833272410156
PARAL1	1.01794118838271
LOC101929372	0.736942594729667
LINC01659	0.730447216884634
LINC01876	1.00240700458938
LOC101929380	0.981327424359639
LOC101929384	1.02278665752541
LMF1-AS1	0.98246487716107
LINC01247	1.01202671490066
LINC01752	1.01794118838271
LINC01518	0.979753098033958
EXTL3-AS1	0.433694208344174
LINC01648	0.982951932690122
PTPRD-AS1	0.952713287730748
LOC101929411	1.19833272410156
LINC02212	1.19567882225115
LOC101929413	1.01794118838271
LOC101929415	1.01569444866679
LOC101929420	0.862327116139212
LINC02285	0.764334413991476
MEF2C-AS1	0.981327424359639
BTBD9-AS1	1.04825237769963
LOC101929427	1.0798977924045
PTPRD-AS2	0.952713287730748
LOC101929431	0.979753098033958
PRRX2-AS1	0.963087641236575
LOC101929439	1.13133433617156
ERLNC1	0.991375931347093
LINC02623	0.979753098033958
IATPR	0.979753098033958
LINC02428	0.982841762389136
LINC02099	0.433694208344174
LOC101929452	1.01202671490066
LINC02149	1.19567882225115
LOC101929457	1.13133433617156
LOC101929460	0.862327116139212
LOC101929464	0.982951932690122
LURAP1L-AS1	0.952713287730748
CXXC4-AS1	0.982841762389136
TEX52	1.02278665752541
LOC101929470	0.433694208344174
CTD-2350J17.1	1.19567882225115
LOC101929473	1.0798977924045
LINC01698	0.991375931347093
LINGO1-AS2	1.13133433617156
LINC01615	0.862327116139212
LINC01722	1.01794118838271
LOC101929488	1.01569444866679
LINC01339	0.981327424359639
LOC101929497	1.0798977924045
LINC02544	0.862327116139212
LINC02150	1.19567882225115
LINC01970	0.986809853654872
LOC101929512	1.00240700458938
PABPC4-AS1	0.982951932690122
ETS1-AS1	1.0798977924045
LINC00993	0.979753098033958
LOC101929523	0.862327116139212
LOC101929524	1.19567882225115
LOC101929526	1.01794118838271
LOC101929528	1.01569444866679
LOC101929529	0.982841762389136
LOC101929532	1.00240700458938
LOC101929536	0.982951932690122
LOC101929538	1.0798977924045
LINC01422	0.730447216884634
LINC02608	0.991375931347093
LINC02217	1.19567882225115
FOCAD-AS1	0.952713287730748
GAU1	1.02278665752541
LOC101929550	0.416558022388397
LOC101929551	1.01202671490066
LOC101929552	0.986809853654872
LOC101929555	1.04825237769963
LINC01395	1.0798977924045
LINC00211	1.00240700458938
LOC101929563	0.952713287730748
LINC01740	0.991375931347093
LINC01814	1.01202671490066
LOC101929570	1.00240700458938
LOC101929572	0.764334413991476
LOC101929574	0.97891388353545
LOC101929577	0.982841762389136
LOC101929579	1.19833272410156
GTF2IP23	1.17037000361717
LINC01241	0.952713287730748
LINC02443	1.02278665752541
LOC101929586	1.13133433617156
NRG3-AS1	0.97891388353545
KIZ-AS1	1.01794118838271
LOC101929592	0.982951932690122
LOC101929595	0.982841762389136
LINC02613	1.00240700458938
IFT74-AS1	0.952713287730748
LINC01990	1.19833272410156
LINC01726	1.01794118838271
LOC101929613	0.98246487716107
LINC01243	0.952713287730748
LOC101929621	0.982841762389136
LOC101929622	0.416558022388397
LINC01215	1.19833272410156
LINC01519	0.97891388353545
LINC01727	1.01794118838271
LOC101929626	0.982951932690122
LINC01653	0.991375931347093
LOC101929633	1.00240700458938
LINC02280	0.771082865073358
NTM-AS1	1.0798977924045
B4GALT1-AS1	0.952713287730748
LOC101929645	1.19567882225115
LINC02647	0.97891388353545
LINC01398	0.982951932690122
LOC101929653	1.0798977924045
TMC3-AS1	1.13133433617156
LOC101929657	1.16077440404817
LINC02109	1.19567882225115
LOC101929662	0.97891388353545
LINC01427	1.01794118838271
HORMAD2-AS1	0.720285108111023
LOC101929679	1.13133433617156
SCN1A-AS1	1.00240700458938
LINC02064	1.19567882225115
LINC01520	0.97891388353545
LNCNEF	1.01794118838271
LINC01251	0.952713287730748
LINC01583	1.13133433617156
RARA-AS1	1.00518177247207
LINC02042	1.19833272410156
PSD2-AS1	0.981327424359639
LINC01983	1.03734056701319
LOC101929698	1.3428247635557
LINC01584	1.13133433617156
LOC101929705	1.04825237769963
LOC101929709	1.01569444866679
LOC101929710	0.981327424359639
ODC1-DT	1.01202671490066
ARMC2-AS1	0.94270636541698
LINC02044	1.19833272410156
LOC101929718	0.764334413991476
LOC101929719	0.981327424359639
LOC101929721	0.982951932690122
LINC01914	1.00240700458938
MYMX	1.04825237769963
LINC01352	0.991375931347093
LINC01954	1.01202671490066
LINC01372	1.17037000361717
METTL14-DT	0.982841762389136
LINC01586	1.13133433617156
LINC02119	1.19567882225115
ZNF341-AS1	1.3428247635557
LOC101929748	0.975901197514351
MYO3B-AS1	1.00240700458938
ZBTB20-AS5	1.19833272410156
PIK3IP1-AS1	0.720285108111023
LOC101929762	0.982841762389136
LINC01585	1.13133433617156
LOC101929767	1.00518177247207
OSMR-AS1	1.19567882225115
LINC01063	1.03734056701319
LINC01655	0.991375931347093
NBPF25P	0.982951932690122
NOTCH2NLR	0.982951932690122
LOC101929798	0.982951932690122
LOC101929829	0.720285108111023
LOC101929882	1.01202671490066
LOC101929897	0.416558022388397
LOC101929901	0.982951932690122
TEX51	1.00240700458938
LOC101929935	0.982951932690122
ITGA6-AS1	0.970894155693591
PRAMEF27	0.969343795308908
LOC101929998	1.24449465772
RNF41	1.01423100355274
LOC101930010	0.94270636541698
LOC101930071	1.24196546098975
LOC101930085	1.17037000361717
LOC101930094	0.717899370570668
FAM239A	0.681263242067964
HSD11B1-AS1	0.991375931347093
LINC02417	1.02278665752541
LINC02317	0.764334413991476
LOC101930370	0.716789838124403
LOC101930421	0.979753098033958
LINC02367	1.02278665752541
LINC00945	0.71893801338487
LINC00380	1.16077440404817
LINC00367	1.33645054467716
LINC00397	1.16077440404817
LINC01030	1.01569444866679
TSHZ1	0.729564863856545
ALG3	1.03734056701319
LINC00644	0.764334413991476
RNVU1-4	0.982951932690122
RNVU1-14	0.982951932690122
RNVU1-15	0.982951932690122
RNVU1-20	0.982951932690122
RNVU1-17	0.982951932690122
RNVU1-3	0.982951932690122
RNVU1-1	0.982951932690122
RNVU1-6	0.982951932690122
RNVU1-19	0.982951932690122
PRMT3	1.07884952858265
PSME3	1.00518177247207
LINC00970	0.991375931347093
PCAT14	0.730447216884634
MPHOSPH9	1.01423100355274
MPHOSPH10	1.00240700458938
ADAM10	1.13133433617156
CDK5	1.24449465772
MPHOSPH6	0.971089603767894
NME6	0.730118323494498
DHRS2	0.764334413991476
CALCRL	0.970894155693591
LOC102031319	0.979753098033958
NUTF2	0.971089603767894
MPZL2	1.0798977924045
TRIM13	1.16077440404817
RASSF1-AS1	0.730118323494498
C2-AS1	1.04825237769963
PATJ	0.982951932690122
USPL1	1.33645054467716
EIF1	1.00518177247207
CDK6	1.17037000361717
TOPORS	0.952713287730748
FLOT1	1.04825237769963
DDX39A	0.71650131047893
PSMD14	1.00240700458938
SSX3	1.0526427280961
OLIG2	0.71893801338487
LINC00384	1.33645054467716
PCBP2-OT1	1.01423100355274
AK6	0.981327424359639
PRG4	0.991375931347093
CTDSPL	0.720410490708883
ANGPTL7	0.969343795308908
KLRG1	1.02278665752541
FBXW7-AS1	0.983733746955767
CDK7	0.981327424359639
GDF11	1.01423100355274
TRIB1	2.05039341266889
CISTR	1.01423100355274
LINC01108	1.12568358502349
GPA33	0.991375931347093
SPACA6P-AS	1.25334885646717
ZNF443	0.748368687962694
CD96	1.19833272410156
PLIN3	0.704151138682422
MFSD10	0.982841762389136
STX6	0.991375931347093
C11orf98	1.07884952858265
COQ7	0.98246487716107
NBR2	1.00518177247207
RCAN2	1.04825237769963
MSLN	0.98246487716107
LRRC23	1.02278665752541
LRRC17	1.17978731315435
RASGRP2	1.07884952858265
HNRNPR	0.982951932690122
SLC35B1	1.00518177247207
DCAF7	1.00518177247207
AP3S2	1.13133433617156
CDK8	1.33645054467716
MRPS31	1.16077440404817
CALCOCO2	1.00518177247207
KCNMB2	1.03734056701319
GPHN	0.764334413991476
RABEPK	0.963087641236575
TIMM17B	1.0526427280961
SLC17A2	1.12568358502349
MIR5787	0.730118323494498
MIR6068	0.982951932690122
MIR6069	0.720285108111023
MIR6070	0.717899370570668
MIR6073	1.07884952858265
MIR6074	1.01423100355274
MIR6076	0.764334413991476
MIR6078	0.979753098033958
MIR6079	0.982951932690122
MIR6080	1.00518177247207
MIR6083	1.19833272410156
MIR6084	0.982951932690122
MIR6085	1.13133433617156
MIR6088	1.24196546098975
MIR6089	0.681263242067964
MIR6125	1.01423100355274
MIR6126	0.98246487716107
MIR6128	1.07884952858265
MIR378J	1.48826986994562
MIR6129	1.00518177247207
MIR6131	1.19567882225115
MIR6133	1.17978731315435
MIR6134	0.742060425418264
MIR6165	1.00518177247207
MIR6499	0.981327424359639
MIR548AY	0.720410490708883
MIR6501	0.71893801338487
MIR6502	1.01423100355274
MIR6503	1.07884952858265
MIR6504	0.971089603767894
MIR6506	0.98246487716107
MIR6507	0.97891388353545
MIR6509	1.17978731315435
MIR6512	0.970894155693591
MIR6513	0.970894155693591
MIR6514	1.07884952858265
MIR6715B	0.97891388353545
MIR6717	0.764334413991476
MIR6718	1.15931082987001
MIR6722	0.963087641236575
MIR6724-1	1.08779534512708
MIR6726	0.969343795308908
MIR6727	0.969343795308908
MIR6728	0.969343795308908
MIR6731	0.982951932690122
MIR6732	0.982951932690122
MIR6733	0.982951932690122
MIR6735	0.982951932690122
MIR6737	0.982951932690122
MIR6738	0.982951932690122
MIR6740	0.991375931347093
MIR6742	1.02169470476617
MIR6743	1.07884952858265
MIR6746	1.07884952858265
MIR6747	1.07884952858265
MIR6748	1.07884952858265
MIR6751	1.07884952858265
MIR6752	1.07884952858265
MIR6753	1.07884952858265
MIR6755	1.0798977924045
MIR6756	1.0798977924045
MIR6758	1.01423100355274
MIR6760	1.01423100355274
MIR6761	1.01423100355274
MIR6762	1.01423100355274
MIR6765	0.709473775987212
MIR6767	0.98246487716107
MIR6768	0.98246487716107
MIR6771	0.98246487716107
MIR6772	0.98246487716107
MIR6775	0.971089603767894
MIR6776	0.7295394616866
MIR6777	0.749723017917101
MIR6779	1.48826986994562
MIR6781	1.00518177247207
MIR6782	1.00518177247207
MIR6784	1.00518177247207
MIR6786	0.986809853654872
MIR6787	0.986809853654872
MIR6790	0.704151138682422
MIR6791	0.704151138682422
MIR6792	0.704151138682422
MIR6795	0.71650131047893
MIR6796	1.24196546098975
MIR6797	1.24196546098975
MIR6799	1.24196546098975
MIR6800	1.24196546098975
MIR6802	1.25334885646717
MIR6804	1.25334885646717
MIR6805	1.25334885646717
MIR6806	1.25334885646717
MIR6809	0.970894155693591
MIR6811	0.970894155693591
MIR6812	1.3428247635557
MIR6814	0.71893801338487
MIR6815	0.696368907296711
MIR6816	1.65854047521834
MIR6819	0.720285108111023
MIR6820	0.720285108111023
MIR6821	0.705191761652427
MIR6823	0.730118323494498
MIR6824	0.730118323494498
MIR6826	1.19833272410156
MIR6828	1.2087165663813
MIR6830	0.981327424359639
MIR6831	0.981327424359639
MIR6833	1.04825237769963
MIR6834	1.04825237769963
MIR6835	1.04825237769963
MIR6836	1.10834731360131
MIR6838	1.17037000361717
MIR6839	1.17037000361717
MIR6841	0.433694208344174
MIR6842	0.433694208344174
MIR6843	0.433694208344174
MIR6846	1.02360093995737
MIR6847	1.02360093995737
MIR6848	1.02360093995737
MIR6851	0.952713287730748
MIR6852	0.952713287730748
MIR6854	0.970815788272126
MIR6856	0.963087641236575
MIR6857	0.971983922050255
MIR6858	1.15404773795701
MIR6860	1.07884952858265
MIR6861	1.01423100355274
MIR6864	0.749723017917101
MIR6865	0.749723017917101
MIR6867	1.00518177247207
MIR6869	1.04060686127253
MIR6870	1.01794118838271
MIR6872	0.730118323494498
MIR6876	0.433694208344174
MIR6877	0.963087641236575
MIR6878	0.982951932690122
MIR6881	1.13133433617156
MIR6882	1.13133433617156
MIR6883	0.749723017917101
MIR6885	0.704151138682422
MIR6886	0.704151138682422
MIR6888	1.00240700458938
MIR6890	0.730118323494498
MIR6891	1.04825237769963
MIR6892	1.17978731315435
MIR6895	0.971983922050255
MIR7107	1.01423100355274
MIR7109	0.720285108111023
MIR7110	1.19833272410156
MIR7111	1.04825237769963
MIR7113	1.07884952858265
MIR7150	0.963087641236575
MIR7152	0.979753098033958
MIR7153	1.15931082987001
MIR7154	1.07884952858265
MIR7157	1.00240700458938
MIR7158	1.01202671490066
MIR7161	0.749110827107011
MIR7160	0.416284738599625
MIR486-2	0.416558022388397
MIR7702	0.963087641236575
MIR7703	0.764334413991476
MIR7704	0.970894155693591
MIR7706	1.13133433617156
MIR7843	0.764334413991476
MIR4433B	1.00240700458938
MIR7844	1.01423100355274
MIR7845	0.970894155693591
MIR7846	0.969343795308908
MIR7849	0.708330872516
MIR7850	0.672745602694723
MIR7852	0.982951932690122
MIR7854	0.971089603767894
MIR7855	0.764334413991476
MIR7856	0.982951932690122
MIR548BA	1.00240700458938
MIR7973-2	1.15942294495005
MIR7974	0.748368687962694
MIR7976	1.19833272410156
MIR7977	1.03734056701319
MIR7978	0.982841762389136
MIR8054	1.07884952858265
MIR8055	0.416284738599625
MIR8056	0.981327424359639
MIR8058	0.971089603767894
MIR8060	1.19833272410156
MIR8062	1.01794118838271
MIR8064	0.730118323494498
MIR8065	0.98246487716107
MIR8066	0.982841762389136
MIR8067	1.13133433617156
MIR8070	1.07884952858265
MIR8071-1	0.709473775987212
MIR8073	1.16077440404817
MIR8074	1.24196546098975
MIR8075	1.16077440404817
MIR8077	1.24196546098975
MIR8079	1.16077440404817
MIR8080	1.00240700458938
MIR8082	0.982841762389136
MIR8085	1.24196546098975
MIR8086	0.979753098033958
MIR8087	1.07884952858265
MIR8089	0.981327424359639
MIR7112	1.02360093995737
MIR6072	0.979753098033958
MIR6719	1.24196546098975
MIR6763	1.01423100355274
MIR6807	1.25334885646717
MIR6829	1.03734056701319
MIR6850	1.02360093995737
MIR7847	1.07884952858265
MIR8081	0.963087641236575
MIR5739	1.25509584409354
MIR6075	1.19567882225115
MIR6090	1.0798977924045
MIR548AZ	2.05039341266889
MIR6715A	0.97891388353545
MIR6721	1.04825237769963
MIR6736	0.982951932690122
MIR6750	1.07884952858265
MIR6757	1.01423100355274
MIR6773	0.971089603767894
MIR6780A	1.00518177247207
MIR6794	0.71650131047893
MIR6810	0.970894155693591
MIR6817	0.730447216884634
MIR6825	1.19833272410156
MIR6844	2.05039341266889
MIR6853	0.952713287730748
MIR6769B	0.991375931347093
MIR6874	1.10834731360131
MIR6880	1.01423100355274
MIR6887	1.24196546098975
MIR7106	1.01423100355274
MIR7114	0.963087641236575
MIR6077	0.982951932690122
MIR7162	0.979753098033958
MIR7515	1.01202671490066
MIR1273H	0.98246487716107
MIR7973-1	1.15942294495005
MIR8061	1.25334885646717
MIR8076	1.19833272410156
MIR6741	0.991375931347093
MIR6893	1.02360093995737
MIR1199	0.71650131047893
MIR6071	1.00240700458938
MIR6081	0.970815788272126
MIR6086	0.681263242067964
MIR6127	0.982951932690122
MIR6132	1.17978731315435
MIR6500	0.982951932690122
MIR6505	1.01423100355274
MIR6510	1.00518177247207
MIR6515	0.71650131047893
MIR6716	1.0798977924045
MIR6720	1.12568358502349
MIR892C	0.971983922050255
MIR6730	0.969343795308908
MIR6734	0.982951932690122
MIR6739	0.991375931347093
MIR6744	1.07884952858265
MIR6745	1.07884952858265
MIR6749	1.07884952858265
MIR6754	1.07884952858265
MIR6759	1.01423100355274
MIR6764	0.764334413991476
MIR6769A	0.98246487716107
MIR6774	0.971089603767894
MIR6778	0.749723017917101
MIR6783	1.00518177247207
MIR6788	1.15931082987001
MIR6789	0.672745602694723
MIR6793	0.704151138682422
MIR6798	1.24196546098975
MIR6803	1.25334885646717
MIR6808	0.969343795308908
MIR6813	1.3428247635557
MIR6818	0.720285108111023
MIR6822	0.720410490708883
MIR6827	0.986056538996622
MIR6832	1.04825237769963
MIR6780B	1.04825237769963
MIR6840	1.17037000361717
MIR6845	1.02360093995737
MIR6849	1.02360093995737
MIR6855	0.963087641236575
MIR6863	0.98246487716107
MIR6868	0.986809853654872
MIR6873	1.04825237769963
MIR6875	1.17978731315435
MIR6879	1.07884952858265
MIR6884	1.00518177247207
MIR6889	0.720285108111023
MIR6894	0.971983922050255
MIR7108	0.672745602694723
MIR7151	0.979753098033958
MIR7155	1.07884952858265
MIR7159	1.04825237769963
MIR7705	1.01569444866679
MIR6516	0.986809853654872
MIR7848	2.05039341266889
MIR7853	1.12568358502349
MIR7975	1.25334885646717
MIR8052	1.0798977924045
MIR8057	0.729564863856545
MIR8063	1.15942294495005
MIR8068	1.07884952858265
MIR8072	1.01423100355274
MIR8078	1.15931082987001
MIR8083	0.982951932690122
MIR8088	0.971983922050255
MIR8071-2	0.709473775987212
MIR6124	1.07884952858265
MIR6785	0.986809853654872
MIR6871	1.3428247635557
MIR8059	1.00518177247207
MIR6082	0.716789838124403
MIR6130	0.71893801338487
MIR6508	0.71893801338487
MIR6729	0.969343795308908
MIR6766	1.13133433617156
MIR6801	1.25334885646717
MIR6837	1.17037000361717
MIR6866	1.00518177247207
MIR7156	0.982951932690122
MIR7851	1.01423100355274
MIR8053	0.982841762389136
MIR8084	1.01569444866679
HRAT5	1.19567882225115
LINC01377	1.19567882225115
LINC01017	1.19567882225115
LINC00603	1.19567882225115
LINC02180	0.98246487716107
LOC102467080	0.981327424359639
LOC102467081	0.981327424359639
MAFTRR	0.971089603767894
LINC01948	0.981327424359639
LINC02115	0.981327424359639
LINC01950	0.981327424359639
LINC02200	0.981327424359639
LOC102467216	0.981327424359639
LOC102467217	0.981327424359639
LOC102467222	0.433694208344174
LINC02214	0.981327424359639
LINC02147	0.981327424359639
LINC02215	0.981327424359639
LOC102467226	0.981327424359639
LINC02219	0.981327424359639
RIDA	1.01569444866679
LINC02056	0.981327424359639
POP7	1.17037000361717
GLYAT	1.07884952858265
CDK9	0.963087641236575
SRRM1	0.982951932690122
LOC102503427	0.981327424359639
LINC01335	0.981327424359639
SPRY1	0.982841762389136
RASGRF2-AS1	0.981327424359639
SPRY2	1.16077440404817
STAM2	1.00240700458938
LINC01338	0.981327424359639
LINC02060	0.981327424359639
LINC01340	0.981327424359639
LINC02039	0.981327424359639
LOC102546229	0.981327424359639
LOC102546294	0.981327424359639
NDST1-AS1	0.981327424359639
LOC102546299	0.981327424359639
HCG9	1.12568358502349
LINC01947	0.981327424359639
CNKSR1	0.982951932690122
ABCC4	1.16077440404817
LINC01574	0.981327424359639
LINC01962	0.981327424359639
PCAT5	0.979753098033958
CDKN1A	1.04825237769963
DENND4A	1.13133433617156
LINC01152	0.986809853654872
LOC102606465	0.982951932690122
LOC102606466	1.01794118838271
IGSF6	0.98246487716107
SF3B4	0.982951932690122
CDK2AP2	1.07884952858265
IRX5	0.98246487716107
KCCAT333	0.932380436661844
THRIL	1.01423100355274
RAMP2	1.00518177247207
RAMP1	2.90677062675962e-09
RAMP3	1.17037000361717
LINC01159	1.00240700458938
ZMPSTE24	0.982951932690122
CDKN1B	1.02278665752541
AKAP8	0.71650131047893
FSTL3	0.672745602694723
GHET1	1.24449465772
LINC01169	1.13133433617156
STAM-AS1	0.979753098033958
MIR133A1HG	0.729564863856545
LOC102723313	0.433694208344174
FRG1DP	1.3428247635557
LINC01053	1.33645054467716
CERS3-AS1	1.13133433617156
LOC102723322	1.01569444866679
LOC102723330	1.07884952858265
LINC00412	1.33645054467716
LOC102723335	1.13133433617156
LINC02568	1.13133433617156
LOC102723345	1.33645054467716
HCG21	1.04825237769963
LINC02298	0.709473775987212
ZFPM2-AS1	0.428230059977685
LINC01884	1.01202671490066
LOC102723373	0.98246487716107
LOC102723376	0.979753098033958
CDH23-AS1	0.979753098033958
LINC01495	1.07884952858265
LOC102723385	0.98246487716107
FRG1EP	1.3428247635557
LINC01496	0.971983922050255
LOC102723427	1.17037000361717
LOC102723439	0.97891388353545
LINC01754	1.3428247635557
LINC01986	0.720410490708883
ELF3-AS1	0.991375931347093
LHX1-DT	1.48826986994562
KCNE1B	1.08779534512708
LINC02206	1.13133433617156
CSE1L-AS1	1.3428247635557
LINC01497	0.986809853654872
LOC102723493	1.13133433617156
ROCR	0.986809853654872
KANTR	0.971983922050255
LCMT1-AS1	0.98246487716107
ZNF30-AS1	1.24196546098975
LOC102723517	0.986809853654872
LINC02218	1.19567882225115
LOC102723534	1.15942294495005
LOC102723544	1.02278665752541
SPDYE16	1.17037000361717
LMNB1-DT	0.981327424359639
LINC01498	1.01423100355274
LOC102723566	0.963087641236575
LINC01440	1.3428247635557
LOC102723582	1.19833272410156
BMP7-AS1	1.3428247635557
LOC102723604	0.764334413991476
LINC01445	1.17037000361717
LINC01766	1.24196546098975
ATXN2-AS	1.01423100355274
CT45A10	0.971983922050255
LINC02259	1.13133433617156
HID1-AS1	0.986809853654872
LINC01499	1.07884952858265
LOC102723649	0.94270636541698
LOC102723661	0.982951932690122
LOC102723665	0.97891388353545
LOC102723672	1.10834731360131
CT45A9	0.971983922050255
LOC102723692	0.98246487716107
LOC102723701	0.416558022388397
LOC102723703	0.97891388353545
LOC102723704	0.982841762389136
LPGAT1-AS1	0.991375931347093
LOC102723729	0.416558022388397
CT45A8	0.971983922050255
LINC01500	0.764334413991476
LOC102723753	0.98246487716107
LINC02364	0.982841762389136
LINC02362	0.716789838124403
LOC102723769	0.736942594729667
LINC01315	0.720285108111023
LINC02497	0.982841762389136
FRG1FP	0.736942594729667
LOC102723809	0.764334413991476
LINC01248	1.01202671490066
LOC102723824	1.00240700458938
LINC02506	0.982841762389136
LOC102723831	0.749110827107011
LOC102723833	0.991375931347093
LOC102723838	1.0798977924045
LINC02224	1.19567882225115
LINC01819	1.00240700458938
LINC01065	1.16077440404817
LOC102723883	0.94270636541698
LOC102723885	1.17037000361717
LYPLAL1-AS1	0.991375931347093
LINC02552	1.0798977924045
LOC102723899	1.17037000361717
LINC01238	0.966350804585467
LOC102723968	1.16077440404817
LINC01626	0.94270636541698
LOC102724009	0.749723017917101
FRG2KP	0.98246487716107
LOC102724020	1.02278665752541
LOC102724050	1.01423100355274
LINC02529	0.749110827107011
LOC102724058	1.00240700458938
LOC102724064	1.07884952858265
LINC01038	1.16077440404817
LINC01389	0.982951932690122
LOC102724084	0.971089603767894
LOC102724094	1.17978731315435
LOC102724096	1.12568358502349
TTC39A-AS1	0.982951932690122
ZNF528-AS1	1.25334885646717
LINC02564	1.15931082987001
LOC102724152	0.749110827107011
LOC102724153	0.764334413991476
LOC102724156	0.975901197514351
LOC102724163	0.971089603767894
PABPC5-AS1	0.971983922050255
LINC02542	0.94270636541698
LINC01674	0.71893801338487
LINC02289	0.764334413991476
TBX18-AS1	0.94270636541698
LINC01117	0.970894155693591
C3orf86	0.730118323494498
TTC39C-AS1	0.729564863856545
LINC02658	0.979753098033958
LOC102724265	1.07884952858265
LINC01835	0.71650131047893
LINC02311	0.764334413991476
LOC102724297	0.730118323494498
LOC102724301	1.0798977924045
LINC01770	0.969343795308908
SVIL-AS1	0.979753098033958
LINC01628	1.00240700458938
LOC102724323	0.979753098033958
NEURL1-AS1	0.97891388353545
LINC02188	0.971089603767894
LOC102724357	0.862327116139212
HOMER3-AS1	0.71650131047893
SPINT1-AS1	1.15942294495005
LINC02585	0.730118323494498
LOC102724378	0.720285108111023
LINC01393	1.17978731315435
LOC102724404	0.981327424359639
LOC102724421	1.01423100355274
LINC02420	1.01423100355274
LOC102724434	1.17978731315435
LOC102724450	0.969343795308908
LOC102724452	1.13133433617156
LOC102724467	0.971089603767894
LINC01887	1.15931082987001
GAGE10	1.0526427280961
LOC102724484	1.17037000361717
LINC01690	0.71893801338487
THCAT158	1.00518177247207
LOC102724511	0.862327116139212
LINC01291	1.00240700458938
LOC102724532	1.00518177247207
LINC01714	0.969343795308908
LINC02015	1.03734056701319
RERE-AS1	0.969343795308908
LOC102724555	1.17978731315435
LNCTAM34A	0.969343795308908
LOC102724579	1.00240700458938
LOC102724580	0.709018617651733
LINC02626	0.96610428515749
LOC102724593	0.979753098033958
LOC102724596	1.00518177247207
LOC102724601	0.991375931347093
LOC102724604	1.03734056701319
LOC102724612	1.01569444866679
LINC01414	1.01569444866679
POTEB3	1.15942294495005
LINC01919	0.729564863856545
LOC102724659	0.969343795308908
LINC01645	0.991375931347093
PPFIA2-AS1	1.01423100355274
DPY19L1P2	1.17037000361717
LINC01423	0.71893801338487
LINC02556	0.730447216884634
LOC102724691	1.00240700458938
LINC01905	0.729564863856545
LINC02043	1.03734056701319
LOC102724708	1.01569444866679
LOC102724710	1.01569444866679
LINC01857	0.970894155693591
LOC102724719	0.979753098033958
LOC102724720	0.981327424359639
LOC102724738	1.17037000361717
LOC102724760	1.15942294495005
LOC102724770	1.28336096843035
LINC01594	1.00240700458938
LOC102724776	0.983733746955767
LOC102724784	1.07884952858265
LOC102724788	1.28336096843035
LOC102724804	1.01569444866679
LINC02062	0.981327424359639
LOC102724814	0.764334413991476
LANCL1-AS1	0.970894155693591
ZNF337-AS1	1.3428247635557
MIATNB	0.730447216884634
LOC102724849	0.970894155693591
LINC02113	0.981327424359639
LOC102724874	1.01569444866679
LINC02293	0.764334413991476
LIVAR	0.729564863856545
LOC102724904	0.709018617651733
LOC102724908	0.71650131047893
LINC01899	0.729564863856545
LOC102724919	0.991375931347093
LOC102724927	0.98246487716107
LINC02412	1.01423100355274
LINC01032	0.991375931347093
LOC102724957	1.07884952858265
LOC102724958	0.71650131047893
LOC102724995	0.981327424359639
LINC02352	1.15942294495005
LOC102725023	1.25334885646717
LINC02588	0.764334413991476
MICB-DT	1.04825237769963
LOC102725072	1.28336096843035
LINC01878	0.970894155693591
LOC102725080	0.433694208344174
CDH18-AS1	1.19567882225115
LOC102725121	0.969343795308908
LOC102725191	0.932380436661844
LOC102725193	0.969343795308908
LOC102725254	0.71650131047893
LINC01232	1.16077440404817
ELDR	1.17037000361717
STUB1	0.98280619354904
STAG1	0.986056538996622
NET1	0.979753098033958
UBE4B	0.969343795308908
EFS	0.764334413991476
PRSS16	1.12568358502349
CDKN1C	1.07884952858265
SIGMAR1	0.952713287730748
HAGLROS	0.970894155693591
MIR7515HG	1.01202671490066
LINC01246	1.01202671490066
LINC01222	0.991375931347093
TPTEP2-CSNK1E	0.720285108111023
LINC01230	0.952713287730748
LINC01828	1.00240700458938
DSCR4	0.71893801338487
BET1	1.17037000361717
CWC27	0.981327424359639
SAP18	1.33645054467716
SMNDC1	0.97891388353545
BCAS2	0.982951932690122
RGS19	1.3428247635557
LILRB2	1.25334885646717
EIF1B	0.720410490708883
CDKN2A	0.952713287730748
SPEG	0.970894155693591
SF3A1	0.720285108111023
TRAIP	0.730118323494498
DNAJA2	0.98246487716107
BCKDK	0.98246487716107
MAEA	0.982841762389136
APC2	0.672745602694723
PAK4	1.24196546098975
MARCH6	1.19567882225115
ADAR	0.982951932690122
CDKN2B	0.952713287730748
KATNB1	0.98246487716107
DLEU1	1.16077440404817
SNAPC5	1.13133433617156
CASC21	2.05039341266889
CASC19	2.05039341266889
ABALON	1.3428247635557
SLC26A9-AS1	0.991375931347093
APBB3	0.981327424359639
ZNF267	0.98246487716107
CCNO	0.981327424359639
SNHG22	0.729564863856545
BRWD1-AS2	0.71893801338487
LINC01145	0.982951932690122
CDKN2C	0.982951932690122
LINC01276	1.04825237769963
VPS26C	0.71893801338487
TCIRG1	1.07884952858265
RTN3	1.07884952858265
LANCL1	0.970894155693591
PAUPAR	1.07884952858265
NMUR1	0.970894155693591
PCAT2	2.05039341266889
B3GALT5	0.71893801338487
LOC103171574	1.13133433617156
TNIP1	0.981327424359639
LAMC3	0.963087641236575
LINC02333	1.16077440404817
CDKN2D	0.704151138682422
IKZF1	1.17037000361717
CRISP3	1.04825237769963
SMYD5	1.00240700458938
KLHL41	1.00240700458938
RRAGB	0.971983922050255
SIRPB1	1.04060686127253
AKR1A1	0.982951932690122
EMC8	0.971089603767894
LINC01362	0.982951932690122
RXYLT1	1.01423100355274
CDKN3	0.764334413991476
CNPY2	1.01423100355274
B3GNT3	0.71650131047893
LOC103312105	1.07884952858265
CLEC4M	0.704151138682422
TLR6	0.982841762389136
HOTS	1.07884952858265
LINCR-0002	1.03734056701319
KIAA1614-AS1	0.991375931347093
BGLT3	1.07884952858265
LINC01391	0.986056538996622
LOC103344931	0.97891388353545
PGM5P4-AS1	1.00240700458938
MRVI1	1.07884952858265
LINC01410	0.709018617651733
LOC103352541	0.94270636541698
LINC01419	1.01569444866679
PCGF3	0.982841762389136
TFG	1.19833272410156
PKDREJ	0.705191761652427
CCL26	1.17037000361717
TRDN	0.94270636541698
TRIM22	1.07884952858265
ABCA7	0.672745602694723
ABCA10	0.986809853654872
ABCA9	0.986809853654872
MIR6724-2	1.08779534512708
MIR9500	0.970894155693591
MIR3648-2	1.08779534512708
MIR941-5	1.3428247635557
MIR6724-4	1.08779534512708
MIR548BB	0.00354687345177221
MIR8485	1.00240700458938
MIR6724-3	1.08779534512708
MIR5701-3	1.15942294495005
ABCA8	0.986809853654872
WARS2	0.982951932690122
CASC23	1.07884952858265
CDO1	0.981327424359639
NPM3	0.97891388353545
NPM2	0.433694208344174
LOC103611081	1.0798977924045
TGFB2-OT1	0.991375931347093
HMG20B	0.672745602694723
LLPH-DT	1.01423100355274
LINC00456	1.16077440404817
HMG20A	1.13133433617156
KLF2	0.71650131047893
MICU1	0.979753098033958
CACNG3	0.98246487716107
LINC01046	1.33645054467716
LINC01288	0.416558022388397
LINC01050	1.16077440404817
ADAMTS19-AS1	0.981327424359639
CATIP-AS2	0.970894155693591
TBX2-AS1	1.00518177247207
LINC00383	1.16077440404817
DLEU1-AS1	1.16077440404817
LINC01337	0.981327424359639
LINC01378	0.982841762389136
CACNG2	0.720285108111023
FOXG1-AS1	0.764334413991476
PKNOX2-AS1	1.0798977924045
LINC01435	0.97891388353545
LINC01461	0.982951932690122
LINC01048	1.16077440404817
LINC01167	0.96610428515749
LINC01322	1.06598575216065
LINC01396	0.982841762389136
BBOX1-AS1	1.07884952858265
LINC01269	0.764334413991476
CITED2	0.94270636541698
SEMA3A	1.17037000361717
LINC00377	1.16077440404817
LINC01058	1.33645054467716
LINC01068	1.16077440404817
LINC01170	0.981327424359639
LINC01287	1.24449465772
MYCNUT	1.01202671490066
SPATA17-AS1	0.991375931347093
LINC01055	1.16077440404817
LINC01075	1.16077440404817
CCND2-AS1	1.02278665752541
RORB-AS1	0.975901197514351
BIRC6-AS2	1.00240700458938
FOXC2-AS1	0.971089603767894
PACERR	0.991375931347093
TMEM92-AS1	1.00518177247207
TUBA1B	1.01423100355274
IRF9	0.764334413991476
CDR1	0.971983922050255
BPNT1	0.991375931347093
TUBB3	0.971089603767894
TUBB4A	0.704151138682422
TUBB4B	0.963087641236575
BTN3A3	1.12568358502349
BTN2A2	1.12568358502349
SYCP2	1.3428247635557
SCML2	0.961550425812295
CDR2	0.98246487716107
CEPT1	0.982951932690122
LOC103908604	0.709018617651733
CORO2B	1.13133433617156
MYL12B	1.15931082987001
NOD1	1.17037000361717
ANAPC10	0.982841762389136
PRG3	1.07884952858265
DLC1	0.433694208344174
ATP8A1	0.982841762389136
NDRG1	2.05039341266889
MYL9	1.3428247635557
RACK1	0.981327424359639
ADARB1	0.696368907296711
CDS1	0.982841762389136
PEMT	0.749723017917101
PIAS3	0.982951932690122
ST3GAL6	1.19833272410156
NDC80	1.15931082987001
CPQ	1.01569444866679
LOC104054148	1.01569444866679
WFDC2	1.3428247635557
MYCNOS	1.01202671490066
BASP1	1.19567882225115
CDSN	1.04825237769963
IFITM3	1.07884952858265
RAPGEF3	1.01423100355274
NSA2	0.981327424359639
YAP1	1.0798977924045
RXYLT1-AS1	1.01423100355274
LINC01036	0.991375931347093
SPON2	0.982841762389136
SPON1	1.07884952858265
PRMT5	0.764334413991476
TESK2	0.982951932690122
CD2BP2	0.98246487716107
UBAC1	0.963087641236575
CDIPT	0.98246487716107
PGRMC2	0.982841762389136
ARIH2	0.730118323494498
TUBGCP3	1.16077440404817
LINC01044	1.16077440404817
KBTBD11-OT1	0.416284738599625
LINC01151	2.05039341266889
LINC01195	0.98246487716107
LINC01201	0.971983922050255
LINC01221	0.991375931347093
LINC01264	0.979753098033958
SEC24B	0.982841762389136
CFDP1	0.971089603767894
CD52	0.982951932690122
TMEM147	1.24196546098975
LINC01327	1.2087165663813
LINC01331	0.981327424359639
LINC01399	0.720285108111023
RBM14	1.07884952858265
MAFA-AS1	1.02360093995737
NRIR	1.01202671490066
LINC00363	1.16077440404817
LINC00399	1.16077440404817
APOA1-AS	1.0798977924045
GACAT1	1.00240700458938
SMAD1-AS1	0.982841762389136
LINC01202	0.981327424359639
LMO7DN-IT1	1.16077440404817
LINC01309	1.16077440404817
DLX2-DT	0.970894155693591
LYPLA1	1.01569444866679
CDC42EP2	1.07884952858265
LINC00431	1.16077440404817
LINC01033	0.981327424359639
LINC01072	1.33645054467716
LINC01162	0.932380436661844
LINC01397	0.982951932690122
LINC00375	1.16077440404817
LINC01143	1.00240700458938
TXNDC12-AS1	0.982951932690122
NCOA7-AS1	0.94270636541698
LINC00396	1.16077440404817
LINC00428	1.16077440404817
LINC01039	1.16077440404817
LINC01054	1.16077440404817
LINC01090	0.970894155693591
LINC01177	0.98246487716107
LHX5-AS1	1.01423100355274
LINC01219	1.07884952858265
LINC01256	0.982841762389136
LINC01307	0.982951932690122
LINC01317	1.00240700458938
LINC01320	1.00240700458938
LINC01324	1.06598575216065
MIR217HG	1.00240700458938
LINC01392	1.17978731315435
LINC01525	0.982951932690122
LINC00376	1.16077440404817
LINC01386	0.981327424359639
SGMS1-AS1	0.979753098033958
SCEL-AS1	1.16077440404817
ABCA9-AS1	0.986809853654872
LENG8-AS1	1.25334885646717
EMG1	1.02278665752541
IFI30	0.71650131047893
C1D	1.00240700458938
TET2-AS1	0.982841762389136
OLFM1	0.963087641236575
CDX1	0.981327424359639
TIMM17A	0.991375931347093
ZBTB20-AS3	1.19833272410156
SAPCD1-AS1	1.04825237769963
F10-AS1	1.16077440404817
N4BP2L2	1.33645054467716
ZER1	0.963087641236575
MCRS1	1.01423100355274
LRRN2	0.991375931347093
FAM3C	1.17978731315435
STX18-IT1	0.982841762389136
PCAT29	1.13133433617156
DISC1-IT1	1.02169470476617
SNHG14	1.15942294495005
WARS2-IT1	0.982951932690122
LINC01224	0.71650131047893
LINC00508	1.01423100355274
IRAIN	1.13133433617156
ACAA2	0.729564863856545
CDX2	1.33645054467716
PPIE	0.982951932690122
FOXP1-AS1	0.723578923483452
MGAT3-AS1	0.720285108111023
VAV3	0.982951932690122
TOMM40	1.24196546098975
TRIM31-AS1	1.12568358502349
TAB1	0.720285108111023
SALRNA1	0.764334413991476
SALRNA3	1.13133433617156
SALRNA2	1.13133433617156
ECI2	1.12568358502349
HAX1	0.982951932690122
LUNAR1	1.13133433617156
MHRT	0.764334413991476
GPNMB	1.17037000361717
BAIAP2	0.986809853654872
MAD2L2	0.969343795308908
CDX4	0.971983922050255
TACC3	0.982841762389136
MERTK	1.00240700458938
LOC104613533	1.13133433617156
CLEC10A	0.749723017917101
SLC30A9	0.982841762389136
PIBF1	1.16077440404817
ENPP7P13	0.98246487716107
PPIH	0.982951932690122
COG5	1.17978731315435
ZNHIT1	1.17978731315435
FST	0.981327424359639
TIMM44	0.704151138682422
CLGN	0.982841762389136
PFDN6	1.04825237769963
ZBTB18	1.02169470476617
HMGN4	1.12568358502349
TADA3	0.720410490708883
TRIM38	1.12568358502349
ATP5PD	0.986809853654872
UBE2E3	0.970894155693591
SLC25A17	0.720285108111023
SLC9A6	0.971983922050255
LINC01402	0.971983922050255
GACAT3	1.01202671490066
KCNMB2-AS1	1.03734056701319
GS1-594A7.3	0.681263242067964
CEACAM5	1.24196546098975
EIF3M	1.07884952858265
HOXB13	1.00518177247207
NXF1	1.07884952858265
SEC23B	1.01794118838271
SEC23A	0.764334413991476
C1orf61	0.982951932690122
CAP2	1.12568358502349
CAP1	0.982951932690122
CREB3	0.952713287730748
LRRC41	0.982951932690122
VTI1B	0.764334413991476
LINC02210-CRHR1	1.00518177247207
CRTAP	0.720410490708883
SYNCRIP	0.94270636541698
VAT1	1.00518177247207
STK25	0.966350804585467
ENOX2	0.971983922050255
LOC104968399	1.15931082987001
UNC13B	0.952713287730748
CARM1	0.704151138682422
NCOA2	1.01569444866679
ADARB2	0.979753098033958
CEBPA	1.13164416291439
SEMA6C	0.982951932690122
SEMA6B	0.704151138682422
SEMA4F	1.00240700458938
SEMA4D	0.975901197514351
SEMA4B	1.13133433617156
CEBPB	1.3428247635557
SEMA3C	1.17037000361717
APPBP2	1.00518177247207
MYBBP1A	0.7295394616866
FBLN5	0.764334413991476
FBXW10	0.749723017917101
CIB2	1.13133433617156
CIB1	1.13133433617156
CEBPD	1.01569444866679
ZNF211	1.25334885646717
DDX17	0.720285108111023
DEAF1	1.07884952858265
BISPR	0.71650131047893
CHERP	0.71650131047893
KAT5	1.07884952858265
HYOU1	1.0798977924045
IPO8	1.24074736084
IPO7	1.07884952858265
LOC105274304	0.986809853654872
NOP56	1.43344078071909e-09
NEBL	0.979753098033958
CEBPE	0.764334413991476
PITRM1	0.979753098033958
ATG7	0.720410490708883
ZNRD2	1.07884952858265
RNASEH2A	0.71650131047893
P3H3	1.02278665752541
LOC105369140	0.982951932690122
LOC105369146	1.17037000361717
LOC105369147	1.01569444866679
PKD1P6-NPIPP1	0.98246487716107
LOC105369187	1.01423100355274
PPM1K-DT	0.982841762389136
LOC105369199	0.982951932690122
LOC105369201	1.13133433617156
LOC105369209	1.3428247635557
LOC105369212	1.13133433617156
LOC105369274	1.15942294495005
LOC105369306	0.71893801338487
LOC105369332	1.07884952858265
LOC105369340	1.07884952858265
MIR194-2HG	1.07884952858265
LOC105369391	1.0798977924045
LOC105369423	1.0798977924045
LOC105369431	1.0798977924045
LOC105369438	1.0798977924045
LOC105369443	1.0798977924045
LOC105369473	1.0798977924045
LOC105369486	1.0798977924045
LINC02550	1.0798977924045
LOC105369507	1.0798977924045
LOC105369509	1.0798977924045
LOC105369532	1.0798977924045
STT3A-AS1	1.0798977924045
LINC02098	1.0798977924045
LOC105369595	1.02278665752541
LOC105369632	1.02278665752541
MIR200CHG	1.02278665752541
LINC02378	1.02278665752541
LINC02468	1.02278665752541
LOC105369691	1.24074736084
LINC02422	1.24074736084
LOC105369728	1.02278665752541
LINC02471	1.01423100355274
LINC02451	1.01423100355274
LINC02450	1.01423100355274
LINC02461	1.01423100355274
LOC105369747	1.01423100355274
DDN-AS1	1.01423100355274
LOC105369781	1.01423100355274
LINC02403	1.01423100355274
LINC02454	1.01423100355274
LINC02425	1.01423100355274
LNCOG	1.01423100355274
LINC02424	1.01423100355274
PPP1R12A-AS1	1.01423100355274
LOC105369879	1.01423100355274
LINC02399	1.01423100355274
LINC02392	1.01423100355274
LOC105369911	1.01423100355274
LINC02410	1.01423100355274
LOC105369921	1.01423100355274
LOC105369945	1.01423100355274
KCCAT198	1.01423100355274
LOC105369971	1.01423100355274
LOC105369980	1.01423100355274
LINC02459	1.01423100355274
UBD	1.12568358502349
LINC02423	1.01423100355274
LINC02439	1.01423100355274
LOC105370024	1.01423100355274
LINC02350	1.01423100355274
LINC02376	1.01423100355274
LOC105370068	1.01423100355274
LINC02441	1.01423100355274
LINC02419	1.01423100355274
LINC02414	1.01423100355274
LINC02344	1.33645054467716
LINC02343	1.33645054467716
LINC02341	1.16077440404817
LINC00390	1.16077440404817
LOC105370203	1.16077440404817
LINC01052	1.16077440404817
LOC105370295	1.33645054467716
LINC00373	1.16077440404817
LINC01040	1.16077440404817
LOC105370333	1.16077440404817
LOC105370361	1.16077440404817
LOC105370362	1.16077440404817
LINC02337	1.16077440404817
LINC02332	0.764334413991476
LOC105370401	0.764334413991476
LINC02282	0.764334413991476
G2E3-AS1	0.764334413991476
LINC02313	0.764334413991476
LOC105370457	0.764334413991476
SEC23A-AS1	0.764334413991476
LOC105370473	0.764334413991476
LINC02303	0.764334413991476
LOC105370489	0.764334413991476
LINC02310	0.764334413991476
LOC105370526	0.764334413991476
LINC01629	0.764334413991476
LOC105370586	0.764334413991476
LINC02329	0.764334413991476
LINC02330	0.764334413991476
LOC105370619	0.764334413991476
LOC105370622	0.764334413991476
LINC02299	0.764334413991476
LINC02304	0.764334413991476
LINC02323	0.771082865073358
LINC00677	0.771082865073358
LOC105370687	0.771082865073358
LOC105370697	0.709473775987212
LOC105370708	0.771082865073358
PWRN4	1.15942294495005
LOC105370757	1.15942294495005
LINC02252	1.15942294495005
LOC105370792	1.15942294495005
LOC105370802	1.15942294495005
LINC02490	1.15942294495005
LOC105370829	1.13133433617156
LINC02205	1.13133433617156
TMEM202-AS1	1.13133433617156
LINC02255	1.13133433617156
LOC105370941	1.15942294495005
LOC105370943	1.15942294495005
LOC105370954	1.13133433617156
IDH2-DT	1.13133433617156
LOC105370980	1.13133433617156
LINC02251	1.13133433617156
LINC02351	1.13133433617156
PCSK6-AS1	1.13133433617156
LOC105371031	1.13133433617156
LOC105371038	0.98280619354904
LOC105371045	0.98246487716107
LOC105371046	0.98246487716107
LINC02124	0.98246487716107
LOC105371049	0.98246487716107
LOC105371083	0.98246487716107
MFSD13B	0.98246487716107
LINC2194	0.98246487716107
LINC02190	0.98246487716107
LOC105371184	0.98280619354904
LINC02134	0.98246487716107
PPIAL4H	0.982951932690122
LINC02178	0.98246487716107
LINC02168	0.98246487716107
LIX1L-AS1	0.982951932690122
LOC105371267	0.98246487716107
LOC105371328	0.971089603767894
LINC02136	0.971089603767894
LOC105371335	0.971089603767894
CPHXL	0.971089603767894
ATP2C2-AS1	0.971089603767894
LOC105371414	0.971089603767894
LOC105371430	0.7295394616866
LOC105371433	0.982951932690122
LOC105371458	0.982951932690122
LOC105371485	0.7295394616866
LINC01975	0.7295394616866
LOC105371506	0.749723017917101
LINC02093	0.749723017917101
LINC02090	0.749723017917101
SMCR2	0.749723017917101
LINC02088	0.749723017917101
LINC01675	0.991375931347093
LOC105371592	0.7295394616866
LINC01681	0.991375931347093
LINC01688	0.991375931347093
LINC01680	0.991375931347093
LINC01724	0.991375931347093
LOC105371703	1.01129990957445
LINC01992	1.01129990957445
LOC105371730	1.43941607542378
SNHG30	1.48826986994562
LOC105371763	1.48826986994562
LINC02079	1.00518177247207
LOC105371789	1.00518177247207
LOC105371795	1.00518177247207
THRA1/BTR	1.00518177247207
LOC105371814	1.00518177247207
LOC105371824	1.00518177247207
LINC02073	1.00518177247207
LINC01982	1.00518177247207
LINC02089	1.00518177247207
LOC105371849	1.00518177247207
LOC105371855	1.00518177247207
LOC105371880	0.986809853654872
LOC105371899	0.986809853654872
LOC105371907	0.986809853654872
LINC01977	0.986809853654872
LOC105371925	0.986809853654872
LINC01895	1.15931082987001
LINC01892	1.15931082987001
LINC01928	1.15931082987001
LOC105371998	1.15931082987001
LOC105372028	0.729564863856545
LINC01894	0.729564863856545
LOC105372038	0.729564863856545
LOC105372068	0.729564863856545
LOC105372069	0.729564863856545
LOC105372071	0.729564863856545
LINC01902	0.729564863856545
TCF4-AS1	0.729564863856545
LINC02565	0.729564863856545
LINC01926	0.729564863856545
LOC105372179	0.729564863856545
LINC01893	0.729564863856545
LOC105372273	0.704151138682422
GNG14	0.71650131047893
LINC01841	0.71650131047893
LINC01855	0.71650131047893
LOC105372383	1.24196546098975
LOC105372397	1.24196546098975
GEMIN7-AS1	1.24196546098975
LOC105372440	1.24196546098975
LOC105372441	1.24196546098975
LINC01872	1.24196546098975
ZNF460-AS1	1.25334885646717
LOC105372480	1.25334885646717
ERVK3-1	1.25334885646717
LOC105372483	1.25334885646717
LOC105372493	1.04060686127253
LINC01713	1.01794118838271
LINC00237	1.01794118838271
LINC01747	1.01794118838271
LOC105372582	1.3428247635557
LINC01728	1.3428247635557
LOC105372631	1.3428247635557
LOC105372633	1.3428247635557
LOC105372653	1.3428247635557
LOC105372672	1.3428247635557
LINC01716	1.3428247635557
LOC105372695	1.3428247635557
LINC01683	0.71893801338487
LINC01684	0.71893801338487
LOC105372795	0.71893801338487
LINC01694	0.696368907296711
LINC01717	0.991375931347093
LINC01774	0.991375931347093
LINC01696	0.991375931347093
LINC01710	0.991375931347093
LINC02257	0.991375931347093
LOC105372977	0.730447216884634
LINC01638	0.730447216884634
LOC105372990	0.720285108111023
LINC02558	0.720285108111023
LINC01640	0.720285108111023
LOC105373021	0.720285108111023
LOC105373031	0.720285108111023
LOC105373044	0.720285108111023
LOC105373051	0.720285108111023
LINC01639	0.720285108111023
LOC105373064	0.720285108111023
LOC105373100	0.73920158822585
LINC01703	0.991375931347093
LINC01456	0.961550425812295
LOC105373156	0.681263242067964
LOC105373159	1.02169470476617
LINC02601	0.742060425418264
LINC01745	1.02169470476617
LINC02589	0.971983922050255
LOC105373311	0.971983922050255
LOC105373338	0.971983922050255
LINC01865	1.01202671490066
LOC105373352	1.01202671490066
MAGEA4-AS1	1.12011520828342
PNMA6F	1.21583421531377
LOC105373378	1.21583421531377
LOC105373383	1.21583421531377
LOC105373394	1.01202671490066
LINC01810	1.01202671490066
LOC105373496	1.00240700458938
LINC01849	1.00240700458938
LINC01796	1.00240700458938
LINC01935	1.00240700458938
LINC01886	1.00240700458938
LOC105373553	1.00240700458938
LOC105373562	1.00240700458938
LINC01941	1.00240700458938
LOC105373609	1.00240700458938
LINC02572	1.00240700458938
LINC01832	1.00240700458938
LOC105373656	1.00240700458938
LINC01817	1.00240700458938
LOC105373759	0.970894155693591
LOC105373764	0.970894155693591
LOC105373782	0.970894155693591
LOC105373805	0.970894155693591
LINC01802	0.970894155693591
MYOSLID	0.970894155693591
LINC01953	0.970894155693591
LINC01614	0.970894155693591
LOC105373876	0.970894155693591
DIRC3-AS1	0.970894155693591
LOC105373878	0.970894155693591
LINC01803	0.970894155693591
LINC01891	0.970894155693591
LINC01880	0.966350804585467
LINC01918	1.00240700458938
LOC105374042	1.19833272410156
LINC02024	1.19833272410156
LOC105374060	1.19833272410156
LINC02021	1.19833272410156
LINC02014	1.19833272410156
LINC02004	0.986056538996622
LINC02046	1.21511111792987
LINC02006	1.06598575216065
LINC02029	1.06598575216065
LOC105374194	1.2087165663813
LOC105374205	1.2087165663813
LINC02068	1.2087165663813
LINC01995	1.03734056701319
LINC02054	1.03734056701319
LINC02041	1.03734056701319
LINC01991	1.03734056701319
LINC02038	1.03734056701319
LINC01972	1.03734056701319
LOC105374297	1.03734056701319
LOC105374312	1.19833272410156
LOC105374313	1.21511111792987
LOC105374338	0.982841762389136
LOC105374344	0.982841762389136
LINC02482	0.982841762389136
LINC02517	0.982841762389136
LOC105374378	1.01202671490066
LOC105374389	1.01202671490066
LINC02484	0.982841762389136
LINC02505	0.982841762389136
LINC02513	0.982841762389136
LINC02278	0.982841762389136
LOC105374428	0.982841762389136
LINC02383	0.982841762389136
LINC01946	1.01202671490066
LOC105374454	1.00240700458938
LINC02360	0.982841762389136
LOC105374516	0.982841762389136
STIM2-AS1	0.982841762389136
LINC02472	0.982841762389136
LINC02501	0.982841762389136
LINC01820	1.00240700458938
LINC01867	1.00240700458938
LOC105374620	1.19567882225115
LINC02162	1.19567882225115
LINC02121	1.19567882225115
LINC02221	1.19567882225115
LINC02220	1.19567882225115
LINC02241	1.19567882225115
LINC02146	1.19567882225115
LINC02211	1.19567882225115
LINC02228	1.19567882225115
LINC02103	1.19567882225115
LOC105374704	1.19567882225115
LINC02160	1.19567882225115
LOC105374727	1.19567882225115
LINC02110	1.19567882225115
LINC02107	1.19567882225115
LINC01795	1.00240700458938
LINC01805	1.00240700458938
LOC105374820	1.00240700458938
LINC02521	1.12568358502349
LINC02533	1.12568358502349
LOC105374952	1.12568358502349
MIR548A1HG	1.12568358502349
LOC105374960	1.12568358502349
LOC105374972	1.12568358502349
LOC105374988	1.12568358502349
HCG20	1.04825237769963
LINC02570	1.04825237769963
LINC02571	1.04825237769963
LOC105375075	1.04825237769963
LOC105375115	1.10834731360131
LOC105375131	1.10834731360131
LOC105375166	0.932380436661844
LOC105375218	1.17037000361717
LOC105375297	1.17037000361717
LOC105375304	1.17037000361717
UPK3B	1.17037000361717
LINC00972	1.17037000361717
TMBIM7P	1.17037000361717
LOC105375401	1.17037000361717
LOC105375423	1.17037000361717
LOC105375429	1.17037000361717
SLC12A9-AS1	1.17978731315435
LINC02476	1.17978731315435
LOC105375483	1.17978731315435
LOC105375504	1.17978731315435
LOC105375512	1.17978731315435
LOC105375545	1.17978731315435
LOC105375556	1.24449465772
MNX1-AS2	1.08695203854043
LINC01022	1.08695203854043
MIR3150BHG	1.01569444866679
LOC105375690	1.01569444866679
LINC02237	1.0381909863396
LOC105375713	2.05039341266889
MAL2-AS1	2.05039341266889
SMILR	2.05039341266889
LOC105375744	2.05039341266889
LOC105375773	2.05039341266889
LOC105375787	2.05039341266889
LOC105375800	1.02360093995737
LOC105375843	1.01569444866679
CERNA3	1.01569444866679
LOC105375972	0.952713287730748
FAM242F	0.709018617651733
LOC105376114	0.975901197514351
HSD17B3-AS1	0.970815788272126
LOC105376194	0.963087641236575
TEX53	0.963087641236575
LOC105376271	0.963087641236575
LOC105376306	0.963087641236575
LINC02247	0.963087641236575
LOC105376331	0.963087641236575
LINC02645	0.979753098033958
LOC105376360	0.979753098033958
LINC02639	0.979753098033958
LINC02657	0.979753098033958
LOC105376398	0.979753098033958
DCLRE1CP1	0.979753098033958
LINC02643	0.979753098033958
LOC105376453	0.979753098033958
LINC02652	0.979753098033958
LINC02644	0.979753098033958
LINC02547	1.07884952858265
LINC02545	1.07884952858265
LINC02548	1.07884952858265
ANO3-AS1	1.07884952858265
LINC02546	1.07884952858265
LOC105376633	1.07884952858265
LOC105376671	1.07884952858265
LINC01345	0.969343795308908
LINC01646	0.969343795308908
LOC105376731	1.13133433617156
EXOSC10-AS1	0.969343795308908
LINC01784	0.969343795308908
KAZN-AS1	0.982951932690122
LOC105376772	0.971089603767894
LOC105376805	0.982951932690122
LINC01757	0.982951932690122
SNHG25	1.00518177247207
LINC01925	1.15931082987001
LOC105376917	0.71650131047893
GRM7-AS2	0.720410490708883
LINC02022	0.720410490708883
LOC105376975	0.720410490708883
LINC01742	1.3428247635557
RARB-AS1	0.720410490708883
LINC01980	0.720410490708883
LINC02033	0.720410490708883
LINC02009	0.730118323494498
LINC02017	0.730118323494498
LOC105377102	0.730118323494498
FLNB-AS1	0.730118323494498
FAM3D-AS1	0.730118323494498
LOC105377143	0.723578923483452
LOC105377146	0.723578923483452
LOC105377162	0.723578923483452
LINC02005	0.723578923483452
LINC02077	0.723578923483452
LINC02050	0.434078096558972
LINC02008	0.434078096558972
LINC02025	0.434078096558972
LOC105377213	1.12011520828342
LINC02619	0.982841762389136
LINC02429	0.982841762389136
LINC02271	0.982841762389136
LOC105377267	0.982841762389136
LINC02562	0.982841762389136
LINC02267	0.982841762389136
LOC105377342	0.982841762389136
UBE2D3-AS1	0.982841762389136
LINC02173	0.982841762389136
LOC105377372	0.982841762389136
LINC02262	0.982841762389136
LINC02263	0.982841762389136
LINC02264	0.982841762389136
LINC02479	0.982841762389136
LINC02462	0.982841762389136
LINC02485	0.982841762389136
LINC02511	0.982841762389136
LINC02172	0.982841762389136
LOC105377448	0.982841762389136
LOC105377458	0.982841762389136
LINC02266	0.982841762389136
LOC105377480	0.708330872516
LINC02174	0.716789838124403
LINC02509	0.716789838124403
TEMN3-AS1	0.716789838124403
LINC02427	0.716789838124403
LINC02365	0.716789838124403
LOC105377590	0.716789838124403
LINC02374	1.00182064735938
LINC02514	1.00182064735938
LINC02508	1.00182064735938
LINC01596	1.00182064735938
LOC105377621	0.982841762389136
LOC105377623	0.982841762389136
LOC105377651	0.982841762389136
LINC02480	0.982841762389136
LINC02283	0.982841762389136
LINC02494	0.982841762389136
LINC01932	0.981327424359639
LOC105377716	0.981327424359639
LINC01944	0.981327424359639
LINC01942	0.981327424359639
LOC105377752	0.981327424359639
LOC105377763	0.981327424359639
LINC02222	0.981327424359639
LOC105377777	0.416284738599625
LOC105377849	0.94270636541698
LINC02540	0.94270636541698
LOC105377879	0.94270636541698
LINC01611	0.94270636541698
LOC105377924	0.94270636541698
LINC02526	0.94270636541698
LINC02527	0.94270636541698
LINC02518	0.94270636541698
LINC02534	0.94270636541698
LOC105377967	0.94270636541698
LOC105377975	0.94270636541698
LINC02528	0.94270636541698
LOC105378047	0.749110827107011
TAB2-AS1	0.749110827107011
LOC105378052	0.749110827107011
LOC105378068	0.749110827107011
LOC105378098	0.749110827107011
MEAT6	0.749110827107011
LOC105378123	0.862327116139212
LOC105378127	0.862327116139212
LOC105378137	0.862327116139212
LOC105378146	0.862327116139212
LOC105378183	0.771082865073358
STK32A-AS1	0.981327424359639
MARCOL	0.981327424359639
LOC105378230	0.981327424359639
LINC01861	0.981327424359639
LOC105378269	0.979753098033958
LOC105378292	0.979753098033958
LOC105378305	0.979753098033958
LOC105378311	0.979753098033958
LOC105378330	0.979753098033958
LINC02622	0.979753098033958
LOC105378367	0.97891388353545
LINC02679	0.97891388353545
LINC02655	0.97891388353545
LINC02650	0.97891388353545
LINC01374	0.97891388353545
XLOC_008559	0.97891388353545
LOC105378430	0.97891388353545
LINC02624	0.97891388353545
AS-PTPRE	0.96610428515749
LOC105378577	0.979753098033958
LOC105378586	0.969343795308908
LOC105378591	0.969343795308908
LOC105378614	0.982951932690122
LINC01715	0.982951932690122
LINC01778	0.982951932690122
LINC01685	0.982951932690122
LOC105378663	0.982951932690122
LOC105378683	0.982951932690122
TMEM275	0.982951932690122
LINC01562	0.982951932690122
LINC01771	0.982951932690122
LINC01755	0.982951932690122
LINC01753	0.982951932690122
LINC01767	0.982951932690122
LINC01748	0.982951932690122
LINC01739	0.982951932690122
LINC01707	0.982951932690122
LINC01758	0.982951932690122
LRRC53	0.982951932690122
CLCA4-AS1	0.982951932690122
LINC02609	0.982951932690122
LINC01763	0.982951932690122
LINC01677	0.982951932690122
LINC01661	0.982951932690122
LOC105378933	0.982951932690122
LINC01780	0.982951932690122
KLF18	0.982951932690122
LINC02118	1.19567882225115
LINC02105	0.981327424359639
LOC105378979	0.981327424359639
LINC02057	0.981327424359639
LINC02242	0.981327424359639
LOC105379030	0.981327424359639
LINC02230	0.981327424359639
VCAN-AS1	0.981327424359639
LINC01846	0.981327424359639
SEMA6A-AS2	0.981327424359639
LOC105379143	0.981327424359639
LOC105379152	0.981327424359639
LOC105379176	0.981327424359639
LOC105379183	0.981327424359639
LOC105379192	0.981327424359639
LOC105379194	0.981327424359639
FAM85B	0.433694208344174
LOC105379331	0.433694208344174
LOC105379393	0.416558022388397
LOC105379450	0.975901197514351
LOC105379477	1.3428247635557
FAM242B	1.3428247635557
LOC105379511	1.08779534512708
LOC105379514	1.08779534512708
IER3-AS1	1.04825237769963
BATF	0.764334413991476
GLRX3	0.96610428515749
CEBPG	1.13164416291439
DCTN2	1.01423100355274
ANP32B	0.970815788272126
NKILA	1.3428247635557
LAMTOR5	0.982951932690122
PROCR	1.3428247635557
LOC105447645	1.24196546098975
PNKY	0.94270636541698
LINC02130	0.98246487716107
XACT	0.971983922050255
TM9SF1	0.764334413991476
PRDX4	0.742060425418264
ARL6IP5	0.723578923483452
XLOC_007697	0.709018617651733
XLOC_009911	1.01423100355274
AGR2	0.932380436661844
ARPC1A	1.17037000361717
HTATIP2	1.07884952858265
AGPAT1	1.04825237769963
AGPAT2	0.963087641236575
RPP30	0.97891388353545
RPP38	0.979753098033958
SPTLC1	0.975901197514351
SLC35A1	0.94270636541698
CEL	0.963087641236575
SLC19A2	0.991375931347093
IFI44	0.982951932690122
LINC01455	0.981327424359639
LOC105616981	1.00240700458938
LINC01047	1.16077440404817
OLFM4	1.16077440404817
CXCL13	0.982841762389136
ARFGEF2	1.3428247635557
ARFGEF1	1.01569444866679
AKAP3	1.02278665752541
WSPAR	0.981327424359639
LINC01601	0.729564863856545
RABAC1	1.24196546098975
SLC34A2	0.982841762389136
CCEPR	0.979753098033958
SLU7	0.981327424359639
CELP	0.963087641236575
DPYSL4	0.96610428515749
SIVA1	0.771082865073358
MRPL28	0.98280619354904
CCT7	1.00240700458938
LOC105747689	0.970894155693591
LINC01693	0.991375931347093
CCT4	1.00240700458938
LRP1-AS	1.01423100355274
LINC02676	0.979753098033958
ADGRD1-AS1	1.01423100355274
CCT2	1.01423100355274
NPC2	0.764334413991476
GNLY	1.00240700458938
TACC2	0.96610428515749
CENPA	1.01202671490066
SORBS1	0.97891388353545
IFITM2	1.07884952858265
LINC02563	1.45235253680058
COLEC10	2.05039341266889
POMT1	0.963087641236575
MAB21L2	0.983733746955767
TXNRD2	1.65854047521834
MTHFS	1.13133433617156
DRAP1	1.07884952858265
CENPB	1.01794118838271
SCGN	1.12568358502349
DNPH1	1.04825237769963
SMC2	0.963087641236575
PRPF8	0.7295394616866
ERN2	0.98246487716107
TRAPPC2B	1.25334885646717
AHSA1	0.764334413991476
SLCO1B1	1.24074736084
CENPC	0.982841762389136
USP16	0.71893801338487
CDC42EP3	1.00240700458938
DANT1	0.971983922050255
SH2B2	1.17978731315435
PAIP1	1.19567882225115
PAICS	0.982841762389136
TBL3	0.98246487716107
MXD4	0.982841762389136
P3H4	1.00518177247207
ST6GALNAC2	0.986809853654872
PDLIM5	0.982841762389136
TRIM3	1.07884952858265
ERLIN1	0.97891388353545
HEXIM1	1.00518177247207
PLA2G4C-AS1	1.24196546098975
GRPEL2-AS1	0.981327424359639
LINC00374	1.16077440404817
ARF4-AS1	0.730118323494498
LINC00430	1.16077440404817
LINC01037	0.991375931347093
LINC01078	1.16077440404817
LINC01173	0.970894155693591
KCNK15-AS1	1.3428247635557
LINC00407	1.16077440404817
LINC01381	1.01202671490066
LINC01290	0.98246487716107
LINC01318	1.00240700458938
NOP53-AS1	1.24196546098975
FARSA-AS1	0.71650131047893
LINC01259	0.982841762389136
LINC01074	1.16077440404817
LINC00976	2.05039341266889
LINC01297	0.736942594729667
LINC01613	0.963087641236575
SPAG5	1.01129990957445
RBCK1	1.04060686127253
STAMBP	1.00240700458938
TGOLN2	1.00240700458938
LIMS1-AS1	1.00240700458938
LUADT1	0.94270636541698
CENPE	0.982841762389136
ARID3B	1.13133433617156
POLR3F	1.01794118838271
POLR3G	0.981327424359639
POLR3C	0.982951932690122
IVNS1ABP	0.991375931347093
TRIM16	0.749723017917101
MYL12A	1.15931082987001
TXNIP	0.982951932690122
TAF6L	1.07884952858265
CENPF	0.991375931347093
PDPN	0.982951932690122
POSTN	1.16077440404817
ATP5MG	1.0798977924045
RASL10A	1.25509584409354
GAS2L1	1.25509584409354
RAD51AP1	1.02278665752541
RGS14	0.981327424359639
LEFTY1	0.991375931347093
SPHAR	1.02169470476617
EXOC5	0.764334413991476
NPRL2	0.730118323494498
IGF2BP1	1.00518177247207
IGF2BP3	1.17037000361717
IGF2BP2	1.03734056701319
CAMKK2	1.01423100355274
LINC01616	1.07884952858265
SCGB1D2	1.07884952858265
MDC1-AS1	1.04825237769963
DDX39B-AS1	1.04825237769963
TRPC7-AS2	0.981327424359639
HTR3E-AS1	1.03734056701319
LINC00449	1.16077440404817
HIST2H3DP1	0.982951932690122
RN7SL832P	1.01202671490066
SCGB1D1	1.07884952858265
HLA-DQB1-AS1	1.04825237769963
OSTN-AS1	1.03734056701319
RNU6ATAC35P	0.991375931347093
PRELID3A	1.15931082987001
MTX2	0.970894155693591
YKT6	1.17037000361717
SPINT2	1.24196546098975
PMVK	0.982951932690122
DMRT2	0.952713287730748
KHDRBS3	2.05039341266889
KHDRBS1	0.982951932690122
CELF1	1.07884952858265
CELF2	0.979753098033958
CES1	0.98246487716107
LBX1	0.97891388353545
KLF1	0.71650131047893
MIR34AHG	0.969343795308908
CXCR6	0.730118323494498
RNA45SN1	1.08779534512708
RNA18SN1	1.08779534512708
RNA5-8SN1	1.08779534512708
RNA28SN1	1.08779534512708
SNORD128	0.969343795308908
SNORD133	1.01423100355274
SCARNA28	1.17037000361717
SNORD134	0.986809853654872
SNORD135	0.71650131047893
SNORD136	0.730118323494498
SNORD142	0.979753098033958
SNORD143	0.982841762389136
SNORD144	0.982841762389136
SCARNA26A	0.982951932690122
SNORA86	0.979753098033958
SCARNA26B	0.982951932690122
SNORA87	0.97891388353545
SNORA88	1.07884952858265
SNORA89	0.764334413991476
SNORA90	1.48826986994562
SNORA91	0.717899370570668
SNORA92	0.720285108111023
SNORA93	0.720410490708883
SNORA94	0.730118323494498
SNORA95	0.434078096558972
SNORA98	0.94270636541698
SNORA99	0.433694208344174
SNORA100	1.02169470476617
SNORA103	0.991375931347093
SNORA104	0.71650131047893
SNORA105C	1.01423100355274
SNORA107	1.16077440404817
SNORA108	0.729564863856545
SNORA109	0.971983922050255
SNORA110	0.982951932690122
SNORA111	0.729564863856545
SNORD129	0.979753098033958
SNORD130	0.979753098033958
SNORD131	1.07884952858265
SNORD132	1.00240700458938
SNORD137	0.952713287730748
SNORD140	0.720285108111023
CTCF	0.971089603767894
TSBP1	1.04825237769963
CD226	0.729564863856545
MIR2117HG	1.00518177247207
LOC106660606	0.98246487716107
MIR4432HG	1.00240700458938
MIR5689HG	1.12568358502349
LINC00680	0.94270636541698
LINC00680-GUSBP4	0.94270636541698
FARS2	1.12568358502349
CGRRF1	0.764334413991476
CGREF1	1.01202671490066
LOC106699570	0.971089603767894
RRAGA	0.952713287730748
PRH1-TAS2R14	1.02278665752541
DCTN6	0.433694208344174
GNA13	1.00518177247207
TNFSF13B	1.16077440404817
PCF11-AS1	1.0798977924045
CSPG5	0.730118323494498
AVIL	1.01423100355274
B3GNT2	1.00240700458938
KCNK4-TEX40	1.07884952858265
CETN1	1.15931082987001
GNB5	1.15942294495005
EBP	1.0526427280961
BUB1B-PAK6	1.15942294495005
DLL3	1.24196546098975
CLDN16	1.03734056701319
WRB-SH3BGR	0.71893801338487
PNMA2	0.433694208344174
CETN2	1.21583421531377
FUT9	0.94270636541698
GMEB1	0.982951932690122
RRH	0.982841762389136
CCT6B	1.48826986994562
CCT8	0.71893801338487
CNPY3	1.04825237769963
CORIN	0.982841762389136
ADCY1	1.17037000361717
CETN3	0.981327424359639
LOC107001062	0.979753098033958
MIR3142HG	0.981327424359639
TBC1D7-LOC100130357	1.12568358502349
CNPY3-GNMT	1.04825237769963
CETP	0.98246487716107
LOC107105282	1.00240700458938
FAM189B	0.982951932690122
USP39	1.00240700458938
SMURF2P1-LRRC37BP1	1.01129990957445
POLD3	1.0798977924045
CERS1	0.71650131047893
TBR1	1.00240700458938
AOX3P-AOX2P	0.970894155693591
LINC02415	1.01423100355274
AP4B1	0.982951932690122
LINC01593	1.00240700458938
NRG3	0.97891388353545
PYDC5	0.982951932690122
CFL1	1.07884952858265
UGT2B11	0.982841762389136
POLQ	1.19833272410156
SLC12A7	1.19567882225115
OGA	0.97891388353545
NFAT5	0.971089603767894
NUDC	0.982951932690122
PTGES3	1.01423100355274
BOLA2-SMG1P6	0.98246487716107
CFL2	0.764334413991476
YME1L1	0.979753098033958
SETDB2-PHF11	1.16077440404817
TCFL5	1.3428247635557
PLK4	0.982841762389136
STAG3	1.17037000361717
STAG2	0.971983922050255
SIX2	1.00240700458938
RFPL3S	0.720285108111023
RFPL3	0.720285108111023
RFPL2	0.720285108111023
SCARNA21B	0.982951932690122
SCARNA18B	0.991375931347093
SNORA101A	0.982841762389136
SNORA101B	0.764334413991476
RFPL1S	1.25509584409354
RBBP9	1.01794118838271
RAI2	0.961550425812295
RAI1	0.749723017917101
PTTG2	0.982841762389136
PHTF1	0.982951932690122
MAP3K2	1.00240700458938
MASP2	0.969343795308908
KLRA1P	1.02278665752541
KIF1C	0.749723017917101
CTSC	1.0798977924045
GRAP	0.749723017917101
CHL1	0.720410490708883
CAPN9	1.02169470476617
LINC01976	1.00518177247207
GIPC1	0.71650131047893
TRAF3IP2	0.94270636541698
PLAC1	0.971983922050255
NUP50	0.720285108111023
NES	0.982951932690122
KDM5B	0.991375931347093
TOB2	0.720285108111023
HBS1L	0.94270636541698
AHCYL1	0.982951932690122
PLK2	0.981327424359639
ZMYND11	0.979753098033958
SRSF10	0.982951932690122
ZBTB6	0.963087641236575
POP4	0.71650131047893
ARPP19	1.15942294495005
ARPP21	0.720410490708883
ZNF271P	0.729564863856545
ZNF234	1.24196546098975
ZNF266	0.704151138682422
ZNF274	1.25334885646717
NEK6	0.963087641236575
WDR4	0.717899370570668
SLC17A3	1.12568358502349
NCKAP1	0.970894155693591
IQGAP2	0.981327424359639
VAMP5	1.00240700458938
ZNF273	1.17037000361717
ZNF460	1.25334885646717
ZNF268	1.01423100355274
MTHFD2	1.00240700458938
OR5I1	1.07884952858265
ELOA3C	0.729564863856545
SPEM3	0.749723017917101
UPK3BL2	1.17978731315435
LINC00415	1.33645054467716
LOC107984035	0.709018617651733
LOC107984036	0.982841762389136
LOC107984132	1.33645054467716
LOC107984208	0.979753098033958
LOC107984236	0.979753098033958
LOC107984265	0.97891388353545
LOC107984282	0.96610428515749
LOC107984341	1.07884952858265
SMIM38	1.07884952858265
LOC107984399	1.0798977924045
LOC107984507	1.02278665752541
LBHD2	0.771082865073358
LOC107984703	0.764334413991476
LINC01852	1.15942294495005
LOC107984784	1.13133433617156
LOC107984813	0.971089603767894
MMP2-AS1	0.98246487716107
LINC01772	0.982951932690122
LOC107984974	1.43941607542378
LOC107985033	1.48826986994562
LOC107985184	0.982951932690122
LOC107985246	0.991375931347093
LINC01791	1.13164416291439
ACBD3-AS1	0.991375931347093
LOC107985355	9.67759951617656e-10
LOC107985544	0.720285108111023
NCF4-AS1	0.720285108111023
FSIP2-AS1	0.970894155693591
LINC01826	1.00240700458938
LOC107985820	1.00240700458938
LOC107985856	1.01202671490066
LINC01833	1.00240700458938
LOC107985911	1.00240700458938
LOC107985939	1.00240700458938
LOC107985946	1.00240700458938
MDFIC2	0.723578923483452
LINC02018	0.723578923483452
LOC107986163	1.03734056701319
LINC02020	1.03734056701319
LINC02465	0.982841762389136
LINCADL	0.981327424359639
LOC107986453	0.981327424359639
LOC107986794	1.17037000361717
CZ1P-ASNS	1.17037000361717
LOC107986845	1.17978731315435
LOC107986876	0.433694208344174
LINC02055	2.05039341266889
OOSP4B	1.07884952858265
LINC02246	0.71893801338487
LOC107987389	0.730447216884634
RPP40	1.12568358502349
ADCY2	1.19567882225115
CFTR	1.17978731315435
CYSLTR1	0.971983922050255
SEPTIN9	0.986809853654872
SEC24A	0.981327424359639
CCR9	0.730118323494498
GJB6	1.33645054467716
SDCCAG8	1.02169470476617
ENTR1	0.963087641236575
HSPH1	1.33645054467716
STARD10	1.07884952858265
CGA	0.94270636541698
WASF3	1.33645054467716
NOXA1	0.963087641236575
UTP14A	0.971983922050255
CPLX2	0.981327424359639
CPLX1	0.982841762389136
SPINT3	1.3428247635557
FRS3	1.04825237769963
FRS2	1.01423100355274
OR7E14P	1.07884952858265
CGB3	1.24196546098975
OR7E12P	1.07884952858265
DIAPH2-AS1	0.971983922050255
NEU3	1.0798977924045
FAXDC2	0.981327424359639
FAM114A2	0.981327424359639
ZNF275	1.21583421531377
CEACAM3	1.24196546098975
ALDH1L1	1.19833272410156
FTCD	0.696368907296711
PPP1R17	1.17037000361717
TUBGCP2	0.96610428515749
CLPX	1.13133433617156
PDE10A	0.862327116139212
SRCAP	0.98246487716107
PPP1R13L	1.24196546098975
CD3EAP	1.24196546098975
CCL27	0.952713287730748
HPSE	0.982841762389136
RUVBL2	1.24196546098975
PGRMC1	0.971983922050255
LINP1	0.979753098033958
CYP46A1	0.764334413991476
LILRB1	1.25334885646717
SLC26A1	0.982841762389136
ADAM28	0.433694208344174
SLC22A7	1.04825237769963
ARID5A	1.00240700458938
HCP5	1.04825237769963
TSPAN9	1.02278665752541
USP20	0.963087641236575
USP19	0.730118323494498
CEACAM7	1.24196546098975
HCST	1.24196546098975
CD300C	0.986809853654872
ME3	1.0798977924045
NMU	0.982841762389136
FGL2	1.17037000361717
EDDM3A	0.764334413991476
CFHR4	0.991375931347093
CFHR3	0.991375931347093
LOC108783645	1.12568358502349
DINOL	1.04825237769963
LOC108783654	1.00518177247207
SMR3B	0.982841762389136
CEACAM8	1.24196546098975
ACTL7B	0.963087641236575
ACTL7A	0.963087641236575
C1QL1	1.00518177247207
MRPS30	1.19567882225115
WDR3	0.982951932690122
NPFFR2	0.982841762389136
GSC-DT	0.764334413991476
PROKR1	1.00240700458938
GPR83	1.0798977924045
CEACAM4	1.24196546098975
RAB10	1.01202671490066
ZNF8-ERVK3-1	1.25334885646717
PPARGC1A	0.982841762389136
MALT1	0.729564863856545
MMP24	1.3428247635557
LYVE1	1.07884952858265
ACBD7-DCLRE1CP1	0.979753098033958
PPBPP2	0.982841762389136
OCLM	0.991375931347093
YIF1A	1.07884952858265
CPSF4	1.17037000361717
JTB	0.982951932690122
ADCY3	1.01202671490066
RUNDC3A	1.00518177247207
DHRS4	0.764334413991476
BRD8	0.981327424359639
MTMR11	0.982951932690122
BLCAP	1.3428247635557
MAN1A2	0.982951932690122
TRAFD1	1.01423100355274
TXNL4A	0.729564863856545
PNPLA6	0.704151138682422
SUGT1	1.16077440404817
UTS2	0.969343795308908
GADD45G	0.975901197514351
EDAR	1.00240700458938
MASCRNA	1.07884952858265
TALAM1	1.07884952858265
PAPOLA	0.764334413991476
TCERG1	0.981327424359639
MAGED2	0.971983922050255
BTNL3	0.981327424359639
EHMT2	1.04825237769963
COPS8	0.970894155693591
RNPS1	0.98246487716107
FASTK	1.24449465772
SUB1	1.19567882225115
SMPDL3A	0.94270636541698
DBF4	1.17037000361717
SPIN1	0.975901197514351
RALBP1	1.15931082987001
ARHGAP27P1-BPTFP1-KPNA2P3	1.00518177247207
SRSF8	1.0798977924045
APOBEC2	1.04825237769963
MORF4L1	1.13133433617156
PRDX3	0.96610428515749
GPR75	1.00240700458938
EHD1	1.07884952858265
AFG3L2	1.15931082987001
POP1	1.01569444866679
UGT2A1	0.982841762389136
PRSS21	0.98246487716107
MSL3	0.681263242067964
C11orf58	1.07884952858265
KDELR1	1.24196546098975
SF3A3	0.982951932690122
AP3M2	0.416558022388397
STARD3	1.00518177247207
HNRNPA0	0.981327424359639
BTG3	0.71893801338487
ERV3-1-ZNF117	1.17037000361717
CBX1	1.00518177247207
SEC61B	0.963087641236575
TOMM34	1.3428247635557
PDIA5	1.19833272410156
SERINC3	1.3428247635557
OS9	1.01423100355274
PNRC1	0.94270636541698
TMED2	1.01423100355274
LMAN2	0.981327424359639
ERP29	1.01423100355274
SNORA50D	0.981327424359639
SNORA80C	0.98246487716107
SNORA10B	1.01202671490066
SNORA11G	0.971983922050255
SNORA15B-1	1.17037000361717
SNORA20B	1.17037000361717
SNORA22B	1.17037000361717
SNORA22C	1.17037000361717
SNORA31B	1.16077440404817
SNORA40B	1.00240700458938
SNORA40C	0.94270636541698
SNORA48B	0.681263242067964
SNORA63C	0.982951932690122
SNORA63D	1.03734056701319
SNORA68B	1.13164416291439
SNORA70J	0.981327424359639
SNORA74C-1	0.979753098033958
SNORA74D	0.981327424359639
SNORA79B	0.764334413991476
SNORA9B	1.01423100355274
SNORD31B	1.16077440404817
SNORD38D	0.416558022388397
SNORD65B	0.416558022388397
SNORD65C	1.17037000361717
SNORD77B	1.01569444866679
SNORD3F	0.433694208344174
SNORD3G	0.982951932690122
SNORD3J	0.979753098033958
SNORD13F	1.07884952858265
SNORD13G	1.16077440404817
SNORD13I	1.0798977924045
SNORD13C	0.982951932690122
SNORD13D	1.13133433617156
SNORD19C	0.730118323494498
SNORA30B	0.952713287730748
SNORA70H	0.991375931347093
SNORA75B	0.982841762389136
SNORD70B	0.970894155693591
SNORD3I	0.433694208344174
SNORA3C	0.98246487716107
SNORA50B	0.720285108111023
SNORA80D	1.10834731360131
SNORA11F	0.979753098033958
SNORA1B	1.01569444866679
SNORA21B	1.48826986994562
SNORA24B	1.13133433617156
SNORA35B	0.971983922050255
SNORA41B	1.15942294495005
SNORA63B	1.03734056701319
SNORA63E	1.03734056701319
SNORA70I	0.970894155693591
SNORA74C-2	0.979753098033958
SNORA77B	1.65854047521834
SNORD28B	0.749110827107011
SNORD53B	1.01202671490066
SNORD63B	0.981327424359639
SNORD74B	0.71893801338487
SNORD3E	0.971983922050255
SNORD3H	1.01569444866679
SNORD3K	1.00240700458938
SNORD13H	0.971089603767894
SNORD13E	1.13133433617156
SNORA15B-2	1.17037000361717
SNORA58B	0.982951932690122
SNORD38C	0.730118323494498
SNORD13J	0.730118323494498
MLLT11	0.982951932690122
SNORD155	1.19833272410156
SNORD157	1.25334885646717
SNORD159	0.696368907296711
SNORD161	0.982841762389136
SNORD162	0.982841762389136
SNORD165	1.10834731360131
SNORD167	0.969343795308908
SNORD168	2.05039341266889
SNORD170	1.19567882225115
SNORA25B	1.17978731315435
SNORD138	0.981327424359639
SNORA113	1.01423100355274
SNORA116	0.749110827107011
SNORA117	1.3428247635557
SNORA119	0.971089603767894
SNORD147	1.07884952858265
SNORD148	0.98246487716107
SNORD150	1.0798977924045
SNORD151	1.17037000361717
SNORD175	1.24196546098975
SNORD158	0.96610428515749
SNORD172	0.97891388353545
SNORD145	0.982951932690122
SNORD152	1.24196546098975
SNORD154	1.3428247635557
SNORD156	0.94270636541698
SNORD160	0.982951932690122
SNORD163	0.749723017917101
SNORD166	0.94270636541698
SNORD169	0.764334413991476
SNORD173	1.01569444866679
SNORA112	1.00240700458938
SNORA115	0.970894155693591
SNORA118	0.71650131047893
SNORD146	0.730118323494498
SNORD149	1.02360093995737
SNORD153	1.0798977924045
SNORD164	1.07884952858265
SNORA114	1.10834731360131
STIP1	1.07884952858265
IFI44L	0.982951932690122
ACOT2	0.764334413991476
RAB40B	0.986809853654872
EBNA1BP2	0.982951932690122
CKAP4	1.01423100355274
HTD2	0.730118323494498
YWHAQ	1.01202671490066
TMED10	0.764334413991476
SNORA120	1.02278665752541
KRT7-AS	1.01423100355274
LINC01930	0.982951932690122
LINC02231	1.01423100355274
LINC02233	0.716789838124403
LINC02236	1.19567882225115
MIR4422HG	0.982951932690122
MEF2C-AS2	0.981327424359639
TDRKH-AS1	0.982951932690122
POC1B-AS1	1.01423100355274
LNCSRLR	1.21511111792987
LINC02234	0.981327424359639
LINC02238	0.982951932690122
LINC02154	0.681263242067964
TFAP2A-AS2	1.12568358502349
MIR4713HG	1.15942294495005
SNHG26	1.17037000361717
ZNF710-AS1	1.13133433617156
DM1-AS	1.24196546098975
SLC12A5-AS1	1.3428247635557
ASCC3	0.94270636541698
ADIRF	0.97891388353545
UQCR11	0.672745602694723
CLP1	1.07884952858265
FERMT2	0.764334413991476
COPS6	1.17037000361717
RAB32	0.94270636541698
MAPRE2	0.729564863856545
CCNI	0.982841762389136
KCNQ1OT1	1.07884952858265
GCN1	1.01423100355274
MIR302CHG	0.982841762389136
RNA18SN4	0.736942594729667
RNA5-8SN4	0.736942594729667
RNA45SN2	1.08779534512708
RNA18SN2	1.08779534512708
RNA5-8SN2	1.08779534512708
RNA28SN2	1.08779534512708
COPS5	1.01569444866679
METAP2	1.01423100355274
IMMT	1.00240700458938
LILRB5	1.25334885646717
SLC38A3	0.730118323494498
RNA45SN3	1.08779534512708
RNA18SN3	1.08779534512708
RNA5-8SN3	1.08779534512708
RNA28SN3	1.08779534512708
SF3B2	1.07884952858265
SDS	1.01423100355274
ILVBL	0.71650131047893
PKD1P3-NPIPA1	0.98246487716107
SLC27A5	1.25334885646717
SLC27A4	0.963087641236575
SLC27A3	0.982951932690122
PKD1P5-LOC105376752	0.98246487716107
PPIP5K1P1-CATSPER2	1.15942294495005
ANKRD20A4-ANKRD20A20P	0.709018617651733
SLC27A2	1.15942294495005
KIF2C	0.982951932690122
SPINK5	0.981327424359639
LILRB4	1.25334885646717
CCDC85B	1.07884952858265
IL24	0.991375931347093
LOC110091768	0.730447216884634
C21orf59-TCP10L	0.71893801338487
LOC110091776	0.71893801338487
CHAD	1.00518177247207
GLIPR1	1.01423100355274
TLK2	1.00518177247207
ZNF765-ZNF761	1.25334885646717
P3R3URF	0.982951932690122
LOC110117498-PIK3R3	0.982951932690122
KLK11	1.24196546098975
TMSB15A	0.971983922050255
KDELR2	1.10834731360131
KDELR3	0.720285108111023
ATF7	1.01423100355274
SNRNP27	1.00240700458938
MIR4527HG	0.729564863856545
TMED1	0.704151138682422
LIAS	0.982841762389136
RCBTB2	1.16077440404817
IFT27	0.720285108111023
RAB35	1.01423100355274
TDRKH	0.982951932690122
VAX1	0.96610428515749
PANCR	0.982841762389136
LILRA1	1.25334885646717
LILRB3	1.25334885646717
LILRA2	1.25334885646717
CHAT	0.979753098033958
RBPMS	0.433694208344174
RAB31	1.15931082987001
ADAP1	1.10834731360131
DSTN	1.01794118838271
RIPK3	0.764334413991476
ZNF660-ZNF197	0.730118323494498
GTF2A1L	1.00240700458938
STON1	1.00240700458938
LOC110384692	1.04825237769963
RCC1	0.982951932690122
PIM2	1.0526427280961
B4GAT1	1.07884952858265
SMA5	0.981327424359639
MID2	0.971983922050255
FLICR	1.0526427280961
TENT4A	1.19567882225115
UPK1A	1.24196546098975
SLC35D2	0.970815788272126
ADRM1	1.3428247635557
CHD1	0.981327424359639
NUDT21	0.98246487716107
CPSF6	1.01423100355274
OGFR	1.3428247635557
ZPBP	1.17037000361717
DDX52	1.48826986994562
ABHD2	1.13133433617156
WWP1	1.01569444866679
LY6G6F-LY6G6D	1.04825237769963
EEF1AKMT4	1.03734056701319
UC.134	1.06598575216065
EEF1AKMT4-ECE2	1.03734056701319
ASDURF	0.970894155693591
C5-OT1	0.963087641236575
CHD2	1.13133433617156
WWP2	0.971089603767894
CNMD	1.16077440404817
DUS4L	1.17978731315435
SOX30	0.981327424359639
CNTRL	0.963087641236575
UBE2C	1.3428247635557
SNRNP35	1.01423100355274
DEPP1	0.979753098033958
CYB561D2	0.730118323494498
RAPGEF4	0.970894155693591
CHD3	0.749723017917101
TMEM115	0.730118323494498
DUSP14	1.48826986994562
TOPBP1	0.986056538996622
TRIM31	1.12568358502349
STMN2	1.01569444866679
TPPP	1.19567882225115
HSF2BP	0.717899370570668
TRIOBP	0.720285108111023
RER1	0.969343795308908
CHD4	1.02278665752541
DNAJB4	0.982951932690122
BTG3-AS1	0.71893801338487
SLC5A4-AS1	0.720285108111023
LINC02474	0.991375931347093
SMIM28	0.94270636541698
LIF-AS1	0.720285108111023
LINC02561	0.979753098033958
LINC02567	0.982951932690122
MYOCOS	0.991375931347093
LINC02258	1.01423100355274
C1orf232	0.982951932690122
C17orf113	1.00518177247207
ETDC	0.971983922050255
FLNC-AS1	1.17978731315435
LINC02560	1.25334885646717
SLC25A34-AS1	0.982951932690122
GPC3-AS1	0.971983922050255
KERA	1.01423100355274
ESM1	0.981327424359639
DIDO1	1.3428247635557
CAMTA1-DT	0.969343795308908
LAMC1-AS1	0.991375931347093
ADAM30	0.982951932690122
ADAM29	0.716789838124403
AKR1C4	0.979753098033958
WDR5	0.963087641236575
SPACA9	0.963087641236575
ADAMTS13	0.963087641236575
CACFD1	0.963087641236575
ADAMTS8	1.0798977924045
ADAMTS5	0.71893801338487
NUP42	1.17037000361717
PRSS23	1.0798977924045
PTPN21	0.764334413991476
ADCY5	1.19833272410156
HNRNPUL1	1.24196546098975
ATE1	0.96610428515749
RPP14	0.730118323494498
KRR1	1.01423100355274
KATNA1	0.749110827107011
PRDM7	0.971089603767894
TPM1-AS	1.13133433617156
CSNKA2IP	0.434078096558972
SMIM33	0.981327424359639
PRDM5	0.982841762389136
PRDM4	1.01423100355274
CFTR-AS1	1.17978731315435
LINC02155	1.01569444866679
CXXC5-AS1	0.981327424359639
LINC02156	1.01423100355274
LINC02569	1.04825237769963
LINC02488	0.981327424359639
MMP24-AS1-EDEM2	1.3428247635557
CHEK1	1.0798977924045
HIBADH	1.17037000361717
CIT	1.01423100355274
FGFR1OP	0.862327116139212
EMILIN1	1.01202671490066
BTN3A2	1.12568358502349
LYNX1-SLURP2	1.02360093995737
BTN3A1	1.12568358502349
FOXN3	0.764334413991476
BTN2A1	1.12568358502349
KIF26B-AS1	1.02169470476617
LINC02574	0.982951932690122
BNC2-AS1	0.952713287730748
LINC02573	0.71893801338487
LINC02575	0.696368907296711
LINC02578	0.963087641236575
PTPRT	1.3428247635557
RCAN3	0.982951932690122
FAF1	0.982951932690122
CRYZL2P-SEC16B	0.991375931347093
CD160	0.982951932690122
KIF3A	0.981327424359639
POLR3A	0.97891388353545
CLASRP	1.24196546098975
CHGA	0.764334413991476
ZWINT	0.979753098033958
CAPN11	1.04825237769963
CAPN10	0.966350804585467
KPTN	1.24196546098975
CDC42EP1	0.720285108111023
SLC7A9	1.13164416291439
PWP1	1.01423100355274
TBC1D8	1.00240700458938
CHGB	1.01794118838271
CDC37	0.704151138682422
IL1RAPL1	0.742060425418264
PKIG	1.3428247635557
KAT7	1.00518177247207
DMC1	0.720285108111023
PLAAT3	1.07884952858265
GLMN	0.982951932690122
HHLA3	0.982951932690122
HHLA2	1.19833272410156
BVES	0.94270636541698
CORO1A	0.98246487716107
WDR45	1.0526427280961
FICD	1.01423100355274
AP4S1	0.764334413991476
LDB3	0.97891388353545
PTP4A3	2.05039341266889
LSM6	0.708330872516
RABL2B	0.73920158822585
RABL2A	1.00240700458938
CHI3L1	0.991375931347093
ERLIN2	0.416558022388397
ERG28	0.764334413991476
NUDT6	0.982841762389136
NUDT4	1.01423100355274
NUDT5	0.979753098033958
NUDT3	1.04825237769963
SOX21	1.16077440404817
FSTL1	1.19833272410156
PSIP1	0.952713287730748
WDHD1	0.764334413991476
CHI3L2	0.982951932690122
FAM107A	0.730118323494498
STRAP	1.02278665752541
INSL6	0.952713287730748
ADAMTS7	1.13133433617156
ADAMTS6	0.981327424359639
BAZ2A	1.01423100355274
BAZ1A	0.764334413991476
LZTS1	0.433694208344174
ZNF277	1.17978731315435
CHIT1	0.991375931347093
WDR6	0.730118323494498
TREH	1.0798977924045
SLC2A6	0.963087641236575
ATRIP-TREX1	0.730118323494498
MAP4K5	0.764334413991476
MAP4K1	1.24196546098975
INMT	1.17037000361717
RASSF1	0.730118323494498
PKP3	1.07884952858265
NISCH	0.730118323494498
CELF3	0.982951932690122
CHKA	1.07884952858265
CEP250	1.3428247635557
PTENP1	0.952713287730748
WBP4	1.16077440404817
ABCB8	1.24449465772
SEC23IP	0.96610428515749
WIF1	1.01423100355274
SUPT16H	0.764334413991476
ANXA10	0.716789838124403
ADCY6	1.01423100355274
CHKB	0.73920158822585
CHEK2	1.25509584409354
POLI	0.729564863856545
KLK8	1.24196546098975
MST1P2	0.982951932690122
CHM	0.971983922050255
FZD10	1.01423100355274
PLPBP	0.416558022388397
IRAK3	1.01423100355274
AKAP13	1.13133433617156
AKAP11	1.16077440404817
AKAP10	0.749723017917101
AKAP2	0.963087641236575
DDX20	0.982951932690122
TREX2	1.21583421531377
CHML	1.02169470476617
DUSP10	0.991375931347093
MRPL3	0.986056538996622
MST1L	0.982951932690122
RPL35	0.963087641236575
GALNT6	1.01423100355274
LOC112267871	0.982951932690122
LOC112267881	1.25334885646717
LOC112267983	1.17037000361717
LOC112268068	0.979753098033958
LOC112268105	1.01423100355274
LOC112268114	1.16077440404817
LOC112268117	1.16077440404817
LOC112268124	0.764334413991476
LOC112268140	0.764334413991476
LOC112268173	0.98246487716107
LOC112268354	1.25334885646717
LOC112268355	1.25334885646717
GALNT5	1.00240700458938
RASSF8	1.24074736084
CHN1	0.970894155693591
PRAF2	1.0526427280961
SEC63	0.94270636541698
POLG2	1.00518177247207
HPS5	1.07884952858265
PDCD10	1.2087165663813
RNF139	2.05039341266889
RNF24	1.01794118838271
CA5B	0.681263242067964
EGLN2	1.24196546098975
EGLN3	0.764334413991476
CHN2	1.17037000361717
PADI2	0.982951932690122
BIRC8	1.25334885646717
PMF1	0.982951932690122
ZHX1	2.05039341266889
TMEM271	0.982841762389136
SHLD3	0.981327424359639
GPR176	1.15942294495005
CAVIN3	1.07884952858265
NXPH4	1.01423100355274
PRRT2	0.98246487716107
ERI2	0.98246487716107
NXPH3	1.00518177247207
SAT2	0.749723017917101
DTD2	0.764334413991476
NXPH2	1.00240700458938
GTF3C6	0.94270636541698
GPR45	1.00240700458938
PTGDR2	1.07884952858265
PACSIN2	0.720285108111023
MAN1B1	0.963087641236575
SLC6A14	0.971983922050255
MAPK6-DT	1.15942294495005
LOC112543491	0.982951932690122
SIRLNT	0.416558022388397
HRH3	1.3428247635557
TP53TG1	1.17037000361717
SNX18	0.981327424359639
LOC112577516	0.96610428515749
MUC5B-AS1	1.07884952858265
LOC112577592	1.15931082987001
DCTN3	0.952713287730748
FILIP1L	1.19833272410156
HPAT5	0.862327116139212
CYTOR	1.00240700458938
XPOT	1.01423100355274
MRAP2	0.94270636541698
CHP1	1.15942294495005
RWDD2A	0.94270636541698
CMTM7	0.720410490708883
SP140	0.970894155693591
SREBF2-AS1	0.720285108111023
PXMP4	1.3428247635557
DUSP12	0.991375931347093
SNF8	1.00518177247207
DDX19B	0.971089603767894
LOC112694756	0.98246487716107
NRM	1.04825237769963
FAM71E1	1.24196546098975
TUBA3E	1.00240700458938
PRR4	1.02278665752541
RDH13	1.25334885646717
ATXN2L	0.98246487716107
USP18	0.736942594729667
IL17F	1.04825237769963
KLHL2	0.716789838124403
IFT43	0.764334413991476
STX1B	0.98246487716107
SYNRG	1.48826986994562
TREX1	0.730118323494498
GLMP	0.982951932690122
KLF12	1.16077440404817
KLF8	0.971983922050255
CHRM1	1.07884952858265
SCN11A	0.720410490708883
KRT71	1.01423100355274
TBILA	1.19833272410156
POU6F2	1.17037000361717
FDX2	0.704151138682422
HOGA1	0.97891388353545
MGAT4B	0.981327424359639
CYP4F8	0.71650131047893
PNKP	1.24196546098975
WDR89	0.764334413991476
ZKSCAN7-AS1	0.730118323494498
NGF-AS1	0.982951932690122
L3HYPDH	0.764334413991476
B4GALT7	0.981327424359639
TP53RK	1.3428247635557
SGF29	0.98246487716107
PHF21B	0.720285108111023
CHRM2	1.17978731315435
LINC02605	1.01569444866679
SCAT2	1.01423100355274
SCAT8	0.94270636541698
VPS26B	1.0798977924045
GLB1L3	1.0798977924045
NACC1	0.71650131047893
CFAP36	1.00240700458938
MED8	0.982951932690122
KTI12	0.982951932690122
ADCY7	0.98246487716107
LYST	1.02169470476617
RPUSD1	0.98246487716107
PLCD3	1.00518177247207
SLCO2B1	1.0798977924045
PTH2	1.24196546098975
CHRM3	1.02169470476617
VPS45	0.982951932690122
MTFR2	0.94270636541698
LYPLA2	0.982951932690122
CDCA5	1.07884952858265
CD300A	0.986809853654872
AHNAK2	0.771082865073358
PARK7	0.969343795308908
RPLP0P2	1.07884952858265
COPE	0.71650131047893
RBPJL	1.3428247635557
SAAL1	1.07884952858265
IZUMO4	0.672745602694723
SCAMP4	0.672745602694723
ADAT3	0.672745602694723
GPR182	1.01423100355274
CHST14	1.15942294495005
ECD	0.979753098033958
CHRM4	1.07884952858265
MGAT4A	1.00240700458938
CASC4	1.15942294495005
GPN1	1.01202671490066
TIMM23B-AGAP6	0.979753098033958
TMC6	0.986809853654872
KIF12	0.963087641236575
MISP3	0.71650131047893
SLC46A1	1.01129990957445
C12orf57	1.02278665752541
DDX42	1.00518177247207
LARP4	1.01423100355274
VSIG4	0.971983922050255
GLCCI1	0.932380436661844
TMEM106A	1.00518177247207
SLC52A3	1.04060686127253
FKBP9	1.17037000361717
STK38	1.04825237769963
CHRM5	1.15942294495005
CTRC	0.982951932690122
PHB2	1.02278665752541
ACOT7	0.969343795308908
PDAP1	1.17037000361717
TUSC2	0.730118323494498
CBX3	1.17037000361717
EXOC3	1.19567882225115
GABARAP	0.749723017917101
U2AF2	1.25334885646717
OIP5	1.15942294495005
TMEM274P	0.969343795308908
CHRNA1	0.970894155693591
EXOSC8	1.16077440404817
SFT2D1	0.862327116139212
SCRG1	0.716789838124403
TEX261	1.00240700458938
RNF13	1.21511111792987
MGLL	1.19833272410156
TWF2	0.730118323494498
SMIM12	0.982951932690122
GABARAPL2	0.971089603767894
AZIN2	0.982951932690122
TMEM54	0.982951932690122
DERPC	0.971089603767894
TUBA3D	1.00240700458938
SYNPO	0.981327424359639
CHRNA2	0.433694208344174
HELQ	0.982841762389136
SMIM40	1.04825237769963
SMIM41	1.01423100355274
DCXR-DT	0.986809853654872
LINC02617	1.02278665752541
CMTM1	0.98246487716107
CHRNA3	1.13133433617156
CYP2U1	0.982841762389136
ADPRHL1	1.16077440404817
HEAT2	0.97891388353545
MFSD3	1.02360093995737
SDSL	1.01423100355274
TUBA3FP	0.730447216884634
CHRNA4	1.3428247635557
KLHDC7B	0.73920158822585
ODF3	1.07884952858265
ZBED6CL	1.24449465772
PIK3IP1	0.720285108111023
CHRNA5	1.13133433617156
HENMT1	0.982951932690122
FAM83F	0.720285108111023
SLC35A4	0.981327424359639
ZNF257	0.71650131047893
DTX2	1.17037000361717
BMS1P2-AGAP9	0.979753098033958
BMS1P4-AGAP5	0.97891388353545
ADCY8	2.05039341266889
CHRNB1	0.749723017917101
PARGP1-AGAP4	0.979753098033958
MYOPARR	0.991375931347093
LNCRNA-ATB	0.764334413991476
CA5BP1-CA5B	0.681263242067964
ZIM3	1.25334885646717
TOE1	0.982951932690122
LINC00310	0.71893801338487
B3GALT5-AS1	0.71893801338487
LINC00334	0.696368907296711
TSPEAR-AS2	0.696368907296711
MCM3AP-AS1	0.696368907296711
BUD23	1.17037000361717
TRIM9	0.764334413991476
CHRNB2	0.982951932690122
ATF7-NPFF	1.01423100355274
TXNRD3	1.19833272410156
ARHGAP11A-SCG5	1.15942294495005
UCN3	0.979753098033958
SIGLEC11	1.24196546098975
SLC2A13	1.01423100355274
CHRNB3	0.416558022388397
LACTB	1.13133433617156
PALM2	0.963087641236575
CHRNB4	1.13133433617156
EFHC1	1.04825237769963
CGB1	1.24196546098975
CGB2	1.24196546098975
CHRND	0.970894155693591
LOC114483833	1.24449465772
LOC114483834	1.24449465772
CHRNE	0.749723017917101
NLRP3	1.02169470476617
MAL2	2.05039341266889
SLC22A9	1.07884952858265
SNORD15B	1.0798977924045
CHRNG	0.970894155693591
TIRAP	1.0798977924045
MIR155HG	0.71893801338487
ERMAP	0.982951932690122
SNORD73B	0.983733746955767
LRRC37B	1.43941607542378
CHUK	0.97891388353545
CYGB	0.986809853654872
CARD16	1.0798977924045
PGLYRP2	0.71650131047893
PGLYRP3	0.982951932690122
PKD1L2	0.971089603767894
BTBD9	1.04825237769963
LMTK3	1.24196546098975
CSMD2	0.982951932690122
MBD6	1.01423100355274
XKR4	1.01569444866679
GPRIN1	0.981327424359639
CSMD3	1.0381909863396
SLC25A25	0.963087641236575
STK11IP	0.970894155693591
TUBGCP5	1.15942294495005
KLHL32	0.94270636541698
FMNL2	1.00240700458938
ELFN2	0.720285108111023
TMEM132B	1.01423100355274
PSMG3-AS1	1.10834731360131
SLITRK1	1.16077440404817
ESCO1	0.729564863856545
CCDC85A	1.00240700458938
TMEM200A	0.94270636541698
MYSM1	0.982951932690122
RNF157	0.986809853654872
GALNT13	1.00240700458938
GNRHR2	0.982951932690122
SORCS1	0.97891388353545
KLHL29	1.01202671490066
CROCCP3	0.982951932690122
ZBED9	1.12568358502349
RHPN1	1.02360093995737
LENG8	1.25334885646717
PNMA5	1.21583421531377
PWWP2A	0.981327424359639
SMYD4	0.7295394616866
FHAD1	0.982951932690122
SLAMF6	0.982951932690122
OSBPL1A	0.729564863856545
OSBPL5	1.07884952858265
OSBPL6	0.970894155693591
OSBPL7	1.00518177247207
OSBPL8	1.01423100355274
OSBPL9	0.982951932690122
OSBPL10	0.720410490708883
OSBPL11	1.19833272410156
C1QTNF1	0.986809853654872
C1QTNF2	0.981327424359639
C1QTNF3	1.19567882225115
CIDEA	1.15931082987001
C1QTNF4	1.07884952858265
C1QTNF5	1.0798977924045
C1QTNF6	0.720285108111023
C1QTNF7	0.982841762389136
FBXO32	2.05039341266889
TMEM123	1.0798977924045
EPB41L4A-AS1	0.981327424359639
SMIM19	0.416558022388397
GPRASP2	0.971983922050255
MRFAP1L1	0.982841762389136
TSGA13	1.17978731315435
PTPMT1	1.07884952858265
FLYWCH2	0.98246487716107
WDR31	0.963087641236575
VASN	0.98246487716107
ZNF618	0.963087641236575
ADCY9	0.98246487716107
CGAS	0.94270636541698
SLC26A9	0.991375931347093
NT5C3B	1.00518177247207
CCDC124	0.71650131047893
HAUS1	0.729564863856545
TNFRSF14-AS1	0.969343795308908
SLC26A7	1.01569444866679
MARCH3	0.981327424359639
ZNF554	0.672745602694723
CKB	0.771082865073358
ATG4A	0.971983922050255
KCTD12	1.16077440404817
OMA1	0.982951932690122
DDIT4L	0.982841762389136
RAB42	0.982951932690122
SLC25A26	0.723578923483452
FBXO17	1.24196546098975
PCMTD1	1.01569444866679
CIRBP	0.672745602694723
GPR146	1.10834731360131
FCRL1	0.982951932690122
FCRL3	0.982951932690122
LRRC42	0.982951932690122
GBP4	0.982951932690122
GBP5	0.982951932690122
LRRC56	1.07884952858265
CISH	0.730118323494498
MALSU1	1.17037000361717
UHRF2	0.952713287730748
TBCB	1.24196546098975
ZNF689	0.98246487716107
FCHO2	0.981327424359639
ARHGEF25	1.01423100355274
ZNF501	0.730118323494498
TENT5B	0.982951932690122
SLC5A11	0.98246487716107
TNFRSF13C	0.720285108111023
KIR3DL3	1.25334885646717
NOSTRIN	1.00240700458938
ALPK2	0.729564863856545
ARHGAP33	1.24196546098975
EVI5L	0.704151138682422
TRMT61A	0.771082865073358
RASGRP4	1.24196546098975
C12orf56	1.01423100355274
DIS3L	1.13133433617156
ARL11	1.16077440404817
FANCD2OS	0.720410490708883
CKM	1.24196546098975
IQCD	1.01423100355274
DHRS1	0.764334413991476
WDFY2	1.16077440404817
RAB3C	0.981327424359639
NXNL1	0.71650131047893
CKMT1B	1.15942294495005
CTHRC1	1.01569444866679
TSR3	0.98246487716107
CCDC151	0.748368687962694
ZNF653	0.748368687962694
RNF166	0.971089603767894
ADCYAP1	1.15931082987001
CKMT2	0.981327424359639
RMI2	0.98246487716107
OSR2	1.01569444866679
LRRC58	1.19833272410156
LYSMD3	0.981327424359639
BATF2	1.07884952858265
SLC22A12	1.07884952858265
DNTTIP1	1.3428247635557
DIRC1	0.970894155693591
ERCC8	0.981327424359639
FOXP4	1.04825237769963
ZNF526	1.24196546098975
FMO9P	0.991375931347093
LRRC3B	0.720410490708883
KLHDC3	1.04825237769963
WDR92	1.00240700458938
NUS1	0.94270636541698
FAM210B	1.3428247635557
PHACTR3	1.3428247635557
CYYR1	0.71893801338487
CMTM5	0.764334413991476
TGM7	1.15942294495005
TM4SF19	1.03734056701319
FAM122A	0.975901197514351
ZMYND19	0.963087641236575
COX20	1.02169470476617
ABHD15	1.01129990957445
TLCD1	1.01129990957445
GINM1	0.749110827107011
MOGAT1	0.970894155693591
ACSM1	0.98246487716107
CKS1B	0.982951932690122
C8orf34	1.01569444866679
PANX3	1.0798977924045
EXOC3-AS1	1.19567882225115
RBP7	0.969343795308908
SLC26A8	1.04825237769963
LYPD1	1.00240700458938
IL22RA2	0.94270636541698
CKS2	0.975901197514351
ZNF837	1.25334885646717
LINC01257	1.01423100355274
TM4SF18	1.21511111792987
RAB39B	1.15404773795701
GRIN3A	0.963087641236575
GRIN3B	0.672745602694723
TOP1MT	1.02360093995737
OLIG1	0.71893801338487
CLNK	0.982841762389136
TSEN15	0.991375931347093
NIBAN1	0.991375931347093
MAS1L	1.12568358502349
MRGPRD	1.07884952858265
APOA5	1.0798977924045
MRGPRE	1.07884952858265
MRGPRF	1.07884952858265
MRPL53	1.00240700458938
MRPL54	0.672745602694723
PPP1R27	0.986809853654872
N4BP2L2-IT2	1.33645054467716
RPL39L	1.03734056701319
HSPA12B	1.01794118838271
CNTROB	0.749723017917101
SNAP47	0.991375931347093
LEAP2	0.981327424359639
SLC18B1	0.94270636541698
LRG1	0.704151138682422
MED12L	1.21511111792987
CLRN1-AS1	1.21511111792987
SNORD139	0.720285108111023
SNORD83A	0.720285108111023
SNORD83B	0.720285108111023
WDR17	0.716789838124403
ART5	1.07884952858265
ACAP3	0.969343795308908
ARAP2	0.982841762389136
ARAP1	1.07884952858265
AGAP2	1.01423100355274
AGAP1	0.970894155693591
AGAP3	1.24449465772
ADCYAP1R1	1.17037000361717
TADA1	0.991375931347093
CATSPER1	1.07884952858265
THEM4	0.982951932690122
DACH2	0.971983922050255
CATSPER2	1.15942294495005
SCGB3A2	0.981327424359639
SH2D1B	0.991375931347093
DCD	1.01423100355274
WFIKKN1	0.98280619354904
RAB3IP	1.01423100355274
SSX2IP	0.982951932690122
MRGPRX2	1.07884952858265
MRGPRX3	1.07884952858265
MRGPRX4	1.07884952858265
PLAAT5	1.07884952858265
FTSJ3	1.00518177247207
SLC16A10	0.94270636541698
GALNT15	0.720410490708883
IP6K3	1.04825237769963
DEFB118	1.3428247635557
CIB3	0.71650131047893
TAGAP	0.749110827107011
AP2M1	1.03734056701319
AP1S1	1.17978731315435
AP2S1	1.24196546098975
TMC1	0.975901197514351
TMC2	1.04060686127253
RLN3	0.71650131047893
TWIST2	0.966350804585467
PARD3B	0.970894155693591
RFFL	1.48826986994562
AP3S1	0.981327424359639
ZNF354B	0.981327424359639
CLC	1.24196546098975
TRIM6	1.07884952858265
CLCA1	0.982951932690122
ADD1	0.982841762389136
CLCN1	1.17978731315435
CLCN2	1.03734056701319
CLCN3	0.716789838124403
CLCN4	0.681263242067964
CLCN5	1.0526427280961
LINC00161	0.71893801338487
UBE2J2	0.969343795308908
PCAT4	0.982841762389136
BORCS5	1.02278665752541
OLFM3	0.982951932690122
ANTXR2	0.982841762389136
MUCL1	1.01423100355274
RPL29P2	0.749723017917101
RPL23AP7	1.00240700458938
GPR62	0.730118323494498
EXOSC6	0.971089603767894
C10orf71	0.979753098033958
PRAP1	0.96610428515749
ZNF511	0.96610428515749
CHCHD1	0.97891388353545
MSS51	0.97891388353545
CFAP70	0.979753098033958
CLCN6	0.969343795308908
CLCN7	0.98246487716107
C10orf90	0.96610428515749
BTBD16	0.96610428515749
FAM24A	0.96610428515749
PSTK	0.96610428515749
CLCNKA	0.982951932690122
ZNF488	0.979753098033958
PIK3AP1	0.97891388353545
CLCNKB	0.982951932690122
MORN4	0.97891388353545
ZFYVE27	0.97891388353545
MMP21	0.96610428515749
COMTD1	0.97891388353545
FRA10AC1	0.97891388353545
ANKRD22	0.97891388353545
SFXN2	0.97891388353545
PDZD8	0.96610428515749
ADD2	1.00240700458938
AGAP4	0.979753098033958
BORCS7	0.97891388353545
CLU	0.433694208344174
LYZL2	0.979753098033958
CLIC1	1.04825237769963
CLIC2	1.15404773795701
NUDT9P1	0.97891388353545
AGAP11	0.97891388353545
GSTO2	0.97891388353545
SFR1	0.97891388353545
CALHM3	0.97891388353545
CTAGE7P	0.96610428515749
CLRN3	0.96610428515749
CLK1	0.970894155693591
ANAPC16	0.979753098033958
PNLIPRP3	0.96610428515749
SFXN4	0.96610428515749
CPXM2	0.96610428515749
CLK2	0.982951932690122
OR52E2	1.07884952858265
OR52J3	1.07884952858265
OR51L1	1.07884952858265
OR51A7	1.07884952858265
OR51S1	1.07884952858265
OR51F2	1.07884952858265
OR52R1	1.07884952858265
CLK2P1	1.17037000361717
C11orf74	1.07884952858265
OR4C46	1.07884952858265
OR4X2	1.07884952858265
OR4B1	1.07884952858265
OR52M1	1.07884952858265
OR52K2	1.07884952858265
CLK3	1.13133433617156
SERPINA3	0.764334413991476
ADD3	0.97891388353545
TPP1	1.07884952858265
OR5P2	1.07884952858265
OR5P3	1.07884952858265
LARGE2	1.07884952858265
CLN3	0.98246487716107
SLC36A4	1.0798977924045
FAT3	1.0798977924045
TRIM64	1.0798977924045
TMEM45B	1.0798977924045
CYP2R1	1.07884952858265
DBX1	1.07884952858265
CLN5	1.16077440404817
COLCA2	1.0798977924045
PIH1D2	1.0798977924045
NXPE1	1.0798977924045
NXPE2	1.0798977924045
JAML	1.0798977924045
DNAJC24	1.07884952858265
ARL14EP	1.07884952858265
OR8I2	1.07884952858265
CLNS1A	1.0798977924045
OR2D3	1.07884952858265
OR2D2	1.07884952858265
OR52W1	1.07884952858265
OR56A4	1.07884952858265
OR56A1	1.07884952858265
CLPS	1.04825237769963
DEPDC4	1.01423100355274
LRRK2	1.01423100355274
CLPTM1	1.24196546098975
CCDC38	1.01423100355274
TMEM52B	1.02278665752541
FAM186A	1.01423100355274
C12orf45	1.01423100355274
CLTA	0.709018617651733
OR2AP1	1.01423100355274
OR10P1	1.01423100355274
CLTB	0.981327424359639
SDR9C7	1.01423100355274
LRIG3	1.01423100355274
TMEM132D	1.01423100355274
SLC15A4	1.01423100355274
RHEBL1	1.01423100355274
C12orf54	1.01423100355274
ZNF641	1.01423100355274
OR10AD1	1.01423100355274
TPH2	1.01423100355274
CLTC	1.00518177247207
SP7	1.01423100355274
GTSF1	1.01423100355274
OR10A7	1.01423100355274
KRT74	1.01423100355274
NEDD1	1.01423100355274
SLC9A7P1	1.01423100355274
IKBIP	1.01423100355274
CMA1	0.764334413991476
HIST4H4	1.02278665752541
ERP27	1.02278665752541
FGD4	1.24074736084
AEBP2	1.02278665752541
ASCL4	1.01423100355274
BTBD11	1.01423100355274
SPIC	1.01423100355274
ANO4	1.01423100355274
ALKBH2	1.01423100355274
FOXN4	1.01423100355274
SPPL3	1.01423100355274
TEX29	1.16077440404817
LINC00284	1.16077440404817
METTL21EP	1.16077440404817
CSNK1A1L	1.16077440404817
RXFP2	1.33645054467716
TEX26	1.33645054467716
SLAIN1	1.16077440404817
PRR20A	1.16077440404817
SPACA7	1.16077440404817
TDRD9	0.771082865073358
ANKRD9	0.771082865073358
AK7	0.764334413991476
IFI27L1	0.764334413991476
C14orf28	0.764334413991476
TRAPPC6B	0.764334413991476
CLBA1	0.709473775987212
PLD4	0.771082865073358
ADSSL1	0.771082865073358
RNASE11	0.764334413991476
TPPP2	0.764334413991476
RNASE8	0.764334413991476
MRPL52	0.764334413991476
PSMB11	0.764334413991476
OR4K14	0.764334413991476
OR4L1	0.764334413991476
OR11H6	0.764334413991476
LRR1	0.764334413991476
KLHDC1	0.764334413991476
FRMD6	0.764334413991476
SOCS4	0.764334413991476
NAA30	0.764334413991476
GPHB5	0.764334413991476
NOXRED1	0.764334413991476
JDP2	0.764334413991476
ISCA2	0.764334413991476
ACOT4	0.764334413991476
PLIN2	0.952713287730748
CCR1	0.730118323494498
TTC8	0.764334413991476
TC2N	0.764334413991476
SLC24A4	0.764334413991476
SLC25A29	0.764334413991476
DEGS2	0.764334413991476
KLHL33	0.764334413991476
LEO1	1.15942294495005
CCR3	0.730118323494498
C15orf40	1.13133433617156
SENP8	1.13133433617156
MTFMT	1.13133433617156
SLC51B	1.13133433617156
TARSL2	1.13133433617156
CCR4	0.720410490708883
HIGD2B	1.13133433617156
LRRC28	1.13133433617156
CCR5	0.730118323494498
CCR6	0.862327116139212
TMEM266	1.13133433617156
CCR7	1.00518177247207
NIPA1	1.15942294495005
AGBL1	1.13133433617156
HYKK	1.13133433617156
CCR8	0.720410490708883
WHAMM	1.13133433617156
FSD2	1.13133433617156
PLA2G4E	1.15942294495005
C16orf46	0.971089603767894
ACKR2	0.720410490708883
NTAN1	0.98246487716107
FOPNL	0.98246487716107
DNAAF1	0.971089603767894
ACSM2A	0.98246487716107
DCUN1D3	0.98246487716107
NRN1L	0.971089603767894
CMTM3	4.48805826987447e-05
C16orf78	0.98246487716107
ADH1A	0.982841762389136
CMKLR1	1.01423100355274
SPATA2L	0.971089603767894
SPATA33	0.971089603767894
NOXO1	0.98246487716107
CCDC78	0.98246487716107
LTB4R	0.764334413991476
ANKRD26P1	0.98246487716107
IQCK	0.98246487716107
ZG16B	0.98246487716107
PRSS30P	0.98246487716107
PAQR4	0.98246487716107
ZC3H18	0.971089603767894
GPR139	0.98246487716107
CDYL2	0.971089603767894
ABCC2	0.97891388353545
ANKS3	0.98246487716107
UBALD1	0.98246487716107
SEPTIN12	0.98246487716107
ZNF720	0.98246487716107
TMEM219	0.98246487716107
EARS2	0.98246487716107
SNX20	0.98246487716107
TMEM170A	0.971089603767894
METTL23	0.986809853654872
HSF5	1.00518177247207
OR4D2	1.00518177247207
MSI2	1.00518177247207
SLC38A10	0.986809853654872
CANT1	0.986809853654872
USH1G	0.986809853654872
CD300LB	0.986809853654872
KIF19	0.986809853654872
ZPBP2	1.00518177247207
CYB5D1	0.749723017917101
OVCA2	0.7295394616866
USP43	0.749723017917101
KRBA2	0.749723017917101
C17orf64	1.00518177247207
SPATA32	1.00518177247207
HEXIM2	1.00518177247207
LSM12	1.00518177247207
CCDC43	1.00518177247207
CNTD1	1.00518177247207
TMEM132E	1.48826986994562
WFIKKN2	1.00518177247207
FLJ40194	1.00518177247207
B4GALNT2	1.00518177247207
SPACA3	1.04576408549782
RSKR	1.01129990957445
SEZ6	1.01129990957445
ANKRD13B	1.01129990957445
SLC43A2	0.7295394616866
CYB5D2	0.7295394616866
C17orf49	0.749723017917101
ZFP3	0.749723017917101
GGT6	0.7295394616866
SPNS2	0.7295394616866
EFCAB13	1.00518177247207
MRPL10	1.00518177247207
WDR81	0.7295394616866
ADH1B	0.982841762389136
RN7SK	1.04825237769963
TBC1D16	0.986809853654872
AFMID	0.986809853654872
GJD3	1.00518177247207
KRT222	1.00518177247207
KRT40	1.00518177247207
SNHG29	0.749723017917101
ZSWIM7	0.749723017917101
MIEF2	0.749723017917101
SLC5A10	0.749723017917101
FAM210A	1.15931082987001
LOXHD1	0.729564863856545
INO80C	0.729564863856545
TTC39C	0.729564863856545
DIPK1C	0.729564863856545
CNGB1	0.98246487716107
CLDND2	1.24196546098975
ZNF816	1.25334885646717
CNGA1	0.982841762389136
ZNF543	1.25334885646717
CEACAM20	1.24196546098975
RAVER1	0.704151138682422
OR7D4	0.704151138682422
OR7G1	0.704151138682422
OR1M1	0.704151138682422
COX6B2	1.25334885646717
CALR3	0.71650131047893
ACER1	0.704151138682422
MICOS13	0.704151138682422
MBD3L2	0.704151138682422
ADH1C	0.982841762389136
CNGA2	1.12011520828342
TRAPPC5	0.704151138682422
PCP2	0.704151138682422
OSCAR	1.25334885646717
ZNF813	1.25334885646717
ZNF441	0.748368687962694
ZNF491	0.748368687962694
ZNF440	0.748368687962694
SWSAP1	0.748368687962694
CCDC159	0.748368687962694
CNGA3	1.00240700458938
JOSD2	1.24196546098975
IZUMO2	1.24196546098975
CPT1C	1.24196546098975
ALDH16A1	1.24196546098975
NTN5	1.24196546098975
CNGA4	1.07884952858265
NLRP13	1.25334885646717
NLRP8	1.25334885646717
NLRP5	1.25334885646717
ZNF787	1.25334885646717
ZNF573	1.24196546098975
WDR88	1.13164416291439
TMIGD2	0.672745602694723
EID2B	1.24196546098975
TNFAIP8L1	0.704151138682422
ZNF57	0.672745602694723
IRGQ	1.24196546098975
ZNF428	1.24196546098975
PLK3	0.982951932690122
JSRP1	0.672745602694723
MOB3A	0.672745602694723
MFSD12	0.672745602694723
GIPC3	0.672745602694723
NDUFA11	0.704151138682422
MISP	0.672745602694723
LRRC25	0.71650131047893
OR1I1	0.71650131047893
WTIP	1.13164416291439
ZNF792	1.24196546098975
NR2C2AP	0.71650131047893
HSPB6	1.24196546098975
CNN1	0.748368687962694
CCDC105	0.71650131047893
CYP4F22	0.71650131047893
RINL	1.24196546098975
FBXO27	1.24196546098975
CNN2	0.672745602694723
PLK5	0.672745602694723
C19orf47	1.24196546098975
LINC00661	0.71650131047893
OR10H4	0.71650131047893
ANKLE1	0.71650131047893
C2CD4C	0.681558751293874
CNN3	0.982951932690122
GABPB2	0.982951932690122
TCHHL1	0.982951932690122
RPTN	0.982951932690122
CCDC163	0.982951932690122
TDRD10	0.982951932690122
SHE	0.982951932690122
KDF1	0.982951932690122
CNP	1.00518177247207
CCSAP	1.02169470476617
LRRC38	0.982951932690122
AADACL3	0.969343795308908
PUSL1	0.969343795308908
B3GALT6	0.969343795308908
CNR1	0.94270636541698
WDR63	0.982951932690122
KLHDC9	0.982951932690122
AXDND1	0.991375931347093
MAB21L3	0.982951932690122
CNR2	0.982951932690122
IFFO2	0.982951932690122
SLC44A3	0.982951932690122
ADH4	0.982841762389136
CNTF	1.07884952858265
ATXN7L2	0.982951932690122
C1orf194	0.982951932690122
LYPLAL1	0.991375931347093
OR2M5	1.02169470476617
OR2M3	1.02169470476617
OR2T12	1.02169470476617
OR14C36	1.02169470476617
OR2T34	1.02169470476617
OR2T10	1.02169470476617
OR2T4	1.02169470476617
OR2T11	1.02169470476617
CNTFR	0.952713287730748
ATP6V1G3	0.991375931347093
CNTN1	1.01423100355274
ASB17	0.982951932690122
TYW3	0.982951932690122
ERICH3	0.982951932690122
LRRIQ3	0.982951932690122
TPRG1L	0.969343795308908
PRXL2B	0.969343795308908
MYOM3	0.982951932690122
DMBX1	0.982951932690122
OR10J5	0.982951932690122
TMCO2	0.982951932690122
ZNF684	0.982951932690122
TCEANC2	0.982951932690122
PODN	0.982951932690122
LRRC39	0.982951932690122
GJB4	0.982951932690122
HMGB4	0.982951932690122
RNF19B	0.982951932690122
A3GALT2	0.982951932690122
DCST2	0.982951932690122
DNAH14	0.991375931347093
OR2AJ1	1.02169470476617
OR2B11	1.02169470476617
ZNF648	0.991375931347093
TEDDM1	0.991375931347093
C1orf122	0.982951932690122
COL1A1	1.00518177247207
OSCP1	0.982951932690122
C1orf216	0.982951932690122
KLHDC7A	0.982951932690122
VWA5B1	0.982951932690122
UBXN10	0.982951932690122
C1orf87	0.982951932690122
COL1A2	1.17037000361717
ARL8A	0.991375931347093
SYT2	0.991375931347093
LINC00628	0.991375931347093
GOLT1A	0.991375931347093
UHMK1	0.991375931347093
FCRLB	0.991375931347093
ADH5	0.982841762389136
COL2A1	1.01423100355274
WDR64	1.02169470476617
C1orf131	1.02169470476617
LIX1L	0.982951932690122
COL3A1	0.970894155693591
HSD3BP4	0.982951932690122
SPATA17	0.991375931347093
EDARADD	1.02169470476617
COL4A1	1.16077440404817
KLF17	0.982951932690122
TMEM125	0.982951932690122
TSACC	0.982951932690122
IQGAP3	0.982951932690122
NAXE	0.982951932690122
ARHGEF19	0.982951932690122
MRPL55	1.02169470476617
HIST3H2BB	1.02169470476617
DRAM2	0.982951932690122
PIFO	0.982951932690122
C1orf162	0.982951932690122
OR10T2	0.982951932690122
OR6P1	0.982951932690122
OR10X1	0.982951932690122
OR10Z1	0.982951932690122
OR6K6	0.982951932690122
OR6N1	0.982951932690122
TATDN3	0.991375931347093
COL4A2	1.16077440404817
BHLHE23	1.3428247635557
NKAIN4	1.3428247635557
VSTM2L	1.3428247635557
SNHG11	1.3428247635557
FITM2	1.3428247635557
WFDC12	1.3428247635557
SPATA25	1.3428247635557
COL4A3	0.970894155693591
OCSTAMP	1.3428247635557
TSHZ2	1.3428247635557
COL4A4	0.970894155693591
C20orf85	1.3428247635557
ZNF831	1.3428247635557
TBC1D20	1.04060686127253
SIRPD	1.04060686127253
C20orf141	1.01794118838271
PROKR2	1.01794118838271
COL4A5	0.971983922050255
SLX4IP	1.01794118838271
COL4A6	0.971983922050255
CSTL1	1.01794118838271
CST9L	1.01794118838271
CST9	1.01794118838271
MIR1-1HG	1.3428247635557
DUSP15	1.3428247635557
TSPY26P	1.3428247635557
BPIFB6	1.3428247635557
BPIFA3	1.3428247635557
C20orf144	1.3428247635557
CHMP4B	1.3428247635557
PIGU	1.3428247635557
HMGB3P1	1.3428247635557
FAM83C	1.3428247635557
COL5A1	0.963087641236575
GAB4	0.736942594729667
C22orf39	1.28336096843035
TANGO2	1.65854047521834
COL5A2	0.970894155693591
ZNF280A	0.730447216884634
SGSM1	0.730447216884634
EMID1	1.25509584409354
COL6A1	0.696368907296711
ANKRD54	0.720285108111023
COL6A2	0.696368907296711
PPP1R21	1.00240700458938
TRABD2A	1.00240700458938
COL6A3	0.970894155693591
TMEM150A	1.00240700458938
COL7A1	0.730118323494498
NUP35	0.970894155693591
XIRP2	1.00240700458938
TYW5	0.970894155693591
COL8A1	1.19833272410156
NMS	1.00240700458938
LYG1	1.00240700458938
MITD1	1.00240700458938
DIS3L2	0.970894155693591
COL8A2	0.982951932690122
CMPK2	1.01202671490066
MBOAT2	1.01202671490066
CNTNAP5	1.00240700458938
TAF8	1.04825237769963
COL9A1	0.94270636541698
TMEM18	1.01202671490066
COL9A2	0.982951932690122
FBLN7	1.00240700458938
NEU4	0.966350804585467
RBM45	0.970894155693591
C2orf73	1.00240700458938
TRIM43	1.00240700458938
BBS5	1.00240700458938
CCDC173	1.00240700458938
COL9A3	1.3428247635557
AADAC	1.06598575216065
ADH6	0.982841762389136
COL10A1	0.94270636541698
ACMSD	1.00240700458938
ICA1L	0.970894155693591
FAM168B	1.00240700458938
OR9A4	1.17978731315435
COL11A1	0.982951932690122
CIB4	1.01202671490066
REG3G	1.00240700458938
RFTN2	0.970894155693591
CLHC1	1.00240700458938
COL11A2	1.04825237769963
PLEKHH2	1.00240700458938
COL12A1	0.94270636541698
AP1S3	0.970894155693591
C2orf76	1.00240700458938
SGPP2	0.970894155693591
ACVR1C	1.00240700458938
OSR1	1.01202671490066
COL13A1	0.979753098033958
TTC32	1.01202671490066
UBR3	1.00240700458938
KCTD18	0.970894155693591
FLACC1	0.970894155693591
ZNF513	1.01202671490066
SPATA3	0.970894155693591
LYPD6	1.00240700458938
LYPD6B	1.00240700458938
GALM	1.00240700458938
COL15A1	0.970815788272126
TMEM198	0.970894155693591
ZFAND2B	0.970894155693591
COL16A1	0.982951932690122
TMEM178A	1.00240700458938
CPO	0.970894155693591
MDH1B	0.970894155693591
COL17A1	0.97891388353545
C2orf50	1.01202671490066
PQLC3	1.01202671490066
TMEM182	1.00240700458938
AHSA2P	1.00240700458938
FBXO36	0.970894155693591
MTERF4	0.966350804585467
CCDC148	1.00240700458938
M1AP	1.00240700458938
ADH7	0.982841762389136
COL19A1	0.94270636541698
CPNE4	0.986056538996622
CCDC58	1.19833272410156
KCNH8	0.720410490708883
COMP	0.71650131047893
DNAJC19	1.03734056701319
OTOL1	1.06598575216065
FAM3D	0.730118323494498
COMT	1.65854047521834
ZPLD1	1.19833272410156
LYZL4	0.720410490708883
KLHL40	0.720410490708883
COPA	0.982951932690122
TRIM71	0.720410490708883
FAM131A	1.03734056701319
CD200R1	1.19833272410156
CHCHD4	0.720410490708883
COPB1	1.07884952858265
ZDHHC19	1.03734056701319
CRYBG3	1.19833272410156
DCBLD2	1.19833272410156
LRRC15	1.03734056701319
FAM43A	1.03734056701319
KLF6	0.979753098033958
TPRA1	1.19833272410156
TMEM42	0.730118323494498
UROC1	1.19833272410156
SLC31A1	0.963087641236575
SLC31A2	0.963087641236575
ERICH6	1.21511111792987
NUDT16	0.986056538996622
COL6A6	1.19833272410156
GRK7	0.986056538996622
FAM172BP	1.19833272410156
TMEM207	1.03734056701319
METTL6	0.720410490708883
ADK	0.97891388353545
TAMM41	0.720410490708883
IL17RE	0.720410490708883
RTP1	1.03734056701319
IQCF1	0.730118323494498
GLYCTK	0.730118323494498
PPM1M	0.730118323494498
C3orf49	0.723578923483452
SNTN	0.723578923483452
SYNPR	0.723578923483452
LSMEM2	0.730118323494498
RPL32P3	1.19833272410156
H1FOO	1.19833272410156
OCIAD2	0.982841762389136
SCLT1	0.982841762389136
C4orf33	0.982841762389136
TMEM155	0.982841762389136
PABPC4L	0.982841762389136
CORT	0.969343795308908
MAP3K8	0.979753098033958
ADAD1	0.982841762389136
ZFP42	1.00182064735938
LIN54	0.982841762389136
SPATA18	0.982841762389136
COX4I1	0.971089603767894
FAM241A	0.982841762389136
TMPRSS11B	0.982841762389136
GNPDA2	0.982841762389136
SPATA4	0.716789838124403
CPEB2	0.982841762389136
EVC2	0.982841762389136
COX5B	1.00240700458938
ARL9	0.982841762389136
AASDH	0.982841762389136
PDCL2	0.982841762389136
C4orf36	0.982841762389136
ADM	1.07884952858265
PACRGL	0.982841762389136
TRAM1L1	0.982841762389136
OTOP1	0.982841762389136
ENPP6	0.716789838124403
SLC9B2	0.982841762389136
SETD9	0.981327424359639
IL31RA	0.981327424359639
EMB	1.19567882225115
SLCO6A1	0.981327424359639
C5orf47	0.981327424359639
PPARGC1B	0.981327424359639
MROH2B	1.19567882225115
EGFLAM	1.19567882225115
PRRC1	0.981327424359639
NADK2	1.19567882225115
UGT3A1	1.19567882225115
CAPSL	1.19567882225115
COX6A1	1.01423100355274
JMY	0.981327424359639
C5orf58	0.981327424359639
COX6A2	0.98246487716107
ZNF474	0.981327424359639
CCDC127	1.19567882225115
ADORA1	0.991375931347093
COX6B1	1.24196546098975
OR2Y1	0.981327424359639
UBE2QL1	1.19567882225115
C5orf49	1.19567882225115
ATPSCKMT	1.19567882225115
CMBL	1.19567882225115
POU5F2	0.981327424359639
DNAJC21	1.19567882225115
AFAP1L1	0.981327424359639
GRPEL2	0.981327424359639
TMEM171	0.981327424359639
TMEM174	0.981327424359639
LSM11	0.981327424359639
POC5	0.981327424359639
GPR151	0.981327424359639
STARD4	0.981327424359639
WDR36	0.981327424359639
ZNF300P1	0.981327424359639
NUDCD2	0.981327424359639
COX6C	1.01569444866679
UBLCP1	0.981327424359639
ACOT12	0.981327424359639
SOWAHA	0.981327424359639
SHROOM1	0.981327424359639
C5orf24	0.981327424359639
COX7A1	1.24196546098975
ADAT2	0.94270636541698
COX7A2	0.94270636541698
RIPPLY2	0.94270636541698
IRAK1BP1	0.94270636541698
CLVS2	0.94270636541698
TAAR9	0.94270636541698
TAAR1	0.94270636541698
COX7B	0.971983922050255
STXBP5	0.94270636541698
ADORA2A	0.730447216884634
COX7C	0.981327424359639
COX8A	1.07884952858265
NCOA7	0.94270636541698
HINT3	0.94270636541698
PACRG	0.749110827107011
B3GAT2	0.94270636541698
SDHAF4	0.94270636541698
COX10	0.749723017917101
CD109	0.94270636541698
RAET1E	0.749110827107011
PM20D2	0.94270636541698
SRSF12	0.94270636541698
COX11	1.00518177247207
C6orf141	1.04825237769963
HUS1B	1.12568358502349
COX15	0.97891388353545
CP	1.21511111792987
TRIM40	1.12568358502349
MUCL3	1.04825237769963
CPA1	1.17978731315435
CPA2	1.17978731315435
TMEM270	1.17037000361717
TRIM50	1.17037000361717
CPA3	1.21511111792987
OR9A2	1.17978731315435
LLCFC1	1.17978731315435
TMEM139	1.17978731315435
NOBOX	1.17978731315435
OR2A14	1.17978731315435
OR6B1	1.17978731315435
OR2F2	1.17978731315435
ADORA2B	0.749723017917101
CPB1	1.21511111792987
ZNF786	1.24449465772
CPB2	1.16077440404817
CPD	1.01129990957445
COL26A1	1.17978731315435
PRSS37	1.17978731315435
KLF14	1.17978731315435
SSMEM1	1.17978731315435
C7orf57	1.17037000361717
CPE	0.716789838124403
SVOPL	1.17978731315435
MTPN	1.17978731315435
LRGUK	1.17978731315435
ASB10	1.24449465772
CLDN4	1.17037000361717
CLDN3	1.17037000361717
PRSS58	1.17978731315435
CLDN7	0.749723017917101
MPLKIP	1.17037000361717
CPM	1.01423100355274
SSC4D	1.17037000361717
C7orf31	1.17037000361717
CPN1	0.97891388353545
ASZ1	1.17978731315435
CPN2	1.03734056701319
CLDN23	0.433694208344174
CPOX	1.19833272410156
CCDC26	2.05039341266889
ZNF572	2.05039341266889
CPS1	0.970894155693591
GOT1L1	0.416558022388397
FAM92A	1.01569444866679
CPT1A	1.07884952858265
VPS37A	0.433694208344174
CPT1B	0.73920158822585
CPT2	0.982951932690122
NDUFAF6	1.01569444866679
TMEM68	1.01569444866679
ABRA	1.0381909863396
LYPD2	1.02360093995737
CR1	0.991375931347093
NKX2-6	0.433694208344174
TMEM71	2.05039341266889
SGCZ	0.433694208344174
ADHFE1	1.01569444866679
UBXN2B	1.01569444866679
CR1L	0.991375931347093
PXDNL	1.01569444866679
GPAT4	0.416558022388397
UNC5D	0.416558022388397
LETM2	0.416558022388397
CR2	0.991375931347093
DCAF4L2	1.01569444866679
RALYL	1.01569444866679
HGSNAT	0.416558022388397
RNF183	0.963087641236575
CRABP1	1.13133433617156
NACC2	0.963087641236575
C9orf116	0.963087641236575
CARNMT1	0.975901197514351
CRABP2	0.982951932690122
C9orf57	0.975901197514351
C9orf85	0.975901197514351
C9orf135	0.975901197514351
LCN8	0.963087641236575
DIPK1B	0.963087641236575
CRAT	0.963087641236575
PTRH1	0.963087641236575
PIP5KL1	0.963087641236575
TAF1L	0.952713287730748
CREB1	0.970894155693591
ATF2	0.970894155693591
PTPDC1	0.970815788272126
ANKRD19P	0.975901197514351
PRSS47	0.975901197514351
CREBBP	0.98246487716107
ARID3C	0.952713287730748
RPP25L	0.952713287730748
C9orf131	0.952713287730748
OR13C5	0.963087641236575
ATF6B	1.04825237769963
OR13C8	0.963087641236575
OR13C3	0.963087641236575
OR13C4	0.963087641236575
OR13F1	0.963087641236575
OR1L8	0.963087641236575
OR1N2	0.963087641236575
OR1N1	0.963087641236575
CREBL2	1.02278665752541
DBH-AS1	0.963087641236575
CREM	0.979753098033958
SLITRK4	0.971983922050255
SPANXN3	0.971983922050255
MAGEC3	0.971983922050255
BEND2	0.961550425812295
PASD1	1.12011520828342
DCAF12L1	0.971983922050255
DGKK	1.40493720106201
CRH	1.01569444866679
MAP2K4P1	0.971983922050255
PIH1D3	0.971983922050255
PWWP3B	0.971983922050255
FAM199X	0.971983922050255
AMER1	0.971983922050255
CRHBP	0.981327424359639
APOOL	0.971983922050255
HDX	0.971983922050255
FUNDC1	1.0526427280961
ADGRG4	0.971983922050255
CRHR1	1.00518177247207
PTCHD1	0.742060425418264
PPP4R3C	0.742060425418264
MAGEB10	0.742060425418264
DCAF8L1	0.742060425418264
CRHR2	1.17037000361717
VENTXP1	0.742060425418264
OTUD6A	0.971983922050255
UPRT	0.971983922050255
MAGEE2	0.971983922050255
CRIP1	0.709473775987212
MAGEB16	0.742060425418264
FOXR2	0.971983922050255
CRIP2	0.709473775987212
GAB3	1.15404773795701
PNCK	1.21583421531377
ZFP92	1.21583421531377
ACTRT1	0.971983922050255
GPR119	0.971983922050255
PAGE3	0.971983922050255
CRK	0.7295394616866
RBMXL3	0.971983922050255
DOCK11	0.971983922050255
SPIN4	0.971983922050255
CRKL	0.730447216884634
AAMP	0.970894155693591
ADORA3	0.982951932690122
CRMP1	0.982841762389136
CRP	0.982951932690122
KRTAP13-1	0.71893801338487
TCP10L	0.71893801338487
HAPLN1	0.981327424359639
RNF113B	1.16077440404817
MUC17	1.17978731315435
ASB11	0.681263242067964
ASB5	0.716789838124403
ASB6	0.963087641236575
ASB7	1.13133433617156
ASB8	1.01423100355274
ASB9	0.681263242067964
PISRT1	0.986056538996622
MYL6B	1.01423100355274
ZNF358	0.704151138682422
MYO3B	1.00240700458938
RNF32	1.08695203854043
APOBEC3D	0.720285108111023
S100A16	0.982951932690122
CHODL	0.71893801338487
TCEAL2	0.971983922050255
CRX	1.24196546098975
SELENOM	0.720285108111023
NEK7	0.991375931347093
ZFP28	1.25334885646717
ACTRT2	0.969343795308908
GATA5	1.3428247635557
MLLT10P1	1.3428247635557
SLC32A1	1.3428247635557
C20orf96	1.04060686127253
BPIFA2	1.3428247635557
ZBTB46	1.3428247635557
WFDC3	1.3428247635557
GCNT7	1.3428247635557
NOL4L	1.3428247635557
CBLN4	1.3428247635557
CTCFL	1.3428247635557
TRIM69	1.15942294495005
MROH8	1.3428247635557
CRY1	1.01423100355274
SAMD10	1.3428247635557
ABHD16B	1.3428247635557
CCM2L	1.3428247635557
BRI3BP	1.01423100355274
SOGA1	1.3428247635557
TLDC2	1.3428247635557
RIMS4	1.3428247635557
ANKRD60	1.3428247635557
SUN5	1.3428247635557
MACROD2	1.01794118838271
DYNLL2	1.00518177247207
TMEM37	1.00240700458938
UBE2F	0.979447512570108
ADAMTS14	0.979753098033958
NRSN1	1.12568358502349
SMCR5	0.749723017917101
SMCR8	0.749723017917101
CRY2	1.07884952858265
RPL10L	0.764334413991476
TRPM6	0.975901197514351
KRT72	1.01423100355274
SRXN1	1.04060686127253
ROMO1	1.3428247635557
NEURL2	1.3428247635557
LINC00261	1.01794118838271
ZSWIM3	1.3428247635557
WFDC10A	1.3428247635557
LINC01620	1.3428247635557
BANF2	1.01794118838271
NANP	1.3428247635557
FAM83C-AS1	1.3428247635557
MACROD2-IT1	1.01794118838271
LINC00266-1	1.3428247635557
DEFB127	1.04060686127253
SCP2D1	1.01794118838271
ISM1	1.01794118838271
WFDC6	1.3428247635557
C20orf173	1.3428247635557
LINC00028	1.3428247635557
RIPOR3	1.3428247635557
CST11	1.01794118838271
DEFB129	1.04060686127253
ZNF280B	0.730447216884634
SIRPA	1.04060686127253
PABPC5	0.971983922050255
SREK1	0.981327424359639
RBBP8NL	1.3428247635557
CNBD2	1.3428247635557
STK35	1.04060686127253
R3HDML	1.3428247635557
DCANP1	0.981327424359639
ADPRH	1.19833272410156
CRYAB	1.0798977924045
CRYBA1	1.01129990957445
CRYBA2	0.970894155693591
CRYBA4	0.730447216884634
CRYBB1	0.730447216884634
CRYBB2	0.730447216884634
CRYBB2P1	0.730447216884634
CRYBB3	0.730447216884634
CRYGA	0.970894155693591
CRYGB	0.970894155693591
PARP1	0.991375931347093
CRYGC	0.970894155693591
CRYGD	0.970894155693591
MIB2	0.969343795308908
DUSP19	0.970894155693591
SLC34A3	0.963087641236575
ITLN2	0.982951932690122
RAB40A	0.971983922050255
ASB15	1.17978731315435
ASB14	0.730118323494498
ASB12	0.971983922050255
CRYGS	1.03734056701319
CRYM	0.98246487716107
ACSM6	0.97891388353545
SAMD8	0.97891388353545
CRYZ	0.982951932690122
LIPJ	0.97891388353545
CFL1P1	0.97891388353545
TRUB1	0.96610428515749
PARP4	1.33645054467716
MPP7	0.979753098033958
CS	1.01423100355274
FRMPD2	0.979753098033958
VTI1A	0.97891388353545
MAPK14	1.04825237769963
DYDC1	0.97891388353545
EIF5AL1	0.97891388353545
HECTD2	0.97891388353545
FGFBP3	0.97891388353545
C10orf82	0.96610428515749
CACUL1	0.96610428515749
CSE1L	1.3428247635557
SYT9	1.07884952858265
LDLRAD3	1.07884952858265
PSMA8	0.729564863856545
OR52B4	1.07884952858265
CSF1	0.982951932690122
OR52I2	1.07884952858265
OR51E1	1.07884952858265
XRRA1	1.0798977924045
CSF1R	0.981327424359639
UBQLNL	1.07884952858265
MUC15	1.07884952858265
LOC143666	1.07884952858265
C11orf94	1.07884952858265
FAM76B	1.0798977924045
SESN3	1.0798977924045
PIWIL4	1.0798977924045
CSF2	0.981327424359639
CSF2RA	0.681263242067964
ARHGAP42	1.0798977924045
KBTBD3	1.0798977924045
CWF19L2	1.0798977924045
POGLUT3	1.0798977924045
CSF2RB	0.720285108111023
LAYN	1.0798977924045
TTC36	1.0798977924045
CSF3	1.00518177247207
SPINDOC	1.07884952858265
CSF3R	0.982951932690122
PLEKHA7	1.07884952858265
SPTY2D1	1.07884952858265
TMEM86A	1.07884952858265
OR10A5	1.07884952858265
OR2AG1	1.07884952858265
DNHD1	1.07884952858265
PRICKLE1	1.01423100355274
AMDHD1	1.01423100355274
SLC2A14	1.02278665752541
CSH1	1.00518177247207
OVOS2	1.24074736084
BCDIN3D	1.01423100355274
ALG10B	1.01423100355274
CSH2	1.00518177247207
GLIPR1L2	1.01423100355274
RFLNA	1.01423100355274
ZNF664	1.01423100355274
LINC00477	1.24074736084
ETFRF1	1.24074736084
CSHL1	1.00518177247207
CPNE8	1.01423100355274
TMEM120B	1.01423100355274
WDR66	1.01423100355274
GLT1D1	1.01423100355274
TSPAN19	1.01423100355274
BEST3	1.01423100355274
E2F7	1.01423100355274
SOCS2-AS1	1.01423100355274
CEP83-DT	1.01423100355274
CSK	1.13133433617156
KRT80	1.01423100355274
CFAP54	1.01423100355274
A2ML1	1.02278665752541
A2M-AS1	1.02278665752541
C12orf66	1.01423100355274
CSN1S1	0.982841762389136
C12orf60	1.02278665752541
FBXL14	1.02278665752541
CSN2	0.982841762389136
RAD9B	1.01423100355274
PHETA1	1.01423100355274
LINC00934	1.01423100355274
LINC00355	1.16077440404817
LINC00410	1.16077440404817
CSN3	0.982841762389136
FAM216B	1.16077440404817
LACC1	1.16077440404817
LINC00330	1.16077440404817
LINC00343	1.16077440404817
HNRNPA1L2	1.16077440404817
ST13P4	1.16077440404817
B3GLCT	1.33645054467716
LINC02691	0.771082865073358
CSNK1A1	0.981327424359639
LINC00239	2.35947546054655e-09
LINC00637	0.771082865073358
RDH12	0.764334413991476
ADAM21P1	0.764334413991476
LINC00618	0.764334413991476
GSC	0.764334413991476
SERPINA12	0.764334413991476
PRIMA1	0.764334413991476
MIPOL1	0.764334413991476
CSNK1D	0.986809853654872
PPP1R36	0.764334413991476
SLC38A6	0.764334413991476
CSNK1E	0.720285108111023
ARMH4	0.764334413991476
FRMD6-AS1	0.764334413991476
ABHD12B	0.764334413991476
LOC145474	0.764334413991476
PTGR2	0.764334413991476
FAM161B	0.764334413991476
LRRC74A	0.764334413991476
CSNK1G2	0.672745602694723
ISM2	0.764334413991476
CEP128	0.764334413991476
MDP1	0.764334413991476
TTC7B	0.764334413991476
LRFN5	0.764334413991476
CSNK1G3	0.981327424359639
PWAR1	1.15942294495005
TERB2	1.15942294495005
LOC145694	1.13133433617156
CSNK2A1	1.04060686127253
C2CD4A	1.13133433617156
LYSMD4	1.13133433617156
FAM81A	1.13133433617156
GCOM1	1.13133433617156
LOC145783	1.13133433617156
C15orf65	1.13133433617156
PGPEP1L	1.13133433617156
LINC00924	1.13133433617156
DRAIC	1.13133433617156
LOC145845	1.15942294495005
C15orf61	1.13133433617156
C15orf32	1.13133433617156
HAPLN3	1.13133433617156
MESP2	1.13133433617156
CSNK2A2	0.98246487716107
TMCO5A	1.15942294495005
SPATA8	1.13133433617156
NRG4	1.13133433617156
LINC00052	1.13133433617156
ADRA1D	1.01794118838271
CSNK2B	1.04825237769963
ZSCAN29	1.15942294495005
TTBK2	1.15942294495005
CDAN1	1.15942294495005
SLC38A8	0.971089603767894
VWA3A	0.98246487716107
OTOA	0.98246487716107
ZFP90	0.971089603767894
VCAN	0.981327424359639
CARMIL2	0.971089603767894
KCTD19	0.971089603767894
CMTM4	0.971089603767894
CMTM2	0.98246487716107
BEAN1	0.98246487716107
TEKT5	0.98246487716107
NCAN	0.71650131047893
RNF151	0.98246487716107
PRR35	0.98280619354904
FBXL16	0.98280619354904
SSTR5-AS1	0.98246487716107
C16orf92	0.98246487716107
GSG1L	0.98246487716107
CSPG4	1.13133433617156
SLC22A31	0.971089603767894
IL34	0.971089603767894
ZNF597	0.98246487716107
BICDL2	0.98246487716107
TMED6	0.971089603767894
FRG2DP	0.98246487716107
CSRP1	0.991375931347093
FLJ30679	0.971089603767894
LINC02135	0.971089603767894
ZNF785	0.98246487716107
ZNF688	0.98246487716107
PRSS36	0.98246487716107
C16orf89	0.98246487716107
C16orf71	0.98246487716107
CSRP2	1.01423100355274
MGAT5B	0.986809853654872
TOM1L2	0.749723017917101
TEPSIN	0.986809853654872
B3GNTL1	0.986809853654872
RBFOX3	0.986809853654872
CD300LF	0.986809853654872
C17orf77	0.986809853654872
DNAH2	0.749723017917101
RTN4RL1	0.7295394616866
TCAM1P	1.00518177247207
EFCAB3	1.00518177247207
LINC02003	0.986809853654872
SLC25A10	0.986809853654872
SLC47A2	0.749723017917101
CDRT15	0.749723017917101
CFAP52	0.749723017917101
CCDC42	0.749723017917101
PIK3R6	0.749723017917101
ODF4	0.749723017917101
C17orf50	1.48826986994562
SLFN13	1.48826986994562
SLC35G3	1.48826986994562
UNC45B	1.48826986994562
ARHGAP27P1	1.00518177247207
CD300LG	1.00518177247207
CST1	1.01794118838271
KIF18B	1.00518177247207
RUNDC1	1.00518177247207
EME1	1.00518177247207
ADRA1B	0.981327424359639
CST2	1.01794118838271
TMEM199	1.01129990957445
PROCA1	1.01129990957445
DHRS13	1.01129990957445
KCTD11	0.749723017917101
LINC02210	1.00518177247207
LINC00974	1.00518177247207
CST3	1.01794118838271
NOTUM	0.986809853654872
TMC8	0.986809853654872
TRIM16L	0.749723017917101
WIPF2	1.00518177247207
KRT25	1.00518177247207
TMEM99	1.00518177247207
SCGB1C1	1.07884952858265
CST4	1.01794118838271
KRT17P1	0.749723017917101
C18orf15	1.15931082987001
CST5	1.01794118838271
STARD6	0.729564863856545
C18orf25	0.729564863856545
CCBE1	0.729564863856545
CBLN2	0.729564863856545
CST6	1.07884952858265
SLC25A52	0.729564863856545
DSG4	0.729564863856545
AQP4-AS1	0.729564863856545
ANKRD29	0.729564863856545
APCDD1	1.15931082987001
CSTA	1.19833272410156
LINC00526	1.15931082987001
CSTB	0.717899370570668
VSIG10L	1.24196546098975
C19orf84	1.24196546098975
SPACA6	1.25334885646717
ZNF480	1.25334885646717
ZNF534	1.25334885646717
ZNF578	1.25334885646717
ERVV-1	1.25334885646717
SMIM17	1.25334885646717
C19orf18	1.25334885646717
ZNF418	1.25334885646717
ZNF417	1.25334885646717
ZNF548	1.25334885646717
PPM1N	1.24196546098975
CSTF1	1.3428247635557
KLC3	1.24196546098975
IGSF23	1.24196546098975
LYPD4	1.24196546098975
ILF3-DT	0.704151138682422
ZNF560	0.704151138682422
TMEM190	1.25334885646717
HIPK4	1.24196546098975
TMC4	1.25334885646717
CSTF2	0.971983922050255
TPM3P9	1.25334885646717
ZNF524	1.25334885646717
ZNF784	1.25334885646717
ZNF563	0.748368687962694
SPC24	0.704151138682422
CCDC155	1.24196546098975
CSTF3	1.07884952858265
DACT3	1.24196546098975
SIX5	1.24196546098975
IGFL2	1.24196546098975
ZNF420	1.24196546098975
ZNF565	1.24196546098975
NLRP4	1.25334885646717
ZNF542P	1.25334885646717
ZNF582	1.25334885646717
ZNF583	1.25334885646717
FAM98C	1.24196546098975
CAPN12	1.24196546098975
DPY19L3	1.13164416291439
ADRA1A	0.433694208344174
LGALS16	1.24196546098975
TTC9B	1.24196546098975
TICAM1	0.704151138682422
CIRBP-AS1	0.672745602694723
ZNRF4	0.704151138682422
ZNF599	1.24196546098975
FAM187B	1.24196546098975
CILP2	0.71650131047893
PROSER3	1.24196546098975
LINC00906	0.71650131047893
ZNF558	0.704151138682422
CDC42EP5	1.25334885646717
LINC00662	0.71650131047893
ZNF98	0.71650131047893
NKX2-5	0.981327424359639
ZNF738	0.71650131047893
ZNF714	0.71650131047893
ZNF681	0.71650131047893
C19orf25	0.672745602694723
ATP8B3	0.672745602694723
LINC00905	0.71650131047893
DIRAS1	0.672745602694723
ZNF555	0.672745602694723
ZNF569	1.24196546098975
ZNF570	1.24196546098975
SYT6	0.982951932690122
C1orf74	0.991375931347093
CREB3L4	0.982951932690122
C1orf127	0.969343795308908
BROX	0.991375931347093
SAMD11	0.969343795308908
MRPL20-AS1	0.969343795308908
SAMD13	0.982951932690122
C1orf52	0.982951932690122
PHF13	0.969343795308908
CIART	0.982951932690122
TMEM56	0.982951932690122
NBPF4	0.982951932690122
UBE2U	0.982951932690122
CTBS	0.982951932690122
SLC35F3	1.02169470476617
LINC00337	0.969343795308908
LOC148696	0.991375931347093
CTBP1	0.982841762389136
LOC148709	0.991375931347093
PTPRVP	0.991375931347093
HJV	0.982951932690122
ANKRD35	0.982951932690122
FAM163A	0.991375931347093
OVAAL	0.991375931347093
B3GALNT2	1.02169470476617
CTBP2	0.96610428515749
MFSD4A	0.991375931347093
PM20D1	0.991375931347093
GCSAML	1.02169470476617
GCSAML-AS1	1.02169470476617
SLC30A7	0.982951932690122
CCDC27	0.969343795308908
ZNF436-AS1	0.982951932690122
CTF1	0.98246487716107
KNCN	0.982951932690122
MOB3C	0.982951932690122
GLIS1	0.982951932690122
CCN2	0.94270636541698
NBPF12	0.982951932690122
LELP1	0.982951932690122
RC3H1	0.991375931347093
MGC27382	0.982951932690122
DCDC2B	0.982951932690122
ZNF362	0.982951932690122
LINC01225	0.982951932690122
DCST1	0.982951932690122
CTH	0.982951932690122
CNIH3	0.991375931347093
LINC01341	1.02169470476617
MANEAL	0.982951932690122
IL23R	0.982951932690122
METTL11B	0.991375931347093
FAM78B	0.991375931347093
CTLA4	0.970894155693591
SHISA4	0.991375931347093
EXOC8	1.02169470476617
LOC149373	1.02169470476617
PDIK1L	0.982951932690122
BNIPL	0.982951932690122
CLDN19	0.982951932690122
CFAP57	0.982951932690122
C1orf210	0.982951932690122
CCDC24	0.982951932690122
BTBD19	0.982951932690122
CCDC17	0.982951932690122
LRRC71	0.982951932690122
CTNNA1	0.981327424359639
SRARP	0.982951932690122
CTNNA2	1.00240700458938
RNF187	1.02169470476617
CHIAP2	0.982951932690122
PYHIN1	0.982951932690122
SPATA45	0.991375931347093
FAM71A	0.991375931347093
LOC149684	1.3428247635557
ADIG	1.3428247635557
GTSF1L	1.3428247635557
CTNS	0.7295394616866
WFDC5	1.3428247635557
APCDD1L-DT	1.3428247635557
GNAS-AS1	1.3428247635557
PRNT	1.01794118838271
LINC00654	1.01794118838271
SHLD1	1.01794118838271
CTNNB1	0.720410490708883
NCOR1P1	1.3428247635557
NOL4L-DT	1.3428247635557
COMMD7	1.3428247635557
BPIFB4	1.3428247635557
LSM14B	1.3428247635557
ANKRD30BP2	0.71893801338487
LIPI	0.71893801338487
AANAT	0.986809853654872
ADRA2A	0.97891388353545
CTNND1	1.07884952858265
ABCC13	0.71893801338487
LOC150051	0.71893801338487
LCA5L	0.71893801338487
IGSF5	0.71893801338487
CTNND2	1.19567882225115
LINC00479	0.71893801338487
ZNF295-AS1	0.717899370570668
UMODL1-AS1	0.717899370570668
SLC9B1	0.982841762389136
CCT8L2	0.736942594729667
XKR3	0.736942594729667
LINC00895	1.65854047521834
LINC00896	1.65854047521834
AIFM3	0.730447216884634
YDJC	0.730447216884634
ZDHHC8P1	0.730447216884634
C22orf15	0.730447216884634
HSCB	1.25509584409354
CCDC117	1.25509584409354
HORMAD2	0.720285108111023
DUSP18	0.720285108111023
MORC2-AS1	0.720285108111023
C22orf42	0.720285108111023
CTPS1	0.982951932690122
ENTHD1	0.720285108111023
DNAJB7	0.720285108111023
CHADL	0.720285108111023
MEI1	0.720285108111023
PHETA2	0.720285108111023
NFAM1	0.720285108111023
FLJ30901	0.720285108111023
PNPLA5	0.720285108111023
PRR34-AS1	0.705191761652427
CDPF1	0.705191761652427
GTSE1-DT	0.705191761652427
CTRB1	0.971089603767894
TTL	1.00240700458938
CKAP2L	1.00240700458938
CBWD2	1.00240700458938
TEKT4	1.00240700458938
SATB2-AS1	0.970894155693591
LINC01102	1.00240700458938
SMYD1	1.00240700458938
LINC01104	1.00240700458938
C2orf15	1.00240700458938
LINC01931	1.00240700458938
CTRL	0.971089603767894
SILC1	1.01202671490066
OTOS	0.966350804585467
COPS9	0.966350804585467
OR6B3	0.966350804585467
COMMD1	1.00240700458938
PROM2	1.00240700458938
ANKAR	0.970894155693591
FBXO41	1.00240700458938
TTC30B	0.970894155693591
LINC00342	1.00240700458938
GPAT2	1.00240700458938
ITPRIPL1	1.00240700458938
LOC150776	1.00240700458938
RAB6D	1.00240700458938
CTSB	0.433694208344174
FAM117B	0.970894155693591
CTSD	1.07884952858265
TCF23	1.01202671490066
LOC150935	0.966350804585467
GAREM2	1.01202671490066
PUS10	1.00240700458938
LINC01963	0.970894155693591
LINC00309	1.00240700458938
ADRA2B	1.00240700458938
CTSE	0.991375931347093
LINC01106	1.00240700458938
SEPTIN10	1.00240700458938
KANSL1L	0.970894155693591
PLB1	1.01202671490066
CTSG	0.764334413991476
ZSWIM2	0.970894155693591
LINC01854	1.00240700458938
ZNF385B	0.970894155693591
LINC01107	0.966350804585467
LINC02610	0.979447512570108
ERFE	0.979447512570108
ARL6IP6	1.00240700458938
METTL21A	0.970894155693591
CCNYL1	0.970894155693591
CTSH	1.13133433617156
KLHL23	1.00240700458938
SULT1C2P1	1.00240700458938
PPP1R1C	0.970894155693591
SGO2	0.970894155693591
C2CD6	0.970894155693591
SLC38A11	1.00240700458938
CCDC140	0.970894155693591
SLC23A3	0.970894155693591
CTSK	0.982951932690122
LINC00608	0.970894155693591
GPBAR1	0.970894155693591
FAHD2B	1.00240700458938
MYADML	1.00240700458938
LRATD1	1.01202671490066
RMDN2	1.00240700458938
CTSL	0.975901197514351
GDF7	1.01202671490066
SLC16A14	0.970894155693591
LINC01907	0.970894155693591
LINC00471	0.970894155693591
LOC151484	0.970894155693591
CTSV	0.970815788272126
MSL3P1	0.970894155693591
ASPRV1	1.00240700458938
WDSUB1	1.00240700458938
UPP2	1.00240700458938
LBX2-AS1	1.00240700458938
GPR155	0.970894155693591
TTC14	1.03734056701319
DTX3L	1.19833272410156
TAFA4	0.723578923483452
SGO1	0.720410490708883
PP2D1	0.720410490708883
EFHB	0.720410490708883
LINC00635	1.19833272410156
CTSLP2	0.979753098033958
PPM1L	1.06598575216065
WDR49	1.2087165663813
CTSLP8	0.975901197514351
LRRC34	1.2087165663813
CPNE9	0.720410490708883
DPPA2	1.19833272410156
MAGI1-IT1	0.723578923483452
CCDC80	1.19833272410156
BTLA	1.19833272410156
CTSO	0.983733746955767
CCDC12	0.730118323494498
MB21D2	1.03734056701319
PPP4R2	0.723578923483452
ADRA2C	0.982841762389136
CTSS	0.982951932690122
XXYLT1	1.03734056701319
RNF38	0.709018617651733
GLIPR2	0.709018617651733
ROPN1B	1.19833272410156
LINC00691	0.720410490708883
LOC152048	0.720410490708883
C3orf22	1.19833272410156
PQLC2L	1.06598575216065
ZCWPW2	0.720410490708883
CTSW	1.07884952858265
CMC1	0.720410490708883
NEK10	0.720410490708883
C3orf79	1.06598575216065
CCDC50	1.03734056701319
PYDC2	1.03734056701319
SPICE1	1.19833272410156
CMTM8	0.720410490708883
NUDT16P1	0.986056538996622
CTSZ	1.3428247635557
CCDC13	0.720410490708883
NCBP2AS2	1.03734056701319
LINC02085	1.19833272410156
FGD5	0.720410490708883
LINC02011	0.720410490708883
CUX1	1.17978731315435
CIDECP1	0.720410490708883
CNTN4	0.720410490708883
CX3CR1	0.720410490708883
IGSF11	1.19833272410156
TEX55	1.19833272410156
ZNF827	0.982841762389136
CXADR	0.71893801338487
SH3D19	0.983733746955767
NFXL1	0.982841762389136
NIPAL1	0.982841762389136
PAQR3	0.982841762389136
SHISA3	0.982841762389136
LINC01618	0.982841762389136
SCFD2	0.982841762389136
MGAT4D	0.982841762389136
WWC2-AS2	0.716789838124403
ZNF595	0.982841762389136
TEX28	1.15404773795701
LINC01085	0.982841762389136
FAM218A	0.716789838124403
JAKMIP1	0.982841762389136
CYB5A	0.729564863856545
THAP6	0.982841762389136
ODAPH	0.982841762389136
KLB	0.982841762389136
FAM53A	0.982841762389136
PPM1K	0.982841762389136
C4orf45	0.716789838124403
TRMT44	0.982841762389136
ADRB1	0.97891388353545
RASGEF1B	0.982841762389136
DAB2IP	0.963087641236575
SLC38A9	0.981327424359639
MGC32805	0.981327424359639
SLC36A2	0.981327424359639
SPINK13	0.981327424359639
CREBRF	0.981327424359639
CEP120	0.981327424359639
SLC25A48	0.981327424359639
TMEM167A	0.981327424359639
MBLAC2	0.981327424359639
TMEM161B	0.981327424359639
CYB561	1.00518177247207
SRFBP1	0.981327424359639
JAKMIP2-AS1	0.981327424359639
PLEKHG4B	1.19567882225115
CYBA	0.971089603767894
ZMAT2	0.981327424359639
MARVELD2	0.981327424359639
C5orf38	1.19567882225115
IRX2	1.19567882225115
BTNL9	0.981327424359639
CYBB	0.742060425418264
ARSK	0.981327424359639
FAM81B	0.981327424359639
TTC23L	1.19567882225115
LOC153684	1.19567882225115
CYC1	1.02360093995737
CCDC112	0.981327424359639
PPP1R2B	0.981327424359639
FAM71B	0.981327424359639
PRELID2	0.981327424359639
SH3RF2	0.981327424359639
PLAC8L1	0.981327424359639
CYLC1	0.971983922050255
RNF145	0.981327424359639
CYLC2	0.963087641236575
LOC153910	0.94270636541698
ZC2HC1B	0.94270636541698
ADRB2	0.981327424359639
CYLD	0.98246487716107
SNRNP48	1.12568358502349
CNKSR3	0.749110827107011
RAET1L	0.749110827107011
SAMD3	0.94270636541698
LINC01312	0.94270636541698
SLC2A12	0.94270636541698
LINC01010	0.94270636541698
MBOAT1	1.12568358502349
HDGFL1	1.12568358502349
PNLDC1	0.749110827107011
RNF217	0.94270636541698
NKAIN2	0.94270636541698
KHDC3L	0.94270636541698
CYP1A1	1.13133433617156
CFAP206	0.94270636541698
LINC01600	1.12568358502349
CYP1A2	1.13133433617156
BVES-AS1	0.94270636541698
LOC154449	0.862327116139212
CCDC167	1.04825237769963
CYP1B1	1.00240700458938
RUNDC3B	1.17037000361717
ABCA13	1.17037000361717
BMT2	1.17978731315435
LOC154761	1.17978731315435
CLEC2L	1.17978731315435
FMC1	1.17978731315435
AMOT	0.971983922050255
CYP2A6	1.24196546098975
VKORC1L1	1.17037000361717
AMOTL1	1.0798977924045
LINC00689	1.08695203854043
FEZF1-AS1	1.17978731315435
IQUB	1.17978731315435
C7orf77	1.17978731315435
KCTD7	1.17037000361717
CYP2A7	1.24196546098975
C7orf66	1.17978731315435
ADRB3	0.416558022388397
TMEM213	1.17978731315435
GIMAP8	1.24449465772
CRYGN	1.24449465772
ZNF425	1.24449465772
LOC155060	1.24449465772
ZNF746	1.24449465772
ATP6V0E2	1.24449465772
CYP3A7	1.17037000361717
SLC2A7	0.969343795308908
AMZ1	1.10834731360131
CYP2A13	1.24196546098975
METTL27	1.17037000361717
SBDSP1	1.17037000361717
VPS37D	1.17037000361717
NSUN5P1	1.17037000361717
RBM33	1.08695203854043
AGR3	0.932380436661844
CYP2B6	1.24196546098975
CYP2B7P	1.24196546098975
CYP2C19	0.97891388353545
CYP2C8	0.97891388353545
CYP2C9	0.97891388353545
GRK2	1.07884952858265
CYP2C18	0.97891388353545
CYP2D7	0.720285108111023
CYP2D6	0.720285108111023
GRK3	0.730447216884634
CYP2E1	0.96610428515749
CYP2F1	1.24196546098975
MGC27345	1.17978731315435
LOC157273	0.433694208344174
PRAG1	0.433694208344174
CYP2J2	0.982951932690122
PEBP4	0.433694208344174
CDCA2	0.433694208344174
FER1L6-AS2	2.05039341266889
TMEM65	2.05039341266889
LINC00964	2.05039341266889
SDAD1P1	0.433694208344174
RDH10	1.01569444866679
BAALC-AS2	1.01569444866679
ANKRD46	1.01569444866679
ESCO2	0.433694208344174
FBXO16	0.433694208344174
CYP3A4	1.17037000361717
LINC00599	0.433694208344174
LRATD2	2.05039341266889
C8orf37	1.01569444866679
VPS13B	1.01569444866679
FAM87A	0.416284738599625
TDRP	0.416284738599625
ERICH1	0.416284738599625
CYP3A5	1.17037000361717
SLC7A13	1.01569444866679
TDH	0.433694208344174
TMEM74	1.0381909863396
FAM91A1	2.05039341266889
C8orf48	0.433694208344174
MCMDC2	1.01569444866679
CLVS1	1.01569444866679
NKX6-3	0.416558022388397
KCNU1	0.416558022388397
SBSPON	1.01569444866679
CYP4A11	0.982951932690122
CAMSAP1	0.963087641236575
C9orf62	0.963087641236575
DOCK8-AS1	0.952713287730748
ADSL	0.720285108111023
CYP4B1	0.982951932690122
LINC00032	0.952713287730748
LINGO2	0.952713287730748
NXNL2	0.975901197514351
C9orf163	0.963087641236575
MAMDC4	0.963087641236575
LCN6	0.963087641236575
AK8	0.963087641236575
CYP7A1	1.01569444866679
OR1Q1	0.963087641236575
TTLL11	0.963087641236575
RASEF	0.975901197514351
HSD17B7P2	0.979753098033958
CYP8B1	0.720410490708883
TTC39B	0.952713287730748
FAM201A	0.709018617651733
TRMT10B	0.709018617651733
TTC16	0.963087641236575
LINC02603	0.970815788272126
FAM120AOS	0.975901197514351
SAXO1	0.952713287730748
CYP11A1	1.13133433617156
LINC00475	0.975901197514351
FREM1	0.952713287730748
KIAA2026	0.952713287730748
SPAAR	0.952713287730748
ATP8B5P	0.952713287730748
ZNF483	0.963087641236575
CYP11B1	1.02360093995737
SHOC1	0.963087641236575
KIAA1958	0.963087641236575
TSTD2	0.970815788272126
ZNF782	0.970815788272126
LOC158434	0.970815788272126
LOC158435	0.970815788272126
PRUNE2	0.975901197514351
CYP11B2	1.02360093995737
CBLL2	0.742060425418264
CSAG1	1.12011520828342
FMR1NB	1.07534151737943
USP27X-AS1	1.0526427280961
FAAH2	0.971983922050255
ZXDB	0.971983922050255
CYP17A1	0.97891388353545
LINC00889	0.971983922050255
ADAM3A	0.416558022388397
FAM47A	0.742060425418264
MOSPD2	0.681263242067964
ARHGAP36	0.971983922050255
RIBC1	0.971983922050255
AKAP14	0.971983922050255
CYP19A1	1.15942294495005
RHOXF1	0.971983922050255
NKAPP1	0.971983922050255
MAGEB6	0.742060425418264
CXorf65	0.971983922050255
AWAT1	0.971983922050255
AWAT2	0.971983922050255
ZDHHC15	0.971983922050255
USP51	0.971983922050255
CYP21A2	1.04825237769963
TCEAL6	0.971983922050255
CH17-340M24.3	1.15404773795701
H2BFWT	0.971983922050255
ADSS	1.02169470476617
CYP21A1P	1.04825237769963
CXorf38	0.742060425418264
FAM122B	0.971983922050255
FAM122C	0.971983922050255
CYP24A1	1.3428247635557
USP54	0.97891388353545
CYP26A1	0.97891388353545
NKX2-3	0.97891388353545
CYP27A1	0.970894155693591
SLC35G1	0.97891388353545
CYP27B1	1.01423100355274
CYP51A1	1.17037000361717
ADAM3B	0.98246487716107
CFAP58	0.97891388353545
SLC5A12	1.07884952858265
DEUP1	1.0798977924045
AARS	0.971089603767894
AP2A1	1.24196546098975
DAB1	0.982951932690122
PATE1	1.0798977924045
DAB2	1.19567882225115
C11orf65	1.0798977924045
DACH1	1.16077440404817
LDHAL6A	1.07884952858265
C11orf42	1.07884952858265
DAD1	0.764334413991476
KRT19P2	1.01423100355274
TMTC2	1.01423100355274
CLEC12A	1.02278665752541
CLECL1	1.02278665752541
CD55	0.991375931347093
TMTC3	1.01423100355274
C12orf50	1.01423100355274
ALDH1L2	1.01423100355274
LMNTD1	1.24074736084
DAG1	0.730118323494498
DENND5B	1.24074736084
DGKA	1.01423100355274
GRASP	1.01423100355274
DGKB	0.932380436661844
SLC5A8	1.01423100355274
PPTC7	1.01423100355274
CCDC63	1.01423100355274
CCDC60	1.01423100355274
DGKG	1.03734056701319
DGKH	1.16077440404817
CCDC122	1.16077440404817
GPR180	1.16077440404817
DGKQ	0.982841762389136
AP2A2	1.07884952858265
DAO	1.01423100355274
STOML3	1.16077440404817
DAP	1.19567882225115
FAM71D	0.764334413991476
TMEM229B	0.764334413991476
ACTN1-AS1	0.764334413991476
SYNE3	0.764334413991476
CLEC14A	0.764334413991476
DAPK1	0.975901197514351
FITM1	0.764334413991476
REM2	0.764334413991476
TMEM30B	0.764334413991476
DAPK3	0.672745602694723
LINC00519	0.764334413991476
MDGA2	0.764334413991476
SAMD15	0.764334413991476
NOP9	0.764334413991476
EML5	0.764334413991476
STRC	1.15942294495005
DARS	1.00240700458938
CFAP161	1.13133433617156
TBC1D21	1.13133433617156
DNAAF4	1.13133433617156
DAXX	1.04825237769963
CSNK1A1P1	1.15942294495005
OTUD7A	1.15942294495005
SPRED1	1.15942294495005
ODF3L1	1.13133433617156
PGBD4	1.15942294495005
DAZL	0.720410490708883
ADAL	1.15942294495005
EXD1	1.15942294495005
FSIP1	1.15942294495005
ZFPM1	0.971089603767894
ADAD2	0.971089603767894
AP1B1	1.25509584409354
BRINP1	0.963087641236575
ITPRIPL2	0.98246487716107
C16orf82	0.98246487716107
DBH	0.963087641236575
DBI	1.00240700458938
ZFP1	0.971089603767894
ANKFN1	1.00518177247207
MARCH10	1.00518177247207
MFSD6L	0.749723017917101
SLFN5	1.48826986994562
NAGS	1.00518177247207
RETREG3	1.00518177247207
TMEM92	1.00518177247207
PHOSPHO1	1.00518177247207
RHBDL3	1.43941607542378
TRPV3	0.7295394616866
SLC16A11	0.749723017917101
FBXO39	0.749723017917101
SPPL2C	1.00518177247207
KRT28	1.00518177247207
USP32P1	0.749723017917101
ZNF519	1.15931082987001
C18orf54	0.729564863856545
ELOA3	0.729564863856545
DBN1	0.981327424359639
DBP	1.24196546098975
DBT	0.982951932690122
ZNF836	1.25334885646717
ZNF610	1.25334885646717
ZNF600	1.25334885646717
ZNF320	1.25334885646717
ZNF497	1.25334885646717
ZNF550	1.25334885646717
ZNF296	1.24196546098975
DEDD2	1.24196546098975
ZNF846	0.704151138682422
OR7D2	0.704151138682422
AP2B1	1.48826986994562
DCC	0.729564863856545
ZNF579	1.25334885646717
ZNF791	0.71650131047893
ZNF564	0.71650131047893
ZNF709	0.71650131047893
ZNF433	0.748368687962694
ZNF114	1.24196546098975
ZNF567	1.24196546098975
ZNF383	1.24196546098975
ZNF781	1.24196546098975
EID2	1.24196546098975
ZNF780B	1.24196546098975
PRR22	0.704151138682422
LGI4	1.24196546098975
SYNE4	1.24196546098975
ECI1	0.98246487716107
ZNF676	0.71650131047893
ZNF100	0.71650131047893
ZNF540	1.24196546098975
DENND2C	0.982951932690122
DCK	0.982841762389136
GBP6	0.982951932690122
DCN	1.01423100355274
PLPPR5	0.982951932690122
FNDC7	0.982951932690122
DENND1B	0.991375931347093
DCTD	0.716789838124403
TDRD5	0.991375931347093
TOR1AIP2	0.991375931347093
ACE	1.00518177247207
CALML6	0.969343795308908
IFNLR1	0.982951932690122
CYP4Z2P	0.982951932690122
CITED4	0.982951932690122
SLC25A3P1	0.982951932690122
LEXM	0.982951932690122
SPRR4	0.982951932690122
KANK4	0.982951932690122
SASS6	0.982951932690122
DCT	1.16077440404817
SDE2	0.991375931347093
CNST	1.02169470476617
DCTN1	1.00240700458938
FAM43B	0.982951932690122
AP1G1	0.971089603767894
HFM1	0.982951932690122
PAQR7	0.982951932690122
DCX	0.971983922050255
TTC24	0.982951932690122
CCDC185	0.991375931347093
UBL4B	0.982951932690122
DDB1	1.07884952858265
WFDC13	1.3428247635557
APCDD1L	1.3428247635557
DDB2	1.07884952858265
LRRN4	1.01794118838271
CST13P	1.01794118838271
TTLL9	1.3428247635557
DDC	1.17037000361717
AKR1C1	0.979753098033958
CCDC116	0.730447216884634
AKR1C2	0.979753098033958
CABP7	1.25509584409354
TMPRSS6	0.720285108111023
APOBEC3H	0.720285108111023
WBP2NL	0.720285108111023
GADD45A	0.982951932690122
TTLL8	0.705191761652427
DAW1	0.970894155693591
LONRF2	1.00240700458938
DDIT3	1.01423100355274
AEBP1	1.17037000361717
DDOST	0.982951932690122
CCDC138	1.00240700458938
ADGRF3	1.01202671490066
TEX44	0.970894155693591
OXER1	1.00240700458938
TOGARAM2	1.01202671490066
FAM171B	0.970894155693591
C1QL2	1.00240700458938
DDX1	1.01202671490066
UBXN2A	1.01202671490066
DDX3X	0.742060425418264
DDX5	1.00518177247207
CLEC4F	1.00240700458938
DQX1	1.00240700458938
DDX6	1.0798977924045
PARP15	1.19833272410156
SPTSSB	1.06598575216065
DMXL1	0.981327424359639
DNAJB8	1.19833272410156
GPR156	1.19833272410156
DHX8	1.00518177247207
XIRP1	0.720410490708883
RNF168	1.03734056701319
TLE5	0.672745602694723
DHX9	0.991375931347093
CHST13	1.19833272410156
DDX10	1.0798977924045
DDX11	1.24074736084
PRICKLE2	0.723578923483452
KBTBD12	1.19833272410156
SPATA5	0.982841762389136
BBS12	0.982841762389136
DHX15	0.982841762389136
DECR1	1.01569444866679
DCLK2	0.708330872516
ADGRA3	0.982841762389136
TRIM60	0.716789838124403
DEFA1	0.416284738599625
FREM3	0.982841762389136
MMAA	0.982841762389136
ZBTB49	0.982841762389136
DEFA3	0.416284738599625
TIGD2	0.982841762389136
RASSF6	0.982841762389136
RBM46	0.983733746955767
DEFA4	0.416284738599625
SGMS2	0.982841762389136
MIER3	0.981327424359639
CDC20B	0.981327424359639
CRISP1	1.04825237769963
DEFA5	0.416284738599625
DEFA6	0.416284738599625
UGT3A2	1.19567882225115
TENT2	0.981327424359639
DEFB1	0.416284738599625
DCP2	0.981327424359639
DEFB4A	0.433694208344174
NIM1K	1.19567882225115
DES	0.970894155693591
LIX1	0.981327424359639
ZNF366	0.981327424359639
CFD	0.672745602694723
FAM151B	0.981327424359639
DFFA	0.969343795308908
PRSS35	0.94270636541698
LCA5	0.94270636541698
DFFB	0.969343795308908
TIMM8A	0.971983922050255
OLIG3	0.94270636541698
TXLNB	0.94270636541698
DACT2	0.862327116139212
C6orf118	0.749110827107011
ZNF92	1.17037000361717
GALNTL5	1.24449465772
DDX53	0.742060425418264
ZNF679	1.17037000361717
RNF133	1.17978731315435
CDC14C	1.17037000361717
THAP5	1.17978731315435
CCDC71L	1.17978731315435
PKD1L1	1.17037000361717
GIMAP7	1.24449465772
ZNF467	1.24449465772
BHLHA15	1.17037000361717
BMPER	1.17037000361717
GSDME	1.17037000361717
PER4	0.932380436661844
ZNF800	1.17978731315435
CNBD1	1.01569444866679
COCH	0.764334413991476
SLC30A8	2.05039341266889
COL22A1	2.05039341266889
SNX31	1.01569444866679
TMEM64	1.01569444866679
ZNF596	0.416284738599625
IDO2	0.416558022388397
STKLD1	0.963087641236575
KCNV2	0.952713287730748
OLFML2A	0.963087641236575
TMEM252	0.975901197514351
QSOX2	0.963087641236575
GLIS3	0.952713287730748
ZNF883	0.963087641236575
ZNF169	0.970815788272126
TENT5D	0.971983922050255
SPIN3	0.971983922050255
FAM47B	0.742060425418264
SUPT20HL2	0.742060425418264
TCEANC	0.681263242067964
ZCCHC12	0.971983922050255
ARX	0.742060425418264
FAM170B	0.979753098033958
TMEM273	0.979753098033958
FUT11	0.97891388353545
OIT3	0.979753098033958
C10orf91	0.96610428515749
PWWP2B	0.96610428515749
LINC00858	0.97891388353545
SSBP4	0.71650131047893
CLEC4C	1.02278665752541
ACTL10	1.3428247635557
DHX36	1.06598575216065
HTR3C	1.03734056701319
GIMAP1	1.24449465772
GPHA2	1.07884952858265
S100Z	0.981327424359639
COMMD6	1.16077440404817
XAGE3	0.971983922050255
XAGE5	0.971983922050255
PSORS1C1	1.04825237769963
PSORS1C2	1.04825237769963
NUDT10	0.971983922050255
ADAMTS15	1.0798977924045
ADAMTS16	1.19567882225115
ADAMTS17	1.13133433617156
ADAMTS18	0.971089603767894
COX7B2	0.982841762389136
GSX2	0.982841762389136
KCNG3	1.00240700458938
DEFT1P	0.416284738599625
PPP1R18	1.04825237769963
ZNF525	1.25334885646717
ZNF431	0.71650131047893
ZNF721	0.982841762389136
ANKRD24	0.672745602694723
ZNF384	1.02278665752541
ADAMTS19	0.981327424359639
ABHD11-AS1	1.17037000361717
ASXL1	1.3428247635557
SYNPO2	0.982841762389136
SPACA4	1.24196546098975
RHOV	1.15942294495005
DSTNP2	1.02278665752541
UBE2L5	1.33645054467716
NLRP6	1.07884952858265
LOC171391	1.07884952858265
ZNF675	0.71650131047893
PDIA3P1	0.982951932690122
CLYBL	1.16077440404817
FAM9A	0.681263242067964
FAM9B	0.681263242067964
FAM9C	0.681263242067964
CYP2T1P	1.24196546098975
SPTSSA	0.764334413991476
PTCRA	1.04825237769963
POLR3H	0.720285108111023
ABHD3	0.729564863856545
DGUOK	1.00240700458938
DHCR7	1.07884952858265
DHCR24	0.982951932690122
DHFR	0.981327424359639
AFG3L1P	0.971089603767894
DHFRP3	1.00240700458938
DHODH	0.971089603767894
DHPS	0.71650131047893
CYB5R3	0.720285108111023
NQO1	0.971089603767894
DIAPH1	0.981327424359639
AFM	0.982841762389136
DIAPH2	0.971983922050255
SEPTIN1	0.98246487716107
DIO1	0.982951932690122
DIO2	0.764334413991476
DIO3	0.764334413991476
DKC1	1.15404773795701
DLAT	1.0798977924045
DLD	1.17978731315435
DLG1	1.03734056701319
AFP	0.982841762389136
DLG2	1.0798977924045
DLG3	0.971983922050255
DLG4	0.749723017917101
DLST	0.764334413991476
DLSTP1	0.982951932690122
DLX1	0.970894155693591
DLX2	0.970894155693591
DLX3	1.00518177247207
DLX4	1.00518177247207
DLX5	1.17037000361717
AGA	0.716789838124403
DLX6	1.17037000361717
DMBT1	0.96610428515749
SARDH	0.963087641236575
DMP1	0.982841762389136
DNM1	0.963087641236575
ACAN	1.13133433617156
DMPK	1.24196546098975
DMRT1	0.952713287730748
DMWD	1.24196546098975
DNA2	0.979753098033958
DNAH5	1.19567882225115
DNAH6	1.00240700458938
DNAH8	1.04825237769963
AGER	1.04825237769963
DNAH9	0.749723017917101
DNASE1	0.98246487716107
DNASE1L1	1.15404773795701
DNASE1L2	0.98246487716107
DNASE1L3	0.730118323494498
DNASE2	0.71650131047893
DYNC1H1	0.771082865073358
AGL	0.982951932690122
DYNC1I1	1.17037000361717
DYNC1I2	0.970894155693591
DYNC1LI2	0.971089603767894
DNM2	0.704151138682422
DNMT1	0.704151138682422
TRDMT1	0.979753098033958
DNMT3A	1.01202671490066
DNMT3B	1.3428247635557
DNTT	0.97891388353545
DOCK1	0.96610428515749
DOCK2	0.981327424359639
DOCK3	0.730118323494498
DOK1	1.00240700458938
DXO	1.04825237769963
DPAGT1	1.0798977924045
ABAT	0.98246487716107
DPEP1	0.971089603767894
DPH1	0.7295394616866
DPH2	0.982951932690122
DPP4	1.00240700458938
DPP6	1.24449465772
DPT	0.991375931347093
DPYD	0.982951932690122
DPYS	1.01569444866679
DPYSL2	0.433694208344174
DPYSL3	0.981327424359639
AGRP	0.971089603767894
DR1	0.982951932690122
SLC26A3	1.17978731315435
DRD1	0.981327424359639
DRD2	1.0798977924045
DRD3	1.19833272410156
DRD4	1.07884952858265
DRD5	0.982841762389136
DRG2	0.749723017917101
JAG1	1.01794118838271
ARID3A	0.672745602694723
DRP2	0.971983922050255
ATN1	1.02278665752541
DSC1	0.729564863856545
DSC2	0.729564863856545
DSC3	0.729564863856545
DSCAM	0.71893801338487
RCAN1	0.71893801338487
DSG1	0.729564863856545
DSG2	0.729564863856545
AGT	1.02169470476617
DSG3	0.729564863856545
TSC22D3	0.971983922050255
DSP	1.12568358502349
EPYC	1.01423100355274
DSPP	0.982841762389136
SLC26A2	0.981327424359639
DTNA	0.729564863856545
DTNB	1.01202671490066
HBEGF	0.981327424359639
DTX1	1.01423100355274
DTYMK	0.966350804585467
ECM2	0.975901197514351
DUSP1	0.981327424359639
DUSP2	1.00240700458938
DUSP3	1.00518177247207
DUSP4	0.433694208344174
DUSP5	0.97891388353545
DUSP6	1.01423100355274
DUSP7	0.730118323494498
AGTR1	1.21511111792987
DUSP8	1.07884952858265
DUSP9	1.21583421531377
DUT	1.15942294495005
DVL1	0.969343795308908
DVL2	0.749723017917101
DVL3	1.03734056701319
DYRK1A	0.71893801338487
AGTR2	0.971983922050255
TOR1A	0.963087641236575
E2F1	1.3428247635557
APLNR	1.07884952858265
E2F2	0.982951932690122
E2F3	1.12568358502349
E2F4	0.971089603767894
E2F5	1.01569444866679
E2F6	1.01202671490066
E4F1	0.98246487716107
EBF1	0.981327424359639
GPR183	1.16077440404817
ECE1	0.982951932690122
AGXT	0.966350804585467
TYMP	0.73920158822585
ECH1	1.24196546098975
ECHS1	0.96610428515749
ECM1	0.982951932690122
ECT2	1.2087165663813
EDA	0.971983922050255
ABCA1	0.963087641236575
NR0B1	0.742060425418264
S1PR1	0.982951932690122
LPAR1	0.963087641236575
S1PR3	0.975901197514351
EDN1	1.12568358502349
EDN2	0.982951932690122
EDN3	1.3428247635557
EDNRA	0.708330872516
AHCY	1.3428247635557
EDNRB	1.16077440404817
PHC1	1.02278665752541
PHC2	0.982951932690122
EEF1A1	0.94270636541698
PLAC4	0.71893801338487
EEF1A2	1.3428247635557
PGAM5	1.01423100355274
B3GNT6	1.0798977924045
OXCT2P1	0.982951932690122
HIGD2A	0.981327424359639
KRT24	1.00518177247207
CYS1	1.01202671490066
AGO3	0.982951932690122
AGO4	0.982951932690122
SCAMP5	1.13133433617156
EEF1B2	0.970894155693591
EEF1D	1.02360093995737
LINC00189	0.71893801338487
EEF1G	1.07884952858265
EEF2	0.672745602694723
EIF2D	0.991375931347093
EFNA1	0.982951932690122
EFNA2	0.672745602694723
EFNA3	0.982951932690122
EFNA4	0.982951932690122
EFNA5	0.981327424359639
EFNB1	0.971983922050255
EFNB2	1.16077440404817
EFNB3	0.749723017917101
EGF	0.982841762389136
CELSR3	0.730118323494498
CELSR2	0.982951932690122
MEGF6	0.969343795308908
MEGF8	1.24196546098975
MEGF9	0.963087641236575
EGFR	1.17037000361717
EGR1	0.981327424359639
SDR16C5	1.01569444866679
PRXL2C	0.970815788272126
ZNF367	0.970815788272126
EGR2	0.979753098033958
ANTXRL	0.979753098033958
AHR	0.932380436661844
EGR3	0.433694208344174
EMX2OS	0.96610428515749
PLPP4	0.96610428515749
METTL15	1.07884952858265
EGR4	1.00240700458938
EHHADH	1.03734056701319
MPZL3	1.0798977924045
IMMP1L	1.07884952858265
OR56B4	1.07884952858265
KRT78	1.01423100355274
RILPL2	1.01423100355274
DNAH10	1.01423100355274
AMN1	1.24074736084
EIF1AX	0.961550425812295
DTX3	1.01423100355274
METTL7B	1.01423100355274
C12orf77	1.24074736084
ZFC3H1	1.01423100355274
MYRFL	1.01423100355274
PLBD2	1.01423100355274
FAM71C	1.01423100355274
RMST	1.01423100355274
CCER1	1.01423100355274
EEF2KMT	0.98246487716107
EIF2S1	0.764334413991476
PIANP	1.02278665752541
DCP1B	1.02278665752541
ANO6	1.01423100355274
ARID2	1.01423100355274
METTL21C	1.16077440404817
EEF1DP3	1.33645054467716
EIF2B1	1.01423100355274
VSTM4	0.979753098033958
PAOX	0.96610428515749
FAM24B	0.96610428515749
EIF2S3	0.742060425418264
LINC00638	0.771082865073358
ADCY4	0.764334413991476
EPHA2	0.982951932690122
LINC01599	0.764334413991476
FAM227B	1.15942294495005
DNM1P46	1.13133433617156
CT62	1.13133433617156
GRAMD2A	1.13133433617156
AHSG	1.03734056701319
MGC15885	1.13133433617156
LCTL	1.13133433617156
UBR1	1.15942294495005
PATL2	1.15942294495005
SNAI3-AS1	0.971089603767894
LINC00311	0.971089603767894
LDHD	0.971089603767894
FCSK	0.971089603767894
MLKL	0.971089603767894
EIF4A1	0.749723017917101
ZNF778	0.971089603767894
ACSF3	0.971089603767894
WDR90	0.98280619354904
EME2	0.98246487716107
CASP16P	0.98246487716107
NLRC3	0.98246487716107
NSMCE1	0.98246487716107
EIF4A2	1.03734056701319
ZNF48	0.98246487716107
EIF4B	1.01423100355274
EIF4E	0.982841762389136
EIF4EBP1	0.416558022388397
EIF4EBP2	0.979753098033958
EIF4G1	1.03734056701319
EIF4G2	1.07884952858265
EIF5	0.771082865073358
EIF5A	0.749723017917101
LKAAEAR1	1.3428247635557
AIF1	1.04825237769963
CELA1	1.01423100355274
ELANE	0.672745602694723
SERPINB1	1.12568358502349
DZIP1L	0.986056538996622
TTC21A	0.720410490708883
ELAVL2	0.952713287730748
ELAVL1	0.704151138682422
ELAVL3	0.748368687962694
ELAVL4	0.982951932690122
MCEMP1	0.704151138682422
ZNF627	0.748368687962694
DAND5	0.71650131047893
ELF1	1.16077440404817
ZNF585A	1.24196546098975
NLRP7	1.25334885646717
GGN	1.24196546098975
CADM4	1.24196546098975
THAP8	1.24196546098975
U2AF1L4	1.24196546098975
ZNF626	0.71650131047893
NIBAN3	0.71650131047893
ELF2	0.982841762389136
ADM5	1.24196546098975
LCE4A	0.982951932690122
ALG14	0.982951932690122
FAM76A	0.982951932690122
LINC00466	0.982951932690122
ELF3	0.991375931347093
FYB2	0.982951932690122
TMEM201	0.969343795308908
TMEM61	0.982951932690122
CYP4Z1	0.982951932690122
FAAP20	0.969343795308908
A2M	1.02278665752541
ABCA2	0.963087641236575
ELF4	0.971983922050255
CDCP2	0.982951932690122
SLC5A9	0.982951932690122
CC2D1B	0.982951932690122
NBPF11	0.982951932690122
NUDT17	0.982951932690122
TXLNA	0.982951932690122
ELF5	1.07884952858265
TCTEX1D1	0.982951932690122
PLD5	1.02169470476617
C1orf100	1.02169470476617
SPAG17	0.982951932690122
SLFNL1	0.982951932690122
KRTCAP2	0.982951932690122
CRTC2	0.982951932690122
TMEM51-AS1	0.982951932690122
ELK1	1.0526427280961
IBA57	1.02169470476617
FAM209A	1.3428247635557
LINC00656	1.01794118838271
LINC00528	0.736942594729667
ELK2AP	0.709473775987212
RNF215	0.720285108111023
APOBEC3A	0.720285108111023
APOBEC3F	0.720285108111023
FOXD4L1	1.00240700458938
CFAP221	1.00240700458938
ELK3	1.01423100355274
VWA3B	1.00240700458938
CREG2	1.00240700458938
ALMS1P1	1.00240700458938
TET3	1.00240700458938
ELK4	0.991375931347093
GKN2	1.00240700458938
TEX37	1.00240700458938
ANKRD23	1.00240700458938
APLF	1.00240700458938
PIKFYVE	0.970894155693591
ELN	1.17037000361717
KRTCAP3	1.01202671490066
FAM237A	0.970894155693591
TMEM17	1.00240700458938
SPRED2	1.00240700458938
TIGD1	0.970894155693591
LOC200772	0.966350804585467
ALG1L	1.19833272410156
C3orf67	0.730118323494498
KCTD6	0.730118323494498
LIPH	1.03734056701319
ARL13B	1.19833272410156
DHFR2	1.19833272410156
EML1	0.764334413991476
HTR3D	1.03734056701319
RPL22L1	1.2087165663813
SLC51A	1.03734056701319
FBXO45	1.03734056701319
KLHDC8B	0.730118323494498
MUC20	1.03734056701319
GABRR3	1.19833272410156
EMD	1.15404773795701
MARK2	1.07884952858265
CEP112	1.45235253680058
DHRS7C	0.749723017917101
TVP23C	0.749723017917101
CENPV	0.749723017917101
FLCN	0.749723017917101
PLD6	0.749723017917101
ARHGAP27	1.00518177247207
ZNF385C	1.00518177247207
SAMD14	1.00518177247207
EMP1	1.02278665752541
LYRM9	1.01129990957445
SLC16A13	0.749723017917101
SPEM2	0.749723017917101
CENPX	0.986809853654872
LRRC45	0.986809853654872
SLC39A11	0.986809853654872
AMZ2P1	1.00518177247207
TRIM65	0.986809853654872
UNC13D	0.986809853654872
RDM1	1.48826986994562
EMP2	0.98246487716107
SPNS3	0.7295394616866
EMP3	1.24196546098975
FBXO15	0.729564863856545
RAB12	1.15931082987001
DLGAP1-AS3	1.15931082987001
ADGRE1	0.704151138682422
ZBTB7C	0.729564863856545
ZNF584	1.25334885646717
ZSCAN4	1.25334885646717
HACD2	1.19833272410156
STT3B	0.720410490708883
EMX1	1.00240700458938
LINC00870	0.723578923483452
DNAH12	0.730118323494498
PDE12	0.730118323494498
DENND6A	0.730118323494498
TIGIT	1.19833272410156
AADACP1	1.06598575216065
CTTN	1.07884952858265
C4orf46	0.716789838124403
SLC10A4	0.982841762389136
TIGD4	0.983733746955767
TMEM154	0.983733746955767
EMX2	0.96610428515749
LINC00504	0.982841762389136
SMIM14	0.982841762389136
EN1	1.00240700458938
TMEM192	0.716789838124403
RWDD4	0.716789838124403
PRIMPOL	0.716789838124403
CRYBG1	0.94270636541698
EN2	1.08695203854043
TAPT1	0.982841762389136
TAPT1-AS1	0.982841762389136
SPATA24	0.981327424359639
DNAJC18	0.981327424359639
ENDOG	0.963087641236575
FAM153B	0.981327424359639
RANBP3L	1.19567882225115
LOC202181	0.981327424359639
ENG	0.963087641236575
CCDC125	0.981327424359639
LINC01554	0.981327424359639
ENO1	0.969343795308908
GAPT	0.981327424359639
CMYA5	0.981327424359639
STK32A	0.981327424359639
OSTCP1	0.749110827107011
TCTE1	1.04825237769963
KHDRBS2	0.94270636541698
ENO2	1.02278665752541
TRIM39-RPP21	1.12568358502349
ENO3	0.749723017917101
PAXIP1-AS1	1.24449465772
ENPEP	0.982841762389136
C7orf33	1.24449465772
ENSA	0.982951932690122
TMEM184A	1.10834731360131
AK1	0.963087641236575
SLC29A1	1.04825237769963
ADCK5	1.02360093995737
TSNARE1	1.02360093995737
TUBB	1.04825237769963
R3HCC1	0.433694208344174
PRSS55	0.433694208344174
C8orf74	0.433694208344174
HTRA4	0.416558022388397
ADAM32	0.416558022388397
ERICH5	1.01569444866679
LGI3	0.433694208344174
TMEM268	0.963087641236575
C9orf72	0.952713287730748
CCDC171	0.952713287730748
NAIF1	0.963087641236575
FAM219A	0.952713287730748
CCDC107	0.952713287730748
LINC00537	0.709018617651733
ANKS6	0.970815788272126
EP300	0.720285108111023
SUSD3	0.975901197514351
EPAS1	1.00240700458938
CT83	0.971983922050255
LINC01560	1.0526427280961
SLC25A43	0.971983922050255
RTL3	0.971983922050255
NRK	0.971983922050255
EPB41	0.982951932690122
INTS6L	0.971983922050255
ZNF449	0.971983922050255
VMA21	1.12011520828342
TMEM31	0.971983922050255
PAGE2	0.971983922050255
EPB41L1	1.3428247635557
EPB41L2	0.94270636541698
EPB42	1.15942294495005
ANO5	1.07884952858265
DMTN	0.433694208344174
AK2	0.982951932690122
STOM	0.963087641236575
RPSAP52	1.01423100355274
EPHA1	1.17978731315435
EPHA3	0.434078096558972
CERS3	1.13133433617156
EPHA4	0.970894155693591
EPHA5	0.982841762389136
PDILT	0.98246487716107
EPHA7	0.94270636541698
EPHA8	0.982951932690122
EPHB1	0.986056538996622
EPHB2	0.982951932690122
NLRP11	1.25334885646717
HIPK1	0.982951932690122
EPHB3	1.03734056701319
SLC44A5	0.982951932690122
AK4	0.982951932690122
EPHB4	1.17978731315435
EPHB6	1.17978731315435
AMER3	1.00240700458938
EPHX1	0.991375931347093
MTLN	1.00240700458938
EPHX2	0.433694208344174
C2orf69	0.970894155693591
STX2	1.01423100355274
DIPK2A	0.986056538996622
CLN8	0.416284738599625
SENP5	1.03734056701319
EPO	1.17037000361717
EPOR	0.748368687962694
USF3	1.19833272410156
EPRS	0.991375931347093
TRIML2	1.00182064735938
EPS8	1.02278665752541
EPS15	0.982951932690122
NR2F6	0.71650131047893
LVRN	0.981327424359639
SLC36A1	0.981327424359639
ERBB2	1.00518177247207
C6orf163	0.94270636541698
PIP5K1P1	1.12568358502349
ERBB3	1.01423100355274
ERBB4	0.970894155693591
ERCC1	1.24196546098975
ERCC2	1.24196546098975
EREG	0.982841762389136
AKT1	0.771082865073358
EYA4	0.94270636541698
DHRSX	0.681263242067964
ERCC3	1.00240700458938
SFTA1P	0.979753098033958
TRY2P	1.17978731315435
ERCC4	0.98246487716107
ERCC5	1.16077440404817
ERCC6	0.979753098033958
ERF	1.24196546098975
ERG	0.71893801338487
ERH	0.764334413991476
AKT2	1.24196546098975
ERN1	1.00518177247207
ERV3-1	1.17037000361717
FBL	1.24196546098975
ESD	1.16077440404817
ESR1	0.749110827107011
ABCA3	0.98246487716107
ALAD	0.963087641236575
ESR2	0.764334413991476
ESRRA	1.07884952858265
ESRRB	0.764334413991476
ESRRG	0.991375931347093
ETF1	0.981327424359639
ETFA	1.13133433617156
ETFB	1.24196546098975
ALAS1	0.730118323494498
ETFDH	0.716789838124403
ETS1	1.0798977924045
ETS2	0.71893801338487
ETV1	0.932380436661844
ETV2	1.24196546098975
ETV3	0.982951932690122
ETV4	1.00518177247207
ETV5	1.03734056701319
ALAS2	0.971983922050255
ETV6	1.02278665752541
EVC	0.982841762389136
MECOM	1.2087165663813
EVI2A	1.43941607542378
EVI2B	1.43941607542378
EVPL	0.986809853654872
EVX1	1.17037000361717
ALB	0.982841762389136
EWSR1	1.25509584409354
EXT1	2.05039341266889
EXT2	1.07884952858265
EXTL1	0.982951932690122
EXTL2	0.982951932690122
EXTL3	0.433694208344174
EYA1	1.01569444866679
EYA2	1.3428247635557
ALCAM	1.19833272410156
EYA3	0.982951932690122
EZH1	1.00518177247207
EZH2	1.24449465772
F2	1.07884952858265
F2R	0.981327424359639
ABCD1	1.21583421531377
F2RL1	0.981327424359639
F2RL2	0.981327424359639
F3	0.982951932690122
F5	0.991375931347093
F7	1.16077440404817
F8	1.15404773795701
F9	0.971983922050255
F10	1.16077440404817
ALDH1A1	0.975901197514351
F11	0.716789838124403
F12	0.981327424359639
F13A1	1.12568358502349
F13B	0.991375931347093
FAAH	0.982951932690122
FABP4	1.01569444866679
FABP1	1.00240700458938
FABP2	0.982841762389136
ALDH2	1.01423100355274
FABP3	0.982951932690122
FABP5	1.01569444866679
FABP6	0.981327424359639
FABP7	0.94270636541698
FANCA	0.971089603767894
FANCC	0.970815788272126
FANCD2	0.720410490708883
FANCE	1.04825237769963
ALDH3A1	0.749723017917101
ACSL1	0.716789838124403
ACSL3	0.970894155693591
ACSL4	0.971983922050255
FAH	1.13133433617156
PTK2B	0.433694208344174
BPTF	1.45235253680058
FANCB	0.681263242067964
FANCF	1.07884952858265
FANCG	0.952713287730748
ALDH1B1	0.709018617651733
FAP	1.00240700458938
FBLN1	0.720285108111023
SAMD9L	1.17037000361717
AMER2	1.33645054467716
ATAD3C	0.969343795308908
FARSA	0.71650131047893
USP12	1.33645054467716
TMEM254-AS1	0.97891388353545
PLAC9	0.97891388353545
FASN	0.986809853654872
MTIF3	1.33645054467716
GSX1	1.33645054467716
OR8U1	1.07884952858265
OR4C16	1.07884952858265
OR4C11	1.07884952858265
OR4S2	1.07884952858265
OR4C6	1.07884952858265
OR5D14	1.07884952858265
OR5L1	1.07884952858265
OR5D18	1.07884952858265
OR7E5P	1.07884952858265
OR5AS1	1.07884952858265
OR8K5	1.07884952858265
OR5T2	1.07884952858265
OR8H1	1.07884952858265
OR8K3	1.07884952858265
OR8J1	1.07884952858265
OR5R1	1.07884952858265
OR5M3	1.07884952858265
OR5M8	1.07884952858265
OR5M11	1.07884952858265
OR5AR1	1.07884952858265
FAT1	1.00182064735938
OR5AK4P	1.07884952858265
LRRC55	1.07884952858265
SMTNL1	1.07884952858265
YPEL4	1.07884952858265
MED19	1.07884952858265
TEX47	1.17037000361717
ZNF804B	1.17037000361717
FOLH1B	1.0798977924045
FAT2	0.981327424359639
CABCOCO1	0.979753098033958
TMEM26	0.979753098033958
ZCCHC24	0.97891388353545
ENKUR	0.979753098033958
ARMC3	0.979753098033958
UNC5B	0.979753098033958
FAU	1.07884952858265
PROSER2-AS1	0.979753098033958
STOX1	0.979753098033958
FAM241B	0.979753098033958
TYSND1	0.979753098033958
ZNF25	0.979753098033958
GJD4	0.979753098033958
CCNY	0.979753098033958
RTKN2	0.979753098033958
TBATA	0.979753098033958
C11orf45	1.0798977924045
HYLS1	1.0798977924045
TMEM218	1.0798977924045
SLC37A2	1.0798977924045
OR8B12	1.0798977924045
OR8G5	1.0798977924045
OR10G8	1.0798977924045
OR10G9	1.0798977924045
OR10S1	1.0798977924045
OR6T1	1.0798977924045
OR4D5	1.0798977924045
TBCEL	1.0798977924045
FBLN2	0.720410490708883
TMEM136	1.0798977924045
MRPL21	1.07884952858265
TPCN2	1.07884952858265
SPATA19	1.0798977924045
OR6Q1	1.07884952858265
OR9I1	1.07884952858265
OR9Q1	1.07884952858265
OR9Q2	1.07884952858265
OR1S2	1.07884952858265
OR1S1	1.07884952858265
OR10Q1	1.07884952858265
OR5B17	1.07884952858265
OR5B21	1.07884952858265
GLYATL2	1.07884952858265
MPEG1	1.07884952858265
OR5A2	1.07884952858265
OR5A1	1.07884952858265
OR4D6	1.07884952858265
OR4D11	1.07884952858265
PATL1	1.07884952858265
OOSP2	1.07884952858265
MS4A15	1.07884952858265
ABCB7	0.971983922050255
ALDH1A3	1.13133433617156
FBN1	1.15942294495005
VWCE	1.07884952858265
CYB561A3	1.07884952858265
PPP1R32	1.07884952858265
GDPD4	1.0798977924045
DDIAS	1.0798977924045
CCDC83	1.0798977924045
LTO1	1.07884952858265
SHANK2-AS3	1.07884952858265
LRTOMT	1.07884952858265
ERICH6B	1.16077440404817
SPERT	1.16077440404817
FBN2	0.981327424359639
DLEU7	1.16077440404817
FAM124A	1.16077440404817
TPTE2P3	1.16077440404817
SKA1	0.729564863856545
CFAP53	0.729564863856545
GTSCR1	0.729564863856545
DOK6	0.729564863856545
EFEMP1	1.00240700458938
ATOH7	0.979753098033958
OTUD1	0.979753098033958
HEPACAM	1.0798977924045
FBP1	0.970815788272126
OAF	1.0798977924045
TIGD3	1.07884952858265
FAM181B	1.0798977924045
CCDC89	1.0798977924045
FCAR	1.25334885646717
LRRC63	1.16077440404817
CTAGE10P	1.16077440404817
RNF152	0.729564863856545
FCER1A	0.982951932690122
USP32P2	0.749723017917101
MS4A2	1.07884952858265
FCER1G	0.982951932690122
LOC220729	1.03734056701319
FCER2	0.704151138682422
FABP5P3	1.24449465772
FCGR1A	0.982951932690122
WAC-AS1	0.979753098033958
ZNF438	0.979753098033958
ZEB1-AS1	0.979753098033958
SLC16A9	0.979753098033958
FAM13C	0.979753098033958
MARCH8	0.979753098033958
C10orf25	0.979753098033958
TMEM72-AS1	0.979753098033958
HNRNPA3	0.970894155693591
ZNF485	0.979753098033958
ALDH3B1	1.07884952858265
FCGR1B	0.982951932690122
RASGEF1A	0.979753098033958
REEP3	0.979753098033958
JMJD1C	0.979753098033958
UCMA	0.979753098033958
RPP38-DT	0.979753098033958
FAM171A1	0.979753098033958
SLC39A12	0.979753098033958
NSUN6	0.979753098033958
ARL5B	0.979753098033958
LRRN4CL	1.07884952858265
HNRNPUL2	1.07884952858265
ALKBH3	1.07884952858265
LINC02685	1.07884952858265
EEF1AKMT1	1.33645054467716
SKA3	1.33645054467716
MICU2	1.33645054467716
SPATA13	1.33645054467716
CPNE2	0.98246487716107
ADGRG5	0.98246487716107
PRSS54	0.98246487716107
FCGR2A	0.982951932690122
CES5A	0.98246487716107
LINC00305	0.729564863856545
CCDC162P	0.94270636541698
AK9	0.94270636541698
NT5DC1	0.94270636541698
FCGR2B	0.991375931347093
CALHM4	0.94270636541698
ZUP1	0.94270636541698
FAM162B	0.94270636541698
TBC1D32	0.94270636541698
BEND6	0.94270636541698
GSTA5	1.04825237769963
OPN5	1.04825237769963
ADGRF4	1.04825237769963
ADGRF5	1.04825237769963
FCGR3A	0.982951932690122
TDRD6	1.04825237769963
SPATS1	1.04825237769963
C6orf223	1.04825237769963
RSPH9	1.04825237769963
LRRC73	1.04825237769963
TREML5P	1.04825237769963
ADCY10P1	1.04825237769963
OARD1	1.04825237769963
KIF6	1.04825237769963
TMEM217	1.04825237769963
FGD2	1.04825237769963
PI16	1.04825237769963
C6orf89	1.04825237769963
ARMC12	1.04825237769963
SMIM29	1.04825237769963
LEMD2	1.04825237769963
FCGR3B	0.991375931347093
ZBTB9	1.04825237769963
ZBTB12	1.04825237769963
C6orf136	1.04825237769963
ZSCAN12P1	1.12568358502349
HIST1H2AA	1.12568358502349
KDM1B	1.12568358502349
RBM24	1.12568358502349
RNF182	1.12568358502349
PHACTR1	1.12568358502349
FCGRT	1.24196546098975
SMIM13	1.12568358502349
SYCP2L	1.12568358502349
LINC00518	1.12568358502349
PXDC1	1.12568358502349
SERPINB9P1	1.12568358502349
ZSCAN25	1.17037000361717
FAM200A	1.17037000361717
FKTN	0.963087641236575
VWDE	0.932380436661844
PRPS1L1	0.932380436661844
TWISTNB	0.932380436661844
SP8	0.932380436661844
HOXA11-AS	1.17037000361717
JAZF1	1.17037000361717
FCN1	0.963087641236575
PPP1R35	1.17037000361717
GPC2	1.17037000361717
BRAT1	1.10834731360131
SDK1	1.10834731360131
FOXK1	1.10834731360131
MMD2	1.10834731360131
LOC221946	1.10834731360131
DAGLB	1.10834731360131
CCZ1B	1.10834731360131
THSD7A	0.932380436661844
ALDH3B2	1.07884952858265
FCN2	0.963087641236575
VSTM2A	1.17037000361717
DKFZp434L192	1.17037000361717
TMED4	1.17037000361717
DKFZP586I1420	1.17037000361717
MTURN	1.17037000361717
PRR15	1.17037000361717
SRRM3	1.17037000361717
RSBN1L	1.17037000361717
FDFT1	0.433694208344174
KIAA1324L	1.17037000361717
LRWD1	1.17978731315435
FAM185A	1.17978731315435
FBXL13	1.17978731315435
NAPEPLD	1.17978731315435
ATXN7L1	1.17978731315435
CDHR3	1.17978731315435
BEND7	0.979753098033958
FDPS	0.982951932690122
LNX2	1.33645054467716
ADGRG3	0.98246487716107
HS3ST5	0.94270636541698
GPRC6A	0.94270636541698
RFX6	0.94270636541698
SLC35F1	0.94270636541698
FAM83B	1.04825237769963
ADGRF2	1.04825237769963
TSPO2	1.04825237769963
UNC5CL	1.04825237769963
KCTD20	1.04825237769963
PXT1	1.04825237769963
LHFPL5	1.04825237769963
SCUBE3	1.04825237769963
ZSCAN23	1.12568358502349
NKAPL	1.12568358502349
TOB2P1	1.12568358502349
FAM217A	1.12568358502349
TMEM130	1.17037000361717
FERD3L	0.932380436661844
RPL23P8	0.932380436661844
NYAP1	1.17037000361717
SLC29A4	1.10834731360131
ALDH9A1	0.991375931347093
FDX1	1.0798977924045
ITPRID1	1.17037000361717
ZNRF2	1.17037000361717
SEMA3D	1.17037000361717
FDXR	0.986809853654872
FECH	0.729564863856545
FEN1	1.07884952858265
GPC4	0.971983922050255
ALDH3A2	0.749723017917101
FER	0.981327424359639
FES	1.13133433617156
FGA	0.983733746955767
FGB	0.983733746955767
FGD1	0.971983922050255
FGF1	0.981327424359639
FGF2	0.982841762389136
FGF3	1.07884952858265
FGF4	1.07884952858265
ABCD2	1.01423100355274
FGF5	0.982841762389136
FGF6	1.02278665752541
FGF7	1.15942294495005
FGF8	0.97891388353545
FGF9	1.33645054467716
FGF10	1.19567882225115
FGF11	0.749723017917101
MAPK15	1.02360093995737
FGF12	1.03734056701319
FGF13	0.971983922050255
FGF14	1.16077440404817
ALDOA	0.98246487716107
FGFR1	0.416558022388397
FGFR3	0.982841762389136
GPC5	1.16077440404817
FGFR2	0.96610428515749
FGFR4	0.981327424359639
FGG	0.983733746955767
FGL1	0.433694208344174
FGR	0.982951932690122
FH	1.02169470476617
FHIT	0.730118323494498
FHL1	0.971983922050255
FHL2	1.00240700458938
FHL3	0.982951932690122
VEGFD	0.681263242067964
CASC3	1.00518177247207
NID2	0.764334413991476
COG2	1.02169470476617
TFEC	1.17978731315435
LAMB4	1.17978731315435
FKBP1A	1.04060686127253
RRAS2	1.07884952858265
ITGA11	1.13133433617156
CLCA4	0.982951932690122
XRN2	1.01794118838271
IKZF3	1.00518177247207
IKZF2	0.970894155693591
MRAS	0.986056538996622
ATF5	1.24196546098975
FKBP1B	1.01202671490066
COPZ1	1.01423100355274
FKBP1AP1	1.25334885646717
COPG1	1.19833272410156
RASA3	1.16077440404817
PHLDA1	1.01423100355274
MTF2	0.982951932690122
HSPA4L	0.982841762389136
DNAJC8	0.982951932690122
PUF60	1.02360093995737
SCAF8	0.749110827107011
CEP162	0.94270636541698
ZNF652	1.00518177247207
ZFP30	1.24196546098975
RHOBTB3	0.981327424359639
COBLL1	1.00240700458938
RNF44	0.981327424359639
DLGAP4	1.3428247635557
RAB11FIP2	0.96610428515749
PPM1E	1.00518177247207
FRMPD1	0.709018617651733
DOLK	0.963087641236575
VASH1	0.764334413991476
ZNF507	1.13164416291439
AAK1	1.00240700458938
CPEB3	0.97891388353545
ADNP2	0.729564863856545
ANKRD26	0.979753098033958
LMTK2	1.17037000361717
NTNG1	0.982951932690122
CHSY1	1.13133433617156
ICK	1.04825237769963
ADGRL1	0.71650131047893
FKBP2	1.07884952858265
NLRP1	0.749723017917101
FNDC3A	1.16077440404817
ATG14	0.764334413991476
R3HDM2	1.01423100355274
SLITRK3	1.06598575216065
CNKSR2	0.961550425812295
FASTKD2	0.970894155693591
ZNF510	0.970815788272126
FKBP3	0.764334413991476
PPP6R1	1.25334885646717
NLGN1	1.03734056701319
SEC31A	0.982841762389136
DZIP1	1.16077440404817
PLEKHA6	0.991375931347093
ENPP4	1.04825237769963
INPP5F	0.96610428515749
MLXIP	1.01423100355274
TRAPPC8	0.729564863856545
MON1B	0.971089603767894
FKBP4	1.02278665752541
MORC2	0.720285108111023
ANKRD6	0.94270636541698
ZHX2	2.05039341266889
CLSTN1	0.969343795308908
WDR37	0.979753098033958
ABLIM3	0.981327424359639
FOXJ3	0.982951932690122
UBOX5	1.01794118838271
KHDC4	0.982951932690122
FKBP5	1.04825237769963
ZBTB1	0.764334413991476
ZNF365	0.979753098033958
BAHD1	1.15942294495005
DIS3	1.16077440404817
RPH3A	1.01423100355274
CEP164	1.0798977924045
DENND3	2.05039341266889
ARHGEF15	0.749723017917101
ALDOB	0.963087641236575
FOXG1	0.764334413991476
CARD8	1.24196546098975
ARSG	0.986809853654872
RUFY3	0.982841762389136
BTBD3	1.01794118838271
SBNO2	0.672745602694723
EPN2	0.749723017917101
TRAK1	0.720410490708883
DHX30	0.730118323494498
SACM1L	0.730118323494498
FAN1	1.15942294495005
WDR47	0.982951932690122
RALY	1.3428247635557
KLRK1	1.02278665752541
MMRN1	0.982841762389136
NCBP2	1.03734056701319
ZP1	1.07884952858265
CD93	1.01794118838271
MAPRE1	1.3428247635557
KIFAP3	0.991375931347093
MSRB2	0.979753098033958
MAPRE3	1.01202671490066
PLA2R1	1.00240700458938
ATF6	0.991375931347093
HABP4	0.970815788272126
SEPHS2	0.98246487716107
SEPHS1	0.979753098033958
RAB3GAP1	1.00240700458938
RAB18	0.979753098033958
POMZP3	1.17037000361717
SIRT2	1.24196546098975
RPIA	1.00240700458938
ELL2	0.981327424359639
SCAP	0.730118323494498
SNW1	0.764334413991476
FOXF1	0.971089603767894
SHANK2	1.07884952858265
DKK1	0.979753098033958
KIN	0.979753098033958
CCT5	1.19567882225115
PTGR1	0.963087641236575
FOXF2	1.12568358502349
SLC4A1AP	1.01202671490066
CYP2G1P	1.24196546098975
P2RX2	1.01423100355274
TRIM32	0.963087641236575
SCMH1	0.982951932690122
FOXC1	1.12568358502349
FOXD1	0.981327424359639
LAMB2P1	0.730118323494498
TPX2	1.3428247635557
PAXIP1	1.24449465772
AKR7A3	0.982951932690122
NT5C2	0.97891388353545
EFR3B	1.01202671490066
FOXD4	0.952713287730748
TCF25	0.971089603767894
NINL	1.3428247635557
DIP2C	0.979753098033958
MAST1	0.71650131047893
PDCD11	0.97891388353545
ACIN1	0.764334413991476
SORCS3	0.97891388353545
SV2C	0.981327424359639
MYH15	1.19833272410156
FOXI1	0.981327424359639
PCNX1	0.764334413991476
KDM2A	1.07884952858265
HMGXB3	0.981327424359639
CEP131	0.986809853654872
CEP152	1.15942294495005
TTC39A	0.982951932690122
IGSF9B	1.0798977924045
LIMCH1	0.982841762389136
RIMS1	0.94270636541698
ABCF1	1.04825237769963
ALDOC	1.01129990957445
FOXL1	0.971089603767894
WDFY3	0.982841762389136
DAAM1	0.764334413991476
MAPKBP1	1.15942294495005
PLCH1	1.06598575216065
KLHDC10	1.17978731315435
FOXE3	0.982951932690122
RAB21	1.01423100355274
STK38L	1.24074736084
SPEN	0.982951932690122
FBXO21	1.01423100355274
GOLGA8A	1.15942294495005
EXOSC7	0.730118323494498
FAIM2	1.01423100355274
CNOT1	0.98246487716107
FOXJ1	0.986809853654872
SNRNP200	1.00240700458938
PALLD	0.716789838124403
TMCC1	1.19833272410156
PDZRN3	0.723578923483452
UNC13A	0.71650131047893
MYO16	1.16077440404817
KDM1A	0.982951932690122
RBM34	1.02169470476617
FOXC2	0.971089603767894
KDM4B	0.704151138682422
MAST3	0.71650131047893
USP33	0.982951932690122
DOP1A	0.94270636541698
SAMD4A	0.764334413991476
PHLPP2	0.971089603767894
ZNF292	0.94270636541698
PDZD2	1.19567882225115
WDTC1	0.982951932690122
XPO7	0.433694208344174
FOXE1	0.970815788272126
MYT1L	1.01202671490066
MON2	1.01423100355274
PDXDC1	0.98246487716107
TNIK	1.2087165663813
KIF21B	0.991375931347093
PDS5B	1.33645054467716
FNBP1	0.963087641236575
SMG1	0.98246487716107
FOXM1	1.02278665752541
ZHX3	1.3428247635557
ENDOD1	1.0798977924045
ZSWIM8	0.97891388353545
NCOA6	1.3428247635557
NMNAT2	0.991375931347093
CLUAP1	0.98246487716107
FOXD2	0.982951932690122
ZNF609	1.13133433617156
TBC1D9B	0.981327424359639
GGA2	0.98246487716107
WAPL	0.97891388353545
SETX	0.963087641236575
EMC1	0.982951932690122
CAND2	0.720410490708883
SETD1B	1.01423100355274
FOXS1	1.3428247635557
CMTR1	1.04825237769963
ERP44	0.963087641236575
HECW1	1.17037000361717
UHRF1BP1L	1.01423100355274
SWAP70	1.07884952858265
RRP1B	0.717899370570668
MYCBP2	1.16077440404817
VWA8	1.16077440404817
FOXO1	1.16077440404817
AVL9	1.17037000361717
KDM4C	0.952713287730748
PPRC1	0.97891388353545
ERC1	1.02278665752541
EXPH5	1.0798977924045
TRIM35	0.433694208344174
PEG10	1.17037000361717
FOXO3	0.94270636541698
ZNF423	0.98246487716107
ZC3H13	1.16077440404817
ARHGAP26	0.981327424359639
TTLL5	0.764334413991476
SIPA1L3	1.24196546098975
KIF1B	0.969343795308908
IQSEC2	0.971983922050255
CDK19	0.94270636541698
SARM1	1.01129990957445
ZBTB43	0.963087641236575
AKR1B1	1.17978731315435
FOXO3B	0.749723017917101
MCF2L2	1.03734056701319
TBC1D2B	1.13133433617156
FSTL4	0.981327424359639
MRPS27	0.981327424359639
RAP1GAP2	0.7295394616866
DDN	1.01423100355274
SPART	1.16077440404817
TNRC6B	0.720285108111023
CUL9	1.04825237769963
NFASC	0.991375931347093
TOGARAM1	0.764334413991476
NPIPB3	0.98246487716107
TAB2	0.749110827107011
HIC2	0.730447216884634
FLG	0.982951932690122
ATP10B	0.981327424359639
CLASP2	0.720410490708883
CAMTA2	0.749723017917101
POGZ	0.982951932690122
COLGALT2	0.991375931347093
PLXND1	1.19833272410156
FLI1	1.0798977924045
ATG2A	1.07884952858265
GPATCH8	1.00518177247207
RAD54L2	0.730118323494498
PHF8	0.971983922050255
KDM6B	0.749723017917101
EPB41L3	1.15931082987001
SMC5	0.975901197514351
N4BP3	0.981327424359639
MAST2	0.982951932690122
FLII	0.749723017917101
ZZEF1	0.7295394616866
ANKLE2	1.01423100355274
DCUN1D4	0.982841762389136
LRCH1	1.16077440404817
ZC3H3	1.02360093995737
SSPO	1.24449465772
NACAD	1.17037000361717
FCHO1	0.71650131047893
MLANA	0.952713287730748
FRMD4B	0.723578923483452
GRAMD4	0.705191761652427
CIC	1.24196546098975
NCDN	0.982951932690122
CLCC1	0.982951932690122
SEPTIN6	0.971983922050255
TBC1D9	0.982841762389136
FLNA	1.15404773795701
WDR43	1.01202671490066
SNX13	0.932380436661844
MAPK8IP3	0.98246487716107
GGA3	0.986809853654872
MPRIP	0.749723017917101
NUP205	1.17978731315435
STAB1	0.730118323494498
EFR3A	2.05039341266889
RTF1	1.15942294495005
SLC35D1	0.982951932690122
FLNB	0.730118323494498
TTLL12	0.720285108111023
GPD1L	0.720410490708883
ABRAXAS2	0.96610428515749
METAP1	0.982841762389136
ZCCHC14	0.971089603767894
LPIN1	1.01202671490066
SEPTIN8	0.981327424359639
CEP68	1.00240700458938
PASK	0.966350804585467
RGL1	0.991375931347093
FLNC	1.17978731315435
RFTN1	0.720410490708883
DIP2A	0.696368907296711
MESD	1.13133433617156
LARP4B	0.979753098033958
RCOR1	0.771082865073358
PHLDB1	1.0798977924045
KANK1	0.952713287730748
FLOT2	1.01129990957445
UBXN4	1.00240700458938
CYFIP1	1.15942294495005
ATG4B	0.966350804585467
GANAB	1.07884952858265
FBXL7	1.19567882225115
MDN1	0.94270636541698
FAM120A	0.975901197514351
FAF2	0.981327424359639
PSME4	1.00240700458938
GSE1	0.971089603767894
ATP11B	1.03734056701319
FAM168A	1.07884952858265
PMPCA	0.963087641236575
ARL6IP1	0.98246487716107
ACSBG1	1.13133433617156
PLEKHM2	0.982951932690122
SYT11	0.982951932690122
MLC1	0.705191761652427
FLT1	1.33645054467716
JMJD6	0.986809853654872
ZC3H4	1.24196546098975
RRS1	1.01569444866679
SULF1	1.01569444866679
XPO6	0.98246487716107
PRRC2C	0.991375931347093
TBC1D1	0.982841762389136
ZFR2	0.672745602694723
NBEAL2	0.730118323494498
FBXO28	0.991375931347093
FLT3	1.33645054467716
DTX4	1.07884952858265
RHOBTB2	0.433694208344174
RRP12	0.97891388353545
SYNE2	0.764334413991476
NUP210	0.720410490708883
PLCL2	0.720410490708883
ARHGEF9	0.971983922050255
FLT3LG	1.24196546098975
VPS13A	0.975901197514351
SEL1L3	0.982841762389136
TBC1D12	0.97891388353545
EXOC6B	1.00240700458938
DNAJC9	0.979753098033958
SIK2	1.0798977924045
PLCB1	1.01794118838271
ARC	1.02360093995737
PHLPP1	0.729564863856545
FLT4	0.981327424359639
TMEM131L	0.983733746955767
PACS2	0.709473775987212
COBL	1.17037000361717
ANKRD28	0.720410490708883
PDS5A	0.982841762389136
ASTN2	0.963087641236575
BOP1	1.02360093995737
KIAA0556	0.98246487716107
RPRD2	0.982951932690122
ATP11A	1.16077440404817
MINAR1	1.13133433617156
OTUD3	0.982951932690122
ANKRD12	1.15931082987001
KAZN	0.982951932690122
MTCL1	1.15931082987001
SCFD1	0.764334413991476
DENND5A	1.07884952858265
DDHD2	0.416558022388397
FMO1	0.991375931347093
CAMTA1	0.969343795308908
PPIP5K2	0.981327424359639
MCF2L	1.16077440404817
ZC3H7B	0.720285108111023
EXOC7	0.986809853654872
ADGRL2	0.982951932690122
DNMBP	0.97891388353545
MGA	1.15942294495005
FMO2	0.991375931347093
TSPYL4	0.94270636541698
CAMSAP2	0.991375931347093
TASOR	0.730118323494498
CLEC16A	0.98246487716107
POFUT2	0.696368907296711
KLHL18	0.730118323494498
CLUH	0.7295394616866
NUP160	1.07884952858265
FMO3	0.991375931347093
MTUS2	1.33645054467716
CSTF2T	0.979753098033958
ADGRL3	0.982841762389136
KIAA1107	0.982951932690122
WWC1	0.981327424359639
AGTPBP1	0.975901197514351
IQCE	1.10834731360131
FMO4	0.991375931347093
FBXW11	0.981327424359639
SMG6	0.7295394616866
ANKS1A	1.04825237769963
MGRN1	0.98246487716107
BICD2	0.975901197514351
FMO5	0.982951932690122
ATMIN	0.971089603767894
EHBP1	1.00240700458938
WSCD1	0.749723017917101
KIF13B	0.433694208344174
UBR2	1.04825237769963
ACSL6	0.981327424359639
NEMP1	1.01423100355274
FKBP15	0.963087641236575
SIN3B	0.71650131047893
FMOD	0.991375931347093
NCAPD3	1.0798977924045
DMXL2	1.15942294495005
KIAA0930	0.720285108111023
SATB2	0.970894155693591
SLC9A8	1.3428247635557
CUX2	1.01423100355274
DNAJC13	0.986056538996622
TUT4	0.982951932690122
FMR1	1.07534151737943
TRIM2	0.983733746955767
RPGRIP1L	0.98246487716107
MAN2B2	0.982841762389136
WASHC4	1.01423100355274
USP22	0.749723017917101
NEDD4L	0.729564863856545
SASH1	0.749110827107011
TBC1D30	1.01423100355274
TTC28	1.25509584409354
CLASP1	1.00240700458938
DPY19L1	1.17037000361717
SZT2	0.982951932690122
WDR7	0.729564863856545
SYNM	1.13133433617156
JADE2	0.981327424359639
VPS39	1.15942294495005
AFF2	1.07534151737943
DNAJC16	0.982951932690122
ESYT1	1.01423100355274
SYNE1	0.749110827107011
SMCHD1	1.15931082987001
DOCK9	1.16077440404817
PHF24	0.952713287730748
FN1	0.970894155693591
U2SURP	0.986056538996622
KHNYN	0.764334413991476
UBR4	0.982951932690122
SUN1	1.10834731360131
HAUS5	1.24196546098975
VPS8	1.03734056701319
ANGEL1	0.764334413991476
USP24	0.982951932690122
FAM189A1	1.15942294495005
FNBP4	1.07884952858265
ZNF629	0.98246487716107
PSD3	0.433694208344174
OBSL1	0.970894155693591
ARHGEF12	1.0798977924045
KIAA0895	1.17037000361717
LARP1	0.981327424359639
PPP1R13B	0.771082865073358
PUM2	1.01202671490066
ARHGEF18	0.704151138682422
TNS2	1.01423100355274
CRTC1	0.71650131047893
UFL1	0.94270636541698
RRP8	1.07884952858265
ICE1	1.19567882225115
SRGAP2	0.991375931347093
SMG5	0.982951932690122
AHCYL2	1.17978731315435
MAU2	0.71650131047893
SPECC1L	0.730447216884634
NCSTN	0.982951932690122
NUDCD3	1.17037000361717
SIK3	1.0798977924045
MED13L	1.01423100355274
FNTA	0.416558022388397
ZDHHC17	1.01423100355274
ECPAS	0.963087641236575
ADNP	1.3428247635557
LARS2	0.730118323494498
PIP5K1C	0.672745602694723
NCAPH	1.00240700458938
PPWD1	0.981327424359639
CTDNEP1	0.749723017917101
ATP13A2	0.982951932690122
FRAT2	0.97891388353545
FBXO46	1.24196546098975
EXOSC2	0.963087641236575
DICER1	0.764334413991476
COTL1	0.971089603767894
SIRT5	1.12568358502349
SIRT4	1.01423100355274
SIRT3	1.07884952858265
SIRT1	0.979753098033958
COMMD3	0.979753098033958
NCS1	0.963087641236575
ZFPM2	0.428230059977685
KCNH4	1.00518177247207
KCNH3	1.01423100355274
MLYCD	0.971089603767894
CRB1	0.991375931347093
FNTB	0.764334413991476
NOMO1	0.98246487716107
ITGB3BP	0.982951932690122
TMED3	1.13133433617156
TDRD7	0.970815788272126
GRIP1	1.01423100355274
SLC7A8	0.764334413991476
RYBP	0.723578923483452
TPSD1	0.98246487716107
AP4E1	1.15942294495005
GPR161	0.991375931347093
RHOQ	1.00240700458938
LINC01565	1.19833272410156
TARDBP	0.969343795308908
CELA3B	0.982951932690122
HARS2	0.981327424359639
ATP1B4	0.971983922050255
OTP	0.981327424359639
SLC35A3	0.982951932690122
SLC44A1	0.963087641236575
SF3B3	0.971089603767894
SF3B1	0.970894155693591
ANGPTL2	0.963087641236575
ABCB10	1.02169470476617
ABCB9	1.01423100355274
FOLH1	1.07884952858265
ABCA6	0.986809853654872
ABCA5	0.986809853654872
HEY1	1.01569444866679
ICMT	0.969343795308908
GCAT	0.720285108111023
CBX6	0.720285108111023
NPTXR	0.720285108111023
CBX5	1.01423100355274
PHF3	0.94270636541698
TRAM1	1.01569444866679
CAPN7	0.720410490708883
ETHE1	1.24196546098975
QPRT	0.98246487716107
BRD4	0.71650131047893
SEC11A	1.13133433617156
ISCU	1.01423100355274
FOLR1	1.07884952858265
SEC61G	1.17037000361717
PES1	0.720285108111023
TGDS	1.16077440404817
LEPROTL1	0.433694208344174
CES3	0.971089603767894
CBX7	0.720285108111023
HEY2	0.94270636541698
TNFRSF13B	0.749723017917101
HAAO	1.00240700458938
MACF1	0.982951932690122
FOLR2	1.07884952858265
DAAM2	1.04825237769963
ZFYVE26	0.764334413991476
RIMBP2	1.01423100355274
TMEM131	1.00240700458938
BICRAL	1.04825237769963
LRRC8B	0.982951932690122
TTC9	0.764334413991476
POFUT1	1.3428247635557
KCTD2	0.986809853654872
NUP188	0.963087641236575
SUZ12	1.43941607542378
SCRIB	1.02360093995737
SPIDR	1.01569444866679
MORC3	0.71893801338487
SLC39A14	0.433694208344174
MTREX	0.981327424359639
R3HDM1	1.00240700458938
ANP32D	1.01423100355274
FOLR3	1.07884952858265
ANP32C	0.716789838124403
RPL13A	1.24196546098975
KAT6B	0.97891388353545
CABIN1	0.730447216884634
SRRM2	0.98246487716107
ARHGAP45	0.672745602694723
ACAP2	1.03734056701319
ZNF281	0.991375931347093
CLCF1	1.07884952858265
FOS	0.764334413991476
NNT	1.19567882225115
MMD	1.00518177247207
PRAME	0.730447216884634
PIK3R5	0.749723017917101
TNPO3	1.17978731315435
ADAT1	0.971089603767894
OR52A1	1.07884952858265
SLC16A8	0.720285108111023
FOSB	1.24196546098975
SEC14L2	0.720285108111023
MAPK8IP2	0.73920158822585
RBFOX2	0.720285108111023
SEZ6L	0.730447216884634
ATP6V0A2	1.01423100355274
SYNGR4	1.24196546098975
LILRA4	1.25334885646717
TTC33	1.19567882225115
DNPEP	0.970894155693591
FOSL2	1.01202671490066
PSD4	1.00240700458938
RASD2	0.720285108111023
CDK20	0.975901197514351
HYAL4	1.17978731315435
TSPAN12	1.17978731315435
TSPAN15	0.979753098033958
PIGN	0.729564863856545
SNAPIN	0.982951932690122
WBP2	0.986809853654872
WBP1	1.00240700458938
FPGS	0.963087641236575
GTPBP4	0.979753098033958
CLDN14	0.71893801338487
CHST5	0.971089603767894
DDAH2	1.04825237769963
LPAR3	0.982951932690122
ZNF346	0.981327424359639
ARL2BP	0.98246487716107
PADI4	0.982951932690122
FPR1	1.25334885646717
PRG1	1.24196546098975
DDAH1	0.982951932690122
FPR2	1.25334885646717
CDC42EP4	0.986809853654872
CASP14	0.71650131047893
CCNDBP1	1.15942294495005
SMUG1	1.01423100355274
VSIG2	1.0798977924045
TMEM50A	0.982951932690122
DDX58	0.952713287730748
ELP5	0.749723017917101
KLHDC2	0.764334413991476
CARHSP1	0.98246487716107
FPR3	1.25334885646717
PDSS1	0.979753098033958
FAM215A	1.00518177247207
LEMD3	1.01423100355274
HEBP2	0.94270636541698
ORC6	0.98246487716107
ORC3	0.94270636541698
OPN3	1.02169470476617
ACOT9	0.742060425418264
PATZ1	0.720285108111023
AMACR	1.19567882225115
CLEC5A	1.17978731315435
CORO1C	1.01423100355274
DAPK2	1.13133433617156
CD2AP	1.04825237769963
MKRN1	1.17978731315435
MKRN2	0.720410490708883
PHLDA3	0.991375931347093
ZMYND8	1.3428247635557
PPY2P	1.01129990957445
PYY2	1.01129990957445
SH3BP1	0.720285108111023
TSSK2	1.28336096843035
ZIM2	1.25334885646717
NTSR2	1.01202671490066
BACE1	1.0798977924045
RUSC1	0.982951932690122
CBLC	1.24196546098975
FAM89B	1.07884952858265
SPO11	1.3428247635557
PRND	1.01794118838271
BRD7P3	0.94270636541698
KCNE5	0.971983922050255
CA14	0.982951932690122
KPNA6	0.982951932690122
SSBP2	0.981327424359639
NUP62	1.24196546098975
RABGAP1	0.963087641236575
LRRC6	2.05039341266889
HSPBP1	1.25334885646717
LDOC1	0.971983922050255
SNHG1	1.07884952858265
LY96	1.01569444866679
EDC4	0.971089603767894
PPP1R15A	1.24196546098975
PLD3	1.24196546098975
ARFIP2	1.07884952858265
SSBP3	0.982951932690122
POLA2	1.07884952858265
TRIM29	1.0798977924045
PLXNB2	0.705191761652427
SLC7A11	0.982841762389136
LSM5	1.17037000361717
PLA2G15	0.971089603767894
ZKSCAN5	1.17037000361717
UBBP4	0.749723017917101
CEMIP2	0.975901197514351
TMEFF2	0.970894155693591
STX12	0.982951932690122
SMPX	0.961550425812295
SH3BP4	0.970894155693591
SGK3	1.01569444866679
RAB38	1.0798977924045
PRKD3	1.00240700458938
KCNE4	0.970894155693591
CADM1	1.0798977924045
GSPT2	0.971983922050255
GABARAPL1	1.02278665752541
SHPK	0.7295394616866
TMEM245	0.963087641236575
FRRS1L	0.963087641236575
EID1	1.15942294495005
NPAP1	1.15942294495005
BHMT2	0.981327424359639
AIPL1	0.749723017917101
SDF2L1	0.730447216884634
PPIL2	0.730447216884634
PITPNB	0.730447216884634
PISD	0.720285108111023
OSBP2	0.720285108111023
MAFF	0.720285108111023
IL17RA	0.736942594729667
GABARAPL3	1.13133433617156
FLRT3	1.01794118838271
FLRT2	0.764334413991476
FLRT1	1.07884952858265
FKBP8	0.71650131047893
BRD1	0.705191761652427
ARHGAP8	0.720285108111023
APOL2	0.720285108111023
AP1B1P1	0.720285108111023
ANKRD62P1-PARP4P3	0.736942594729667
POTEH	0.736942594729667
BCL2L13	0.736942594729667
MTCH1	1.04825237769963
MTCH2	1.07884952858265
ALK	1.01202671490066
ALOX12	0.749723017917101
FXN	0.975901197514351
ABCA4	0.982951932690122
ALOX5	0.979753098033958
ALOX5AP	1.33645054467716
KIF4A	0.971983922050255
IFIT5	0.97891388353545
EML2	1.24196546098975
FTSJ1	1.0526427280961
LAMP5	1.01794118838271
NAA80	0.730118323494498
TFIP11	0.730447216884634
PANX1	1.0798977924045
CLDN15	1.17978731315435
FJX1	1.07884952858265
PRPF6	1.3428247635557
ZNF318	1.04825237769963
ALOX12B	0.749723017917101
FRK	0.94270636541698
ALOX12P2	0.749723017917101
SPDYA	1.01202671490066
MS4A6E	1.07884952858265
VGLL2	0.94270636541698
CNPY4	1.17037000361717
DEFB108B	1.07884952858265
DEFB109A	0.433694208344174
DEFB110	1.04825237769963
DEFB112	1.04825237769963
DEFB113	1.04825237769963
DEFB114	1.04825237769963
DEFB115	1.3428247635557
DEFB116	1.3428247635557
DEFB119	1.3428247635557
DEFB121	1.3428247635557
DEFB122	1.3428247635557
DEFB123	1.3428247635557
DEFB124	1.3428247635557
DEFB125	1.04060686127253
DEFB128	1.04060686127253
DEFB130A	0.433694208344174
ATP6V0D2	1.01569444866679
ATP6V1C2	1.01202671490066
ALOX15	0.7295394616866
CNOT6L	0.982841762389136
GAS2L2	1.48826986994562
AKR7L	0.982951932690122
AKR7A2P1	0.982951932690122
CDC26	0.963087641236575
SLC17A8	1.01423100355274
RNASEH1	1.01202671490066
AFG1L	0.94270636541698
C21orf91-OT1	0.71893801338487
STAC3	1.01423100355274
PELI3	1.07884952858265
LINC00314	0.71893801338487
POLR2J2	1.17978731315435
STH	1.00518177247207
MTVR2	1.00518177247207
SPESP1	1.13133433617156
IL27	0.98246487716107
ALOX15B	0.749723017917101
MTOR	0.969343795308908
ALPI	0.970894155693591
FRG1	1.00182064735938
FRZB	0.970894155693591
FSHB	1.07884952858265
ALPL	0.982951932690122
CENPI	0.971983922050255
FSHR	1.00240700458938
NR5A2	0.991375931347093
FTH1	1.07884952858265
FTH1P3	1.01202671490066
ABL1	0.963087641236575
ALPP	0.970894155693591
ALPG	0.970894155693591
FTL	1.24196546098975
ADAM2	0.416558022388397
NR5A1	0.963087641236575
FUCA1	0.982951932690122
FUCA2	0.94270636541698
GAST	1.00518177247207
FUS	0.98246487716107
FUT1	1.24196546098975
FUT2	1.24196546098975
FUT3	0.704151138682422
FUT4	1.0798977924045
FUT5	0.704151138682422
FUT6	0.704151138682422
TMEM9	0.991375931347093
ZNF396	0.729564863856545
FUT7	0.963087641236575
NEIL2	0.433694208344174
STXBP4	1.00518177247207
FNDC5	0.982951932690122
FUT8	0.764334413991476
HEPACAM2	1.17037000361717
TECRL	0.982841762389136
HCG27	1.04825237769963
CUTALP	0.963087641236575
LINGO1-AS1	1.13133433617156
KDSR	0.729564863856545
LINC00612	1.02278665752541
PRR14L	0.720285108111023
EPHX4	0.982951932690122
SERHL2	0.720285108111023
ACKR1	0.982951932690122
RICTOR	1.19567882225115
ZNF503-AS1	0.97891388353545
FYB1	1.19567882225115
EIF4E1B	0.981327424359639
FYN	0.94270636541698
IPMK	0.979753098033958
ZBTB38	0.986056538996622
FZD2	1.00518177247207
SLC25A30	1.16077440404817
LCLAT1	1.01202671490066
CADM2	0.434078096558972
LINC02052	1.03734056701319
TMEM244	0.94270636541698
GPATCH11	1.00240700458938
ZNF620	0.720410490708883
ANKRD18A	0.709018617651733
IFI6	0.982951932690122
MMS22L	0.94270636541698
TTC41P	1.01423100355274
WASHC2C	0.979753098033958
EBF3	0.96610428515749
WDR27	0.862327116139212
CERS6	1.00240700458938
G6PC	1.00518177247207
MSRB3	1.01423100355274
ZDHHC20	1.33645054467716
MIR1-1HG-AS1	1.3428247635557
G6PD	1.15404773795701
ANGPTL5	1.0798977924045
YTHDF3	1.01569444866679
RALGAPA1	0.764334413991476
CACNA1G-AS1	1.00518177247207
SFTA3	0.764334413991476
KCTD13	0.98246487716107
ASPHD1	0.98246487716107
ETFBKMT	1.24074736084
LOC254028	0.764334413991476
METAP1D	0.970894155693591
UBN2	1.17978731315435
LRRC43	1.01423100355274
BRWD3	0.971983922050255
LINC01342	0.969343795308908
SSSCA1-AS1	1.07884952858265
EHBP1L1	1.07884952858265
SNX32	1.07884952858265
NIFK-AS1	1.00240700458938
CXorf58	0.742060425418264
FBXO33	0.764334413991476
TTLL10	0.969343795308908
TSGA10IP	1.07884952858265
SLC37A4	1.0798977924045
RNF169	1.0798977924045
CALHM5	0.94270636541698
BPIFC	0.720285108111023
LCORL	0.982841762389136
CNIH2	1.07884952858265
AKNAD1	0.982951932690122
TBC1D28	0.749723017917101
PHYHD1	0.963087641236575
GAGE1	1.0526427280961
LINC00710	0.979753098033958
ZDHHC24	1.07884952858265
MCM9	0.94270636541698
PROSER2	0.979753098033958
SLC41A1	0.991375931347093
C11orf86	1.07884952858265
MEIOB	0.98246487716107
LPCAT4	1.15942294495005
NUDT8	1.07884952858265
MIR9-3HG	1.13133433617156
XRCC6	0.720285108111023
LYG2	1.00240700458938
VXN	1.01569444866679
OR6C74	1.01423100355274
OR6C3	1.01423100355274
GAA	0.986809853654872
NAALADL2	1.03734056701319
TMEM256	0.749723017917101
OR2T6	1.02169470476617
ZDHHC23	1.19833272410156
LOC254896	0.433694208344174
GAB1	0.982841762389136
LCE5A	0.982951932690122
KRTAP15-1	0.71893801338487
MORN5	0.963087641236575
OR1L4	0.963087641236575
GABBR1	1.12568358502349
CALHM1	0.97891388353545
LINC00879	1.19833272410156
MPV17L	0.98246487716107
LINC00957	1.17037000361717
TMEM86B	1.25334885646717
CBARP	0.672745602694723
TAC4	1.00518177247207
CASC2	0.96610428515749
GABPA	0.71893801338487
CFAP65	0.970894155693591
TMCO4	0.982951932690122
CFAP299	0.982841762389136
IGFBP7-AS1	0.982841762389136
LINC01018	1.19567882225115
GOLGA2P11	1.13133433617156
SH3TC2-DT	0.981327424359639
PLA2G4F	1.15942294495005
CSNK1G2-AS1	0.672745602694723
TXNDC8	0.963087641236575
MCOLN2	0.982951932690122
ANKK1	1.0798977924045
LRRC57	1.15942294495005
MYADML2	0.986809853654872
GABPB1	1.15942294495005
EIF2S3B	1.02278665752541
CT47A11	0.971983922050255
EPGN	0.982841762389136
NUP210P1	1.19833272410156
TMEM211	0.730447216884634
MBLAC1	1.17037000361717
TCP11L2	1.01423100355274
GABRA1	0.981327424359639
ZNF718	0.982841762389136
TEX49	1.01423100355274
RASGEF1C	0.981327424359639
TBX5-AS1	1.01423100355274
RNF144B	1.12568358502349
GABRA2	0.982841762389136
TOLLIP-AS1	1.07884952858265
ELMOD2	0.982841762389136
GABRA3	1.12011520828342
HIST1H2BA	1.12568358502349
COL24A1	0.982951932690122
OOSP1	1.07884952858265
LINC01743	1.02169470476617
GABRA4	0.982841762389136
OR52B2	1.07884952858265
PCSK9	0.982951932690122
NPNT	0.982841762389136
TCTEX1D2	1.03734056701319
PDZD9	0.98246487716107
INAFM1	1.24196546098975
SMCO1	1.03734056701319
GABRA5	1.15942294495005
C19orf38	0.704151138682422
SDHAP1	1.03734056701319
BCL6B	0.749723017917101
GABRA6	0.981327424359639
CNEP1R1	0.98246487716107
ADAM5	0.416558022388397
SYT14	0.991375931347093
PAN3	1.33645054467716
GABRB1	0.982841762389136
ANKRD31	0.981327424359639
LINC01619	1.01423100355274
ZNF549	1.25334885646717
COL6A5	1.19833272410156
GABRB2	0.981327424359639
SYCE2	0.71650131047893
TMEM196	0.932380436661844
OR4C3	1.07884952858265
OR4S1	1.07884952858265
HMCN2	0.963087641236575
GABRB3	1.15942294495005
CDRT15L2	0.749723017917101
STEAP1B	1.17037000361717
NAPSB	1.24196546098975
NUDT14	0.709473775987212
PTF1A	0.979753098033958
GABRD	0.969343795308908
NATD1	0.749723017917101
CCDC110	0.716789838124403
LMNTD2	1.07884952858265
RPS2P32	1.17037000361717
GK5	0.986056538996622
EML3	1.07884952858265
CCDC197	0.764334413991476
SCML4	0.94270636541698
SERPINA11	0.764334413991476
GABRE	1.12011520828342
ST6GALNAC3	0.982951932690122
MFSD8	0.982841762389136
TMEM151A	1.07884952858265
GABRG1	0.982841762389136
TCERG1L	0.96610428515749
LYSMD2	1.15942294495005
GABRG2	0.981327424359639
BCLAF3	0.961550425812295
NUTM1	1.15942294495005
MAMDC2	0.975901197514351
GABRG3	1.15942294495005
GLIPR1L1	1.01423100355274
MAP7D2	0.961550425812295
WDR72	1.15942294495005
GABRP	0.981327424359639
C10orf67	0.979753098033958
LOC256880	0.982841762389136
OR51F1	1.07884952858265
GABRR1	0.94270636541698
NPB	0.986809853654872
KANK3	0.704151138682422
HEATR9	1.48826986994562
SUN3	1.17037000361717
SERINC5	0.981327424359639
ALX3	0.982951932690122
GABRR2	0.94270636541698
TINCR	0.704151138682422
FRMD3	0.975901197514351
CATSPERE	1.02169470476617
CATSPERD	0.704151138682422
PLCXD2	1.19833272410156
GAD1	1.00240700458938
ZNF683	0.982951932690122
ARHGAP30	0.982951932690122
GCSAM	1.19833272410156
RNF214	1.0798977924045
C9orf43	0.963087641236575
CFAP126	0.982951932690122
NEGR1	0.982951932690122
GAD2	0.979753098033958
GPX6	1.12568358502349
DSCR9	0.71893801338487
SHPRH	0.94270636541698
CCDC96	0.982841762389136
KLHL34	0.961550425812295
UTS2B	1.03734056701319
LINC01366	0.981327424359639
SNX33	1.13133433617156
LOC257396	0.981327424359639
TAB3	0.742060425418264
GAGE2C	1.0526427280961
C2orf72	0.970894155693591
FAM133B	1.17037000361717
KIAA1549L	1.07884952858265
SHC2	0.681558751293874
GAGE4	1.0526427280961
ANKS4B	0.98246487716107
HYPM	0.742060425418264
HYPK	1.15942294495005
PRPF40B	1.01423100355274
SLC24A2	0.952713287730748
GAGE5	1.0526427280961
C22orf31	1.25509584409354
TBC1D22A	0.705191761652427
GSTT4	0.730447216884634
C22orf24	0.720285108111023
CBY1	0.720285108111023
SUN2	0.720285108111023
DSTYK	0.991375931347093
GAGE6	1.0526427280961
RASGRP3	1.00240700458938
RAB3GAP2	0.991375931347093
DGCR11	1.28336096843035
DGCR9	1.28336096843035
RAD54B	1.01569444866679
TMEM59L	0.71650131047893
GAGE7	1.0526427280961
CFAP45	0.982951932690122
NGEF	0.970894155693591
CIZ1	0.963087641236575
FBXO7	0.720285108111023
FSCN2	0.986809853654872
PGLS	0.71650131047893
QPCT	1.00240700458938
BRI3	1.17037000361717
ZNF324	1.25334885646717
AMBN	0.982841762389136
GAK	0.982841762389136
SLC39A6	0.729564863856545
GCA	1.00240700458938
SVIP	1.07884952858265
LMOD1	0.991375931347093
SPDEF	1.04825237769963
LSM4	0.71650131047893
BAMBI	0.979753098033958
VAX2	1.00240700458938
RHBDD3	1.25509584409354
TTLL1	0.720285108111023
GALC	0.764334413991476
POM121L1P	0.730447216884634
SAMM50	0.720285108111023
ATXN10	4.35048756528966e-05
TNFAIP8	0.981327424359639
TAFA5	0.705191761652427
KLK5	1.24196546098975
NOCT	0.982841762389136
GALE	0.982951932690122
ARIH1	1.13133433617156
MTO1	0.94270636541698
DNAJB5	0.952713287730748
TPSG1	0.98246487716107
PRDX5	1.07884952858265
BACE2	0.71893801338487
SNORD82	0.970894155693591
FBXL2	0.720410490708883
TXN2	0.720285108111023
TMEM184B	0.720285108111023
B4GALNT1	1.01423100355274
SULT4A1	0.720285108111023
HECTD1	0.764334413991476
NBPF14	0.982951932690122
POU2F3	1.0798977924045
MGAT4C	1.01423100355274
NIPBL	1.19567882225115
RAB26	0.98246487716107
COG4	0.971089603767894
GALK1	0.986809853654872
METTL7A	1.01423100355274
ABTB2	1.07884952858265
ASF1A	0.94270636541698
MOB4	0.970894155693591
YIPF3	1.04825237769963
PP7080	1.19567882225115
ANAPC13	0.986056538996622
PARM1	0.982841762389136
GALK2	1.15942294495005
ZNF345	1.24196546098975
TECPR1	1.17037000361717
ARMC8	0.986056538996622
DCAF12	0.952713287730748
FAM149A	0.716789838124403
BRMS1	1.07884952858265
CATSPERZ	1.07884952858265
PART1	0.981327424359639
WHRN	0.963087641236575
USP49	1.04825237769963
ABHD14A	0.730118323494498
PRKD2	1.24196546098975
GALR1	0.729564863856545
SUMF2	1.17037000361717
NEPRO	1.19833272410156
RPL36	0.704151138682422
MPC2	0.991375931347093
LETMD1	1.01423100355274
SPEF1	1.01794118838271
MXRA5	0.681263242067964
DCAF13	1.01569444866679
GALNS	0.971089603767894
TMEM186	0.98246487716107
CHRDL2	1.0798977924045
POLR1A	1.00240700458938
POC1A	0.730118323494498
ZNF473	1.24196546098975
GALNT1	0.729564863856545
ABI3BP	1.19833272410156
PAMR1	1.07884952858265
TRIM58	1.02169470476617
PLEKHG4	0.971089603767894
EEF1AKMT3	1.01423100355274
INTS7	0.991375931347093
RNF19A	1.01569444866679
RCHY1	0.982841762389136
AMBP	0.963087641236575
GALNT2	1.02169470476617
IFFO1	1.02278665752541
CCDC28A	0.94270636541698
MTHFD1L	0.749110827107011
OLFML2B	0.991375931347093
CNOT10	0.720410490708883
ANAPC15	1.07884952858265
TMEM158	0.730118323494498
AHCTF1	1.02169470476617
GALNT3	1.00240700458938
DPCD	0.97891388353545
C1orf43	0.982951932690122
POT1	1.17978731315435
RTTN	0.729564863856545
NDUFAF3	0.730118323494498
THUMPD3	0.720410490708883
ALS2CL	0.730118323494498
NCR3	1.04825237769963
GALT	0.952713287730748
NELFB	0.963087641236575
ZDHHC5	1.07884952858265
LY6G6F	1.04825237769963
HSPA12A	0.96610428515749
ATL3	1.07884952858265
SGMS1	0.979753098033958
NALCN	1.16077440404817
DSCR10	0.71893801338487
TMIE	0.730118323494498
WFDC11	1.3428247635557
MYRIP	0.720410490708883
WFDC9	1.3428247635557
MRGPRX1	1.07884952858265
ZNF521	0.729564863856545
NOL11	1.45235253680058
ASPM	0.991375931347093
CNRIP1	1.00240700458938
SOSTDC1	0.932380436661844
BOD1L1	0.982841762389136
MDS2	0.982951932690122
TAS2R39	1.17978731315435
TAS2R40	1.17978731315435
TAS2R41	1.17978731315435
TAS2R43	1.02278665752541
GEMIN5	0.981327424359639
TAS2R31	1.02278665752541
TAS2R46	1.02278665752541
TAS2R30	1.02278665752541
TAS2R19	1.02278665752541
TAS2R20	1.02278665752541
TAS2R50	1.02278665752541
GAMT	0.672745602694723
PTPN23	0.730118323494498
IL4I1	1.24196546098975
FAM205A	0.952713287730748
CLIC4	0.982951932690122
NIPSNAP3A	0.963087641236575
NSL1	0.991375931347093
WWTR1	1.21511111792987
HEATR5A	0.764334413991476
SAMHD1	1.3428247635557
FAM98A	1.00240700458938
TPGS2	0.729564863856545
SIN3A	1.13133433617156
C20orf194	1.01794118838271
NECTIN3	1.19833272410156
ZNF385A	1.01423100355274
KBTBD2	1.17037000361717
SYF2	0.982951932690122
GANC	1.15942294495005
RWDD3	0.982951932690122
PNKD	0.970894155693591
SEC31B	0.97891388353545
PNISR	0.94270636541698
KANK2	0.704151138682422
GAP43	1.19833272410156
ADGRA2	0.416558022388397
NUDT13	0.979753098033958
VIRMA	1.01569444866679
TMEM87A	1.15942294495005
C2CD2	0.717899370570668
GAPDH	1.02278665752541
SH2B1	0.98246487716107
UNC50	1.00240700458938
PARS2	0.982951932690122
MMACHC	0.982951932690122
EGFL6	0.681263242067964
TIPARP	1.06598575216065
NECAP1	1.02278665752541
CHMP2B	0.434078096558972
DHRS7B	0.749723017917101
AAR2	1.3428247635557
DNAH1	0.730118323494498
NGDN	0.764334413991476
KRT23	1.00518177247207
TSKU	1.0798977924045
HINFP	1.0798977924045
ULK3	1.13133433617156
SNED1	0.966350804585467
HIGD1A	0.720410490708883
REXO2	1.0798977924045
IBTK	0.94270636541698
CLIP3	1.24196546098975
AOC1	1.24449465772
TBC1D10B	0.98246487716107
RNF167	0.749723017917101
MOXD1	0.94270636541698
GORASP2	0.00139400969673814
C2CD3	1.07884952858265
TKFC	1.07884952858265
ZZZ3	0.982951932690122
SPATS2L	0.970894155693591
TENM4	1.0798977924045
NSMF	0.963087641236575
L3MBTL1	1.3428247635557
RPAP1	1.15942294495005
FAM32A	0.71650131047893
LRIG1	0.723578923483452
UPF2	0.979753098033958
LRP10	0.764334413991476
TMEM98	1.04576408549782
PTCD1	1.17037000361717
PCDHGA12	0.981327424359639
ACOT11	0.982951932690122
CYP4X1	0.982951932690122
NSUN5P2	1.17037000361717
PLEKHG3	0.764334413991476
OSBPL3	1.17037000361717
SUSD5	0.720410490708883
ATRNL1	0.96610428515749
TUBB8P12	1.15931082987001
IPCEF1	0.749110827107011
TFAMP1	1.10834731360131
GLCE	1.13133433617156
ZNF451	0.94270636541698
SIPA1L1	0.764334413991476
CHD5	0.969343795308908
SS18L1	1.3428247635557
SETBP1	0.729564863856545
MAGI3	0.982951932690122
PRSS33	0.98246487716107
UBXN7	1.03734056701319
PYDC1	0.98246487716107
FDCSP	0.982841762389136
LRRTM2	0.981327424359639
LTN1	0.71893801338487
CNTNAP2	1.24449465772
ZNF500	0.98246487716107
FAM169A	0.981327424359639
SLITRK5	1.16077440404817
PPP1R16B	1.3428247635557
DNM3	0.991375931347093
AUTS2	1.17037000361717
SENP6	0.94270636541698
RAB11FIP5	1.00240700458938
ANKRD17	0.982841762389136
GIGYF2	0.970894155693591
ERC2	0.730118323494498
APPL1	0.730118323494498
HACL1	0.720410490708883
HYAL6P	1.17978731315435
DECR2	0.98280619354904
RAI14	1.19567882225115
LSM14A	1.13164416291439
DKFZP434K028	1.07884952858265
RTL8A	0.971983922050255
POLDIP2	1.01129990957445
CFAP61	1.01794118838271
DKFZP434H168	0.98246487716107
FAM230C	1.33645054467716
ARHGEF26	1.06598575216065
KLK13	1.24196546098975
GPSM1	0.963087641236575
GGA1	0.720285108111023
ABHD12	1.01794118838271
HERC4	0.979753098033958
TOR1AIP1	0.991375931347093
CCDC9	1.24196546098975
DCAF4	0.764334413991476
PTPN20	0.979753098033958
CHTOP	0.982951932690122
EDRF1	0.96610428515749
SZRD1	0.982951932690122
WIPI2	1.10834731360131
DKFZP434A062	0.963087641236575
LRIT1	0.97891388353545
PYGO1	1.13133433617156
CCDC69	0.981327424359639
TANC2	1.00518177247207
WSB1	1.01129990957445
LDLRAP1	0.982951932690122
PRPF31	1.25334885646717
EPC2	1.00240700458938
TCTN3	0.97891388353545
FGFR1OP2	1.24074736084
KIF1BP	0.979753098033958
GAPVD1	0.963087641236575
TRPC4AP	1.3428247635557
RALGAPA1P1	0.963087641236575
SERBP1	0.982951932690122
TES	1.17978731315435
ZBTB20	1.19833272410156
LINC00588	1.01569444866679
TTLL3	0.720410490708883
IRF2BP1	1.24196546098975
TRAF3IP1	1.80615304716648e-09
PHF19	0.963087641236575
ZNF658	0.975901197514351
LRRC32	1.0798977924045
RIBC2	0.720285108111023
NAT9	0.986809853654872
ZNF337	1.3428247635557
KIF26A	0.771082865073358
ABCA12	0.970894155693591
NOC2L	0.969343795308908
RSL1D1	0.98246487716107
GIMAP2	1.24449465772
IFT172	1.01202671490066
MTG2	1.3428247635557
SPATA31A7	0.709018617651733
RGS22	1.01569444866679
PCDHB5	0.981327424359639
SENP3	0.749723017917101
GARS	1.17037000361717
TIPRL	0.991375931347093
STEAP2	1.17037000361717
INTS1	1.10834731360131
NPHP4	0.969343795308908
TMEM251	0.764334413991476
GART	0.71893801338487
OR1F2P	0.98246487716107
OR1C1	1.02169470476617
OR1A2	0.7295394616866
GAS1	0.975901197514351
FBXW2	0.963087641236575
PTPN22	0.982951932690122
AMD1	0.94270636541698
GAS2	1.07884952858265
GMEB2	1.3428247635557
SPAG8	0.952713287730748
PITPNC1	1.45235253680058
GAS6	1.16077440404817
OR2F1	1.17978731315435
OR2B6	1.12568358502349
OR1J4	0.963087641236575
GAS8	0.971089603767894
DGCR5	1.28336096843035
DGCR10	1.28336096843035
FBXL21P	0.981327424359639
FBXL3	1.16077440404817
ARL5A	1.00240700458938
FBXW4P1	0.730447216884634
PHGDH	0.982951932690122
STAP1	0.982841762389136
B3GAT3	1.07884952858265
GATA1	1.0526427280961
TIAM2	0.749110827107011
LRRC29	0.971089603767894
FBXO2	0.969343795308908
FBXL6	1.02360093995737
FBXL5	0.982841762389136
FBXL4	0.94270636541698
LINC01558	0.862327116139212
LCE2B	0.982951932690122
GATA2	1.19833272410156
FAM50B	1.12568358502349
OR2M4	1.02169470476617
OR2L2	1.02169470476617
OR2L1P	1.02169470476617
OR2K2	0.963087641236575
KLHL3	0.981327424359639
GATA3	0.979753098033958
KCNG2	0.729564863856545
CLEC4E	1.02278665752541
OPTC	0.991375931347093
PTTG3P	1.01569444866679
CABYR	0.729564863856545
NKX2-8	0.764334413991476
BLOC1S6	1.15942294495005
FBXW8	1.01423100355274
GATA4	0.433694208344174
FBXO25	0.416284738599625
FBXO24	1.17037000361717
TSPAN17	0.981327424359639
FBXO22	1.13133433617156
SLC13A4	1.17978731315435
FBXO10	0.709018617651733
FBXO9	1.04825237769963
FBXO8	0.716789838124403
GATA6	0.729564863856545
FBXO6	0.969343795308908
FBXO5	0.749110827107011
FBXO4	1.19567882225115
FBXO3	1.07884952858265
HIBCH	0.970894155693591
VPS33B	1.13133433617156
TINF2	0.764334413991476
SACS	1.33645054467716
PLA2G2D	0.982951932690122
GATM	1.15942294495005
IL1RAPL2	0.971983922050255
FGF20	0.433694208344174
ERAL1	1.01129990957445
CLDN17	0.71893801338487
ARFGAP3	0.720285108111023
ANKRD2	0.97891388353545
AK5	0.982951932690122
GBA	0.982951932690122
GALNT8	1.02278665752541
FGF21	1.24196546098975
MYCBP	0.982951932690122
SERGEF	1.07884952858265
EHF	1.07884952858265
GBAP1	0.982951932690122
GBGT1	0.963087641236575
NIPSNAP2	1.17037000361717
GBE1	0.434078096558972
GBP1	0.982951932690122
GAPDHS	1.24196546098975
OR7A17	0.71650131047893
OR5L2	1.07884952858265
OR5K1	1.19833272410156
GBP2	0.982951932690122
OR5H1	1.19833272410156
OR5E1P	1.07884952858265
GBP3	0.982951932690122
HSPB8	1.01423100355274
GNL3	0.730118323494498
FAM162A	1.19833272410156
GBX1	1.24449465772
GBX2	0.970894155693591
GC	0.982841762389136
GCDH	0.71650131047893
GCG	1.00240700458938
GCGR	0.986809853654872
GCH1	0.764334413991476
GCHFR	1.15942294495005
GCK	1.17037000361717
GCKR	1.01202671490066
LHX6	0.963087641236575
PTPN18	1.00240700458938
BLOC1S1	1.01423100355274
SEZ6L2	0.98246487716107
NUPR1	0.98246487716107
PPP1R14B	1.07884952858265
OR10J1	0.982951932690122
KAT2A	1.00518177247207
NR6A1	0.963087641236575
OR8G2P	1.0798977924045
OR8B8	1.0798977924045
OR8G1	1.0798977924045
OR10A3	1.07884952858265
OR10D3	1.0798977924045
PLEK2	0.764334413991476
AMELX	0.681263242067964
GCNT1	0.975901197514351
NARF	0.986809853654872
SLC17A5	0.94270636541698
CNNM4	1.00240700458938
CNNM3	1.00240700458938
CNNM1	0.97891388353545
HEYL	0.982951932690122
MYOF	0.97891388353545
GCNT2	1.12568358502349
CHIC2	0.982841762389136
INTS6	1.16077440404817
TIMM10B	1.07884952858265
TIMM13	0.672745602694723
TIMM10	1.07884952858265
OPN1MW	0.447122982923635
TIMM9	0.764334413991476
TIMM8B	1.0798977924045
AGO1	0.982951932690122
LATS2	1.33645054467716
IL36RN	1.00240700458938
TSPAN16	0.748368687962694
DAZAP1	0.672745602694723
OR12D2	1.12568358502349
GCSH	0.971089603767894
OR12D1	1.12568358502349
OR11A1	1.12568358502349
OR10H3	0.71650131047893
OR10G3	0.764334413991476
OR10G2	0.764334413991476
OR10H2	0.71650131047893
OR10H1	0.71650131047893
ITGB1BP2	0.971983922050255
GDF1	0.71650131047893
AATF	1.48826986994562
RGS17	0.749110827107011
SRPK3	1.21583421531377
PCOLCE2	0.986056538996622
OSTF1	0.975901197514351
MYEOV	1.07884952858265
GDF2	0.979753098033958
BSCL2	1.07884952858265
GREM1	1.15942294495005
CKAP2	1.16077440404817
MRPL46	1.13133433617156
OR8B2	1.0798977924045
MSTN	0.970894155693591
TBL2	1.17037000361717
VCX	0.681263242067964
GDF9	0.981327424359639
ELP4	1.07884952858265
GDF10	0.979753098033958
OR7E47P	1.01423100355274
GDI1	1.15404773795701
OR7E24	0.704151138682422
GDI2	0.979753098033958
OR7C2	0.71650131047893
OR7A5	0.71650131047893
SEC14L3	0.720285108111023
OR7C1	0.71650131047893
BRD3OS	0.963087641236575
BEST4	0.982951932690122
POM121L4P	1.65854047521834
HS6ST3	1.16077440404817
MDGA1	1.04825237769963
NPAS4	1.07884952858265
RGL4	0.730447216884634
GDNF	1.19567882225115
NAP1L5	0.982841762389136
OR4F4	1.13133433617156
OR4E2	0.764334413991476
OR4E1	0.764334413991476
OR4D1	1.00518177247207
GEM	1.01569444866679
D21S2088E	0.71893801338487
LINC00307	0.71893801338487
OR2W1	1.12568358502349
OR2V1	0.981327424359639
OR2T1	1.02169470476617
PIPSL	0.97891388353545
ADGRF1	1.04825237769963
AMFR	0.98246487716107
GFAP	1.00518177247207
PGBD2	1.02169470476617
PGBD3	0.979753098033958
RNU12	0.720285108111023
DAOA	1.16077440404817
ATP5MGL	0.720285108111023
OR2J2	1.12568358502349
GFER	0.98246487716107
OR2H1	1.12568358502349
GFI1	0.982951932690122
GFPT1	1.00240700458938
OR1L3	0.963087641236575
OR1L1	0.963087641236575
GFRA1	0.96610428515749
OR1J2	0.963087641236575
NUFIP1	1.16077440404817
GAGE12I	1.0526427280961
GAGE2E	1.0526427280961
GFRA2	0.433694208344174
RPS6KC1	0.991375931347093
SH3YL1	1.01202671490066
GFRA3	0.981327424359639
HAVCR1	0.981327424359639
SNORD12C	1.3428247635557
RNU105C	1.01569444866679
RNU105B	1.01794118838271
SNORA73B	0.982951932690122
SNORD81	0.991375931347093
GGCX	1.00240700458938
SNORD79	0.991375931347093
SNORD102	1.33645054467716
SNORD4B	1.01129990957445
SNORD4A	1.01129990957445
SNORD80	0.991375931347093
SNORA72	1.01569444866679
SNORA71B	1.3428247635557
SNORA71A	1.3428247635557
SNORA70	1.15404773795701
SNORA69	0.971983922050255
GGT1	0.730447216884634
SNORA68	0.71650131047893
SNORA67	0.749723017917101
SNORA66	0.982951932690122
SNORA65	0.963087641236575
SNORA64	0.98246487716107
SNORD63	0.981327424359639
SNORD62A	0.963087641236575
SNORD61	0.971983922050255
SNORD60	0.98246487716107
SNORD59A	1.01423100355274
GGT3P	0.736942594729667
SNORD58B	0.729564863856545
SNORD58A	0.729564863856545
SNORD57	1.01794118838271
SNORD56	1.01794118838271
SNORD54	1.01569444866679
SNORD53	1.01202671490066
SNORD52	1.04825237769963
SNORD51	0.970894155693591
SNORD50A	0.94270636541698
AMH	0.672745602694723
SNORD49A	0.749723017917101
SNORD48	1.04825237769963
SNORD47	0.991375931347093
SNORD45B	0.982951932690122
SNORD45A	0.982951932690122
SNORD44	0.991375931347093
SNORD43	0.720285108111023
SNORD42B	1.01129990957445
SNORD42A	1.01129990957445
GGTA1P	0.963087641236575
SNORD41	0.71650131047893
SNORD55	0.982951932690122
SNORD37	0.672745602694723
SNORD36C	0.963087641236575
SNORD36B	0.963087641236575
SNORD36A	0.963087641236575
SNORD35A	1.24196546098975
SNORD34	1.24196546098975
SNORD33	1.24196546098975
SNORD32A	1.24196546098975
SNORD24	0.963087641236575
SNORA74A	0.981327424359639
SNORD14A	1.07884952858265
RNU11	0.982951932690122
RNU5F-1	0.982951932690122
RNU5E-1	0.969343795308908
B4GALT1	0.952713287730748
RNU5D-1	0.982951932690122
RNU5A-1	1.13133433617156
RNU5B-1	1.13133433617156
RNU4-2	1.01423100355274
RNU4-1	1.01423100355274
SNORD3P3	0.764334413991476
GGT7	1.3428247635557
RNVU1-7	0.982951932690122
GGT5	0.730447216884634
STEAP1	1.17037000361717
OPLAH	1.02360093995737
GH1	1.00518177247207
GH2	1.00518177247207
AMHR2	1.01423100355274
GHR	1.19567882225115
GHRH	1.3428247635557
GHRHR	1.17037000361717
GHSR	1.2087165663813
CBLIF	1.07884952858265
GIP	1.00518177247207
SMR3A	0.982841762389136
RANBP6	0.952713287730748
COPG2	1.17978731315435
HBP1	1.17978731315435
GIPR	1.24196546098975
NBEA	1.33645054467716
GJA1	0.94270636541698
CHORDC1	1.0798977924045
ZNF285	1.24196546098975
SEC22A	1.19833272410156
AP3M1	0.97891388353545
PABPC1	1.01569444866679
AKAP8L	0.71650131047893
RNF11	0.982951932690122
TRUB2	0.963087641236575
GPR160	1.2087165663813
FETUB	1.03734056701319
CYFIP2	0.981327424359639
ABL2	0.991375931347093
AMPD1	0.982951932690122
GJA3	1.33645054467716
DNAJC2	1.17978731315435
TCL6	0.764334413991476
USP21	0.982951932690122
FGF22	0.681558751293874
GJA4	0.982951932690122
TPK1	1.24449465772
KCNV1	1.0381909863396
CNPPD1	0.970894155693591
BEX3	0.971983922050255
DNAI1	0.952713287730748
GJA5	0.982951932690122
NPTN	1.13133433617156
FOXD3	0.982951932690122
FOXB1	1.13133433617156
GJA8	0.982951932690122
MLH3	0.764334413991476
NPHP3	0.986056538996622
ATP2C1	0.986056538996622
ZBTB32	1.24196546098975
ACAD8	1.0798977924045
NOX1	0.971983922050255
SIGLEC7	1.24196546098975
TRMT2A	1.65854047521834
PKD2L2	0.981327424359639
LAT	0.98246487716107
UTP25	0.991375931347093
PELP1	0.7295394616866
SND1	1.17978731315435
GJB1	0.971983922050255
GJB2	1.33645054467716
ANKRD1	0.97891388353545
NSG1	0.982841762389136
STAU2	1.01569444866679
PPA2	0.982841762389136
GHITM	0.97891388353545
GJB3	0.982951932690122
DAPP1	0.982841762389136
VPS41	1.17037000361717
LAMP3	1.03734056701319
TSPAN13	0.932380436661844
LYPD3	1.24196546098975
B9D1	0.749723017917101
RPUSD2	1.15942294495005
MTBP	2.05039341266889
FOXP1	0.723578923483452
B3GAT1	1.0798977924045
UQCRQ	0.981327424359639
GJB5	0.982951932690122
ST6GALNAC4	0.963087641236575
CACNG5	1.45235253680058
CACNG4	1.45235253680058
KCNMB3	1.03734056701319
TRAPPC3	0.982951932690122
TAF5L	1.02169470476617
CLUL1	1.15931082987001
SND1-IT1	1.17978731315435
AMPD2	0.982951932690122
GK	0.742060425418264
CACYBP	0.991375931347093
EIF2AK1	1.10834731360131
ARRDC2	0.71650131047893
ZBTB11	1.19833272410156
DMAC2L	0.764334413991476
SDCBP2	1.04060686127253
FAM155B	0.971983922050255
BBC3	1.24196546098975
PDE7B	0.94270636541698
GK2	0.982841762389136
DKKL1	1.24196546098975
DKK4	0.416558022388397
DKK3	1.07884952858265
DKK2	0.982841762389136
INPP5J	0.720285108111023
AFF4	0.981327424359639
SMC1B	0.720285108111023
CYTH4	0.720285108111023
HSPB7	0.982951932690122
GK3P	0.716789838124403
INVS	0.963087641236575
SNX5	1.01794118838271
CPNE7	0.971089603767894
KCNH5	0.764334413991476
TJP3	0.672745602694723
MORC1	1.19833272410156
CIDEB	0.764334413991476
PALD1	0.979753098033958
FILIP1	0.94270636541698
FAM184B	0.982841762389136
DENND2A	1.17978731315435
STK36	0.970894155693591
CPAMD8	0.71650131047893
INTU	0.982841762389136
ZNF777	1.24449465772
BRPF3	1.04825237769963
RSPH14	0.730447216884634
NDOR1	0.963087641236575
CHIA	0.982951932690122
INGX	0.971983922050255
AGO2	2.05039341266889
NAAA	0.982841762389136
SALL3	0.729564863856545
GLS2	1.01423100355274
PRELID1	0.981327424359639
GLA	0.971983922050255
SLC39A1	0.982951932690122
TUBG2	1.00518177247207
IL36B	1.00240700458938
IL37	1.00240700458938
IL36A	1.00240700458938
SIGLEC9	1.24196546098975
SIGLEC8	1.24196546098975
VPS4A	0.971089603767894
DISC2	1.02169470476617
DISC1	1.02169470476617
IL17C	0.971089603767894
GPC3	0.971983922050255
IL17B	0.981327424359639
GPR82	0.742060425418264
HCAR1	1.01423100355274
OXGR1	1.16077440404817
AMPD3	1.07884952858265
GLB1	0.720410490708883
GPR78	0.982841762389136
C5AR2	1.24196546098975
TUBGCP4	1.15942294495005
SERP1	1.21511111792987
NMRK2	0.672745602694723
GNMT	1.04825237769963
SULT1C4	1.00240700458938
COQ2	0.982841762389136
ARFIP1	0.983733746955767
ARHGEF16	0.969343795308908
GPKOW	1.0526427280961
GPR162	1.02278665752541
SIT1	0.952713287730748
BBS9	1.17037000361717
TNFRSF21	1.04825237769963
CHMP2A	1.25334885646717
SESN1	0.94270636541698
AHDC1	0.982951932690122
RNF115	0.982951932690122
NFU1	1.00240700458938
ERLEC1	1.00240700458938
MMADHC	1.00240700458938
PDCD4	0.97891388353545
KLHL20	0.991375931347093
PCDH17	1.16077440404817
CSDC2	0.720285108111023
CNTN6	0.720410490708883
LSM1	0.416558022388397
LSM3	0.720410490708883
TINAG	1.04825237769963
SULT1B1	0.982841762389136
TEKT2	0.982951932690122
SRPX2	0.971983922050255
VENTX	0.96610428515749
RBMXL2	1.07884952858265
RND1	1.01423100355274
GCLC	1.04825237769963
SPINK4	0.952713287730748
R3HCC1L	0.97891388353545
DIMT1	0.981327424359639
SMPDL3B	0.982951932690122
DHDH	1.24196546098975
PDLIM3	0.716789838124403
TP53TG5	1.3428247635557
CRCP	1.17037000361717
ADAMDEC1	0.433694208344174
AMPH	1.17037000361717
GCLM	0.982951932690122
ZNF544	1.25334885646717
APEX2	0.971983922050255
BMP10	1.00240700458938
RBMS3	0.720410490708883
MOCS3	1.3428247635557
HPGDS	0.982841762389136
ZNF330	0.982841762389136
GLDC	0.952713287730748
RAB30	1.0798977924045
PGAP2	1.07884952858265
RBMX	0.971983922050255
BHLHE22	1.01569444866679
TNRC17	0.970894155693591
TOX3	0.98246487716107
TNRC6A	0.98246487716107
PCDH11X	0.971983922050255
ANGPTL3	0.982951932690122
GLE1	0.963087641236575
RPS6KA6	0.971983922050255
ZNF638	1.00240700458938
GOLIM4	1.2087165663813
P2RY10	0.971983922050255
EIF3K	1.24196546098975
HTATSF1	0.971983922050255
UBE2S	1.25334885646717
PRPF19	1.07884952858265
GLG1	0.971089603767894
UTP20	1.01423100355274
RRP7A	0.720285108111023
RABGEF1	1.17037000361717
POLL	0.97891388353545
PCSK1N	1.0526427280961
KCNMB4	1.01423100355274
TMEM97	1.01129990957445
STK39	1.00240700458938
TOR1B	0.963087641236575
MCAT	0.720285108111023
GLI1	1.01423100355274
APOBEC3C	0.720285108111023
DESI1	0.720285108111023
SGSM3	0.720285108111023
GLI2	1.00240700458938
GLI3	1.17037000361717
GLI4	1.02360093995737
GLO1	1.04825237769963
BIN1	1.00240700458938
GLP1R	1.04825237769963
GLRA1	0.981327424359639
GLRA2	0.681263242067964
HTRA2	1.00240700458938
GLRB	0.716789838124403
MAT2B	0.981327424359639
TOR2A	0.963087641236575
POLM	1.17037000361717
EML4	1.00240700458938
HSFY1P1	0.736942594729667
TMEM121B	0.736942594729667
GLS	0.970894155693591
HDHD5	0.736942594729667
CECR3	0.736942594729667
CECR2	0.736942594729667
PCLO	1.17037000361717
GLRX	0.981327424359639
GLUD1	0.97891388353545
GLUD2	0.971983922050255
GLUD1P3	0.97891388353545
AMT	0.730118323494498
GLUL	0.991375931347093
GM2A	0.981327424359639
GMDS	1.12568358502349
GMFB	0.764334413991476
GML	1.02360093995737
GMPR	1.12568358502349
GNA11	0.672745602694723
GNA12	1.10834731360131
GNA15	0.672745602694723
GNAI1	1.17037000361717
GNAI2	0.730118323494498
GNAI3	0.982951932690122
GNAL	1.15931082987001
GNAO1	0.98246487716107
GNAQ	0.975901197514351
GNAS	1.3428247635557
GNAT1	0.730118323494498
GNAT2	0.982951932690122
GNAZ	0.730447216884634
GNB1	0.969343795308908
GNB2	1.17037000361717
GNB3	1.02278665752541
GNG3	1.07884952858265
GNG4	1.02169470476617
GNG5	0.982951932690122
GNG7	0.672745602694723
AMY2A	0.982951932690122
GNG10	0.963087641236575
GNG11	1.17037000361717
GNGT1	1.17037000361717
GNGT2	1.00518177247207
GNL1	1.04825237769963
GNRH1	0.433694208344174
GNRH2	1.01794118838271
GNRHR	0.982841762389136
GNS	1.01423100355274
ABO	0.963087641236575
AMY2B	0.982951932690122
GOLGA1	0.963087641236575
GOLGA2	0.963087641236575
GOLGA3	1.01423100355274
GOLGA4	0.720410490708883
GOLGB1	1.19833272410156
GOT1	0.97891388353545
GOT2	0.98246487716107
SELENOH	1.07884952858265
IGBP1P1	0.764334413991476
SSX6P	1.0526427280961
SSX7	0.971983922050255
SSX8P	0.971983922050255
SSX9P	1.0526427280961
WFDC10B	1.3428247635557
SFN	0.982951932690122
GP1BA	0.749723017917101
GP1BB	1.65854047521834
GP2	0.98246487716107
GP5	1.03734056701319
GP9	1.19833272410156
GPC1	0.966350804585467
GPD1	1.01423100355274
GPD2	1.00240700458938
GPI	1.13164416291439
GPLD1	1.12568358502349
PPP2R3B	0.681263242067964
GPM6A	0.716789838124403
SLCO4A1	1.3428247635557
SLCO3A1	1.13133433617156
SLCO1B3	1.02278665752541
GPM6B	0.681263242067964
GPR1	0.970894155693591
LINC00515	0.71893801338487
CCR10	1.00518177247207
IFNL2	1.24196546098975
IFNL3	1.24196546098975
IFNL1	1.24196546098975
AQP11	1.0798977924045
GPR3	0.982951932690122
DAOA-AS1	1.16077440404817
OR51B5	1.07884952858265
OR10AG1	1.07884952858265
OR5J2	1.07884952858265
GPR4	1.24196546098975
RAB40AL	0.971983922050255
POC1B	1.01423100355274
ZNF311	1.12568358502349
XCR1	0.730118323494498
C10orf53	0.979753098033958
FUOM	0.96610428515749
JAKMIP3	0.96610428515749
STK32C	0.96610428515749
LINC00700	0.979753098033958
BLOC1S2	0.97891388353545
RBM20	0.97891388353545
PDCD4-AS1	0.97891388353545
ANG	0.764334413991476
GPR6	0.94270636541698
NUTM2E	0.97891388353545
FLJ37201	0.97891388353545
LINC01553	0.979753098033958
LOC283028	0.979753098033958
LINC00841	0.979753098033958
LOC283038	0.96610428515749
LOC283045	0.979753098033958
ZMIZ1-AS1	0.97891388353545
MKX	0.979753098033958
C10orf126	0.979753098033958
WDR11-AS1	0.96610428515749
OR4C13	1.07884952858265
OR4C12	1.07884952858265
NPBWR1	1.01569444866679
KRT8P41	1.07884952858265
SBF2-AS1	1.07884952858265
CSNK2A3	1.07884952858265
OR52Z1	1.07884952858265
OR51V1	1.07884952858265
TRIM49B	1.07884952858265
H19	1.07884952858265
MAJIN	1.07884952858265
SLC25A45	1.07884952858265
NEAT1	1.07884952858265
LOC283140	1.0798977924045
LINC00900	1.0798977924045
BCL9L	1.0798977924045
FOXR1	1.0798977924045
CCDC153	1.0798977924045
OR8D1	1.0798977924045
CDH20	0.729564863856545
OR8D2	1.0798977924045
OR8B4	1.0798977924045
KIRREL3-AS3	1.0798977924045
C11orf44	1.0798977924045
MIR4697HG	1.0798977924045
LOC283177	1.0798977924045
OR9G4	1.07884952858265
LOC283194	1.07884952858265
LINC00301	1.07884952858265
NPBWR2	1.3428247635557
P4HA3	1.07884952858265
PGM2L1	1.07884952858265
KLHL35	1.0798977924045
LOC283214	1.0798977924045
KCTD21	1.0798977924045
CRACR2B	1.07884952858265
TMEM80	1.07884952858265
CCDC88B	1.07884952858265
TTC9C	1.07884952858265
SLC22A24	1.07884952858265
RCOR2	1.07884952858265
HARBI1	1.07884952858265
LINC00294	1.07884952858265
IGSF22	1.07884952858265
OR10A4	1.07884952858265
OLFML1	1.07884952858265
LOC283299	1.07884952858265
CXCR3	0.971983922050255
MRGPRG-AS1	1.07884952858265
OTOGL	1.01423100355274
C1RL-AS1	1.02278665752541
CD163L1	1.02278665752541
LINC02396	1.01423100355274
LOC283335	1.01423100355274
ZNF740	1.01423100355274
RPL13P5	1.02278665752541
RASSF3	1.01423100355274
TMEM132D-AS1	1.01423100355274
B4GALNT3	1.02278665752541
OR6C6	1.01423100355274
ANKRD52	1.01423100355274
SLC39A5	1.01423100355274
SPRYD4	1.01423100355274
ADGRD1	1.01423100355274
MORN3	1.01423100355274
LOC283387	1.01423100355274
TRHDE-AS1	1.01423100355274
PRLHR	0.96610428515749
C12orf80	1.01423100355274
LINC00592	1.01423100355274
LINC01465	1.01423100355274
DPY19L2	1.01423100355274
CLEC9A	1.02278665752541
LINC01559	1.02278665752541
GAS2L3	1.01423100355274
LINC00485	1.01423100355274
LOC283435	1.01423100355274
ITFG2-AS1	1.02278665752541
MYO1H	1.01423100355274
HECTD4	1.01423100355274
KSR2	1.01423100355274
GATC	1.01423100355274
HNF1A-AS1	1.01423100355274
C12orf40	1.01423100355274
MUC19	1.01423100355274
GXYLT1	1.01423100355274
TMPRSS12	1.01423100355274
FGF14-IT1	1.16077440404817
FGF14-AS2	1.16077440404817
LINC00551	1.16077440404817
LINC00567	1.16077440404817
LINC00346	1.16077440404817
CHAMP1	1.16077440404817
OR7E156P	1.16077440404817
GPR12	1.33645054467716
SUGT1P3	1.16077440404817
SIAH3	1.16077440404817
KCNRG	1.16077440404817
TMEM272	1.16077440404817
SLC46A3	1.33645054467716
LINC00639	0.764334413991476
LINC01588	0.764334413991476
LINC00640	0.764334413991476
GPR137C	0.764334413991476
PROX2	0.764334413991476
LINC02288	0.764334413991476
ZDHHC22	0.764334413991476
TMED8	0.764334413991476
C14orf178	0.764334413991476
LINC01148	0.764334413991476
LINC01146	0.764334413991476
FAM181A-AS1	0.764334413991476
SNHG10	0.764334413991476
C14orf177	0.764334413991476
SLC25A47	0.764334413991476
LINC00523	0.764334413991476
OR4K3	0.764334413991476
LINC00641	0.764334413991476
TSSK4	0.764334413991476
FAM177A1	0.764334413991476
CEP170B	0.771082865073358
TEDC1	0.709473775987212
HMGN2P46	1.15942294495005
SLC24A5	1.15942294495005
PRTG	1.13133433617156
LINC00926	1.13133433617156
LOC283665	1.13133433617156
EWSAT1	1.13133433617156
REC114	1.13133433617156
LINC01579	1.13133433617156
LOC283683	1.15942294495005
GOLGA6L2	1.15942294495005
ST20-AS1	1.13133433617156
LINC00927	1.13133433617156
CPEB1-AS1	1.13133433617156
ACTG1P17	1.13133433617156
OR4N4	1.15942294495005
UTS2R	0.986809853654872
LOC283710	1.15942294495005
SAXO2	1.13133433617156
LOC283731	1.13133433617156
NTRK3-AS1	1.13133433617156
FAM98B	1.15942294495005
PLA2G4D	1.15942294495005
HERC2P3	1.15942294495005
LINC00928	1.13133433617156
GOLGA6L1	1.15942294495005
FAM169B	1.13133433617156
GPR15	1.19833272410156
FBXL22	1.13133433617156
TERB1	0.971089603767894
CES4A	0.971089603767894
EXOC3L1	0.971089603767894
CASC22	0.98246487716107
LOC283856	0.98246487716107
LINC00304	0.971089603767894
LINC00922	0.98246487716107
NPW	0.98246487716107
BRICD5	0.98246487716107
PGP	0.98246487716107
LINC00514	0.98246487716107
LINC00921	0.98246487716107
LINC02175	0.98246487716107
IL21R-AS1	0.98246487716107
C16orf54	0.98246487716107
INO80E	0.98246487716107
HCCAT5	0.971089603767894
LINC01566	0.98246487716107
LOC283922	0.971089603767894
NUDT7	0.971089603767894
FBXL19-AS1	0.98246487716107
ZNF843	0.98246487716107
NHLRC4	0.98280619354904
C16orf91	0.98246487716107
TMEM114	0.98246487716107
PDXDC2P-NPIPB14P	0.971089603767894
CLEC18C	0.971089603767894
LINC00685	0.681263242067964
LINC00469	0.986809853654872
FADS6	0.986809853654872
HID1	0.986809853654872
TSEN54	0.986809853654872
UBALD2	0.986809853654872
LINC00868	0.986809853654872
TMEM235	0.986809853654872
ANGPT1	1.0381909863396
GPR17	1.00240700458938
CCDC57	0.986809853654872
HEXD	0.986809853654872
LOC284009	0.7295394616866
VMO1	0.7295394616866
C17orf58	1.45235253680058
MILR1	1.00518177247207
RNF227	0.749723017917101
LINC00324	0.749723017917101
LINC00670	0.749723017917101
CDRT4	0.749723017917101
CCDC144B	0.749723017917101
KANSL1	1.00518177247207
CFAP97D1	1.00518177247207
FAM171A2	1.00518177247207
MEIOC	1.00518177247207
TTLL6	1.00518177247207
PICART1	1.00518177247207
KRT18P55	1.01129990957445
NEK8	1.01129990957445
PIGW	1.48826986994562
C17orf78	1.48826986994562
GPR18	1.16077440404817
YWHAEP7	1.48826986994562
CISD3	1.48826986994562
GSDMA	1.00518177247207
SLC13A5	0.749723017917101
TMEM102	0.749723017917101
KRT42P	1.00518177247207
CAVIN1	1.00518177247207
FAM27E5	0.749723017917101
FLJ36000	0.749723017917101
SLC26A11	0.986809853654872
ENDOV	0.986809853654872
GDPD1	1.00518177247207
NDUFAF8	0.986809853654872
LINC00482	0.986809853654872
LOC284191	0.749723017917101
LGALS9B	0.749723017917101
GPR19	1.02278665752541
METRNL	0.986809853654872
DLGAP1-AS5	1.15931082987001
LAMA1	1.15931082987001
ANKRD20A9P	1.33645054467716
CYP4F35P	1.15931082987001
LOC284240	0.729564863856545
LOC284241	0.729564863856545
KCTD1	0.729564863856545
DYNAP	0.729564863856545
BOD1L2	0.729564863856545
LINC00907	0.729564863856545
SIGLEC15	0.729564863856545
ZADH2	0.729564863856545
SMIM21	0.729564863856545
LINC00908	0.729564863856545
HMSD	0.729564863856545
LINC01924	0.729564863856545
SSC5D	1.25334885646717
GPR20	2.05039341266889
ZNF547	1.25334885646717
ZIK1	1.25334885646717
ZNF776	1.25334885646717
ZSCAN1	1.25334885646717
ZNF780A	1.24196546098975
C19orf54	1.24196546098975
PRR19	1.24196546098975
TMEM145	1.24196546098975
CXCL17	1.24196546098975
LOC284344	1.24196546098975
ZNF575	1.24196546098975
LYPD5	1.24196546098975
ZNF283	1.24196546098975
PPP1R37	1.24196546098975
NKPD1	1.24196546098975
TPRX1	1.24196546098975
MAMSTR	1.24196546098975
IZUMO1	1.24196546098975
EMC10	1.24196546098975
LINC01869	1.24196546098975
KLK9	1.24196546098975
SIGLEC17P	1.24196546098975
SIGLECL1	1.24196546098975
ZNF615	1.25334885646717
ZNF841	1.25334885646717
LOC284379	1.25334885646717
ACTL9	0.704151138682422
OR2Z1	0.704151138682422
ZNF561-AS1	0.704151138682422
ZNF763	0.748368687962694
ZNF844	0.748368687962694
LOC284395	0.71650131047893
GPR21	0.963087641236575
SCGB2B2	1.24196546098975
WDR62	1.24196546098975
ZFP82	1.24196546098975
ZNF790-AS1	1.24196546098975
LOC284412	1.24196546098975
VSTM1	1.25334885646717
TMEM150B	1.25334885646717
FAM71E2	1.25334885646717
SMIM24	0.672745602694723
MIR7-3HG	0.704151138682422
SLC25A41	0.704151138682422
MBD3L5	0.704151138682422
OR10H5	0.71650131047893
NWD1	0.71650131047893
SLC25A42	0.71650131047893
LINC00663	0.71650131047893
ZNF493	0.71650131047893
ODF3L2	0.681558751293874
LOC284454	0.71650131047893
ZNF875	1.24196546098975
TAFA3	0.982951932690122
RIIAD1	0.982951932690122
THEM5	0.982951932690122
C1orf167	0.969343795308908
GPR22	1.17978731315435
OR2L13	1.02169470476617
SLC9C2	0.991375931347093
OR14A16	1.02169470476617
CYP4A22	0.982951932690122
C1orf185	0.982951932690122
LINC01226	0.982951932690122
NBPF15	0.982951932690122
LINC00303	0.991375931347093
LEMD1-AS1	0.991375931347093
LOC284577	0.991375931347093
MFSD4A-AS1	0.991375931347093
LOC284581	0.991375931347093
FAM41C	0.969343795308908
LPAR4	0.971983922050255
FAM102B	0.982951932690122
SYPL2	0.982951932690122
CYB561D1	0.982951932690122
ANKRD34A	0.982951932690122
RUSC1-AS1	0.982951932690122
LOC284632	0.982951932690122
LINC01686	0.991375931347093
SMG7-AS1	0.991375931347093
RSPO1	0.982951932690122
EPHA10	0.982951932690122
LINC01777	0.969343795308908
SNHG28	0.982951932690122
SPATA46	0.991375931347093
LINC01142	0.991375931347093
ZNF326	0.982951932690122
BTBD8	0.982951932690122
MCHR1	0.720285108111023
RIMKLA	0.982951932690122
SLC25A34	0.982951932690122
ESPNP	0.982951932690122
C20orf204	1.3428247635557
LINC00494	1.3428247635557
LINC01270	1.3428247635557
C20orf197	1.3428247635557
MIR646HG	1.3428247635557
SIRPB2	1.04060686127253
LOC284788	1.01794118838271
LOC284798	1.01794118838271
GPR25	0.991375931347093
FAM182A	1.3428247635557
MIR663AHG	1.3428247635557
FRG1BP	1.3428247635557
C20orf203	1.3428247635557
LINC01697	0.71893801338487
KRTAP13-4	0.71893801338487
LINC00323	0.71893801338487
AATBC	0.717899370570668
LOC284865	1.65854047521834
MIF-AS1	0.730447216884634
LOC284898	0.730447216884634
GPR26	0.96610428515749
TTC28-AS1	1.25509584409354
SEC14L4	0.720285108111023
LOC284930	0.705191761652427
LOC284933	0.705191761652427
RPL23AP82	0.73920158822585
SH2D6	1.00240700458938
LOC284950	1.00240700458938
NT5DC4	1.00240700458938
CCDC150	0.970894155693591
RNF149	1.00240700458938
LINC01114	1.00240700458938
ANGPT2	0.416284738599625
GPR27	0.723578923483452
LOC285000	1.00240700458938
ALKAL2	1.01202671490066
CCDC141	0.970894155693591
STARD7-AS1	1.00240700458938
LINC01936	1.01202671490066
LINC00486	1.00240700458938
STPG4	1.00240700458938
LOC285074	1.00240700458938
LINC01305	0.970894155693591
RTP5	0.966350804585467
LOC285095	0.966350804585467
LOC285097	0.966350804585467
MED15P9	1.00240700458938
NKIRAS2	1.00518177247207
AHCTF1P1	1.00240700458938
NKIRAS1	0.720410490708883
DNAJC5G	1.01202671490066
CDH19	0.729564863856545
DLL1	0.862327116139212
ERICH2	1.00240700458938
IAH1	1.01202671490066
FLJ33534	1.01202671490066
CYP1B1-AS1	1.00240700458938
FAM126B	0.970894155693591
UNC80	0.970894155693591
RUFY4	0.970894155693591
PLGLA	1.00240700458938
RGPD4	1.00240700458938
LOC285191	0.966350804585467
DUSP28	0.966350804585467
TUSC7	1.19833272410156
SLC9A9	0.986056538996622
GPER1	1.10834731360131
EOGT	0.723578923483452
LINC00636	1.19833272410156
EPHA6	1.19833272410156
DNAJB8-AS1	1.19833272410156
FBXW12	0.730118323494498
C3orf38	0.434078096558972
HTR3E	1.03734056701319
ENTPD3-AS1	0.720410490708883
ZNF619	0.720410490708883
ZNF621	0.720410490708883
RABL3	1.19833272410156
LINC00877	0.723578923483452
GPR31	0.862327116139212
C3orf56	1.19833272410156
IGSF10	1.06598575216065
C3orf33	1.06598575216065
LINC00692	0.720410490708883
CCDC66	0.730118323494498
SLC9C1	1.19833272410156
TCAIM	0.730118323494498
ZNF852	0.730118323494498
ZNF660	0.730118323494498
KIF9-AS1	0.730118323494498
PDCL3P4	1.19833272410156
SUMF1	0.720410490708883
RPUSD3	0.720410490708883
PRRT3	0.720410490708883
LINC00606	0.720410490708883
LINC00620	0.720410490708883
DPH3	0.720410490708883
C3orf70	1.03734056701319
TPRG1	1.03734056701319
LINC02028	1.03734056701319
GPR32	1.24196546098975
LINC00698	0.723578923483452
ALG1L9P	1.07884952858265
LINC01091	0.982841762389136
IQCM	0.708330872516
DCAF4L1	0.982841762389136
CYP4V2	0.716789838124403
F11-AS1	0.716789838124403
RPL34-AS1	0.982841762389136
CTBP1-AS	0.982841762389136
CRIPAK	0.982841762389136
LINC02495	0.982841762389136
DOK7	0.982841762389136
LINC00955	0.982841762389136
RNF212	0.982841762389136
LINC01098	0.716789838124403
FAM198B-AS1	0.716789838124403
FAM13A-AS1	0.982841762389136
GPRIN3	0.982841762389136
COX18	0.982841762389136
YIPF7	0.982841762389136
FRYL	0.982841762389136
RNF175	0.983733746955767
SEPSECS-AS1	0.982841762389136
LINC01097	0.982841762389136
LINC01096	0.982841762389136
FAM200B	0.982841762389136
STPG2	0.982841762389136
C4orf54	0.982841762389136
LINC01019	1.19567882225115
EFCAB9	0.981327424359639
SH3PXD2B	0.981327424359639
LOC285593	0.981327424359639
FAM153A	0.981327424359639
ARL10	0.981327424359639
GPR33	0.764334413991476
KIAA0825	0.981327424359639
GPR150	0.981327424359639
DTWD2	0.981327424359639
RELL2	0.981327424359639
NBPF22P	0.981327424359639
LOC285626	0.981327424359639
LINC01845	0.981327424359639
LINC02159	0.981327424359639
C5orf51	1.19567882225115
LOC285638	0.981327424359639
SLC36A3	0.981327424359639
KIF4B	0.981327424359639
OR2V2	0.981327424359639
C5orf64	0.981327424359639
RNF180	0.981327424359639
SREK1IP1	0.981327424359639
ZNF454	0.981327424359639
LINC02112	1.19567882225115
BASP1-AS1	1.19567882225115
GPR34	0.742060425418264
RGMB	0.981327424359639
LINC00491	0.981327424359639
LINC00326	0.94270636541698
PHACTR2-AS1	0.94270636541698
CEP57L1	0.94270636541698
PPIL6	0.94270636541698
LINC01268	0.94270636541698
FLJ34503	0.94270636541698
DCBLD1	0.94270636541698
LOC285762	0.94270636541698
LOC285766	1.12568358502349
LINC01622	1.12568358502349
LY86-AS1	1.12568358502349
CAGE1	1.12568358502349
PACRG-AS1	0.749110827107011
PRR18	0.862327116139212
LOC285804	0.862327116139212
LOC285819	1.12568358502349
HLA-F-AS1	1.12568358502349
HCG22	1.04825237769963
LOC285847	1.04825237769963
PNPLA1	1.04825237769963
TREML4	1.04825237769963
RPL7L1	1.04825237769963
LINC02537	1.04825237769963
POM121L12	1.17037000361717
VSTM2A-OT1	1.17037000361717
CNPY1	1.08695203854043
LOC285889	1.08695203854043
GPR35	0.966350804585467
INTS4P1	1.17037000361717
LINC00174	1.17037000361717
C7orf71	1.17037000361717
HOXA-AS2	1.17037000361717
INHBA-AS1	1.17037000361717
SPDYE1	1.17037000361717
SNHG15	1.17037000361717
SEPTIN7P9	0.979753098033958
WEE2-AS1	1.17978731315435
EPHA1-AS1	1.17978731315435
ZNF775	1.24449465772
LINC00996	1.24449465772
ATG9B	1.24449465772
DLX6-AS1	1.17037000361717
ZNF789	1.17037000361717
ANK1	0.416558022388397
SLC26A4-AS1	1.17978731315435
LSMEM1	1.17978731315435
TPI1P2	1.17978731315435
FLJ40288	1.17978731315435
FAM86B3P	0.433694208344174
XKR6	0.433694208344174
NSMCE2	2.05039341266889
LOC286059	0.433694208344174
ZNF707	1.02360093995737
BREA2	1.02360093995737
FAM83H	1.02360093995737
LOC286083	0.416284738599625
LINC01591	2.05039341266889
MICU3	0.433694208344174
GPR37	1.17978731315435
ZNF252P	1.02360093995737
TMED10P1	1.02360093995737
ZNF252P-AS1	1.02360093995737
LINC02153	0.433694208344174
C8orf31	1.02360093995737
ZFP41	1.02360093995737
SCARA5	0.433694208344174
LINC02209	0.433694208344174
RNF5P1	0.416558022388397
TRIQK	1.01569444866679
DPY19L4	1.01569444866679
FBXO43	1.01569444866679
LOC286177	1.01569444866679
LOC286178	1.01569444866679
NKAIN3	1.01569444866679
LINC01289	1.01569444866679
LINC01299	1.01569444866679
PPP1R42	1.01569444866679
C8orf34-AS1	1.01569444866679
LACTB2-AS1	1.01569444866679
MLNR	1.16077440404817
CRB2	0.963087641236575
SCAI	0.963087641236575
CFAP157	0.963087641236575
C9orf47	0.975901197514351
SPATA31E1	0.975901197514351
LCN12	0.963087641236575
PAXX	0.963087641236575
TPRN	0.963087641236575
GPR39	1.00240700458938
TUSC1	0.952713287730748
FAM225A	0.963087641236575
FAM78A	0.963087641236575
LURAP1L	0.952713287730748
LOC286359	0.970815788272126
OR13C9	0.963087641236575
OR13D1	0.963087641236575
MIR4290HG	0.975901197514351
FOXD4L3	0.975901197514351
FFAR1	1.24196546098975
ATP11C	0.971983922050255
LINC00632	0.971983922050255
NLRP2B	0.971983922050255
H2BFM	0.971983922050255
LOC286437	0.971983922050255
LINC01281	0.742060425418264
YIPF6	0.971983922050255
CFAP47	0.742060425418264
FIRRE	0.971983922050255
UBE2E4P	0.681263242067964
TTC3P1	0.971983922050255
FAM133A	0.971983922050255
FFAR3	1.24196546098975
MAGEB18	0.742060425418264
P2RY8	0.681263242067964
GPR42	1.24196546098975
ILDR1	1.19833272410156
FFAR2	1.24196546098975
STON1-GTF2A1L	1.00240700458938
TRARG1	0.7295394616866
GRK4	0.982841762389136
LIN9	0.991375931347093
TRIM59	1.06598575216065
CSN1S2AP	0.982841762389136
KRT6C	1.01423100355274
GRK5	0.96610428515749
ANK2	0.982841762389136
GRK6	0.981327424359639
TRIM42	0.986056538996622
GRK6P1	1.33645054467716
MKNK2	0.672745602694723
GPS1	0.986809853654872
GPS2	0.749723017917101
GPT	1.02360093995737
GPX1	0.730118323494498
GPX2	0.764334413991476
GPX3	0.981327424359639
GPX4	0.672745602694723
ANK3	0.979753098033958
GPX5	1.12568358502349
GPX7	0.982951932690122
GRB2	0.986809853654872
GRB7	1.00518177247207
GRB10	1.17037000361717
GRB14	1.00240700458938
RAPGEF1	0.963087641236575
GRIA1	0.981327424359639
GRIA2	0.716789838124403
GRIA3	0.971983922050255
GRIA4	1.0798977924045
GRID1	0.97891388353545
GRID2	0.982841762389136
TRIB2	1.01202671490066
CCDC22	1.0526427280961
REM1	1.3428247635557
DEXI	0.98246487716107
LAMTOR2	0.982951932690122
MRPS28	1.01569444866679
COA3	1.00518177247207
TMEM176B	1.24449465772
GRN	1.00518177247207
DCPS	1.0798977924045
OSTM1	0.94270636541698
GIT1	1.01129990957445
SLC27A6	0.981327424359639
SNX24	0.981327424359639
SLC6A16	1.24196546098975
BZW2	0.932380436661844
GRIK1	0.71893801338487
C11orf54	1.0798977924045
AAMDC	1.0798977924045
SPCS1	0.730118323494498
MRPS18B	1.04825237769963
C19orf53	0.71650131047893
ACAD9	1.19833272410156
MRPL42	1.01423100355274
TMEM14A	1.04825237769963
GRIK2	0.94270636541698
IFT81	1.01423100355274
FLVCR1	0.991375931347093
TMPRSS11E	0.982841762389136
RGCC	1.16077440404817
MCTS1	0.971983922050255
MAGEH1	0.971983922050255
NOB1	0.971089603767894
DBNL	1.17037000361717
NTMT1	0.963087641236575
GRIK3	0.982951932690122
ASTE1	0.986056538996622
COMMD5	1.02360093995737
MACROD1	1.07884952858265
HIPK2	1.17978731315435
MRPL13	2.05039341266889
KLF15	1.19833272410156
ABR	0.7295394616866
ANPEP	1.13133433617156
GRIK4	1.0798977924045
GRIK5	1.24196546098975
SLC43A3	1.07884952858265
FOXN3-AS2	0.764334413991476
GRIN1	0.963087641236575
ATAD2	2.05039341266889
GRIN2A	0.98246487716107
CPS1-IT1	0.970894155693591
C16orf72	0.98246487716107
GRIN2B	1.02278665752541
GRIN2C	0.986809853654872
TMEM230	1.01794118838271
GRIN2D	1.24196546098975
WDR91	1.17978731315435
ZCCHC4	0.982841762389136
ASAP1-IT1	2.05039341266889
ZC3H7A	0.98246487716107
ZBTB44	1.0798977924045
GRINA	1.02360093995737
CCDC113	0.98246487716107
C1GALT1C1	0.971983922050255
SETD2	0.730118323494498
MRPL18	0.749110827107011
LINC00652	1.01794118838271
NDUFAF4	0.94270636541698
MED4	1.16077440404817
NR3C1	0.981327424359639
CCDC59	1.01423100355274
METTL5	1.00240700458938
CHMP4A	0.764334413991476
GTPBP8	1.19833272410156
PHPT1	0.963087641236575
BABAM1	0.71650131047893
THYN1	1.0798977924045
MRPL15	1.01569444866679
UBE2T	0.991375931347093
ARHGAP35	1.24196546098975
TIMM21	0.729564863856545
STXBP6	0.764334413991476
LINC00339	0.982951932690122
MRPL22	0.981327424359639
LGALSL	1.00240700458938
ORMDL2	1.01423100355274
CNIH4	0.991375931347093
RANGRF	0.749723017917101
COMMD9	1.07884952858265
SLC25A4	0.716789838124403
TMEM208	0.971089603767894
SSU72	0.969343795308908
DROSHA	1.19567882225115
DNAJC15	1.16077440404817
N6AMT1	0.71893801338487
CFAP20	0.98246487716107
SCG3	1.15942294495005
NXT1	1.01794118838271
PYCARD	0.98246487716107
FHOD1	0.971089603767894
GRM1	0.94270636541698
TBK1	1.01423100355274
C6orf15	1.04825237769963
TAGLN3	1.19833272410156
SAP30BP	0.986809853654872
MYLIP	1.12568358502349
BRD7	0.98246487716107
DDX25	1.0798977924045
CTNNA3	0.979753098033958
GRM2	0.730118323494498
CLEC2D	1.02278665752541
PRSS50	0.730118323494498
ANKRD11	0.971089603767894
LGALS13	1.24196546098975
C11orf21	1.07884952858265
CD274	0.952713287730748
RACGAP1	1.01423100355274
UHRF1	0.704151138682422
GRM3	1.17037000361717
GRM4	1.04825237769963
GRM5	1.0798977924045
GRM6	0.981327424359639
GRM7	0.720410490708883
GRM8	1.17978731315435
CXCL1	0.982841762389136
SLC25A5	0.971983922050255
CXCL2	0.982841762389136
CXCL3	0.982841762389136
GRP	0.729564863856545
PDIA3	1.15942294495005
GRPR	0.961550425812295
GRSF1	0.982841762389136
GSC2	1.28336096843035
SLC25A6	0.681263242067964
GSK3A	1.24196546098975
GSK3B	1.19833272410156
GSN	0.963087641236575
GSPT1	0.98246487716107
GSR	0.433694208344174
GSS	1.3428247635557
GSTA1	1.04825237769963
GSTA2	1.04825237769963
GSTA3	1.04825237769963
GSTA4	1.04825237769963
GSTM1	0.982951932690122
GSTM2	0.982951932690122
GSTM3	0.982951932690122
GSTM4	0.982951932690122
GSTM5	0.982951932690122
GSTP1	1.07884952858265
GSTZ1	0.764334413991476
MSH6	1.00240700458938
GTF2A1	0.764334413991476
GTF2A2	1.13133433617156
GTF2B	0.982951932690122
GTF2E1	1.19833272410156
GTF2E2	0.433694208344174
GTF2F1	0.704151138682422
GTF2F2	1.16077440404817
GTF2H1	1.07884952858265
GTF2H3	1.01423100355274
GTF2H4	1.04825237769963
GTF2I	1.17037000361717
GTF3A	1.33645054467716
BRF1	0.709473775987212
GUCY1B2	1.16077440404817
GTF3C1	0.98246487716107
GTF3C2	1.01202671490066
BLNK	0.97891388353545
USP25	0.71893801338487
PACSIN3	1.07884952858265
TMOD4	0.982951932690122
TMOD3	1.15942294495005
TMOD2	1.15942294495005
GUCY1A2	1.0798977924045
POM121L9P	0.730447216884634
CARD10	0.720285108111023
ABT1	1.12568358502349
GUCA1A	1.04825237769963
PARVB	0.720285108111023
NCAPH2	0.73920158822585
CYP2S1	1.24196546098975
OLA1	0.970894155693591
GUCA1B	1.04825237769963
UQCR10	1.25509584409354
POM121L8P	0.730447216884634
C2orf27A	1.00240700458938
YPEL1	0.730447216884634
GUCA2A	0.982951932690122
ZDHHC1	0.971089603767894
ZDHHC8	1.65854047521834
VPREB3	0.730447216884634
REPIN1	1.24449465772
GUCA2B	0.982951932690122
GUCY1A1	0.983733746955767
GUCY1B1	0.983733746955767
GUCY2C	1.02278665752541
GRHL1	1.01202671490066
TFCP2L1	1.00240700458938
SENP1	1.01423100355274
TFPT	1.25334885646717
TRPM5	1.07884952858265
ICOS	0.970894155693591
UBN1	0.98246487716107
GUCY2F	0.971983922050255
GUK1	1.02169470476617
ALG5	1.16077440404817
NPC1L1	1.17037000361717
ANAPC2	0.963087641236575
CNOT7	0.433694208344174
SNX8	1.10834731360131
SNX10	1.17037000361717
STRN4	1.24196546098975
GNL2	0.982951932690122
RBM15B	0.730118323494498
PSMC3IP	1.00518177247207
CPSF1	1.02360093995737
MYLPF	0.98246487716107
TRA2A	1.17037000361717
GPSM2	0.982951932690122
GUSB	1.17037000361717
SAC3D1	1.07884952858265
FAM216A	1.01423100355274
CCDC106	1.25334885646717
EEF2K	0.98246487716107
ST8SIA5	0.729564863856545
SNX15	1.07884952858265
GPR171	1.21511111792987
HOOK2	0.71650131047893
UBIAD1	0.969343795308908
HCFC2	1.01423100355274
SNX11	1.00518177247207
RMC1	0.729564863856545
GYG1	1.21511111792987
PYCR2	0.991375931347093
NME7	0.991375931347093
HILPDA	1.17978731315435
EPN1	1.25334885646717
GMPPB	0.730118323494498
GMPPA	0.970894155693591
SEC61A1	1.19833272410156
TIMM22	0.7295394616866
ALG6	0.982951932690122
GYPA	0.982841762389136
PCDHB1	0.981327424359639
LINC00312	0.720410490708883
GPR132	0.709473775987212
SNX12	0.971983922050255
RPA4	0.971983922050255
NENF	0.991375931347093
GYPB	0.982841762389136
DSE	0.94270636541698
PKN3	0.963087641236575
PURG	0.416558022388397
PADI1	0.982951932690122
PNMA3	1.21583421531377
ANAPC4	0.982841762389136
SERTAD3	1.24196546098975
DNMT3L	0.717899370570668
OSGIN1	0.971089603767894
IL19	0.991375931347093
GYPC	1.00240700458938
SERTAD1	1.24196546098975
PDZRN4	1.01423100355274
DPP7	0.963087641236575
TRHDE	1.01423100355274
POMT2	0.764334413991476
CERS2	0.982951932690122
SLC25A24	0.982951932690122
DMGDH	0.981327424359639
NRBP1	1.01202671490066
GYPE	0.982841762389136
MRM2	1.10834731360131
PRICKLE4	1.04825237769963
CDIP1	0.98246487716107
STRN3	0.764334413991476
LRP12	0.428230059977685
PSAT1	0.975901197514351
MDFIC	1.17978731315435
GYS1	1.24196546098975
SCHIP1	1.06598575216065
A1CF	0.979753098033958
UBQLN2	0.971983922050255
UBQLN1	0.975901197514351
GYS2	1.24074736084
DONSON	0.71893801338487
NRBF2	0.979753098033958
RHOD	1.07884952858265
SLC39A3	0.672745602694723
SLC39A2	0.764334413991476
SLC2A8	0.963087641236575
OBP2B	0.963087641236575
GZMH	0.764334413991476
PILRB	1.17037000361717
OBP2A	0.963087641236575
PILRA	1.17037000361717
PACSIN1	1.04825237769963
BAZ2B	1.00240700458938
LMCD1	0.720410490708883
NOP53	1.24196546098975
BICRA	1.24196546098975
FSCN3	1.17978731315435
A2MP1	1.02278665752541
ACAA1	0.720410490708883
GUCY2D	0.749723017917101
TNPO2	0.71650131047893
ERO1A	0.764334413991476
EFEMP2	1.07884952858265
TBX21	1.00518177247207
GZMA	0.981327424359639
NXPH1	0.932380436661844
SH3KBP1	0.961550425812295
TLX3	0.981327424359639
GZMB	0.764334413991476
GZMK	0.981327424359639
GZMM	0.681558751293874
H1F0	0.720285108111023
HIST1H1C	1.12568358502349
SLC40A1	0.970894155693591
RAX	0.729564863856545
HIST1H1D	1.12568358502349
HIST1H1E	1.12568358502349
HIST1H1B	1.12568358502349
ANXA1	0.975901197514351
HIST1H1T	1.12568358502349
HIST1H2AE	1.12568358502349
HIST1H2AD	1.12568358502349
H2AFX	1.0798977924045
H2AFZ	0.982841762389136
HIST1H2BD	1.12568358502349
HIST1H2BB	1.12568358502349
ANXA2	1.13133433617156
H3F3A	0.991375931347093
H3F3B	0.986809853654872
HIST1H1A	1.12568358502349
HABP2	0.97891388353545
HSD17B10	0.971983922050255
HAGH	0.98246487716107
ANXA2P1	0.983733746955767
HADHA	1.01202671490066
HADHB	1.01202671490066
HADH	0.982841762389136
HAL	1.01423100355274
HARS	0.981327424359639
HAS1	1.25334885646717
HAS2	2.05039341266889
HAS3	0.971089603767894
HBA1	0.98280619354904
ANXA2P2	0.952713287730748
HBA2	0.98280619354904
HBM	0.98280619354904
HBB	1.07884952858265
HBBP1	1.07884952858265
HBD	1.07884952858265
HBE1	1.07884952858265
HBG1	1.07884952858265
HBG2	1.07884952858265
HBQ1	0.98280619354904
ANXA2P3	0.979753098033958
HBZ	0.98280619354904
HCCS	0.681263242067964
SERPIND1	1.65854047521834
HCFC1	1.21583421531377
HCK	1.3428247635557
HCLS1	1.19833272410156
ANXA3	0.982841762389136
HCRT	1.00518177247207
HCRTR1	0.982951932690122
HCRTR2	1.04825237769963
HTT	0.982841762389136
HDAC1	0.982951932690122
HDAC2	0.94270636541698
HDC	1.15942294495005
HDGF	0.982951932690122
HDLBP	0.966350804585467
ANXA4	1.00240700458938
HELLS	0.97891388353545
NCKAP1L	1.01423100355274
HEXA	1.13133433617156
HEXB	0.981327424359639
CFH	0.991375931347093
HFE	1.12568358502349
CFHR1	0.991375931347093
ANXA5	0.982841762389136
CFHR2	0.991375931347093
HGD	1.19833272410156
HUNK	0.71893801338487
SOX8	0.98246487716107
VSX1	1.01794118838271
PLA2G2E	0.982951932690122
ST6GALNAC6	0.963087641236575
ERVW-1	1.17037000361717
ADGRE2	0.71650131047893
KCNIP3	1.00240700458938
KCNIP2	0.97891388353545
HGF	1.17037000361717
KCNIP1	0.981327424359639
CXXC1	0.729564863856545
HGFAC	0.982841762389136
ZNF354C	0.981327424359639
NT5C	0.986809853654872
ZNRD1	1.12568358502349
CD209	0.704151138682422
DNTTIP2	0.982951932690122
SOCS7	1.48826986994562
NRG1	0.416558022388397
EHD4	1.15942294495005
EHD3	1.01202671490066
EHD2	1.24196546098975
CTAG2	1.15404773795701
PIK3R4	0.986056538996622
CDR2L	0.986809853654872
TAX1BP3	0.7295394616866
HHEX	0.97891388353545
ANXA6	0.981327424359639
HIC1	0.7295394616866
HIF1A	0.764334413991476
HIP1	1.17037000361717
UBE2K	0.982841762389136
HINT1	0.981327424359639
HIVEP1	1.12568358502349
STOML2	0.952713287730748
HIVEP2	0.94270636541698
HK1	0.979753098033958
HK2	1.00240700458938
ACACA	1.48826986994562
ANXA7	0.97891388353545
HK3	0.981327424359639
ZBTB48	0.969343795308908
HLA-A	1.12568358502349
HLA-B	1.04825237769963
HLA-C	1.04825237769963
HLA-DMA	1.04825237769963
HLA-DMB	1.04825237769963
ANXA11	0.97891388353545
MNX1	1.08695203854043
HLA-DOA	1.04825237769963
HLA-DOB	1.04825237769963
HLA-DPA1	1.04825237769963
HLA-DPB1	1.04825237769963
HLA-DPB2	1.04825237769963
HLA-DQA1	1.04825237769963
HLA-DQA2	1.04825237769963
HLA-DQB1	1.04825237769963
ANXA13	2.05039341266889
HLA-DQB2	1.04825237769963
HLA-DRA	1.04825237769963
HLA-DRB1	1.04825237769963
HLA-DRB5	1.04825237769963
HLA-DRB6	1.04825237769963
AOAH	1.17037000361717
HLF	1.00518177247207
HLA-E	1.04825237769963
HLA-F	1.12568358502349
HLA-G	1.12568358502349
HLA-H	1.12568358502349
HLA-J	1.12568358502349
HLA-L	1.12568358502349
AOC2	1.00518177247207
MR1	0.991375931347093
HLCS	0.71893801338487
HLX	0.991375931347093
HMBS	1.0798977924045
HMGB1	1.33645054467716
HMGB2	0.716789838124403
HMGB3	1.12011520828342
HMGN1	0.71893801338487
HMGN2	0.982951932690122
HMGCL	0.982951932690122
HMGCR	0.981327424359639
HMGCS1	1.19567882225115
HMGCS2	0.982951932690122
HMGA1	1.04825237769963
AOX1	0.970894155693591
HMMR	0.981327424359639
HMOX1	0.720285108111023
HMOX2	0.98246487716107
NR4A1	1.01423100355274
HMX1	0.982841762389136
HMX2	0.96610428515749
FOXA1	0.764334413991476
APAF1	1.01423100355274
FOXA2	1.01794118838271
FOXA3	1.24196546098975
HNF4A	1.3428247635557
HNF4G	1.01569444866679
ONECUT1	1.15942294495005
HNMT	1.00240700458938
NOP14-AS1	0.982841762389136
EIF4E3	0.723578923483452
FAM149B1	0.979753098033958
RFESD	0.981327424359639
SLC29A2	1.07884952858265
VN1R2	1.25334885646717
VN1R3	0.98246487716107
VN1R4	1.25334885646717
VN1R5	1.02169470476617
BPIFA4P	1.3428247635557
KLHL10	1.00518177247207
DHRS4L2	0.764334413991476
MESTIT1	1.17978731315435
POTED	0.71893801338487
ADAM20P1	0.764334413991476
C14orf39	0.764334413991476
CCDC85C	0.764334413991476
HIST2H2AB	0.982951932690122
DDX51	1.01423100355274
HNRNPA1	1.01423100355274
NUDT2	0.952713287730748
HNRNPA2B1	1.17037000361717
HNRNPAB	0.981327424359639
HNRNPC	0.764334413991476
HNRNPD	0.982841762389136
HNRNPF	0.979753098033958
HNRNPH1	0.981327424359639
HNRNPH2	0.971983922050255
HNRNPH3	0.979753098033958
APOF	1.01423100355274
HNRNPK	0.975901197514351
ITPK1-AS1	0.764334413991476
TTC6	0.764334413991476
HNRNPL	1.24196546098975
TAAR6	0.94270636541698
KRT73	1.01423100355274
SNORD8	0.764334413991476
SNORD56B	0.764334413991476
HNRNPU	1.02169470476617
TLX1	0.97891388353545
TLX2	1.00240700458938
HOXA1	1.17037000361717
HOXA2	1.17037000361717
ACACB	1.01423100355274
APBA1	0.975901197514351
HOXA3	1.17037000361717
HOXA4	1.17037000361717
HOXA5	1.17037000361717
HOXA6	1.17037000361717
HOXA7	1.17037000361717
HOXA9	1.17037000361717
HOXA10	1.17037000361717
HOXA11	1.17037000361717
HPCA	0.982951932690122
HOXA13	1.17037000361717
APBA2	1.15942294495005
HOXB1	1.00518177247207
HOXB2	1.00518177247207
HOXB3	1.00518177247207
HOXB4	1.00518177247207
HOXB5	1.00518177247207
HOXB6	1.00518177247207
HOXB7	1.00518177247207
HOXB8	1.00518177247207
HOXB9	1.00518177247207
APBB1	1.07884952858265
HOXC4	1.01423100355274
HOXC5	1.01423100355274
HOXC6	1.01423100355274
HOXC8	1.01423100355274
HOXC9	1.01423100355274
HOXC10	1.01423100355274
HOXC11	1.01423100355274
HOXC12	1.01423100355274
HOXC13	1.01423100355274
APBB2	0.982841762389136
HOXD1	0.970894155693591
HOXD3	0.970894155693591
HOXD4	0.970894155693591
HOXD8	0.970894155693591
HOXD9	0.970894155693591
HOXD10	0.970894155693591
HOXD11	0.970894155693591
HOXD12	0.970894155693591
HOXD13	0.970894155693591
APC	0.981327424359639
HP	0.971089603767894
HPCAL1	1.01202671490066
HPD	1.01423100355274
HPGD	0.716789838124403
HPN	1.24196546098975
APCS	0.982951932690122
HPR	0.971089603767894
HPRT1	0.971983922050255
HPS1	0.97891388353545
AIRE	0.717899370570668
HPX	1.07884952858265
ZAR1	0.982841762389136
ADGRE4P	0.704151138682422
MT1DP	0.98246487716107
HRAS	1.07884952858265
ERAS	1.0526427280961
RAB37	0.986809853654872
MMAB	1.01423100355274
AGFG1	0.970894155693591
AGFG2	1.17037000361717
HRH1	0.720410490708883
APEH	0.730118323494498
HRC	1.24196546098975
HRG	1.03734056701319
HRH2	0.981327424359639
PRMT2	0.696368907296711
PRMT1	1.24196546098975
SERPINA9	0.764334413991476
APEX1	0.764334413991476
HES1	1.03734056701319
HSBP1	0.971089603767894
HSD3B1	0.982951932690122
HSD3B2	0.982951932690122
BIRC2	1.0798977924045
HSD11B1	0.991375931347093
HSD11B2	0.971089603767894
HSD17B1	1.00518177247207
HSD17B3	0.970815788272126
HSD17B2	0.971089603767894
HSD17B4	0.981327424359639
HSF1	1.02360093995737
HSF2	0.94270636541698
HSF4	0.971089603767894
ACADL	0.970894155693591
BIRC3	1.0798977924045
DNAJB2	0.970894155693591
DNAJA1	0.952713287730748
HSPA1A	1.04825237769963
HSPA1B	1.04825237769963
HSPA1L	1.04825237769963
HSPA2	0.764334413991476
HSPA4	0.981327424359639
HSPA5	0.963087641236575
XIAP	0.971983922050255
HSPA6	0.982951932690122
HSPA7	0.000347344216777234
HSPA8	1.0798977924045
HSPA9	0.981327424359639
HSPB1	1.17037000361717
HSPB2	1.0798977924045
BIRC5	0.986809853654872
HSP90AA1	0.771082865073358
IGSF3	0.982951932690122
HSP90AB1	1.04825237769963
HSPD1	0.970894155693591
APLP1	1.24196546098975
HSPE1	0.970894155693591
DNAJB1	0.71650131047893
DNAJC4	1.07884952858265
HSPG2	0.982951932690122
PPM1J	0.982951932690122
SNAI3	0.971089603767894
APLP2	1.0798977924045
NDST1	0.981327424359639
FOXN2	1.00240700458938
HTN1	0.982841762389136
HTN3	0.982841762389136
APOA1	1.0798977924045
HTR1A	0.981327424359639
HTR1B	0.94270636541698
HTR1D	0.982951932690122
HTR1E	0.94270636541698
HTR1F	0.434078096558972
HTR2A	1.16077440404817
HTR2B	0.970894155693591
HTR2C	0.971983922050255
HTR3A	1.0798977924045
APOA2	0.982951932690122
HTR4	0.981327424359639
HTR5A	1.24449465772
HTR6	0.982951932690122
HTR7	0.97891388353545
HUS1	1.17037000361717
APOA4	1.0798977924045
TNC	0.963087641236575
HYAL1	0.730118323494498
IAPP	1.24074736084
IARS	0.975901197514351
UBAC2	1.16077440404817
HIST2H2BC	0.982951932690122
HIST2H2BA	0.982951932690122
CHSY3	0.981327424359639
KRTAP7-1	0.71893801338487
KRTAP8-1	0.71893801338487
KRTAP11-1	0.71893801338487
KRTAP19-1	0.71893801338487
KRTAP13-2	0.71893801338487
KRTAP13-3	0.71893801338487
KRTAP23-1	0.71893801338487
KRTAP6-1	0.71893801338487
KRTAP6-2	0.71893801338487
KRTAP6-3	0.71893801338487
KRTAP19-2	0.71893801338487
KRTAP19-3	0.71893801338487
KRTAP19-4	0.71893801338487
KRTAP19-5	0.71893801338487
KRTAP19-6	0.71893801338487
KRTAP19-7	0.71893801338487
KRTAP20-1	0.71893801338487
KRTAP20-2	0.71893801338487
KRTAP21-1	0.71893801338487
KRTAP21-2	0.71893801338487
KRTAP22-1	0.71893801338487
KRTAP20-3	0.71893801338487
APOB	1.01202671490066
LINC00524	0.764334413991476
LINC00226	1.00423569973179
LINC00221	1.00423569973179
ST7-OT4	1.17978731315435
FAM151A	0.982951932690122
IBSP	0.982841762389136
ICA1	0.932380436661844
ICAM1	0.704151138682422
NLRP9	1.25334885646717
NLRP10	1.07884952858265
NLRP14	1.07884952858265
S100A7A	0.982951932690122
GPIHBP1	1.02360093995737
CLEC4D	1.02278665752541
IFNE	0.952713287730748
RAB7B	0.991375931347093
HIST2H2BB	0.982951932690122
TAS2R60	1.17978731315435
ICAM2	1.00518177247207
SNORD108	1.15942294495005
SNORD109A	1.15942294495005
SNORD109B	1.15942294495005
SNORD115-1	1.15942294495005
BLACE	1.08695203854043
ANO9	1.07884952858265
HCAR2	1.01423100355274
ICAM3	0.704151138682422
FFAR4	0.97891388353545
KCNK18	0.96610428515749
ANKRD30BP3	0.979753098033958
LINC00705	0.979753098033958
ST8SIA6	0.979753098033958
DUPD1	0.97891388353545
ICAM4	0.704151138682422
LUZP2	1.07884952858265
KRTAP5-AS1	1.07884952858265
KCNQ1-AS1	1.07884952858265
CCDC84	1.0798977924045
TMEM225	1.0798977924045
OR8D4	1.0798977924045
VSIG10L2	1.0798977924045
OR5F1	1.07884952858265
OR5AP2	1.07884952858265
ANKRD13D	1.07884952858265
LOC338694	1.07884952858265
ANKRD42	1.0798977924045
B4GALNT4	1.07884952858265
CSTF3-DT	1.07884952858265
OR52L1	1.07884952858265
OR2AG2	1.07884952858265
ATP2B1-AS1	1.01423100355274
C1QL4	1.01423100355274
TMEM119	1.01423100355274
KRT79	1.01423100355274
LINC02370	1.01423100355274
LINC01089	1.01423100355274
C12orf74	1.01423100355274
TAFA2	1.01423100355274
LINC01252	1.02278665752541
SLCO1B7	1.24074736084
LINC00550	1.16077440404817
LINC00347	1.16077440404817
C1QTNF9	1.33645054467716
RNASE10	0.764334413991476
VSX2	0.764334413991476
TMEM202	1.13133433617156
LOC338963	1.13133433617156
APOBEC1	1.02278665752541
WHAMMP3	1.15942294495005
PKD1P1	0.98246487716107
LOC339059	0.971089603767894
PRSS53	0.98246487716107
RAB43	1.19833272410156
JMJD8	0.98280619354904
FAM92B	0.971089603767894
LOC339166	0.749723017917101
TMEM95	0.749723017917101
METTL2A	1.00518177247207
CCDC144NL	0.749723017917101
LOC339192	1.00518177247207
ASB16-AS1	1.00518177247207
C17orf67	1.00518177247207
ENPP7	0.986809853654872
OXLD1	0.986809853654872
CCDC137	0.986809853654872
ARL16	0.986809853654872
KRT17P5	0.749723017917101
KRT17P2	0.749723017917101
NOS2P3	0.749723017917101
LOC339260	0.749723017917101
LINC02693	0.749723017917101
MSL1	1.00518177247207
LINC00667	1.15931082987001
LRRC30	1.15931082987001
LOC339298	0.729564863856545
CPLX4	0.729564863856545
ZNF181	1.24196546098975
ZNF260	1.24196546098975
ZNF546	1.24196546098975
MYPOP	1.24196546098975
NANOS2	1.24196546098975
ADAMTSL5	0.672745602694723
CLEC4G	0.704151138682422
LINGO4	0.982951932690122
IRF8	0.971089603767894
FLG-AS1	0.982951932690122
RXFP4	0.982951932690122
ANKRD45	0.991375931347093
LINC01343	0.982951932690122
C1orf174	0.969343795308908
KLHL17	0.969343795308908
TMEM240	0.969343795308908
TMEM52	0.969343795308908
BRINP3	0.991375931347093
MTMR9LP	0.982951932690122
ZBTB8OS	0.982951932690122
TFAP2E	0.982951932690122
ZNF678	0.991375931347093
PRSS38	0.991375931347093
LINC01141	0.982951932690122
CCDC190	0.991375931347093
LINC01140	0.982951932690122
LOC339529	1.02169470476617
LINC01139	1.02169470476617
LOC339539	0.982951932690122
ARMH1	0.982951932690122
ZFP69	0.982951932690122
LINC01734	1.3428247635557
LOC339593	1.01794118838271
MRPL58	0.986809853654872
LINC01692	0.71893801338487
SLC35E4	0.720285108111023
LOC339666	0.720285108111023
TEX33	0.720285108111023
LINC00634	0.720285108111023
LOC339685	0.705191761652427
ID1	1.3428247635557
FAM201B	1.00240700458938
SPOPL	1.00240700458938
MAP3K20-AS1	0.970894155693591
CYP27C1	1.00240700458938
MROH2A	0.970894155693591
ESPNL	0.979447512570108
C2orf70	1.01202671490066
PRR30	1.01202671490066
LINC00298	1.01202671490066
LINC00299	1.01202671490066
ID2	1.01202671490066
LOC339803	1.00240700458938
C2orf74	1.00240700458938
LINC02579	1.00240700458938
LINC01115	1.01202671490066
CCDC39	1.03734056701319
CCDC36	0.730118323494498
KY	0.986056538996622
LOC339862	0.720410490708883
LOC339874	0.986056538996622
C3orf35	0.720410490708883
LINC00880	1.06598575216065
GADL1	0.720410490708883
ID3	0.982951932690122
LOC339902	0.730118323494498
PRSS42P	0.730118323494498
EHHADH-AS1	1.03734056701319
LPP-AS2	1.03734056701319
H1FX-AS1	1.19833272410156
CCDC158	0.982841762389136
TMPRSS11A	0.982841762389136
LOC339975	1.00182064735938
TRIML1	1.00182064735938
LRRC66	0.982841762389136
LINC02260	0.982841762389136
NAT8L	0.982841762389136
LINC002481	0.982841762389136
ACADM	0.982951932690122
ID4	1.12568358502349
LINC02433	0.716789838124403
SLC6A19	1.19567882225115
PRR7-AS1	0.981327424359639
TMEM173	0.981327424359639
FAM170A	0.981327424359639
C5orf66-AS2	0.981327424359639
LINC01959	0.981327424359639
ARSI	0.981327424359639
LOC340090	0.981327424359639
LINC01020	1.19567882225115
LINC02239	1.19567882225115
LINC02120	1.19567882225115
ANKRD34B	0.981327424359639
SLC35D3	0.94270636541698
ZC3H12D	0.749110827107011
MYLK4	1.12568358502349
DPPA5	0.94270636541698
IFITM4P	1.12568358502349
CLPSL1	1.04825237769963
TREML1	1.04825237769963
TREML3P	1.04825237769963
ZNF680	1.17037000361717
UNCX	1.10834731360131
COL28A1	1.10834731360131
ABCB5	0.932380436661844
FAM221A	1.17037000361717
FAM183BP	1.17037000361717
CTAGE6	1.17978731315435
TSPAN33	1.17978731315435
AGBL3	1.17978731315435
LOC340357	0.433694208344174
KLHL38	2.05039341266889
NRBP2	1.02360093995737
ZNF517	1.02360093995737
WDR97	1.02360093995737
TMEM249	1.02360093995737
RSPO2	1.0381909863396
POTEA	0.416558022388397
ZDHHC21	0.952713287730748
ACER2	0.952713287730748
GAS2L1P2	0.970815788272126
LOC340512	0.963087641236575
LINC01501	0.975901197514351
RTL5	0.971983922050255
NHSL2	0.971983922050255
PABPC1L2A	0.971983922050255
NEXMIF	0.971983922050255
BEX5	0.971983922050255
TCEAL5	0.971983922050255
MORF4L2-AS1	0.971983922050255
VSIG1	0.971983922050255
ZC3H12B	0.971983922050255
SATL1	0.971983922050255
DCAF12L2	0.971983922050255
LINC02243	0.971983922050255
CA5BP1	0.681263242067964
RTL4	0.971983922050255
LHFPL1	0.971983922050255
EZHIP	0.971983922050255
LIPM	0.97891388353545
CYP26C1	0.97891388353545
VWA2	0.97891388353545
NANOS1	0.96610428515749
LRIT2	0.97891388353545
HMX3	0.96610428515749
AKR1C8P	0.979753098033958
MALRD1	0.979753098033958
EBLN1	0.979753098033958
OR52B6	1.07884952858265
OTOG	1.07884952858265
APOC1	1.24196546098975
DCDC1	1.07884952858265
C11orf53	1.0798977924045
LOC341056	1.0798977924045
MS4A10	1.07884952858265
OR2AT4	1.0798977924045
HEPHL1	1.0798977924045
OR10A2	1.07884952858265
OVCH2	1.07884952858265
SMCO2	1.24074736084
OVCH1	1.24074736084
SYT10	1.24074736084
ACSM4	1.02278665752541
ANKRD33	1.01423100355274
OR6C2	1.01423100355274
OR6C4	1.01423100355274
H1FNT	1.01423100355274
OR8S1	1.01423100355274
IDE	0.97891388353545
FREM2	1.16077440404817
NEK5	1.16077440404817
IDH1	0.970894155693591
OR6S1	0.764334413991476
IDH2	1.13133433617156
SLC35F4	0.764334413991476
LRRC9	0.764334413991476
IDH3A	1.13133433617156
COX8C	0.764334413991476
APOC1P1	1.24196546098975
IDH3B	1.01794118838271
GLDN	1.15942294495005
GOLGA6A	1.13133433617156
IDH3G	1.21583421531377
TMC3	1.13133433617156
ZNF774	1.13133433617156
FMN1	1.15942294495005
IDI1	0.979753098033958
IDS	1.07534151737943
C16orf96	0.98246487716107
ZKSCAN2	0.98246487716107
ATXN1L	0.971089603767894
PKD1L3	0.971089603767894
IDUA	0.982841762389136
CD300E	0.986809853654872
SMTNL2	0.7295394616866
NACA2	1.00518177247207
KRT27	1.00518177247207
CFI	0.982841762389136
SLFN14	1.48826986994562
LRRC37A11P	1.00518177247207
STAC2	1.00518177247207
IFI16	0.982951932690122
ANKRD62	1.15931082987001
VSTM2B	0.71650131047893
ZNF850	1.24196546098975
NCCRP1	1.24196546098975
SYCN	1.24196546098975
IFI27	0.764334413991476
LEUTX	1.24196546098975
ZNF404	1.24196546098975
ZNF284	1.24196546098975
C19orf81	1.24196546098975
ZNF677	1.25334885646717
RFPL4A	1.25334885646717
ZSCAN5B	1.25334885646717
ZSCAN22	1.25334885646717
NANOS3	0.71650131047893
PALM3	0.71650131047893
AQP8	0.98246487716107
IFI35	1.00518177247207
RD3	0.991375931347093
LOC343052	0.982951932690122
AADACL4	0.969343795308908
PRAMEF5	0.969343795308908
HNRNPCL1	0.969343795308908
PRAMEF9	0.969343795308908
PRAMEF10	0.969343795308908
CCDC18	0.982951932690122
SP110	0.970894155693591
OR6F1	1.02169470476617
OR14K1	1.02169470476617
OR2W3	1.02169470476617
OR2T8	1.02169470476617
OR2T3	1.02169470476617
MYBPHL	0.982951932690122
IFIT2	0.97891388353545
IFIT1	0.97891388353545
OR10R2	0.982951932690122
FCRL6	0.982951932690122
KCNT2	0.991375931347093
BARHL2	0.982951932690122
NBPF7	0.982951932690122
TCTEX1D4	0.982951932690122
OR2T29	1.02169470476617
ARHGAP40	1.3428247635557
RSPO4	1.04060686127253
TGM6	1.04060686127253
IFIT3	0.97891388353545
XKR7	1.3428247635557
IFNA1	0.952713287730748
MSGN1	1.01202671490066
KIAA1211L	1.00240700458938
APOC2	1.24196546098975
IFNA2	0.952713287730748
FIGLA	1.00240700458938
NOTO	1.00240700458938
IFNA4	0.952713287730748
NCKAP5	1.00240700458938
FOXI3	1.00240700458938
EVX2	0.970894155693591
IFNA5	0.952713287730748
IFNA6	0.952713287730748
CDKL4	1.00240700458938
IFNA7	0.952713287730748
PRORSD1P	1.00240700458938
IFNA8	0.952713287730748
SH3RF3	1.00240700458938
GPR148	1.00240700458938
DUBR	1.19833272410156
IFNA10	0.952713287730748
LRRIQ4	1.2087165663813
SAMD7	1.2087165663813
IFNA13	0.952713287730748
AADACL2	1.06598575216065
GPR149	1.06598575216065
ZNF860	0.720410490708883
IFNA14	0.952713287730748
TMPRSS7	1.19833272410156
CD200R1L	1.19833272410156
PAQR9	0.986056538996622
COL6A4P1	0.720410490708883
NMRAL2P	1.03734056701319
RTP2	1.03734056701319
IFNA16	0.952713287730748
OSTN	1.03734056701319
ATP13A5	1.03734056701319
LOC344967	0.982841762389136
APOC3	1.0798977924045
REELD1	0.708330872516
PRSS48	0.983733746955767
SOWAHB	0.982841762389136
IFNA17	0.952713287730748
LRIT3	0.982841762389136
IFNA21	0.952713287730748
MSANTD1	0.982841762389136
SLC10A6	0.982841762389136
HSD17B13	0.982841762389136
IFNA22P	0.952713287730748
IFNAR1	0.71893801338487
PFN3	0.981327424359639
ZNF879	0.981327424359639
IFNAR2	0.71893801338487
PLCXD3	1.19567882225115
IFNB1	0.952713287730748
IRGM	0.981327424359639
FBLL1	0.981327424359639
MCIDAS	0.981327424359639
ACTBL2	0.981327424359639
FAM174A	0.981327424359639
MTX3	0.981327424359639
IFNG	1.01423100355274
RSPH4A	0.94270636541698
IFNGR1	0.94270636541698
ECT2L	0.94270636541698
APOC4	1.24196546098975
IFNGR2	0.71893801338487
EYS	0.94270636541698
ZNF391	1.12568358502349
ZFP57	1.12568358502349
SEPTIN14	1.17037000361717
MACC1	0.932380436661844
OR6V1	1.17978731315435
OR2A12	1.17978731315435
GNAT3	1.17037000361717
MOGAT3	1.17978731315435
FAM71F2	1.17978731315435
STRA8	1.17978731315435
KLRG2	1.17978731315435
IFNW1	0.952713287730748
APOD	1.03734056701319
SLC10A5	1.01569444866679
SPATA31D5P	0.975901197514351
QRFP	0.963087641236575
OR1J1	0.963087641236575
OR1B1	0.963087641236575
KIF24	0.952713287730748
IGFBPL1	0.709018617651733
CAVIN4	0.963087641236575
ZNF81	1.0526427280961
ITIH6	0.971983922050255
LANCL3	0.742060425418264
MPC1L	0.742060425418264
DCAF8L2	0.742060425418264
SOWAHD	0.971983922050255
OR13H1	0.971983922050255
CCDC160	0.971983922050255
CXorf66	0.971983922050255
IFRD1	1.17978731315435
DGAT2L6	0.971983922050255
RAB41	0.971983922050255
ARSH	0.681263242067964
MAGEB5	0.742060425418264
CENPVL3	0.971983922050255
IGBP1	0.971983922050255
SNORD64	1.15942294495005
TUBB8	0.979753098033958
SOX2-OT	1.03734056701319
ECEL1P2	0.970894155693591
USP32P3	0.749723017917101
LRRTM1	1.00240700458938
LRRTM3	0.979753098033958
CATSPER3	0.981327424359639
TUBB2B	1.12568358502349
SLC35B2	1.04825237769963
SERINC2	0.982951932690122
NME9	0.986056538996622
OTOP3	0.986809853654872
C6orf52	1.12568358502349
PWAR4	1.15942294495005
PWARSN	1.15942294495005
TBX10	1.07884952858265
GATD1	1.07884952858265
IGF1	1.01423100355274
AMIGO2	1.01423100355274
EP400P1	1.01423100355274
APOE	1.24196546098975
IGF1R	1.13133433617156
TMEM255B	1.16077440404817
LINC00442	1.33645054467716
RBPMS2	1.13133433617156
ANKDD1A	1.13133433617156
IGF2	1.07884952858265
ARPIN	1.13133433617156
LINC01193	1.15942294495005
ACSM2B	0.98246487716107
CLEC18A	0.971089603767894
CTU2	0.971089603767894
IGF2R	0.749110827107011
SKA2	1.00518177247207
CCL15-CCL14	1.48826986994562
CCDC144CP	0.749723017917101
MCRIP1	0.986809853654872
IGFALS	0.98246487716107
SELENOV	1.24196546098975
ZNF530	1.25334885646717
SHISAL2A	0.982951932690122
IGFBP1	1.17037000361717
FAM131C	0.982951932690122
IGFBP2	0.970894155693591
IGFBP3	1.17037000361717
C22orf34	0.705191761652427
GEN1	1.01202671490066
IGFBP4	1.00518177247207
C2orf48	1.01202671490066
FTCDNL1	0.970894155693591
SPATA3-AS1	0.970894155693591
WDR53	1.03734056701319
IGFBP5	0.970894155693591
LNP1	1.19833272410156
CFAP100	1.19833272410156
NPHP3-AS1	0.986056538996622
TPRXL	0.720410490708883
ANKRD18DP	1.03734056701319
IGFBP6	1.01423100355274
FAM86EP	0.982841762389136
SLC6A18	1.19567882225115
NIPAL4	0.981327424359639
HCN1	1.19567882225115
NUP43	0.749110827107011
IGFBP7	0.982841762389136
ZNF713	1.17037000361717
CCN1	0.982951932690122
LINC00265	1.17037000361717
WDR86	1.24449465772
GJC3	1.17037000361717
DPY19L2P2	1.17978731315435
LOC349160	1.17978731315435
LINC00965	7.87347220630947e-06
FOXD4L4	0.975901197514351
TLR8-AS1	0.681263242067964
NMNAT3	0.986056538996622
PLET1	1.0798977924045
RTN4RL2	1.07884952858265
ACADS	1.01423100355274
APOH	1.45235253680058
GPR142	0.986809853654872
IGHMBP2	1.07884952858265
APP	0.71893801338487
JCHAIN	0.982841762389136
RBPJ	0.982841762389136
DNAAF3	1.25334885646717
CASTOR3	1.17037000361717
HCG26	1.04825237769963
HLA-V	1.12568358502349
HCP5B	1.12568358502349
C6orf58	0.94270636541698
APRT	0.971089603767894
ZNF429	0.71650131047893
RAET1G	0.749110827107011
RILPL1	1.01423100355274
LCE1A	0.982951932690122
LCE1B	0.982951932690122
LCE1C	0.982951932690122
LCE1D	0.982951932690122
LCE1E	0.982951932690122
LCE1F	0.982951932690122
LCE2A	0.982951932690122
LCE2C	0.982951932690122
LCE2D	0.982951932690122
LCE3A	0.982951932690122
LCE3B	0.982951932690122
LCE3C	0.982951932690122
LCE3E	0.982951932690122
TBC1D26	0.749723017917101
TAS2R42	1.02278665752541
ZACN	0.986809853654872
SLCO4C1	0.981327424359639
KAAG1	1.12568358502349
PADI6	0.982951932690122
ZNF445	0.730118323494498
KRT26	1.00518177247207
RGSL1	0.991375931347093
ANKRD37	0.716789838124403
KRTAP12-2	0.696368907296711
SPATA12	0.730118323494498
KRTAP12-1	0.696368907296711
KRTAP10-10	0.696368907296711
GPR141	1.17037000361717
ZNF233	1.24196546098975
TICAM2	0.981327424359639
POLN	0.982841762389136
BMP8A	0.982951932690122
LILRA5	1.25334885646717
KLK3	1.24196546098975
IGLL1	0.730447216884634
IGSF1	0.971983922050255
IHH	0.970894155693591
FAS	0.97891388353545
IK	0.981327424359639
IKBKB	0.416558022388397
IL1A	1.00240700458938
IL1B	1.00240700458938
IL1R1	1.00240700458938
IL1RAP	1.03734056701319
IL1RN	1.00240700458938
IL2	0.982841762389136
IL2RA	0.979753098033958
FASLG	0.991375931347093
IL2RB	0.720285108111023
IL2RG	0.971983922050255
IL3	0.981327424359639
IL3RA	0.681263242067964
IL4	0.981327424359639
IL4R	0.98246487716107
IL5	0.981327424359639
IL5RA	0.720410490708883
IL6	1.17037000361717
SHROOM2	0.681263242067964
IL6R	0.982951932690122
IL6ST	0.981327424359639
IL7	1.01569444866679
IL7R	1.19567882225115
CXCL8	0.982841762389136
CXCR1	0.970894155693591
IL9	0.981327424359639
CXCR2	0.970894155693591
AQP1	1.17037000361717
CXCR2P1	0.970894155693591
IL10	0.991375931347093
IL10RA	1.0798977924045
IL10RB	0.71893801338487
IL11	1.25334885646717
AQP2	1.01423100355274
IL11RA	0.952713287730748
IL12A	1.06598575216065
IL12B	0.981327424359639
IL12RB1	0.71650131047893
IL12RB2	0.982951932690122
IL13	0.981327424359639
IL13RA1	0.971983922050255
BPIFB3	1.3428247635557
DPPA3	1.02278665752541
IL13RA2	0.971983922050255
PCNAP1	0.982841762389136
PEG13	2.05039341266889
MRPL42P5	1.15942294495005
KCNIP4-IT1	0.982841762389136
RFLNB	0.7295394616866
IRF2BP2	1.02169470476617
ACADSB	0.96610428515749
AQP3	0.952713287730748
IL15	0.982841762389136
ZBTB41	0.991375931347093
NANOGNB	1.02278665752541
IL15RA	0.979753098033958
FKBP9P1	1.17037000361717
CYCSP52	0.982951932690122
TMPRSS9	0.672745602694723
GLT6D1	0.963087641236575
PRAC2	1.00518177247207
PRSS41	0.98246487716107
IL16	1.13133433617156
TNFRSF9	0.969343795308908
IL17A	1.04825237769963
IL18	1.0798977924045
FOXK2	0.986809853654872
ILF2	0.982951932690122
ILF3	0.704151138682422
AQP4	0.729564863856545
ILK	1.07884952858265
IMPA1	1.01569444866679
IMPA2	1.15931082987001
IMPDH1	1.17978731315435
IMPDH2	0.730118323494498
IMPG1	0.94270636541698
INCENP	1.07884952858265
AQP5	1.01423100355274
IDO1	0.416558022388397
ING1	1.16077440404817
ING2	0.716789838124403
INHA	0.970894155693591
INHBA	1.17037000361717
INHBB	1.00240700458938
INHBC	1.01423100355274
CXCL10	0.982841762389136
INPP1	0.970894155693591
AQP6	1.01423100355274
INS	1.07884952858265
INPP4A	1.00240700458938
INPP5A	0.96610428515749
INPP5B	0.982951932690122
INPP5D	0.970894155693591
INPPL1	1.07884952858265
INSIG1	1.24449465772
AQP7	0.952713287730748
INSL3	0.71650131047893
INSL4	0.952713287730748
INSM1	1.01794118838271
INSR	0.704151138682422
INSRR	0.982951932690122
EIF3E	1.0381909863396
PDX1	1.33645054467716
IPP	0.982951932690122
IPW	1.15942294495005
IRAK1	1.21583421531377
ITGA6	0.970894155693591
IRAK2	0.720410490708883
IREB2	1.13133433617156
IRF1	0.981327424359639
AQP9	1.13133433617156
IRF2	0.716789838124403
IRF3	1.24196546098975
IRF4	1.12568358502349
IRF5	1.17978731315435
IRF6	0.991375931347093
IRF7	1.07884952858265
IRS1	0.970894155693591
ISG20	1.13133433617156
AR	0.971983922050255
ISL1	1.19567882225115
ISLR	1.13133433617156
ITGA1	1.19567882225115
ITGA2	1.19567882225115
ITGA2B	1.00518177247207
ITGA3	1.00518177247207
ITGA4	0.970894155693591
ITGA5	1.01423100355274
ITGA7	1.01423100355274
ABCC6	0.98246487716107
ITGA9	0.720410490708883
ITGAD	0.98246487716107
ITGAE	0.7295394616866
ITGAL	0.98246487716107
ITGAM	0.98246487716107
ITGAV	0.970894155693591
ITGAX	0.98246487716107
ITGB1	0.979753098033958
ITGB2	0.696368907296711
ARAF	1.0526427280961
ITGB3	1.00518177247207
ITGB4	0.986809853654872
EIF6	1.3428247635557
ITGB5	1.19833272410156
ITGB6	1.00240700458938
ITGB7	1.01423100355274
ITGB8	0.932380436661844
ITIH1	0.730118323494498
ITIH2	0.979753098033958
ITIH3	0.730118323494498
ACADVL	0.749723017917101
ITIH4	0.730118323494498
ITK	0.981327424359639
STT3A	1.0798977924045
ITPA	1.01794118838271
ITPK1	0.764334413991476
ITPKA	1.15942294495005
ITPKB	0.991375931347093
ITPR1	0.720410490708883
ITPR2	1.24074736084
ITPR3	1.04825237769963
IVD	1.15942294495005
IVL	0.982951932690122
JAG2	0.709473775987212
JAK1	0.982951932690122
JAK2	0.952713287730748
JAK3	0.71650131047893
ARCN1	1.0798977924045
JARID2	1.12568358502349
JUN	0.982951932690122
JUNB	0.71650131047893
JUND	0.71650131047893
JUP	1.00518177247207
TRIM23	0.981327424359639
ANOS1	0.681263242067964
GSTK1	1.17978731315435
CD82	1.07884952858265
KARS	0.971089603767894
USP50	1.15942294495005
KCNA1	1.02278665752541
KCNA2	0.982951932690122
KCNA3	0.982951932690122
HILS1	1.00518177247207
DND1	0.981327424359639
KCNA4	1.07884952858265
AREG	0.982841762389136
KCNA5	1.02278665752541
KCNA6	1.02278665752541
CDRT1	0.749723017917101
NDUFS7	0.672745602694723
KCNA7	1.24196546098975
PTCHD3	0.979753098033958
NHLRC2	0.97891388353545
CCDC172	0.96610428515749
GALNT18	1.07884952858265
NCR3LG1	1.07884952858265
DKFZp779M0652	1.07884952858265
FAM111B	1.07884952858265
TMEM179B	1.07884952858265
KCNA10	0.982951932690122
TBC1D10C	1.07884952858265
DNAJB13	1.07884952858265
LOC374443	1.02278665752541
KRT77	1.01423100355274
PTPRQ	1.01423100355274
C12orf42	1.01423100355274
TPTE2P6	1.33645054467716
KCNB1	1.3428247635557
ASPG	0.771082865073358
KCNC1	1.07884952858265
TEX9	1.13133433617156
GOLGA6L5P	1.13133433617156
KIF7	1.13133433617156
ZNF710	1.13133433617156
HDDC3	1.13133433617156
WASH3P	1.13133433617156
KCNC2	1.01423100355274
TEPP	0.98246487716107
SPEM1	0.749723017917101
EFCAB5	1.01129990957445
KCNC3	1.24196546098975
LRRC37A3	1.00518177247207
ANKRD30B	1.15931082987001
CCDC178	0.729564863856545
ATP9B	0.729564863856545
PEAK3	0.672745602694723
HSD11B1L	0.704151138682422
TEX45	0.704151138682422
ZNF699	0.704151138682422
TMEM205	0.748368687962694
YJEFN3	0.71650131047893
LINC01785	0.71650131047893
SBSN	1.24196546098975
ZNF829	1.24196546098975
KCNC4	0.982951932690122
ZNF568	1.24196546098975
B3GNT8	1.24196546098975
IGFL1	1.24196546098975
ZSWIM9	1.24196546098975
ZNF773	1.25334885646717
DRAXIN	0.969343795308908
SPATA21	0.982951932690122
SVBP	0.982951932690122
TEX38	0.982951932690122
MROH7	0.982951932690122
MIGA1	0.982951932690122
NEXN-AS1	0.982951932690122
ARF1	1.02169470476617
KCND1	1.0526427280961
PEAR1	0.982951932690122
SFT2D2	0.991375931347093
MIA3	0.991375931347093
STUM	0.991375931347093
FAM89A	1.02169470476617
KCND2	1.17978731315435
PI4KAP2	0.730447216884634
PFN4	1.01202671490066
FAM228B	1.01202671490066
LOC375196	1.00240700458938
KCND3	0.982951932690122
ANKRD36	1.00240700458938
WASH2P	1.00240700458938
RBM43	1.00240700458938
LINC01116	0.970894155693591
CERKL	0.970894155693591
KCNE1	0.71893801338487
CATIP	0.970894155693591
RBM44	0.970894155693591
AQP12A	0.966350804585467
LHFPL4	0.720410490708883
TOPAZ1	0.730118323494498
C3orf62	0.730118323494498
STIMATE	0.730118323494498
NRROS	1.03734056701319
KCNF1	1.01202671490066
C5orf34	1.19567882225115
MAST4	0.981327424359639
SIMC1	0.981327424359639
KCNG1	1.3428247635557
GUSBP4	0.94270636541698
GJB7	0.94270636541698
VWC2	1.17037000361717
KCNH1	0.991375931347093
NAT16	1.17978731315435
SLC26A5	1.17978731315435
LHFPL3	1.17978731315435
KCP	1.17978731315435
SPATC1	1.02360093995737
WASH5P	0.681558751293874
KCNH2	1.24449465772
ENHO	0.952713287730748
AQP7P1	0.709018617651733
PTAR1	0.975901197514351
ERCC6L2	0.970815788272126
SWI5	0.963087641236575
C9orf50	0.963087641236575
PNPLA7	0.963087641236575
AGRN	0.969343795308908
CYSRT1	0.963087641236575
KCNJ1	1.0798977924045
KCNJ2	0.986809853654872
DMBT1P1	0.96610428515749
KCNJ3	1.00240700458938
KCNJ4	0.720285108111023
LRRC10	1.01423100355274
KCNJ5	1.0798977924045
RAB15	0.764334413991476
KCNJ6	0.71893801338487
KCNJ8	1.24074736084
RNF126P1	1.00518177247207
SLC27A1	0.71650131047893
KCNJ9	0.982951932690122
KCNJ10	0.982951932690122
RPS10P7	0.991375931347093
KCNJ11	1.07884952858265
KCNJ12	0.749723017917101
SDC4P	0.720285108111023
KCNJ13	0.970894155693591
ZC3H6	1.00240700458938
ARF3	1.01423100355274
KCNJ14	1.24196546098975
KLHL30	0.979447512570108
PRSS45P	0.730118323494498
KCNJ15	0.71893801338487
KCNJ16	0.986809853654872
KCNK1	1.02169470476617
KCNK2	0.991375931347093
USP17L2	0.433694208344174
CA13	1.01569444866679
KCNK3	1.01202671490066
KCNMA1	0.97891388353545
ENTPD8	0.963087641236575
KCNMB1	0.981327424359639
ARF4	0.730118323494498
KCNN1	0.71650131047893
KCNN2	0.981327424359639
KCNN3	0.982951932690122
KCNN4	1.24196546098975
KCNQ1	1.07884952858265
KCNQ2	1.3428247635557
KCNQ3	2.05039341266889
KCNS1	1.3428247635557
RN7SL2	0.764334413991476
RN7SL3	0.764334413991476
CENPS	0.969343795308908
KCNS2	1.01569444866679
LINC-PINT	1.17978731315435
CATSPER4	0.982951932690122
PICSAR	0.696368907296711
LINC00317	0.71893801338487
COL18A1-AS1	0.696368907296711
MIR381HG	0.764334413991476
NHLRC1	1.12568358502349
RNF148	1.17978731315435
MALAT1	1.07884952858265
ARL4D	1.00518177247207
KCNS3	1.01202671490066
RNF138P1	0.981327424359639
PSMA3-AS1	0.764334413991476
LINC01181	1.01569444866679
KDR	0.982841762389136
KEL	1.17978731315435
KHK	1.01202671490066
KIF2A	0.981327424359639
KIF3C	1.01202671490066
KIF5A	1.01423100355274
KIF5B	0.979753098033958
ACAT1	1.0798977924045
KIF5C	1.00240700458938
KIFC3	0.98246487716107
KIR2DL1	1.25334885646717
KIR2DL2	1.25334885646717
KIR2DL3	1.25334885646717
KIR2DL4	1.25334885646717
KIR2DS1	1.25334885646717
KIR2DS3	1.25334885646717
KIR2DS4	1.25334885646717
ARF5	1.17978731315435
KIR2DS5	1.25334885646717
KIR3DL1	1.25334885646717
KIR3DL2	1.25334885646717
KIR3DS1	1.25334885646717
KISS1	0.991375931347093
KIT	0.982841762389136
KLK1	1.24196546098975
KLK2	1.24196546098975
KLKB1	0.716789838124403
ARF6	0.764334413991476
KLRB1	1.02278665752541
KLRC1	1.02278665752541
KLRC2	1.02278665752541
KLRC3	1.02278665752541
KLRD1	1.02278665752541
KNG1	1.03734056701319
ARG1	0.94270636541698
KLC1	0.771082865073358
KIF11	0.97891388353545
KIFC1	1.04825237769963
KIF25	0.862327116139212
KIF22	0.98246487716107
KPNA1	1.19833272410156
KPNB1	1.00518177247207
KPNA2	1.45235253680058
KPNA3	1.16077440404817
ARG2	0.764334413991476
KPNA4	1.06598575216065
KPNA5	0.94270636541698
TNPO1	0.981327424359639
IPO5	1.16077440404817
KRAS	1.24074736084
KRTAP5-9	1.07884952858265
KRT1	1.01423100355274
KRT2	1.01423100355274
KRT3	1.01423100355274
KRT4	1.01423100355274
KRT5	1.01423100355274
KRT6A	1.01423100355274
KRT6B	1.01423100355274
KRT7	1.01423100355274
KRT8	1.01423100355274
KRT9	1.00518177247207
KRT10	1.00518177247207
KRT12	1.00518177247207
KRT13	1.00518177247207
KRT14	1.00518177247207
CHKB-CPT1B	0.73920158822585
RNF144A-AS1	1.01202671490066
KRT15	1.00518177247207
ZFP91-CNTF	1.07884952858265
KCTD8	0.982841762389136
KCTD4	1.16077440404817
SAP30L-AS1	0.981327424359639
IL31	1.01423100355274
KRTAP10-4	0.696368907296711
KRTAP10-6	0.696368907296711
KRTAP10-7	0.696368907296711
KRTAP10-9	0.696368907296711
KRTAP10-1	0.696368907296711
KRTAP10-11	0.696368907296711
KRTAP10-2	0.696368907296711
KRTAP10-5	0.696368907296711
KRTAP10-8	0.696368907296711
KRTAP10-3	0.696368907296711
KRTAP12-3	0.696368907296711
KRTAP12-4	0.696368907296711
KRTAP10-12	0.696368907296711
AMIGO3	0.730118323494498
MRGPRG	1.07884952858265
SLC6A10P	0.98246487716107
ZNF582-AS1	1.25334885646717
KRT16	1.00518177247207
RHOA	0.730118323494498
ZKSCAN4	1.12568358502349
GUSBP2	1.12568358502349
LINC00533	1.12568358502349
HMGA1P7	0.94270636541698
SNHG5	0.94270636541698
SUMO4	0.749110827107011
CENPW	0.94270636541698
SOGA3	0.94270636541698
LINC00222	0.94270636541698
CEP85L	0.94270636541698
NPSR1	1.17037000361717
KRT17	1.00518177247207
SLC7A5P2	0.98246487716107
C6orf120	0.862327116139212
KRTAP5-1	1.07884952858265
KRTAP5-3	1.07884952858265
KRTAP5-4	1.07884952858265
KRTAP5-10	1.07884952858265
VN1R10P	1.12568358502349
HIST1H2APS1	1.12568358502349
TBPL2	0.764334413991476
NSUN4	0.982951932690122
THEMIS	0.94270636541698
LINC00320	0.71893801338487
RASL11A	1.33645054467716
KRT18	1.01423100355274
GPR153	0.969343795308908
TMEM189	1.3428247635557
TMEM189-UBE2V1	1.3428247635557
TPTEP1	0.736942594729667
ILDR2	0.991375931347093
SLC22A25	1.07884952858265
FGF7P6	0.709018617651733
C10orf113	0.979753098033958
SKIDA1	0.979753098033958
FAM238C	0.979753098033958
LRRC37A6P	0.979753098033958
WASHC2A	0.979753098033958
SH2D4B	0.97891388353545
C10orf99	0.97891388353545
SLC16A12	0.97891388353545
CC2D2B	0.97891388353545
ENO4	0.96610428515749
ARMS2	0.96610428515749
TEX36	0.96610428515749
C10orf143	0.96610428515749
IFITM5	1.07884952858265
FAM99A	1.07884952858265
OR56B1	1.07884952858265
GVINP1	1.07884952858265
INSC	1.07884952858265
FIBIN	1.07884952858265
C11orf96	1.07884952858265
SLC22A10	1.07884952858265
SPDYC	1.07884952858265
LIPT2	1.0798977924045
VSTM5	1.0798977924045
LOC387810	1.0798977924045
CLEC2A	1.02278665752541
CLEC12B	1.02278665752541
RPL13AP20	1.02278665752541
REP15	1.24074736084
CCDC184	1.01423100355274
C12orf75	1.01423100355274
CFAP73	1.01423100355274
TMEM233	1.01423100355274
KMT5A	1.01423100355274
LINC00944	1.01423100355274
C1QTNF9B	1.33645054467716
SHISA2	1.33645054467716
NHLRC3	1.16077440404817
SERP2	1.16077440404817
LINC01551	0.764334413991476
TOMM20L	0.764334413991476
RHOB	1.01202671490066
KRT19	1.00518177247207
SERPINA13P	0.764334413991476
LINC01550	0.764334413991476
RTL1	0.764334413991476
TMEM179	0.771082865073358
IGHV1OR15-1	1.15942294495005
KRT31	1.00518177247207
NANOGP8	1.15942294495005
CCDC9B	1.15942294495005
TNFAIP8L3	1.15942294495005
C2CD4B	1.13133433617156
INSYN1	1.13133433617156
GOLGA2P7	1.13133433617156
UBE2Q2P1	1.13133433617156
SPATA41	1.13133433617156
PRR25	0.98246487716107
KRT32	1.00518177247207
SBK1	0.98246487716107
LOC388242	0.98246487716107
C16orf87	0.98246487716107
C16orf97	0.98246487716107
LOC388282	0.98246487716107
C16orf86	0.971089603767894
C16orf47	0.971089603767894
KRT33A	1.00518177247207
GLTPD2	0.7295394616866
INCA1	0.749723017917101
SCIMP	0.749723017917101
C17orf100	0.749723017917101
SPDYE4	0.749723017917101
TMEM220	0.749723017917101
SHISA6	0.749723017917101
LRRC75A	0.749723017917101
TMIGD1	1.01129990957445
CCL4L1	1.48826986994562
C17orf98	1.48826986994562
LINC00671	1.00518177247207
CCDC103	1.00518177247207
RPRML	1.00518177247207
KRT33B	1.00518177247207
YPEL2	1.00518177247207
LINC01999	1.00518177247207
C17orf82	1.00518177247207
BTBD17	0.986809853654872
PVALEF	0.986809853654872
LINC01904	1.15931082987001
POTEC	1.15931082987001
LYPLA2P2	0.704151138682422
KRT34	1.00518177247207
C3P1	0.704151138682422
ZNF788P	0.748368687962694
CLEC17A	0.71650131047893
CYP4F24P	0.71650131047893
ZNF728	0.71650131047893
RPSAP58	0.71650131047893
RGS9BP	1.13164416291439
KRTDAP	1.24196546098975
ZNF790	1.24196546098975
CEACAM22P	1.24196546098975
CEACAM16	1.24196546098975
BLOC1S3	1.24196546098975
BHMG1	1.24196546098975
IGFL3	1.24196546098975
ZNF808	1.25334885646717
ZNF888	1.25334885646717
ZNF761	1.25334885646717
TMEM238	1.25334885646717
ZNF470	1.25334885646717
ZNF749	1.25334885646717
ZNF324B	1.25334885646717
RPL23AP87	0.986809853654872
C1QTNF12	0.969343795308908
HES5	0.969343795308908
SMIM1	0.969343795308908
RNF207	0.969343795308908
TMEM82	0.982951932690122
KRT35	1.00518177247207
TRNP1	0.982951932690122
CD164L2	0.982951932690122
TRABD2B	0.982951932690122
LDLRAD1	0.982951932690122
GBP7	0.982951932690122
C1orf146	0.982951932690122
DIPK1A	0.982951932690122
SLC6A17	0.982951932690122
C1orf137	0.982951932690122
NOTCH2NLA	0.982951932690122
LINC01138	0.982951932690122
LYSMD1	0.982951932690122
HRNR	0.982951932690122
FLG2	0.982951932690122
LINC00302	0.982951932690122
KRT81	1.01423100355274
C1orf189	0.982951932690122
FMO6P	0.991375931347093
LINC00272	0.991375931347093
C1orf53	0.991375931347093
TMEM81	0.991375931347093
CAPN8	0.991375931347093
COA6	1.02169470476617
C1orf229	1.02169470476617
OR14A2	1.02169470476617
OR2M1P	1.02169470476617
LOC388780	1.04060686127253
SMIM26	1.01794118838271
EFCAB8	1.3428247635557
SNHG17	1.3428247635557
FAM209B	1.3428247635557
KRT82	1.01423100355274
LOC388813	0.71893801338487
MIR99AHG	0.71893801338487
KRTAP26-1	0.71893801338487
LINC00316	0.696368907296711
CCDC188	1.65854047521834
FAM230I	0.730447216884634
LRRC75B	0.730447216884634
KRT83	1.01423100355274
OGFRP1	0.720285108111023
LINC00207	0.720285108111023
MFSD2B	1.01202671490066
PCARE	1.01202671490066
LINC01913	1.00240700458938
TMEM247	1.00240700458938
LINC01118	1.00240700458938
TSPYL6	1.00240700458938
C2orf78	1.00240700458938
BOLA3	1.00240700458938
C2orf81	1.00240700458938
FUNDC2P2	1.00240700458938
C2orf68	1.00240700458938
RHOC	0.982951932690122
KRT84	1.01423100355274
SLC9A4	1.00240700458938
DPP10-AS1	1.00240700458938
PLAC9P1	1.00240700458938
LINC01120	1.00240700458938
SP5	1.00240700458938
PLEKHM3	0.970894155693591
C2orf80	0.970894155693591
RESP18	0.970894155693591
SNORC	0.970894155693591
OR6B2	0.966350804585467
KRT85	1.01423100355274
ZNF662	0.720410490708883
CDHR4	0.730118323494498
INKA1	0.730118323494498
IQCF2	0.730118323494498
IQCF5	0.730118323494498
MUSTN1	0.730118323494498
VGLL3	0.434078096558972
PRR23B	0.986056538996622
PRR23C	0.986056538996622
PLSCR5	1.21511111792987
ANKUB1	1.21511111792987
LEKR1	1.06598575216065
TMEM212	1.2087165663813
C4orf50	0.982841762389136
LOC389199	0.982841762389136
KRT86	1.01423100355274
SMIM20	0.982841762389136
BEND4	0.982841762389136
GRXCR1	0.982841762389136
TMPRSS11F	0.982841762389136
LOC389247	0.716789838124403
LRRC14B	1.19567882225115
LINC02213	1.19567882225115
ANXA2R	1.19567882225115
TEX43	0.981327424359639
SMIM32	0.981327424359639
PROB1	0.981327424359639
C5orf46	0.981327424359639
ARHGEF37	0.981327424359639
PSMG4	1.12568358502349
SFTA2	1.04825237769963
CLPSL2	1.04825237769963
C6orf222	1.04825237769963
GLYATL3	1.04825237769963
GFRAL	1.04825237769963
LIN28B	0.94270636541698
SAMD5	0.749110827107011
IYD	0.749110827107011
RBAKDN	1.10834731360131
NUPR2	1.17037000361717
KTN1	0.764334413991476
GTF2IRD2B	1.17037000361717
CCZ1P-OR7E38P	1.17037000361717
LAMTOR4	1.17037000361717
FEZF1	1.17978731315435
FAM180A	1.17978731315435
LOC389602	1.08695203854043
XKR5	0.416284738599625
FAM90A25P	0.433694208344174
LINC00937	1.02278665752541
LOC389641	0.433694208344174
NUGGC	0.433694208344174
C8orf86	0.416558022388397
ASNSP1	1.01569444866679
ALKAL1	1.01569444866679
XKR9	1.01569444866679
C8orf87	1.01569444866679
RBM12B	1.01569444866679
MROH5	2.05039341266889
MAFA	1.02360093995737
L1CAM	1.21583421531377
LOC389705	0.952713287730748
FAM205BP	0.952713287730748
SPATA31A6	0.709018617651733
GLIDR	0.709018617651733
SPATA31D4	0.975901197514351
SPATA31D3	0.975901197514351
SPATA31D1	0.975901197514351
LOC389765	0.975901197514351
C9orf153	0.975901197514351
PTGES2-AS1	0.963087641236575
IER5L	0.963087641236575
CFAP77	0.963087641236575
LAD1	0.991375931347093
LCN15	0.963087641236575
AJM1	0.963087641236575
LRRC26	0.963087641236575
MYMK	0.963087641236575
MAP3K15	0.961550425812295
SPACA5	1.0526427280961
USP27X	1.0526427280961
PAGE2B	0.971983922050255
ZCCHC13	0.971983922050255
LOC389895	0.971983922050255
UBE2NL	0.971983922050255
AFF3	1.00240700458938
LOC389906	0.681263242067964
AKR1C6P	0.979753098033958
C1QL3	0.979753098033958
ACAT2	0.749110827107011
RND3	1.00240700458938
GUCY2GP	0.97891388353545
NKX1-2	0.96610428515749
OR52K1	1.07884952858265
OR52I1	1.07884952858265
OR51D1	1.07884952858265
OR52A5	1.07884952858265
OR51B6	1.07884952858265
OR51M1	1.07884952858265
OR51Q1	1.07884952858265
OR51I1	1.07884952858265
OR51I2	1.07884952858265
OR52D1	1.07884952858265
OR52H1	1.07884952858265
OR52N4	1.07884952858265
OR52N5	1.07884952858265
OR52N2	1.07884952858265
OR52E6	1.07884952858265
OR52E8	1.07884952858265
OR52E4	1.07884952858265
OR52E5	1.07884952858265
OR56A3	1.07884952858265
OR56A5	1.07884952858265
OR10A6	1.07884952858265
ACCSL	1.07884952858265
OR4X1	1.07884952858265
OR5D13	1.07884952858265
OR5D16	1.07884952858265
OR5W2	1.07884952858265
OR8H2	1.07884952858265
OR8H3	1.07884952858265
OR5T3	1.07884952858265
OR5T1	1.07884952858265
OR8K1	1.07884952858265
OR5M9	1.07884952858265
OR5M10	1.07884952858265
OR5M1	1.07884952858265
OR9G1	1.07884952858265
OR5AK2	1.07884952858265
OR5B2	1.07884952858265
OR5B12	1.07884952858265
OR5AN1	1.07884952858265
OR4D10	1.07884952858265
OR4D9	1.07884952858265
LAG3	1.02278665752541
OR10V1	1.07884952858265
LRRC10B	1.07884952858265
GPR152	1.07884952858265
DOC2GP	1.07884952858265
GUCY2EP	1.0798977924045
TRIM77	1.0798977924045
IZUMO1R	1.0798977924045
KDM4E	1.0798977924045
BSX	1.0798977924045
OR6X1	1.0798977924045
OR6M1	1.0798977924045
OR10G4	1.0798977924045
OR10G7	1.0798977924045
OR8B3	1.0798977924045
OR8A1	1.0798977924045
LAIR1	1.25334885646717
OR6C1	1.01423100355274
OR6C75	1.01423100355274
OR6C76	1.01423100355274
OR6C70	1.01423100355274
LAIR2	1.25334885646717
OR4N2	0.764334413991476
OR4K2	0.764334413991476
OR4Q2	0.764334413991476
OR4K13	0.764334413991476
OR4K17	0.764334413991476
OR4N5	0.764334413991476
OR11G2	0.764334413991476
OR11H7	0.764334413991476
OR11H4	0.764334413991476
RNASE9	0.764334413991476
OR5AU1	0.764334413991476
SERPINA2	0.764334413991476
GOLGA8EP	1.15942294495005
OR4M2	1.15942294495005
OR4N3P	1.15942294495005
HERC2P10	1.15942294495005
KBTBD13	1.13133433617156
UBAP1L	1.13133433617156
SKOR1	1.13133433617156
LALBA	1.01423100355274
ANKRD34C	1.13133433617156
GDPGP1	1.13133433617156
OR4F6	1.13133433617156
OR4F15	1.13133433617156
OR4F13P	1.13133433617156
ADAMTS7P1	1.13133433617156
C1QTNF8	0.98246487716107
PTX4	0.98246487716107
LOC390705	0.98246487716107
CES1P2	0.98246487716107
PABPN1L	0.971089603767894
OR3A4P	0.7295394616866
ARL5C	1.00518177247207
KRT39	1.00518177247207
LAMA2	0.94270636541698
OACYLP	0.729564863856545
ONECUT3	0.672745602694723
LOC390877	0.704151138682422
OR7G2	0.704151138682422
OR7G3	0.704151138682422
OR7A10	0.71650131047893
LAMA3	0.729564863856545
NUDT19	1.13164416291439
ZNF793	1.24196546098975
ACP7	1.24196546098975
LOC390937	1.24196546098975
PINLYP	1.24196546098975
ZNF818P	1.25334885646717
ZNF805	1.25334885646717
HES3	0.969343795308908
PRAMEF12	0.969343795308908
RHOG	1.07884952858265
LAMA4	0.94270636541698
PRAMEF8	0.000627466748393033
PRAMEF18	0.969343795308908
PRAMEF17	0.982951932690122
PLA2G2C	0.982951932690122
SKINT1L	0.982951932690122
UOX	0.982951932690122
FRRS1	0.982951932690122
LAMA5	1.3428247635557
VHLL	0.982951932690122
OR10K2	0.982951932690122
OR10K1	0.982951932690122
OR6Y1	0.982951932690122
OR6K3	0.982951932690122
OR10J4	0.982951932690122
VSIG8	0.982951932690122
OR11L1	1.02169470476617
OR2L8	1.02169470476617
OR2AK2	1.02169470476617
OR2L3	1.02169470476617
OR2M2	1.02169470476617
OR2T33	1.02169470476617
OR2M7	1.02169470476617
LAMB1	1.17978731315435
OR2G6	1.02169470476617
SPINT4	1.3428247635557
SUMO1P1	1.3428247635557
ANKRD20A11P	0.71893801338487
LAMB2	0.730118323494498
PTRHD1	1.01202671490066
SULT6B1	1.00240700458938
LAMB3	0.991375931347093
DYTN	0.970894155693591
LAMC1	0.991375931347093
VENTXP7	0.720410490708883
LAMP1	1.16077440404817
USP17L6P	0.982841762389136
USP17L9P	0.982841762389136
TRIM61	0.716789838124403
HELT	0.716789838124403
H3.Y	1.19567882225115
LAMC2	0.991375931347093
ARHGAP1	1.07884952858265
LAMP2	0.971983922050255
RPSA	0.720410490708883
OR10AC1	1.17978731315435
OR2A25	1.17978731315435
USP17L8	0.433694208344174
LOC392196	0.433694208344174
USP17L7	0.433694208344174
LOC392232	1.01569444866679
GDF6	1.01569444866679
SMPD5	1.02360093995737
FAM221B	0.952713287730748
OR13J1	0.952713287730748
CTSL3P	0.975901197514351
LOC392364	0.975901197514351
OR13C2	0.963087641236575
OR1L6	0.963087641236575
OR5C1	0.963087641236575
OR1K1	0.963087641236575
LCN9	0.963087641236575
LOC392452	1.0526427280961
CXXC1P1	1.0526427280961
GLOD5	1.0526427280961
FLJ44635	0.971983922050255
STMN1	0.982951932690122
ARL13A	0.971983922050255
NCBP2L	0.971983922050255
ELFN1	1.10834731360131
AGMO	0.932380436661844
LASP1	1.48826986994562
IQCA1L	1.24449465772
GRID2IP	1.10834731360131
LBP	1.3428247635557
ARHGAP4	1.21583421531377
LBR	0.991375931347093
OR2A5	1.17978731315435
LCAT	0.971089603767894
LCK	0.982951932690122
LCN1	0.963087641236575
LCN2	0.963087641236575
LCP1	1.16077440404817
LCP2	0.981327424359639
LCT	1.00240700458938
LDHA	1.07884952858265
ARHGAP5	0.764334413991476
MUC21	1.04825237769963
LDHB	1.24074736084
LDHC	1.07884952858265
LDLR	0.704151138682422
ARHGAP6	0.681263242067964
LECT2	0.981327424359639
LEP	1.17978731315435
LEPR	0.982951932690122
LETM1	0.982841762389136
LFNG	1.10834731360131
LGALS1	0.720285108111023
LGALS2	0.720285108111023
LGALS3	0.764334413991476
LGALS3BP	0.986809853654872
ARHGDIA	0.986809853654872
LGALS4	1.24196546098975
LGALS7	1.24196546098975
LGALS8	1.02169470476617
LGALS9	1.01129990957445
ARHGDIB	1.02278665752541
LHB	1.24196546098975
LHCGR	1.00240700458938
LHX1	1.48826986994562
LIF	0.720285108111023
LIFR	1.19567882225115
LIG1	1.24196546098975
ARHGDIG	0.98280619354904
LIG3	1.48826986994562
LIG4	1.16077440404817
LIM2	1.24196546098975
ABLIM1	0.97891388353545
LIMK1	1.17037000361717
LIMK2	0.720285108111023
LIMS1	1.00240700458938
LIPA	0.97891388353545
RHOH	0.982841762389136
LIPC	1.13133433617156
LIPE	1.24196546098975
FADS1	1.07884952858265
LLGL2	0.986809853654872
SPRED3	1.24196546098975
TMEM200B	0.982951932690122
FADS3	1.07884952858265
SLC25A35	0.749723017917101
LLGL1	0.749723017917101
MEX3D	0.672745602694723
FAM102A	0.963087641236575
SMIM10L2A	0.971983922050255
ZNF321P	1.25334885646717
RPL13AP17	1.17037000361717
HEATR4	0.764334413991476
MYO18A	1.01129990957445
CCDC187	0.963087641236575
SHC4	1.15942294495005
CTXN2	1.15942294495005
LINC00200	0.979753098033958
LINC00701	0.979753098033958
LINC02649	0.979753098033958
LINC02656	0.979753098033958
GATA3-AS1	0.979753098033958
MIR1915HG	0.979753098033958
LINC00999	0.979753098033958
ACTR3BP5	0.979753098033958
BMS1P1	0.979753098033958
LMAN1	0.729564863856545
LBX1-AS1	0.97891388353545
C10orf120	0.96610428515749
LOC399815	0.96610428515749
EEF1AKMT2	0.96610428515749
EDRF1-DT	0.96610428515749
FOXI2	0.96610428515749
LINC01164	0.96610428515749
LINC01168	0.96610428515749
SPRNP1	0.96610428515749
LINC01002	0.681558751293874
NAV2-AS4	1.07884952858265
HNRNPKP3	1.07884952858265
LINC02687	1.07884952858265
FAM180B	1.07884952858265
PCNX3	1.07884952858265
FLJ42102	1.07884952858265
C11orf87	1.0798977924045
COLCA1	1.0798977924045
C11orf88	1.0798977924045
MIR100HG	1.0798977924045
PATE2	1.0798977924045
PATE4	1.0798977924045
GSEC	1.0798977924045
LOC399975	1.0798977924045
SNX19	1.0798977924045
ASIC2	1.04576408549782
ARL1	1.01423100355274
LMNA	0.982951932690122
CLEC12A-AS1	1.02278665752541
LINC00938	1.01423100355274
LINC02381	1.01423100355274
LINC02389	1.01423100355274
MKRN9P	1.01423100355274
C12orf76	1.01423100355274
LINC00939	1.01423100355274
LINC02393	1.01423100355274
LMNB1	0.981327424359639
ANKRD20A19P	1.33645054467716
SERTM1	1.16077440404817
LINC00547	1.16077440404817
LINC00548	1.16077440404817
TUSC8	1.16077440404817
ATP11AUN	1.16077440404817
LINC00517	0.764334413991476
FLJ22447	0.764334413991476
PLEKHD1	0.764334413991476
FOXN3-AS1	0.764334413991476
LINC00642	0.764334413991476
DICER1-AS1	0.764334413991476
C14orf180	0.771082865073358
HERC2P2	1.15942294495005
C15orf54	1.15942294495005
LMO1	1.07884952858265
ST20	1.13133433617156
FAM174B	1.13133433617156
LINC01197	1.13133433617156
LOC400464	1.13133433617156
LMO2	1.07884952858265
BCAR4	0.98246487716107
KNOP1	0.98246487716107
CRYM-AS1	0.98246487716107
LINC01567	0.98246487716107
NSMCE1-DT	0.98246487716107
LINC02167	0.98246487716107
LOC400541	0.971089603767894
LINC02139	0.971089603767894
FENDRR	0.971089603767894
LOC400553	0.971089603767894
ZC3H18-AS1	0.971089603767894
LINC02138	0.971089603767894
C17orf97	0.7295394616866
LINC01996	0.7295394616866
MED11	0.7295394616866
KRT16P2	0.749723017917101
LINC02076	0.749723017917101
GRAPL	0.749723017917101
C17orf102	1.48826986994562
TOB1-AS1	1.00518177247207
PRR29-AS1	1.00518177247207
KCNJ2-AS1	0.986809853654872
SOX9-AS1	0.986809853654872
LINC00511	0.986809853654872
LINC02092	0.986809853654872
LOC400622	0.986809853654872
LINC01973	0.986809853654872
LOC400627	0.986809853654872
TEX19	0.986809853654872
LINC00668	1.15931082987001
LINC01443	1.15931082987001
LINC01538	0.729564863856545
LOC400655	0.729564863856545
LINC00909	0.729564863856545
C18orf65	0.729564863856545
LINC00683	0.729564863856545
LINC01879	0.729564863856545
PRSS57	0.672745602694723
VMAC	0.704151138682422
LINC00664	0.71650131047893
LOC400682	0.71650131047893
LOC400684	1.13164416291439
LINC01801	1.24196546098975
LGALS17A	1.24196546098975
PRICKLE3	1.0526427280961
SIGLEC16	1.24196546098975
LOC400710	1.24196546098975
ZNF880	1.25334885646717
ZNF772	1.25334885646717
FAM87B	0.969343795308908
PRAMEF4	0.969343795308908
PRAMEF13	0.969343795308908
LOC400743	0.982951932690122
SH2D5	0.982951932690122
NCMAP	0.982951932690122
LINC01144	0.982951932690122
C1orf141	0.982951932690122
GBP1P1	0.982951932690122
LRRC8C-DT	0.982951932690122
MIR137HG	0.982951932690122
C1orf226	0.991375931347093
LRRC52-AS1	0.991375931347093
C1orf220	0.991375931347093
LINC01344	0.991375931347093
LMO7	1.16077440404817
LOC400800	0.991375931347093
C1orf140	0.991375931347093
FLJ39095	1.02169470476617
NBPF9	0.982951932690122
FAM177B	0.991375931347093
DEFB132	1.04060686127253
C20orf202	1.04060686127253
LINC01721	1.01794118838271
LINC01597	1.3428247635557
LINC00114	0.71893801338487
LOC400867	0.71893801338487
LRRC74B	0.730447216884634
BCRP2	0.730447216884634
LMX1A	0.991375931347093
CHCHD10	0.730447216884634
TPTEP2	0.720285108111023
MIRLET7BHG	0.705191761652427
LINC00898	0.705191761652427
IL17REL	0.705191761652427
LOC400940	1.01202671490066
LINC00487	1.01202671490066
LINC01376	1.01202671490066
LINC00954	1.01202671490066
C2orf91	1.00240700458938
LINC01121	1.00240700458938
EML6	1.00240700458938
LINC01122	1.00240700458938
LINC01185	1.00240700458938
LINC02245	1.00240700458938
PCBP1-AS1	1.00240700458938
PAIP2B	1.00240700458938
ANKRD36C	1.00240700458938
ACOXL-AS1	1.00240700458938
FLJ42351	1.00240700458938
PHOX2A	1.07884952858265
LMX1B	0.963087641236575
NOC2LP2	1.00240700458938
TEX41	1.00240700458938
LOC401021	0.970894155693591
HAGLR	0.970894155693591
FSIP2	0.970894155693591
C2orf66	0.970894155693591
ASB18	0.970894155693591
LINC01940	0.966350804585467
IQCF3	0.730118323494498
LINC00960	0.723578923483452
C3orf85	1.19833272410156
LINC01205	1.19833272410156
FOXL2NB	0.986056538996622
MBNL1-AS1	1.06598575216065
C3orf80	1.06598575216065
LINC01994	1.03734056701319
FLJ42393	1.03734056701319
LINC00884	1.03734056701319
LINC00885	1.03734056701319
C4orf48	0.982841762389136
DTHD1	0.982841762389136
LOC401127	0.982841762389136
LINC02232	0.982841762389136
SYT14P1	0.982841762389136
TMPRSS11BNL	0.982841762389136
PRR27	0.982841762389136
AMTN	0.982841762389136
CCSER1	0.982841762389136
LINC01061	0.982841762389136
C4orf3	0.982841762389136
LINC01060	1.00182064735938
LINC02145	1.19567882225115
LOC401176	1.19567882225115
LINC02111	1.19567882225115
RGS7BP	0.981327424359639
LNPEP	0.981327424359639
C5orf63	0.981327424359639
LINC01011	1.12568358502349
HTATSF1P2	1.12568358502349
STMND1	1.12568358502349
CASC15	1.12568358502349
LINC01623	1.12568358502349
LINC00243	1.04825237769963
MCCD1	1.04825237769963
SAPCD1	1.04825237769963
LINC00336	1.04825237769963
RAB44	1.04825237769963
LINC00951	1.04825237769963
LOC401261	1.04825237769963
CRIP3	1.04825237769963
TRAM2-AS1	1.04825237769963
KLHL31	1.04825237769963
DKFZp451B082	0.749110827107011
TCP10L2	0.862327116139212
LINC02538	0.862327116139212
LINC00242	0.862327116139212
LINC01624	0.862327116139212
VWA5A	1.0798977924045
ZNF815P	1.10834731360131
LOC401312	1.17037000361717
GARS-DT	1.17037000361717
LINC00997	1.17037000361717
LOC401324	1.17037000361717
RASA4CP	1.17037000361717
C7orf65	1.17037000361717
LINC01446	1.17037000361717
LOC401357	1.17037000361717
LRRD1	1.17037000361717
SMIM30	1.17978731315435
POT1-AS1	1.17978731315435
PRRT4	1.17978731315435
LOR	0.982951932690122
RAB19	1.17978731315435
OR2A7	1.17978731315435
ATP6V0E2-AS1	1.24449465772
LOC401442	0.416284738599625
USP17L1	7.87347220630947e-06
LOC401463	1.01569444866679
RBIS	1.01569444866679
GASAL1	1.01569444866679
SAMD12	2.05039341266889
LOC401478	2.05039341266889
VLDLR-AS1	0.952713287730748
LINC01235	0.952713287730748
HACD4	0.952713287730748
LINC01242	0.952713287730748
TMEM215	0.952713287730748
LOX	0.981327424359639
TOMM5	0.709018617651733
FAM74A4	0.709018617651733
ZNF658B	0.709018617651733
C9orf170	0.975901197514351
CENPP	0.975901197514351
C9orf152	0.963087641236575
SNX30	0.963087641236575
WDR38	0.963087641236575
GPRACR	0.963087641236575
LOC401557	0.963087641236575
LINC01451	0.963087641236575
LCNL1	0.963087641236575
C9orf139	0.963087641236575
FAM166A	0.963087641236575
CD99P1	0.681263242067964
LINC02595	1.0526427280961
ZNF674-AS1	1.0526427280961
LOXL1	1.13133433617156
SLC25A53	0.971983922050255
SERTM2	0.971983922050255
GOLGA7B	0.97891388353545
OR51H1	1.07884952858265
OR51T1	1.07884952858265
OR51A4	1.07884952858265
OR51A2	1.07884952858265
LOXL2	0.433694208344174
FIGNL2	1.01423100355274
LPA	0.749110827107011
ZNF833P	0.748368687962694
RNF223	0.969343795308908
LDLRAD2	0.982951932690122
ZNF847P	0.991375931347093
OR2T2	1.02169470476617
OR2T5	1.02169470476617
OR14I1	1.02169470476617
ARL2	1.07884952858265
SRRD	0.730447216884634
LOC402096	1.00240700458938
VWC2L	0.970894155693591
OR5K2	1.19833272410156
CFAP99	0.982841762389136
RPL21P44	0.982841762389136
LPL	0.433694208344174
SOHLH1	0.963087641236575
XKRX	0.971983922050255
LINC01000	1.17978731315435
LPO	1.00518177247207
KPNA7	1.17037000361717
C7orf61	1.17037000361717
LPP	1.03734056701319
GRIFIN	1.10834731360131
IGLON5	1.24196546098975
UFSP1	1.17978731315435
IFITM10	1.07884952858265
CSMD2-AS1	0.982951932690122
ARL3	0.97891388353545
FLJ31356	1.01202671490066
OR2T27	1.02169470476617
OR2T35	1.02169470476617
OR4A47	1.07884952858265
OR4C45	1.07884952858265
OR5H14	1.19833272410156
OR5H15	1.19833272410156
OR5K3	1.19833272410156
OR5K4	1.19833272410156
OR6C65	1.01423100355274
OR6C68	1.01423100355274
LRMP	1.24074736084
LOC403312	1.0798977924045
PLPP6	0.952713287730748
APOBEC4	0.991375931347093
FAM92A1P2	0.716789838124403
LOC403323	0.709018617651733
DEFB133	1.04825237769963
ZBTB34	0.963087641236575
LRCH4	1.17037000361717
LRP1	1.01423100355274
LRP2	1.00240700458938
LRP3	1.13164416291439
LRP4	1.07884952858265
LRP6	1.02278665752541
HAPLN4	0.71650131047893
CUEDC1	1.00518177247207
LRP5	1.07884952858265
WDFY3-AS2	0.982841762389136
SPINK6	0.981327424359639
LINC01561	0.96610428515749
CTXN1	0.704151138682422
C6orf201	1.12568358502349
HOXB-AS3	1.00518177247207
YY2	0.961550425812295
LRPAP1	0.982841762389136
LSAMP	1.19833272410156
C16orf74	0.971089603767894
SCGB1D4	1.07884952858265
LSP1	1.07884952858265
FAM45A	0.96610428515749
LINC01194	1.19567882225115
CACTIN-AS1	0.672745602694723
GTF2H5	0.749110827107011
LSS	0.696368907296711
ANKHD1-EIF4EBP3	0.981327424359639
NPSR1-AS1	1.17037000361717
POTEG	0.764334413991476
LTA4H	1.01423100355274
LTA	1.04825237769963
ARNT	0.982951932690122
LTB	1.04825237769963
CYP4F3	0.71650131047893
LTBP1	1.00240700458938
LTBP2	0.764334413991476
LTBP3	1.07884952858265
LTBR	1.02278665752541
LTC4S	0.981327424359639
LTF	0.730118323494498
DUOXA2	1.15942294495005
ERVFRD-1	1.12568358502349
LTK	1.15942294495005
BCAM	1.24196546098975
ARNTL	1.07884952858265
LUM	1.01423100355274
LY6E	1.02360093995737
LY6H	1.02360093995737
LY9	0.982951932690122
CD180	0.981327424359639
LY75	1.00240700458938
LYL1	0.71650131047893
LYN	1.01569444866679
SH2D1A	0.971983922050255
MIRLET7A1	0.970815788272126
MIRLET7A2	1.0798977924045
MIRLET7A3	0.705191761652427
MIRLET7B	0.705191761652427
MIRLET7C	0.71893801338487
MIRLET7D	0.970815788272126
MIRLET7E	1.25334885646717
MIRLET7F1	0.970815788272126
MIRLET7F2	0.971983922050255
MIRLET7G	0.730118323494498
MIRLET7I	1.01423100355274
MIR100	1.0798977924045
MIR101-1	0.982951932690122
MIR101-2	0.952713287730748
MIR103A1	0.981327424359639
MIR103A2	1.01794118838271
MIR105-1	1.12011520828342
MIR105-2	1.12011520828342
MIR106A	0.971983922050255
LYZ	1.01423100355274
MIR106B	1.17037000361717
MIR107	0.97891388353545
MIR10A	1.00518177247207
MIR10B	0.970894155693591
MIR1-1	1.3428247635557
MIR1-2	0.729564863856545
MIR122	0.729564863856545
MIR124-1	0.433694208344174
MIR124-2	1.01569444866679
MIR124-3	1.3428247635557
MIR125A	1.25334885646717
MIR125B1	1.0798977924045
MIR125B2	0.71893801338487
MIR126	0.963087641236575
MIR127	0.764334413991476
MIR128-1	1.00240700458938
MIR128-2	0.720410490708883
MIR129-1	1.17978731315435
MIR129-2	1.07884952858265
MIR130A	1.07884952858265
MIR130B	0.730447216884634
MIR132	0.7295394616866
MIR133A1	0.729564863856545
MIR133A2	1.3428247635557
MIR134	0.764334413991476
MIR135A1	0.730118323494498
MIR135A2	1.01423100355274
MIR136	0.764334413991476
MIR137	0.982951932690122
MIR138-1	0.730118323494498
MIR138-2	0.98246487716107
MIR139	1.07884952858265
MIR140	0.971089603767894
MIR141	1.02278665752541
MIR142	1.00518177247207
MIR143	0.981327424359639
MIR144	1.01129990957445
MIR145	0.981327424359639
MIR146A	0.981327424359639
MIR147A	0.963087641236575
MIR148A	1.17037000361717
MIR149	0.966350804585467
MIR150	1.24196546098975
MIR152	1.00518177247207
MIR153-1	0.970894155693591
MIR153-2	1.08695203854043
MIR154	0.764334413991476
MIR155	0.71893801338487
MIR15A	1.16077440404817
MIR15B	1.06598575216065
MIR16-1	1.16077440404817
MIR16-2	1.06598575216065
MIR17	1.16077440404817
MIR18A	1.16077440404817
MIR181A2	0.963087641236575
MIR181B1	0.991375931347093
MIR181B2	0.963087641236575
MIR181C	0.71650131047893
MIR182	1.17978731315435
MIR183	1.17978731315435
MIR184	1.13133433617156
MIR185	1.65854047521834
MIR186	0.982951932690122
MIR187	0.729564863856545
MIR188	1.0526427280961
MIR190A	1.13133433617156
MIR191	0.730118323494498
MIR192	1.07884952858265
MIR193A	1.43941607542378
MIR194-1	0.991375931347093
MIR194-2	1.07884952858265
MIR195	0.749723017917101
MIR196A1	1.00518177247207
MIR196A2	1.01423100355274
MIR197	0.982951932690122
MIR198	1.19833272410156
MIR199A1	0.704151138682422
MIR199A2	0.991375931347093
MIR199B	0.963087641236575
MIR19A	1.16077440404817
MIR19B1	1.16077440404817
MIR19B2	0.971983922050255
MIR20A	1.16077440404817
MIR200A	0.969343795308908
MIR200B	0.969343795308908
MIR200C	1.02278665752541
MIR203A	0.771082865073358
MIR204	0.975901197514351
MIR205	0.991375931347093
MIR206	1.04825237769963
MIR208A	0.764334413991476
MIR21	1.00518177247207
MIR210	1.07884952858265
MIR211	1.15942294495005
MIR212	0.7295394616866
MIR181A1	0.991375931347093
MIR214	0.991375931347093
MIR215	0.991375931347093
MIR216A	1.00240700458938
MIR217	1.00240700458938
ARR3	0.971983922050255
TACSTD2	0.982951932690122
MIR218-1	0.982841762389136
MIR218-2	0.981327424359639
MIR219A1	1.04825237769963
MIR219A2	0.963087641236575
MIR22	0.7295394616866
MIR221	1.0526427280961
MIR222	1.0526427280961
MIR223	0.971983922050255
MIR224	1.12011520828342
MIR23A	0.71650131047893
MIR23B	0.970815788272126
MIR24-1	0.970815788272126
MIR24-2	0.71650131047893
MIR25	1.17037000361717
MIR26A1	0.720410490708883
MIR26A2	1.01423100355274
MIR26B	0.970894155693591
MIR27A	0.71650131047893
MIR27B	0.970815788272126
MIR28	1.03734056701319
MIR29A	1.17978731315435
MIR296	1.3428247635557
MIR299	0.764334413991476
MIR29B1	1.17978731315435
MIR29B2	0.991375931347093
MIR29C	0.991375931347093
MIR301A	1.00518177247207
MIR302A	0.982841762389136
MIR30A	0.94270636541698
MIR30B	2.05039341266889
MIR30C1	0.982951932690122
MIR30C2	0.94270636541698
MIR30D	2.05039341266889
MIR30E	0.982951932690122
MIR31	0.952713287730748
MIR32	0.963087641236575
MIR320A	0.433694208344174
MIR33A	0.720285108111023
MIR34A	0.969343795308908
MIR34B	1.0798977924045
MIR34C	1.0798977924045
MIR7-1	0.975901197514351
MIR7-2	1.13133433617156
MIR7-3	0.704151138682422
MIR9-1	0.982951932690122
MIR9-2	0.981327424359639
MIR92A1	1.16077440404817
MIR92A2	0.971983922050255
MIR93	1.17037000361717
MIR9-3	1.13133433617156
MIR95	0.982841762389136
MIR96	1.17978731315435
MIR98	0.971983922050255
MIR99A	0.71893801338487
MIR99B	1.25334885646717
TM4SF1	1.21511111792987
EPCAM	1.00240700458938
M6PR	1.02278665752541
CAPRIN1	1.07884952858265
NBR1	1.00518177247207
TAFA1	0.723578923483452
LOC407835	1.17978731315435
MIR17HG	1.16077440404817
TNFSF12-TNFSF13	0.749723017917101
ARRB1	1.0798977924045
C2orf27B	1.00240700458938
NOMO3	0.98246487716107
MAB21L1	1.33645054467716
OVOS	1.02278665752541
SPINK14	0.981327424359639
MARCKS	0.94270636541698
FNDC9	0.981327424359639
MXD1	1.00240700458938
MAD2L1	0.982841762389136
SMAD1	0.982841762389136
SMAD2	0.729564863856545
SMAD3	1.13133433617156
SMAD4	0.729564863856545
ARRB2	0.7295394616866
SMAD5	0.981327424359639
SMAD6	1.13133433617156
SMAD7	0.729564863856545
SMAD9	1.16077440404817
MAF	0.971089603767894
MAFG	0.986809853654872
MAG	1.24196546098975
ASIC1	1.01423100355274
ARSA	0.73920158822585
MAGEA1	1.21583421531377
MAGEA3	1.12011520828342
MAGEA4	1.12011520828342
MAGEA5	1.12011520828342
MAGEA6	1.21583421531377
MAGEA8	1.12011520828342
MAGEA10	1.12011520828342
ARSB	0.981327424359639
MAGEA11	1.07534151737943
MAGEA12	1.12011520828342
MAGEB1	0.742060425418264
MAGEB2	0.742060425418264
MAGEB3	0.742060425418264
MAGEB4	0.742060425418264
MAGOH	0.982951932690122
MAK	1.12568358502349
MAL	1.00240700458938
STS	0.681263242067964
MAN1A1	0.94270636541698
MAN2A2	1.13133433617156
MAN2C1	1.13133433617156
MAN2A1	0.981327424359639
MAN2B1	0.71650131047893
MANBA	0.982841762389136
MAOA	0.742060425418264
MAOB	0.742060425418264
MAP1A	1.15942294495005
MAP1B	0.981327424359639
MAP2	0.970894155693591
MAP4	0.730118323494498
MAP6	1.0798977924045
MAPT	1.00518177247207
MARK1	0.991375931347093
ARSD	0.681263242067964
MARK3	0.771082865073358
TBC1D3B	1.48826986994562
DNAJB3	0.970894155693591
CCL3L3	1.48826986994562
MARS	1.01423100355274
ACBD7	0.979753098033958
C10orf105	0.979753098033958
C10orf62	0.97891388353545
AGAP6	0.979753098033958
CCNYL2	0.979753098033958
CELF2-AS1	0.979753098033958
ZNF32-AS1	0.979753098033958
MAS1	0.749110827107011
ZNF32-AS3	0.979753098033958
ZNF32-AS2	0.979753098033958
GLUD1P2	0.979753098033958
AGAP12P	0.979753098033958
PRR26	0.979753098033958
C10orf55	0.97891388353545
SHLD2P1	0.979753098033958
LINC00595	0.97891388353545
DNAJC9-AS1	0.979753098033958
LINC00619	0.979753098033958
MAT1A	0.97891388353545
LOC414300	1.01423100355274
DDI1	1.0798977924045
COL5A1-AS1	0.963087641236575
C9orf106	0.963087641236575
LINC00587	0.963087641236575
IDNK	0.975901197514351
LCN10	0.963087641236575
LINC00229	0.720285108111023
MAT2A	1.00240700458938
MATK	0.672745602694723
MATN1	0.982951932690122
MATN2	1.01569444866679
HCG14	1.12568358502349
HCG15	1.12568358502349
HCG23	1.04825237769963
HCG25	1.04825237769963
HCG24	1.04825237769963
HCG18	1.12568358502349
HCG17	1.12568358502349
MATN3	1.01202671490066
BLID	1.0798977924045
MAX	0.764334413991476
DENND6B	0.705191761652427
C8orf82	1.02360093995737
LINC00593	1.13133433617156
MGC34796	0.982951932690122
ARSE	0.681263242067964
MAZ	0.98246487716107
CNTFR-AS1	0.952713287730748
MB	0.720285108111023
PIM3	0.705191761652427
STX19	1.19833272410156
MBD1	0.729564863856545
MBL2	0.979753098033958
MBNL1	1.06598575216065
MBP	0.729564863856545
MC1R	0.971089603767894
MC2R	1.15931082987001
MC3R	1.3428247635557
ARSF	0.681263242067964
MC4R	0.729564863856545
MC5R	1.15931082987001
MCAM	1.0798977924045
MCC	0.981327424359639
CHST6	0.971089603767894
MCF2	0.971983922050255
ART1	1.07884952858265
MCL1	0.982951932690122
MCM2	1.19833272410156
MCM3	1.04825237769963
MCM4	1.01569444866679
MCM5	0.720285108111023
MCM6	1.00240700458938
MCM7	1.17037000361717
CD46	0.991375931347093
SMCP	0.982951932690122
ADAM11	1.00518177247207
MDFI	1.04825237769963
DNAJB9	1.17978731315435
ART3	0.982841762389136
MDH1	1.00240700458938
MDH2	1.17037000361717
MDK	1.07884952858265
MDM2	1.01423100355274
MDM4	0.991375931347093
ME1	0.94270636541698
ART4	1.02278665752541
ME2	0.729564863856545
MEA1	1.04825237769963
MECP2	1.21583421531377
MEF2A	1.13133433617156
BORCS8-MEF2B	0.71650131047893
MEF2C	0.981327424359639
MEF2D	0.982951932690122
ARVCF	1.65854047521834
MEFV	0.98246487716107
MEIS1	1.00240700458938
MEIS2	1.15942294495005
MEIS3P1	0.749723017917101
MAP3K1	0.981327424359639
MAP3K3	1.00518177247207
MAP3K4	0.749110827107011
MAP3K5	0.94270636541698
RAB8A	0.71650131047893
MEN1	1.07884952858265
MEOX1	1.00518177247207
MEOX2	0.932380436661844
MEP1A	1.04825237769963
MEP1B	0.729564863856545
MEST	1.17978731315435
MET	1.17978731315435
METTL1	1.01423100355274
MFAP1	1.15942294495005
MFAP2	0.982951932690122
MFAP3	0.981327424359639
MFAP4	0.749723017917101
MFGE8	1.13133433617156
MELTF	1.03734056701319
MFNG	0.720285108111023
MGAT1	0.981327424359639
SCGB2A1	1.07884952858265
MGAT2	0.764334413991476
MGAT3	0.720285108111023
MGAT5	1.00240700458938
SCGB2A2	1.07884952858265
VCX3B	0.681263242067964
MIA2	0.764334413991476
KITLG	1.01423100355274
MGMT	0.96610428515749
MGP	1.02278665752541
MGST1	1.02278665752541
MGST2	0.982841762389136
MGST3	0.991375931347093
CIITA	0.98246487716107
CD99	0.681263242067964
ASAH1	0.433694208344174
MICB	1.04825237769963
MID1	0.681263242067964
MIF	0.730447216884634
CXCL9	0.982841762389136
MIP	1.01423100355274
MIPEP	1.33645054467716
MITF	0.723578923483452
ATXN3	0.764334413991476
MKI67	0.96610428515749
MKLN1	1.17978731315435
ASCL1	1.01423100355274
MLF1	1.06598575216065
MLH1	0.720410490708883
MAP3K9	0.764334413991476
MAP3K10	1.24196546098975
MLN	1.04825237769963
MAP3K11	1.07884952858265
KMT2A	1.0798977924045
MLLT1	0.704151138682422
AFF1	0.982841762389136
ACHE	1.17978731315435
ASCL2	1.07884952858265
MLLT3	0.952713287730748
AFDN	0.862327116139212
MLLT6	1.48826986994562
FOXO4	0.971983922050255
NR3C2	0.708330872516
TRPM1	1.15942294495005
MME	1.06598575216065
MMP1	1.0798977924045
MMP2	0.98246487716107
MMP3	1.0798977924045
MMP7	1.0798977924045
MMP8	1.0798977924045
RGS21	0.991375931347093
ASTL	1.00240700458938
LHX8	0.982951932690122
MMP9	1.3428247635557
MMP10	1.0798977924045
ASGR1	0.749723017917101
MMP11	0.730447216884634
MMP12	1.0798977924045
MMP13	1.0798977924045
MMP14	0.764334413991476
SLURP2	1.02360093995737
MMP15	0.98246487716107
MMP16	1.01569444866679
MMP17	1.01423100355274
MMP19	1.01423100355274
ALDH6A1	0.764334413991476
ASGR2	0.749723017917101
MN1	0.730447216884634
MNAT1	0.764334413991476
MNDA	0.982951932690122
MNT	0.7295394616866
MOBP	0.720410490708883
MOCS1	1.04825237769963
MOCS2	0.981327424359639
ASIP	1.3428247635557
MOG	1.12568358502349
MOS	1.01569444866679
MOV10	0.982951932690122
CD200	1.19833272410156
ASL	1.17037000361717
MPG	0.98280619354904
MPI	1.13133433617156
MPL	0.982951932690122
MPO	1.00518177247207
MPP1	1.15404773795701
MPP2	1.00518177247207
MPP3	1.00518177247207
MPST	0.720285108111023
MPV17	1.01202671490066
MPZ	0.982951932690122
MRC1	0.979753098033958
MRE11	1.0798977924045
ABCC1	0.98246487716107
ASMT	0.681263242067964
KLK14	1.24196546098975
KLK12	1.24196546098975
ASNA1	0.71650131047893
KRTAP5-5	1.07884952858265
LINC00615	1.01423100355274
MXRA7	0.986809853654872
LINC01555	0.982951932690122
THAP7-AS1	0.730447216884634
LOC439933	0.982841762389136
LINC00575	0.982841762389136
C5orf17	1.19567882225115
FER1L6-AS1	2.05039341266889
PRKCQ-AS1	0.979753098033958
CELF2-AS2	0.979753098033958
SHLD2P3	0.979753098033958
LINC00857	0.97891388353545
LINC00863	0.97891388353545
IFIT1B	0.97891388353545
ASNS	1.17037000361717
KRTAP5-2	1.07884952858265
KRTAP5-6	1.07884952858265
TMEM41B	1.07884952858265
LOC440028	1.07884952858265
PAX6-AS1	1.07884952858265
LOC440040	1.07884952858265
TRIM51HP	1.07884952858265
SLC22A20P	1.07884952858265
KRTAP5-7	1.07884952858265
KRTAP5-11	1.07884952858265
CASP1P2	1.0798977924045
CARD17	1.0798977924045
LINC00167	1.0798977924045
IQSEC3	1.02278665752541
ZNF705A	1.02278665752541
FAM66C	1.02278665752541
DDX12P	1.02278665752541
LOC440084	1.02278665752541
SMCO3	1.02278665752541
H3F3C	1.24074736084
DBX2	1.01423100355274
FLJ12825	1.01423100355274
TMEM198B	1.01423100355274
PLEKHG7	1.01423100355274
LINC02372	1.01423100355274
FZD10-AS1	1.01423100355274
LINC00544	1.33645054467716
LINC00545	1.33645054467716
ALG11	1.16077440404817
MZT1	1.16077440404817
OR11H12	0.764334413991476
RNASE13	0.764334413991476
LOC440173	0.975901197514351
CCDC196	0.764334413991476
CCDC88C	0.764334413991476
CXADRP3	1.15931082987001
NF1P2	1.15942294495005
GOLGA6L22	1.15942294495005
WHAMMP2	1.15942294495005
GOLGA8B	1.15942294495005
EIF2AK4	1.15942294495005
CATSPER2P1	1.15942294495005
UNC13C	1.15942294495005
UBL7-AS1	1.13133433617156
LOC440292	1.13133433617156
GOLGA6L9	1.13133433617156
LOC440300	1.13133433617156
TTLL13P	1.13133433617156
LOC440311	1.13133433617156
SMIM22	0.98246487716107
NPIPB4	0.98246487716107
LOC440346	0.98246487716107
NPIPB15	0.971089603767894
SNX29P2	0.98246487716107
NPIPB12	0.98246487716107
SMG1P2	0.98246487716107
CDIPTOSP	0.98246487716107
YBX3P1	0.98246487716107
CTRB2	0.971089603767894
LINC02181	0.971089603767894
RNASEK	0.749723017917101
CCDC144NL-AS1	0.749723017917101
TBC1D3P5	1.01129990957445
SUZ12P1	1.01129990957445
GPR179	1.48826986994562
LINC02072	1.00518177247207
TBC1D3P2	1.00518177247207
PLEKHM1P1	1.00518177247207
ARHGAP27P2	0.986809853654872
BAIAP2-DT	0.986809853654872
ANKRD20A5P	1.15931082987001
HSBP1L1	0.729564863856545
PLIN5	0.704151138682422
CLEC4GP1	0.704151138682422
ZNF506	0.71650131047893
GOLGA2P9	0.71650131047893
ZNF724	0.71650131047893
PSG8	1.24196546098975
PRDM16-DT	0.969343795308908
PRAMEF6	0.969343795308908
HNRNPCL2	0.969343795308908
UQCRHL	0.982951932690122
MICOS10	0.982951932690122
SLC2A1-AS1	0.982951932690122
FAM183A	0.982951932690122
ZYG11A	0.982951932690122
LINC01761	0.982951932690122
RBM15-AS1	0.982951932690122
CYMP-AS1	0.982951932690122
BCL2L15	0.982951932690122
HIST2H3PS2	0.982951932690122
HIST2H2BF	0.982951932690122
ETV3L	0.982951932690122
LRRC52	0.991375931347093
LOC440700	0.991375931347093
LINC01720	0.991375931347093
RHEX	0.991375931347093
C1orf143	0.991375931347093
TRIM67	1.02169470476617
MAP1LC3C	1.02169470476617
LINC00851	1.01794118838271
P2RX6P	0.730447216884634
PIWIL3	0.730447216884634
MIAT	0.730447216884634
SHISA8	0.720285108111023
ODF3B	0.73920158822585
CAPN14	1.01202671490066
ACTR3BP2	1.00240700458938
LOC440896	0.709018617651733
LINC01191	1.00240700458938
FAR2P1	1.00240700458938
LOC440910	1.00240700458938
POTEKP	1.00240700458938
FLJ46875	1.00240700458938
LINC01124	1.00240700458938
CT75	0.970894155693591
THUMPD3-AS1	0.720410490708883
EIF1B-AS1	0.720410490708883
TMEM89	0.730118323494498
IQCF6	0.730118323494498
SMIM4	0.730118323494498
LINC00971	0.434078096558972
LOC440982	1.21511111792987
MIR570HG	1.03734056701319
CPEB2-DT	0.982841762389136
MTHFD2L	0.982841762389136
LINC02483	0.982841762389136
TMEM150C	0.982841762389136
GUSBP5	0.982841762389136
LOC441052	0.716789838124403
C4orf47	0.716789838124403
LINC01667	1.08779534512708
MARCH11	1.19567882225115
FLJ31104	0.981327424359639
LOC441081	0.981327424359639
LOC441086	0.981327424359639
LOC441087	0.981327424359639
CRSP8P	0.981327424359639
NR2F1-AS1	0.981327424359639
C5orf56	0.981327424359639
LINC01951	0.981327424359639
LINC00266-3	1.12568358502349
GTF2IP20	0.991375931347093
C6orf226	1.04825237769963
TMEM151B	1.04825237769963
LOC441155	0.94270636541698
OOEP	0.94270636541698
CALHM6	0.94270636541698
FLJ46906	0.94270636541698
LINC00602	0.862327116139212
LINC02487	0.862327116139212
LOC441179	0.862327116139212
RNF216P1	1.10834731360131
PMS2CL	1.10834731360131
LOC441204	1.17037000361717
ZNRF2P1	1.17037000361717
RP9P	1.17037000361717
ZNF716	1.17037000361717
LOC441242	1.17037000361717
TYW1B	1.17037000361717
SPDYE7P	1.17037000361717
DTX2P1-UPK3BP1-PMS2P11	1.17037000361717
SPDYE3	1.17037000361717
SPDYE2	1.17978731315435
AKR1B15	1.17978731315435
CTAGE15	1.17978731315435
HRAT92	1.10834731360131
OR4F21	0.416284738599625
FAM90A10P	7.87347220630947e-06
MIR2052HG	1.01569444866679
FLJ46284	1.01569444866679
FLJ42969	1.01569444866679
AARD	2.05039341266889
LRRC24	1.02360093995737
LINC01239	0.952713287730748
SUGT1P1	0.952713287730748
SPATA31C1	0.975901197514351
PTMAP11	0.970815788272126
LOC441455	0.970815788272126
NUTM2G	0.970815788272126
ANKRD18B	0.952713287730748
STX17-AS1	0.963087641236575
STPG3	0.963087641236575
NRARP	0.963087641236575
FTH1P18	0.742060425418264
RPS26P11	0.971983922050255
GLRA4	0.971983922050255
RTL8B	0.971983922050255
CT45A3	0.971983922050255
CT45A5	0.971983922050255
SPANXN4	0.971983922050255
PGAM4	0.971983922050255
CDNF	0.979753098033958
FRG2B	0.96610428515749
LOC441601	1.07884952858265
OR5B3	1.07884952858265
TSPAN11	1.24074736084
OR9K2	1.01423100355274
LOC441666	0.979753098033958
OR4Q3	0.764334413991476
OR4M1	0.764334413991476
TEX21P	0.764334413991476
PRKXP1	1.13133433617156
WBP11P1	0.729564863856545
TARM1	1.25334885646717
ANKRD65	0.969343795308908
PRAMEF7	0.969343795308908
PGCP1	0.982951932690122
NBPF18P	0.982951932690122
OR10J3	0.982951932690122
BECN2	1.02169470476617
OR2W5	1.02169470476617
OR13G1	1.02169470476617
ZFAS1	1.3428247635557
LOC442028	1.00240700458938
SULT1C3	1.00240700458938
EMC3-AS1	0.720410490708883
GALNTL6	0.716789838124403
LOC442132	1.19567882225115
OR1F12	1.12568358502349
OR2B3	1.12568358502349
OR2J1	1.12568358502349
OR2J3	1.12568358502349
OR14J1	1.12568358502349
OR10C1	1.12568358502349
ATP6V0CP3	1.04825237769963
PTCHD4	1.04825237769963
SLC25A51P1	0.94270636541698
GSTM2P1	0.94270636541698
RFPL4B	0.94270636541698
ZNF727	1.17037000361717
OR2A2	1.17978731315435
SDR16C6P	1.01569444866679
PTGER4P2-CDK2AP2P2	0.709018617651733
FOXB2	0.975901197514351
FAM47C	0.742060425418264
UQCRBP1	0.971983922050255
LOC442497	1.10834731360131
DPY19L2P4	1.17037000361717
DPY19L2P3	1.17037000361717
STAG3L3	1.17037000361717
STAG3L2	1.17037000361717
SPDYE5	1.17037000361717
EIF3IP1	1.17978731315435
LMOD2	1.17978731315435
MIR133B	1.04825237769963
MIR135B	0.991375931347093
MIR148B	1.01423100355274
MIR151A	2.05039341266889
MIR302B	0.982841762389136
MIR302C	0.982841762389136
MIR302D	0.982841762389136
MIR323A	0.764334413991476
MIR324	0.749723017917101
MIR325	0.971983922050255
MIR326	1.0798977924045
MIR328	0.971089603767894
MIR330	1.24196546098975
MIR331	1.01423100355274
MIR335	1.17978731315435
MIR337	0.764334413991476
MIR338	0.986809853654872
MIR339	1.10834731360131
MIR340	0.981327424359639
MIR342	0.764334413991476
MIR345	0.764334413991476
MIR346	0.97891388353545
MIR367	0.982841762389136
MIR376C	0.764334413991476
MIR369	0.764334413991476
MIR370	0.764334413991476
MIR371A	1.25334885646717
MIR372	1.25334885646717
MIR373	1.25334885646717
MIR374A	0.971983922050255
MIR196B	1.17037000361717
ASPA	0.7295394616866
MYO1B	0.970894155693591
CITED1	0.971983922050255
MSH2	1.00240700458938
MSH3	0.981327424359639
MSH4	0.982951932690122
MSH5	1.04825237769963
ASPH	1.01569444866679
MSI1	1.01423100355274
IGFL4	1.24196546098975
ASS1	0.963087641236575
ARHGEF35	1.17978731315435
SULT1A4	0.98246487716107
TARP	1.17037000361717
TRIM6-TRIM34	1.07884952858265
CBWD3	0.975901197514351
C9orf129	0.975901197514351
POTEE	1.00240700458938
PALM2-AKAP2	0.963087641236575
MSMB	0.979753098033958
MSN	0.971983922050255
MSR1	0.433694208344174
MSRA	0.433694208344174
MST1	0.730118323494498
MST1R	0.730118323494498
MSX1	0.982841762389136
MSX2	0.981327424359639
FRG2	1.00182064735938
KPRP	0.982951932690122
LCE6A	0.982951932690122
MT1A	0.98246487716107
MT1B	0.98246487716107
MT1E	0.98246487716107
MT1F	0.98246487716107
DEFA8P	0.416284738599625
DEFA9P	0.416284738599625
DEFA10P	0.416284738599625
MT1G	0.98246487716107
GGNBP1	1.04825237769963
MT1H	0.98246487716107
MT1JP	0.98246487716107
MT1M	0.98246487716107
MT1L	0.98246487716107
MT1X	0.98246487716107
MT2A	0.98246487716107
MT3	0.98246487716107
MTAP	0.952713287730748
MTCP1	1.15404773795701
MTF1	0.982951932690122
NUDT1	1.10834731360131
MTHFD1	0.764334413991476
MTHFR	0.969343795308908
MTIF2	1.00240700458938
MTM1	1.12011520828342
MYO1F	0.704151138682422
MTNR1A	0.716789838124403
MTNR1B	1.0798977924045
MTTP	0.982841762389136
MTR	1.02169470476617
MTRR	1.19567882225115
MTX1	0.982951932690122
MUC1	0.982951932690122
MUC2	1.07884952858265
MUC3A	1.17978731315435
MUC4	1.03734056701319
MUC5AC	1.07884952858265
MUC6	1.07884952858265
MUC7	0.982841762389136
TRIM37	1.00518177247207
MUSK	0.963087641236575
MMUT	1.04825237769963
MUTYH	0.982951932690122
MVD	0.971089603767894
MVK	1.01423100355274
MX1	0.71893801338487
ASTN1	0.991375931347093
MX2	0.71893801338487
MXI1	0.97891388353545
MYB	0.94270636541698
MYBL1	1.01569444866679
MYBPC1	1.01423100355274
MYBL2	1.3428247635557
MYBPC2	1.24196546098975
MYBPC3	1.07884952858265
MYBPH	0.991375931347093
MYC	2.05039341266889
MYCL	0.982951932690122
MYCN	1.01202671490066
MYD88	0.720410490708883
GADD45B	0.672745602694723
MYF5	1.01423100355274
MYF6	1.01423100355274
MYH1	0.749723017917101
SERPINC1	0.991375931347093
MYH2	0.749723017917101
MYH3	0.749723017917101
MYH4	0.749723017917101
MYH6	0.764334413991476
MYH7	0.764334413991476
MYH8	0.749723017917101
MYH9	0.720285108111023
MYH10	0.749723017917101
MYH11	0.98246487716107
ZFHX3	0.971089603767894
MYL1	0.970894155693591
MYL2	1.01423100355274
MYL3	0.730118323494498
MYL4	1.00518177247207
MYL5	0.982841762389136
MYL6	1.01423100355274
MYLK	1.19833272410156
MYO1A	1.01423100355274
MYO1C	0.7295394616866
MYO1D	1.43941607542378
MYO1E	1.13133433617156
MYO5A	1.15942294495005
MYO5B	0.729564863856545
MYO6	0.94270636541698
MYO7A	1.0798977924045
MYO7B	1.00240700458938
MYO9A	1.13133433617156
MYO9B	0.71650131047893
MYO10	1.19567882225115
MYOC	0.991375931347093
MYOD1	1.07884952858265
MYOG	0.991375931347093
PPP1R12A	1.01423100355274
ATF1	1.01423100355274
PPP1R12B	0.991375931347093
MYT1	1.3428247635557
NAB1	0.970894155693591
NAB2	1.01423100355274
NACA	1.01423100355274
NAGA	0.720285108111023
NAGLU	1.00518177247207
ATF3	0.991375931347093
HNRNPM	0.704151138682422
NAIP	0.981327424359639
NAP1L1	1.01423100355274
NAP1L2	0.971983922050255
NAP1L3	0.971983922050255
NAP1L4	1.07884952858265
NARS	0.729564863856545
NASP	0.982951932690122
ATF4	0.720285108111023
CEACAM6	1.24196546098975
NBL1	0.982951932690122
NUBP1	0.98246487716107
NBN	1.01569444866679
NCAM1	1.0798977924045
NCAM2	0.71893801338487
NCBP1	0.970815788272126
NCF2	0.991375931347093
NCF4	0.720285108111023
NCK1	0.986056538996622
NCL	0.970894155693591
NDN	1.15942294495005
NDP	1.0526427280961
NDUFA1	0.971983922050255
NDUFA2	0.981327424359639
NDUFA3	1.25334885646717
NDUFA4	0.932380436661844
NDUFA5	1.17978731315435
ACLY	1.00518177247207
NDUFA6	0.720285108111023
NDUFA7	0.704151138682422
NDUFA8	0.963087641236575
NEB	1.00240700458938
NDUFA9	1.02278665752541
NDUFA10	0.966350804585467
NDUFAB1	0.98246487716107
NDUFB1	0.764334413991476
NDUFB2	1.17978731315435
NDUFB3	0.970894155693591
ATIC	0.970894155693591
NDUFB4	1.19833272410156
NDUFB5	1.03734056701319
NDUFB6	0.952713287730748
NDUFB7	0.71650131047893
NDUFB8	0.97891388353545
NDUFB9	2.05039341266889
NDUFB10	0.98246487716107
NDUFC1	0.982841762389136
NDUFC2	1.0798977924045
NDUFS1	0.970894155693591
ATM	1.0798977924045
NDUFS2	0.982951932690122
NDUFS3	1.07884952858265
NDUFV1	1.07884952858265
NDUFS4	0.981327424359639
NDUFS5	0.982951932690122
NDUFS6	1.19567882225115
NDUFS8	1.07884952858265
NDUFV2	1.15931082987001
RERE	0.969343795308908
NDUFV3	0.717899370570668
DRG1	0.720285108111023
NEDD4	1.13133433617156
SEPTIN2	0.966350804585467
RPL10A	1.04825237769963
NEDD8	0.764334413991476
NEDD9	1.12568358502349
ATOH1	0.982841762389136
NEFM	0.433694208344174
LRRC37A2	1.00518177247207
SUMO1P3	0.982951932690122
SPIN2B	0.971983922050255
GIMAP6	1.24449465772
LRRC18	0.979753098033958
NEFH	1.25509584409354
NELL1	1.07884952858265
NEFL	0.433694208344174
ATOX1	0.981327424359639
NEK1	0.716789838124403
NEK2	0.991375931347093
NEK3	1.16077440404817
NELL2	1.01423100355274
NEO1	1.13133433617156
NEU1	1.04825237769963
NEU2	0.970894155693591
ATP1A1	0.982951932690122
NEUROD1	0.970894155693591
NEUROD2	1.00518177247207
NEUROG1	0.981327424359639
NF1	1.43941607542378
ATP1A2	0.982951932690122
NF2	1.25509584409354
NFATC1	0.729564863856545
NFATC2	1.3428247635557
NFIA	0.982951932690122
NFATC3	0.971089603767894
NFATC4	0.764334413991476
NFE2	1.01423100355274
NFE2L1	1.00518177247207
ATP1A3	1.24196546098975
NFE2L2	0.970894155693591
NFIB	0.952713287730748
NFIC	0.672745602694723
NFIL3	0.975901197514351
NFIX	0.71650131047893
ATP12A	1.33645054467716
NFKB1	0.982841762389136
NFKB2	0.97891388353545
NFKBIA	0.764334413991476
NFKBIB	1.24196546098975
NFKBIE	1.04825237769963
NFKBIL1	1.04825237769963
TONSL	1.02360093995737
NFRKB	1.0798977924045
NFX1	0.952713287730748
ACO1	0.952713287730748
ATP1A4	0.982951932690122
NFYA	1.04825237769963
NFYB	1.01423100355274
NFYC	0.982951932690122
NGF	0.982951932690122
NGFR	1.00518177247207
NHLH1	0.982951932690122
NHLH2	0.982951932690122
SNU13	0.720285108111023
ATP1B1	0.991375931347093
NHS	0.961550425812295
NID1	1.02169470476617
NINJ1	0.975901197514351
NINJ2	1.02278665752541
NIT1	0.982951932690122
NKG7	1.24196546098975
ATP1B2	0.749723017917101
NKTR	0.720410490708883
NKX2-2	1.01794118838271
NKX3-1	0.433694208344174
NKX6-1	0.982841762389136
NNAT	1.3428247635557
NMB	1.13133433617156
NMBR	0.94270636541698
ATP1B3	0.986056538996622
NME1	1.00518177247207
NME2	1.00518177247207
NME3	0.98246487716107
NME4	0.98280619354904
NQO2	1.12568358502349
NMT1	1.00518177247207
NNMT	1.0798977924045
NODAL	0.979753098033958
NOP2	1.02278665752541
NONO	0.971983922050255
NOS1	1.01423100355274
NOS2	1.01129990957445
NOS3	1.24449465772
CNOT2	1.01423100355274
CNOT3	1.25334885646717
CNOT4	1.17978731315435
NOTCH1	0.963087641236575
NPY	1.17037000361717
NOTCH2	0.982951932690122
NOTCH3	0.71650131047893
NOTCH4	1.04825237769963
CCN3	2.05039341266889
NOVA1	0.764334413991476
NOVA2	1.24196546098975
FXYD2	1.0798977924045
PNP	0.764334413991476
NPAS1	1.24196546098975
NPAS2	1.00240700458938
NPAT	1.0798977924045
NPC1	0.729564863856545
NPHP1	1.00240700458938
NPHS1	1.24196546098975
NPM1	0.981327424359639
ATP2A1	0.98246487716107
NPPA	0.969343795308908
NPPB	0.969343795308908
ATP2A2	1.01423100355274
NPPC	0.970894155693591
NPR1	0.982951932690122
NPR2	0.952713287730748
NPR3	1.19567882225115
NPTX1	0.986809853654872
NPTX2	1.17037000361717
NPY1R	0.716789838124403
NPY2R	0.983733746955767
NPY6R	0.981327424359639
NPY5R	0.716789838124403
ATP2A3	0.7295394616866
SLC11A2	1.01423100355274
NRAP	0.97891388353545
NRAS	0.982951932690122
NRCAM	1.17978731315435
NRDC	0.982951932690122
NRF1	1.17978731315435
ACR	0.73920158822585
ATP2B1	1.01423100355274
NRGN	1.0798977924045
NRL	0.764334413991476
NRTN	0.704151138682422
YBX1	0.982951932690122
NSF	1.00518177247207
NT5E	0.94270636541698
NTF3	1.02278665752541
NTF4	1.24196546098975
ATP2B2	0.720410490708883
NTHL1	0.98246487716107
NTRK1	0.982951932690122
NTRK2	0.975901197514351
NTRK3	1.13133433617156
NTN3	0.98246487716107
ROR1	0.982951932690122
ATP2B3	1.21583421531377
ROR2	0.975901197514351
DDR2	0.991375931347093
NTS	1.01423100355274
NTSR1	1.3428247635557
GEMIN8P4	0.982951932690122
PPDPFL	1.01569444866679
IGIP	0.981327424359639
NUCB1	1.24196546098975
NUCB2	1.07884952858265
NUMA1	1.07884952858265
NUP88	0.749723017917101
NUP98	1.07884952858265
NR4A2	1.00240700458938
ATP2B4	0.991375931347093
NVL	0.991375931347093
GPR143	0.681263242067964
COA5	1.00240700458938
GS1-124K5.11	1.17037000361717
OAS1	1.01423100355274
HCG11	1.12568358502349
TRIM72	0.98246487716107
CISD2	0.982841762389136
CCDC73	1.07884952858265
EID3	1.01423100355274
GPX8	0.981327424359639
OAS2	1.01423100355274
TMEM9B-AS1	1.07884952858265
RNASE12	0.764334413991476
PHOSPHO2	1.00240700458938
PAPPA-AS1	0.963087641236575
OAS3	1.01423100355274
RBMXL1	0.982951932690122
SPANXN1	0.971983922050255
SPANXN2	0.971983922050255
LOC494127	0.975901197514351
LOC494141	1.07884952858265
CHAC2	1.00240700458938
FBXO47	1.48826986994562
SPANXN5	0.971983922050255
OAT	0.96610428515749
TBC1D25	1.0526427280961
MIR361	0.971983922050255
MIR375	0.970894155693591
MIR376A1	0.764334413991476
MIR377	0.764334413991476
MIR378A	0.981327424359639
MIR379	0.764334413991476
MIR380	0.764334413991476
MIR381	0.764334413991476
MIR382	0.764334413991476
MIR383	0.433694208344174
MIR384	0.971983922050255
MIR422A	1.13133433617156
MIR423	1.01129990957445
MIR424	0.971983922050255
MIR425	0.730118323494498
RNF165	0.729564863856545
PJVK	0.970894155693591
TYMSOS	1.15931082987001
WEE2	1.17978731315435
C9orf135-DT	0.975901197514351
OAZ1	0.672745602694723
OAZ2	1.13133433617156
OCA2	1.15942294495005
ATP4A	1.24196546098975
OCM2	1.17037000361717
OCRL	0.971983922050255
ODC1	1.01202671490066
ODF1	1.01569444866679
ODF2	0.963087641236575
OMD	0.975901197514351
ATP4B	1.16077440404817
OGDH	1.17037000361717
OGG1	0.720410490708883
OGN	0.975901197514351
KU-MEL-3	1.12568358502349
FLJ25758	0.704151138682422
TIFAB	0.981327424359639
CLEC18B	0.971089603767894
LOC497256	0.975901197514351
BDNF-AS	1.07884952858265
C18orf61	1.15931082987001
OLR1	1.02278665752541
OMG	1.43941607542378
OMP	1.0798977924045
OPA1	1.03734056701319
LINC00293	1.01569444866679
C18orf32	0.729564863856545
OPCML	1.0798977924045
ATP5F1A	0.729564863856545
TNFRSF11B	2.05039341266889
OPHN1	0.971983922050255
OPRD1	0.982951932690122
ZBTB21	0.717899370570668
SCAPER	1.13133433617156
WRAP73	0.969343795308908
OPRK1	1.01569444866679
CRNN	0.982951932690122
CLDN20	0.749110827107011
OPRL1	1.3428247635557
OPRM1	0.749110827107011
SIX6	0.764334413991476
OR1D2	0.7295394616866
OR1F1	0.98246487716107
OR2C1	0.98246487716107
OR3A1	0.7295394616866
OR3A2	0.7295394616866
ORC1	0.982951932690122
ORC2	0.970894155693591
ACO2	0.720285108111023
ORC4	1.00240700458938
ORC5	1.17978731315435
SLC22A18	1.07884952858265
SLC22A18AS	1.07884952858265
ORM1	0.963087641236575
ORM2	0.963087641236575
OSBP	1.07884952858265
OSM	0.720285108111023
OTC	0.742060425418264
ALDH7A1	0.981327424359639
CLDN11	1.2087165663813
OTX1	1.00240700458938
OTX2	0.764334413991476
OVGP1	0.982951932690122
OVOL1	1.07884952858265
OXA1L	0.764334413991476
OXCT1	1.19567882225115
OXT	1.01794118838271
OXTR	0.720410490708883
P2RX1	0.7295394616866
P2RX3	1.07884952858265
P2RX4	1.01423100355274
P2RX5	0.7295394616866
P2RX7	1.01423100355274
P2RY1	1.06598575216065
P2RY2	1.07884952858265
P2RY4	0.971983922050255
P2RY6	1.07884952858265
P2RY11	0.704151138682422
P4HA1	0.979753098033958
P4HB	0.986809853654872
MS4A13	1.07884952858265
LINC00929	1.15942294495005
A1BG-AS1	1.25334885646717
SPRN	0.96610428515749
RGMB-AS1	0.981327424359639
ARGFX	1.19833272410156
PA2G4	1.01423100355274
DUXAP8	0.736942594729667
ARGFXP2	1.43941607542378
DPRXP4	1.43941607542378
LOH12CR2	1.02278665752541
PEBP1	1.01423100355274
DPRX	1.25334885646717
DUXA	1.25334885646717
OR8U8	1.07884952858265
OR9G9	1.07884952858265
PABPC3	1.33645054467716
FURIN	1.13133433617156
PCSK6	1.13133433617156
PAEP	0.963087641236575
PAFAH1B1	0.7295394616866
RRM2B	1.01569444866679
SMARCAL1	0.970894155693591
G0S2	0.991375931347093
PLA2G3	0.720285108111023
MINK1	0.00119967180446285
CD207	1.00240700458938
PAFAH1B2	1.0798977924045
PAFAH1B3	1.24196546098975
DUOX2	1.15942294495005
NOX4	1.0798977924045
NOX3	0.749110827107011
COL5A3	0.704151138682422
PAFAH2	0.982951932690122
SYCP3	1.01423100355274
PODXL2	1.19833272410156
CHST11	1.01423100355274
PRDX1	0.982951932690122
PAH	1.01423100355274
SERPINE1	1.17978731315435
SERPINB2	0.729564863856545
PAK1	1.0798977924045
ATP5F1B	1.01423100355274
IL20	0.991375931347093
UBQLN3	1.07884952858265
GALNT9	1.01423100355274
IL21R	0.98246487716107
IL22	1.01423100355274
ATP6V0A4	1.17978731315435
ITSN2	1.01202671490066
DEF6	1.04825237769963
PAK2	1.03734056701319
CUZD1	0.96610428515749
CYHR1	1.02360093995737
GEMIN4	0.7295394616866
PAK3	0.971983922050255
CALY	0.96610428515749
ANO7	0.966350804585467
PALM	0.672745602694723
PNPLA8	1.17978731315435
ARHGEF4	1.00240700458938
ARHGEF3	0.730118323494498
SLC45A1	0.969343795308908
PCA3	0.975901197514351
PAM	0.981327424359639
CNTN3	0.723578923483452
NEUROG3	0.979753098033958
REG3A	1.00240700458938
PAPPA	0.963087641236575
RDH8	0.704151138682422
PRKN	0.749110827107011
DCAF8	0.982951932690122
PARN	0.98246487716107
PAWR	1.01423100355274
PAX1	1.01794118838271
PAX2	0.97891388353545
PAX3	0.970894155693591
PAX4	1.17978731315435
PAX5	0.709018617651733
PAX6	1.07884952858265
KCNK4	1.07884952858265
MYEF2	1.15942294495005
IRX4	1.19567882225115
ASAP1	2.05039341266889
AK3	0.952713287730748
HP1BP3	0.982951932690122
PAX7	0.982951932690122
HDGFL3	1.13133433617156
COPS7A	1.02278665752541
NSDHL	1.21583421531377
PDCL	0.963087641236575
PAX9	0.764334413991476
TAS2R3	1.17978731315435
TAS2R4	1.17978731315435
TAS2R16	1.17978731315435
TAS2R1	1.19567882225115
TAS2R9	1.02278665752541
TAS2R8	1.02278665752541
TAS2R7	1.02278665752541
TAS2R13	1.02278665752541
TAS2R10	1.02278665752541
TAS2R14	1.02278665752541
DHH	1.01423100355274
F11R	0.982951932690122
TRAT1	1.19833272410156
VILL	0.720410490708883
SNHG32	1.04825237769963
PARD6A	0.971089603767894
CLEC4A	1.02278665752541
SPOCK3	0.716789838124403
STMN3	1.3428247635557
RNF141	1.07884952858265
NTM	1.0798977924045
HEBP1	1.02278665752541
PBX1	0.991375931347093
PBX2	1.04825237769963
ATP5F1C	0.979753098033958
PBX3	0.963087641236575
PC	1.07884952858265
PCBD1	0.979753098033958
PCBP1	1.00240700458938
CDON	1.0798977924045
IMPG2	1.19833272410156
PCBP2	1.01423100355274
PDE11A	0.970894155693591
FOXP3	1.0526427280961
SHANK1	1.24196546098975
TBX22	0.971983922050255
PCCA	1.16077440404817
PCCB	0.986056538996622
SOST	1.00518177247207
PCDH1	0.981327424359639
PCDHGC3	0.981327424359639
PCDH7	0.982841762389136
TMED5	0.982951932690122
ACOX1	0.986809853654872
PCDH8	1.16077440404817
SLC35B3	1.12568358502349
MTERF3	1.01569444866679
TPRKB	1.00240700458938
MED31	0.749723017917101
COQ6	0.764334413991476
AMDHD2	0.98246487716107
SLC35C2	1.3428247635557
ASCC1	0.979753098033958
DERL2	0.749723017917101
PCDH9	1.16077440404817
EXOSC3	0.709018617651733
FAHD2A	1.00240700458938
PRELID3B	1.3428247635557
EXOSC1	0.97891388353545
TMED7	0.981327424359639
ISOC1	0.981327424359639
EMC9	0.764334413991476
RRP15	0.991375931347093
WASHC3	1.01423100355274
HDDC2	0.94270636541698
MRPS16	0.979753098033958
GLRX2	0.991375931347093
MRPS18C	0.982841762389136
FIS1	1.17978731315435
PAM16	0.98246487716107
GOLT1B	1.24074736084
BOLA1	0.982951932690122
VPS36	1.16077440404817
DESI2	1.02169470476617
TVP23B	0.749723017917101
GLOD4	0.7295394616866
CELA2B	0.982951932690122
UBXN1	1.07884952858265
SERPINA5	0.764334413991476
ZNF593	0.982951932690122
ZBTB7B	0.982951932690122
ST8SIA3	0.729564863856545
PCK1	1.3428247635557
PI15	1.01569444866679
PRLH	0.970894155693591
GMNN	1.12568358502349
PLEKHA8P1	1.01423100355274
LAP3	0.982841762389136
WDPCP	1.00240700458938
ZNF691	0.982951932690122
FAM135B	2.05039341266889
PCK2	0.764334413991476
TXNDC12	0.982951932690122
TXNDC11	0.98246487716107
ATL1	0.764334413991476
CALHM2	0.97891388353545
RPS27L	1.13133433617156
SSUH2	0.720410490708883
YARS2	1.24074736084
NMD3	1.06598575216065
MRPL2	1.04825237769963
NOSIP	1.24196546098975
DERA	1.02278665752541
MEMO1	1.01202671490066
MRPL4	0.704151138682422
APIP	1.07884952858265
TMX2	1.07884952858265
CUTC	0.97891388353545
FCF1	0.764334413991476
THAP4	0.966350804585467
NDUFA13	0.71650131047893
PCM1	0.433694208344174
MRPS7	0.986809853654872
POLR1D	1.33645054467716
GAL	1.07884952858265
CRYL1	1.33645054467716
MLXIPL	1.17037000361717
TNNI3K	0.982951932690122
YBX2	0.749723017917101
KLHL5	0.982841762389136
PLLP	0.98246487716107
SEPSECS	0.982841762389136
SIDT2	1.0798977924045
RRNAD1	0.982951932690122
ADIPOR1	0.991375931347093
TRNT1	0.720410490708883
UTP18	1.00518177247207
SCCPDH	1.02169470476617
IFT52	1.3428247635557
ABHD5	4.25805786962494e-05
PCMT1	0.749110827107011
SH3GLB1	0.982951932690122
ZC2HC1A	1.01569444866679
MECR	0.982951932690122
NDUFAF1	1.15942294495005
ABHD17B	0.975901197514351
PHF20L1	2.05039341266889
TFB1M	0.749110827107011
APH1A	0.982951932690122
METTL9	0.98246487716107
RDH11	0.764334413991476
PCNA	1.01794118838271
LACTB2	1.01569444866679
KMT5B	1.07884952858265
TRAPPC12	1.01202671490066
ZDHHC9	0.971983922050255
RMDN1	1.01569444866679
MRPS2	0.963087641236575
COQ4	0.963087641236575
UTP11	0.982951932690122
SBDS	1.17037000361717
RPL26L1	0.981327424359639
COMMD2	1.21511111792987
ZNF706	1.01569444866679
IER3IP1	0.729564863856545
GOLGA7	0.416558022388397
NAA20	1.01794118838271
TRIM17	1.02169470476617
SAR1B	0.981327424359639
ANGPTL4	0.704151138682422
ASB3	1.00240700458938
PHF11	1.16077440404817
RLIM	0.971983922050255
KCTD3	0.991375931347093
CEP83	1.01423100355274
IRAK4	1.01423100355274
RNFT1	1.00518177247207
COPS4	0.982841762389136
INSIG2	1.00240700458938
CHCHD2	1.17037000361717
DYNC1LI1	0.720410490708883
HSD17B12	1.07884952858265
LOC51145	0.963087641236575
A4GNT	0.986056538996622
ING4	1.02278665752541
CERCAM	0.963087641236575
MRNIP	0.981327424359639
SDF4	0.969343795308908
SLC45A2	1.19567882225115
MRTO4	0.982951932690122
JPT1	0.986809853654872
SERPINA10	0.764334413991476
ZNF580	1.25334885646717
PCNT	0.696368907296711
VPS28	1.02360093995737
C3orf18	0.730118323494498
EGFL7	0.963087641236575
DBR1	0.986056538996622
DCTN4	0.981327424359639
AADAT	0.716789838124403
CYB5R4	0.94270636541698
MYO15A	0.749723017917101
HSD17B11	0.982841762389136
HSD17B14	1.24196546098975
NAGPA	0.98246487716107
TUBD1	1.00518177247207
TUBE1	0.94270636541698
LEF1	0.982841762389136
PLEKHO1	0.982951932690122
HAO2	0.982951932690122
PCOLCE	1.17037000361717
DCXR	0.986809853654872
HSPA14	0.979753098033958
GPN3	1.01423100355274
CRBN	0.720410490708883
TCEAL9	0.971983922050255
RSL24D1	1.13133433617156
SS18L2	0.720410490708883
CHMP1A	0.971089603767894
HERC5	0.982841762389136
CKLF	0.98246487716107
ZNF639	1.03734056701319
IPO11	0.981327424359639
RAPGEFL1	1.00518177247207
PLCE1	0.97891388353545
CDKN2A-DT	0.952713287730748
NIN	0.764334413991476
CPA4	1.17978731315435
ZDHHC2	0.433694208344174
DDX47	1.02278665752541
NUSAP1	1.15942294495005
TACO1	1.00518177247207
ACP6	0.982951932690122
GP6	1.25334885646717
DUSP13	0.97891388353545
CLDN18	0.986056538996622
RAB9B	0.971983922050255
PCP4	0.71893801338487
LUZP4	0.971983922050255
IGF2-AS	1.07884952858265
GLRX5	0.764334413991476
PCSK1	0.981327424359639
ZNF219	0.764334413991476
ELOA2	0.729564863856545
ABI3	1.00518177247207
COPZ2	1.00518177247207
PIGP	0.71893801338487
GLTP	1.01423100355274
PHF20	1.3428247635557
VRK3	1.24196546098975
CRIM1	1.00240700458938
DRICH1	0.730447216884634
EMC4	1.15942294495005
HGH1	1.02360093995737
MZB1	0.981327424359639
ANKRD39	1.00240700458938
COX16	0.764334413991476
CCDC174	0.720410490708883
SHISA5	0.730118323494498
PAIP2	0.981327424359639
PDZD11	0.971983922050255
TMEM69	0.982951932690122
PCSK5	0.975901197514351
C6orf203	0.94270636541698
NT5C3A	1.17037000361717
FAM178B	1.00240700458938
MRPL37	0.982951932690122
RNF181	1.00240700458938
TBC1D7	1.12568358502349
MARCH2	0.704151138682422
MRPL51	1.02278665752541
TMEM216	1.07884952858265
PCSK2	1.01794118838271
PBDC1	0.971983922050255
MRPL30	1.00240700458938
MRPL27	1.00518177247207
CDKL3	0.981327424359639
CLEC1B	1.02278665752541
CLEC1A	1.02278665752541
PIPOX	1.01129990957445
CDK16	1.0526427280961
TFDP3	0.971983922050255
UBAP1	0.952713287730748
BET1L	1.07884952858265
KLF3	0.982841762389136
MAPKAPK5-AS1	1.01423100355274
ZNF571	1.24196546098975
DNAJC27	1.01202671490066
IER5	0.991375931347093
C1RL	1.02278665752541
CDK17	1.01423100355274
GOLM1	0.975901197514351
ANKMY1	0.966350804585467
SCAND1	1.3428247635557
BFAR	0.98246487716107
TLR7	0.681263242067964
RASL12	1.13133433617156
CEND1	1.07884952858265
COA4	1.07884952858265
RXFP3	1.19567882225115
CDK18	0.991375931347093
ERGIC2	1.24074736084
GMIP	0.71650131047893
GMPR2	0.764334413991476
CD320	0.704151138682422
PCDH12	0.981327424359639
ECSIT	0.748368687962694
SLC15A3	1.07884952858265
BPIFA1	1.3428247635557
THEG	0.681558751293874
NRN1	1.12568358502349
ATP5F1D	0.672745602694723
PCYT1A	1.03734056701319
TIMMDC1	1.19833272410156
GCNT4	0.981327424359639
CYP39A1	1.04825237769963
FKBP11	1.01423100355274
ZDHHC3	0.730118323494498
KCNK9	2.05039341266889
FAM13B	0.981327424359639
FAM53C	0.981327424359639
REEP2	0.981327424359639
ARMCX1	0.971983922050255
SLC22A17	0.764334413991476
TLR8	0.681263242067964
SLC25A37	0.433694208344174
GASK1B	0.716789838124403
NME8	1.17037000361717
KRCC1	1.00240700458938
PLAC8	0.982841762389136
PHF21A	1.07884952858265
MRPL35	1.00240700458938
RSRC1	1.06598575216065
PDC	0.991375931347093
MEX3C	0.729564863856545
AMZ2	0.986809853654872
WAC	0.979753098033958
SPG21	1.13133433617156
AHSP	0.98246487716107
ARL6IP4	1.01423100355274
PDCD1	0.966350804585467
TNFRSF12A	0.98246487716107
SPTBN5	1.15942294495005
ZNF771	0.98246487716107
PRR16	0.981327424359639
NGRN	1.13133433617156
THEM6	1.02360093995737
MS4A4A	1.07884952858265
DACT1	0.764334413991476
PDCD2	0.862327116139212
CRNKL1	1.01794118838271
ZBTB7A	0.672745602694723
FZR1	0.672745602694723
TAOK3	1.01423100355274
KLRF1	1.02278665752541
KRT76	1.01423100355274
ZNF117	1.17037000361717
WT1-AS	1.07884952858265
PDE1A	0.970894155693591
MBTPS2	0.961550425812295
HOOK1	0.982951932690122
CDC40	0.94270636541698
CHST15	0.96610428515749
ZMYND10	0.730118323494498
PLA1A	1.19833272410156
UBR5	1.01569444866679
POP5	1.01423100355274
TEX264	0.730118323494498
PDE1C	1.17037000361717
POMP	1.33645054467716
TMA7	0.730118323494498
MRPS17	1.17037000361717
ATRAID	1.01202671490066
SNX7	0.982951932690122
UCHL5	0.991375931347093
ANGPT4	1.04060686127253
CRLF3	1.01129990957445
PDE2A	1.07884952858265
CSAD	1.01423100355274
ATP6V1D	0.764334413991476
WNT16	1.17978731315435
ZNF589	0.730118323494498
EIF3L	0.720285108111023
NIP7	0.971089603767894
RWDD1	0.94270636541698
PDE3A	1.02278665752541
AIG1	0.94270636541698
TRPV2	0.749723017917101
COMMD10	0.981327424359639
WDR83OS	0.71650131047893
TRAPPC4	1.0798977924045
ATP5F1E	1.3428247635557
PDE3B	1.07884952858265
PPME1	1.07884952858265
NOL7	1.12568358502349
HEMK1	0.730118323494498
PDE4A	0.704151138682422
BIN2	1.01423100355274
ACTL6B	1.17037000361717
PDE4B	0.982951932690122
AMOTL2	0.986056538996622
PRKAG2	1.24449465772
POLK	0.981327424359639
ZNF107	1.17037000361717
DDX41	0.981327424359639
SNX9	0.749110827107011
PDE4C	0.71650131047893
SUCO	0.991375931347093
ANAPC5	1.01423100355274
ANAPC7	1.01423100355274
SCARA3	0.433694208344174
MAGEC2	0.971983922050255
FAM8A1	1.12568358502349
PDE4D	0.981327424359639
HPCAL4	0.982951932690122
YTHDF2	0.982951932690122
VGLL1	0.971983922050255
RNF138	0.729564863856545
IP6K2	0.730118323494498
PCYOX1	1.00240700458938
PDE6A	0.981327424359639
PRRX2	0.963087641236575
LCMT1	0.98246487716107
GULP1	0.970894155693591
REV1	1.00240700458938
RHCG	1.13133433617156
PDE6C	0.97891388353545
SFMBT1	0.730118323494498
GPR89B	0.982951932690122
UBE2J1	0.94270636541698
EVL	0.764334413991476
PDE6D	0.970894155693591
NAT8B	1.00240700458938
DCDC2	1.12568358502349
LIMA1	1.01423100355274
CABP2	1.07884952858265
ISYNA1	0.71650131047893
HSD17B7	0.991375931347093
ANKFY1	0.7295394616866
PDE6G	0.986809853654872
VCX2	0.681263242067964
VCX3A	0.681263242067964
PDE6H	1.02278665752541
SPOUT1	0.963087641236575
NOP16	0.981327424359639
RTCB	0.720285108111023
HACD3	1.13133433617156
CTDSPL2	1.15942294495005
NELFCD	1.3428247635557
TRIAP1	1.01423100355274
ATP5PB	0.982951932690122
PDE7A	1.01569444866679
HIKESHI	1.0798977924045
CWC15	1.0798977924045
TRMT112	1.07884952858265
UFC1	0.982951932690122
RTF2	1.3428247635557
PDE8A	1.13133433617156
CHMP5	0.952713287730748
GTSE1	0.705191761652427
ETV7	1.04825237769963
DTL	0.991375931347093
NCKIPSD	0.730118323494498
PDE9A	0.717899370570668
LARS	0.981327424359639
TMEM14C	1.12568358502349
CXXC5	0.981327424359639
TMEM138	1.07884952858265
OSER1	1.3428247635557
GSKIP	0.764334413991476
JKAMP	0.764334413991476
ANAPC11	0.986809853654872
PDE1B	1.01423100355274
ZC3HC1	1.17978731315435
TRMO	0.970815788272126
PHF7	0.730118323494498
VTA1	0.94270636541698
PPHLN1	1.01423100355274
MTFP1	0.720285108111023
ZCCHC17	0.982951932690122
PDGFA	1.10834731360131
SCLY	0.979447512570108
VPS54	1.00240700458938
ZNF581	1.25334885646717
SIRT7	0.986809853654872
SIRT6	0.672745602694723
PDGFB	0.720285108111023
CINP	0.771082865073358
RAB14	0.963087641236575
ACKR4	0.986056538996622
PEX5L	1.03734056701319
LGSN	0.94270636541698
NT5DC3	1.01423100355274
PDGFRA	0.982841762389136
RAB6B	0.986056538996622
IL23A	1.01423100355274
MBIP	0.764334413991476
HDAC7	1.01423100355274
ARMCX3	0.971983922050255
TDP2	1.12568358502349
UFM1	1.16077440404817
PDGFRL	0.433694208344174
FAM49B	2.05039341266889
GDE1	0.98246487716107
LARP7	0.982841762389136
ESF1	1.01794118838271
PDE6B	0.982841762389136
AZIN1	1.01569444866679
PCF11	1.0798977924045
MED15	1.65854047521834
PIAS4	0.672745602694723
PDGFRB	0.981327424359639
TRIM33	0.982951932690122
SRRT	1.17978731315435
NBAS	1.01202671490066
CUTA	1.04825237769963
LSR	1.24196546098975
ATP5MC1	1.00518177247207
PDHA1	0.961550425812295
LIPT1	1.00240700458938
NOP58	0.970894155693591
EEF1AKNMT	0.991375931347093
PIGT	1.3428247635557
TRMT6	1.01794118838271
ATP6V1H	1.01569444866679
GET4	1.10834731360131
PDHA2	0.982841762389136
DPH5	0.982951932690122
ERGIC3	1.3428247635557
TAF9B	0.971983922050255
NSG2	0.981327424359639
UBE2D4	1.17037000361717
PDHB	0.730118323494498
KLF13	1.15942294495005
CCZ1	1.10834731360131
DYNC2LI1	1.00240700458938
SLC25A39	1.00518177247207
PDK1	0.970894155693591
LUC7L2	1.17978731315435
OTUD6B	1.01569444866679
RBMX2	0.971983922050255
DHRS7	0.764334413991476
RTRAF	0.764334413991476
SF3B6	1.01202671490066
PDK2	1.00518177247207
MRPL48	1.07884952858265
TMBIM4	1.01423100355274
PPIL1	1.04825237769963
YPEL5	1.01202671490066
CIAO2B	0.971089603767894
MRPS23	1.00518177247207
PDK3	0.742060425418264
MRPS33	1.17978731315435
PTRH2	1.00518177247207
CHMP3	1.00240700458938
CDK5RAP1	1.3428247635557
RASD1	0.749723017917101
STYXL1	1.17037000361717
GINS2	0.971089603767894
PDK4	1.17037000361717
MPC1	0.862327116139212
FKBP7	0.970894155693591
ZFR	1.19567882225115
ASB1	0.966350804585467
ASB4	1.17037000361717
NUB1	1.24449465772
HSPB11	0.982951932690122
SARAF	0.433694208344174
ENPP1	0.94270636541698
TPPP3	0.971089603767894
ASB2	0.764334413991476
MPP6	1.17037000361717
ENPP2	2.05039341266889
SUFU	0.97891388353545
OAZ3	0.982951932690122
ENPP3	0.94270636541698
LSM7	0.672745602694723
LSM8	1.17978731315435
CPSF3	1.01202671490066
TRAPPC2L	0.971089603767894
HECA	0.94270636541698
VPS29	1.01423100355274
ATP5MC2	1.01423100355274
PDPK1	0.98246487716107
CYB5R2	1.07884952858265
NLK	1.01129990957445
PADI3	0.982951932690122
ACSL5	0.97891388353545
GPRC5B	0.98246487716107
EMCN	0.982841762389136
CYB5R1	0.991375931347093
ZNF44	0.748368687962694
SELENOT	1.21511111792987
RAB23	0.94270636541698
CES1P1	0.98246487716107
CAB39	0.970894155693591
SLC26A4	1.17978731315435
UIMC1	0.981327424359639
FBXO40	1.19833272410156
DNAJB11	1.03734056701319
CMPK1	0.982951932690122
POLR3K	0.98280619354904
WBP11	1.02278665752541
PDYN	1.04060686127253
UPB1	0.730447216884634
MSRB1	0.98246487716107
RAPGEF6	0.981327424359639
GHRL	0.720410490708883
PDZK1	0.982951932690122
WWOX	0.971089603767894
ARID4B	1.02169470476617
CD244	0.982951932690122
LUC7L3	1.00518177247207
PECAM1	1.00518177247207
RTEL1	1.3428247635557
HIGD1B	1.00518177247207
ERAP1	0.981327424359639
TMEM8B	0.952713287730748
CDK12	1.00518177247207
C9orf78	0.963087641236575
SERPINF1	0.7295394616866
SYT17	0.98246487716107
ATP8A2	1.33645054467716
RAB8B	1.13133433617156
INPP5K	0.7295394616866
GNG13	0.98246487716107
STK26	0.971983922050255
TM7SF3	1.24074736084
RSF1	1.0798977924045
MAP3K20	0.970894155693591
MYOZ2	0.982841762389136
PEG3	1.25334885646717
KDM3B	0.981327424359639
PENK	1.01569444866679
ATP5MC3	0.970894155693591
ASIC5	0.983733746955767
SIX4	0.764334413991476
COQ3	0.94270636541698
CALML5	0.979753098033958
TUBA8	0.736942594729667
PHAX	0.981327424359639
GALNT7	0.716789838124403
ADA2	0.736942594729667
PEPD	1.13164416291439
PER1	0.749723017917101
GATB	0.983733746955767
PEX1	1.17037000361717
PEX6	1.04825237769963
PEX7	0.94270636541698
PEX10	0.969343795308908
PEX12	1.48826986994562
PEX13	1.00240700458938
PEX14	0.969343795308908
PF4	0.982841762389136
PF4V1	0.982841762389136
PFAS	0.749723017917101
CFP	1.0526427280961
ACP1	1.01202671490066
PFDN1	0.981327424359639
PFDN2	0.982951932690122
PFDN4	1.3428247635557
PFDN5	1.01423100355274
ATP8B1	0.729564863856545
PFKFB1	0.971983922050255
PFKFB2	0.991375931347093
PFKFB3	0.979753098033958
ATP5ME	0.982841762389136
PFKFB4	0.730118323494498
PFKL	2.74252949176247e-05
VIT	1.00240700458938
PFKM	1.01423100355274
PFKP	0.979753098033958
PFN1	0.749723017917101
PFN2	1.21511111792987
CDK14	1.17037000361717
ATP5PF	0.71893801338487
PGA5	1.07884952858265
PGAM1	0.97891388353545
PGAM2	1.17037000361717
PGC	1.04825237769963
PGD	0.969343795308908
PGF	0.764334413991476
PGGT1B	0.981327424359639
ATP6V1A	1.19833272410156
PGK1	0.971983922050255
PGK2	1.04825237769963
PGM1	0.982951932690122
PGM3	0.94270636541698
PGM5	0.975901197514351
PGR	1.0798977924045
ABCB1	1.17037000361717
ABCB4	1.17037000361717
PHB	1.00518177247207
ATP6V1B1	1.00240700458938
SLC25A3	1.01423100355274
PHEX	0.961550425812295
PHF1	1.04825237769963
PHF2	0.975901197514351
PHKA1	0.971983922050255
PHKA2	0.961550425812295
PHKB	0.98246487716107
ATP6V1B2	0.433694208344174
PHKG1	1.17037000361717
PHKG2	0.98246487716107
PHYH	0.979753098033958
SERPINA1	0.764334413991476
PI3	1.3428247635557
SERPINA4	0.764334413991476
SERPINB5	0.729564863856545
SERPINB6	1.12568358502349
ATP6V0C	0.98246487716107
SERPINE2	0.970894155693591
SERPINB8	0.729564863856545
SERPINB9	1.12568358502349
SERPINB10	0.729564863856545
SERPINI1	1.2087165663813
SERPINB13	0.729564863856545
SERPINI2	1.2087165663813
PIGA	0.681263242067964
PIGC	0.991375931347093
ATP6V1C1	1.01569444866679
PIGF	1.00240700458938
PIGH	0.764334413991476
PIGR	0.991375931347093
PIK3C2A	1.07884952858265
PIK3C2B	0.991375931347093
PIK3C2G	1.02278665752541
PIK3C3	0.729564863856545
ATP6V1E1	0.736942594729667
PIK3CA	1.03734056701319
PIK3CB	0.986056538996622
PIM1	1.04825237769963
PIK3CD	0.969343795308908
PIK3CG	1.17978731315435
PIK3R1	0.981327424359639
PIK3R2	0.71650131047893
PI4KA	1.65854047521834
PI4KB	0.982951932690122
ACP2	1.07884952858265
PIN1	0.704151138682422
PIN1P1	0.982951932690122
PIN4	0.971983922050255
PIP	1.17978731315435
PIP4K2A	0.979753098033958
PITPNA	0.7295394616866
PITX1	0.981327424359639
PITX2	0.982841762389136
PITX3	0.97891388353545
PKD1	0.98246487716107
PKD2	0.982841762389136
PKLR	0.982951932690122
PKHD1	1.04825237769963
PKM	1.13133433617156
PKNOX1	0.717899370570668
PKP1	0.991375931347093
PKP2	1.24074736084
PLA2G1B	1.01423100355274
PLA2G2A	0.982951932690122
PLA2G4A	0.991375931347093
PLA2G5	0.982951932690122
PLAG1	1.01569444866679
PLAGL1	0.94270636541698
PLAGL2	1.3428247635557
PLAT	0.416558022388397
PLAU	0.97891388353545
PLAUR	1.24196546098975
ATP6V0B	0.982951932690122
PLCB2	1.15942294495005
PLCB3	1.07884952858265
PLCB4	1.01794118838271
PLCD1	0.720410490708883
BCL11A	1.00240700458938
CPXCR1	0.971983922050255
BTBD1	1.13133433617156
PLCL1	0.970894155693591
SPA17	1.0798977924045
IL17D	1.33645054467716
NUDT9	0.982841762389136
CHIC1	0.971983922050255
TM6SF2	0.71650131047893
TM6SF1	1.13133433617156
UBASH3A	0.717899370570668
ZFYVE1	0.764334413991476
PLCG1	1.3428247635557
LRP1B	1.00240700458938
PANK1	0.97891388353545
SHC3	0.975901197514351
PLCG2	0.971089603767894
PLD1	1.2087165663813
NUP54	0.982841762389136
TPCN1	1.01423100355274
PLD2	0.7295394616866
PLEC	1.02360093995737
ATP6V1G2	1.04825237769963
PLG	0.749110827107011
CLIC5	1.04825237769963
STX18	0.982841762389136
PLEK	1.00240700458938
SERPINF2	0.7295394616866
PLIN1	1.13133433617156
PLK1	0.98246487716107
FXYD1	1.24196546098975
FXYD3	1.24196546098975
ATP6V0A1	1.00518177247207
PLN	0.94270636541698
PLOD1	0.969343795308908
PLOD2	1.21511111792987
PLP1	0.971983922050255
PLP2	1.0526427280961
PLRG1	0.983733746955767
PLS1	0.986056538996622
PLS3	0.971983922050255
PLSCR1	1.21511111792987
PLTP	1.3428247635557
PLXNA1	1.19833272410156
MBD3	0.672745602694723
ADAM22	1.17037000361717
PLXNA2	0.991375931347093
BCO1	0.971089603767894
PRKAG3	0.970894155693591
PTOV1	1.24196546098975
S1PR5	0.704151138682422
PLXNB1	0.730118323494498
PLXNB3	1.21583421531377
PMAIP1	0.729564863856545
PMCH	1.01423100355274
PNOC	0.433694208344174
PMCHL1	1.19567882225115
ATP6AP1	1.15404773795701
PMCHL2	0.981327424359639
PML	1.13133433617156
PMM1	0.720285108111023
PMM2	0.98246487716107
PMP2	1.01569444866679
PMP22	0.749723017917101
PMS1	0.970894155693591
PMS2P1	1.17037000361717
ATP7A	0.971983922050255
PMS2P2	1.17037000361717
PMS2P4	1.17037000361717
RIPPLY3	0.71893801338487
FXYD7	1.24196546098975
FXYD6	1.0798977924045
FXYD5	1.24196546098975
FXYD4	0.979753098033958
P2RY13	1.21511111792987
PMS2P5	1.17037000361717
GPR84	1.01423100355274
IL20RA	0.94270636541698
IL20RB	0.986056538996622
FGFRL1	0.982841762389136
GPR87	1.21511111792987
C11orf24	1.07884952858265
TRIM34	1.07884952858265
CDHR5	1.07884952858265
CLDN22	0.716789838124403
COPG2IT1	1.17978731315435
PMS2P3	1.17037000361717
ATP5PO	0.71893801338487
MYO3A	0.979753098033958
DUOX1	1.15942294495005
RAB4B	1.24196546098975
RAB24	0.981327424359639
PELO	1.19567882225115
SLCO1C1	1.02278665752541
EXOSC9	0.982841762389136
PPIL3	0.970894155693591
EXOSC10	0.969343795308908
FTHL17	0.742060425418264
CNTN5	1.0798977924045
CSNK1G1	1.13133433617156
A4GALT	0.720285108111023
PMS2	1.10834731360131
PRRX1	0.991375931347093
CPSF2	0.764334413991476
ACP5	0.748368687962694
ATP7B	1.16077440404817
BRWD1	0.71893801338487
SLC37A1	0.717899370570668
RBM11	0.71893801338487
PPP1R2P2	0.71893801338487
PCBP3	0.696368907296711
CYP4F29P	0.71893801338487
C21orf58	0.696368907296711
YBEY	0.696368907296711
PNLIP	0.96610428515749
LINC00160	0.71893801338487
C21orf62-AS1	0.71893801338487
MIS18A	0.71893801338487
PNLIPRP1	0.96610428515749
LINC00158	0.71893801338487
CHODL-AS1	0.71893801338487
PNLIPRP2	0.96610428515749
TSPEAR-AS1	0.696368907296711
TSPEAR	0.696368907296711
LINC00113	0.71893801338487
LINC00112	0.71893801338487
PNMT	1.00518177247207
LINC00111	0.71893801338487
SETD4	0.71893801338487
FAM3B	0.71893801338487
RIPK4	0.71893801338487
CLIC6	0.71893801338487
GSAP	1.17037000361717
TLR9	0.730118323494498
POLE3	0.963087641236575
CHRAC1	2.05039341266889
PNN	0.764334413991476
GPR88	0.982951932690122
UBL3	1.33645054467716
SEPTIN5	1.65854047521834
SEPTIN4	1.00518177247207
LINC00308	0.71893801338487
CT45A6	0.971983922050255
CT45A1	0.971983922050255
LURAP1	0.982951932690122
BACH1-IT3	0.71893801338487
MIR4435-2HG	1.00240700458938
LOC541472	1.17037000361717
MRPL39	0.71893801338487
C21orf91	0.71893801338487
C8orf58	0.433694208344174
CXorf40B	1.12011520828342
DCUN1D1	1.03734056701319
NANS	0.970815788272126
PODXL	1.17978731315435
CYCS	1.17037000361717
ERRFI1	0.969343795308908
KCNK10	0.764334413991476
TREM2	1.04825237769963
TREM1	1.04825237769963
SNTG1	1.01569444866679
POLA1	0.742060425418264
SNTG2	1.01202671490066
POLB	0.416558022388397
POLD1	1.24196546098975
POLD2	1.17037000361717
POLE	1.01423100355274
POLE2	0.764334413991476
PCOTH	1.33645054467716
POLG	1.13133433617156
POLH	1.04825237769963
POLR2A	0.749723017917101
POLR2B	0.982841762389136
POLR2C	0.98246487716107
GPR173	0.971983922050255
GPR85	1.17978731315435
POLR2D	1.00240700458938
GNG2	0.764334413991476
GDAP1	1.01569444866679
POLR2E	0.672745602694723
DPM3	0.982951932690122
SOX18	1.3428247635557
UNC93A	0.862327116139212
POLR2F	0.720285108111023
POLR2G	1.07884952858265
CYTL1	0.982841762389136
WNT4	0.982951932690122
HAO1	1.01794118838271
POLR2H	1.03734056701319
POLR2I	1.24196546098975
TERF2IP	0.971089603767894
POLR2J	1.17978731315435
POLR2K	1.01569444866679
SLC38A2	1.01423100355274
POLR2L	1.07884952858265
NLGN3	0.971983922050255
SIAE	1.0798977924045
POLRMT	0.681558751293874
TAS2R5	1.17978731315435
POMC	1.01202671490066
DNAJC10	0.970894155693591
YIPF1	0.982951932690122
GAR1	0.982841762389136
SSH1	1.01423100355274
HCG4	1.12568358502349
SH3TC1	0.982841762389136
SEMA5B	1.19833272410156
GFOD1	1.12568358502349
RBM27	0.981327424359639
PON1	1.17037000361717
SASH3	0.971983922050255
STAG3L1	1.17037000361717
KCTD5	0.98246487716107
ANLN	1.17037000361717
PON2	1.17037000361717
RIN2	1.01794118838271
ATAD2B	1.01202671490066
FBXO42	0.982951932690122
MOV10L1	0.705191761652427
TAF7L	0.971983922050255
PRR13	1.01423100355274
PON3	1.17037000361717
MRPS21	0.982951932690122
FBXW5	0.963087641236575
CCSER2	0.97891388353545
RETREG1	1.19567882225115
XRN1	0.986056538996622
ETAA1	1.00240700458938
SPIN2A	0.971983922050255
ANKIB1	1.17037000361717
MIOS	0.932380436661844
ZFAND6	1.13133433617156
POR	1.17037000361717
ARMCX6	0.971983922050255
MIEF1	0.720285108111023
TOLLIP	1.07884952858265
KRT20	1.00518177247207
NLE1	1.48826986994562
RNF216	1.10834731360131
PLEKHA5	1.02278665752541
PIMREG	0.749723017917101
CHPF2	1.24449465772
TRMT13	0.982951932690122
DGCR8	1.65854047521834
POU1F1	0.434078096558972
UGT2B28	0.982841762389136
OTULINL	1.19567882225115
NEURL1B	0.981327424359639
C11orf71	1.0798977924045
TMX3	0.729564863856545
PRMT7	0.971089603767894
HEATR5B	1.00240700458938
SMOX	1.01794118838271
TMCO1	0.991375931347093
ATR	0.986056538996622
POU2AF1	1.0798977924045
RBM47	0.982841762389136
ZDHHC13	1.07884952858265
CPVL	1.17037000361717
DHX29	0.981327424359639
ADAMTSL4	0.982951932690122
EPB41L4A-DT	0.981327424359639
RHOF	1.01423100355274
POU2F1	0.991375931347093
PCDH18	0.982841762389136
HMGCLL1	1.04825237769963
EXOSC4	1.02360093995737
DDX4	0.981327424359639
MTRF1L	0.749110827107011
PUS7	1.17978731315435
APBB1IP	0.979753098033958
POU2F2	1.24196546098975
CCDC93	1.00240700458938
WDR44	0.971983922050255
ANKRD16	0.979753098033958
ASNSD1	0.970894155693591
POU3F1	0.982951932690122
MIER2	0.681558751293874
USP53	0.982841762389136
MRPL50	0.963087641236575
CCHCR1	1.04825237769963
EXOC6	0.97891388353545
SHLD2	0.97891388353545
ROBO4	1.0798977924045
NDUFB11	1.0526427280961
POU3F2	0.94270636541698
FAM193B	0.981327424359639
DDIT4	0.979753098033958
RC3H2	0.963087641236575
TOMM7	1.17037000361717
CRCT1	0.982951932690122
MTMR12	1.19567882225115
RNF186	0.982951932690122
SDK2	0.986809853654872
POU3F3	1.00240700458938
NECAB2	0.971089603767894
MAGEL2	1.15942294495005
GNL3L	0.971983922050255
MIR4453HG	0.983733746955767
WDR5B	1.19833272410156
DDX49	0.71650131047893
ING3	1.17978731315435
SGTB	0.981327424359639
SPATA6	0.982951932690122
POU3F4	0.971983922050255
EPB41L4B	0.963087641236575
DLL4	1.15942294495005
POU4F1	1.16077440404817
UGT1A10	0.970894155693591
UGT1A8	0.970894155693591
UGT1A7	0.970894155693591
UGT1A6	0.970894155693591
UGT1A5	0.970894155693591
POU4F2	0.708330872516
SCAND2P	1.13133433617156
EGLN1	1.02169470476617
GNB1L	1.65854047521834
LZTFL1	0.730118323494498
EQTN	0.952713287730748
MXRA8	0.969343795308908
POU4F3	0.981327424359639
L1TD1	0.982951932690122
ATRX	0.971983922050255
POU5F1	1.04825237769963
UGT1A9	0.970894155693591
NDFIP2	1.16077440404817
DDX56	1.17037000361717
INO80	1.15942294495005
CCNJ	0.97891388353545
POU5F1B	2.05039341266889
FBXL19	0.98246487716107
VSIG10	1.01423100355274
ARL15	0.981327424359639
PAF1	1.24196546098975
PARP14	1.19833272410156
HES2	0.969343795308908
MAP10	1.02169470476617
MINDY2	1.13133433617156
POU6F1	1.01423100355274
PPA1	0.979753098033958
PPARA	0.705191761652427
UGT1A4	0.970894155693591
UGT1A1	0.970894155693591
UGT1A3	0.970894155693591
PCDHB18P	0.981327424359639
PCDHB17P	0.981327424359639
TBC1D13	0.963087641236575
WDR74	1.07884952858265
TMEM106B	0.932380436661844
RSBN1	0.982951932690122
PPARD	1.04825237769963
LRRN3	1.17978731315435
CRLS1	1.01794118838271
GTPBP2	1.04825237769963
CROT	1.17037000361717
PPARG	0.720410490708883
ZNHIT6	0.982951932690122
P4HTM	0.730118323494498
MANSC1	1.02278665752541
MED1	1.00518177247207
KIF1A	0.966350804585467
PPEF2	0.982841762389136
PDP1	1.01569444866679
GPN2	0.982951932690122
MARCH5	0.97891388353545
PPAT	0.982841762389136
CNGB3	1.01569444866679
RBFOX1	0.98246487716107
SLC6A20	0.730118323494498
BTN2A3P	1.12568358502349
OTUD4	0.982841762389136
NKX1-1	0.982841762389136
PPBP	0.982841762389136
TMED9	0.981327424359639
SLC35F2	1.0798977924045
RAB39A	1.0798977924045
MPHOSPH8	1.33645054467716
FEV	0.970894155693591
XAF1	0.749723017917101
LEPROT	0.982951932690122
LY6K	1.02360093995737
EPDR1	1.17037000361717
PPEF1	0.961550425812295
FBLIM1	0.982951932690122
FNDC8	1.48826986994562
ZNF853	1.10834731360131
NUTM2F	0.970815788272126
IL17RD	0.730118323494498
FAM20A	0.986809853654872
KLHDC4	0.971089603767894
CTSA	1.3428247635557
PCSK4	0.672745602694723
GRAMD1C	1.19833272410156
ROPN1	1.19833272410156
ZRANB1	0.96610428515749
TRIM44	1.07884952858265
BTG4	1.0798977924045
HYDIN	0.971089603767894
DIRAS2	0.975901197514351
PPP1R12C	1.25334885646717
CFAP46	0.96610428515749
RNF111	1.13133433617156
PPIA	1.17037000361717
NSMCE4A	0.96610428515749
ALKBH4	1.17978731315435
BORCS6	0.749723017917101
DNAJB12	0.979753098033958
PPIB	1.13133433617156
TET2	0.982841762389136
KCTD9	0.433694208344174
TRPM4	1.24196546098975
BNC2	0.952713287730748
MED18	0.982951932690122
DCHS2	0.983733746955767
MBTD1	1.00518177247207
PPIC	0.981327424359639
KLHL24	1.03734056701319
HAUS6	0.952713287730748
TRIT1	0.982951932690122
CNNM2	0.97891388353545
AHI1	0.94270636541698
ZNF586	1.25334885646717
DYM	0.729564863856545
SAMD9	1.17037000361717
PPID	0.716789838124403
GIPC2	0.982951932690122
ZNF562	0.704151138682422
AFTPH	1.00240700458938
KLHL28	0.764334413991476
QPCTL	1.24196546098975
GATAD2A	0.71650131047893
ZNF280D	1.13133433617156
ZCCHC10	0.981327424359639
NDE1	0.98246487716107
ERCC6L	0.971983922050255
TRPM7	1.15942294495005
SWT1	0.991375931347093
CDHR2	0.981327424359639
GIN1	0.981327424359639
NXPE4	1.0798977924045
BCAS3	1.00518177247207
ASPN	0.975901197514351
NUP62CL	0.971983922050255
BEST2	0.71650131047893
VPS13C	1.13133433617156
GDAP2	0.982951932690122
BSPRY	0.963087641236575
WBP1L	0.97891388353545
LRRC49	1.13133433617156
APTX	0.952713287730748
BIVM	1.16077440404817
MFSD6	0.970894155693591
SYTL2	1.0798977924045
ESRP1	1.01569444866679
SIDT1	1.19833272410156
ARHGEF38	0.982841762389136
DEF8	0.971089603767894
FBXL12	0.704151138682422
ANKRD49	1.0798977924045
PAQR5	1.13133433617156
WDR55	0.981327424359639
FAM83E	1.24196546098975
TENT5C	0.982951932690122
GON4L	0.982951932690122
GDPD2	0.971983922050255
PGPEP1	0.71650131047893
ELP6	0.730118323494498
SLX1A	0.98246487716107
CKMT1A	1.15942294495005
MS4A12	1.07884952858265
SNRK	0.720410490708883
CC2D1A	0.71650131047893
TOR4A	0.963087641236575
POLR2J3	1.17978731315435
DNAJC25	0.963087641236575
GPATCH4	0.982951932690122
PPP1R14D	1.15942294495005
TMEM214	1.01202671490066
TMEM104	0.986809853654872
EPS8L1	1.25334885646717
QRICH1	0.730118323494498
PIGG	0.982841762389136
PALMD	0.982951932690122
FNBP1L	0.982951932690122
CNTLN	0.952713287730748
DCAF16	0.982841762389136
ZCCHC2	0.729564863856545
DPP8	1.13133433617156
ST7L	0.982951932690122
BCOR	0.742060425418264
TEX10	0.963087641236575
ANKHD1	0.981327424359639
CWC25	1.48826986994562
RETSAT	1.00240700458938
TBC1D8B	0.971983922050255
PLPPR1	0.963087641236575
UHRF1BP1	1.04825237769963
NSUN2	1.19567882225115
ALKBH5	0.749723017917101
INO80D	0.970894155693591
NCAPG2	1.08695203854043
MTMR10	1.15942294495005
RNF43	1.00518177247207
PQLC2	0.982951932690122
CASZ1	0.969343795308908
ELOVL2	1.12568358502349
PXK	0.730118323494498
AUH	0.975901197514351
LAX1	0.991375931347093
CDKAL1	1.12568358502349
TTC19	0.749723017917101
MKS1	1.00518177247207
NSD3	0.416558022388397
CYP2W1	1.10834731360131
TASOR2	0.979753098033958
SPDL1	0.981327424359639
SEMA4C	1.00240700458938
RPP25	1.13133433617156
FOCAD	0.952713287730748
YTHDF1	1.3428247635557
TMEM260	0.764334413991476
CMTM6	0.720410490708883
DNAAF5	1.10834731360131
DUS2	0.971089603767894
CHTF8	0.971089603767894
RASIP1	1.24196546098975
LIME1	1.3428247635557
ZSCAN32	0.98246487716107
UBE2R2	0.952713287730748
CHCHD3	1.17978731315435
IMPAD1	1.01569444866679
TMEM161A	0.71650131047893
PPL	0.98246487716107
HAUS4	0.764334413991476
TRMT10C	1.19833272410156
EXD3	0.963087641236575
RHBDL2	0.982951932690122
KANSL2	1.01423100355274
DUSP23	0.982951932690122
ADPRHL2	0.982951932690122
SOHLH2	1.16077440404817
SARS2	1.24196546098975
COMMD4	1.13133433617156
PPM1A	0.764334413991476
OCIAD1	0.982841762389136
RNF125	0.729564863856545
ABITRAM	0.963087641236575
DNAJC28	0.71893801338487
LINC01521	0.720285108111023
SLC41A3	1.19833272410156
LPCAT2	0.98246487716107
MRPL16	1.07884952858265
SDHAF2	1.07884952858265
PPM1B	1.00240700458938
COMMD8	0.982841762389136
TRNAU1AP	0.982951932690122
ODR4	0.991375931347093
FAM120C	0.971983922050255
C1orf109	0.982951932690122
PARP16	1.13133433617156
TXNL4B	0.971089603767894
TMEM160	1.24196546098975
ODAM	0.982841762389136
PPM1G	1.01202671490066
GEMIN8	0.681263242067964
SSH3	1.07884952858265
TIPIN	1.13133433617156
UCKL1	1.3428247635557
C1orf56	0.982951932690122
PIGX	1.03734056701319
CT55	0.971983922050255
TMEM70	1.01569444866679
HPF1	0.716789838124403
TTC12	1.0798977924045
BANP	0.971089603767894
TMEM132A	1.07884952858265
INTS11	0.969343795308908
THG1L	0.981327424359639
C20orf27	1.01794118838271
SLC25A38	0.720410490708883
SLC35F6	1.01202671490066
PLAAT2	1.07884952858265
PPOX	0.982951932690122
C2orf42	1.00240700458938
NMRK1	0.975901197514351
CLN6	1.13133433617156
PINX1	0.433694208344174
HCFC1R1	0.98246487716107
ULK4	0.720410490708883
CZIB	0.982951932690122
ACSM5	0.98246487716107
ZNF770	1.15942294495005
PPP1CA	1.07884952858265
C1orf159	0.969343795308908
ZSCAN2	1.13133433617156
GID8	1.3428247635557
OXSM	0.720410490708883
MARC2	0.991375931347093
TESC	1.01423100355274
AURKAIP1	0.969343795308908
ACPP	0.986056538996622
AUP1	1.00240700458938
PPP1CB	1.01202671490066
TUG1	0.720285108111023
TTC22	0.982951932690122
TMCO3	1.16077440404817
PAK1IP1	1.12568358502349
LAMTOR1	1.07884952858265
RMND1	0.749110827107011
TRMT61B	1.01202671490066
FAM118A	0.720285108111023
HERC6	0.982841762389136
C19orf24	0.672745602694723
PPP1CC	1.01423100355274
PARPBP	1.01423100355274
PIH1D1	1.24196546098975
UBA6-AS1	0.982841762389136
LOC550113	0.982841762389136
PPP2R3C	0.764334413991476
MCUB	0.982841762389136
STX17	0.963087641236575
PRPF39	0.764334413991476
MARCH1	0.716789838124403
C14orf119	0.764334413991476
ANKRD40CL	1.00518177247207
PPP1R1A	1.01423100355274
TTC38	0.705191761652427
PID1	0.970894155693591
PHIP	0.94270636541698
BANK1	0.982841762389136
TMEM255A	0.971983922050255
HEATR3	0.98246487716107
C17orf80	0.986809853654872
FBXO34	0.764334413991476
USP47	1.07884952858265
SLC35A5	1.19833272410156
FKBP14	1.17037000361717
MOCOS	0.729564863856545
NOL8	0.975901197514351
CCDC40	0.986809853654872
PTCD3	1.00240700458938
CDCA4	0.709473775987212
TRMT12	2.05039341266889
PPP1R2	1.03734056701319
EPN3	1.00518177247207
PLEKHB2	1.00240700458938
VPS37C	1.07884952858265
REX1BD	0.71650131047893
NRDE2	0.764334413991476
MRPL20	0.969343795308908
ATG16L1	0.970894155693591
ZWILCH	1.13133433617156
GABPB1-IT1	1.15942294495005
CRYBG2	0.982951932690122
PPP1R3A	1.17978731315435
SUSD4	0.991375931347093
WIPI1	0.986809853654872
ZCWPW1	1.17037000361717
CCDC157	0.720285108111023
SPATA6L	0.952713287730748
NBDY	0.971983922050255
SLC52A1	0.749723017917101
PDPR	0.971089603767894
ENOX1	1.16077440404817
TMEM248	1.17037000361717
PPP1R3C	0.97891388353545
DET1	1.13133433617156
C9orf40	0.975901197514351
RNF31	0.764334413991476
LRRC37A4P	1.00518177247207
OXR1	1.0381909863396
UACA	1.13133433617156
TMEM45A	1.19833272410156
FEZF2	0.723578923483452
TAPBPL	1.02278665752541
IFT57	1.19833272410156
ARGLU1	1.16077440404817
KIF26B	1.02169470476617
SOBP	0.94270636541698
RADX	0.971983922050255
CCDC186	0.97891388353545
SLC38A4	1.01423100355274
PPP1R3D	1.3428247635557
MED9	0.749723017917101
TMEM51	0.982951932690122
WDYHV1	2.05039341266889
GPATCH1	1.13164416291439
SAMD4B	1.24196546098975
EBLN2	0.723578923483452
AVP	1.01794118838271
PPP1R7	0.966350804585467
WDR70	1.19567882225115
DMAC2	1.24196546098975
ATG2B	0.764334413991476
RALGPS2	0.991375931347093
GPATCH2	0.991375931347093
SLFN12	1.48826986994562
ANO1	1.07884952858265
BSDC1	0.982951932690122
AGGF1	0.981327424359639
PPP1R8	0.982951932690122
MAGOHB	1.02278665752541
PLEKHJ1	0.672745602694723
WDR60	1.08695203854043
XKR8	0.982951932690122
ARHGAP17	0.98246487716107
TMEM39B	0.982951932690122
SLC6A15	1.01423100355274
CRTAC1	0.97891388353545
PRPF38B	0.982951932690122
FANCL	1.00240700458938
AKIRIN2	0.94270636541698
PIWIL2	0.433694208344174
CEP192	1.15931082987001
HEATR1	1.02169470476617
TRIM68	1.07884952858265
ANO10	0.720410490708883
ARMC4	0.979753098033958
RBM28	1.17978731315435
LARP1B	0.982841762389136
SRBD1	1.00240700458938
WRAP53	0.749723017917101
FIGN	1.00240700458938
FAM90A1	1.02278665752541
ANKZF1	0.970894155693591
PPP1R10	1.04825237769963
ELP3	0.433694208344174
HAUS2	1.15942294495005
CDCA8	0.982951932690122
LRRC8D	0.982951932690122
THAP1	0.416558022388397
ZDHHC4	1.10834731360131
RBM23	0.764334413991476
UBR7	0.764334413991476
MTPAP	0.979753098033958
PPP2CA	0.981327424359639
C19orf73	1.24196546098975
TMEM38B	0.963087641236575
DALRD3	0.730118323494498
SDAD1	0.982841762389136
MSTO1	0.982951932690122
ARMC1	1.01569444866679
DARS2	0.991375931347093
RFWD3	0.971089603767894
PPP2CB	0.416558022388397
ARHGEF10L	0.982951932690122
TMEM33	0.982841762389136
PNPO	1.00518177247207
SHQ1	0.723578923483452
CEP55	0.97891388353545
CENPQ	1.04825237769963
MSL2	0.986056538996622
MRPS18A	1.04825237769963
PRMT6	0.982951932690122
TBCCD1	1.03734056701319
DNAAF2	0.764334413991476
MRPS10	1.04825237769963
INTS10	0.433694208344174
KLHL11	1.00518177247207
SEC61A2	0.979753098033958
RMDN3	1.15942294495005
MRM3	0.7295394616866
FAIM	0.986056538996622
PPP2R1A	1.25334885646717
LINS1	1.13133433617156
SMG8	1.00518177247207
RNF220	0.982951932690122
RIF1	1.00240700458938
DZANK1	1.01794118838271
SLC25A36	0.986056538996622
VPS13D	0.969343795308908
RIC8B	1.01423100355274
PPP2R1B	1.0798977924045
NUDT11	0.971983922050255
NADSYN1	1.07884952858265
DNAJC17	1.15942294495005
PBRM1	0.730118323494498
EVA1B	0.982951932690122
CCDC198	0.764334413991476
RESF1	1.24074736084
RPRD1A	0.729564863856545
APPL2	1.01423100355274
FAM86C1	1.07884952858265
AVPR1A	1.01423100355274
PPP2R2A	0.433694208344174
PLEKHG6	1.02278665752541
MAP1S	0.71650131047893
LGI2	0.982841762389136
GOLPH3L	0.982951932690122
ZNF532	0.729564863856545
SBNO1	1.01423100355274
ARL8B	0.720410490708883
DCUN1D2	1.16077440404817
SETD5	0.720410490708883
PPP2R2B	0.981327424359639
ATAD3A	0.969343795308908
DPPA4	1.19833272410156
BBS7	0.982841762389136
RCBTB1	1.16077440404817
P3H2	1.03734056701319
FANCI	1.13133433617156
NKAPD1	1.0798977924045
TMLHE	1.15404773795701
EXD2	0.764334413991476
MACO1	0.982951932690122
PPP2R2C	0.982841762389136
KLHDC8A	0.991375931347093
LRRC20	0.979753098033958
TRIM62	0.982951932690122
ETNK2	0.991375931347093
RAVER2	0.982951932690122
NAT10	1.07884952858265
LRRC1	1.04825237769963
PNMA8A	1.24196546098975
PANK4	0.969343795308908
PPP2R3A	0.986056538996622
USP40	0.970894155693591
CCDC87	1.07884952858265
MOB1A	1.00240700458938
SMU1	0.952713287730748
UBA6	0.982841762389136
VRTN	0.764334413991476
SLC38A7	0.98246487716107
OGFOD1	0.98246487716107
PTPA	0.963087641236575
STEAP3	1.00240700458938
KIRREL1	0.982951932690122
SLC47A1	0.749723017917101
UQCC1	1.3428247635557
CCDC25	0.433694208344174
NEIL3	0.716789838124403
TMEM206	0.991375931347093
YY1AP1	0.982951932690122
PPP2R5A	0.991375931347093
ELP2	0.729564863856545
PCMTD2	1.3428247635557
ASXL2	1.01202671490066
TYW1	1.17037000361717
TMEM39A	1.19833272410156
WDR41	0.981327424359639
ADI1	1.01202671490066
MRGBP	1.3428247635557
THNSL2	1.00240700458938
CASC1	1.24074736084
PPP2R5B	1.07884952858265
TMEM143	1.24196546098975
MAP11	1.17037000361717
TMEM19	1.01423100355274
ECHDC2	0.982951932690122
PSPC1	1.33645054467716
PPP2R5C	2.35947546054655e-09
NUDT15	1.16077440404817
IMP3	1.13133433617156
TMEM100	1.00518177247207
PHF10	0.862327116139212
VPS53	0.7295394616866
PGM2	0.982841762389136
FGGY	0.982951932690122
QRSL1	0.94270636541698
ZNF654	0.434078096558972
PPP2R5D	1.04825237769963
CWF19L1	0.97891388353545
TMEM140	1.17978731315435
LRRC36	0.971089603767894
MCOLN3	0.982951932690122
UBE2W	1.01569444866679
RBM41	0.971983922050255
NCRNA00250	2.05039341266889
LINC00251	1.01569444866679
C4orf19	0.982841762389136
SAMD12-AS1	2.05039341266889
TMEM40	0.720410490708883
RHOT1	1.43941607542378
ATXN7L3B	1.01423100355274
ACOXL	1.00240700458938
DNAJC25-GNG10	0.963087641236575
PPP2R5E	0.764334413991476
BRF2	0.416558022388397
BOLA2	0.98246487716107
PPP6R3	1.07884952858265
UEVLD	1.07884952858265
FBXW7	0.983733746955767
KLHL26	0.71650131047893
TBC1D19	0.982841762389136
CCDC91	1.24074736084
RNF121	1.07884952858265
BRIX1	1.19567882225115
AVPR1B	0.991375931347093
PPP3CA	0.982841762389136
PI4K2B	0.982841762389136
OLAH	0.979753098033958
GIMAP4	1.24449465772
SPTLC3	1.01794118838271
DDX19A	0.971089603767894
PPP4C	0.98246487716107
MIR3936HG	0.981327424359639
ZNF444	1.25334885646717
PEF1	0.982951932690122
RFK	0.975901197514351
CPPED1	0.98246487716107
TMEM144	0.716789838124403
SLC29A3	0.979753098033958
PRR5-ARHGAP8	0.720285108111023
RSAD1	1.00518177247207
AP5S1	1.01794118838271
TMA16	0.716789838124403
PPP3CB	0.97891388353545
MIS18BP1	0.764334413991476
TMEM74B	1.04060686127253
C5orf22	1.19567882225115
LARP6	1.13133433617156
ABCF3	1.03734056701319
UFSP2	0.716789838124403
AGPAT5	0.416284738599625
LIN7C	1.07884952858265
RNLS	0.97891388353545
MNS1	1.13133433617156
PPP3CC	0.433694208344174
BLOC1S4	0.982841762389136
ACER3	1.0798977924045
DRAM1	1.01423100355274
SYNJ2BP	0.764334413991476
SLC39A9	0.764334413991476
NIPSNAP3B	0.963087641236575
FBXL8	0.971089603767894
SHFL	0.704151138682422
LINC01949	0.981327424359639
WDR33	1.00240700458938
PPP3R1	1.00240700458938
GIMAP5	1.24449465772
LSG1	1.03734056701319
STRBP	0.963087641236575
SLC35C1	1.07884952858265
PLCXD1	0.681263242067964
ZGRF1	0.982841762389136
TCP11L1	1.07884952858265
ABHD10	1.19833272410156
CHDH	0.730118323494498
PPP3R2	0.963087641236575
VNN3	0.94270636541698
STK32B	0.982841762389136
COPRS	1.43941607542378
LAPTM4B	1.01569444866679
HJURP	0.970894155693591
SLC22A15	0.982951932690122
TBC1D2	0.970815788272126
STYK1	1.02278665752541
PPP5C	1.24196546098975
PI4K2A	0.97891388353545
TMEM63B	1.04825237769963
HEMGN	0.970815788272126
IMPACT	0.729564863856545
TMEM176A	1.24449465772
LGR4	1.07884952858265
PIDD1	1.07884952858265
PPP6C	0.963087641236575
PPP4R1L	1.3428247635557
TMCO6	0.981327424359639
LRRC59	1.00518177247207
PPT1	0.982951932690122
MEG3	0.764334413991476
MCM10	0.979753098033958
PPY	1.00518177247207
AVPR2	1.21583421531377
PRB1	1.02278665752541
CCDC148-AS1	1.00240700458938
MIR31HG	0.952713287730748
JPX	0.971983922050255
LOC554206	0.98246487716107
NCBP3	0.7295394616866
MIR429	0.969343795308908
MIR448	0.971983922050255
MIR449A	0.981327424359639
MIR450A1	0.971983922050255
ZNF331	1.25334885646717
STRCP1	1.15942294495005
ANKRD30BL	1.00240700458938
SIRPG	1.04060686127253
ASPDH	1.24196546098975
DPY19L2P1	1.17037000361717
GPALPP1	1.16077440404817
GDF5OS	1.3428247635557
FBXO48	1.00240700458938
LINC00862	0.991375931347093
YOD1	0.991375931347093
AP1AR	0.982841762389136
STRADB	0.970894155693591
PRB3	1.02278665752541
DHRS4-AS1	0.764334413991476
PRB4	1.02278665752541
CAMK2N1	0.982951932690122
LINC00216	0.764334413991476
CSGALNACT2	0.979753098033958
PRCC	0.982951932690122
DNAJA4	1.13133433617156
PRCP	1.0798977924045
NDUFAF7	1.00240700458938
RBM12B-AS1	1.01569444866679
PARL	1.03734056701319
PRELP	0.991375931347093
PREP	0.94270636541698
ETNK1	1.24074736084
CHST12	1.10834731360131
HES6	0.979447512570108
TRPV6	1.17978731315435
TNFRSF19	1.33645054467716
NOP10	1.15942294495005
H2AFY2	0.979753098033958
GPRC5D	1.02278665752541
SLC35E3	1.01423100355274
BATF3	0.991375931347093
PRF1	0.979753098033958
DDX43	0.94270636541698
SAGE1	0.971983922050255
SMPD3	0.971089603767894
ASIC4	0.970894155693591
SRGN	0.979753098033958
ELAC1	0.729564863856545
TRIM36	0.981327424359639
DHTKD1	0.979753098033958
FEM1A	0.704151138682422
PIP4P2	1.01569444866679
PRG2	1.07884952858265
SVOP	1.01423100355274
ELMOD1	1.0798977924045
SLC30A10	0.991375931347093
MAML3	0.982841762389136
CDCA7L	1.17037000361717
KCNQ1DN	1.07884952858265
PRH1	1.02278665752541
IL17RB	0.730118323494498
RBM38	1.3428247635557
MSX2P1	1.00518177247207
PRH2	1.02278665752541
ZNF823	0.748368687962694
SOX6	1.07884952858265
KLK15	1.24196546098975
ENOSF1	1.15931082987001
PLXNA3	1.15404773795701
HAUS7	1.21583421531377
CDC42BPG	1.07884952858265
ZNF821	0.971089603767894
DNAH3	0.98246487716107
GALNT10	0.981327424359639
PRIM1	1.01423100355274
CNOT11	1.00240700458938
FOXRED1	1.0798977924045
CDV3	0.986056538996622
STAB2	1.01423100355274
NAGK	1.00240700458938
SUPT20H	1.16077440404817
PRIM2	0.94270636541698
KIF27	0.975901197514351
CHRNA9	0.982841762389136
UBE2Q1	0.982951932690122
MIOX	0.73920158822585
MED29	1.24196546098975
BMP2K	0.982841762389136
VEZT	1.01423100355274
GOLGA2P5	1.01423100355274
OTUD5	1.0526427280961
ZCCHC8	1.01423100355274
RNPC3	0.982951932690122
ITLN1	0.982951932690122
DDX60	0.716789838124403
CDKN2AIP	0.716789838124403
TENT5A	0.94270636541698
CARMIL1	1.12568358502349
KIF21A	1.01423100355274
PPP1R9A	1.17037000361717
ANKRD10	1.16077440404817
ZNF280C	0.971983922050255
VPS50	1.17037000361717
OTUB1	1.07884952858265
FERMT1	1.01794118838271
MTMR8	0.971983922050255
KIF16B	1.01794118838271
PRR5	0.720285108111023
ASAP3	0.982951932690122
TASP1	1.01794118838271
DOCK10	0.970894155693591
PRKAA1	1.19567882225115
STAP2	0.672745602694723
TRMT1	0.71650131047893
TTC27	1.00240700458938
THUMPD1	0.98246487716107
POMGNT1	0.982951932690122
ZDHHC7	0.971089603767894
AMBRA1	1.07884952858265
SMPD4	1.00240700458938
ZNF407	0.729564863856545
PNRC2	0.982951932690122
PRKAA2	0.982951932690122
SLC39A4	1.02360093995737
LRRC40	0.982951932690122
G2E3	0.764334413991476
TBC1D22B	1.04825237769963
KRBOX4	1.0526427280961
DEPDC1	0.982951932690122
CHD7	1.01569444866679
SYBU	1.0381909863396
PRKAB1	1.01423100355274
FLVCR2	0.764334413991476
BTBD2	0.672745602694723
OSGEP	0.764334413991476
LYAR	0.982841762389136
RAB20	1.16077440404817
PRKAB2	0.982951932690122
PIGV	0.982951932690122
NHP2	0.981327424359639
SLC48A1	1.01423100355274
BCAS4	1.3428247635557
TMEM127	1.00240700458938
NLRP2	1.25334885646717
INTS8	1.01569444866679
ZNF692	1.02169470476617
RNF126	0.681558751293874
ZNF416	1.25334885646717
PRKACA	0.71650131047893
PRPF40A	1.00240700458938
DDX27	1.3428247635557
HIF1AN	0.97891388353545
ZNF446	1.25334885646717
CDC37L1	0.952713287730748
URGCP	1.17037000361717
NPLOC4	0.986809853654872
DENND4C	0.952713287730748
GPATCH2L	0.764334413991476
MFN1	1.03734056701319
PRKACB	0.982951932690122
PEX26	0.736942594729667
PPP4R3A	0.764334413991476
NBPF1	0.982951932690122
SLC30A6	1.00240700458938
IWS1	1.00240700458938
LIMS2	1.00240700458938
PRKACG	0.975901197514351
RUFY2	0.979753098033958
SCYL2	1.01423100355274
KANSL3	1.00240700458938
RABL6	0.963087641236575
MREG	0.970894155693591
TRMU	0.705191761652427
YEATS2	1.03734056701319
PKIA	1.01569444866679
PACS1	1.07884952858265
FRMD4A	0.979753098033958
LUC7L	0.98280619354904
KDM4D	1.0798977924045
NSUN5	1.17037000361717
RBM22	0.981327424359639
VAC14	0.971089603767894
RADIL	1.10834731360131
IARS2	0.991375931347093
PKIB	0.94270636541698
MAP7D1	0.982951932690122
ARHGEF40	0.764334413991476
YJU2	0.672745602694723
POLR3B	1.01423100355274
CCDC88A	1.00240700458938
IPO9	0.991375931347093
NDC1	0.982951932690122
NECAP2	0.982951932690122
KBTBD4	1.07884952858265
PRKAG1	1.01423100355274
FAR2	1.24074736084
ZNF334	1.3428247635557
TENM3	0.716789838124403
DOK4	0.98246487716107
LMBR1L	1.01423100355274
WDR11	0.96610428515749
POLR3E	0.98246487716107
SLF2	0.97891388353545
TSR1	0.7295394616866
IQCC	0.982951932690122
CEP72	1.19567882225115
ASF1B	0.71650131047893
INTS13	1.24074736084
BTBD7	0.764334413991476
N4BP2	0.982841762389136
ATF7IP	1.02278665752541
PRKAR1A	0.986809853654872
FAM222B	1.01129990957445
C1orf112	0.991375931347093
HHAT	0.991375931347093
ZFP64	1.3428247635557
DNAJC11	0.969343795308908
VPS35	0.98246487716107
ARFGAP1	1.3428247635557
NAXD	1.16077440404817
ENAH	0.991375931347093
EDEM2	1.3428247635557
PARVA	1.07884952858265
CHFR	1.01423100355274
COA1	1.17037000361717
AP5M1	0.764334413991476
NUP133	1.02169470476617
CNDP2	0.729564863856545
CCAR1	0.979753098033958
PRKAR1B	1.10834731360131
AGK	1.17978731315435
TMEM184C	0.708330872516
SEPTIN11	0.982841762389136
OGDHL	0.979753098033958
TMEM30A	0.94270636541698
CDK5RAP2	0.963087641236575
INTS9	0.433694208344174
UGGT2	1.16077440404817
RCOR3	0.991375931347093
WDR12	0.970894155693591
PRKAR2A	0.730118323494498
DHX32	0.96610428515749
TTC17	1.07884952858265
ZNF701	1.25334885646717
EXOC1	0.982841762389136
IFT122	1.19833272410156
INAVA	0.991375931347093
H2AFJ	1.02278665752541
NGLY1	0.720410490708883
ZNF83	1.25334885646717
PRKAR2B	1.17978731315435
EXOC2	1.12568358502349
PRR11	1.00518177247207
TBC1D23	1.19833272410156
TDP1	0.764334413991476
SAYSD1	1.04825237769963
MBD5	1.00240700458938
ZNF839	0.771082865073358
CFAP44	1.19833272410156
PRKCA	1.45235253680058
ERMARD	0.862327116139212
RIOK2	0.981327424359639
CMTR2	0.971089603767894
MCTP2	1.13133433617156
FGD6	1.01423100355274
ZNF415	1.25334885646717
TXLNG	0.961550425812295
LMBRD1	0.94270636541698
DEPDC1B	0.981327424359639
PRKCB	0.98246487716107
CSGALNACT1	0.433694208344174
LRIF1	0.982951932690122
MINDY1	0.982951932690122
DDX28	0.971089603767894
PCID2	1.16077440404817
MBNL3	0.971983922050255
METTL2B	1.17978731315435
CACNA2D3	0.730118323494498
AXL	1.24196546098975
PRKCD	0.730118323494498
SCN3B	1.0798977924045
IL26	1.01423100355274
DCP1A	0.730118323494498
ADAP2	1.43941607542378
LRP2BP	0.716789838124403
HR	0.433694208344174
ST6GALNAC1	0.986809853654872
TRERF1	1.04825237769963
PRKCE	1.00240700458938
FOXJ2	1.02278665752541
ADCY10	0.991375931347093
SPATA7	0.764334413991476
UTP6	1.43941607542378
BDP1	0.981327424359639
TSNAXIP1	0.971089603767894
DOK5	1.3428247635557
KDM3A	1.00240700458938
RNF130	0.981327424359639
PRKCG	1.25334885646717
ALLC	1.01202671490066
VPS11	1.0798977924045
PAG1	1.01569444866679
PECR	0.970894155693591
DCAF6	0.991375931347093
SELENOS	1.13133433617156
PRKCH	0.764334413991476
GLT8D1	0.730118323494498
EMC3	0.720410490708883
CAND1	1.01423100355274
UBAP2	0.952713287730748
CENPJ	1.33645054467716
EAPP	0.764334413991476
CENPN	0.971089603767894
PRKCI	1.2087165663813
EAF2	1.19833272410156
WWC3	0.681263242067964
ARHGAP15	1.00240700458938
PPP2R2D	0.96610428515749
BRK1	0.720410490708883
ITFG2	1.02278665752541
CISD1	0.979753098033958
PLGRKT	0.952713287730748
PKN1	0.71650131047893
USE1	0.71650131047893
PSENEN	1.24196546098975
TEX2	1.00518177247207
IDI2-AS1	0.979753098033958
ZC3H15	0.970894155693591
FAM45BP	0.971983922050255
ACOT13	1.12568358502349
KIZ	1.01794118838271
TMEM165	0.982841762389136
BEX1	0.971983922050255
PKN2	0.982951932690122
ACTR10	0.764334413991476
DBNDD2	1.3428247635557
ECHDC1	0.94270636541698
TMEM126B	1.0798977924045
SLC22A11	1.07884952858265
HDAC8	0.971983922050255
PRKD1	0.764334413991476
ASH1L	0.982951932690122
CBWD1	0.952713287730748
PBK	0.433694208344174
GSDMB	1.00518177247207
GABRQ	1.12011520828342
PRKCQ	0.979753098033958
WSB2	1.01423100355274
LMO3	1.02278665752541
ZKSCAN7	0.730118323494498
GOLGA6B	1.13133433617156
PRKCSH	0.748368687962694
GPRC5C	0.986809853654872
LENEP	0.982951932690122
MYNN	1.2087165663813
ZNF395	0.433694208344174
MESP1	1.13133433617156
UNC45A	1.13133433617156
PRKCZ	0.969343795308908
ZNF302	1.24196546098975
THSD1	1.16077440404817
ACSS2	1.3428247635557
KMT2E	1.17978731315435
RNF114	1.3428247635557
ZC4H2	0.971983922050255
CMAS	1.24074736084
ANGPTL8	0.704151138682422
BIN3	0.433694208344174
PRKDC	1.01569444866679
APOBR	0.98246487716107
ERBIN	0.981327424359639
LANCL2	1.17037000361717
NXT2	0.971983922050255
CTTNBP2NL	0.982951932690122
PRKG1	0.979753098033958
RCC2	0.982951932690122
NKRF	0.971983922050255
INKA2	0.982951932690122
DMAP1	0.982951932690122
PRKG2	0.982841762389136
MYO5C	1.15942294495005
APOM	1.04825237769963
MAPK1	0.730447216884634
MAPK3	0.98246487716107
ZMAT5	1.25509584409354
LIN37	1.24196546098975
KLHL9	0.952713287730748
SULF2	1.3428247635557
MAPK4	0.729564863856545
SEPTIN3	0.720285108111023
AJAP1	0.969343795308908
NDUFA12	1.01423100355274
NSFL1C	1.04060686127253
RAB5IF	1.3428247635557
MAPK6	1.15942294495005
GNG12	0.982951932690122
BAIAP2L1	1.17037000361717
SLC25A40	1.17037000361717
BCAP29	1.17978731315435
SLC50A1	0.982951932690122
KLHL7	1.17037000361717
MAPK7	0.749723017917101
MAPK8	0.979753098033958
CFC1	1.00240700458938
NXF5	0.971983922050255
NXF4	0.971983922050255
ACRV1	1.0798977924045
MAPK11	0.705191761652427
NXF3	0.971983922050255
MYDGF	0.704151138682422
SMG9	1.24196546098975
MAPK9	0.981327424359639
MAPK10	0.982841762389136
MAPK13	1.04825237769963
BARX1	0.975901197514351
PDGFC	0.716789838124403
MAP2K1	1.13133433617156
MAP2K2	0.672745602694723
ALG1	0.98246487716107
MAP2K3	0.749723017917101
UBFD1	0.98246487716107
KLHL4	0.971983922050255
TMEM234	0.982951932690122
MAP2K5	1.13133433617156
MAP2K6	0.986809853654872
MAP2K7	0.704151138682422
PCDHGC5	0.981327424359639
PCDHGC4	0.981327424359639
PCDHGB7	0.981327424359639
EIF2AK2	1.00240700458938
PCDHGB6	0.981327424359639
PCDHGB5	0.981327424359639
PCDHGB3	0.981327424359639
PCDHGB2	0.981327424359639
PCDHGB1	0.981327424359639
PCDHGA11	0.981327424359639
PCDHGA10	0.981327424359639
PCDHGA9	0.981327424359639
PCDHGA7	0.981327424359639
PCDHGA6	0.981327424359639
DNAJC3	1.16077440404817
PCDHGA5	0.981327424359639
PCDHGA4	0.981327424359639
PCDHGA3	0.981327424359639
PCDHGA2	0.981327424359639
PCDHGA1	0.981327424359639
THAP12	1.0798977924045
PCDHGB8P	0.981327424359639
PCDHB15	0.981327424359639
PCDHB14	0.981327424359639
PCDHB13	0.981327424359639
PCDHB12	0.981327424359639
PCDHB11	0.981327424359639
PCDHB10	0.981327424359639
PCDHB9	0.981327424359639
PCDHB8	0.981327424359639
PCDHB7	0.981327424359639
PRKX	0.681263242067964
PCDHB6	0.981327424359639
PCDHB4	0.981327424359639
PCDHB3	0.981327424359639
PCDHB2	0.981327424359639
PCDHAC2	0.981327424359639
PCDHAC1	0.981327424359639
PCDHA13	0.981327424359639
PCDHA12	0.981327424359639
PCDHA11	0.981327424359639
PCDHA10	0.981327424359639
PCDHA8	0.981327424359639
PCDHA7	0.981327424359639
PCDHA6	0.981327424359639
PCDHA5	0.981327424359639
PCDHA4	0.981327424359639
PCDHA3	0.981327424359639
PCDHA2	0.981327424359639
PCDHA1	0.981327424359639
TEX15	0.416558022388397
TEX14	1.00518177247207
TEX13B	0.971983922050255
TEX13A	0.971983922050255
TEX12	1.0798977924045
TEX11	0.971983922050255
NSMCE3	1.15942294495005
RNF17	1.33645054467716
STK31	1.17037000361717
TDRD1	0.97891388353545
GSDMC	2.05039341266889
PRL	1.12568358502349
DNAH7	0.970894155693591
ANKH	1.19567882225115
PRLR	1.19567882225115
MOSPD1	0.971983922050255
MTFR1L	0.982951932690122
PRM1	0.98246487716107
PRM2	0.98246487716107
LMOD3	0.723578923483452
FAM214A	1.15942294495005
PRNP	1.01794118838271
PSPN	0.704151138682422
PROC	1.00240700458938
SUSD2	0.730447216884634
ZNF253	0.71650131047893
KIAA1217	0.979753098033958
BTNL2	1.04825237769963
C21orf62	0.71893801338487
MRAP	0.71893801338487
PRODH	1.28336096843035
YLPM1	0.764334413991476
CRTAM	1.0798977924045
RNF20	0.963087641236575
TMX4	1.01794118838271
SERTAD4	0.991375931347093
MEPCE	1.17037000361717
CTNNBL1	1.3428247635557
PROP1	0.981327424359639
C8orf44	1.01569444866679
GPCPD1	1.01794118838271
LRRC8A	0.963087641236575
CPXM1	1.01794118838271
KYAT3	0.982951932690122
IRGC	1.24196546098975
PROS1	1.19833272410156
WDR45B	0.986809853654872
BEX4	0.971983922050255
GKN1	1.00240700458938
PARD3	0.979753098033958
PROX1	0.991375931347093
AZGP1	1.17037000361717
PRPH	1.01423100355274
IL36G	1.00240700458938
SLC7A10	1.13164416291439
TRPV5	1.17978731315435
PRPS1	0.971983922050255
ANKRD7	1.17978731315435
METTL3	0.764334413991476
PRPS2	0.681263242067964
PRMT8	1.02278665752541
PPAN	0.704151138682422
CABP5	1.24196546098975
PRPSAP1	0.986809853654872
PRPSAP2	0.749723017917101
PRRG1	0.742060425418264
PRRG2	1.24196546098975
LGMN	0.764334413991476
LTB4R2	0.764334413991476
PRSS1	1.17978731315435
PRSS2	1.17978731315435
PRSS3	0.952713287730748
CTPS2	0.961550425812295
RPRM	1.00240700458938
CCL28	1.19567882225115
EIF4ENIF1	0.720285108111023
KCNQ5	0.94270636541698
MASP1	1.03734056701319
RELN	1.17978731315435
KLK7	1.24196546098975
TMPRSS15	0.71893801338487
PRSS8	0.98246487716107
DNAJC12	0.979753098033958
KLK6	1.24196546098975
HTRA1	0.96610428515749
MMP26	1.07884952858265
CHST7	1.0526427280961
KLK10	1.24196546098975
PRTN3	0.672745602694723
AZU1	0.672745602694723
PSAP	0.979753098033958
CYP26B1	1.00240700458938
ERO1B	1.02169470476617
SLC2A9	0.982841762389136
DIABLO	1.01423100355274
PSD	0.97891388353545
INPP5E	0.963087641236575
ASAH2	0.979753098033958
PSEN1	0.764334413991476
PSEN2	0.991375931347093
BCCIP	0.96610428515749
EIF5A2	1.2087165663813
TMPRSS4	1.0798977924045
CLDND1	1.19833272410156
LINC00470	1.15931082987001
TWNK	0.97891388353545
NPDC1	0.963087641236575
POLE4	1.00240700458938
OR2S2	0.952713287730748
TRIM39	1.12568358502349
KCNK13	0.764334413991476
KCNK12	1.00240700458938
VTRNA1-3	0.981327424359639
VTRNA1-2	0.981327424359639
VTRNA1-1	0.981327424359639
PANX2	0.705191761652427
MUC13	1.19833272410156
SUCNR1	1.06598575216065
AKIP1	1.07884952858265
C11orf16	1.07884952858265
TMEM9B	1.07884952858265
NRIP3	1.07884952858265
ASCL3	1.07884952858265
SAR1A	0.979753098033958
CFAP298	0.71893801338487
PSG1	1.24196546098975
B2M	1.15942294495005
PSG2	1.24196546098975
JPH1	1.01569444866679
PSG3	1.24196546098975
PSG4	1.24196546098975
RETN	0.704151138682422
PSG5	1.24196546098975
SLC2A4RG	1.3428247635557
PSG6	1.24196546098975
BARHL1	0.963087641236575
PSG7	1.24196546098975
FMN2	1.02169470476617
PSG9	1.24196546098975
PSG11	1.24196546098975
PSKH1	0.971089603767894
PSMA1	1.07884952858265
ZC3HAV1	1.17978731315435
PSMA2	1.17037000361717
IFNK	0.952713287730748
SLAMF8	0.982951932690122
GPR137	1.07884952858265
PSMA3	0.764334413991476
SPHK2	1.24196546098975
TCEAL7	0.971983922050255
PSMA4	1.13133433617156
GRIPAP1	1.0526427280961
EMC7	1.15942294495005
RAD18	0.720410490708883
CELF4	0.729564863856545
PSMA5	0.982951932690122
PSMA6	0.764334413991476
PSMA7	1.3428247635557
CDC42SE1	0.982951932690122
FSTL5	0.716789838124403
UGGT1	1.00240700458938
KCMF1	1.00240700458938
TM9SF3	0.97891388353545
PSMB1	0.862327116139212
MDM1	1.01423100355274
LGALS14	1.24196546098975
TCIM	0.416558022388397
UBQLN4	0.982951932690122
AGPAT3	0.717899370570668
AGPAT4	0.749110827107011
DPYSL5	1.01202671490066
WRNIP1	1.12568358502349
BDH2	0.982841762389136
ANKS1B	1.01423100355274
PSMB2	0.982951932690122
TMEM167B	0.982951932690122
NDUFA4L2	1.01423100355274
PNO1	1.00240700458938
PAPOLB	1.10834731360131
SH3GLB2	0.963087641236575
C15orf39	1.13133433617156
THAP10	1.13133433617156
SPIRE1	1.15931082987001
PSMB3	1.48826986994562
STARD7	1.00240700458938
MAP3K7CL	0.71893801338487
IFT46	1.0798977924045
C1GALT1	1.10834731360131
OTOR	1.01794118838271
EXOSC5	1.24196546098975
SMARCAD1	0.982841762389136
MEIS3	1.24196546098975
C2orf83	0.970894155693591
DHX33	0.749723017917101
PSMB4	0.982951932690122
SEMA3G	0.730118323494498
MCCC1	1.03734056701319
NMUR2	0.981327424359639
PAK6	1.15942294495005
LXN	1.06598575216065
NCLN	0.672745602694723
GPR108	0.704151138682422
SPPL2B	0.672745602694723
FEM1C	0.981327424359639
PSMB5	0.764334413991476
DUS3L	0.704151138682422
CA10	1.00518177247207
SMCO4	1.0798977924045
CCDC177	0.764334413991476
PMEPA1	1.3428247635557
ARNTL2	1.24074736084
PSMB6	0.7295394616866
DUSP22	1.12568358502349
HMCES	1.19833272410156
CMC2	0.971089603767894
ENY2	1.0381909863396
OLFML3	0.982951932690122
MRPS22	0.986056538996622
EMSY	1.0798977924045
MFF	0.970894155693591
SDR39U1	0.764334413991476
XAB2	0.704151138682422
PSMB7	0.963087641236575
SMYD2	0.991375931347093
C5orf15	0.981327424359639
PRTFDC1	0.979753098033958
NT5M	0.749723017917101
NIT2	1.19833272410156
MEPE	0.982841762389136
LHX9	0.991375931347093
OTUD7B	0.982951932690122
PSMB8	1.04825237769963
SHD	0.672745602694723
RGMA	1.13133433617156
WDR93	1.13133433617156
PARP6	1.13133433617156
C14orf132	0.764334413991476
RPL23AP32	1.00240700458938
PYY	1.00518177247207
ATXN7L3	1.00518177247207
CEACAM19	1.24196546098975
FAM20C	1.10834731360131
STOX2	0.716789838124403
PRDM8	0.982841762389136
PRDM9	1.19567882225115
PSMB9	1.04825237769963
PRDM10	1.0798977924045
PRDM11	1.07884952858265
POGLUT1	1.19833272410156
PSMG2	1.15931082987001
ADPRM	0.749723017917101
DTWD1	1.15942294495005
BBX	1.19833272410156
PSMB10	0.971089603767894
CDC42SE2	0.981327424359639
KIF15	0.730118323494498
TOMM22	0.720285108111023
CHPT1	1.01423100355274
TULP4	0.749110827107011
SLC12A9	1.17978731315435
COQ8A	0.991375931347093
CTNNBIP1	0.969343795308908
ADAMTS9	0.723578923483452
BAAT	0.963087641236575
PSMC1	0.764334413991476
GSN-AS1	0.963087641236575
SDHAF3	1.17037000361717
YAE1	1.17037000361717
CCDC47	1.00518177247207
ACKR3	0.970894155693591
PSMC2	1.17978731315435
CABP4	1.07884952858265
AKR1B10	1.17978731315435
COQ9	0.98246487716107
CCNL1	1.06598575216065
CIAPIN1	0.98246487716107
PSMC3	1.07884952858265
VPS35L	0.98246487716107
PDXP	0.720285108111023
SLC17A7	1.24196546098975
RSRP1	0.982951932690122
ANKMY2	0.932380436661844
RARS2	0.94270636541698
PSMC4	1.24196546098975
TWSG1	1.15931082987001
PLSCR2	1.21511111792987
PLSCR3	0.749723017917101
PSMC5	1.00518177247207
UTP3	0.982841762389136
CHRNA10	1.07884952858265
TBX20	1.17037000361717
PSMC6	0.764334413991476
PCBP4	0.730118323494498
HYMAI	0.94270636541698
DDX24	0.764334413991476
PSMD1	0.970894155693591
PSMD2	1.03734056701319
KNL1	1.15942294495005
SLC17A6	1.07884952858265
AGTRAP	0.969343795308908
PLSCR4	1.21511111792987
ENTPD7	0.97891388353545
PSMD3	1.00518177247207
CASS4	1.3428247635557
PCNP	1.19833272410156
TRIM49	1.0798977924045
CPA6	1.01569444866679
PITHD1	0.982951932690122
RPGRIP1	0.764334413991476
PARP11	1.02278665752541
AVEN	1.15942294495005
BACH1	0.71893801338487
PSMD4	0.982951932690122
ANO2	1.02278665752541
C12orf4	1.02278665752541
TIGAR	1.02278665752541
PNPLA2	1.07884952858265
CYSLTR2	1.16077440404817
NAT14	1.25334885646717
PDSS2	0.94270636541698
REXO4	0.963087641236575
PSMD5	0.963087641236575
PLAAT1	1.03734056701319
RAB25	0.982951932690122
TRPC7	0.981327424359639
PGLYRP4	0.982951932690122
ZNF695	1.02169470476617
INTS12	0.982841762389136
CAMK1D	0.979753098033958
EPPIN	1.3428247635557
GOPC	0.94270636541698
LPAR5	1.02278665752541
NUP107	1.01423100355274
CD248	1.07884952858265
PLXDC1	1.00518177247207
CD177	1.24196546098975
RHBG	0.982951932690122
LYRM4	1.12568358502349
MRPL47	1.03734056701319
PSMD7	0.971089603767894
ATP13A1	0.71650131047893
CHMP1B	1.15931082987001
MAN1C1	0.982951932690122
APMAP	1.01794118838271
RGL3	0.748368687962694
PSMD8	1.24196546098975
RNPEPL1	0.966350804585467
RTN4	1.00240700458938
ADCK1	0.764334413991476
PAK5	1.01794118838271
TMEM159	0.98246487716107
SCYL3	0.991375931347093
RALGAPB	1.3428247635557
LYRM1	0.98246487716107
PSMD9	1.01423100355274
SMIM8	0.94270636541698
LYZL6	1.48826986994562
SLURP1	1.02360093995737
SLC44A2	0.704151138682422
SMURF1	1.17037000361717
TMEM63C	0.764334413991476
PHTF2	1.17037000361717
JPH2	1.3428247635557
TRIM54	1.01202671490066
PSMD10	0.971983922050255
PELI2	0.764334413991476
PELI1	1.00240700458938
GJC2	1.02169470476617
SALL4	1.3428247635557
ASPHD2	0.730447216884634
ZNFX1	1.3428247635557
PSMD11	1.43941607542378
DOLPP1	0.963087641236575
CAMK1G	0.991375931347093
CORO1B	1.07884952858265
VARS2	1.04825237769963
ZMIZ1	0.97891388353545
KIAA1191	0.981327424359639
PSMD12	1.45235253680058
ACTR3B	1.24449465772
SLC39A10	0.970894155693591
ANKRD50	0.982841762389136
FAM219B	1.13133433617156
NIPAL3	0.982951932690122
RALGAPA2	1.01794118838271
THOC2	0.971983922050255
ADAMTSL3	1.13133433617156
KIAA1147	1.17978731315435
PSMD13	1.07884952858265
SELENON	0.982951932690122
VN1R1	1.25334885646717
MCOLN1	0.704151138682422
ATP10A	1.15942294495005
ATP8B2	0.982951932690122
BAD	1.07884952858265
PSME1	0.764334413991476
ATP10D	0.982841762389136
ZNF248	0.979753098033958
PSME2	0.764334413991476
SLC45A4	2.05039341266889
ADGRG6	0.94270636541698
TP73-AS1	0.969343795308908
SPRYD7	1.16077440404817
CEMIP	1.13133433617156
THAP11	0.971089603767894
VANGL2	0.982951932690122
TTC7A	1.00240700458938
ARFGEF3	0.94270636541698
ERGIC1	0.981327424359639
PPP4R3B	1.00240700458938
NHSL1	0.94270636541698
LYRM2	0.94270636541698
SMAGP	1.01423100355274
PSPH	1.17037000361717
SNX14	0.94270636541698
ZNF630	1.0526427280961
LINC00869	0.982951932690122
PTAFR	0.982951932690122
PTBP1	0.672745602694723
PGM5-AS1	0.975901197514351
TAS2R38	1.17978731315435
PTCH1	0.970815788272126
PTEN	0.97891388353545
SLC4A10	1.00240700458938
PTGDR	0.764334413991476
DANCR	0.982841762389136
BAG1	0.952713287730748
PTGDS	0.963087641236575
PTGER1	0.71650131047893
PTGER2	0.764334413991476
KAT14	1.01794118838271
PBXIP1	0.982951932690122
PTGER3	0.982951932690122
CBX8	0.986809853654872
RCN3	1.24196546098975
ZNF286A	0.749723017917101
ZNF287	0.749723017917101
SENP7	1.19833272410156
JPH3	0.971089603767894
PTGER4	1.19567882225115
ZNF304	1.25334885646717
TTYH1	1.25334885646717
GJD2	1.15942294495005
PTGFR	0.982951932690122
AICDA	1.02278665752541
PTGFRN	0.982951932690122
MRS2	1.12568358502349
RHOJ	0.764334413991476
PTGIR	1.24196546098975
CLTRN	0.681263242067964
CLK4	0.981327424359639
BAGE	1.08779534512708
PTGIS	1.3428247635557
CLLU1OS	1.01423100355274
S100A14	0.982951932690122
CLLU1	1.01423100355274
DUSP5P1	1.02169470476617
RAB22A	1.3428247635557
MIR362	1.0526427280961
MIR363	0.971983922050255
MIR20B	0.971983922050255
MIR18B	0.971983922050255
MIR433	0.764334413991476
SERTAD4-AS1	0.991375931347093
MIR431	0.764334413991476
CYP20A1	0.970894155693591
SNORA6	0.720410490708883
SNORA10	0.98246487716107
SPC25	1.00240700458938
ABHD6	0.730118323494498
NMRAL1	0.98246487716107
LRTM1	0.730118323494498
MIF4GD	0.986809853654872
PTH	1.07884952858265
SCYL1	1.07884952858265
AS3MT	0.97891388353545
TMIGD3	0.982951932690122
RHBDD2	1.17037000361717
C3orf14	0.723578923483452
WDR18	0.672745602694723
SLC24A3	1.01794118838271
PTGS1	0.963087641236575
PTGS2	0.991375931347093
PTHLH	1.24074736084
ADAMTSL4-AS1	0.982951932690122
OBSCN-AS1	1.02169470476617
MIR329-1	0.764334413991476
MIR329-2	0.764334413991476
MIR323B	0.764334413991476
MIR451A	1.01129990957445
MIR452	1.12011520828342
MIR409	0.764334413991476
PRR9	0.982951932690122
IBA57-DT	1.02169470476617
MIR412	0.764334413991476
MIR410	0.764334413991476
MIR376B	0.764334413991476
MIR485	0.764334413991476
MIR488	0.991375931347093
MIR489	1.17037000361717
MIR490	1.17978731315435
MIR491	0.952713287730748
MIR511	0.979753098033958
MIR146B	0.97891388353545
MIR202	0.96610428515749
MIR492	1.01423100355274
MIR493	0.764334413991476
MIR432	0.764334413991476
MIR494	0.764334413991476
MIR495	0.764334413991476
MIR496	0.764334413991476
MIR193B	0.98246487716107
MIR497	0.749723017917101
MIR181D	0.71650131047893
MIR512-1	1.25334885646717
MIR512-2	1.25334885646717
NDRG3	1.3428247635557
MIR498	1.25334885646717
MIR520E	1.25334885646717
MIR515-1	1.25334885646717
MIR519E	1.25334885646717
MIR520F	1.25334885646717
MIR515-2	1.25334885646717
MIR519C	1.25334885646717
MIR520A	1.25334885646717
MIR526B	1.25334885646717
MIR519B	1.25334885646717
NDRG2	0.764334413991476
MIR525	1.25334885646717
MIR523	1.25334885646717
MIR518F	1.25334885646717
MIR520B	1.25334885646717
MIR518B	1.25334885646717
MIR526A1	1.25334885646717
MIR520C	1.25334885646717
MIR518C	1.25334885646717
MIR524	1.25334885646717
MIR517A	1.25334885646717
BIRC6	1.00240700458938
MIR519D	1.25334885646717
MIR521-2	1.25334885646717
MIR520D	1.25334885646717
MIR517B	1.25334885646717
MIR520G	1.25334885646717
MIR516B2	1.25334885646717
MIR526A2	1.25334885646717
MIR518E	1.25334885646717
MIR518A1	1.25334885646717
MIR518D	1.25334885646717
PLEKHG5	0.969343795308908
MIR516B1	1.25334885646717
MIR518A2	1.25334885646717
MIR517C	1.25334885646717
MIR520H	1.25334885646717
MIR521-1	1.25334885646717
MIR522	1.25334885646717
MIR519A1	1.25334885646717
MIR527	1.25334885646717
MIR516A1	1.25334885646717
MIR516A2	1.25334885646717
PTH1R	0.730118323494498
MIR519A2	1.25334885646717
MIR499A	1.3428247635557
MIR500A	1.0526427280961
MIR501	1.0526427280961
MIR502	1.0526427280961
MIR450A2	0.971983922050255
MIR503	0.971983922050255
MIR504	0.971983922050255
MIR505	0.971983922050255
MIR513A1	0.971983922050255
TENM2	0.981327424359639
MIR513A2	0.971983922050255
MIR506	0.971983922050255
MIR507	0.971983922050255
MIR508	0.971983922050255
MIR509-1	1.07534151737943
MIR510	1.07534151737943
MIR514A1	1.07534151737943
MIR514A2	1.07534151737943
MIR514A3	1.07534151737943
GALNT16	0.764334413991476
DSCAML1	1.0798977924045
UGT2A2	0.982841762389136
LOC574538	1.02278665752541
REXO1	0.672745602694723
KIAA1143	0.730118323494498
TMCC3	1.01423100355274
GATAD2B	0.982951932690122
PTH2R	0.970894155693591
PPM1H	1.01423100355274
ISY1	1.19833272410156
MYORG	0.952713287730748
AMIGO1	0.982951932690122
STRIP2	1.17978731315435
TBC1D24	0.98246487716107
SCAF4	0.71893801338487
HHATL	0.720410490708883
SLC12A5	1.3428247635557
PNMA8B	1.24196546098975
PTK2	2.05039341266889
LRRC47	0.969343795308908
ERMN	1.00240700458938
CNOT6	0.981327424359639
ZNF512B	1.3428247635557
ZNF490	0.71650131047893
PLEKHH1	0.764334413991476
GRAMD1B	1.0798977924045
SHROOM4	0.971983922050255
USP31	0.98246487716107
PRR12	1.24196546098975
PLEKHG1	0.749110827107011
KIAA1210	0.971983922050255
KIAA1211	0.982841762389136
RNF150	0.982841762389136
NLN	0.981327424359639
ESYT2	1.08695203854043
ODF2L	0.982951932690122
AHRR	1.19567882225115
ARID1B	0.749110827107011
HEG1	1.19833272410156
RIMKLB	1.02278665752541
NWD2	0.982841762389136
MRTFB	0.98246487716107
LRFN2	1.04825237769963
KIDINS220	1.01202671490066
ADGRB1	1.02360093995737
KIAA1257	1.19833272410156
NLGN4X	0.681263242067964
MTA3	1.00240700458938
AARS2	1.04825237769963
MAVS	1.01794118838271
ZNF608	0.981327424359639
INTS2	1.00518177247207
MTUS1	0.433694208344174
XPO5	1.04825237769963
COG6	1.16077440404817
GPR158	0.979753098033958
CASKIN2	0.986809853654872
ARHGAP31	1.19833272410156
SERINC1	0.94270636541698
STARD9	1.15942294495005
HECW2	0.970894155693591
RPTOR	0.986809853654872
SRGAP1	1.01423100355274
NYNRIN	0.764334413991476
CASKIN1	0.98246487716107
PCDH19	0.971983922050255
KCTD16	0.981327424359639
RTL9	0.971983922050255
PTK6	1.3428247635557
CGN	0.982951932690122
HACE1	0.94270636541698
NUFIP2	1.01129990957445
TBC1D14	0.982841762389136
MIB1	0.729564863856545
KIAA1324	0.982951932690122
KIAA1328	0.729564863856545
SORCS2	0.982841762389136
ALPK3	1.13133433617156
WDR35	1.01202671490066
PTK7	1.04825237769963
DISP3	0.969343795308908
ZNF398	1.24449465772
KLHL42	1.24074736084
TXNDC16	0.764334413991476
CC2D2A	0.982841762389136
PDP2	0.971089603767894
ZNF624	0.749723017917101
IGSF9	0.982951932690122
TAOK1	1.01129990957445
NCEH1	1.2087165663813
MICAL3	0.736942594729667
LRRC7	0.982951932690122
NLGN2	0.749723017917101
SEMA6A	0.981327424359639
USP35	1.0798977924045
STAMBPL1	0.97891388353545
TWF1	1.01423100355274
IFT80	1.06598575216065
ARRDC3	0.981327424359639
CEP126	1.0798977924045
KLHL8	0.982841762389136
KLHL14	0.729564863856545
ZNF319	0.98246487716107
SIPA1L2	1.02169470476617
ARHGAP20	1.0798977924045
PTMA	0.970894155693591
TRMT5	0.764334413991476
CARNS1	1.07884952858265
DOCK6	0.704151138682422
ZNF471	1.25334885646717
MARCH4	0.970894155693591
PCDH10	0.982841762389136
KIF17	0.982951932690122
CCDC191	1.19833272410156
UNC79	0.764334413991476
FAM135A	0.94270636541698
PREX1	1.3428247635557
KCNT1	0.963087641236575
TMEM181	0.749110827107011
ARHGAP21	0.979753098033958
CRAMP1	0.98246487716107
SYT13	1.07884952858265
CFAP97	0.716789838124403
RIC1	0.952713287730748
WDFY1	0.970894155693591
MRTFA	0.720285108111023
ZNF687	0.982951932690122
EBF4	1.01794118838271
HOMEZ	0.764334413991476
PDZD4	1.21583421531377
BEGAIN	0.764334413991476
BAHCC1	0.986809853654872
WDR48	0.720410490708883
ADGRB2	0.982951932690122
FNIP2	0.716789838124403
USP36	0.986809853654872
TRMT9B	0.433694208344174
PITPNM2	1.01423100355274
SLAIN2	0.982841762389136
JCAD	0.979753098033958
DIP2B	1.01423100355274
RANBP10	0.971089603767894
ISLR2	1.13133433617156
FAM234B	1.02278665752541
RELCH	0.729564863856545
ZNF492	0.71650131047893
TSHZ3	1.13164416291439
VPS18	1.15942294495005
SHROOM3	0.982841762389136
STIM2	0.982841762389136
ZBTB2	0.749110827107011
LRFN1	1.24196546098975
ZFAT	2.05039341266889
NYAP2	0.970894155693591
KLHL1	1.16077440404817
DPP10	1.00240700458938
PTMS	1.02278665752541
SH3RF1	0.716789838124403
LRCH2	0.971983922050255
LRRN1	0.720410490708883
EP400	1.01423100355274
ARHGAP23	1.48826986994562
CCDC146	1.17037000361717
PTN	1.17978731315435
COL20A1	1.3428247635557
ZSWIM5	0.982951932690122
MYH7B	1.3428247635557
POGK	0.991375931347093
USP28	1.0798977924045
DHX37	1.01423100355274
KIAA1522	0.982951932690122
PHF12	1.01129990957445
CIP2A	1.19833272410156
SUGT1P4-STRA6LP-CCDC180	0.970815788272126
UVSSA	0.982841762389136
GRAMD1A	1.24196546098975
HCN3	0.982951932690122
CALCOCO1	1.01423100355274
ZBTB4	0.749723017917101
PHRF1	1.07884952858265
CAMSAP3	0.704151138682422
USP29	1.25334885646717
PLEKHA4	1.24196546098975
RDH14	1.01202671490066
FBRSL1	1.01423100355274
EPB41L5	1.00240700458938
KIAA1549	1.17978731315435
BEND3	0.94270636541698
RNF213	0.986809853654872
ZFP14	1.24196546098975
GPAM	0.97891388353545
ALS2	0.970894155693591
QSOX1	0.991375931347093
CHD8	0.764334413991476
ZDBF2	0.970894155693591
ZBTB26	0.963087641236575
CACHD1	0.982951932690122
VAT1L	0.971089603767894
ZSWIM6	0.981327424359639
LRRC4C	1.07884952858265
TNRC6C	0.986809853654872
KIAA1586	0.94270636541698
MAGEE1	0.971983922050255
ZNF317	0.704151138682422
USP37	0.970894155693591
DDX55	1.01423100355274
FANCM	0.764334413991476
SHTN1	0.96610428515749
CPNE5	1.04825237769963
ADGRB3	0.94270636541698
PTPN1	1.3428247635557
FAM160B1	1.68839252628767e-09
NCKAP5L	1.01423100355274
CWC22	0.970894155693591
GBA2	0.952713287730748
WDFY4	0.979753098033958
DENND1A	0.963087641236575
MEAK7	0.971089603767894
MIER1	0.982951932690122
SLC7A14	1.2087165663813
PTPN2	1.15931082987001
KIAA1614	0.991375931347093
ZNF529	1.24196546098975
SFMBT2	0.979753098033958
SEMA4G	0.97891388353545
PRX	1.24196546098975
PCDHB16	0.981327424359639
PPP4R4	0.764334413991476
ANO8	0.71650131047893
GPR107	0.963087641236575
METTL14	0.982841762389136
IGDCC4	1.13133433617156
EPG5	0.729564863856545
NCOA5	1.3428247635557
WDR19	0.982841762389136
ANKRD36B	1.00240700458938
SPTBN4	1.24196546098975
ZFYVE28	0.982841762389136
GBA3	0.982841762389136
PTPN3	0.963087641236575
PTPN4	1.00240700458938
SCUBE2	1.07884952858265
TRIB3	1.04060686127253
ANKRA2	0.981327424359639
PTPN6	1.02278665752541
PTPN7	0.991375931347093
RBAK	1.10834731360131
MARK4	1.24196546098975
SUGP1	0.71650131047893
BRINP2	0.991375931347093
GATAD1	1.17037000361717
RAB40C	0.98280619354904
BAK1	1.04825237769963
PTPN9	1.13133433617156
HES4	0.969343795308908
POLD4	1.07884952858265
CCAR2	0.433694208344174
PTPN11	1.01423100355274
HAMP	1.24196546098975
G6PC2	1.00240700458938
LSM2	1.04825237769963
PTPN12	1.17037000361717
CCNB1IP1	0.764334413991476
CCDC181	0.991375931347093
GRHL3	0.982951932690122
SLAMF7	0.982951932690122
HMHB1	0.981327424359639
RAP2C	0.971983922050255
C6orf47	1.04825237769963
CATSPERG	1.24196546098975
ZP4	1.02169470476617
PTPN13	0.982841762389136
KRTAP5-8	1.07884952858265
CYP4F11	0.71650131047893
SLC4A5	1.00240700458938
PTPN14	0.991375931347093
PTPRA	1.01794118838271
ZNF410	0.764334413991476
CADM3	0.982951932690122
SLC46A2	0.963087641236575
PTPRB	1.01423100355274
PTPRC	0.991375931347093
PTPRD	0.952713287730748
NKX3-2	0.982841762389136
PTPRCAP	1.07884952858265
PTPRE	0.96610428515749
PTPRF	0.982951932690122
PTPRG	0.723578923483452
PTPRH	1.25334885646717
PTPRJ	1.07884952858265
PTPRK	0.94270636541698
PTPRM	1.15931082987001
PTPRN	0.970894155693591
PTPRN2	1.08695203854043
ACTA1	1.02169470476617
BARD1	0.970894155693591
PTPRO	1.02278665752541
PTPRR	1.01423100355274
PTPRS	0.704151138682422
PTPRZ1	1.17978731315435
PTS	1.0798977924045
PTX3	1.06598575216065
BAX	1.24196546098975
RAD1	1.19567882225115
PURA	0.981327424359639
PURB	1.17037000361717
PTBP2	0.982951932690122
NGB	0.764334413991476
NEUROD4	1.01423100355274
PVALB	0.720285108111023
NFE4	1.17978731315435
PVR	1.24196546098975
NECTIN1	1.0798977924045
WFDC1	0.971089603767894
NECTIN2	1.24196546098975
CTDSP1	0.970894155693591
CXCL16	0.7295394616866
BBS1	1.07884952858265
PVT1	2.05039341266889
PEX19	0.982951932690122
ABCD3	0.982951932690122
ABCD4	0.764334413991476
PXMP2	1.01423100355274
PEX2	1.01569444866679
PXN	1.01423100355274
BBS2	0.98246487716107
PEX5	1.02278665752541
PYCR1	0.986809853654872
ALDH18A1	0.97891388353545
PCYT2	0.986809853654872
PYGB	1.01794118838271
PYGL	0.764334413991476
PYGM	1.07884952858265
SQOR	1.15942294495005
PLEKHB1	1.07884952858265
MS4A7	1.07884952858265
TP53INP2	1.3428247635557
SRPRB	0.986056538996622
ENOPH1	0.982841762389136
RHOU	1.02169470476617
LINC00474	0.963087641236575
NLRC4	1.00240700458938
TRAPPC1	0.749723017917101
ZBED5	1.07884952858265
CREBZF	1.0798977924045
PCTP	1.00518177247207
ABHD17C	1.13133433617156
RPRD1B	1.3428247635557
ZNF71	1.25334885646717
ZNF77	0.672745602694723
INIP	0.963087641236575
JAM2	0.71893801338487
OVOL2	1.01794118838271
LY6G5B	1.04825237769963
PRUNE1	0.982951932690122
MYL7	1.17037000361717
ZNF462	0.963087641236575
BBS4	1.13133433617156
ZNF250	1.02360093995737
OPRPN	0.982841762389136
ARHGAP22	0.979753098033958
OSTC	0.982841762389136
SCAF1	1.24196546098975
KMT2C	1.24449465772
CACTIN	0.672745602694723
PRODH2	1.24196546098975
DNASE2B	0.982951932690122
DLGAP3	0.982951932690122
EPS15L1	0.71650131047893
SELENOK	0.730118323494498
SINHCAF	1.24074736084
RBM25	0.764334413991476
DMRT3	0.952713287730748
WIZ	0.71650131047893
MID1IP1	0.742060425418264
ABRACL	0.94270636541698
RRAGD	0.94270636541698
MYOZ1	0.97891388353545
LY6G6D	1.04825237769963
PRM3	0.98246487716107
SNX6	0.764334413991476
MPP4	0.970894155693591
PZP	1.02278665752541
QARS	0.730118323494498
BCAT1	1.24074736084
QDPR	0.982841762389136
RAB1A	1.00240700458938
RAB2A	1.01569444866679
RGL2	1.04825237769963
RAB3A	0.71650131047893
RAB3B	0.982951932690122
RAB3IL1	1.07884952858265
RAB4A	1.02169470476617
RAB5A	0.720410490708883
RAB5B	1.01423100355274
BCAT2	1.24196546098975
RAB6A	1.07884952858265
MAP4K2	1.07884952858265
RAB13	0.982951932690122
RAB27A	1.13133433617156
RAB27B	0.729564863856545
RABGGTA	0.764334413991476
RABGGTB	0.982951932690122
RABIF	0.991375931347093
RAB5C	1.00518177247207
RAC1	1.10834731360131
RAC2	0.720285108111023
RAC3	0.986809853654872
RAD9A	1.07884952858265
RAD17	0.981327424359639
RAD21	2.05039341266889
RAD23A	0.71650131047893
RAD23B	0.963087641236575
RAD51	1.15942294495005
RAD51C	1.00518177247207
RAD51B	0.764334413991476
MOK	0.771082865073358
RAD51D	1.48826986994562
RAD52	1.02278665752541
RAF1	0.720410490708883
RAG1	1.07884952858265
RAG2	1.07884952858265
RALA	1.17037000361717
IL22RA1	0.982951932690122
TMEM8A	0.98280619354904
RALB	1.00240700458938
ACTA2	0.97891388353545
BCHE	1.06598575216065
RALGDS	0.963087641236575
RAN	1.01423100355274
RANBP1	1.65854047521834
RANBP2	1.00240700458938
RANGAP1	0.720285108111023
RAP1A	0.982951932690122
IL21	0.982841762389136
RAP1B	1.01423100355274
CARD18	1.0798977924045
ENPP5	1.04825237769963
RAP1GAP	0.982951932690122
RAP1GDS1	0.982841762389136
RAP2A	1.16077440404817
RAP2B	1.06598575216065
RAPSN	1.07884952858265
RARA	1.00518177247207
RARB	0.720410490708883
RARG	1.01423100355274
RARS	0.981327424359639
RARRES1	1.06598575216065
RARRES2	1.24449465772
PLAAT4	1.07884952858265
RASA1	0.981327424359639
RASA2	0.986056538996622
RASGRF1	1.13133433617156
RASGRF2	0.981327424359639
RB1	1.16077440404817
ARID4A	0.764334413991476
HIVEP3	0.982951932690122
KDM5A	1.02278665752541
EVA1C	0.71893801338487
ACE2	0.681263242067964
TLNRD1	1.13133433617156
NTN4	1.01423100355274
RBBP4	0.982951932690122
CACNG8	1.25334885646717
CACNG7	1.25334885646717
CACNG6	1.25334885646717
UBL5	0.704151138682422
RBBP5	0.991375931347093
BCKDHA	1.24196546098975
RBBP6	0.98246487716107
SIGIRR	1.07884952858265
RBBP7	0.961550425812295
RBBP8	0.729564863856545
RBL1	1.3428247635557
PRDM12	0.963087641236575
PRDM13	0.94270636541698
PLEKHA1	0.96610428515749
PLEKHA2	0.416558022388397
RBL2	0.98246487716107
HRH4	0.729564863856545
TRPV4	1.01423100355274
SCPEP1	1.00518177247207
SENP2	1.03734056701319
ALOXE3	0.749723017917101
GNB4	1.03734056701319
ZNF350	1.25334885646717
KLHL12	0.991375931347093
RBM3	1.0526427280961
RXFP1	0.716789838124403
PBOV1	0.94270636541698
LGR6	0.991375931347093
TMEM35A	0.971983922050255
RBM4	1.07884952858265
RBMS1	1.00240700458938
RBMS2	1.01423100355274
BCKDHB	0.94270636541698
RBP1	0.986056538996622
RBP2	0.986056538996622
SNORD101	0.94270636541698
SNORD100	0.94270636541698
SNORA33	0.94270636541698
ZFAT-AS1	2.05039341266889
HAS2-AS1	2.05039341266889
CPLX3	1.13133433617156
NPS	0.96610428515749
RBP3	0.979753098033958
CCND1	1.07884952858265
RBP4	0.97891388353545
SNORD16	1.13133433617156
SNORD18A	1.13133433617156
SNORD18B	1.13133433617156
SNORD18C	1.13133433617156
SMG1P5	0.98246487716107
PGM5P2	0.709018617651733
RCN1	1.07884952858265
RCN2	1.13133433617156
OPN1LW	1.21583421531377
RCVRN	0.749723017917101
RDH5	1.01423100355274
BCL2	0.729564863856545
PRPH2	1.04825237769963
RDX	1.0798977924045
RECQL	1.24074736084
REL	1.00240700458938
REG1A	1.00240700458938
REG1B	1.00240700458938
REG1CP	1.00240700458938
BCL2A1	1.13133433617156
RELA	1.07884952858265
RELB	1.24196546098975
REN	0.991375931347093
RENBP	1.21583421531377
UPF1	0.71650131047893
DPF2	1.07884952858265
REST	0.982841762389136
RET	0.979753098033958
BCL2L1	1.3428247635557
REV3L	0.94270636541698
RFC1	0.982841762389136
RFC2	1.17037000361717
RFC3	1.33645054467716
RFC4	1.03734056701319
RFC5	1.01423100355274
RFNG	0.986809853654872
TRIM27	1.12568358502349
RFPL1	1.25509584409354
RFX1	0.71650131047893
BCL2L2	0.764334413991476
RFX2	0.704151138682422
RFX3	0.952713287730748
RFX4	1.01423100355274
RFX5	0.982951932690122
RFXAP	1.16077440404817
RGR	0.97891388353545
RGS1	0.991375931347093
RGS2	0.991375931347093
RGS3	0.963087641236575
RGS4	0.991375931347093
ACTB	1.10834731360131
RGS7	1.02169470476617
RGS10	0.96610428515749
RGS12	0.982841762389136
RGS13	0.991375931347093
RGS16	0.991375931347093
RHAG	1.04825237769963
RHCE	0.982951932690122
RHD	0.982951932690122
RHEB	1.24449465772
RHO	1.19833272410156
GRK1	1.16077440404817
RLN1	0.952713287730748
RIT2	0.729564863856545
RING1	1.04825237769963
RIT1	0.982951932690122
RLBP1	1.13133433617156
RLF	0.982951932690122
RLN2	0.952713287730748
BCL3	1.24196546098975
RMRP	0.952713287730748
RN7SL1	0.764334413991476
AFAP1	0.982841762389136
GPBP1L1	0.982951932690122
C12orf10	1.01423100355274
FAM3A	1.15404773795701
RNASE1	0.764334413991476
RNASE2	0.764334413991476
RNASE3	0.764334413991476
AVPI1	0.97891388353545
RNASE4	0.764334413991476
TSKS	1.24196546098975
SLC25A19	0.986809853654872
RNASE6	0.764334413991476
BCL6	1.03734056701319
EDA2R	0.971983922050255
RNASEL	0.991375931347093
EXOC4	1.17978731315435
SNORA63	1.03734056701319
TGIF2	1.3428247635557
CDH26	1.3428247635557
SNORA62	0.720410490708883
RNF2	0.991375931347093
BRD2	1.04825237769963
BPESC1	0.986056538996622
BACH2	0.94270636541698
RNF4	0.982841762389136
RNF5	1.04825237769963
ELOVL5	1.04825237769963
SLC5A7	1.00240700458938
HAPLN2	0.982951932690122
SAV1	0.764334413991476
TRMT11	0.94270636541698
MRPS35	1.24074736084
APOBEC3G	0.720285108111023
RNF6	1.33645054467716
PPCDC	1.13133433617156
NIF3L1	0.970894155693591
CCDC90B	1.0798977924045
FASTKD5	1.01794118838271
CCDC81	1.0798977924045
HPSE2	0.97891388353545
AASDHPPT	1.0798977924045
BCL7A	1.01423100355274
RNH1	1.07884952858265
NYX	0.742060425418264
AGBL5	1.01202671490066
RNPEP	0.991375931347093
LDAH	1.01202671490066
ELAC2	0.749723017917101
ALX4	1.07884952858265
GUF1	0.982841762389136
SPCS3	0.716789838124403
NAA35	0.975901197514351
RINT1	1.17978731315435
ABCE1	0.982841762389136
SCOC	0.982841762389136
KCNK15	1.3428247635557
NBEAP1	1.15942294495005
DHX35	1.3428247635557
RIC8A	1.07884952858265
KLKP1	1.24196546098975
RNVU1-11	0.982951932690122
CYB5RL	0.982951932690122
SNORD68	0.971089603767894
UBE2MP1	0.98246487716107
C8orf49	0.433694208344174
RNU2-1	1.00518177247207
MIIP	0.969343795308908
LOC606724	0.98246487716107
ATG101	1.01423100355274
GAS5	0.991375931347093
PROK2	0.723578923483452
PAPPA2	0.991375931347093
CELF6	1.13133433617156
EEFSEC	1.19833272410156
CELF5	0.672745602694723
FKBP10	1.00518177247207
SMAP1	0.94270636541698
TRAPPC11	0.716789838124403
ZFAND3	1.04825237769963
C14orf93	0.764334413991476
BCL9	0.982951932690122
SNORD15A	1.0798977924045
TNFRSF17	0.98246487716107
SNORA73A	0.982951932690122
SNORD20	0.970894155693591
SNORD21	0.982951932690122
RNY1	1.24449465772
RNY3	1.24449465772
RNY4	1.24449465772
RNY5	1.24449465772
ROBO1	0.723578923483452
ROBO2	0.723578923483452
ROCK1	0.729564863856545
ROM1	1.07884952858265
RORA	1.13133433617156
RORB	0.975901197514351
RORC	0.982951932690122
ROS1	0.94270636541698
HCN2	0.681558751293874
RP9	1.17037000361717
RP1	1.01569444866679
RP2	1.0526427280961
RPGR	0.742060425418264
OPN1SW	1.17978731315435
RPA1	0.7295394616866
RPA2	0.982951932690122
RPA3	0.932380436661844
RPE	0.970894155693591
RPE65	0.982951932690122
RPL3	0.720285108111023
RPL3L	0.98246487716107
RPL4	1.13133433617156
RPL5	0.982951932690122
RPL6	1.01423100355274
RPL7	1.01569444866679
BCR	0.730447216884634
RPL7A	0.963087641236575
NPIPB13	0.98246487716107
LOC613038	0.98246487716107
CYP51A1-AS1	1.17037000361717
RPL8	1.02360093995737
LOC613206	0.963087641236575
DEFB135	0.433694208344174
DEFB136	0.433694208344174
DEFB134	0.433694208344174
CTXN3	0.981327424359639
HIGD1C	1.01423100355274
LOC613266	1.01794118838271
RPL9	0.982841762389136
RPL10	1.15404773795701
RPL11	0.982951932690122
RPL12	0.963087641236575
RPL13	0.971089603767894
RPL15	0.720410490708883
RPL17	0.729564863856545
RPL18	1.24196546098975
RPL18A	0.71650131047893
RPL19	1.00518177247207
RPL22	0.969343795308908
RPL23A	1.01129990957445
MRPL23	1.07884952858265
RPL24	1.19833272410156
RPL26	0.749723017917101
RPL27	1.00518177247207
RPL30	1.01569444866679
RPL27A	1.07884952858265
RPL28	1.25334885646717
RPL29	0.730118323494498
RPL31	1.00240700458938
RPL32	0.720410490708883
RPL34	0.982841762389136
RPL35A	1.03734056701319
RPL36AL	0.764334413991476
RPL37	1.19567882225115
RPL37A	0.970894155693591
RPL38	0.986809853654872
BCS1L	0.970894155693591
RPL39	0.971983922050255
RPL41	1.01423100355274
RPL36A	0.971983922050255
RPLP0	1.01423100355274
RPLP1	1.13133433617156
BCYRN1	1.00240700458938
RPLP2	1.07884952858265
MRPL12	0.986809853654872
MRPS12	1.24196546098975
RPN1	1.19833272410156
RPN2	1.3428247635557
RPS2	0.98246487716107
RPS3	1.0798977924045
RPS3A	0.983733746955767
RPS4X	0.971983922050255
SERINC4	1.15942294495005
FDPSP2	1.17037000361717
SCART1	0.96610428515749
FAM229B	0.94270636541698
ZNF704	1.01569444866679
RPS5	1.25334885646717
LINC01298	1.01569444866679
LINC00589	0.433694208344174
MBOAT4	0.433694208344174
SCARNA9	1.0798977924045
RPS6	0.952713287730748
FAM85A	0.433694208344174
LINC00051	1.02360093995737
SPANXA2-OT1	0.971983922050255
SNORD74	0.991375931347093
SNORA27	1.33645054467716
RPS6KA1	0.982951932690122
SNORA21	1.48826986994562
SSBP3-AS1	0.982951932690122
MIR483	1.07884952858265
MIR484	0.98246487716107
MIR486-1	0.416558022388397
MIR487A	0.764334413991476
MIR455	0.963087641236575
SNORA3A	1.07884952858265
SNORA7A	0.720410490708883
SNORD72	1.19567882225115
SNORA52	1.07884952858265
SNORD2	1.03734056701319
SNORA4	1.03734056701319
SNORA41	0.970894155693591
SNORD95	0.981327424359639
SNORD96A	0.981327424359639
RPS6KA2	0.862327116139212
RPS6KA3	0.961550425812295
RPS6KB1	1.00518177247207
RPS6KB2	1.07884952858265
RPS7	1.01202671490066
RPS8	0.982951932690122
RPS9	1.25334885646717
RPS10	1.04825237769963
RPS11	1.24196546098975
RPS12	0.94270636541698
RPS13	1.07884952858265
RPS14	0.981327424359639
RPS15	0.672745602694723
RPS15A	0.98246487716107
RPS16	1.24196546098975
RPS17	1.13133433617156
BDH1	1.03734056701319
RPS18	1.04825237769963
RPS19	1.24196546098975
RPS20	1.01569444866679
RPS21	1.3428247635557
RPS23	0.981327424359639
RPS24	0.97891388353545
BDKRB1	0.764334413991476
RPS25	1.0798977924045
RPS26	1.01423100355274
RPS27	0.982951932690122
RPS27A	1.00240700458938
RPS28	0.704151138682422
RPS29	0.764334413991476
RRAD	0.971089603767894
RRAS	1.24196546098975
RRBP1	1.01794118838271
RREB1	1.12568358502349
BDKRB2	0.764334413991476
RRM1	1.07884952858265
RRM2	1.01202671490066
RTKN	1.00240700458938
RS1	0.961550425812295
RSC1A1	0.982951932690122
CLIP1	1.01423100355274
RSU1	0.979753098033958
RTN1	0.764334413991476
RTN2	1.24196546098975
RXRA	0.963087641236575
RXRB	1.04825237769963
RXRG	0.991375931347093
RYK	0.986056538996622
RYR1	1.24196546098975
RYR2	1.02169470476617
RYR3	1.15942294495005
BDNF	1.07884952858265
S100A1	0.982951932690122
SORT1	0.982951932690122
S100A2	0.982951932690122
S100A3	0.982951932690122
S100A4	0.982951932690122
S100A5	0.982951932690122
S100A6	0.982951932690122
S100A7	0.982951932690122
S100A8	0.982951932690122
S100A9	0.982951932690122
S100A10	0.982951932690122
S100A11	0.982951932690122
S100A12	0.982951932690122
S100A13	0.982951932690122
S100B	0.696368907296711
S100P	0.982841762389136
SAA1	1.07884952858265
SAA2	1.07884952858265
CFB	1.04825237769963
SAA3P	1.07884952858265
SAA4	1.07884952858265
VPS52	1.04825237769963
SAFB	0.704151138682422
SAG	0.970894155693591
ACSM3	0.98246487716107
SALL2	0.764334413991476
SALL1	0.98246487716107
MAPK12	0.705191761652427
SARS	0.982951932690122
TSPAN31	1.01423100355274
SLC22A23	1.12568358502349
SAT1	0.742060425418264
BCORL1	0.971983922050255
CELA2A	0.982951932690122
SATB1	0.720410490708883
SBF1	0.705191761652427
MSMO1	0.716789838124403
SC5D	1.0798977924045
BFSP1	1.01794118838271
ATXN1	1.12568358502349
ATXN2	1.01423100355274
ATXN7	0.723578923483452
ATXN8OS	1.16077440404817
SERPINB3	0.729564863856545
SERPINB4	0.729564863856545
SCD	0.97891388353545
BGLAP	0.982951932690122
CLEC11A	1.24196546098975
SCML1	0.961550425812295
SCN1A	1.00240700458938
SCN1B	1.24196546098975
SCN2A	1.00240700458938
SCN2B	1.0798977924045
SCN3A	1.00240700458938
SCN4A	1.00518177247207
BGN	1.21583421531377
SCN4B	1.0798977924045
SCN5A	0.720410490708883
SCN7A	1.00240700458938
SCN8A	1.01423100355274
SCN9A	1.00240700458938
SCN10A	0.720410490708883
SCNN1A	1.02278665752541
SCNN1B	0.98246487716107
SCNN1D	0.969343795308908
CEACAM1	1.24196546098975
SCNN1G	0.98246487716107
SCO1	0.749723017917101
SCP2	0.982951932690122
SCT	1.07884952858265
SCTR	1.00240700458938
SRL	0.98246487716107
CCL1	1.04576408549782
CCL2	1.04576408549782
CCL3	1.48826986994562
CCL3L1	1.48826986994562
BHMT	0.981327424359639
CCL4	1.48826986994562
CCL5	1.48826986994562
CCL7	1.04576408549782
CCL8	1.04576408549782
CCL11	1.04576408549782
CCL13	1.04576408549782
CCL14	1.48826986994562
CCL15	1.48826986994562
BICD1	1.24074736084
CCL16	1.48826986994562
CCL17	0.98246487716107
CCL18	1.48826986994562
CCL19	0.952713287730748
CCL20	0.970894155693591
CCL21	0.952713287730748
CCL22	0.98246487716107
CCL23	1.48826986994562
CCL24	1.17037000361717
BID	0.736942594729667
CCL25	0.704151138682422
CXCL6	0.982841762389136
CXCL11	0.982841762389136
CXCL5	0.982841762389136
XCL1	0.991375931347093
CX3CL1	0.98246487716107
BIK	0.720285108111023
SDC1	1.01202671490066
SRR	0.7295394616866
BCAN	0.982951932690122
SDC2	1.01569444866679
SDC4	1.3428247635557
SDCBP	1.01569444866679
CXCL12	0.979753098033958
ABHD4	0.764334413991476
MRPL17	1.07884952858265
PKNOX2	1.0798977924045
FAM204A	0.96610428515749
SDF2	1.01129990957445
SDHA	1.19567882225115
RNF123	0.730118323494498
THADA	1.00240700458938
UBE2O	0.986809853654872
VIPAS39	0.764334413991476
PIEZO2	1.15931082987001
HEATR6	1.00518177247207
SH2D4A	0.433694208344174
NSUN3	1.19833272410156
PRDM1	0.94270636541698
SDHB	0.982951932690122
FAM111A	1.07884952858265
DUSP21	1.0526427280961
MANBAL	1.3428247635557
GPATCH3	0.982951932690122
NAPB	1.01794118838271
SDHC	0.982951932690122
SLC17A9	1.3428247635557
LINC01590	0.94270636541698
BLOC1S5	1.12568358502349
ELMO2	1.3428247635557
GALNT11	1.24449465772
SDHD	1.0798977924045
ZBED8	0.981327424359639
CHTF18	0.98246487716107
TNN	0.991375931347093
CIDEC	0.720410490708883
ZNF335	1.3428247635557
ANKEF1	1.01794118838271
CHP2	0.98246487716107
XPNPEP3	0.720285108111023
LINC01749	1.3428247635557
MRPS14	0.991375931347093
CXorf56	0.971983922050255
MCUR1	1.12568358502349
ZNF667	1.25334885646717
PCIF1	1.3428247635557
FAM217B	1.3428247635557
GPSM3	1.04825237769963
NECAB3	1.3428247635557
FKBPL	1.04825237769963
DMRTC2	1.24196546098975
DMRTB1	0.982951932690122
DMRTA2	0.982951932690122
DMRTA1	0.952713287730748
SEC13	0.720410490708883
CLSPN	0.982951932690122
SEC14L1	0.986809853654872
TP53AIP1	1.0798977924045
KIF13A	1.12568358502349
NEUROG2	0.982841762389136
NEUROD6	1.17037000361717
PRDM16	0.969343795308908
PRDM15	0.71893801338487
PRDM14	1.01569444866679
FIGNL1	1.17037000361717
SECTM1	0.986809853654872
ANO3	1.07884952858265
TRAPPC2	0.681263242067964
BLK	0.433694208344174
SEL1L	0.764334413991476
PCGEM1	0.970894155693591
MYO1G	1.17037000361717
SELE	0.991375931347093
SELL	0.991375931347093
SELP	0.991375931347093
SELPLG	1.01423100355274
SEMA3F	0.730118323494498
SEMG1	1.3428247635557
TSPYL2	0.971983922050255
RBM26	1.16077440404817
PRSS22	0.98246487716107
OXCT2	0.982951932690122
PERP	0.94270636541698
MMP27	1.0798977924045
NPAS3	0.764334413991476
SEMG2	1.3428247635557
CDH23	0.979753098033958
C19orf33	1.24196546098975
LHPP	0.96610428515749
SLC28A3	0.975901197514351
RBKS	1.01202671490066
PBLD	0.979753098033958
GOLPH3	1.19567882225115
CLSTN2	0.986056538996622
MCCC2	0.981327424359639
SNX16	1.01569444866679
GAL3ST2	0.966350804585467
POPDC2	1.19833272410156
SAMSN1	0.71893801338487
SMOC1	0.764334413991476
SMOC2	0.862327116139212
GFRA4	1.01794118838271
EPB41L4A	0.981327424359639
PARVG	0.720285108111023
BLM	1.13133433617156
ELSPBP1	1.24196546098975
LRRC4	1.17978731315435
TNMD	0.971983922050255
CENPK	0.981327424359639
NPFFR1	0.979753098033958
RTP4	1.03734056701319
CRLF2	0.681263242067964
MAGEF1	1.03734056701319
NPVF	1.17037000361717
MOAP1	0.764334413991476
TMBIM1	0.970894155693591
VSIR	0.979753098033958
SLC39A8	0.982841762389136
DUS1L	0.986809853654872
RRAGC	0.982951932690122
FN3K	0.986809853654872
ADGRL4	0.982951932690122
NOD2	0.98246487716107
TINAGL1	0.982951932690122
SMG1P1	0.98246487716107
LIN7B	1.24196546098975
XYLT1	0.98246487716107
RPL31P11	0.991375931347093
XYLT2	1.00518177247207
ZNF674	1.0526427280961
IFIH1	1.00240700458938
SLC7A11-AS1	0.982841762389136
LINC00616	0.982841762389136
LOC641367	0.71650131047893
ABCG4	1.0798977924045
ACOT1	0.764334413991476
ACOT6	0.764334413991476
NRON	0.963087641236575
TMEM75	2.05039341266889
SELENOP	1.19567882225115
RBSN	0.720410490708883
SNORA19	0.96610428515749
POTEM	0.764334413991476
PDF	0.971089603767894
TSC22D1-AS1	1.16077440404817
KIF9	0.730118323494498
C17orf75	1.43941607542378
SELENOW	1.24196546098975
DIO3OS	0.764334413991476
NCAPG	0.982841762389136
MGAT4EP	0.991375931347093
KC6	0.729564863856545
LEF1-AS1	0.982841762389136
MAP2K4	0.749723017917101
SNHG6	1.01569444866679
SNORD87	1.01569444866679
TMEM91	1.24196546098975
HEPN1	1.0798977924045
ERAP2	0.981327424359639
NECAB1	1.01569444866679
CARD9	0.963087641236575
ECSCR	0.981327424359639
FAM138F	0.681558751293874
OSGEPL1	0.970894155693591
DPEP2	0.971089603767894
LOC641746	1.17037000361717
P3H1	0.982951932690122
SET	0.963087641236575
DPEP3	0.971089603767894
FAM185BP	1.17037000361717
EDDM3B	0.764334413991476
SETMAR	0.720410490708883
SEPTIN7P2	1.17037000361717
BLMH	1.01129990957445
GUSBP10	1.17037000361717
IRF2BPL	0.764334413991476
POPDC3	0.94270636541698
SFPQ	0.982951932690122
MMS19	0.97891388353545
LHX5	1.01423100355274
LOC642131	1.15942294495005
DNAJC1	0.979753098033958
TFB2M	1.02169470476617
SEMA4A	0.982951932690122
PJA1	0.971983922050255
SFRP1	0.416558022388397
STRA6	1.13133433617156
ROBO3	1.0798977924045
TOR3A	0.991375931347093
MLST8	0.98246487716107
FRG1JP	0.709018617651733
HERPUD2	1.17037000361717
ATL2	1.00240700458938
FAM110C	1.01202671490066
ZNF876P	0.982841762389136
SFRP2	0.983733746955767
MS4A6A	1.07884952858265
MS4A5	1.07884952858265
MIR4500HG	1.16077440404817
PDLIM2	0.433694208344174
LOC642361	0.97891388353545
LOC642366	1.19567882225115
ADARB2-AS1	0.979753098033958
SFRP4	1.17037000361717
ABCG5	1.00240700458938
GOLGA6L17P	1.13133433617156
ABCG8	1.00240700458938
LINC02297	0.764334413991476
TRIM64B	1.0798977924045
MROH6	1.02360093995737
LOC642484	0.729564863856545
SFRP5	0.97891388353545
PRRT1B	0.963087641236575
AGAP9	0.979753098033958
POU5F1P3	1.02278665752541
MIR205HG	0.991375931347093
AKAIN1	1.15931082987001
SRSF1	1.00518177247207
TRIM49C	1.0798977924045
UBTFL1	1.0798977924045
FAM230B	0.730447216884634
RAD21L1	1.04060686127253
FAM230E	0.736942594729667
LOC642648	0.705191761652427
SCX	1.02360093995737
SRSF2	0.986809853654872
TBC1D22A-AS1	0.705191761652427
DANT2	0.971983922050255
NPIPA3	0.98246487716107
NPIPA2	0.98246487716107
SRSF3	1.04825237769963
ZNF487	0.979753098033958
TENT4B	0.98246487716107
BMS1P2	0.979753098033958
ARHGEF28	0.981327424359639
RAB17	0.970894155693591
CPSF4L	0.986809853654872
LOC642846	1.02278665752541
RHBDF1	0.98280619354904
LINC00205	0.696368907296711
SPATA42	0.982951932690122
ZSCAN31	1.12568358502349
SRSF4	0.982951932690122
LINC00535	1.01569444866679
LOC642929	0.975901197514351
CERNA2	0.97891388353545
INSYN2A	0.96610428515749
LOC642943	0.975901197514351
FLVCR1-DT	0.991375931347093
FAM163B	0.963087641236575
GRIK1-AS1	0.71893801338487
TMEM232	0.981327424359639
CXCR5	1.0798977924045
SRSF5	0.764334413991476
SMIM5	0.986809853654872
SLED1	0.716789838124403
C11orf97	1.0798977924045
LOC643072	1.00240700458938
SRSF6	1.3428247635557
ZC3H11B	0.991375931347093
SMIM15	0.981327424359639
CYMP	0.982951932690122
FAM25A	0.97891388353545
NOC3L	0.97891388353545
CCT6P3	1.17037000361717
FBRS	0.98246487716107
SRSF7	1.00240700458938
RNF25	0.970894155693591
LOC643201	0.981327424359639
SOX17	1.01569444866679
TUBBP5	0.963087641236575
GRXCR2	0.981327424359639
TMEM72	0.979753098033958
NSD1	0.981327424359639
MAP1LC3B2	1.01423100355274
CCT6P1	1.17037000361717
COP1	0.991375931347093
LMBR1	1.08695203854043
XPO4	1.33645054467716
SFSWAP	1.01423100355274
CT47B1	0.971983922050255
KIAA0754	0.982951932690122
NFKBIZ	1.19833272410156
LOC643327	1.12568358502349
ARHGAP9	1.01423100355274
ECRP	0.764334413991476
C15orf62	1.15942294495005
LOC643339	1.01423100355274
LINC01750	0.982951932690122
LINC00452	1.16077440404817
BTBD18	1.07884952858265
TMEM253	0.764334413991476
LOC643387	0.979447512570108
SPINK9	0.981327424359639
TRA2B	1.03734056701319
PURPL	1.19567882225115
LOC643406	1.01794118838271
LIPK	0.97891388353545
LIPN	0.97891388353545
HS1BP3	1.01202671490066
AZI2	0.720410490708883
TSG1	0.94270636541698
HIF3A	1.24196546098975
LOC643441	0.982951932690122
FAM25E	0.979753098033958
BRDTP1	0.971983922050255
LINC00865	0.97891388353545
LOC643542	0.729564863856545
NXN	0.7295394616866
RNF224	0.963087641236575
LINC02523	0.94270636541698
ZNF862	1.24449465772
LINC01189	0.709018617651733
LINC00842	0.979753098033958
SLC35G6	0.749723017917101
CCER2	1.24196546098975
CCDC168	1.16077440404817
MS4A4E	1.07884952858265
GOLGA8N	1.15942294495005
LOC643711	1.01423100355274
CASC16	0.98246487716107
SCGB1B2P	1.24196546098975
LYPLAL1-DT	0.991375931347093
CASP17P	1.0798977924045
SIL1	0.981327424359639
TRAF3IP2-AS1	0.94270636541698
IKZF4	1.01423100355274
IKZF5	0.96610428515749
NKAIN3-IT1	1.01569444866679
CHST8	1.13164416291439
LINC02453	1.01423100355274
USP46-AS1	0.982841762389136
LOC643802	0.98246487716107
KRTAP24-1	0.71893801338487
KRTAP27-1	0.71893801338487
CNTNAP3P2	0.975901197514351
PGA3	1.07884952858265
ZFP62	0.981327424359639
LINC01128	0.969343795308908
PGA4	1.07884952858265
TMPPE	0.720410490708883
CTAGE9	0.94270636541698
MMP25	0.98246487716107
CBLN3	0.764334413991476
GREM2	1.02169470476617
SFTPB	1.00240700458938
RNF222	0.749723017917101
CRNDE	0.98246487716107
ZMAT3	1.03734056701319
GMCL1	1.00240700458938
ZNF733P	1.17037000361717
GMCL2	0.981327424359639
TMEM88B	0.969343795308908
ZNF106	1.15942294495005
FLJ32255	1.19567882225115
MPP5	0.764334413991476
FNDC10	0.969343795308908
HHIP	0.982841762389136
BLVRA	1.17037000361717
SFTPC	0.433694208344174
AKTIP	0.98246487716107
CBWD6	0.709018617651733
CDH24	0.764334413991476
C18orf63	0.729564863856545
CDH22	1.3428247635557
LINC01529	1.24196546098975
FAM25C	0.979753098033958
RPS14P3	0.982951932690122
RGS18	0.991375931347093
GSG1L2	0.749723017917101
GLYCAM1	1.01423100355274
GALNT17	1.17037000361717
LOC644090	1.24449465772
HCG2040054	1.00240700458938
SDHAF1	1.24196546098975
SFTPD	0.97891388353545
KLHL25	1.13133433617156
ARL14EPL	0.981327424359639
ARAP3	0.981327424359639
GZF1	1.01794118838271
RPL23AP53	0.416284738599625
LOC644135	0.94270636541698
PIRT	0.749723017917101
EXOC1L	0.982841762389136
WIPF3	1.17037000361717
BCRP3	0.730447216884634
DRGX	0.979753098033958
TMEM267	1.19567882225115
MAPK8IP1P2	1.00518177247207
TMEM168	1.17978731315435
SYCE3	0.73920158822585
LOC644189	1.24196546098975
MTMR14	0.720410490708883
NR2F2-AS1	1.13133433617156
SGCA	1.00518177247207
SUSD1	0.963087641236575
DCLRE1C	0.979753098033958
LOC644215	0.97891388353545
ATG3	1.19833272410156
INF2	0.771082865073358
LINC00622	0.982951932690122
KANSL1-AS1	1.00518177247207
SNCA-AS1	0.982841762389136
POLR1E	0.709018617651733
SUDS3	1.01423100355274
TTC31	1.00240700458938
CIAO3	0.98246487716107
LOC644285	0.981327424359639
ZDHHC6	0.97891388353545
SGCB	0.982841762389136
PCNX4	0.764334413991476
ACTR6	1.01423100355274
MT1IP	0.98246487716107
FLJ43315	0.709018617651733
MRPS25	0.720410490708883
LINC00244	1.08695203854043
NOM1	1.08695203854043
ZCCHC18	0.971983922050255
SGCD	0.981327424359639
DEFB131A	0.982841762389136
TMEM30CP	1.19833272410156
DNAI2	0.986809853654872
SGCG	1.33645054467716
RPL13AP6	0.97891388353545
NKX2-4	1.01794118838271
SMIM10	0.971983922050255
LOC644554	1.24196546098975
PPIAL4G	0.982951932690122
SMIM10L2B	0.971983922050255
SGK1	0.94270636541698
INTS4P2	1.17037000361717
APOOP5	0.98246487716107
LOC644656	1.07884952858265
RAD21-AS1	2.05039341266889
LOC644669	1.15931082987001
CLDN25	1.0798977924045
CDRT15P2	0.749723017917101
SCG5	1.15942294495005
LIMD1-AS1	0.730118323494498
SAGE2P	0.971983922050255
TMPRSS11GP	0.982841762389136
LOC644762	0.981327424359639
CSMD1	0.416284738599625
LINC02604	1.17037000361717
SGSH	0.986809853654872
C15orf56	1.15942294495005
FAM83G	0.749723017917101
LINC01829	1.00240700458938
PHGR1	1.15942294495005
NBPF13P	0.982951932690122
LINC01184	0.981327424359639
MEIG1	0.979753098033958
SGTA	0.672745602694723
GCC2-AS1	1.00240700458938
LINC02315	0.764334413991476
LINC00235	0.98280619354904
LOC644936	0.981327424359639
RASSF10	1.07884952858265
KRT16P3	0.749723017917101
ACTG1P20	0.982951932690122
TNRC18P1	0.982841762389136
ALG1L2	1.19833272410156
TPSB2	0.98246487716107
THRB-AS1	0.720410490708883
SMIM23	0.981327424359639
PIK3CD-AS1	0.969343795308908
BLVRB	1.24196546098975
SH3BGR	0.71893801338487
EVPLL	0.749723017917101
NFIA-AS1	0.982951932690122
GAGE2B	1.0526427280961
GAGE13	1.0526427280961
CPEB1	1.13133433617156
GAGE12G	1.0526427280961
ZCCHC23	0.982841762389136
SH3BGRL	0.971983922050255
CLRN2	0.982841762389136
CCNI2	0.981327424359639
CBX3P2	1.15931082987001
LOC645177	1.24074736084
TEKT3	0.749723017917101
LOC645188	0.971983922050255
LINGO3	0.672745602694723
SH3BP2	0.982841762389136
LOC645202	1.15942294495005
LINC00693	0.720410490708883
EIF3J-DT	1.15942294495005
MNX1-AS1	1.08695203854043
ITSN1	0.71893801338487
LINC00461	0.981327424359639
FAM86C2P	1.07884952858265
SNRPD2P2	1.02169470476617
MIR3976HG	1.15931082987001
GGT8P	1.00240700458938
TMEM200C	1.15931082987001
PRAMEF33	0.000627466748393033
USP17L4	7.87347220630947e-06
PRAMEF19	0.982951932690122
PRAMEF20	0.982951932690122
TMEM191C	0.730447216884634
FUT8-AS1	0.764334413991476
ARRDC5	0.704151138682422
LINC01625	0.94270636541698
CEP170P1	0.982841762389136
LOC645485	1.24074736084
SH3GL1	0.704151138682422
LOC645513	0.982841762389136
FAM138A	0.969343795308908
FAM238A	0.979753098033958
IGFL2-AS1	1.24196546098975
LHFPL3-AS1	1.17978731315435
SH3GL2	0.952713287730748
WFDC21P	1.00518177247207
FLJ42627	0.98246487716107
ASH1L-AS1	0.982951932690122
POU5F1P4	0.982951932690122
RPL13AP3	0.764334413991476
LINC00520	0.764334413991476
SH3GL3	1.13133433617156
ZNF890P	1.10834731360131
MT1HL1	1.02169470476617
LOC645752	1.13133433617156
ALDH8A1	0.94270636541698
ANKRD36BP2	1.00240700458938
NDST4	0.982841762389136
SH3GL1P1	1.43941607542378
CLEC7A	1.02278665752541
CCDC154	0.98246487716107
GPR135	0.764334413991476
SEBOX	1.01129990957445
TMEM14EP	1.06598575216065
MAGEB17	0.961550425812295
RPS7P5	1.02169470476617
SH3GL1P2	1.01129990957445
LINC01822	1.01202671490066
SVIL2P	0.979753098033958
RPS18P9	0.749110827107011
SPATA31C2	0.975901197514351
LOC645967	0.749110827107011
PABPC1L2B	0.971983922050255
MOSPD3	1.17037000361717
GIGYF1	1.17037000361717
NAP1L6	0.971983922050255
BNC1	1.13133433617156
PLA2G2F	0.982951932690122
SLC35G4	1.15931082987001
VPS16	1.01794118838271
CBY3	0.981327424359639
ADORA2A-AS1	0.730447216884634
RAET1K	0.749110827107011
LOC646029	1.0798977924045
LOC646030	1.43941607542378
POM121L10P	0.730447216884634
CHEK2P2	1.15942294495005
SHB	0.709018617651733
LINC00643	0.764334413991476
LRRC77P	1.2087165663813
C16orf90	0.98246487716107
SHBG	0.749723017917101
BASP1P1	1.33645054467716
LOC646214	1.15942294495005
LINC02223	1.19567882225115
CXADRP2	1.15942294495005
LACTBL1	0.982951932690122
LINC01704	0.982951932690122
PDCD6IPP2	1.15942294495005
AZGP1P1	1.17037000361717
COL6A4P2	1.19833272410156
LINC00607	0.970894155693591
IGHV1OR15-3	1.15942294495005
LOC646383	1.0798977924045
REREP3	1.15942294495005
SHC1	0.982951932690122
TPTE2P1	1.33645054467716
EBF2	0.433694208344174
SPINK8	0.730118323494498
MFSD14A	0.982951932690122
ARIH2OS	0.730118323494498
C19orf67	0.71650131047893
LOC646471	0.982951932690122
SPANXD	0.971983922050255
FABP9	1.01569444866679
FABP12	1.01569444866679
C3orf84	0.730118323494498
FAM90A27P	1.25334885646717
CSRNP1	0.720410490708883
LOC646522	1.0798977924045
LOC646548	0.764334413991476
HHIP-AS1	0.982841762389136
LOC646588	1.17037000361717
IGF2BP2-AS1	1.03734056701319
C4orf51	0.982841762389136
URAD	1.33645054467716
LOC646626	0.982951932690122
LYPD8	1.02169470476617
SPANXC	0.971983922050255
SBK2	1.25334885646717
LOC646652	1.19567882225115
SYNDIG1L	0.764334413991476
NIPBL-DT	1.19567882225115
LINC02618	0.986056538996622
LOC646736	0.970894155693591
TRIM64C	1.07884952858265
LOC646762	1.17037000361717
ZAR1L	1.33645054467716
FBXW4	0.97891388353545
CYP4F62P	1.00240700458938
LOC646813	1.07884952858265
SETSIP	0.982951932690122
ANAPC1	1.00240700458938
FAM227A	0.720285108111023
RNF225	1.25334885646717
ZNF723	0.71650131047893
GORASP1	0.720410490708883
SH2D7	1.13133433617156
SHH	1.08695203854043
LOC646903	1.21511111792987
ZNF806	1.00240700458938
CTAGE1	0.729564863856545
LOC646938	1.13133433617156
MINDY4B	1.21511111792987
PRSS56	0.970894155693591
HRCT1	0.952713287730748
LINC00598	1.16077440404817
TMPRSS3	0.717899370570668
SHMT1	0.749723017917101
YY1P2	1.00240700458938
C6orf132	1.04825237769963
PA2G4P4	1.06598575216065
GOLGA6L10	1.13133433617156
SPATA31A1	0.709018617651733
LOC647070	0.991375931347093
COPS7B	0.970894155693591
STMP1	1.17978731315435
NUCKS1	0.991375931347093
LINC01192	1.06598575216065
HS3ST6	0.98246487716107
EMBP1	0.982951932690122
SRGAP2B	0.982951932690122
PDIA2	0.98280619354904
C13orf42	1.16077440404817
SERPINE3	1.16077440404817
UNKL	0.98246487716107
RPS16P5	1.04825237769963
SHMT2	1.01423100355274
MROH3P	0.991375931347093
ASCL5	0.991375931347093
RD3L	0.771082865073358
CTAGE11P	1.16077440404817
SHOX	0.681263242067964
GMNC	1.03734056701319
TEX22	0.709473775987212
LINC02026	1.03734056701319
LINC00254	0.98246487716107
SHOX2	1.06598575216065
WDR13	1.0526427280961
SMAP2	0.982951932690122
METTL17	0.764334413991476
ACBD3	0.991375931347093
MFSD1	1.06598575216065
FRG2EP	1.3428247635557
PLPPR2	0.748368687962694
SMURF2	1.00518177247207
CCDC136	1.17978731315435
SMYD3	1.02169470476617
C16orf58	0.98246487716107
ATPAF1	0.982951932690122
MARC1	0.991375931347093
ANHX	1.01423100355274
TNS3	1.17037000361717
SI	1.06598575216065
FAM160B2	0.433694208344174
PARP12	1.17978731315435
GAREM1	0.729564863856545
ZNF574	1.24196546098975
CREB3L2	1.17978731315435
S100PBP	0.982951932690122
IPPK	0.975901197514351
MEAF6	0.982951932690122
SIAH1	0.98246487716107
CCDC14	1.19833272410156
ILRUN	1.04825237769963
ENGASE	0.986809853654872
PCED1A	1.01794118838271
C11orf1	1.0798977924045
RMND5B	0.981327424359639
FNDC3B	1.2087165663813
MTHFSD	0.971089603767894
SIAH2	1.21511111792987
MICAL1	0.94270636541698
CERK	0.705191761652427
AEN	1.13133433617156
RBM15	0.982951932690122
CRTC3	1.13133433617156
GINS3	0.98246487716107
OCLNP1	0.981327424359639
TBC1D15	1.01423100355274
EPS8L2	1.07884952858265
LMF1	0.98246487716107
EXO5	0.982951932690122
IFT22	1.17978731315435
CEP85	0.982951932690122
DDX31	0.963087641236575
MIR924HG	0.729564863856545
RMND5A	1.00240700458938
NORAD	1.3428247635557
DEPTOR	2.05039341266889
IQCH	1.13133433617156
BMI1	0.979753098033958
ST6GAL1	1.03734056701319
EFCAB6	0.720285108111023
ARV1	1.02169470476617
NMNAT1	0.969343795308908
P2RY12	1.21511111792987
IL25	0.764334413991476
CYP3A43	1.17037000361717
ST3GAL1	2.05039341266889
ST3GAL2	0.971089603767894
ELOVL1	0.982951932690122
KLC2	1.07884952858265
FNDC4	1.01202671490066
FBXL17	0.981327424359639
ST3GAL4	1.0798977924045
PORCN	1.0526427280961
GNPNAT1	0.764334413991476
ISL2	1.13133433617156
MARCH7	1.00240700458938
SPATA20	1.00518177247207
YTHDC2	0.981327424359639
SLC13A3	1.3428247635557
ETNPPL	0.982841762389136
TUT1	1.07884952858265
AIDA	0.991375931347093
USP46	0.982841762389136
NIBAN2	0.963087641236575
VWA1	0.969343795308908
PLEKHG2	1.24196546098975
DCLRE1B	0.982951932690122
NABP1	0.970894155693591
ARMCX5	0.971983922050255
METTL4	1.15931082987001
RFX7	1.13133433617156
CDCP1	0.730118323494498
LL22NC03-63E9.3	0.730447216884634
ST3GAL3	0.982951932690122
ACTG1P4	0.982951932690122
PPP1R3G	1.12568358502349
EFL1P1	1.13133433617156
PCDH20	1.16077440404817
ST8SIA1	1.24074736084
PAPOLG	1.00240700458938
C12orf43	1.01423100355274
LOC648987	1.19567882225115
BMP1	0.433694208344174
PMEL	1.01423100355274
LPIN3	1.3428247635557
RANBP17	0.981327424359639
AGXT2	1.19567882225115
STIL	0.982951932690122
LOC649133	1.0798977924045
ZSCAN5C	1.25334885646717
PRAMENP	0.730447216884634
BCL11B	0.764334413991476
SIM1	0.94270636541698
CASD1	1.17037000361717
LRRC19	0.952713287730748
PNMA6E	1.21583421531377
SLC30A5	0.981327424359639
CCDC71	0.730118323494498
RASAL3	0.71650131047893
CES5AP1	0.730447216884634
TTC23	1.13133433617156
MRPL14	1.04825237769963
SIM2	0.71893801338487
LOC649352	0.433694208344174
YWHAEP1	1.17037000361717
SIPA1	1.07884952858265
STAG3L4	1.17037000361717
NT5DC2	0.730118323494498
DLGAP1-AS1	1.15931082987001
CENPH	0.981327424359639
MRPS26	1.01794118838271
SIX1	0.764334413991476
MRPS24	1.17037000361717
SIX3	1.00240700458938
MRPS15	0.982951932690122
MRPS11	1.13133433617156
MRPS9	1.00240700458938
MRPS6	0.71893801338487
MRPS5	1.00240700458938
SKI	0.969343795308908
MRPL41	0.963087641236575
MRPL40	1.28336096843035
MRPL38	0.986809853654872
MRPL36	1.19567882225115
SKIL	1.2087165663813
MRPL34	0.71650131047893
MRPL32	1.17037000361717
SKIV2L	1.04825237769963
RPL23AP64	1.0798977924045
BMP2	1.01794118838271
SKP1	0.981327424359639
MRPL11	1.07884952858265
MRPL9	0.982951932690122
MRPL1	0.982841762389136
NDRG4	0.98246487716107
SLC26A6	0.730118323494498
SLC26A10	1.01423100355274
PINK1	0.982951932690122
SKP2	1.19567882225115
LOC650226	1.17037000361717
SLA	2.05039341266889
TSSC2	1.07884952858265
SLAMF1	0.982951932690122
SLC1A1	0.952713287730748
REEP1	1.00240700458938
GPBP1	0.981327424359639
ACD	0.971089603767894
RAPH1	0.970894155693591
SLC1A2	1.07884952858265
CDK15	0.970894155693591
TMEM237	0.970894155693591
BEND3P3	0.97891388353545
NBEAL1	0.970894155693591
ABCA17P	0.98246487716107
GAS6-AS1	1.16077440404817
SLC1A3	1.19567882225115
CFLAR-AS1	0.970894155693591
IMPA1P1	1.01569444866679
RTN4R	1.65854047521834
MIPEPP3	1.33645054467716
SLC4A3	0.970894155693591
MRPL44	0.970894155693591
VPS33A	1.01423100355274
NOL6	0.952713287730748
TMEM135	1.0798977924045
SLC1A4	1.00240700458938
JMJD4	0.991375931347093
KRI1	0.704151138682422
BMP3	0.982841762389136
SLC1A5	1.24196546098975
MARCKSL1	0.982951932690122
UPF3B	0.971983922050255
SLC1A6	0.71650131047893
UPF3A	1.16077440404817
RSRC2	1.01423100355274
SLC1A7	0.982951932690122
PRAMEF1	0.969343795308908
PRAMEF2	0.969343795308908
INTS3	0.982951932690122
SOWAHC	1.00240700458938
WNK1	1.02278665752541
SLC2A1	0.982951932690122
ZNF192P1	1.12568358502349
LOC651337	0.963087641236575
SLC2A2	1.2087165663813
FLJ38576	0.716789838124403
SLC2A3	1.02278665752541
SLC2A4	0.749723017917101
ANKRD33B	1.19567882225115
SLC2A5	0.969343795308908
SLC3A1	1.00240700458938
BMP4	0.764334413991476
SLC3A2	1.07884952858265
SLC4A1	1.00518177247207
PCDH15	0.979753098033958
SLC4A2	1.24449465772
NADK	0.969343795308908
LOC652276	0.98246487716107
SLC5A1	0.720285108111023
SLC5A2	0.98246487716107
ZFP69B	0.982951932690122
SPATS2	1.01423100355274
ZSWIM4	0.71650131047893
SMTN	0.720285108111023
CPLANE1	1.19567882225115
ZNF649	1.25334885646717
MPPE1	1.15931082987001
SLC5A3	0.71893801338487
COA7	0.982951932690122
PYCR3	1.02360093995737
UBE2Z	1.00518177247207
C8orf33	1.02360093995737
WNK4	1.00518177247207
WNK3	0.971983922050255
WNK2	0.975901197514351
SLC5A4	0.720285108111023
SLC5A5	0.71650131047893
SLC6A1	0.720410490708883
SNORA48	0.749723017917101
SNORD10	0.749723017917101
CASTOR1	0.720285108111023
LRRC37A5P	0.963087641236575
SKOR2	0.729564863856545
UCA1	0.71650131047893
BMP5	1.04825237769963
SLC6A2	0.98246487716107
GOLGA8S	1.15942294495005
ZDHHC11B	1.19567882225115
SLC6A3	1.19567882225115
FAM86FP	1.02278665752541
ZBTB8A	0.982951932690122
FAM74A6	0.709018617651733
GOLGA8K	1.15942294495005
FAM228A	1.01202671490066
ANXA8	0.979753098033958
NBPF6	0.982951932690122
LOC653160	0.982951932690122
RPSAP9	0.975901197514351
OR1D4	0.7295394616866
GUSBP3	0.981327424359639
ABCC6P1	0.98246487716107
TRIM43B	1.00240700458938
SLC6A4	1.01129990957445
FAM230A	0.736942594729667
AGAP10P	0.979753098033958
GTF2H2B	0.981327424359639
KRTAP4-11	1.00518177247207
PRB2	1.02278665752541
AGAP7P	0.979753098033958
POTEI	1.00240700458938
CFC1B	1.00240700458938
CT47A7	0.971983922050255
SLC6A6	0.720410490708883
ASAH2B	0.979753098033958
FAM153CP	0.981327424359639
KIAA0895L	0.971089603767894
FAM86B2	0.433694208344174
NCF1	1.17037000361717
SORD2P	1.15942294495005
RRN3P2	0.98246487716107
GSTTP2	0.730447216884634
SLC6A7	0.981327424359639
FOXD4L6	0.709018617651733
FOXD4L5	0.000242266783972866
AQP12B	0.966350804585467
SRGAP2C	0.982951932690122
MRPL45P2	1.00518177247207
AFDN-DT	0.862327116139212
SCGB1C2	0.7295394616866
RGPD3	1.00240700458938
PSG10P	1.24196546098975
LGALS7B	1.24196546098975
SLC6A8	1.21583421531377
PPIAL4A	0.982951932690122
SFTPA1	0.97891388353545
GPR89A	0.982951932690122
TMEM236	0.979753098033958
PHLDB3	1.24196546098975
PPIAL4C	0.982951932690122
SLC6A9	0.982951932690122
HIST2H3D	0.982951932690122
PRAMEF22	0.969343795308908
PRAMEF15	0.000627466748393033
WASH7P	0.969343795308908
GOLGA6C	1.13133433617156
GOLGA6D	1.13133433617156
TBC1D3P1-DHX40P1	1.00518177247207
LOC653653	1.00518177247207
MBD3L4	0.704151138682422
MBD3L3	0.704151138682422
TMEM183B	1.21511111792987
SEC1P	1.24196546098975
LOC653712	1.19833272410156
GOLGA8M	1.15942294495005
POTEJ	1.00240700458938
MZT2A	1.00240700458938
OTOAP1	0.98246487716107
SLC6A11	0.720410490708883
ZG16	0.98246487716107
FAM72B	0.982951932690122
ACTR3C	1.24449465772
SLC6A12	1.02278665752541
BMP6	1.12568358502349
SLC6A13	1.02278665752541
SLC7A1	1.33645054467716
SLC7A2	0.433694208344174
OCM	1.10834731360131
ZNF732	0.982841762389136
SLC8A2	1.24196546098975
SNORA5A	1.17037000361717
SNORA8	1.0798977924045
SNORA75	0.970894155693591
SNORA13	0.981327424359639
LSP1P4	1.00240700458938
LGALS9C	0.749723017917101
NME1-NME2	1.00518177247207
FAM138B	1.00240700458938
LRTM2	1.02278665752541
PAX8-AS1	1.00240700458938
SNHG20	0.986809853654872
FER1L6	2.05039341266889
FGF7P3	0.709018617651733
BOLA2B	0.98246487716107
FAM30C	1.15942294495005
SLC7A4	0.730447216884634
IQCJ	1.06598575216065
SLC8A1	1.00240700458938
SLC8A3	0.764334413991476
LOC654780	0.971089603767894
PCP4L1	0.982951932690122
SLC9A1	0.982951932690122
NCF1B	1.17037000361717
NCF1C	1.17037000361717
FAM138C	0.952713287730748
LOC654841	0.970894155693591
SLC9A2	1.00240700458938
BMP7	1.3428247635557
SLC9A3	1.19567882225115
SLC9A5	0.971089603767894
SLC10A1	0.764334413991476
SLC10A2	1.16077440404817
SLC11A1	0.970894155693591
SLC12A1	1.15942294495005
SLC12A2	0.981327424359639
SLC12A3	0.98246487716107
BMP8B	0.982951932690122
SLC12A4	0.971089603767894
SLC13A1	1.17978731315435
SLC14A1	0.729564863856545
SLC15A1	1.16077440404817
SLC15A2	1.19833272410156
SLC16A1	0.982951932690122
SLC16A2	0.971983922050255
SLC17A1	1.12568358502349
SLC34A1	0.981327424359639
BMPR1A	0.97891388353545
SLC18A1	0.433694208344174
SLC18A2	0.96610428515749
SLC18A3	0.979753098033958
SLC19A1	0.696368907296711
SLC20A1	1.00240700458938
SLC20A2	0.416558022388397
SLC25A1	1.28336096843035
SLCO2A1	0.986056538996622
SLCO1A2	1.24074736084
BMPR1B	0.982841762389136
SLC22A1	0.749110827107011
SLC22A3	0.749110827107011
SLC22A2	0.749110827107011
SLC22A4	0.981327424359639
SLC22A5	0.981327424359639
SLIT1	0.97891388353545
SLIT3	0.981327424359639
SLN	1.0798977924045
BMPR2	0.970894155693591
SLPI	1.3428247635557
SNAI2	1.01569444866679
SMARCA1	0.971983922050255
SMARCA2	0.952713287730748
HLTF	1.21511111792987
SMARCA4	0.704151138682422
STK33	1.07884952858265
PLEKHA3	0.970894155693591
PHACTR4	0.982951932690122
SMARCB1	0.730447216884634
BRD9	1.19567882225115
CAPRIN2	1.24074736084
ZSCAN18	1.25334885646717
GRAMD2B	0.981327424359639
AACS	1.01423100355274
ZBTB10	1.01569444866679
KCTD14	1.0798977924045
ZNF747	0.98246487716107
DLK2	1.04825237769963
SMARCC1	0.730118323494498
FAM173A	6.43727749362968e-05
FUNDC2	1.15404773795701
DDRGK1	1.01794118838271
MRPS34	0.98246487716107
CENPBD1P1	1.25334885646717
RASL11B	0.982841762389136
C11orf95	1.07884952858265
LRRC61	1.24449465772
BMX	0.681263242067964
TMEM108	0.986056538996622
CYP4F12	0.71650131047893
LYNX1	1.02360093995737
CHID1	1.07884952858265
TRAK2	0.970894155693591
SMARCC2	1.01423100355274
SMARCD1	1.01423100355274
SMARCD2	1.00518177247207
SLC2A11	0.730447216884634
MTMR9	0.433694208344174
BOLL	0.970894155693591
SMARCD3	1.24449465772
SMARCE1	1.00518177247207
SMN1	0.981327424359639
SMN2	0.981327424359639
SMO	1.17978731315435
SMPD1	1.07884952858265
POLR3D	0.433694208344174
SMPD2	0.94270636541698
SMS	0.961550425812295
SUMO3	0.696368907296711
SUMO2	0.986809853654872
SIGLEC1	1.01794118838271
SNAI1	1.3428247635557
SNAP25	1.01794118838271
SNAPC1	0.764334413991476
SNAPC2	0.704151138682422
SNAPC3	0.952713287730748
BNIP1	0.981327424359639
SNCB	0.981327424359639
SNAPC4	0.963087641236575
SNCA	0.982841762389136
SNCG	0.97891388353545
FSCN1	1.10834731360131
SNRNP70	1.24196546098975
SNRPA	1.24196546098975
SNRPA1	1.13133433617156
SNRPB	1.04060686127253
SNRPB2	1.01794118838271
BNIP2	1.13133433617156
SNRPC	1.04825237769963
SNRPD1	0.729564863856545
SNRPD2	1.24196546098975
SNRPD3	0.730447216884634
SNRPE	0.991375931347093
SNRPF	1.01423100355274
SNRPG	1.00240700458938
SNRPN	1.15942294495005
BNIP3	0.96610428515749
SNTA1	1.3428247635557
SNTB1	2.05039341266889
SNX1	1.13133433617156
SNX2	0.981327424359639
SNTB2	0.971089603767894
SOAT1	0.991375931347093
MIR539	0.764334413991476
MIR544A	0.764334413991476
MIR545	0.971983922050255
MIR376A2	0.764334413991476
MIR487B	0.764334413991476
MIR542	0.971983922050255
HSP90AB4P	1.13133433617156
SOD1	0.71893801338487
ZNF826P	0.71650131047893
HNRNPA1P10	0.748368687962694
SOD2	0.749110827107011
SOD3	0.982841762389136
BNIP3L	0.433694208344174
CAPN15	0.98280619354904
SON	0.71893801338487
SORD	1.15942294495005
SORL1	1.0798977924045
SOS1	1.00240700458938
SOS2	0.764334413991476
SOX1	1.16077440404817
SOX2	1.03734056701319
SOX3	0.971983922050255
SOX4	1.12568358502349
BOK	0.966350804585467
SOX5	1.24074736084
SOX9	0.986809853654872
SOX10	0.720285108111023
SOX11	1.01202671490066
SOX15	0.749723017917101
SOX12	1.04060686127253
SP1	1.01423100355274
SP2	1.00518177247207
DST	1.04825237769963
SP3	0.970894155693591
SP4	1.17037000361717
SP100	0.970894155693591
SPAG1	1.01569444866679
UAP1	0.991375931347093
SPAG4	1.3428247635557
SPAM1	1.17978731315435
SPARC	0.981327424359639
FOXL2	0.986056538996622
SPAST	1.00240700458938
SPG7	0.971089603767894
SPI1	1.07884952858265
SPIB	1.24196546098975
BPGM	1.17978731315435
SPINK1	0.981327424359639
SPINK2	0.982841762389136
SPINT1	1.15942294495005
SPN	0.98246487716107
SPP2	0.970894155693591
SPOCK1	0.981327424359639
SPP1	0.982841762389136
SPR	1.00240700458938
SPRR1A	0.982951932690122
SPRR1B	0.982951932690122
BPHL	1.12568358502349
SPRR2A	0.982951932690122
SPRR2B	0.982951932690122
SPRR2C	0.982951932690122
SPRR2D	0.982951932690122
SPRR2E	0.982951932690122
SPRR2F	0.982951932690122
SPRR2G	0.982951932690122
SPRR3	0.982951932690122
SPTA1	0.982951932690122
SPTAN1	0.963087641236575
BPI	1.3428247635557
SPTB	0.764334413991476
SPTBN1	1.00240700458938
SPTBN2	1.07884952858265
SQLE	2.05039341266889
SRC	1.3428247635557
SRD5A1	1.19567882225115
SRD5A2	1.01202671490066
SRI	1.17037000361717
AKR1D1	1.17978731315435
SRD5A1P1	0.971983922050255
BRCA1	1.00518177247207
SREBF1	0.749723017917101
SREBF2	0.720285108111023
SRF	1.04825237769963
SRM	0.969343795308908
SRMS	1.3428247635557
SRP9	0.991375931347093
SRP14	1.15942294495005
SRP19	0.981327424359639
SRP54	0.764334413991476
BRAF	1.17978731315435
SRP68	0.986809853654872
SRP72	0.982841762389136
SRPK1	1.04825237769963
SRPK2	1.17978731315435
SRPRA	1.0798977924045
TRIM21	1.07884952858265
RO60	0.991375931347093
SSB	1.00240700458938
SSBP1	1.17978731315435
ITPRID2	0.970894155693591
SSR1	1.12568358502349
SSR2	0.982951932690122
SSR3	1.06598575216065
SSR4	1.21583421531377
SSRP1	1.07884952858265
BRCA2	1.33645054467716
SST	1.03734056701319
SSTR1	0.764334413991476
SSTR2	0.986809853654872
SSTR3	0.720285108111023
SSTR4	1.01794118838271
SSTR5	0.98246487716107
SSX1	1.0526427280961
SSX5	1.0526427280961
BRDT	0.982951932690122
SS18	0.729564863856545
ST5	1.07884952858265
ST13	0.720285108111023
ST14	1.0798977924045
STAC	0.720410490708883
ZFP36L1	0.764334413991476
STAR	0.416558022388397
STAT1	0.970894155693591
STAT2	1.01423100355274
STAT3	1.00518177247207
STAT4	0.970894155693591
STAT5A	1.00518177247207
SCARNA3	0.991375931347093
SCARNA20	1.00518177247207
STAT5B	1.00518177247207
SCARNA21	0.749723017917101
SCARNA18	0.981327424359639
SCARNA2	0.982951932690122
SCARNA7	1.06598575216065
SCARNA13	0.764334413991476
SCARNA17	0.729564863856545
SCARNA22	0.982841762389136
SCARNA4	0.982951932690122
SCARNA6	0.970894155693591
SCARNA23	0.742060425418264
SCARNA1	0.982951932690122
SCARNA5	0.970894155693591
SCARNA8	0.952713287730748
SCARNA12	1.02278665752541
SCARNA15	1.13133433617156
LINC00488	1.19833272410156
SCARNA11	1.02278665752541
SCARNA16	0.986809853654872
FAM138D	1.02278665752541
SNORA1	1.0798977924045
SNORA2A	1.01423100355274
SNORA2B	1.01423100355274
SNORA5B	1.17037000361717
SNORA5C	1.17037000361717
SNORA7B	1.19833272410156
SNORA9	1.17037000361717
SNORA11	0.971983922050255
STAT6	1.01423100355274
SNORA12	0.97891388353545
SNORA14A	1.17037000361717
SNORA14B	1.02169470476617
SNORA15	1.17037000361717
SNORA17A	0.963087641236575
SNORA18	1.0798977924045
SNORA20	0.749110827107011
SNORA22	1.17037000361717
SNORA23	1.07884952858265
SNORA24	0.982841762389136
SNORA26	0.982841762389136
SNORA28	0.771082865073358
SNORA29	0.749110827107011
SNORA30	0.98246487716107
SNORA31	1.16077440404817
SNORA2C	1.01423100355274
SNORA35	0.971983922050255
SNORA36A	1.15404773795701
SNORA36B	0.991375931347093
SNORA37	0.729564863856545
SNORA38	1.04825237769963
SNORA71E	1.3428247635557
SNORA40	1.0798977924045
SNORA80E	0.982951932690122
SNORA17B	0.963087641236575
SNORA44	0.982951932690122
SNORA3B	1.07884952858265
SNORA46	0.98246487716107
SNORA47	0.981327424359639
SNORA49	1.01423100355274
SNORA50A	0.98246487716107
SNORA51	1.01794118838271
SNORA53	1.01423100355274
SNORA54	1.07884952858265
SNORA55	0.982951932690122
SNORA56	1.15404773795701
SNORA58	0.986056538996622
SNORA60	1.3428247635557
SNORA61	0.982951932690122
SNORA71C	1.3428247635557
SNORA71D	1.3428247635557
SNORA74B	0.981327424359639
SNORA50C	1.00518177247207
SNORA77	0.991375931347093
SNORA78	0.98246487716107
SNORA79	0.764334413991476
SNORA80A	0.71893801338487
SNORA81	1.03734056701319
SNORD1A	0.986809853654872
SNORD1B	0.986809853654872
SNORD1C	0.986809853654872
STATH	0.982841762389136
ZFP36L2	1.00240700458938
STAU1	1.3428247635557
STC1	0.433694208344174
HSPA13	0.71893801338487
SULT1E1	0.982841762389136
ELOVL4	0.94270636541698
STIM1	1.07884952858265
CD27-AS1	1.02278665752541
NEK4	0.730118323494498
STK3	1.01569444866679
STK4	1.3428247635557
AURKA	1.3428247635557
AURKAP1	0.991375931347093
CDKL5	0.961550425812295
STK10	0.981327424359639
STK11	0.672745602694723
AURKC	1.25334885646717
SULT1A2	0.98246487716107
BRS3	0.971983922050255
STRN	1.00240700458938
STX1A	1.17037000361717
STX3	1.07884952858265
STX4	0.98246487716107
STX5	1.07884952858265
STXBP1	0.963087641236575
STXBP2	0.704151138682422
STXBP3	0.982951932690122
STYX	0.764334413991476
SULT1A1	0.98246487716107
SULT1A3	0.98246487716107
SULT1C2	1.00240700458938
BSG	0.681558751293874
SULT2B1	1.24196546098975
SUOX	1.01423100355274
SULT2A1	1.24196546098975
SUPT4H1	1.00518177247207
SUPT5H	1.24196546098975
BST1	0.982841762389136
SUPT6H	1.01129990957445
SUPV3L1	0.979753098033958
ABCC8	1.07884952858265
SURF1	0.963087641236575
SURF2	0.963087641236575
SURF4	0.963087641236575
MED22	0.963087641236575
SURF6	0.963087641236575
SUV39H1	1.0526427280961
BST2	0.71650131047893
SVIL	0.979753098033958
VAMP1	1.02278665752541
VAMP2	0.749723017917101
XCL2	0.991375931347093
SYCP1	0.982951932690122
SNORA25	1.0798977924045
BTC	0.982841762389136
SYK	0.975901197514351
SYN1	1.0526427280961
SYN2	0.720410490708883
SYP	1.0526427280961
SYPL1	1.17978731315435
SYT1	1.01423100355274
BTD	0.720410490708883
SYT4	0.729564863856545
SYT5	1.25334885646717
TBXT	0.862327116139212
TAC1	1.17037000361717
TACR2	0.979753098033958
TAC3	1.01423100355274
TACC1	0.416558022388397
ADAM17	1.01202671490066
TACR1	1.00240700458938
KLF9	0.975901197514351
TACR3	0.982841762389136
TADA2A	1.48826986994562
TAF1	0.971983922050255
TAF2	2.05039341266889
TAF4	1.3428247635557
TAF4B	0.729564863856545
TAGLN	1.0798977924045
TAF5	0.97891388353545
TAF6	1.17037000361717
TAF7	0.981327424359639
KLF5	1.16077440404817
TAF9	0.981327424359639
TAF10	1.07884952858265
TAF11	1.04825237769963
TAF12	0.982951932690122
TAF13	0.982951932690122
MAP3K7	0.94270636541698
TAL1	0.982951932690122
TAL2	0.963087641236575
TALDO1	1.07884952858265
BTF3	0.981327424359639
TAP1	1.04825237769963
TAP2	1.04825237769963
TAPBP	1.04825237769963
TARBP1	1.02169470476617
TARBP2	1.01423100355274
TARS	1.19567882225115
TAT	0.971089603767894
TBX1	1.65854047521834
BTF3P11	1.16077440404817
CNTN2	0.991375931347093
TAZ	1.15404773795701
TBCA	0.981327424359639
TBCC	1.04825237769963
TBCD	0.986809853654872
TBCE	1.02169470476617
SERPINA7	0.971983922050255
TBL1X	0.681263242067964
TBP	0.862327116139212
TBX2	1.00518177247207
TBX5	1.01423100355274
TBX6	0.98246487716107
TBX15	0.982951932690122
TBXA2R	0.672745602694723
TBXAS1	1.17978731315435
TCEA1	1.01569444866679
TCEA2	1.3428247635557
TCEA3	0.982951932690122
SNORD9	0.764334413991476
SNORD12	1.3428247635557
SNORD11	0.970894155693591
SNORA32	1.0798977924045
SNORD5	1.0798977924045
SNORA16A	0.982951932690122
SNORD6	1.0798977924045
SNORD7	1.48826986994562
SNORD13	0.416558022388397
SNORD45C	0.982951932690122
SNORD17	1.01794118838271
SNORD49B	0.749723017917101
SNORD50B	0.94270636541698
SNORD19	0.730118323494498
SNORD59B	1.01423100355274
SNORD23	1.24196546098975
SNORD32B	1.12568358502349
SNORD62B	0.963087641236575
MSMP	0.952713287730748
FAM86DP	0.723578923483452
ELOC	1.01569444866679
SNORD65	0.749723017917101
SNORD66	1.03734056701319
SNORD67	1.07884952858265
SNORD69	0.730118323494498
SNORD70	0.970894155693591
SNORD71	0.971089603767894
SCARNA10	1.02278665752541
SCARNA14	1.13133433617156
SNORA16B	0.991375931347093
SNORA57	1.07884952858265
GRASP-AS1	1.01423100355274
SNORD75	0.991375931347093
SNORD76	0.991375931347093
SNORD77	0.991375931347093
SNORD78	0.991375931347093
SNORD84	1.04825237769963
SNORD103C	0.982951932690122
SNORD86	1.01794118838271
SNORD88A	1.24196546098975
SNORD88B	1.24196546098975
SNORD88C	1.24196546098975
SNORD89	1.00240700458938
SNORD90	0.963087641236575
SNORD91A	0.7295394616866
SNORD91B	0.7295394616866
SNORD92	1.01202671490066
SNORD93	1.17037000361717
SNORD98	0.979753098033958
SNORD99	0.982951932690122
SNORD110	1.01794118838271
SNORD111	0.971089603767894
SNORD112	0.764334413991476
SNORD97	1.07884952858265
SNORD94	1.00240700458938
SNORD96B	0.971983922050255
SNORD104	1.00518177247207
SNORD105	0.704151138682422
SNORD117	1.04825237769963
SNORD103A	0.982951932690122
SNORD103B	0.982951932690122
LOC692247	1.07884952858265
ELOB	0.98246487716107
PPAN-P2RY11	0.704151138682422
ELOA	0.982951932690122
TCF4	0.729564863856545
TBX3	1.01423100355274
HNF1A	1.01423100355274
HNF1B	1.48826986994562
TCF3	0.672745602694723
MIR33B	0.749723017917101
MIR411	0.764334413991476
MIR421	0.971983922050255
MIR449B	0.981327424359639
MIR532	1.0526427280961
MIR548A1	1.12568358502349
MIR548A2	0.94270636541698
MIR548A3	0.428230059977685
MIR548B	0.94270636541698
MIR548C	1.01423100355274
MIR548D1	2.05039341266889
MIR548D2	1.45235253680058
MIR549A	1.13133433617156
MIR550A1	1.17037000361717
MIR550A2	1.17037000361717
MIR551A	0.969343795308908
MIR551B	1.2087165663813
MIR552	0.982951932690122
MIR553	0.982951932690122
MIR554	0.982951932690122
MIR555	0.982951932690122
MIR556	0.991375931347093
MIR557	0.991375931347093
MIR558	1.00240700458938
MIR559	1.00240700458938
MIR561	0.970894155693591
MIR562	0.970894155693591
MIR563	0.720410490708883
MIR564	0.730118323494498
MIR567	1.19833272410156
MIR568	1.19833272410156
MIR569	1.2087165663813
MIR570	1.03734056701319
MIR571	0.982841762389136
MIR572	0.982841762389136
MIR573	0.982841762389136
MIR574	0.982841762389136
MIR575	0.982841762389136
MIR576	0.982841762389136
MIR577	0.982841762389136
MIR578	0.716789838124403
MIR579	1.19567882225115
MIR580	1.19567882225115
MIR581	0.981327424359639
MIR582	0.981327424359639
MIR583	0.981327424359639
MIR584	0.981327424359639
MIR585	0.981327424359639
MIR586	1.04825237769963
MIR587	0.94270636541698
MIR588	0.94270636541698
MIR589	1.10834731360131
MIR590	1.17037000361717
MIR591	1.17037000361717
MIR592	1.17978731315435
MIR593	1.17978731315435
MIR595	1.08695203854043
MIR596	0.416284738599625
MIR597	0.433694208344174
MIR598	0.433694208344174
MIR599	1.01569444866679
MIR600	0.963087641236575
MIR601	0.963087641236575
MIR602	0.963087641236575
MIR603	0.979753098033958
MIR604	0.979753098033958
MIR605	0.979753098033958
MIR606	0.97891388353545
MIR607	0.97891388353545
MIR608	0.97891388353545
MIR609	0.97891388353545
MIR610	1.07884952858265
MIR611	1.07884952858265
MIR612	1.07884952858265
MIR613	1.02278665752541
MIR614	1.02278665752541
TCF7	0.981327424359639
MIR615	1.01423100355274
MIR616	1.01423100355274
MIR617	1.01423100355274
MIR618	1.01423100355274
MIR619	1.01423100355274
MIR620	1.01423100355274
MIR621	1.16077440404817
MIR622	1.16077440404817
MIR623	1.16077440404817
MIR624	0.764334413991476
MIR625	0.764334413991476
MIR626	1.15942294495005
MIR627	1.15942294495005
MIR628	1.13133433617156
MIR629	1.13133433617156
MIR630	1.13133433617156
MIR631	1.13133433617156
MIR632	1.43941607542378
MIR633	1.00518177247207
MIR634	1.45235253680058
MIR635	0.986809853654872
MIR636	0.986809853654872
MIR637	0.672745602694723
MIR638	0.704151138682422
MIR639	0.71650131047893
MIR640	0.71650131047893
MIR641	1.24196546098975
MIR642A	1.24196546098975
MIR643	1.25334885646717
MIR644A	1.3428247635557
MIR645	1.3428247635557
MIR646	1.3428247635557
MIR647	1.3428247635557
MIR648	0.736942594729667
MIR649	0.730447216884634
MIR92B	0.982951932690122
TCF7L2	0.97891388353545
ZEB1	0.979753098033958
GCFC2	1.00240700458938
TCF12	1.13133433617156
TCF15	1.04060686127253
BTG1	1.01423100355274
ZNF354A	0.981327424359639
TCF19	1.04825237769963
TCF20	0.720285108111023
TCF21	0.94270636541698
VPS72	0.982951932690122
MLX	1.00518177247207
TCN1	1.07884952858265
TCN2	0.720285108111023
TCOF1	0.981327424359639
BTK	0.971983922050255
TCP1	0.749110827107011
TCP10	0.862327116139212
TCP11	1.04825237769963
BTN1A1	1.12568358502349
TECTB	0.97891388353545
TCTA	0.730118323494498
BUB1	1.00240700458938
DYNLT3	0.742060425418264
TCTE3	0.862327116139212
PPP1R11	1.12568358502349
DYNLT1	0.749110827107011
TDG	1.01423100355274
TDGF1	0.730118323494498
TDGF1P3	0.971983922050255
TDO2	0.983733746955767
ACTC1	1.15942294495005
PRDX2	0.71650131047893
TEAD1	1.07884952858265
TEAD4	1.02278665752541
TEAD3	1.04825237769963
TEC	0.982841762389136
TECTA	1.0798977924045
TEF	0.720285108111023
TMBIM6	1.01423100355274
BUB1B	1.15942294495005
TEK	0.952713287730748
TEP1	0.764334413991476
TERC	1.2087165663813
TERF1	1.01569444866679
TERF2	0.971089603767894
TERT	1.19567882225115
TESK1	0.952713287730748
TF	0.986056538996622
TFAM	0.979753098033958
TFAP2A	1.12568358502349
TFAP2B	1.04825237769963
TFAP2C	1.3428247635557
TFAP4	0.98246487716107
TFCP2	1.01423100355274
NR2F1	0.981327424359639
NR2F2	1.13133433617156
TFDP1	1.16077440404817
TFDP2	0.986056538996622
TFE3	1.0526427280961
TFF1	0.717899370570668
TFF2	0.717899370570668
TFF3	0.717899370570668
TFPI	0.970894155693591
TFR2	1.17037000361717
TFRC	1.03734056701319
TG	2.05039341266889
TGFA	1.00240700458938
TGFB1	1.24196546098975
TGFB1I1	0.98246487716107
TGFB2	0.991375931347093
TGFB3	0.764334413991476
LEFTY2	0.991375931347093
TGFBI	0.981327424359639
TGFBR1	3.86516906915313e-05
TGM4	0.730118323494498
TGFBR2	0.720410490708883
TGFBR3	0.982951932690122
BYSL	1.04825237769963
TGIF1	1.15931082987001
TGM1	0.764334413991476
TGM2	1.3428247635557
TGM3	1.04060686127253
TH	1.07884952858265
THBD	1.01794118838271
THBS1	1.15942294495005
THBS2	0.862327116139212
THBS3	0.982951932690122
TSPO	0.720285108111023
THBS4	0.981327424359639
TCHH	0.982951932690122
THOP1	0.672745602694723
THPO	1.03734056701319
THRA	1.00518177247207
THRB	0.720410490708883
THRSP	1.0798977924045
THY1	1.0798977924045
KLF10	1.01569444866679
TIA1	1.00240700458938
TIAL1	0.96610428515749
TIAM1	0.71893801338487
TIE1	0.982951932690122
TIMP1	1.0526427280961
TIMP2	0.986809853654872
TIMP3	0.720285108111023
TIMP4	0.720410490708883
C1QBP	0.749723017917101
NKX2-1	0.764334413991476
TJP1	1.15942294495005
TK1	0.986809853654872
TK2	0.98246487716107
TKT	0.730118323494498
ICAM5	0.704151138682422
TLE1	0.975901197514351
TLE2	0.672745602694723
TLE3	1.13133433617156
TLE4	0.975901197514351
TLL1	0.716789838124403
TLL2	0.97891388353545
TLN1	0.952713287730748
SEC62	1.2087165663813
TLR1	0.982841762389136
TLR2	0.983733746955767
TLR3	0.716789838124403
TLR4	0.963087641236575
ACTG1	0.986809853654872
SERPING1	1.07884952858265
TLR5	0.991375931347093
NR2E1	0.94270636541698
TSPAN7	0.742060425418264
TSPAN8	1.01423100355274
TM4SF4	1.21511111792987
TSPAN6	0.971983922050255
TSPAN4	1.07884952858265
GPR137B	1.02169470476617
TM7SF2	1.07884952858265
TRAPPC10	0.717899370570668
ERC2-IT1	0.730118323494498
TMF1	0.723578923483452
TMOD1	0.970815788272126
TMPO	1.01423100355274
TMPRSS2	0.71893801338487
TMSB4X	0.681263242067964
C1QA	0.982951932690122
CLDN5	1.65854047521834
CLEC3B	0.730118323494498
TNF	1.04825237769963
TNNC2	1.3428247635557
TNFAIP1	1.01129990957445
TNFAIP2	0.771082865073358
TNFAIP3	0.94270636541698
C1QB	0.982951932690122
TNFAIP6	1.00240700458938
TNFRSF1A	1.02278665752541
TNFRSF1B	0.969343795308908
TNNC1	0.730118323494498
TNNI1	0.991375931347093
TNNI2	1.07884952858265
TNNI3	1.25334885646717
TNNT1	1.25334885646717
TNNT2	0.991375931347093
C1QC	0.982951932690122
TNNT3	1.07884952858265
TNP1	0.970894155693591
TNP2	0.98246487716107
TNR	0.991375931347093
TNS1	0.970894155693591
TNXA	1.04825237769963
TNXB	1.04825237769963
C1R	1.02278665752541
TOP1	1.3428247635557
TOP1P1	0.991375931347093
TOP1P2	0.730447216884634
TOP2A	1.00518177247207
TOP2B	0.720410490708883
TOP3A	0.749723017917101
TP53	0.749723017917101
TP53BP1	1.15942294495005
TP53BP2	0.991375931347093
C1S	1.02278665752541
TP73	0.969343795308908
TPBG	0.94270636541698
TPD52	1.01569444866679
TPD52L1	0.94270636541698
TPD52L2	1.3428247635557
TPH1	1.07884952858265
TPI1	1.02278665752541
TPM1	1.13133433617156
TPM2	0.952713287730748
C2	1.04825237769963
TPM3	0.982951932690122
TPM4	0.71650131047893
TPMT	1.12568358502349
TPO	1.01202671490066
TPP2	1.16077440404817
TPR	0.991375931347093
TPSAB1	0.98246487716107
TPT1	1.16077440404817
TPTE	1.08779534512708
C3	0.704151138682422
CRISP2	1.04825237769963
NR2C1	1.01423100355274
NR2C2	0.720410490708883
HSP90B1	1.01423100355274
TRAF1	0.963087641236575
TRAF2	0.963087641236575
TRAF3	0.771082865073358
TRAF5	0.991375931347093
TRAF6	1.07884952858265
C3AR1	1.02278665752541
HSP90B2P	1.13133433617156
ACTG2	1.00240700458938
C4A	1.04825237769963
TRH	1.19833272410156
TRHR	1.0381909863396
CCT3	0.982951932690122
TRIO	1.19567882225115
TRIP6	1.17978731315435
C4B	1.04825237769963
TRO	0.971983922050255
C4BPA	0.991375931347093
TRPC1	0.986056538996622
TRPC2	1.07884952858265
TRPC3	0.982841762389136
TRPC4	1.16077440404817
TRPC5	0.971983922050255
TRPC6	1.0798977924045
TRPM2	0.696368907296711
TRPS1	2.05039341266889
MIR650	0.730447216884634
MIR651	0.681263242067964
MIG7	0.982951932690122
LHFPL3-AS2	1.17978731315435
INS-IGF2	1.07884952858265
ANP32AP1	1.15942294495005
MIR652	0.971983922050255
MIR653	1.17037000361717
MIR654	0.764334413991476
MIR655	0.764334413991476
MIR656	0.764334413991476
MIR657	0.986809853654872
MIR658	0.720285108111023
MIR659	0.720285108111023
MIR660	1.0526427280961
MIR661	1.02360093995737
MIR662	0.98246487716107
DEFA11P	0.416284738599625
LINC01545	1.0526427280961
SNHG4	0.981327424359639
TSN	1.00240700458938
TSC1	0.963087641236575
TSC2	0.98246487716107
C4BPB	0.991375931347093
TSG101	1.07884952858265
TSHB	0.982951932690122
TSHR	0.764334413991476
TSNAX	1.02169470476617
TSPYL1	0.94270636541698
CAPN5	1.0798977924045
EIPR1	1.01202671490066
PHLDA2	1.07884952858265
TST	0.720285108111023
TSTA3	1.02360093995737
TTC1	0.981327424359639
DNAJC7	1.00518177247207
TTC3	0.71893801338487
TTC4	0.982951932690122
C5	0.963087641236575
TTF1	0.963087641236575
TTK	0.94270636541698
TTN	0.970894155693591
TTPA	1.01569444866679
TUB	1.07884952858265
TTR	0.729564863856545
SNORD118	0.749723017917101
CASC8	2.05039341266889
TAB3-AS1	0.742060425418264
C1orf195	0.982951932690122
LINC00163	0.696368907296711
TUBA4A	0.970894155693591
SNORD116-19	1.15942294495005
LOC727751	1.13133433617156
ROCK1P1	1.15931082987001
TUBA3C	1.33645054467716
RNF208	0.963087641236575
SPATA31A3	0.975901197514351
GOLGA6L6	1.15942294495005
BHLHA9	0.7295394616866
LOC727896	1.15931082987001
MUC5B	1.07884952858265
SPATA31A5	0.709018617651733
GOLGA8Q	1.15942294495005
TLCD2	0.7295394616866
AGBL1-AS1	1.13133433617156
LINC02203	1.15942294495005
GXYLT2	0.723578923483452
LINC01874	1.01202671490066
SDHAP2	1.03734056701319
MROH1	1.02360093995737
LINC01249	1.01202671490066
PDYN-AS1	1.04060686127253
C5AR1	1.24196546098975
TUBB2A	1.12568358502349
MCHR2-AS1	0.94270636541698
LOC728024	0.416558022388397
BMS1P14	1.00240700458938
CT47A10	0.971983922050255
SSR4P1	0.696368907296711
LINC02499	0.982841762389136
CT47A9	0.971983922050255
GOLGA8O	1.15942294495005
CT47A8	0.971983922050255
CT47A6	0.971983922050255
FAM133DP	1.00240700458938
CT47A5	0.971983922050255
CT47A4	0.971983922050255
LINC00290	0.716789838124403
CT47A3	0.971983922050255
LINC02458	1.01423100355274
CT47A2	0.971983922050255
LOC728095	0.981327424359639
CT47A1	0.971983922050255
ANXA8L1	0.979753098033958
ZBTB8B	0.982951932690122
NUTM2A	0.97891388353545
NUTM2D	0.97891388353545
LOC728158	0.96610428515749
LINC02363	0.716789838124403
NUTM2A-AS1	0.97891388353545
LINC00460	1.16077440404817
LOC728196	1.0798977924045
FAM155A	1.16077440404817
FAM245A	0.97891388353545
KRTAP4-8	1.00518177247207
GGTLC3	0.736942594729667
LINC01433	1.01794118838271
TMEM191B	0.736942594729667
PI4KAP1	0.736942594729667
KRTAP1-4	1.00518177247207
FAM157A	1.03734056701319
CARMN	0.981327424359639
CLEC19A	0.98246487716107
KRTAP2-2	1.00518177247207
LINC02027	0.434078096558972
D2HGDH	0.966350804585467
KRTAP19-8	0.71893801338487
TUBG1	1.00518177247207
KRTAP9-1	1.00518177247207
LINC01881	0.966350804585467
LINC02667	0.96610428515749
FRG1-DT	1.00182064735938
LINC00992	0.981327424359639
DEFA1B	0.416284738599625
OVOL3	1.24196546098975
USP17L24	0.982841762389136
USP17L25	0.982841762389136
POTEF	1.00240700458938
USP17L26	0.982841762389136
USP17L5	0.982841762389136
LOC728392	0.749723017917101
USP17L27	0.982841762389136
TUFM	0.98246487716107
USP17L28	0.982841762389136
TPI1P3	0.94270636541698
USP17L29	0.982841762389136
PARGP1	0.979753098033958
LINC01548	0.71893801338487
USP17L30	0.982841762389136
LINC01137	0.982951932690122
C20orf187	1.01794118838271
GGT2	0.730447216884634
PPIEL	0.982951932690122
LINC00687	1.01794118838271
OPN1MW2	0.447122982923635
TGFB2-AS1	0.991375931347093
METTL24	0.94270636541698
LOC728485	1.24196546098975
DNLZ	0.963087641236575
SERF1B	0.981327424359639
FAM74A3	0.975901197514351
C2orf92	1.00240700458938
LOC728554	0.981327424359639
ENTPD1-AS1	0.97891388353545
C12orf73	1.01423100355274
CNTNAP3B	0.709018617651733
CCDC192	0.981327424359639
MS4A18	1.07884952858265
CCDC169	1.16077440404817
DCDC2C	1.01202671490066
TUFT1	0.982951932690122
PCAT18	0.729564863856545
SDHAP3	1.19567882225115
LOC728613	1.19567882225115
ASB9P1	1.13133433617156
CCDC30	0.982951932690122
SKP1P2	1.02278665752541
DHRS4L1	0.764334413991476
MEIKIN	0.981327424359639
FAM133CP	0.979753098033958
CDK11A	0.969343795308908
HNRNPA1P33	0.979753098033958
HULC	1.12568358502349
RPL13AP5	0.97891388353545
LOC728660	0.971983922050255
SLC35E2B	0.969343795308908
LOC728673	0.709018617651733
SPANXB1	0.971983922050255
TULP1	1.04825237769963
LOC728715	1.02278665752541
LINC01346	0.969343795308908
ZBED3-AS1	0.981327424359639
LINC00977	2.05039341266889
MAP4K3-DT	1.00240700458938
NPIPB8	0.98246487716107
LOC728739	1.01423100355274
NPIPB6	0.98246487716107
LOC728743	1.24449465772
ANKRD20A4	0.709018617651733
LOC728752	1.24196546098975
LOC728755	0.764334413991476
PIN4P1	1.15942294495005
CROCC2	0.966350804585467
SCAMP1-AS1	0.981327424359639
PABPC1P2	1.00240700458938
ANKDD1B	0.981327424359639
FRMPD2B	0.979753098033958
TULP2	1.24196546098975
NSFP1	1.00518177247207
C1GALT1C1L	1.00240700458938
FAM72D	0.982951932690122
NBPF8	0.982951932690122
LINC00623	0.982951932690122
C12orf71	1.24074736084
FAM182B	1.3428247635557
NPIPB11	0.98246487716107
TULP3	1.02278665752541
CT45A2	0.971983922050255
PDE4DIPP1	0.982951932690122
ZNF736	1.17037000361717
ELOA3B	0.729564863856545
ZNF705D	0.433694208344174
RPS15AP10	0.982951932690122
LOC728975	1.07884952858265
UNC5B-AS1	0.979753098033958
LOC728989	0.982951932690122
C6	1.19567882225115
HIRA	1.28336096843035
ZBED5-AS1	1.07884952858265
RPEL1	0.97891388353545
SLC15A5	1.02278665752541
FAAHP1	0.982951932690122
TEX46	0.982951932690122
LOC729080	0.981327424359639
OIP5-AS1	1.15942294495005
LINC02158	0.720410490708883
GASK1A	0.720410490708883
AGAP5	0.97891388353545
BMS1P4	0.97891388353545
TWIST1	0.932380436661844
RGPD4-AS1	1.00240700458938
GTF2IRD1P1	1.17037000361717
NPAP1L	0.98246487716107
FAM239B	0.681263242067964
ANKRD20A8P	1.00240700458938
KATNBL1P6	0.94270636541698
NBAT1	1.12568358502349
STXBP5-AS1	0.94270636541698
TNFSF4	0.991375931347093
SPACA5B	1.0526427280961
LOC729218	0.982841762389136
FLJ45513	1.00518177247207
KIAA2012-AS1	0.970894155693591
CCR2	0.730118323494498
PRR20B	1.16077440404817
FAHD2CP	1.00240700458938
SFTPA2	0.97891388353545
PRR20C	1.16077440404817
PRR20D	1.16077440404817
PRR20E	1.16077440404817
KRT16P1	0.749723017917101
LOC729254	0.970894155693591
NUTM2B	0.97891388353545
TP53TG3D	0.98246487716107
ZNF286B	0.749723017917101
LOC729291	1.24074736084
LOC729296	1.3428247635557
TNFRSF4	0.969343795308908
LOC729305	1.0798977924045
LINC02510	0.982841762389136
OC90	2.05039341266889
CETN4P	0.982841762389136
LINC01873	1.00240700458938
PLIN4	0.704151138682422
FAM86HP	1.19833272410156
GAGE12J	1.0526427280961
TXK	0.982841762389136
GAGE2D	1.0526427280961
LMO7DN	1.16077440404817
GAGE12C	1.0526427280961
GAGE12B	1.0526427280961
GAGE12E	1.0526427280961
CASTOR2	1.17037000361717
CCDC61	1.24196546098975
GAGE12H	1.0526427280961
GAGE2A	1.0526427280961
FAM230J	0.736942594729667
HSD52	0.982951932690122
PGM5P4	1.00240700458938
RAD51AP2	1.01202671490066
TXN	0.963087641236575
LINC02226	1.19567882225115
TMEM242	0.749110827107011
AACSP1	0.981327424359639
PRAMEF14	0.982951932690122
FAM72A	0.991375931347093
LOC729558	0.983733746955767
DIRC3	0.970894155693591
LINC01556	1.12568358502349
SPDYE6	1.17978731315435
TXNRD1	1.01423100355274
LOC729603	0.749110827107011
LOC729609	0.961550425812295
FLJ37453	0.982951932690122
PRR23A	0.986056538996622
MRS2P2	1.01423100355274
ZNF812P	0.704151138682422
LOC729652	0.98246487716107
PACRG-AS3	0.749110827107011
CCDC175	0.764334413991476
GOLGA2P6	0.979753098033958
LINC00847	0.981327424359639
LOC729681	0.862327116139212
LOC729683	1.00518177247207
FAM90A2P	0.433694208344174
TYK2	0.704151138682422
DNAJC27-AS1	1.01202671490066
LOC729732	0.433694208344174
LOC729737	0.969343795308908
PPIAP46	1.13133433617156
ZNF878	0.748368687962694
PRSS44P	0.730118323494498
CEACAM18	1.24196546098975
GOLGA8CP	1.15942294495005
SEC14L1P1	1.07884952858265
TYMS	1.15931082987001
LOC729815	0.97891388353545
FAM160A1	0.983733746955767
UMAD1	0.932380436661844
LSP1P3	1.19567882225115
LOC729867	0.982951932690122
LOC729870	0.983733746955767
TYR	1.0798977924045
ANKRD34C-AS1	1.13133433617156
CRPPA	0.932380436661844
LOC729930	0.982951932690122
LINC01915	0.729564863856545
SHISA7	1.25334885646717
LOC729966	0.71650131047893
MORN2	1.00240700458938
LOC729968	0.970894155693591
LOC729970	0.982951932690122
RFPL4AL1	1.25334885646717
LINC01530	1.24196546098975
NPIPB2	0.98246487716107
LINC01776	0.982951932690122
BORCS8	0.71650131047893
SHISA9	0.98246487716107
C7	1.19567882225115
SEC14L6	0.720285108111023
ABCC6P2	0.98246487716107
ZNF814	1.25334885646717
ZNF726	0.71650131047893
LINC00886	1.06598575216065
RRN3P1	0.98246487716107
MOSMO	0.98246487716107
LOC730098	0.952713287730748
TYRO3	1.15942294495005
LOC730100	1.00240700458938
LOC730101	1.04825237769963
CRYZL2P	0.991375931347093
LINC01100	1.06598575216065
FAM166B	0.952713287730748
TMEM229A	1.17978731315435
GSTA7P	1.04825237769963
TEX50	0.991375931347093
LOC730183	0.98246487716107
MEIS1-AS3	1.00240700458938
TYRO3P	1.13133433617156
LOC730202	0.764334413991476
LINC01136	0.991375931347093
LOC730234	1.17037000361717
ACOD1	1.16077440404817
LOC730268	1.00240700458938
ZNF735	1.17037000361717
LOC730338	1.17037000361717
TYROBP	1.24196546098975
TYRP1	0.952713287730748
LOC730668	0.705191761652427
KRTAP2-3	1.00518177247207
MYT1L-AS1	1.01202671490066
LINC02447	0.982841762389136
C8A	0.982951932690122
UBA52	0.71650131047893
LOC731157	0.981327424359639
RFX8	1.00240700458938
LINC01220	0.764334413991476
LINC01347	1.02169470476617
UBB	0.749723017917101
MIR3945HG	0.716789838124403
UBC	1.01423100355274
LINC01348	1.02169470476617
UBA1	1.0526427280961
LINC01300	2.05039341266889
FAM238B	0.979753098033958
UBA7	0.730118323494498
UBE2A	0.971983922050255
C8B	0.982951932690122
UBE2B	0.981327424359639
UBE2D1	0.979753098033958
UBE2D2	0.981327424359639
TDRG1	1.04825237769963
LOC732265	1.13133433617156
LINC00917	0.971089603767894
UBE2D3	0.982841762389136
UBE2E1	0.720410490708883
UBE2E2	0.720410490708883
UBE2G1	0.7295394616866
UBE2G2	0.696368907296711
UBE2H	1.17978731315435
UBE2I	0.98246487716107
C8G	0.963087641236575
UBE2L3	0.730447216884634
UBE2N	1.01423100355274
UBE2V1	1.3428247635557
UBE2V2	1.01569444866679
UBE3A	1.15942294495005
OSGIN2	1.01569444866679
SUMO1	0.970894155693591
UBP1	0.720410490708883
UBTF	1.00518177247207
UCHL1	0.982841762389136
UCHL3	1.16077440404817
UPK1B	1.19833272410156
UCN	1.01202671490066
C9	1.19567882225115
UCP1	0.982841762389136
UCP2	1.07884952858265
UCP3	1.07884952858265
UFD1	1.28336096843035
SNHG9	0.98246487716107
SLC35A2	1.0526427280961
SCGB1A1	1.07884952858265
UGCG	0.963087641236575
UGDH	0.982841762389136
UGP2	1.00240700458938
UGT2B4	0.982841762389136
UGT2B7	0.982841762389136
UGT2B15	0.982841762389136
UGT2B17	0.982841762389136
UGT8	0.982841762389136
UMOD	0.98246487716107
UCK2	0.991375931347093
UMPS	1.19833272410156
COL14A1	2.05039341266889
UNG	1.01423100355274
USP4	0.730118323494498
NR1H2	1.24196546098975
UPP1	1.17037000361717
UPK2	1.0798977924045
VPS51	1.07884952858265
UPK3A	0.720285108111023
UQCRB	1.01569444866679
UQCRC1	0.730118323494498
UQCRC2	0.98246487716107
UQCRFS1	0.71650131047893
UQCRH	0.982951932690122
UROD	0.982951932690122
UROS	0.96610428515749
USF1	0.982951932690122
USF2	1.24196546098975
USP1	0.982951932690122
USH2A	0.991375931347093
MRPL49	1.07884952858265
CLRN1	1.21511111792987
UTRN	0.94270636541698
KDM6A	1.0526427280961
UVRAG	1.0798977924045
VARS	1.04825237769963
VASP	1.24196546098975
VAV1	0.704151138682422
ZNHIT2	1.07884952858265
VAV2	0.963087641236575
VBP1	1.15404773795701
VCAM1	0.982951932690122
VCL	0.97891388353545
VCP	0.952713287730748
VDAC1	0.981327424359639
VDAC2	0.97891388353545
VDAC3	0.416558022388397
VDR	1.01423100355274
VEGFA	1.04825237769963
VEGFB	1.07884952858265
VEGFC	0.716789838124403
VGF	1.17978731315435
VHL	0.720410490708883
VIL1	0.970894155693591
EZR	0.749110827107011
VIM	0.979753098033958
VIP	0.749110827107011
VIPR1	0.720410490708883
VIPR2	1.08695203854043
VLDLR	0.952713287730748
BEST1	1.07884952858265
MPPED2	1.07884952858265
VPREB1	0.730447216884634
TRPV1	0.7295394616866
VRK1	0.764334413991476
VRK2	1.00240700458938
VSNL1	1.01202671490066
VTN	1.01129990957445
MYRF	1.07884952858265
VWF	1.02278665752541
WARS	0.764334413991476
WAS	1.0526427280961
ZAN	1.17037000361717
WIPF1	0.970894155693591
EIF4H	1.17037000361717
TMEM258	1.07884952858265
CLIP2	1.17037000361717
LAT2	1.17037000361717
CORO2A	0.970815788272126
WEE1	1.07884952858265
WFS1	0.982841762389136
NSD2	0.982841762389136
NELFA	0.982841762389136
DAGLA	1.07884952858265
WNT1	1.01423100355274
WNT2	1.17978731315435
WNT3	1.00518177247207
WNT5A	0.730118323494498
WNT6	0.970894155693591
WNT7A	0.720410490708883
WNT7B	0.705191761652427
WNT8A	0.981327424359639
WNT8B	0.97891388353545
WNT10B	1.01423100355274
WNT11	1.0798977924045
WNT2B	0.982951932690122
WNT9A	0.991375931347093
WNT9B	1.00518177247207
WRB	0.71893801338487
WRN	0.416558022388397
WT1	1.07884952858265
XBP1	1.25509584409354
XDH	1.01202671490066
XG	0.681263242067964
GAS8-AS1	0.971089603767894
XIST	0.971983922050255
XK	0.742060425418264
XPA	0.970815788272126
XPC	0.720410490708883
CSKMT	1.07884952858265
XPNPEP1	0.97891388353545
XPNPEP2	0.971983922050255
XPO1	1.00240700458938
XRCC1	1.24196546098975
LINC00106	0.681263242067964
XRCC2	1.24449465772
XRCC3	0.771082865073358
XRCC4	0.981327424359639
FMNL1	1.00518177247207
XRCC5	0.970894155693591
CEMP1	0.98246487716107
YES1	1.15931082987001
YY1	0.764334413991476
YWHAB	1.3428247635557
LDLRAD4	1.15931082987001
YWHAE	0.7295394616866
YWHAG	1.17037000361717
YWHAH	0.720285108111023
YWHAZ	1.01569444866679
ZAP70	1.00240700458938
SF1	1.07884952858265
ZFP36	1.24196546098975
ZFP37	0.963087641236575
PTTG1IP	0.696368907296711
ZBTB14	1.15931082987001
ZFPL1	1.07884952858265
ZFX	0.742060425418264
ZIC1	1.21511111792987
ZIC2	1.16077440404817
ZIC3	0.971983922050255
ZNF2	1.00240700458938
CFAP410	0.696368907296711
ZNF3	1.17037000361717
ZNF711	0.971983922050255
ZNF7	1.02360093995737
ZNF8	1.25334885646717
CNBP	1.19833272410156
ZNF10	1.01423100355274
ZNF12	1.10834731360131
ZNF14	0.71650131047893
ZNF708	0.71650131047893
ZNF16	1.02360093995737
ZNF17	1.25334885646717
ZNF18	0.749723017917101
ZNF19	0.971089603767894
ZNF20	0.748368687962694
ZNF182	1.0526427280961
TMEM50B	0.71893801338487
ZNF22	0.979753098033958
ZNF23	0.971089603767894
ZNF24	0.729564863856545
ZNF26	1.01423100355274
ZNF28	1.25334885646717
ZSCAN20	0.982951932690122
MPPED1	0.720285108111023
ZNF32	0.979753098033958
ZNF33A	0.979753098033958
ZNF33B	0.979753098033958
ZNF35	0.730118323494498
ZKSCAN1	1.17037000361717
ZNF37A	0.979753098033958
ZSCAN21	1.17037000361717
CA1	1.01569444866679
ZNF41	1.0526427280961
MZF1	1.25334885646717
ZNF43	0.71650131047893
ZNF45	1.24196546098975
ZBTB25	0.764334413991476
CA2	1.01569444866679
ZNF56	0.71650131047893
CA3	1.01569444866679
ZNF66	0.71650131047893
CA4	1.00518177247207
ZNF69	0.748368687962694
ZNF70	0.730447216884634
ZNF74	1.65854047521834
ZNF75D	0.971983922050255
ZNF75A	0.98246487716107
ZNF76	1.04825237769963
CA5A	0.971089603767894
ZNF79	0.963087641236575
ZNF80	1.19833272410156
ZNF84	1.01423100355274
ZNF221	1.24196546098975
ZNF85	0.71650131047893
ZNF90	0.71650131047893
ZNF91	0.71650131047893
CA6	0.969343795308908
ZNF99	0.71650131047893
CA7	0.971089603767894
CA8	1.01569444866679
ZNF222	1.24196546098975
ZNF121	0.704151138682422
SYS1-DBNDD2	1.3428247635557
LUZP6	1.17978731315435
SNORD113-1	0.764334413991476
SNORD113-2	0.764334413991476
SNORD113-3	0.764334413991476
SNORD113-4	0.764334413991476
SNORD113-5	0.764334413991476
SNORD113-6	0.764334413991476
SNORD113-7	0.764334413991476
SNORD113-8	0.764334413991476
SNORD113-9	0.764334413991476
SNORD114-1	0.764334413991476
SNORD114-2	0.764334413991476
SNORD114-3	0.764334413991476
SNORD114-4	0.764334413991476
SNORD114-5	0.764334413991476
SNORD114-6	0.764334413991476
SNORD114-7	0.764334413991476
SNORD114-8	0.764334413991476
SNORD114-9	0.764334413991476
SNORD114-10	0.764334413991476
SNORD114-11	0.764334413991476
SNORD114-12	0.764334413991476
SNORD114-13	0.764334413991476
SNORD114-14	0.764334413991476
SNORD114-15	0.764334413991476
SNORD114-16	0.764334413991476
SNORD114-17	0.764334413991476
SNORD114-18	0.764334413991476
SNORD114-19	0.764334413991476
SNORD114-20	0.764334413991476
SNORD114-21	0.764334413991476
SNORD114-22	0.764334413991476
SNORD114-23	0.764334413991476
SNORD114-24	0.764334413991476
SNORD114-25	0.764334413991476
SNORD114-26	0.764334413991476
SNORD114-27	0.764334413991476
SNORD114-28	0.764334413991476
SNORD114-29	0.764334413991476
SNORD114-30	0.764334413991476
SNORD114-31	0.764334413991476
ZNF124	1.02169470476617
PFN1P2	0.982951932690122
CA9	0.952713287730748
HAR1A	1.3428247635557
HAR1B	1.3428247635557
MKRN3	1.15942294495005
PRCD	0.986809853654872
RELL1	0.982841762389136
MIR758	0.764334413991476
MIR671	1.24449465772
MIR668	0.764334413991476
MIR767	1.12011520828342
MIR454	1.00518177247207
MIR769	1.24196546098975
MIR766	0.971983922050255
MIR802	0.71893801338487
MIR765	0.982951932690122
MIR770	0.764334413991476
PSAPL1	0.982841762389136
MKRN7P	1.3428247635557
ZNF131	1.19567882225115
ZNF132	1.25334885646717
ZNF133	1.01794118838271
ZNF134	1.25334885646717
ZNF135	1.25334885646717
ZNF136	0.748368687962694
ZNF137P	1.25334885646717
ZNF138	1.17037000361717
ZNF140	1.01423100355274
CA11	1.24196546098975
ZNF141	0.982841762389136
ZNF142	0.970894155693591
ZNF143	1.07884952858265
PCGF2	1.48826986994562
ZBTB16	1.0798977924045
ZNF146	1.24196546098975
TRIM25	1.00518177247207
ZNF148	1.19833272410156
ZBTB17	0.982951932690122
CA12	1.13133433617156
ZNF154	1.25334885646717
ZNF155	1.24196546098975
ZNF157	1.0526427280961
VEZF1	1.00518177247207
ZNF165	1.12568358502349
TRIM26	1.12568358502349
ZNF174	0.98246487716107
ZNF175	1.24196546098975
CACNA1A	0.71650131047893
ZNF177	0.704151138682422
RNF112	0.749723017917101
ZNF180	1.24196546098975
RNF113A	0.971983922050255
ZNF184	1.12568358502349
ZNF185	1.21583421531377
CACNA1B	0.963087641236575
ZSCAN26	1.12568358502349
ZNF189	0.963087641236575
ZKSCAN8	1.12568358502349
ZSCAN9	1.12568358502349
ZNF195	1.07884952858265
CACNA1C	1.02278665752541
ZMYM2	1.33645054467716
ZNF200	0.98246487716107
ZNF202	1.0798977924045
ZNF204P	1.12568358502349
ZNF205	0.98246487716107
ZNF207	1.43941607542378
ZNF208	0.71650131047893
CACNA1D	0.730118323494498
ZNF213	0.98246487716107
ZNF214	1.07884952858265
ZNF215	1.07884952858265
ZFAND5	0.975901197514351
ZNF217	1.3428247635557
ZNF223	1.24196546098975
ZNF224	1.24196546098975
ZNF225	1.24196546098975
ZNF226	1.24196546098975
CACNA1E	0.991375931347093
ZNF227	1.24196546098975
ZNF112	1.24196546098975
ZNF229	1.24196546098975
ZNF230	1.24196546098975
ZNF232	0.749723017917101
ZNF236	0.729564863856545
SLC30A1	0.991375931347093
CACNA1F	1.0526427280961
SLC30A2	0.982951932690122
SLC30A3	1.01202671490066
SLC30A4	1.15942294495005
ZP2	0.98246487716107
ZP3	1.17037000361717
MAP3K12	1.01423100355274
ZXDA	0.971983922050255
CACNA1S	0.991375931347093
ZYX	1.17978731315435
LUZP1	0.982951932690122
PRDM2	0.982951932690122
DDR1	1.04825237769963
DNALI1	0.982951932690122
PTP4A1	0.94270636541698
LRP8	0.982951932690122
LAPTM5	0.982951932690122
LOC780529	1.16077440404817
TVP23A	0.98246487716107
SNORD3A	0.749723017917101
SNORD3C	0.749723017917101
SNORD3D	0.749723017917101
BSND	0.982951932690122
CACNA2D1	1.17037000361717
CSDE1	0.982951932690122
EVI5	0.982951932690122
DAP3	0.982951932690122
CACNB1	1.00518177247207
NPHS2	0.991375931347093
CACNB2	0.979753098033958
BTG2	0.991375931347093
PXDN	1.01202671490066
CACNB3	1.01423100355274
ALMS1	1.00240700458938
MOGS	1.00240700458938
RNF103	1.00240700458938
TUBA1A	1.01423100355274
PAX8	1.00240700458938
CACNB4	1.00240700458938
IL1R2	1.00240700458938
MALL	1.00240700458938
CXCR4	1.00240700458938
FZD5	0.970894155693591
SCG2	0.970894155693591
CACNG1	1.45235253680058
BRPF1	0.720410490708883
IFRD2	0.730118323494498
MAPKAPK3	0.730118323494498
SEMA3B	0.730118323494498
SLMAP	0.730118323494498
MANF	0.730118323494498
USP7	0.98246487716107
RAB7A	1.19833272410156
SLC25A20	0.730118323494498
KCNAB1	1.06598575216065
SLBP	0.982841762389136
DUSP26	0.416558022388397
CRELD1	0.720410490708883
MRPL57	1.33645054467716
COLEC11	1.01202671490066
OTUB2	0.764334413991476
PCYOX1L	0.981327424359639
YIPF2	0.704151138682422
PRR14	0.98246487716107
C17orf53	1.00518177247207
CYREN	1.17978731315435
GDAP1L1	1.3428247635557
RHPN1-AS1	1.02360093995737
LRFN4	1.07884952858265
CAD	1.01202671490066
AUNIP	0.982951932690122
VKORC1	0.98246487716107
TRIR	0.71650131047893
MIS12	0.749723017917101
CUEDC2	0.97891388353545
SCNM1	0.982951932690122
METRN	0.98280619354904
DBNDD1	0.971089603767894
SLX1B	0.98246487716107
DDX50	0.979753098033958
CAMKV	0.730118323494498
LINC01260	1.3428247635557
DDA1	0.71650131047893
GGCT	1.17037000361717
GID4	0.749723017917101
CENPM	0.720285108111023
C7orf25	1.17037000361717
TMEM106C	1.01423100355274
NUP37	1.01423100355274
SMIM2	1.16077440404817
FNDC11	1.3428247635557
AHNAK	1.07884952858265
ZNF655	1.17037000361717
SPATA5L1	1.15942294495005
ST8SIA4	0.981327424359639
PDCL3	1.00240700458938
ERI3	0.982951932690122
C7orf26	1.10834731360131
NABP2	1.01423100355274
KXD1	0.71650131047893
PVRIG	1.17037000361717
ZFYVE21	0.771082865073358
DDX54	1.01423100355274
TMEM38A	0.71650131047893
TSEN34	1.25334885646717
KCTD15	1.13164416291439
SECISBP2	0.975901197514351
REEP5	0.981327424359639
NOC4L	1.01423100355274
ALG8	1.0798977924045
TRPM8	0.970894155693591
PRRG4	1.07884952858265
PRRG3	1.12011520828342
ASPSCR1	0.986809853654872
TMEM223	1.07884952858265
ATG9A	0.970894155693591
METTL16	0.7295394616866
FTO	0.98246487716107
POGLUT2	1.16077440404817
ELOVL6	0.982841762389136
FASTKD3	1.19567882225115
TMEM109	1.07884952858265
C2orf49	1.00240700458938
DSCC1	2.05039341266889
DCTPP1	0.98246487716107
C1orf50	0.982951932690122
CCDC86	1.07884952858265
LBHD1	1.07884952858265
MLPH	0.970894155693591
WDR77	0.982951932690122
SLC25A23	0.704151138682422
SMIM7	0.71650131047893
ALG12	0.705191761652427
ZNF426	0.704151138682422
TMUB2	1.00518177247207
TRAPPC6A	1.24196546098975
METTL22	0.98246487716107
CARD14	0.986809853654872
CHAC1	1.15942294495005
C9orf16	0.963087641236575
ESRG	0.730118323494498
TSL	1.17037000361717
UQCC3	1.07884952858265
C11orf49	1.07884952858265
TRIM48	1.07884952858265
C1orf116	0.991375931347093
LINC00626	0.991375931347093
TAF1D	1.0798977924045
RNF26	1.0798977924045
MEG8	0.764334413991476
MAPKAP1	0.963087641236575
PWRN1	1.15942294495005
PWRN2	1.15942294495005
DEK	1.12568358502349
DHX58	1.00518177247207
NDUFAF5	1.01794118838271
TMEM185B	1.00240700458938
APOO	0.742060425418264
LY6G6E	1.04825237769963
RETREG2	0.970894155693591
DERL1	2.05039341266889
CCDC28B	0.982951932690122
PHF23	0.749723017917101
MBOAT7	1.25334885646717
PPDPF	1.3428247635557
CHCHD7	1.01569444866679
FKRP	1.24196546098975
MMP28	1.48826986994562
ZSCAN5A	1.25334885646717
ALDH5A1	1.12568358502349
MGC4859	0.932380436661844
FA2H	0.971089603767894
GDPD3	0.98246487716107
DHRS11	1.48826986994562
TNIP2	0.982841762389136
PLEKHF1	1.13164416291439
MFSD11	0.986809853654872
GNPTAB	1.01423100355274
NOL12	0.720285108111023
PRRC2A	1.04825237769963
LINC01711	1.3428247635557
TMEM243	1.17037000361717
LENG1	1.25334885646717
LILRP2	1.25334885646717
LILRA6	1.25334885646717
C1orf35	1.02169470476617
BAG6	1.04825237769963
PRR15L	1.00518177247207
RBM42	1.24196546098975
CENPO	1.01202671490066
C19orf57	0.71650131047893
CRELD2	0.705191761652427
ZNF343	1.04060686127253
FBXL15	0.97891388353545
ZNF576	1.24196546098975
THTPA	0.764334413991476
GPANK1	1.04825237769963
EFHD2	0.982951932690122
TTPAL	1.3428247635557
BRCC3	1.15404773795701
FSD1	0.672745602694723
TMEM43	0.720410490708883
DDX39B	1.04825237769963
IRX6	0.98246487716107
IRX3	0.98246487716107
IRX1	1.19567882225115
ABHD16A	1.04825237769963
SLC39A7	1.04825237769963
THOC6	0.98246487716107
HSD17B8	1.04825237769963
ZNF557	0.704151138682422
MMEL1	0.969343795308908
DCAF10	0.709018617651733
OR13A1	0.979753098033958
OR5H6	1.19833272410156
OR52E1	1.07884952858265
CALB1	1.01569444866679
OR5H2	1.19833272410156
OR7E91P	1.00240700458938
OR4K5	0.764334413991476
OR2H2	1.12568358502349
OR51G1	1.07884952858265
OR11H2	0.764334413991476
OR51B4	1.07884952858265
OR51B2	1.07884952858265
OR4C5	1.07884952858265
NELFE	1.04825237769963
CPLANE2	0.982951932690122
ZXDC	1.19833272410156
BHLHE41	1.24074736084
HMGN5	0.971983922050255
FCRL2	0.982951932690122
B3GNT4	1.01423100355274
BCL2L14	1.02278665752541
CALB2	0.971089603767894
LST1	1.04825237769963
NOX5	1.13133433617156
PLA2G7	1.04825237769963
GLB1L	0.970894155693591
KREMEN2	0.98246487716107
ZBED2	1.19833272410156
LRFN3	1.24196546098975
CYBC1	0.986809853654872
TFEB	1.04825237769963
HAUS3	0.982841762389136
LRRC2	0.730118323494498
FYCO1	0.730118323494498
BIRC7	1.3428247635557
WDR25	0.764334413991476
PAGR1	0.98246487716107
ULBP3	0.749110827107011
DLEU2L	0.982951932690122
OR51J1	1.07884952858265
OR52N1	1.07884952858265
OR5AL1	1.07884952858265
OR10G6	1.0798977924045
S100G	0.961550425812295
OR4F5	0.969343795308908
OR2A4	0.94270636541698
OR4K1	0.764334413991476
OR6J1	0.764334413991476
RNF217-AS1	0.94270636541698
RIPOR1	0.971089603767894
MAIP1	0.970894155693591
EPM2A	0.94270636541698
NKAIN1	0.982951932690122
GCC1	1.17978731315435
ATP13A3	1.03734056701319
TTC13	1.02169470476617
EPS8L3	0.982951932690122
ABHD8	0.71650131047893
NKAP	0.971983922050255
CDC73	0.991375931347093
SLC52A2	1.02360093995737
SPAG16	0.970894155693591
TMEM231	0.971089603767894
CORO7	0.98246487716107
CHPF	0.970894155693591
CARS2	1.16077440404817
RNF128	0.971983922050255
MRPL24	0.982951932690122
ARMH3	0.97891388353545
MUL1	0.982951932690122
SAP130	1.00240700458938
RNF219	1.16077440404817
CEP97	1.19833272410156
CALCA	1.07884952858265
TCTN1	1.01423100355274
ADIPOR2	1.02278665752541
CERS4	0.704151138682422
PGBD5	1.02169470476617
FAM118B	1.0798977924045
RIC3	1.07884952858265
VCPKMT	0.764334413991476
ACSS3	1.01423100355274
NAA16	1.16077440404817
TANGO6	0.971089603767894
CCNJL	0.981327424359639
HMBOX1	0.433694208344174
RNASEH2B	1.16077440404817
SNRNP25	0.98280619354904
GALNT14	1.01202671490066
ARMT1	0.749110827107011
NDNF	0.982841762389136
TNFAIP8L2	0.982951932690122
OGFRL1	0.94270636541698
SH3TC2	0.981327424359639
OCEL1	0.71650131047893
C1orf54	0.982951932690122
EFL1	1.13133433617156
FAM184A	0.94270636541698
FAT4	0.982841762389136
SCRN3	0.970894155693591
CCDC121	1.01202671490066
ARMC7	0.986809853654872
TMEM53	0.982951932690122
C22orf46	0.720285108111023
ROGDI	0.98246487716107
ARSJ	0.982841762389136
CHMP6	0.986809853654872
SRD5A3	0.982841762389136
EFCAB1	1.01569444866679
PANK3	0.981327424359639
AKIRIN1	0.982951932690122
MCPH1	0.416284738599625
MAP7D3	0.971983922050255
AIMP2	1.10834731360131
USB1	0.98246487716107
RHBDF2	0.986809853654872
TMEM204	0.98246487716107
HECTD3	0.982951932690122
BEND5	0.982951932690122
RPAP3	1.01423100355274
ARHGAP10	0.708330872516
DYNC2H1	1.0798977924045
PPP1R3B	0.433694208344174
NEIL1	1.13133433617156
HSPBAP1	1.19833272410156
ICE2	1.13133433617156
DHX40	1.00518177247207
PLEKHF2	1.01569444866679
KLF3-AS1	0.982841762389136
PARP8	1.19567882225115
C3orf52	1.19833272410156
TUT7	0.975901197514351
NLRX1	1.0798977924045
FN3KRP	0.986809853654872
ZNF329	1.25334885646717
VEPH1	1.06598575216065
FASTKD1	1.00240700458938
OGFOD2	1.01423100355274
SMC6	1.01202671490066
VTCN1	0.982951932690122
RTL10	1.65854047521834
CENPU	0.716789838124403
ZDHHC14	0.749110827107011
MSANTD2	1.0798977924045
SAP30L	0.981327424359639
STEAP4	1.17037000361717
GAL3ST4	1.17037000361717
QTRT2	1.19833272410156
ZNF322	1.12568358502349
YRDC	0.982951932690122
MANEA	0.94270636541698
GALNT12	0.970815788272126
ZC2HC1C	0.764334413991476
RIOX1	0.764334413991476
ZMAT4	0.416558022388397
ZYG11B	0.982951932690122
CALCB	1.07884952858265
OGFOD3	0.986809853654872
C11orf80	1.07884952858265
LRRK1	1.13133433617156
PRKRIP1	1.17978731315435
NOL9	0.969343795308908
COLGALT1	0.71650131047893
MORC4	0.971983922050255
IPO4	0.764334413991476
GTDC1	1.00240700458938
IGFLR1	1.24196546098975
CCDC51	0.730118323494498
NPEPL1	1.3428247635557
PPCS	0.982951932690122
TBL1XR1	1.03734056701319
AAGAB	1.13133433617156
VPS37B	1.01423100355274
ANKRD55	0.981327424359639
SUV39H2	0.979753098033958
ZNF768	0.98246487716107
THAP9	0.982841762389136
WDR59	0.971089603767894
LIN28A	0.982951932690122
PALB2	0.98246487716107
SH3D21	0.982951932690122
NSUN7	0.982841762389136
NARS2	1.0798977924045
E2F8	1.07884952858265
KCTD17	0.720285108111023
TBC1D17	1.24196546098975
TEFM	1.01129990957445
BBS10	1.01423100355274
TTLL7	0.982951932690122
ZBBX	1.2087165663813
CCDC7	0.979753098033958
DIPK2B	1.0526427280961
ZNF419	1.25334885646717
CLIP4	1.01202671490066
ECHDC3	0.979753098033958
ADGB	0.94270636541698
LMAN1L	1.13133433617156
MAFK	1.10834731360131
ZNF385D	0.720410490708883
SLC25A22	1.07884952858265
ZFAND1	1.01569444866679
SNIP1	0.982951932690122
ASB13	0.979753098033958
ZNF750	0.986809853654872
DHRS12	1.16077440404817
ZNF668	0.98246487716107
FZD3	0.433694208344174
GEMIN7	1.24196546098975
C1orf115	0.991375931347093
ISOC2	1.25334885646717
ELMO3	0.971089603767894
KATNBL1	1.15942294495005
TXNDC15	0.981327424359639
MCTP1	0.981327424359639
GRTP1	1.16077440404817
ZFHX4	1.01569444866679
ACBD4	1.00518177247207
MICALL2	1.10834731360131
MTERF1	1.17037000361717
CCDC82	1.0798977924045
IQCA1	0.970894155693591
LRRC31	1.2087165663813
SUGCT	1.17037000361717
MYH14	1.24196546098975
RERGL	1.02278665752541
KLHL36	0.971089603767894
ZNF665	1.25334885646717
CLMN	0.764334413991476
SEM1	1.17037000361717
FBXO31	0.971089603767894
GSDMD	1.02360093995737
C12orf49	1.01423100355274
ALG9	1.0798977924045
ZNF408	1.07884952858265
ARMC5	0.98246487716107
UGT2A3	0.982841762389136
TFPI2	1.17037000361717
CARF	0.970894155693591
SHCBP1	0.98246487716107
HHIPL2	0.991375931347093
HPS6	0.97891388353545
HAND2-AS1	0.716789838124403
VASH2	0.991375931347093
GSTCD	0.982841762389136
TTC21B	1.00240700458938
PTCD2	0.981327424359639
SLTM	1.13133433617156
MMRN2	0.97891388353545
EHMT1	0.963087641236575
AGMAT	0.982951932690122
NIPAL2	1.01569444866679
TLE6	0.672745602694723
MOB3B	0.952713287730748
ZNF552	1.25334885646717
WDR78	0.982951932690122
ST7	1.17978731315435
CATSPERB	0.764334413991476
ARHGAP28	1.15931082987001
CAMKMT	1.00240700458938
EFCC1	1.19833272410156
CLMP	1.0798977924045
METTL8	0.970894155693591
NAA40	1.07884952858265
ZMYM1	0.982951932690122
KDM8	0.98246487716107
QSER1	1.07884952858265
GEMIN6	1.00240700458938
PEAK1	1.13133433617156
LONRF3	0.971983922050255
PIP4K2C	1.01423100355274
TMC5	0.98246487716107
CCDC102B	0.729564863856545
ARHGEF5	1.17978731315435
NHEJ1	0.970894155693591
AGBL2	1.07884952858265
ZBTB3	1.07884952858265
FAM124B	0.970894155693591
ZDHHC11	1.19567882225115
RNF122	0.416558022388397
CFAP69	1.17037000361717
MFSD13A	0.97891388353545
CSPP1	1.01569444866679
PDZD3	1.0798977924045
FAM57A	0.7295394616866
EPHX3	0.71650131047893
TM4SF20	0.970894155693591
LINC00115	0.969343795308908
SNX22	1.13133433617156
FLJ13224	1.24074736084
NEK11	0.986056538996622
TUBAL3	0.979753098033958
ZNF669	1.02169470476617
RBFA	0.729564863856545
JHY	1.0798977924045
TREML2	1.04825237769963
BORA	1.16077440404817
TCTN2	1.01423100355274
ALG13	0.971983922050255
CPSF7	1.07884952858265
BAALC	1.01569444866679
RPAP2	0.982951932690122
CBLL1	1.17978731315435
NUDT18	0.433694208344174
RABEP2	0.98246487716107
THSD4	1.13133433617156
UBA5	0.986056538996622
DCAKD	1.00518177247207
CCDC134	0.720285108111023
ZNF212	1.24449465772
ZC3H14	0.764334413991476
PODNL1	0.71650131047893
MAP9	0.983733746955767
HDAC11	0.720410490708883
CAAP1	0.952713287730748
PLBD1	1.02278665752541
LPCAT1	1.19567882225115
RIN3	0.764334413991476
ZNF671	1.25334885646717
MCMBP	0.96610428515749
GGNBP2	1.48826986994562
ZNF672	1.02169470476617
ATP8B4	1.15942294495005
THNSL1	0.979753098033958
RPP21	1.04825237769963
ZNF613	1.25334885646717
PRR5L	1.07884952858265
CALCR	1.17037000361717
CYBRD1	0.970894155693591
NUP85	0.986809853654872
NAA60	0.98246487716107
TMC7	0.98246487716107
MORN1	0.969343795308908
BTNL8	0.981327424359639
TUSC3	0.433694208344174
PYROXD1	1.24074736084
ACTR5	1.3428247635557
ATAD5	1.01129990957445
MAGIX	1.0526427280961
SETD6	0.98246487716107
MAB21L4	0.966350804585467
TCEAL4	0.971983922050255
MRM1	1.48826986994562
NANOG	1.02278665752541
ADM2	0.73920158822585
SPEF2	1.19567882225115
FAM110D	0.982951932690122
MAP6D1	1.03734056701319
UBXN8	0.416558022388397
DOK3	0.981327424359639
TNIP3	0.982841762389136
KIAA0319L	0.982951932690122
SYNPO2L	0.97891388353545
COQ8B	1.24196546098975
CNTD2	1.24196546098975
CNTNAP3	0.709018617651733
SLC35E1	0.71650131047893
KAT6A	0.416558022388397
LINC00472	0.94270636541698
ZNF696	1.02360093995737
L2HGDH	0.764334413991476
C10orf95	0.97891388353545
DHDDS	0.982951932690122
PLPPR3	0.672745602694723
PLEKHS1	0.97891388353545
SYNDIG1	1.01794118838271
NOL10	1.01202671490066
PDZD7	0.97891388353545
ERMP1	0.952713287730748
PAQR6	0.982951932690122
DENND1C	0.704151138682422
CEP76	1.15931082987001
JADE1	0.982841762389136
DENND2D	0.982951932690122
DNAJC22	1.01423100355274
ABCA11P	0.982841762389136
SCD5	0.982841762389136
WDR76	1.15942294495005
ATAT1	1.04825237769963
ZNF767P	1.24449465772
WLS	0.982951932690122
ZNF442	0.748368687962694
CPED1	1.17978731315435
GRHL2	1.01569444866679
TRMT2B	0.971983922050255
DSN1	1.3428247635557
FRMD1	0.862327116139212
DNAJB14	0.982841762389136
POF1B	0.971983922050255
ZNF702P	1.25334885646717
SVEP1	0.963087641236575
TTC26	1.17978731315435
PLEKHH3	1.00518177247207
STN1	0.97891388353545
AGPAT4-IT1	0.749110827107011
ELOVL7	0.981327424359639
ANKRD53	1.00240700458938
CALD1	1.17978731315435
PSCA	1.02360093995737
GREB1L	0.729564863856545
PCNX2	1.02169470476617
ESRP2	0.971089603767894
DOCK5	0.433694208344174
TRAPPC13	0.981327424359639
C10orf88	0.96610428515749
TMEM156	0.982841762389136
GLRA3	0.716789838124403
RMI1	0.975901197514351
FAM192A	0.98246487716107
PHC3	1.2087165663813
MINDY3	0.979753098033958
WWC2	0.716789838124403
DGLUCY	0.764334413991476
NAA25	1.01423100355274
UBTD1	0.97891388353545
FOXRED2	0.720285108111023
TMEM62	1.15942294495005
MYO15B	0.986809853654872
NRSN2	1.04060686127253
SLC8B1	1.01423100355274
PANK2	1.01794118838271
FBXL18	1.10834731360131
SEMA6D	1.15942294495005
ZNF556	0.672745602694723
CSRNP3	1.00240700458938
ANP32A-IT1	1.13133433617156
TRPM3	0.975901197514351
FAM106A	0.749723017917101
GPR157	0.969343795308908
CEBPA-DT	1.13164416291439
PGAP1	0.970894155693591
LRRTM4	1.00240700458938
ATF7IP2	0.98246487716107
DCAF17	0.970894155693591
LINC00574	0.862327116139212
ADAMTS20	1.01423100355274
CCDC15	1.0798977924045
HEXA-AS1	1.13133433617156
LCAL1	0.94270636541698
TUBA4B	0.970894155693591
BIN3-IT1	0.433694208344174
ZNF606	1.25334885646717
MZT2B	1.00240700458938
C7orf69	1.17037000361717
CALM1	0.764334413991476
ZFP2	0.981327424359639
ZNF614	1.25334885646717
C3orf36	0.986056538996622
BICC1	0.979753098033958
BAIAP2L2	0.720285108111023
ARL14	1.06598575216065
PIF1	1.13133433617156
MAP3K19	1.00240700458938
VCPIP1	1.01569444866679
CCDC33	1.13133433617156
BBOF1	0.764334413991476
TRIM46	0.982951932690122
CCDC170	0.749110827107011
NR4A3	0.963087641236575
LRRC8E	0.704151138682422
MROH9	0.991375931347093
RPF1	0.982951932690122
ZNF703	0.416558022388397
PTGES2	0.963087641236575
SIKE1	0.982951932690122
FRAS1	0.982841762389136
THOC7	0.723578923483452
UXS1	1.00240700458938
PQLC1	0.729564863856545
ZC3H12A	0.982951932690122
ASRGL1	1.07884952858265
CENPT	0.971089603767894
EDC3	1.13133433617156
GOLGA2P10	1.13133433617156
NAA15	0.982841762389136
CWH43	0.982841762389136
ASMTL-AS1	0.681263242067964
PGGHG	1.07884952858265
PRR36	0.704151138682422
ABHD18	0.982841762389136
MOGAT2	1.0798977924045
CTC1	0.749723017917101
IFT74	0.952713287730748
DBF4B	1.00518177247207
SPSB1	0.969343795308908
MYCT1	0.749110827107011
TEDC2	0.98246487716107
MYO19	1.48826986994562
RUBCNL	1.16077440404817
CEP290	1.01423100355274
TTI2	0.416558022388397
BRD3	0.963087641236575
TMEM134	1.07884952858265
TMEM254	0.97891388353545
RNF34	1.01423100355274
MUS81	1.07884952858265
FUZ	1.24196546098975
HKDC1	0.979753098033958
FBXO11	1.00240700458938
CHD9	0.98246487716107
FHOD3	0.729564863856545
OPA3	1.24196546098975
SPG11	1.15942294495005
PROSER1	1.16077440404817
NUP214	0.963087641236575
ARMC9	0.970894155693591
CCDC92	1.01423100355274
TM2D3	1.13133433617156
RUNX1-IT1	0.71893801338487
ALPK1	0.982841762389136
CFAP43	0.97891388353545
NAA50	1.19833272410156
COQ10B	0.970894155693591
LHX3	0.963087641236575
ACSF2	1.00518177247207
TARS2	0.982951932690122
RAB11FIP1	0.416558022388397
NUBPL	0.764334413991476
PAAF1	1.07884952858265
ORAI2	1.17978731315435
RUFY1	0.981327424359639
CXorf21	0.742060425418264
WDR26	0.991375931347093
FAAP100	0.986809853654872
PIGZ	1.03734056701319
ELL3	1.15942294495005
PREX2	1.01569444866679
CEP63	0.986056538996622
SLC35F5	1.00240700458938
FAM214B	0.952713287730748
EFHC2	1.0526427280961
C16orf70	0.971089603767894
TRIM45	0.982951932690122
ZNF430	0.71650131047893
EDEM3	0.991375931347093
STAM	0.979753098033958
HSD3B7	0.98246487716107
ITPKC	1.24196546098975
GRPEL1	0.982841762389136
SCUBE1	0.720285108111023
CDK5RAP3	1.00518177247207
MLLT10	0.979753098033958
CUBN	0.979753098033958
MTERF2	1.01423100355274
CCDC6	0.979753098033958
PLEKHO2	1.13133433617156
EFHD1	0.970894155693591
WDCP	1.01202671490066
TRABD	0.705191761652427
MED28	0.982841762389136
FER1L4	1.3428247635557
FLAD1	0.982951932690122
SPHKAP	0.970894155693591
NCOA4	0.979753098033958
PDGFD	1.0798977924045
KLHL15	0.742060425418264
TET1	0.979753098033958
LRRC27	0.96610428515749
EPC1	0.979753098033958
CPEB4	0.981327424359639
PPP1R2C	0.742060425418264
ZKSCAN3	1.12568358502349
GKAP1	0.975901197514351
CXXC4	0.982841762389136
SP6	1.00518177247207
CEP70	0.986056538996622
CCDC68	0.729564863856545
PUS1	1.01423100355274
ABTB1	1.19833272410156
WNT10A	0.970894155693591
ULBP2	0.749110827107011
ULBP1	0.749110827107011
DNAJC5	1.3428247635557
ADAM33	1.01794118838271
KCNIP4	0.982841762389136
WDR82	0.730118323494498
PABPC1L	1.3428247635557
PNPLA3	0.720285108111023
SLC25A16	0.979753098033958
BPIFB2	1.3428247635557
TRAF3IP3	0.991375931347093
SEL1L2	1.01794118838271
DCAF11	0.764334413991476
ZSCAN16	1.12568358502349
REEP4	0.433694208344174
COASY	1.00518177247207
WDR61	1.13133433617156
LPAL2	0.749110827107011
TNKS2	0.97891388353545
RNF39	1.12568358502349
SHOC2	0.97891388353545
ADAM12	0.96610428515749
PDCD1LG2	0.952713287730748
CD276	1.13133433617156
RASSF7	1.07884952858265
CSRP3	1.07884952858265
CALM2	1.00240700458938
PDHX	1.07884952858265
FOSL1	1.07884952858265
CUL5	1.0798977924045
UBXN6	0.704151138682422
SLC19A3	0.970894155693591
TSGA10	1.00240700458938
AKNA	0.963087641236575
ESX1	0.971983922050255
PBX4	0.71650131047893
SLC35G2	0.986056538996622
ACAD10	1.01423100355274
SRCIN1	1.48826986994562
IQCN	0.71650131047893
TTYH3	1.10834731360131
ARHGAP39	1.02360093995737
PTP4A2	0.982951932690122
THSD7B	1.00240700458938
SLC44A4	1.04825237769963
VWA7	1.04825237769963
MPIG6B	1.04825237769963
FGF23	1.02278665752541
LY6G6C	1.04825237769963
LY6G5C	1.04825237769963
PRR3	1.04825237769963
THUMPD2	1.00240700458938
TSEN2	0.720410490708883
AARSD1	1.00518177247207
TMEM121	0.709473775987212
PRR7	0.981327424359639
KHDC1	0.94270636541698
MFAP5	1.02278665752541
ITIH5	0.979753098033958
NDFIP1	0.981327424359639
SPX	1.24074736084
THAP7	0.730447216884634
STARD5	1.13133433617156
CPTP	0.969343795308908
LIMD2	1.00518177247207
TMEM177	1.00240700458938
B9D2	1.24196546098975
CYB5B	0.971089603767894
ZNF34	1.02360093995737
USP5	1.02278665752541
COL18A1	0.696368907296711
INTS5	1.07884952858265
MLF2	1.02278665752541
CMIP	0.971089603767894
CALM3	1.24196546098975
ASXL3	0.729564863856545
CEP44	0.716789838124403
ZNF436	0.982951932690122
SSPN	1.24074736084
EEPD1	1.17037000361717
DDHD1	0.764334413991476
BHLHB9	0.971983922050255
DUSP16	1.02278665752541
ZFP91	1.07884952858265
APOL6	0.720285108111023
APOL5	0.720285108111023
APOL4	0.720285108111023
APOL3	0.720285108111023
TAS1R2	0.982951932690122
TAS1R1	0.969343795308908
KMT2D	1.01423100355274
SH3BP5L	1.02169470476617
GRIP2	0.720410490708883
KDM7A	1.17978731315435
SETD7	0.982841762389136
LNPK	0.970894155693591
AAAS	1.01423100355274
ZNRD1ASP	1.12568358502349
PRRT1	1.04825237769963
EGFL8	1.04825237769963
HCG4B	1.12568358502349
FXR1	1.03734056701319
YEATS4	1.01423100355274
ILKAP	0.979447512570108
NPL	0.991375931347093
HMGA2	1.01423100355274
ALX1	1.01423100355274
TMPRSS5	1.0798977924045
CDK2AP1	1.01423100355274
ACTN4	1.24196546098975
CALML3	0.979753098033958
IFT88	1.33645054467716
GJA9	0.982951932690122
TUBB1	1.3428247635557
WNT5B	1.02278665752541
ZBP1	1.3428247635557
SLC2A10	1.3428247635557
KCNH6	1.00518177247207
SLC25A32	1.01569444866679
COLEC12	1.15931082987001
CLPTM1L	1.19567882225115
OR5AC2	1.19833272410156
PABPN1	0.764334413991476
OR11H1	0.736942594729667
OR4F17	0.681558751293874
CALR	0.71650131047893
DPF3	0.764334413991476
GPR68	0.764334413991476
OR4K15	0.764334413991476
TCL1A	0.764334413991476
OR8J3	1.07884952858265
AP3B2	1.13133433617156
PWAR5	1.15942294495005
ANP32A	1.13133433617156
ST8SIA2	1.13133433617156
OR51G2	1.07884952858265
OR51E2	1.07884952858265
CALU	1.17978731315435
OR4P4	1.07884952858265
OR4C15	1.07884952858265
NPRL3	0.98280619354904
OR4A5	1.07884952858265
OR4A16	1.07884952858265
OR4A15	1.07884952858265
OR10W1	1.07884952858265
OR10V2P	1.07884952858265
GAN	0.971089603767894
OR2AE1	1.17037000361717
CAMK4	0.981327424359639
SLC7A5	0.971089603767894
OR6N2	0.982951932690122
OR6K2	0.982951932690122
OR2T7	1.02169470476617
OR2L5	1.02169470476617
OR2G3	1.02169470476617
OR2G2	1.02169470476617
OR2C3	1.02169470476617
TAF15	1.48826986994562
POLR2M	1.13133433617156
PTDSS2	1.07884952858265
GPR63	0.94270636541698
RSPH6A	1.24196546098975
SYNC	0.982951932690122
CFHR5	0.991375931347093
CAMK2A	0.981327424359639
DCSTAMP	1.01569444866679
HM13	1.3428247635557
RND2	1.00518177247207
MOB2	1.07884952858265
ITFG1	0.98246487716107
SGPP1	0.764334413991476
SLC38A1	1.01423100355274
TMX1	0.764334413991476
LRRC3	0.696368907296711
GDPD5	1.0798977924045
FBXO38	0.981327424359639
TDRD3	1.16077440404817
STMN4	0.433694208344174
VOPP1	1.17037000361717
FAM49A	1.01202671490066
RCC1L	1.17037000361717
YIPF5	0.981327424359639
INTS14	1.13133433617156
FAM117A	1.00518177247207
TRIM11	1.02169470476617
LMAN2L	1.00240700458938
C1orf21	0.991375931347093
NDEL1	0.749723017917101
CSRNP2	1.01423100355274
TXNDC5	1.12568358502349
ACTL8	0.982951932690122
CLPB	1.07884952858265
MIR600HG	0.963087641236575
PDRG1	1.3428247635557
ANKRD13C	0.982951932690122
APOLD1	1.02278665752541
CCDC130	0.71650131047893
GFOD2	0.971089603767894
COL21A1	1.04825237769963
PLA2G12A	0.982841762389136
CAMK2B	1.17037000361717
CDADC1	1.16077440404817
TRIM8	0.97891388353545
URM1	0.963087641236575
LBH	1.01202671490066
NECTIN4	0.982951932690122
FIP1L1	0.982841762389136
SNX27	0.982951932690122
COIL	1.00518177247207
FAM83D	1.3428247635557
ANP32E	0.982951932690122
NIPA2	1.15942294495005
TMEM163	1.00240700458938
ACSBG2	0.704151138682422
CAB39L	1.16077440404817
ITM2C	0.970894155693591
TSPAN14	0.97891388353545
CDT1	0.971089603767894
KAZALD1	0.97891388353545
UNC93B1	1.07884952858265
DEFB126	1.04060686127253
DIAPH3	1.16077440404817
SHCBP1L	0.991375931347093
TRMT1L	0.991375931347093
TSC22D4	1.17037000361717
TSSK3	0.982951932690122
MAP1LC3B	0.971089603767894
AKAP1	1.00518177247207
CCNL2	0.969343795308908
VMP1	1.00518177247207
C6orf62	1.12568358502349
ISCA1	0.975901197514351
REXO5	0.98246487716107
AMN	0.771082865073358
OR5V1	1.12568358502349
OR2B2	1.12568358502349
LINC00597	1.13133433617156
CAMK2D	0.982841762389136
SLC14A2	0.729564863856545
DOCK8	0.952713287730748
PPP1R14C	0.749110827107011
MADCAM1	0.681558751293874
SF3A2	0.672745602694723
ELL	0.71650131047893
TRIM7	0.981327424359639
NUAK2	0.991375931347093
TIGD6	0.981327424359639
RNF170	0.416558022388397
ADAMTS12	1.19567882225115
TLR10	0.982841762389136
ADAMTS10	0.704151138682422
SLCO5A1	1.01569444866679
OR12D3	1.12568358502349
CAMK2G	0.97891388353545
NETO2	0.98246487716107
NETO1	0.729564863856545
SPACA1	0.94270636541698
VANGL1	0.982951932690122
TRIM56	1.17978731315435
SBF2	1.07884952858265
RNF146	0.94270636541698
SPRY4	0.981327424359639
ST6GALNAC5	0.982951932690122
KRTAP1-3	1.00518177247207
KRTAP1-1	1.00518177247207
TMEM14B	1.12568358502349
ZNF205-AS1	0.98246487716107
SFXN3	0.97891388353545
ZNF611	1.25334885646717
MED25	1.24196546098975
SHARPIN	1.02360093995737
ZNF239	0.979753098033958
KRTAP9-9	1.00518177247207
KRTAP4-6	1.00518177247207
KRTAP2-1	1.00518177247207
ARPC5L	0.963087641236575
ISG20L2	0.982951932690122
RAB1B	1.07884952858265
LAS1L	0.971983922050255
HYI	0.982951932690122
FAHD1	0.98246487716107
SYMPK	1.24196546098975
QTRT1	0.704151138682422
SLIRP	0.764334413991476
SLC25A28	0.97891388353545
CAMLG	0.981327424359639
MIA	1.24196546098975
CLPP	0.704151138682422
ABHD17A	0.672745602694723
CABLES2	1.3428247635557
SEH1L	1.15931082987001
DPF1	1.24196546098975
KIF18A	1.07884952858265
ZNF93	0.71650131047893
HDHD3	0.963087641236575
MKKS	1.01794118838271
CAMP	0.730118323494498
GDF5	1.3428247635557
NCOA3	1.3428247635557
NRIP1	0.71893801338487
CHAF1B	0.71893801338487
CANX	0.981327424359639
DGCR6	1.28336096843035
LZTR1	0.730447216884634
CLTCL1	1.28336096843035
CAPG	1.00240700458938
ESS2	1.28336096843035
SYN3	0.720285108111023
GTPBP6	0.681263242067964
PUDP	0.681263242067964
AKAP17A	0.681263242067964
PNPLA4	0.681263242067964
CAPN1	1.07884952858265
ZRSR2	0.681263242067964
USP11	1.0526427280961
USP9X	0.742060425418264
CAPN2	0.991375931347093
RBM10	1.0526427280961
KDM5C	0.971983922050255
SMC1A	0.971983922050255
CAPN3	1.15942294495005
CAPNS1	1.24196546098975
NAA10	1.21583421531377
UBL4A	1.15404773795701
TMEM187	1.21583421531377
CAPN6	0.971983922050255
LAGE3	1.15404773795701
SLC10A3	1.15404773795701
TKTL1	1.15404773795701
CAPS	0.704151138682422
EPX	1.00518177247207
ARID1A	0.982951932690122
CAPZA1	0.982951932690122
HIST3H3	1.02169470476617
DYSF	1.00240700458938
COLQ	0.720410490708883
SERF1A	0.981327424359639
HIST1H4I	1.12568358502349
TRRAP	1.17037000361717
CAPZA2	1.17978731315435
PICALM	1.0798977924045
KLRC4	1.02278665752541
SNN	0.98246487716107
ACOX2	0.730118323494498
CAST	0.981327424359639
ACOX3	0.982841762389136
AXIN1	0.98280619354904
AXIN2	1.45235253680058
BAP1	0.730118323494498
BRAP	1.01423100355274
CDC7	0.982951932690122
CDC45	1.28336096843035
CAPZB	0.982951932690122
EOMES	0.720410490708883
FZD1	1.17037000361717
FZD4	1.0798977924045
FZD6	1.01569444866679
FZD7	0.970894155693591
FZD8	0.979753098033958
FZD9	1.17037000361717
GFI1B	0.963087641236575
HIST1H2AI	1.12568358502349
CARS	1.07884952858265
HIST1H2AK	1.12568358502349
HIST1H2AJ	1.12568358502349
HIST1H2AL	1.12568358502349
HIST1H2AC	1.12568358502349
HIST1H2AB	1.12568358502349
HIST1H2AM	1.12568358502349
HIST2H2AC	0.982951932690122
HIST1H2BG	1.12568358502349
PITPNM3	0.749723017917101
CASP1	1.0798977924045
HIST1H2BL	1.12568358502349
ELOVL3	0.97891388353545
HIST1H2BN	1.12568358502349
FCRL5	0.982951932690122
FCRL4	0.982951932690122
HIST1H2BM	1.12568358502349
HIST1H2BF	1.12568358502349
TCF7L1	1.00240700458938
HIST1H2BE	1.12568358502349
ADPGK	1.13133433617156
SH3BGRL3	0.982951932690122
SF3B5	0.94270636541698
INO80B	1.00240700458938
GSG1	1.02278665752541
CCDC70	1.16077440404817
SLC25A31	0.982841762389136
PUS7L	1.01423100355274
PMFBP1	0.971089603767894
HIST1H2BH	1.12568358502349
DRC3	0.749723017917101
ABHD11	1.17037000361717
RAB33B	0.982841762389136
HIST1H2BI	1.12568358502349
EMC6	0.7295394616866
CDCA3	1.02278665752541
MXD3	0.981327424359639
APH1B	1.13133433617156
GLT8D2	1.01423100355274
HIST1H2BC	1.12568358502349
KATNAL2	0.729564863856545
DOHH	0.672745602694723
ARHGAP24	0.982841762389136
DDX59	0.991375931347093
HIST1H2BO	1.12568358502349
PUS3	1.0798977924045
EPPK1	1.02360093995737
SCRT1	1.02360093995737
PLVAP	0.71650131047893
HIST2H2BE	0.982951932690122
CASP2	1.17978731315435
HIST1H3A	1.12568358502349
HIST1H3D	1.12568358502349
HIST1H3C	1.12568358502349
HIST1H3E	1.12568358502349
TTC25	1.00518177247207
CHST9	0.729564863856545
HIST1H3I	1.12568358502349
NUF2	0.991375931347093
FAM110A	1.04060686127253
AIF1L	0.963087641236575
DNAL1	0.764334413991476
RTBDN	0.71650131047893
RILP	0.7295394616866
COG3	1.16077440404817
UCK1	0.963087641236575
HIST1H3G	1.12568358502349
GPR101	0.971983922050255
TAAR8	0.94270636541698
MFRP	1.0798977924045
HIST1H3J	1.12568358502349
HIST1H3H	1.12568358502349
HIST1H3B	1.12568358502349
HIST1H4A	1.12568358502349
TMUB1	1.24449465772
THAP2	1.01423100355274
AKR1E2	0.979753098033958
RASSF5	0.991375931347093
NUDT12	0.981327424359639
SOX7	0.433694208344174
BCL2L12	1.24196546098975
RTP3	0.730118323494498
LRRC2-AS1	0.730118323494498
CASP3	0.716789838124403
HIST1H4D	1.12568358502349
TMEM47	0.742060425418264
CCM2	1.17037000361717
GUCD1	0.730447216884634
AMMECR1L	1.00240700458938
C18orf21	0.729564863856545
HIST1H4F	1.12568358502349
HIST1H4K	1.12568358502349
HIST1H4J	1.12568358502349
C19orf12	1.13164416291439
ZMIZ2	1.17037000361717
C11orf68	1.07884952858265
TEX101	1.24196546098975
HIST1H4C	1.12568358502349
RAMAC	1.13133433617156
FAM107B	0.979753098033958
SELENOO	0.705191761652427
CCDC3	0.979753098033958
FAM167A	0.433694208344174
HIST1H4H	1.12568358502349
SLC35G5	0.433694208344174
LINC00208	0.433694208344174
FAM167A-AS1	0.433694208344174
DYNLRB2	0.971089603767894
DYNLRB1	1.3428247635557
TEKT1	0.749723017917101
HIST1H4B	1.12568358502349
TLN2	1.13133433617156
MS4A8	1.07884952858265
PARP9	1.19833272410156
SESN2	0.982951932690122
HIST1H4E	1.12568358502349
HIST1H4L	1.12568358502349
HIST1H4G	1.12568358502349
CRISPLD1	1.01569444866679
CD99L2	1.12011520828342
HSDL1	0.971089603767894
RPS6KL1	0.764334413991476
RHNO1	1.02278665752541
TRAPPC9	2.05039341266889
SLC4A9	0.981327424359639
CALN1	1.17037000361717
SH3BGRL2	0.94270636541698
CASP4	1.0798977924045
JAM3	1.0798977924045
FERMT3	1.07884952858265
TRPT1	1.07884952858265
NRIP2	1.02278665752541
ESPN	0.969343795308908
CRISPLD2	0.971089603767894
YPEL3	0.98246487716107
HYAL3	0.730118323494498
FAM57B	0.98246487716107
INHBE	1.01423100355274
RIOK1	1.12568358502349
SLC25A18	0.736942594729667
ATG10	0.981327424359639
ITCH	1.3428247635557
TFAP2D	1.04825237769963
MARVELD1	0.97891388353545
GRWD1	1.24196546098975
ZNF484	0.975901197514351
L3MBTL2	0.720285108111023
LONP2	0.98246487716107
KRTAP4-12	1.00518177247207
TAS1R3	0.969343795308908
RBP5	1.02278665752541
RBM4B	1.07884952858265
FRMD8	1.07884952858265
ARMC10	1.17978731315435
MAD1L1	1.10834731360131
KCNK16	1.04825237769963
CASP5	1.0798977924045
NME5	0.981327424359639
OR1A1	0.7295394616866
USP26	0.971983922050255
ESYT3	0.986056538996622
SYT16	0.764334413991476
SETDB2	1.16077440404817
ROPN1L	1.19567882225115
ANGPTL6	0.704151138682422
KLF16	0.672745602694723
FSD1L	0.963087641236575
TMTC1	1.24074736084
ATAD3B	0.969343795308908
OR1D5	0.7295394616866
TAF3	0.979753098033958
RSPH3	0.749110827107011
TMEM120A	1.17037000361717
OR1E1	0.7295394616866
RAB34	1.01129990957445
HMCN1	0.991375931347093
GPR61	0.982951932690122
TBC1D10A	0.720285108111023
BCO2	1.0798977924045
MRO	0.729564863856545
TM2D2	0.416558022388397
USHBP1	0.71650131047893
CDCA7	0.970894155693591
OR1E2	0.7295394616866
MIXL1	0.991375931347093
TSPAN10	0.986809853654872
SLC25A2	0.981327424359639
PRSS27	0.98246487716107
TTLL2	0.862327116139212
FGFBP2	0.982841762389136
WDR87	1.24196546098975
OR1E3	0.7295394616866
SPATA9	0.981327424359639
SNX25	0.716789838124403
KCTD10	1.01423100355274
SPATA16	1.2087165663813
TTC29	0.708330872516
KRTAP1-5	1.00518177247207
KRTAP3-1	1.00518177247207
KRTAP3-2	1.00518177247207
KRTAP9-2	1.00518177247207
CASP6	0.982841762389136
OR1G1	0.7295394616866
KRTAP9-3	1.00518177247207
KRTAP9-8	1.00518177247207
KRTAP17-1	1.00518177247207
HASPIN	0.7295394616866
OR3A3	0.7295394616866
STARD3NL	1.17037000361717
STK40	0.982951932690122
SPRTN	1.02169470476617
HDAC10	0.705191761652427
RASSF4	0.979753098033958
LRMDA	0.97891388353545
EIF2A	1.21511111792987
PIP5K1A	0.982951932690122
TATDN1	2.05039341266889
TM2D1	0.982951932690122
TSSK1B	0.981327424359639
IMMP2L	1.17978731315435
PIP5K1B	0.975901197514351
FCAMR	0.991375931347093
NACA4P	1.01569444866679
RACGAP1P	1.01423100355274
FRMD8P1	0.971983922050255
SLC4A11	1.01794118838271
PIP4K2B	1.48826986994562
PLA2G6	0.720285108111023
IFI27L2	0.764334413991476
TSSK6	0.71650131047893
SPNS1	0.98246487716107
FAM234A	0.98280619354904
CCDC8	1.24196546098975
NCALD	1.01569444866679
FAM172A	0.981327424359639
PLA2G10	0.98246487716107
BRIP1	1.00518177247207
CTTNBP2	1.17978731315435
REG4	0.982951932690122
KREMEN1	1.25509584409354
CASP7	0.97891388353545
TMPRSS13	1.0798977924045
B3GNT5	1.03734056701319
SLC25A11	0.749723017917101
SOX14	0.986056538996622
OBSCN	1.02169470476617
EMILIN2	1.15931082987001
SPARCL1	0.982841762389136
SPOP	1.00518177247207
PCDHB19P	0.981327424359639
KATNAL1	1.33645054467716
MND1	0.983733746955767
WDR54	1.00240700458938
ADGRV1	0.981327424359639
SRPX	0.742060425418264
RBM48	1.17037000361717
MAGT1	0.971983922050255
DTNBP1	1.12568358502349
KIRREL2	1.24196546098975
HDHD2	0.729564863856545
TMEM222	0.982951932690122
TEX35	0.991375931347093
FAM160A2	1.07884952858265
SLC10A7	0.708330872516
PLEKHN1	0.969343795308908
TAGLN2	0.982951932690122
FAM186B	1.01423100355274
ARMC2	0.94270636541698
HORMAD1	0.982951932690122
MYCBPAP	1.00518177247207
QRICH2	0.986809853654872
FSCB	0.764334413991476
TKTL2	0.716789838124403
C3orf20	0.720410490708883
KBTBD7	1.16077440404817
ANKRD27	1.13164416291439
ULK1	1.01423100355274
ENKD1	0.971089603767894
NSRP1	1.01129990957445
ZRANB3	1.00240700458938
RAB6C	1.00240700458938
FBXO30	0.94270636541698
UXT	1.0526427280961
CASP8	0.970894155693591
ARL6	1.19833272410156
USP44	1.01423100355274
SLC41A2	1.01423100355274
C4orf17	0.982841762389136
PCBD2	0.981327424359639
PRAM1	0.704151138682422
ZIC4	1.21511111792987
PCGF6	0.97891388353545
QRFPR	0.982841762389136
EEA1	1.01423100355274
BCAR3	0.982951932690122
ZNF394	1.17037000361717
LRRIQ1	1.01423100355274
ATRIP	0.730118323494498
WDR75	0.970894155693591
ACAD11	0.986056538996622
CEP78	0.975901197514351
USP42	1.10834731360131
ZNRF3	1.25509584409354
TOMM40L	0.982951932690122
UTP15	0.981327424359639
SLC7A6OS	0.971089603767894
FAM161A	1.00240700458938
EVA1A	1.00240700458938
ABRAXAS1	0.982841762389136
SYDE2	0.982951932690122
ZNF644	0.982951932690122
KAT8	0.98246487716107
PPP1R1B	1.00518177247207
RNASEH2C	1.07884952858265
RPF2	0.94270636541698
ARID5B	0.979753098033958
ANXA9	0.982951932690122
KIAA1109	0.982841762389136
GTF2IRD2	1.17037000361717
ASCC2	1.25509584409354
NLRC5	0.98246487716107
C19orf44	0.71650131047893
ANTXR1	1.00240700458938
STX7	0.94270636541698
LOXL4	0.97891388353545
POLR1B	1.00240700458938
ELMOD3	1.00240700458938
SLA2	1.3428247635557
MYH16	1.17037000361717
SLC49A3	0.982841762389136
CMAHP	1.12568358502349
CHD6	1.3428247635557
MINDY4	1.17037000361717
ZCCHC7	0.709018617651733
TMEM164	0.971983922050255
FAR1	1.07884952858265
SLITRK6	1.16077440404817
BFSP2	0.986056538996622
METTL25	1.01423100355274
CIAO2A	1.13133433617156
SETD3	0.764334413991476
USP48	0.982951932690122
POMK	0.416558022388397
CASP9	0.982951932690122
SNHG3	0.982951932690122
TXNDC2	1.15931082987001
MEX3B	1.13133433617156
ZNF541	1.24196546098975
TMEM117	1.01423100355274
ZMYND12	0.982951932690122
WDR24	0.98280619354904
SPATC1L	0.696368907296711
TMEM191A	1.65854047521834
IQCG	1.03734056701319
NBPF3	0.982951932690122
ZMYND15	0.7295394616866
C2orf16	1.01202671490066
DRC7	0.98246487716107
LRRC8C	0.982951932690122
TRAF7	0.98246487716107
MAF1	1.02360093995737
TMEM126A	1.0798977924045
RHBDD1	0.970894155693591
ATP13A4	1.03734056701319
BBOX1	1.07884952858265
ZCCHC9	0.981327424359639
ZDHHC18	0.982951932690122
MRI1	0.71650131047893
MED10	1.19567882225115
RTL6	0.720285108111023
FYTTD1	1.03734056701319
PSD2	0.981327424359639
LTBP4	1.24196546098975
SLF1	0.981327424359639
SGIP1	0.982951932690122
GARNL3	0.963087641236575
CAMKK1	0.7295394616866
SLC37A3	1.17978731315435
FLYWCH1	0.98246487716107
SYT3	1.24196546098975
DCUN1D5	1.0798977924045
TCHP	1.01423100355274
FBXW9	0.71650131047893
PSMG3	1.10834731360131
HSDL2	0.963087641236575
HAGHL	0.98246487716107
POLR3GL	0.982951932690122
ALKBH7	0.704151138682422
C9orf64	0.975901197514351
RPAIN	0.749723017917101
CHCHD5	1.00240700458938
ZNF282	1.24449465772
CARD19	0.975901197514351
POLDIP3	0.720285108111023
YIPF4	1.00240700458938
NOA1	0.982841762389136
COQ5	1.01423100355274
SLC25A33	0.969343795308908
NICN1	0.730118323494498
DNAJC30	1.17037000361717
MFSD14C	0.970815788272126
PRADC1	1.00240700458938
STK24	1.16077440404817
BTBD10	1.07884952858265
C2orf88	0.970894155693591
RNF135	1.43941607542378
TMEM79	0.982951932690122
NTPCR	1.02169470476617
EIF1AD	1.07884952858265
TMEM175	0.982841762389136
ZDHHC16	0.97891388353545
EFCAB2	1.02169470476617
ING5	0.966350804585467
CAPNS2	0.98246487716107
WDR83	0.71650131047893
PRXL2A	0.97891388353545
UTP23	2.05039341266889
PHF6	0.971983922050255
GINS4	0.416558022388397
LLPH	1.01423100355274
MIEN1	1.00518177247207
CASP10	0.970894155693591
UQCC2	1.04825237769963
DDI2	0.982951932690122
TMEM246	0.963087641236575
CHCHD6	1.19833272410156
NUDT22	1.07884952858265
PYM1	1.01423100355274
PDCD2L	1.13164416291439
ZNF397	0.729564863856545
NUDT16L1	0.98246487716107
NR0B2	0.982951932690122
C7orf50	1.10834731360131
MRPL45	1.48826986994562
BRMS1L	0.764334413991476
VPS25	1.00518177247207
TMEM107	0.749723017917101
MON1A	0.730118323494498
NAA38	0.749723017917101
CCDC115	1.00240700458938
CCDC77	1.02278665752541
CMSS1	1.19833272410156
ACBD6	0.991375931347093
THOC3	0.981327424359639
C18orf12	0.729564863856545
SARNP	1.01423100355274
METTL26	0.98280619354904
ZBED3	0.981327424359639
LZIC	0.969343795308908
HVCN1	1.01423100355274
UTF1	0.96610428515749
ZNF414	0.704151138682422
MCRIP2	0.98280619354904
DYDC2	0.97891388353545
PCGF5	0.97891388353545
COA8	0.771082865073358
AKT1S1	1.24196546098975
TMEM101	1.00518177247207
ELOF1	0.748368687962694
RECK	0.952713287730748
GFM2	0.981327424359639
COG8	0.971089603767894
HPS3	1.21511111792987
SOAT2	1.01423100355274
CAVIN2	0.970894155693591
ARFGAP2	1.07884952858265
NIFK	1.00240700458938
PRAC1	1.00518177247207
RASAL1	1.01423100355274
HOOK3	0.416558022388397
RAD54L	0.982951932690122
NSMAF	1.01569444866679
CASQ1	0.982951932690122
NCK2	1.00240700458938
ECRG4	1.00240700458938
CYSTM1	0.981327424359639
C15orf48	1.15942294495005
GNPAT	1.02169470476617
PROK1	0.982951932690122
CARD11	1.10834731360131
ADGRA1	0.96610428515749
ZNF528	1.25334885646717
MSANTD4	1.0798977924045
HHIPL1	0.764334413991476
DYRK3	0.991375931347093
RAB11FIP4	1.43941607542378
MAML2	1.0798977924045
FRMPD3	0.971983922050255
DOT1L	0.672745602694723
LZTS2	0.97891388353545
BRSK1	1.25334885646717
SYVN1	1.07884952858265
ABLIM2	0.982841762389136
ZNF333	0.71650131047893
DYRK2	1.01423100355274
ZNF512	1.01202671490066
MAP3K21	1.02169470476617
EFCAB7	0.982951932690122
L3MBTL3	0.94270636541698
PHYHIPL	0.979753098033958
LCOR	0.97891388353545
DUSP11	1.00240700458938
ZMAT1	0.971983922050255
NEURL4	0.749723017917101
SLX4	0.98246487716107
MEGF11	1.13133433617156
MEGF10	0.981327424359639
FBN3	0.704151138682422
DOC2B	0.7295394616866
DOC2A	0.98246487716107
DHX16	1.04825237769963
FAM120B	0.862327116139212
CASQ2	0.982951932690122
CUL4B	0.971983922050255
SPIRE2	0.971089603767894
JPH4	0.764334413991476
ZNF527	1.24196546098975
NKX6-2	0.96610428515749
CUL4A	1.16077440404817
PLPP5	0.416558022388397
GHDC	1.00518177247207
MCM8	1.01794118838271
DCTN5	0.98246487716107
ACTRT3	1.2087165663813
CNFN	1.24196546098975
ACRBP	1.02278665752541
CUL3	0.970894155693591
GON7	0.764334413991476
JAGN1	0.720410490708883
ZC3H8	1.00240700458938
HOPX	0.982841762389136
ZNF559	0.704151138682422
C15orf41	1.15942294495005
CUL2	0.979753098033958
SRRM4	1.01423100355274
ACSS1	1.01794118838271
LINC01547	0.696368907296711
MCHR2	0.94270636541698
CUL1	1.24449465772
KBTBD8	0.723578923483452
KIAA1841	1.00240700458938
MRPL43	0.97891388353545
SNORD35B	1.24196546098975
PGBD1	1.12568358502349
TMEM185A	1.07534151737943
MAK16	0.416558022388397
ATRN	1.01794118838271
PARD6G	0.729564863856545
FAXC	0.94270636541698
MAP1LC3A	1.3428247635557
FOXN1	1.01129990957445
MT4	0.98246487716107
SLC12A8	1.19833272410156
LYZL1	0.979753098033958
COL25A1	0.982841762389136
GNPTG	0.98246487716107
TTF2	0.982951932690122
TPST2	0.730447216884634
CASR	1.19833272410156
TPST1	1.17037000361717
PARD6B	1.3428247635557
ZBTB37	0.991375931347093
KRTAP4-4	1.00518177247207
TUBB6	1.15931082987001
NT5C1A	0.982951932690122
ZGPAT	1.3428247635557
KLF11	1.01202671490066
ST6GAL2	1.00240700458938
ZNF594	0.749723017917101
KIRREL3	1.0798977924045
FNDC1	0.749110827107011
KRBA1	1.24449465772
ZNF469	0.971089603767894
NTNG2	0.963087641236575
TNRC18	1.10834731360131
TEAD2	1.24196546098975
TTBK1	1.04825237769963
SLITRK2	0.971983922050255
AFAP1L2	0.97891388353545
KISS1R	0.672745602694723
GPR174	0.971983922050255
IL1F10	1.00240700458938
SUPT3H	1.04825237769963
USP38	0.982841762389136
MFSD14B	0.970815788272126
KIF2B	1.00518177247207
C22orf23	0.720285108111023
PLA2G12B	0.979753098033958
LCE3D	0.982951932690122
DGAT2	1.0798977924045
EBPL	1.16077440404817
SPINK7	0.981327424359639
SPZ1	0.981327424359639
GLYR1	0.98246487716107
LINC00852	0.720410490708883
ADGRE3	0.71650131047893
RNASE7	0.764334413991476
CCDC62	1.01423100355274
DPY30	1.01202671490066
GLIS2	0.98246487716107
MYPN	0.979753098033958
RETNLB	1.19833272410156
HES7	0.749723017917101
FAM126A	1.17037000361717
USP32	1.00518177247207
SMARCA5	0.982841762389136
ZNF347	1.25334885646717
CARD6	1.19567882225115
TRIM55	1.01569444866679
TRIM63	0.982951932690122
DSCR8	0.71893801338487
KDM2B	1.01423100355274
SLC9A7	1.0526427280961
FKBP6	1.17037000361717
ACCS	1.07884952858265
HINT2	0.952713287730748
INSM2	0.764334413991476
PPP1R9B	1.00518177247207
C9orf24	0.952713287730748
MS4A14	1.07884952858265
SPATA22	0.7295394616866
FAM71F1	1.17978731315435
CCDC54	1.19833272410156
MCEE	1.00240700458938
GJA10	0.94270636541698
LOXL3	1.00240700458938
ABHD1	1.01202671490066
CAPS2	1.01423100355274
CREB3L3	0.672745602694723
CAT	1.07884952858265
SORBS2	0.716789838124403
MYO18B	0.730447216884634
COX4I2	1.3428247635557
GTPBP3	0.71650131047893
GPT2	0.98246487716107
BEX2	0.971983922050255
LNX1	0.982841762389136
MGARP	0.982841762389136
IRS4	0.971983922050255
HDGFL2	0.704151138682422
LINC00260	0.991375931347093
PIGO	0.952713287730748
PSRC1	0.982951932690122
PLEKHA8	1.17037000361717
PRRC2B	0.963087641236575
SPSB2	1.02278665752541
OGT	0.971983922050255
CBX2	0.986809853654872
FAM167B	0.982951932690122
CNDP1	0.729564863856545
AFAP1-AS1	0.982841762389136
UNC119B	1.01423100355274
USP30	1.01423100355274
FUT10	0.416558022388397
B3GNT9	0.971089603767894
PCGF1	1.00240700458938
CDC42BPA	0.991375931347093
ZNF577	1.25334885646717
CRACR2A	1.02278665752541
TRIM51	1.07884952858265
MPV17L2	0.71650131047893
GPR65	0.764334413991476
DDX11L2	1.00240700458938
ZNF607	1.24196546098975
DLGAP1-AS2	1.15931082987001
NAA11	0.982841762389136
KMT5C	1.25334885646717
MGC2889	1.03734056701319
HIRIP3	0.98246487716107
TUBA1C	1.01423100355274
LINC00467	0.991375931347093
FAM220A	1.10834731360131
FOXD2-AS1	0.982951932690122
PYROXD2	0.97891388353545
C19orf48	1.24196546098975
RAE1	1.3428247635557
GPAT3	0.982841762389136
MFSD9	1.00240700458938
NFKBID	1.24196546098975
PERM1	0.969343795308908
CROCCP2	0.982951932690122
OFD1	0.681263242067964
BUD13	1.0798977924045
PLCD4	0.970894155693591
PLPP7	0.963087641236575
MGC12916	0.749723017917101
RTN4IP1	0.94270636541698
TXNDC17	0.749723017917101
IL17RC	0.720410490708883
SEMA7A	1.13133433617156
POLR2J4	1.17037000361717
LMNB2	0.672745602694723
FCRLA	0.991375931347093
SFT2D3	1.00240700458938
CILP	1.13133433617156
ADTRP	1.12568358502349
ANKRD36BP1	0.991375931347093
ATP5MD	0.97891388353545
ABHD14B	0.730118323494498
ARHGAP5-AS1	0.764334413991476
ZNF496	1.02169470476617
RAX2	0.672745602694723
GALR3	0.720285108111023
HPDL	0.982951932690122
PHF5A	0.720285108111023
LINC00525	1.17037000361717
MIR503HG	0.971983922050255
GLIS3-AS1	0.952713287730748
TRIM52	0.981327424359639
ATP1A1-AS1	0.982951932690122
LINC00839	0.979753098033958
ZNF503	0.97891388353545
LRCH3	1.03734056701319
KLHL22	1.65854047521834
RIOX2	1.19833272410156
CCDC142	1.00240700458938
TMEM25	1.0798977924045
PTPN5	1.07884952858265
HAVCR2	0.981327424359639
CBR4	0.716789838124403
GEMIN2	0.764334413991476
RSPO3	0.94270636541698
AGBL4	0.982951932690122
ZC3H10	1.01423100355274
ADGRG7	1.19833272410156
ZNF514	1.00240700458938
PARP10	1.02360093995737
ORAI1	1.01423100355274
ZBTB45	1.25334885646717
MFSD2A	0.982951932690122
RPUSD4	1.0798977924045
AIFM2	0.979753098033958
ZDHHC12	0.963087641236575
C1orf198	1.02169470476617
SPPL2A	1.15942294495005
SLC7A3	0.971983922050255
ADO	0.979753098033958
ZSCAN10	0.98246487716107
POMGNT2	0.720410490708883
FBH1	0.979753098033958
LINGO1	1.13133433617156
MIGA2	0.963087641236575
ATAD1	0.97891388353545
TBRG1	1.0798977924045
PLXDC2	0.979753098033958
TMTC4	1.16077440404817
RGS5	0.991375931347093
RNFT2	1.01423100355274
NFATC2IP	0.98246487716107
CEP89	1.13164416291439
ARHGEF39	0.952713287730748
ZNF341	1.3428247635557
FAM136A	1.00240700458938
AOPEP	0.970815788272126
MAP4K3	1.00240700458938
TMEM87B	1.00240700458938
ZNF382	1.24196546098975
SLC35B4	1.17978731315435
ATOH8	1.00240700458938
ZNF587	1.25334885646717
FAM222A	1.01423100355274
UTP4	0.971089603767894
LRP11	0.749110827107011
PPP1R15B	0.991375931347093
PRSS12	0.982841762389136
ALG10	1.24074736084
FIZ1	1.25334885646717
FAM104A	0.986809853654872
ZNF566	1.24196546098975
SLC49A4	1.19833272410156
SPRYD3	1.01423100355274
TMEM209	1.17978731315435
FIBCD1	0.963087641236575
PPM1D	1.00518177247207
MASTL	0.979753098033958
LINC01101	1.00240700458938
RAB2B	0.764334413991476
C8orf76	2.05039341266889
RITA1	1.01423100355274
MEDAG	1.33645054467716
ZFYVE19	1.15942294495005
ZNRF1	0.971089603767894
ATG4C	0.982951932690122
PWWP3A	0.672745602694723
CORO6	1.01129990957445
HSH2D	0.71650131047893
WDR73	1.13133433617156
MAEL	0.991375931347093
ABHD13	1.16077440404817
LTV1	0.94270636541698
SERAC1	0.749110827107011
TIGD5	1.02360093995737
PPFIBP2	1.07884952858265
PRPF38A	0.982951932690122
TNS4	1.00518177247207
CGNL1	1.13133433617156
MICALCL	1.07884952858265
MPND	0.00092274841457305
NUDCD1	1.0381909863396
RELT	1.07884952858265
SYTL1	0.982951932690122
UBASH3B	1.0798977924045
PPFIBP1	1.24074736084
CCDC183	0.963087641236575
FBXL20	1.00518177247207
AJUBA	0.764334413991476
ALKBH6	1.24196546098975
IGSF21	0.982951932690122
LSM10	0.982951932690122
PNMA6A	1.21583421531377
TOX2	1.3428247635557
PPFIA4	0.991375931347093
C1orf94	0.982951932690122
ATG4D	0.704151138682422
SNHG7	0.963087641236575
MFSD5	1.01423100355274
DISP1	0.991375931347093
FRMD5	1.15942294495005
RANBP3	0.704151138682422
MIR22HG	0.7295394616866
FAM222A-AS1	1.01423100355274
CEP19	1.03734056701319
FAM83A	2.05039341266889
ARHGAP19	0.97891388353545
COX14	1.01423100355274
PPP1R16A	1.02360093995737
JMJD1C-AS1	0.979753098033958
PPFIA2	1.01423100355274
RBM17	0.979753098033958
PIGY	0.982841762389136
UBL7	1.13133433617156
URB1-AS1	0.71893801338487
PPFIA1	1.07884952858265
MGC16275	0.986809853654872
FAM86B1	0.433694208344174
BFSP2-AS1	0.986056538996622
RERG	1.02278665752541
PHYKPL	0.981327424359639
MGC16025	0.966350804585467
SLC43A1	1.07884952858265
TCEAL3	0.971983922050255
TMEM128	0.982841762389136
TMEM141	0.963087641236575
USP45	0.94270636541698
CFAP300	1.0798977924045
TMEM241	0.729564863856545
PKP4	1.00240700458938
REPS1	0.94270636541698
TMEM60	1.17037000361717
ARRDC1-AS1	0.963087641236575
SMIM3	0.981327424359639
SNHG12	0.982951932690122
PIK3R3	0.982951932690122
PEX3	0.94270636541698
PARG	0.979753098033958
CNTNAP1	1.00518177247207
ENC1	0.981327424359639
NIPSNAP1	1.25509584409354
NDST2	0.97891388353545
MMP23B	0.969343795308908
MMP23A	0.969343795308908
MBL1P	0.97891388353545
LIPF	0.97891388353545
KCNAB2	0.969343795308908
ITGA10	0.982951932690122
ITGA8	0.979753098033958
IKBKG	1.15404773795701
ELP1	0.963087641236575
IFITM1	1.07884952858265
HAT1	0.970894155693591
GCM1	1.04825237769963
GAS7	0.749723017917101
HIST1H2AH	1.12568358502349
HIST1H2BK	1.12568358502349
DGKZ	1.07884952858265
DGKE	1.00518177247207
DGKD	0.970894155693591
DDO	0.94270636541698
KRTAP9-4	1.00518177247207
KRTAP4-1	1.00518177247207
KRTAP4-5	1.00518177247207
CYP4F2	0.71650131047893
KRTAP4-3	1.00518177247207
KRTAP4-2	1.00518177247207
KRTAP3-3	1.00518177247207
KRTAP2-4	1.00518177247207
CST7	1.01794118838271
ATCAY	0.672745602694723
COL27A1	0.963087641236575
FBF1	0.986809853654872
YBX3	1.02278665752541
PPIL4	0.749110827107011
PAQR8	1.04825237769963
BAGE4	1.08779534512708
BAGE3	1.08779534512708
BAGE2	1.08779534512708
CPZ	0.982841762389136
ABCC11	0.98246487716107
LGALS12	1.07884952858265
COPS3	0.749723017917101
CHST1	1.07884952858265
KRT87P	1.01423100355274
CBX4	0.986809853654872
SHISAL1	0.720285108111023
SHANK3	0.73920158822585
DGCR6L	1.65854047521834
CAMK1	0.720410490708883
SYDE1	0.71650131047893
TRIM5	1.07884952858265
ZCCHC3	1.04060686127253
ALG2	0.963087641236575
MYLK2	1.3428247635557
STRIP1	0.982951932690122
BCAS1	1.3428247635557
KIAA1656	0.720285108111023
RIMBP3	0.736942594729667
MICALL1	0.720285108111023
TUBGCP6	0.705191761652427
KIAA1671	0.730447216884634
BARX2	1.0798977924045
SNORD14B	1.07884952858265
SNORD14C	1.0798977924045
API5	1.07884952858265
SNORD14D	1.0798977924045
SNORD14E	1.0798977924045
FAM207A	0.696368907296711
RGS8	0.991375931347093
AGPS	0.970894155693591
EAF1	0.720410490708883
DNAJC14	1.01423100355274
NKD1	0.98246487716107
NKD2	1.19567882225115
PPFIA3	1.24196546098975
SLC22A16	0.94270636541698
SLC45A3	0.991375931347093
RHPN2	1.13164416291439
ZIC5	1.16077440404817
CCNB3	1.0526427280961
APOL1	0.720285108111023
LMO4	0.982951932690122
ZCRB1	1.01423100355274
CABS1	0.982841762389136
STON2	0.764334413991476
PIR	0.681263242067964
DOCK7	0.982951932690122
HELZ2	1.3428247635557
KNDC1	0.96610428515749
DCLK3	0.720410490708883
LRRCC1	1.01569444866679
CNTNAP4	0.971089603767894
ZFHX2	0.764334413991476
KIAA1755	1.3428247635557
CGGBP1	0.434078096558972
ITPRIP	0.97891388353545
UNK	0.986809853654872
CFAP74	0.969343795308908
TSPYL5	1.01569444866679
DISP2	1.15942294495005
TNKS1BP1	1.07884952858265
CIPC	0.764334413991476
DIXDC1	1.0798977924045
CEP295	1.0798977924045
AP3B1	0.981327424359639
ZNF518B	0.982841762389136
TANC1	1.00240700458938
FHDC1	0.983733746955767
ZC3H12C	1.0798977924045
SSH2	1.01129990957445
SELENOI	1.01202671490066
FCN3	0.982951932690122
LBX2	1.00240700458938
GFM1	1.06598575216065
SCIN	0.932380436661844
CCDC65	1.01423100355274
DNAJC5B	1.01569444866679
BLZF1	0.991375931347093
TSLP	0.981327424359639
PSKH2	1.01569444866679
LGR5	1.01423100355274
RPPH1	0.764334413991476
MAPKAPK5	1.01423100355274
SCRT2	1.04060686127253
MBD3L1	0.704151138682422
INE2	0.681263242067964
INE1	1.0526427280961
BHLHE40	0.720410490708883
PIAS1	1.13133433617156
CDC14B	0.970815788272126
CDC14A	0.982951932690122
GALP	1.25334885646717
TCAP	1.00518177247207
CDK10	0.971089603767894
PRPF18	0.979753098033958
DEGS1	0.991375931347093
DENR	1.01423100355274
THOC5	1.25509584409354
KMO	1.02169470476617
YARS	0.982951932690122
PDXK	0.717899370570668
MADD	1.07884952858265
RRP1	0.717899370570668
MKNK1	0.982951932690122
CAV1	1.17978731315435
KHSRP	0.704151138682422
PDLIM4	0.981327424359639
CASK	0.742060425418264
AKR7A2	0.982951932690122
PRKRA	0.970894155693591
STK16	0.970894155693591
TMEFF1	0.963087641236575
SCARF1	0.7295394616866
CAV2	1.17978731315435
LY6D	1.02360093995737
GTPBP10	1.17037000361717
OR7E2P	1.0798977924045
CAV3	0.720410490708883
OR6A2	1.07884952858265
ACTL6A	1.03734056701319
RUNX2	1.04825237769963
TNFSF11	1.16077440404817
RGS20	1.01569444866679
NOP14	0.982841762389136
FAM193A	0.982841762389136
SLC25A12	0.970894155693591
PLA2G4C	1.24196546098975
RUVBL1	1.19833272410156
RDH16	1.01423100355274
KLF7	0.970894155693591
RUNX1	0.71893801338487
PLPP1	0.981327424359639
PLPP2	0.681558751293874
PLPP3	0.982951932690122
STC2	0.981327424359639
USO1	0.982841762389136
CADPS	0.723578923483452
RUNX1T1	1.01569444866679
NPFF	1.01423100355274
CDK13	1.17037000361717
PDE8B	0.981327424359639
ASMTL	0.681263242067964
PSMG1	0.71893801338487
RFXANK	0.71650131047893
TP63	1.03734056701319
JRK	1.02360093995737
CBFA2T3	0.971089603767894
HSD17B6	1.01423100355274
SKAP1	1.00518177247207
DNAH17	0.986809853654872
UNC5C	0.982841762389136
RTCA	0.982951932690122
RNASET2	0.862327116139212
SSNA1	0.963087641236575
EIF4EBP3	0.981327424359639
OASL	1.01423100355274
AOC3	1.00518177247207
RUNX3	0.982951932690122
PCDHGB4	0.981327424359639
DCHS1	1.07884952858265
PTCH2	0.982951932690122
AKR1C3	0.979753098033958
KCNK5	1.04825237769963
CHRD	1.03734056701319
ABCB11	1.00240700458938
NCOA1	1.01202671490066
LAMTOR3	0.982841762389136
CBFB	0.971089603767894
NUMB	0.764334413991476
SOCS1	0.98246487716107
PDE5A	0.982841762389136
DYNLL1	1.01423100355274
TNKS	0.433694208344174
ALDH4A1	0.982951932690122
SERPINA6	0.764334413991476
IRS2	1.16077440404817
EIF3A	0.96610428515749
EIF3B	1.10834731360131
EIF3D	0.720285108111023
EIF3F	1.07884952858265
EIF3G	0.704151138682422
EIF3H	2.05039341266889
EIF3I	0.982951932690122
EIF3J	1.15942294495005
CBL	1.0798977924045
SLC4A4	0.982841762389136
EIF4G3	0.982951932690122
VAMP8	1.00240700458938
VAMP4	0.991375931347093
STX16	1.3428247635557
STX11	0.94270636541698
STX10	0.71650131047893
BECN1	1.00518177247207
CBLB	1.19833272410156
JMJD7-PLA2G4B	1.15942294495005
PEA15	0.982951932690122
SRSF9	1.01423100355274
MARCO	1.00240700458938
KRT38	1.00518177247207
KRT37	1.00518177247207
KRT36	1.00518177247207
CBLN1	0.98246487716107
JRKL	1.0798977924045
HYAL2	0.730118323494498
GALNT4	1.01423100355274
DGAT1	1.02360093995737
CDC23	0.981327424359639
S1PR4	0.672745602694723
ACTN1	0.764334413991476
DNAH11	1.17037000361717
B4GALT4	1.19833272410156
B4GALT3	0.982951932690122
B4GALT2	0.982951932690122
B3GALT4	1.04825237769963
B3GALNT1	1.06598575216065
B3GALT2	0.991375931347093
B3GALT1	1.00240700458938
SERPINH1	1.0798977924045
SERPINB7	0.729564863856545
TNK1	0.749723017917101
PAGE1	1.0526427280961
ABCC3	1.00518177247207
NOL4	0.729564863856545
TRADD	0.971089603767894
PNPT1	1.00240700458938
TNFRSF25	0.969343795308908
MBTPS1	0.971089603767894
EDF1	0.963087641236575
CTSF	1.07884952858265
SNX4	1.19833272410156
SNX3	0.94270636541698
URI1	1.13164416291439
EED	1.0798977924045
CTNNAL1	0.963087641236575
ADAM19	0.981327424359639
GBF1	0.97891388353545
CBR1	0.71893801338487
RNMT	1.15931082987001
RNGTT	0.94270636541698
GPAA1	1.02360093995737
MYH13	0.749723017917101
MYOM1	1.15931082987001
RIPK1	1.12568358502349
CRADD	1.01423100355274
HRK	1.01423100355274
CBR3	0.71893801338487
TNFSF14	0.704151138682422
TNFSF13	0.749723017917101
TNFSF12	0.749723017917101
TNFSF10	1.2087165663813
TNFSF9	0.704151138682422
ADAM23	0.970894155693591
ADAM21	0.764334413991476
ADAM20	0.764334413991476
ADAM18	0.416558022388397
ADAM15	0.982951932690122
ADAM9	0.416558022388397
ADAM6	1.00423569973179
ADAM7	0.433694208344174
ADAM1A	1.01423100355274
CDS2	1.01794118838271
PABPC4	0.982951932690122
CD164	0.94270636541698
TNFRSF14	0.969343795308908
RAB11A	1.13133433617156
RIPK2	1.01569444866679
TNFRSF6B	1.3428247635557
FADD	1.07884952858265
SNAP23	1.15942294495005
NAPG	1.15931082987001
NAPA	1.24196546098975
MTMR1	1.12011520828342
GGACT	1.16077440404817
MPDZ	0.952713287730748
SIGLEC5	1.24196546098975
RIOK3	0.729564863856545
TNFRSF18	0.969343795308908
MATN4	1.3428247635557
RGS11	0.98280619354904
RGS9	1.00518177247207
DLK1	0.764334413991476
FBP2	0.970815788272126
FPGT	0.982951932690122
TNFRSF11A	0.729564863856545
TNFRSF10D	0.433694208344174
TNFRSF10C	0.433694208344174
TNFRSF10B	0.433694208344174
SCEL	1.16077440404817
TNFRSF10A	0.433694208344174
DYRK4	1.02278665752541
PEX11B	0.982951932690122
ACTN2	1.02169470476617
PEX11A	1.13133433617156
SUCLG2	0.723578923483452
SUCLG1	1.00240700458938
SUCLA2	1.16077440404817
CREG1	0.991375931347093
TRIM24	1.17978731315435
IL18RAP	1.00240700458938
IL1RL2	1.00240700458938
IL18R1	1.00240700458938
CCIN	0.709018617651733
GALR2	0.986809853654872
CCNK	0.764334413991476
DPM1	1.3428247635557
CDKL1	0.764334413991476
BANF1	1.07884952858265
DCAF5	0.764334413991476
FGF18	0.981327424359639
DPM2	0.963087641236575
SAP30	0.716789838124403
HESX1	0.730118323494498
INPP4B	0.982841762389136
FGF17	0.433694208344174
FGF16	0.971983922050255
CES2	0.971089603767894
LIN7A	1.01423100355274
IQGAP1	1.13133433617156
NRP2	0.970894155693591
NRP1	0.979753098033958
KYAT1	0.963087641236575
SYNGAP1	1.04825237769963
CD84	0.982951932690122
GMPS	1.06598575216065
TMEM11	0.749723017917101
SOCS2	1.01423100355274
GGH	1.01569444866679
CFLAR	0.970894155693591
CCN6	0.94270636541698
CCN5	1.3428247635557
CCN4	2.05039341266889
HDAC3	0.981327424359639
PROM1	0.982841762389136
HCAR3	1.01423100355274
KSR1	1.01129990957445
ANKRD13A	1.01423100355274
ALKBH1	0.764334413991476
DLEU2	1.16077440404817
TSC22D1	1.16077440404817
CCK	0.720410490708883
KAT2B	0.720410490708883
CDK5R1	1.43941607542378
AKAP4	1.0526427280961
ASAP2	1.01202671490066
ALDH1A2	1.13133433617156
NR1I2	1.19833272410156
FCGBP	1.24196546098975
PROZ	1.16077440404817
STK19	1.04825237769963
CCKAR	0.982841762389136
LDB1	0.97891388353545
APLN	0.971983922050255
PER3	0.969343795308908
PER2	0.979447512570108
SYNJ1	0.71893801338487
ST3GAL5	1.00240700458938
CCKBR	1.07884952858265
IER3	1.04825237769963
SYNJ2	0.749110827107011
CDC123	0.979753098033958
ARHGEF7	1.16077440404817
RRP36	1.04825237769963
VNN2	0.94270636541698
VNN1	0.94270636541698
SPHK1	0.986809853654872
SQSTM1	0.981327424359639
SGPL1	0.979753098033958
FUBP1	0.982951932690122
CDC16	1.16077440404817
ZPR1	1.0798977924045
NAE1	0.971089603767894
SLC5A6	1.01202671490066
DDX18	1.00240700458938
TAX1BP1	1.17037000361717
MCM3AP	0.696368907296711
KRIT1	1.17037000361717
EIF2B4	1.01202671490066
EIF2B3	0.982951932690122
EIF2B2	0.764334413991476
EIF2B5	1.03734056701319
EIF2S2	1.3428247635557
CPNE3	1.01569444866679
BUD31	1.17037000361717
MTMR3	1.25509584409354
MTMR2	1.0798977924045
PRPF4B	1.12568358502349
ACTN3	1.07884952858265
CCNA2	0.982841762389136
CCNA1	1.16077440404817
CPNE1	1.3428247635557
AP1S2	0.681263242067964
AP1G2	0.764334413991476
AP1M1	0.71650131047893
GYG2	0.681263242067964
ENDOU	1.01423100355274
CCNB1	0.981327424359639
SGCE	1.17037000361717
CACNA1I	0.720285108111023
CACNA1H	0.98246487716107
TRIM4	1.17037000361717
CACNA1G	1.00518177247207
TIMELESS	1.01423100355274
BCL10	0.982951932690122
HERC3	0.982841762389136
CCNC	0.94270636541698
HERC1	1.13133433617156
SNURF	1.15942294495005
BSN	0.730118323494498
FOXH1	1.02360093995737
PHOX2B	0.982841762389136
MBD4	1.19833272410156
MBD2	0.729564863856545
RTL8C	0.971983922050255
RAB29	0.991375931347093
SKAP2	1.17037000361717
WASF1	0.94270636541698
BAIAP3	0.98246487716107
FUBP3	0.963087641236575
CCND2	1.02278665752541
TOP3B	0.730447216884634
CDK5R2	0.970894155693591
KYNU	1.00240700458938
AP3D1	0.672745602694723
SNORD73A	0.983733746955767
BTRC	0.97891388353545
CCND3	1.04825237769963
HIST1H3F	1.12568358502349
HIST1H2AG	1.12568358502349
HIST1H2BJ	1.12568358502349
H1FX	1.19833272410156
MGAM	1.17978731315435
CHRNA6	0.416558022388397
P4HA2	0.981327424359639
USP13	1.03734056701319
LINC01621	0.94270636541698
WASL	1.17978731315435
RSPH1	0.717899370570668
UMODL1	0.717899370570668
SERPINB12	0.729564863856545
SERPINB11	0.729564863856545
WNT3A	1.02169470476617
HPS4	0.730447216884634
LMLN	1.03734056701319
SIGLEC10	1.24196546098975
GAL3ST3	1.07884952858265
NAV3	1.01423100355274
NAV1	0.991375931347093
NAV2	1.07884952858265
CCNE1	1.13164416291439
PPP1R3F	1.0526427280961
KCNK17	1.04825237769963
CHRFAM7A	1.15942294495005
ULK4P3	1.15942294495005
ARHGAP11B	1.15942294495005
ABCC10	1.04825237769963
FGD3	0.975901197514351
FCHSD1	0.981327424359639
ATG16L2	1.07884952858265
PLOD3	1.17978731315435
MVB12B	0.963087641236575
KLHL6	1.03734056701319
SIGLEC12	1.24196546098975
RPS6KA4	1.07884952858265
SEC16B	0.991375931347093
PLCZ1	1.02278665752541
STBD1	0.982841762389136
TRIM15	1.12568358502349
AQP10	0.982951932690122
SLC25A21	0.764334413991476
MAATS1	1.19833272410156
HSPB3	0.981327424359639
TPD52L3	0.952713287730748
OR6W1P	1.17978731315435
LHX4	0.991375931347093
FATE1	1.12011520828342
SLAMF9	0.982951932690122
ZNF628	1.25334885646717
TRPA1	1.01569444866679
KBTBD6	1.16077440404817
WDR34	0.963087641236575
TMEM116	1.01423100355274
CCNF	0.98246487716107
SELENBP1	0.982951932690122
UBE3B	1.01423100355274
ATP6V0E1	0.981327424359639
BMERB1	0.98246487716107
PGLYRP1	1.24196546098975
PAPLN	0.764334413991476
LIMD1	0.730118323494498
RHOT2	0.98280619354904
GLB1L2	1.0798977924045
TNFSF18	0.991375931347093
KLC4	1.04825237769963
SAPCD2	0.963087641236575
NOL3	0.971089603767894
KALRN	1.19833272410156
RSPRY1	0.98246487716107
DPH6	1.15942294495005
CDKL2	0.982841762389136
NAT1	0.433694208344174
ACVR1	1.00240700458938
CCNG1	0.981327424359639
MIDN	0.672745602694723
HAP1	1.00518177247207
KIR3DX1	1.25334885646717
SYT8	1.07884952858265
F2RL3	0.71650131047893
FLJ20021	0.982841762389136
UBE3D	0.94270636541698
FAM181A	0.764334413991476
CCDC120	1.0526427280961
LACRT	1.01423100355274
ZNF30	1.24196546098975
CCNG2	0.982841762389136
PHLDB2	1.19833272410156
VWA5B2	1.03734056701319
TMEM250	0.963087641236575
TSR2	0.971983922050255
TAF1C	0.971089603767894
KCNH7	1.00240700458938
BTBD6	0.709473775987212
TSPAN18	1.07884952858265
TAF1B	1.01202671490066
EFCAB11	0.764334413991476
TAF1A	0.991375931347093
SLC25A14	0.971983922050255
HS6ST2	0.971983922050255
FRMD7	0.971983922050255
EMILIN3	1.3428247635557
MPZL1	0.991375931347093
SYS1	1.3428247635557
WFDC8	1.3428247635557
CCNH	0.981327424359639
MAP3K14	1.00518177247207
SNX21	1.3428247635557
ZSWIM1	1.3428247635557
SOCS3	0.986809853654872
CLIC3	0.963087641236575
UCN2	0.730118323494498
CH25H	0.97891388353545
KIAA2013	0.969343795308908
ZNF551	1.25334885646717
BRSK2	1.07884952858265
LOC90246	1.19833272410156
UNC5A	0.981327424359639
RNF8	1.04825237769963
HIP1R	1.01423100355274
OTULIN	1.19567882225115
NAT8	1.00240700458938
OLMALINC	0.97891388353545
CEACAM21	1.24196546098975
RHBDL1	0.98280619354904
EFCAB12	1.19833272410156
KLHL13	0.971983922050255
BAZ1B	1.17037000361717
TP53I13	1.01129990957445
TGIF2LX	0.971983922050255
ZNF616	1.25334885646717
TM4SF5	0.7295394616866
ZNF766	1.25334885646717
CCDC97	1.24196546098975
THAP3	0.969343795308908
PKD2L1	0.97891388353545
EXOC3L2	1.24196546098975
ZNF468	1.25334885646717
ZNF160	1.25334885646717
CCRL2	0.730118323494498
FER1L5	1.00240700458938
CTU1	1.24196546098975
C5orf30	0.981327424359639
FAM110B	1.01569444866679
SEMA5A	1.19567882225115
SAMD1	0.71650131047893
DCAF15	0.71650131047893
TAAR5	0.94270636541698
TICRR	1.13133433617156
UBA3	0.723578923483452
MED30	2.05039341266889
CCNT1	1.01423100355274
UBE2M	1.25334885646717
TMEM41A	1.03734056701319
IFT20	1.01129990957445
MCFD2	1.00240700458938
CCDC32	1.15942294495005
KNSTRN	1.15942294495005
ATP6V1E2	1.00240700458938
BMF	1.15942294495005
SPAG9	1.00518177247207
BTAF1	0.97891388353545
ZNF622	1.19567882225115
RPL14	0.720410490708883
ERI1	0.433694208344174
DOK2	0.433694208344174
SH2D2A	0.982951932690122
ARTN	0.982951932690122
GADD45GIP1	0.71650131047893
ZNF835	1.25334885646717
TMEM263	1.01423100355274
AIP	1.07884952858265
FAM95A	1.00240700458938
CCNT2	1.00240700458938
PSTPIP2	0.729564863856545
LRRC46	1.00518177247207
SCRN2	1.00518177247207
PSTPIP1	1.13133433617156
GPRC5A	1.02278665752541
YIF1B	1.24196546098975
MLIP	1.04825237769963
SHF	1.15942294495005
DUOXA1	1.15942294495005
STPG1	0.982951932690122
MAP7	0.94270636541698
NFS1	1.3428247635557
PRC1	1.13133433617156
MCU	0.979753098033958
CCDC74A	1.00240700458938
SLC7A7	0.764334413991476
SLC7A6	0.971089603767894
ZNF799	0.748368687962694
SLC13A2	1.01129990957445
TIMM29	0.704151138682422
AOC4P	1.00518177247207
ZNF625	0.748368687962694
ZNF700	0.748368687962694
ZNF439	0.748368687962694
PAPSS2	0.97891388353545
PAPSS1	0.982841762389136
LYRM7	0.981327424359639
ERVH48-1	0.717899370570668
STARD13	1.33645054467716
PIAS2	0.729564863856545
LINC00473	0.862327116139212
N4BP2L1	1.33645054467716
ZFAND2A	1.10834731360131
COX19	1.10834731360131
MAP3K6	0.982951932690122
ZNF486	0.71650131047893
SYT7	1.07884952858265
CARMIL3	0.764334413991476
PPP1R3E	0.764334413991476
LRSAM1	0.963087641236575
ANGPTL1	0.991375931347093
CLDN12	1.17037000361717
CCDC126	1.17037000361717
ASH2L	0.416558022388397
SEC11C	0.729564863856545
CLDN10	1.16077440404817
CLDN8	0.71893801338487
FAM104B	0.971983922050255
PAGE5	0.971983922050255
CLDN6	0.98246487716107
CLDN2	0.971983922050255
CLDN1	1.03734056701319
TENM3-AS1	0.716789838124403
DIRAS3	0.982951932690122
PYGO2	0.982951932690122
LDB2	0.982841762389136
CEP95	1.00518177247207
CCT6A	1.17037000361717
CLDN9	0.98246487716107
ANGEL2	0.991375931347093
PIP4P1	0.764334413991476
PRMT9	0.708330872516
ZNF479	1.17037000361717
CCDC189	0.98246487716107
TCEAL8	0.971983922050255
ZNF598	0.98246487716107
SPOCD1	0.982951932690122
JPT2	0.98246487716107
SPSB3	0.98246487716107
IL33	0.952713287730748
DMAC1	0.952713287730748
ZNF697	0.982951932690122
PKMYT1	0.98246487716107
CD1A	0.982951932690122
PIGQ	0.98280619354904
SART1	1.07884952858265
DNAJA3	0.98246487716107
TRIM41	0.981327424359639
UNC119	1.01129990957445
TBX19	0.991375931347093
ESAM	1.0798977924045
ADCK2	1.17978731315435
DHX57	1.00240700458938
TBX18	0.94270636541698
USP14	1.15931082987001
USP6	0.749723017917101
ZNF251	1.02360093995737
USP2	1.0798977924045
KIFC2	1.02360093995737
CREB3L1	1.07884952858265
ACVR1B	1.01423100355274
CD1B	0.982951932690122
USP10	0.971089603767894
USP8	1.15942294495005
FMNL3	1.01423100355274
CERS5	1.01423100355274
FCGR2C	0.000347344216777234
DPP9	0.704151138682422
RGN	1.0526427280961
CCDC149	0.982841762389136
AP5B1	1.07884952858265
CCDC34	1.07884952858265
MTMR6	1.33645054467716
ANKRD30A	0.979753098033958
MTMR7	0.433694208344174
CD1C	0.982951932690122
MTMR4	1.00518177247207
TRIM47	0.986809853654872
NMI	1.00240700458938
MTA1	0.709473775987212
ZNF682	0.71650131047893
LATS1	0.749110827107011
L3MBTL4	1.15931082987001
SLC25A46	0.981327424359639
ATP6V0D1	0.971089603767894
TMEM67	1.01569444866679
RAPGEF4-AS1	0.970894155693591
TIGD7	0.98246487716107
IGFN1	0.991375931347093
SEC22C	0.720410490708883
SCARF2	1.65854047521834
INA	0.97891388353545
NUP210L	0.982951932690122
KRT75	1.01423100355274
CD1D	0.982951932690122
SLC16A6	0.986809853654872
SLC16A5	0.986809853654872
SLC16A4	0.982951932690122
GGTLC2	0.730447216884634
SLC16A3	0.986809853654872
PDLIM1	0.97891388353545
CNOT9	0.970894155693591
SLC39A13	1.07884952858265
SMC3	0.97891388353545
P2RX6	0.730447216884634
BOD1	0.981327424359639
PRPF4	0.963087641236575
MSANTD3	0.963087641236575
LMF2	0.73920158822585
PRPF3	0.982951932690122
C12orf29	1.01423100355274
CD1E	0.982951932690122
FAM50A	1.15404773795701
R3HDM4	0.672745602694723
TMEM259	0.672745602694723
AIFM1	0.971983922050255
GUSBP11	0.730447216884634
DERL3	0.730447216884634
KCNQ4	0.982951932690122
CCNB2	1.13133433617156
CCNE2	1.01569444866679
RABEP1	0.749723017917101
DDX60L	0.716789838124403
IGLL3P	0.730447216884634
LRP5L	0.730447216884634
RRP9	0.730118323494498
CDKN2AIPNL	0.981327424359639
ANKRD40	1.00518177247207
LOC91370	0.720285108111023
UAP1L1	0.963087641236575
ARHGEF1	1.24196546098975
SNORD107	1.15942294495005
CBFA2T2	1.3428247635557
ZNF502	0.730118323494498
CD2	0.982951932690122
ATG12	0.981327424359639
SESTD1	0.970894155693591
BTF3L4	0.982951932690122
CCDC74B	1.00240700458938
PDCD5	1.13164416291439
ATP23	1.01423100355274
SYNGR3	0.98246487716107
RCCD1	1.13133433617156
SYNGR2	0.986809853654872
FAAP24	1.13164416291439
RNF185	0.720285108111023
SYNGR1	0.720285108111023
LOC91450	1.13133433617156
ACBD5	0.979753098033958
HGS	0.986809853654872
PKDCC	1.00240700458938
ISX	0.720285108111023
NEMF	0.764334413991476
NEURL1	0.97891388353545
DYRK1B	1.24196546098975
CD3D	1.0798977924045
CTDP1	0.729564863856545
SLC6A5	1.07884952858265
COL23A1	0.981327424359639
PCED1B	1.01423100355274
ANKRD44	0.970894155693591
SLC28A2	1.15942294495005
SLC28A1	1.13133433617156
RSAD2	1.01202671490066
UBXN11	0.982951932690122
LOC91548	0.991375931347093
EXO1	1.02169470476617
C12orf65	1.01423100355274
FIBP	1.07884952858265
RPS19BP1	0.720285108111023
PLXNA4	1.17978731315435
PCSK7	1.0798977924045
CD3E	1.0798977924045
ZNF830	1.48826986994562
SLFN11	1.48826986994562
RASL10B	1.48826986994562
CHURC1	0.764334413991476
DEPDC7	1.07884952858265
DGKI	1.17978731315435
NEXN	0.982951932690122
TDRD12	1.13164416291439
ATPAF2	0.749723017917101
BOC	1.19833272410156
EBAG9	1.0381909863396
ZNF765	1.25334885646717
NLRP12	1.25334885646717
MYADM	1.25334885646717
ZNF845	1.25334885646717
COX7A2L	1.00240700458938
TMSB10	1.00240700458938
SYT12	1.07884952858265
CENPL	0.991375931347093
SMDT1	0.720285108111023
SCAF11	1.01423100355274
LONRF1	0.433694208344174
RRP7BP	0.720285108111023
CD3G	1.0798977924045
LPAR2	0.71650131047893
ACY3	1.07884952858265
MYOM2	0.416284738599625
IL1RL1	1.00240700458938
IDI2	0.979753098033958
YTHDC1	0.982841762389136
ELMSAN1	0.764334413991476
MFSD4B	0.94270636541698
MAP3K13	1.03734056701319
LIN52	0.764334413991476
ZNF804A	0.970894155693591
NEK9	0.764334413991476
CABLES1	0.729564863856545
HTR3B	1.0798977924045
NXPE3	1.19833272410156
CHMP7	0.433694208344174
AP4M1	1.17037000361717
OSMR	1.19567882225115
ALKBH8	1.0798977924045
MYLK3	0.98246487716107
ARHGEF2	0.982951932690122
RASSF9	1.01423100355274
EXOC3L4	0.771082865073358
ZW10	1.0798977924045
WDR20	0.771082865073358
BUB3	0.96610428515749
REPS2	0.961550425812295
CHRDL1	0.971983922050255
CALML4	1.13133433617156
MARVELD3	0.971089603767894
RFT1	0.730118323494498
SLC24A1	1.13133433617156
TTC5	0.764334413991476
DDX21	0.979753098033958
ZBED1	0.681263242067964
FDXACB1	1.0798977924045
C11orf52	1.0798977924045
CD247	0.991375931347093
DEDD	0.982951932690122
TIMD4	0.981327424359639
SLC16A7	1.01423100355274
NDUFAF2	0.981327424359639
ARRDC4	1.13133433617156
LINC00923	1.13133433617156
COG7	0.98246487716107
KCNAB3	0.749723017917101
CXorf40A	1.07534151737943
SLC33A1	1.06598575216065
ZNF300	0.981327424359639
MYOZ3	0.981327424359639
TPGS1	0.681558751293874
ACVR2A	1.00240700458938
CD4	1.02278665752541
HACD1	0.979753098033958
CCNQ	1.21583421531377
DCLK1	1.33645054467716
SLC25A51	0.709018617651733
SNX29	0.98246487716107
ZMYM4	0.982951932690122
ZMYM3	0.971983922050255
ZMYM6	0.982951932690122
ZMYM5	1.33645054467716
CTBP1-DT	0.982841762389136
LRRFIP1	0.970894155693591
GGTLC1	1.01794118838271
LRRFIP2	0.720410490708883
ZC3HAV1L	1.17978731315435
CD5	1.07884952858265
BMP15	0.971983922050255
TTC30A	0.970894155693591
INTS4	1.0798977924045
OXNAD1	0.720410490708883
LGI1	0.97891388353545
AURKB	0.749723017917101
DSEL	0.729564863856545
RIPPLY1	0.971983922050255
XPR1	0.991375931347093
FCMR	0.991375931347093
MTDH	1.01569444866679
LARGE1	0.720285108111023
MTSS2	0.971089603767894
TMEM88	0.749723017917101
VAPB	1.3428247635557
MTG1	0.96610428515749
VAPA	1.15931082987001
UBTD2	0.981327424359639
MTA2	1.07884952858265
DAPL1	1.00240700458938
CD5L	0.982951932690122
TIAF1	1.01129990957445
NOLC1	0.97891388353545
CDHR1	0.97891388353545
MAGI1	0.723578923483452
DUSP27	0.991375931347093
RCSD1	0.991375931347093
LINC01278	0.971983922050255
LMBRD2	1.19567882225115
MRPS36	0.981327424359639
LRAT	0.983733746955767
ATP6AP1L	0.981327424359639
DLGAP2	0.416284738599625
ZNF461	1.24196546098975
ZNF585B	1.24196546098975
DLGAP1	1.15931082987001
CAPN13	1.01202671490066
GLYATL1	1.07884952858265
TMEM132C	1.01423100355274
CD6	1.07884952858265
RAB11B	0.704151138682422
SCGB3A1	0.981327424359639
TMEM129	0.982841762389136
DLG5	0.97891388353545
MEX3A	0.982951932690122
PTTG1	0.981327424359639
STRADA	1.00518177247207
PRR29	1.00518177247207
METTL18	0.991375931347093
GORAB	0.991375931347093
NAF1	0.716789838124403
C1orf105	0.991375931347093
IL32	0.98246487716107
CRB3	0.704151138682422
CCPG1	1.13133433617156
SPSB4	0.986056538996622
PXYLP1	0.986056538996622
TBRG4	1.17037000361717
MRRF	0.963087641236575
CD7	0.986809853654872
PNMA1	0.764334413991476
RBM18	0.963087641236575
NOG	1.00518177247207
MSC	1.01569444866679
CHMP4C	1.01569444866679
CRLF1	0.71650131047893
GCNT3	1.13133433617156
UBE2L6	1.07884952858265
GCM2	1.12568358502349
GPR50	1.12011520828342
BBIP1	0.97891388353545
LDHAL6B	1.13133433617156
DHRS3	0.969343795308908
CD8A	1.00240700458938
RPS6KA5	0.764334413991476
SPECC1	0.749723017917101
NUMBL	1.24196546098975
CACNA2D2	0.730118323494498
AIMP1	0.982841762389136
ATXN3L	0.681263242067964
BICDL1	1.01423100355274
TSPOAP1	1.00518177247207
FANK1	0.96610428515749
G6PC3	1.00518177247207
MFHAS1	0.433694208344174
ASB16	1.00518177247207
ZNF764	0.98246487716107
MOB1B	0.982841762389136
CD8B	1.00240700458938
PDLIM7	0.981327424359639
TIMM50	1.24196546098975
MAPKAPK2	0.991375931347093
TIFA	0.982841762389136
STK17B	0.970894155693591
STK17A	1.17037000361717
CYTH3	1.10834731360131
MAFG-DT	0.986809853654872
CYTH2	1.24196546098975
MGME1	1.01794118838271
CYTH1	0.986809853654872
DTD1	1.01794118838271
FAM114A1	0.982841762389136
TMEM169	0.970894155693591
CD8B2	1.00240700458938
ITGB1BP1	1.01202671490066
TMEM183A	0.991375931347093
PIWIL1	1.01423100355274
ARRDC1	0.963087641236575
DPH7	0.963087641236575
OTOP2	0.986809853654872
DNER	0.970894155693591
BCL7C	0.98246487716107
SLC38A5	1.0526427280961
BPIFB1	1.3428247635557
DRC1	1.01202671490066
BCL7B	1.17037000361717
COPB2	0.986056538996622
WDR46	1.04825237769963
ZBTB22	1.04825237769963
HELB	1.01423100355274
SHKBP1	1.24196546098975
CD9	1.02278665752541
CENPBD1	0.971089603767894
HIST3H2A	1.02169470476617
MED14	0.742060425418264
ZNF276	0.971089603767894
GPR37L1	0.991375931347093
NPIPA1	0.98246487716107
REEP6	0.672745602694723
IMP4	1.00240700458938
TAAR2	0.94270636541698
TAAR3P	0.94270636541698
ADGRG1	0.98246487716107
CD14	0.981327424359639
GPR55	0.970894155693591
HNRNPLL	1.00240700458938
UBE2Q2	1.13133433617156
CCDC102A	0.98246487716107
GPR52	0.991375931347093
MARS2	0.970894155693591
S1PR2	0.704151138682422
ADAMTSL1	0.952713287730748
SRSF11	0.982951932690122
ATP6V1F	1.17978731315435
PEX11G	0.704151138682422
SNORD29	1.07884952858265
LINC00950	0.952713287730748
MARCH9	1.01423100355274
SNORD31	1.07884952858265
SNORD30	1.07884952858265
ZBTB47	0.720410490708883
ACVR2B	0.720410490708883
CD19	0.98246487716107
SNORD28	1.07884952858265
SNORD27	1.07884952858265
B3GNT7	0.970894155693591
SNORD26	1.07884952858265
SNORD25	1.07884952858265
NT5C1B	1.01202671490066
PKHD1L1	1.0381909863396
SNORD22	1.07884952858265
COQ10A	1.01423100355274
SOCS6	0.729564863856545
CD83	1.12568358502349
TEX30	1.16077440404817
NEURL3	1.00240700458938
DMKN	1.24196546098975
MS4A1	1.07884952858265
ZNF235	1.24196546098975
NAPRT	1.02360093995737
KCNG4	0.971089603767894
TMEM44	1.03734056701319
ASIC3	1.24449465772
KCNB2	1.01569444866679
ORAI3	0.98246487716107
MMP20	1.0798977924045
ZNF561	0.704151138682422
KLF4	0.963087641236575
OLFM2	0.704151138682422
NREP	0.981327424359639
HTR7P1	1.02278665752541
PRDM6	0.981327424359639
PTER	0.979753098033958
COPS2	1.15942294495005
PIGM	0.982951932690122
IGSF8	0.982951932690122
TRIP13	1.19567882225115
C1orf158	0.969343795308908
MS4A3	1.07884952858265
TRIP12	0.970894155693591
TRIP11	0.764334413991476
PGAP3	1.00518177247207
TRIP10	0.704151138682422
CCDC114	1.24196546098975
HMGN3	0.94270636541698
TRIP4	1.13133433617156
ZNHIT3	1.48826986994562
LEMD1	0.991375931347093
GTF3C5	0.963087641236575
GTF3C4	0.963087641236575
CD22	1.24196546098975
GTF3C3	0.970894155693591
B4GALT6	0.729564863856545
CD163	1.02278665752541
HAUS8	0.71650131047893
TGM5	1.15942294495005
B4GALT5	1.3428247635557
MVB12A	0.71650131047893
SP140L	0.970894155693591
CNOT8	0.981327424359639
OPALIN	0.97891388353545
TCEAL1	0.971983922050255
MMGT1	0.971983922050255
GLP2R	0.749723017917101
MYL10	1.17978731315435
VAMP3	0.969343795308908
SNAP29	1.65854047521834
SYCE1	0.96610428515749
LOC93429	1.24196546098975
EFTUD2	1.00518177247207
MGAM2	1.17978731315435
ARMC6	0.71650131047893
TAOK2	0.98246487716107
LOC93463	0.970894155693591
ZNF670	1.02169470476617
NDST3	0.982841762389136
MAPK1IP1L	0.764334413991476
RPL23	1.48826986994562
TPTE2	1.33645054467716
CER1	0.952713287730748
SLC9A3R2	0.98246487716107
SDR42E1	0.971089603767894
TXNL1	0.729564863856545
SLIT2	0.982841762389136
UBE4A	1.0798977924045
LHX2	0.963087641236575
ZFAND4	0.979753098033958
EGFEM1P	1.2087165663813
SLC22A6	1.07884952858265
ITGBL1	1.16077440404817
TRMT10A	0.982841762389136
CACNA2D4	1.02278665752541
TBC1D31	2.05039341266889
PPIG	1.00240700458938
LONP1	0.704151138682422
FBXO44	0.969343795308908
CPNE6	0.764334413991476
MRFAP1	0.982841762389136
LOC93622	0.982841762389136
TADA2B	0.982841762389136
TBCK	0.982841762389136
RAB33A	0.971983922050255
RAB28	0.982841762389136
TJAP1	1.04825237769963
MYOCD	0.749723017917101
KL	1.33645054467716
ACP4	1.24196546098975
ST7-AS1	1.17978731315435
ST7-AS2	1.17978731315435
ST7-OT3	1.17978731315435
CGB5	1.24196546098975
RAB9BP1	0.981327424359639
CAPZA3	1.02278665752541
ARHGAP18	0.94270636541698
CADPS2	1.17978731315435
HPYR1	2.05039341266889
RAB9A	0.681263242067964
SLC9A3R1	0.986809853654872
NRXN3	0.764334413991476
ADIPOQ	1.03734056701319
KIF3B	1.3428247635557
ZFYVE9	0.982951932690122
PLAA	0.952713287730748
PPT2	1.04825237769963
TM9SF2	1.16077440404817
SLC22A8	1.07884952858265
COX5A	1.13133433617156
NRXN1	1.00240700458938
NRXN2	1.07884952858265
GRHPR	0.709018617651733
OTOF	1.01202671490066
COG1	0.986809853654872
TSIX	0.971983922050255
LIPG	0.729564863856545
SLC22A14	0.720410490708883
CD27	1.02278665752541
SLC22A13	0.720410490708883
CIAO1	1.00240700458938
TGFBRAP1	1.00240700458938
HS6ST1	1.00240700458938
GCNA	0.971983922050255
NMT2	0.979753098033958
ACTR8	0.730118323494498
ATP5IF1	0.982951932690122
CLEC6A	1.02278665752541
CPA5	1.17978731315435
CD101	0.982951932690122
FOXP2	1.17978731315435
STOML1	1.13133433617156
ACVRL1	1.01423100355274
CD28	0.970894155693591
RECQL5	0.986809853654872
PIGS	1.01129990957445
SERHL	0.720285108111023
RECQL4	1.02360093995737
TTYH2	0.986809853654872
GRAP2	0.720285108111023
MUC16	0.704151138682422
POM121L2	1.12568358502349
CGB7	1.24196546098975
SELENOF	0.982951932690122
LRRC4B	1.24196546098975
HTRA3	0.982841762389136
CAMK2N2	1.03734056701319
FTMT	0.981327424359639
ZNF101	0.71650131047893
LPXN	1.07884952858265
SYAP1	0.961550425812295
LENG9	1.25334885646717
ZRANB2	0.982951932690122
TMPRSS11D	0.982841762389136
SFXN1	0.981327424359639
HSPB9	1.00518177247207
PEX16	1.07884952858265
SFXN5	1.00240700458938
CD80	1.19833272410156
SNRNP40	0.982951932690122
ORMDL1	0.970894155693591
ORMDL3	1.00518177247207
PAXBP1	0.71893801338487
TMEM203	0.963087641236575
ARHGAP29	0.982951932690122
CGB8	1.24196546098975
MED21	1.24074736084
SYTL3	0.749110827107011
SYTL4	0.971983922050255
SYTL5	0.742060425418264
FAM189A2	0.975901197514351
ARHGAP12	0.979753098033958
RP1L1	0.433694208344174
TJP2	0.975901197514351
CDRT3	0.749723017917101
FADS2	1.07884952858265
CDRT7	0.749723017917101
CDRT8	0.749723017917101
CDRT15P1	0.749723017917101
DDX23	1.01423100355274
ABCC12	0.98246487716107
SNORD46	0.982951932690122
SNORD38A	0.982951932690122
SNORD38B	0.982951932690122
CRIPT	1.00240700458938
CD86	1.19833272410156
CYP7B1	1.01569444866679
HAND1	0.981327424359639
ZNF264	1.25334885646717
NTN1	0.749723017917101
OPN4	0.97891388353545
FOXQ1	1.12568358502349
GNG8	1.24196546098975
DNAJA1P5	0.982951932690122
H2AFV	1.17037000361717
KCNK6	1.24196546098975
EPSTI1	1.16077440404817
TP53INP1	1.01569444866679
CDYL	1.12568358502349
ECEL1	0.970894155693591
PPP1R14A	1.24196546098975
ABCG2	0.982841762389136
TNFRSF8	0.969343795308908
CHST2	0.986056538996622
NCR2	1.04825237769963
NCR1	1.25334885646717
MED23	0.94270636541698
TNFSF8	0.963087641236575
MED17	1.0798977924045
MED26	0.71650131047893
MED27	0.963087641236575
MED7	0.981327424359639
QKI	0.749110827107011
ITM2B	1.16077440404817
GSTO1	0.97891388353545
AIM2	0.982951932690122
MAP4K4	1.00240700458938
CD33	1.24196546098975
LY86	1.12568358502349
EIF2AK3	1.00240700458938
ITM2A	0.971983922050255
GGPS1	1.02169470476617
HOMER3	0.71650131047893
HOMER2	1.13133433617156
HOMER1	0.981327424359639
FHL5	0.94270636541698
ARHGEF6	0.971983922050255
SIGLEC6	1.24196546098975
RASAL2	0.991375931347093
PICK1	0.720285108111023
HAND2	0.716789838124403
AKAP7	0.94270636541698
IL27RA	0.71650131047893
SH3BP5	0.720410490708883
PCYT1B	0.742060425418264
CHST3	0.979753098033958
CD34	0.991375931347093
EIF4E2	0.970894155693591
AKAP6	0.764334413991476
THEMIS2	0.982951932690122
ATG5	0.94270636541698
ROCK2	1.01202671490066
NAPSA	1.24196546098975
MED20	1.04825237769963
CABP1	1.01423100355274
MAPK8IP1	1.07884952858265
CD36	1.17037000361717
ONECUT2	0.729564863856545
SLC25A27	1.04825237769963
STX8	0.749723017917101
CHST10	1.00240700458938
PIGL	0.749723017917101
PIGB	1.13133433617156
PGS1	0.986809853654872
SCARB1	1.01423100355274
PSMF1	1.04060686127253
KIF23	1.13133433617156
AKAP5	0.764334413991476
TBX4	1.00518177247207
SLC4A7	0.720410490708883
SLC4A8	1.01423100355274
MYOT	0.981327424359639
ACY1	0.730118323494498
SCARB2	0.982841762389136
MAGED1	0.971983922050255
RPH3AL	0.7295394616866
XAGE2	0.971983922050255
PAGE4	1.0526427280961
ADAMTS4	0.982951932690122
ADAMTS3	0.982841762389136
ADAMTS2	0.981327424359639
CD37	1.24196546098975
ADAMTS1	0.71893801338487
PMPCB	1.17978731315435
FXR2	0.749723017917101
GAL3ST1	0.720285108111023
STXBP5L	1.19833272410156
LITAF	0.98246487716107
SPTLC2	0.764334413991476
GDF15	0.71650131047893
TBPL1	0.94270636541698
CD38	0.982841762389136
NPEPPS	1.00518177247207
EEF1E1	1.12568358502349
SCAMP1	0.981327424359639
TECR	0.71650131047893
VPS4B	0.729564863856545
MPDU1	0.749723017917101
GOSR1	1.01129990957445
TMEM59	0.982951932690122
BAG5	0.771082865073358
ENTPD1	0.97891388353545
BAG4	0.416558022388397
BAG3	0.96610428515749
BAG2	0.94270636541698
POLR1C	1.04825237769963
ZNF254	0.71650131047893
GMFG	1.24196546098975
PTGES	0.963087641236575
TP53I11	1.07884952858265
EI24	1.0798977924045
ENTPD2	0.963087641236575
TP53I3	1.01202671490066
CIR1	0.970894155693591
NRG2	0.981327424359639
IGDCC3	1.13133433617156
RAB3D	0.748368687962694
APBA3	0.672745602694723
CXCL14	0.981327424359639
ENTPD6	1.01794118838271
ATP6V1G1	0.963087641236575
ATP5MF	1.17037000361717
SPAG7	0.749723017917101
MRPL33	1.01202671490066
SEC22B	0.982951932690122
H2AFY	0.981327424359639
ATP5MPL	0.771082865073358
CHD1L	0.982951932690122
VPS26A	0.979753098033958
ENTPD3	0.720410490708883
CCL4L2	1.48826986994562
MINPP1	0.97891388353545
H6PD	0.969343795308908
BCAR1	0.971089603767894
GTPBP1	0.720285108111023
GABBR2	0.970815788272126
CEP41	1.17978731315435
GTF2IRD1	1.17037000361717
ENTPD5	0.764334413991476
GOSR2	1.00518177247207
NR1D1	1.00518177247207
GDF3	1.02278665752541
CLOCK	0.982841762389136
SPAG6	0.979753098033958
BABAM2	1.01202671490066
CDC42BPB	0.771082865073358
CD40	1.3428247635557
SOX13	0.991375931347093
PREPL	1.00240700458938
APOBEC3B	0.720285108111023
ENTPD4	0.433694208344174
RBM39	1.3428247635557
KIF20B	0.97891388353545
CREB5	1.17037000361717
MAD2L1BP	1.04825237769963
PRDX6	0.991375931347093
WTAP	0.749110827107011
CD40LG	0.971983922050255
AKAP12	0.749110827107011
IER2	0.71650131047893
CYTIP	1.00240700458938
SMAD5-AS1	0.981327424359639
CD44	1.07884952858265
PITPNM1	1.07884952858265
PDIA4	1.24449465772
NFE2L3	1.17037000361717
RNF14	0.981327424359639
VPS9D1	0.971089603767894
CARTPT	0.981327424359639
RAB36	0.730447216884634
CD47	1.19833272410156
RIN1	1.07884952858265
NCOR1	0.749723017917101
NCOR2	1.01423100355274
GDA	0.975901197514351
RNF7	0.986056538996622
MTRF1	1.16077440404817
TRAF4	1.01129990957445
ABCG1	0.717899370570668
CD48	0.982951932690122
CELSR1	0.705191761652427
KLK4	1.24196546098975
TCL1B	0.764334413991476
AATK	0.986809853654872
GUCA1C	1.19833272410156
SNCAIP	0.981327424359639
RGS6	0.764334413991476
CLCA3P	0.982951932690122
CD53	0.982951932690122
GNA14	0.975901197514351
NUP155	1.19567882225115
SEC24C	0.97891388353545
TESMIN	1.07884952858265
CLCA2	0.982951932690122
ISG15	0.969343795308908
FEZ2	1.00240700458938
FEZ1	1.0798977924045
ARHGEF10	0.416284738599625
ZNF592	1.13133433617156
IKBKE	0.991375931347093
MORF4L2	0.971983922050255
SH3PXD2A	0.97891388353545
MICAL2	1.07884952858265
FNIP1	0.981327424359639
CTR9	1.07884952858265
PPM1F	0.730447216884634
GCC2	1.00240700458938
RALGPS1	0.963087641236575
CD58	0.982951932690122
MTFR1	1.01569444866679
PLCH2	0.969343795308908
TTC37	0.981327424359639
HS2ST1	0.982951932690122
TTLL4	0.970894155693591
SOCS5	1.00240700458938
MDC1	1.04825237769963
IQCB1	1.19833272410156
ZNF516	0.729564863856545
PDE4DIP	0.982951932690122
TBC1D27P	0.749723017917101
CD59	1.07884952858265
BMS1P20	0.730447216884634
CEP135	0.982841762389136
LPIN2	1.15931082987001
MARF1	0.98246487716107
DZIP3	1.19833272410156
SAFB2	0.704151138682422
ZNF432	1.25334885646717
EIF5B	1.00240700458938
CD63	1.01423100355274
IPO13	0.982951932690122
WSCD2	1.01423100355274
SDC3	0.982951932690122
SLC25A44	0.982951932690122
KIAA0040	0.991375931347093
TTI1	1.3428247635557
TGS1	1.01569444866679
PPIP5K1	1.15942294495005
PHF14	0.932380436661844
FAM53B	0.96610428515749
CD68	0.749723017917101
DEPDC5	0.720285108111023
KDM4A	0.982951932690122
N4BP1	0.98246487716107
LRRC14	1.02360093995737
CLINT1	0.981327424359639
VGLL4	0.720410490708883
GREB1	1.01202671490066
NUP93	0.98246487716107
BZW1	0.970894155693591
CD69	1.02278665752541
UBE3C	1.08695203854043
PRORP	0.764334413991476
RAPGEF2	0.716789838124403
EMC2	1.0381909863396
EDEM1	0.720410490708883
CROCC	0.982951932690122
TRAM2	1.04825237769963
PUM1	0.982951932690122
RIMS2	1.01569444866679
ACYP1	0.764334413991476
CD70	0.704151138682422
ESPL1	1.01423100355274
PPP6R2	0.705191761652427
CEP57	1.0798977924045
KIAA0100	1.01129990957445
DHX34	1.24196546098975
ST18	1.01569444866679
ULK2	0.749723017917101
PCDHGA8	0.981327424359639
HERPUD1	0.98246487716107
CD72	0.952713287730748
KIAA0355	1.13164416291439
RUBCN	1.03734056701319
USP6NL	0.979753098033958
FAM131B	1.17978731315435
AQR	1.15942294495005
SEC14L5	0.98246487716107
ECE2	1.03734056701319
ADAMTSL2	0.963087641236575
CD74	0.981327424359639
CCDC144A	0.749723017917101
GPRIN2	0.979753098033958
NOS1AP	0.991375931347093
SEMA3E	1.17037000361717
UTP14C	1.16077440404817
TMEM63A	0.991375931347093
ZNF646	0.98246487716107
RAB11FIP3	0.98280619354904
SECISBP2L	1.15942294495005
KIAA0408	0.94270636541698
CD79A	1.24196546098975
DCAF1	0.730118323494498
CEP104	0.969343795308908
DOCK4	1.17978731315435
SART3	1.01423100355274
HDAC9	0.932380436661844
KNTC1	1.01423100355274
USP34	1.00240700458938
GPRASP1	0.971983922050255
CCP110	0.98246487716107
SETD1A	0.98246487716107
CD79B	1.00518177247207
LAPTM4A	1.01202671490066
IFT140	0.98246487716107
ARHGAP32	1.0798977924045
ACAP1	0.749723017917101
ZNF536	1.13164416291439
CLSTN3	1.02278665752541
TCAF1	1.17978731315435
SLK	0.97891388353545
PHACTR2	0.94270636541698
CD81	1.07884952858265
RIPOR2	1.12568358502349
SNPH	1.04060686127253
PCDHA9	0.981327424359639
ZSCAN12	1.12568358502349
STARD8	0.971983922050255
TBKBP1	1.00518177247207
KMT2B	1.24196546098975
FRMPD4	0.681263242067964
HDAC4	0.966350804585467
ADGRE5	0.71650131047893
TOX	1.01569444866679
MLEC	1.01423100355274
LZTS3	1.01794118838271
KIAA0513	0.971089603767894
ZFYVE16	0.981327424359639
SUSD6	0.764334413991476
JADE3	1.0526427280961
PCLAF	1.13133433617156
CD151	1.07884952858265
RASSF2	1.01794118838271
RAPGEF5	1.17037000361717
TMEM94	0.986809853654872
BCLAF1	0.94270636541698
EIF4A3	0.986809853654872
ATG13	1.07884952858265
TM9SF4	1.3428247635557
KIAA0232	0.982841762389136
TBC1D5	0.720410490708883
CDA	0.982951932690122
PIEZO1	0.971089603767894
RNF144A	1.01202671490066
MATR3	0.981327424359639
RIMS3	0.982951932690122
SNX17	1.01202671490066
DHX38	0.971089603767894
KIAA0586	0.764334413991476
DLGAP5	0.764334413991476
MTSS1	2.05039341266889
SPCS2	1.0798977924045
BMS1	0.979753098033958
PTDSS1	1.01569444866679
SERTAD2	1.00240700458938
CKAP5	1.07884952858265
MAML1	0.981327424359639
PHYHIP	0.433694208344174
TATDN2	0.720410490708883
IST1	0.971089603767894
ACYP2	1.00240700458938
MRPL19	1.00240700458938
DAZAP2	1.01423100355274
TOMM20	1.02169470476617
SCRN1	1.17037000361717
SPOCK2	0.979753098033958
IP6K1	0.730118323494498
KIAA0087	1.17037000361717
RNF40	0.98246487716107
CTIF	0.729564863856545
DELE1	0.981327424359639
EFCAB14	0.982951932690122
SFI1	0.720285108111023
GIT2	1.01423100355274
URB2	1.02169470476617
KEAP1	0.704151138682422
NUP58	1.33645054467716
TSC22D2	1.21511111792987
CUL7	1.04825237769963
RB1CC1	1.01569444866679
ARMCX2	0.971983922050255
ARHGAP11A	1.15942294495005
SPATA2	1.3428247635557
ARHGEF11	0.982951932690122
RGP1	0.952713287730748
ARHGEF17	1.07884952858265
DNAJC6	0.982951932690122
CDK1	0.979753098033958
TRIM14	0.970815788272126
ZNF623	1.02360093995737
JAKMIP2	0.981327424359639
MELK	0.709018617651733
FAM30A	1.00423569973179
LCMT2	1.15942294495005
GINS1	1.3428247635557
ZEB2	1.00240700458938
CDK11B	0.969343795308908
TESPA1	1.01423100355274
ZBTB24	0.94270636541698
PLEKHM1	1.00518177247207
HEPH	0.971983922050255
ELMO1	1.17037000361717
GAB2	1.0798977924045
C2CD5	1.24074736084
MFAP3L	0.716789838124403
ZNF518A	0.97891388353545
KIAA0753	0.749723017917101
EPM2AIP1	0.720410490708883
RUSC2	0.952713287730748
C2CD2L	1.0798977924045
FARP2	0.966350804585467
KIAA0319	1.12568358502349
CEP350	0.991375931347093
PPP1R26	0.963087641236575
CEP170	1.02169470476617
LRIG2	0.982951932690122
PSMD6	0.723578923483452
MED24	1.00518177247207
MAGI2	1.17037000361717
TRIL	1.17037000361717
TRIM66	1.07884952858265
PJA2	0.981327424359639
TOMM70	1.19833272410156
SETDB1	0.982951932690122
LRBA	0.983733746955767
AREL1	0.764334413991476
SEC24D	0.982841762389136
FCHSD2	1.07884952858265
TLK1	0.970894155693591
URB1	0.71893801338487
ZC3H11A	0.991375931347093
TOX4	0.764334413991476
DDX46	0.981327424359639
CDC5L	1.04825237769963
ZBTB39	1.01423100355274
TRANK1	0.720410490708883
TBC1D4	1.16077440404817
POM121	1.17037000361717
LRRC37A	1.00518177247207
OSBPL2	1.3428247635557
RHOBTB1	0.979753098033958
SMG7	0.991375931347093
ZBED4	0.705191761652427
SEPTIN7	1.17037000361717
PLPPR4	0.982951932690122
NUAK1	1.01423100355274
SNAP91	0.94270636541698
TELO2	0.98246487716107
TECPR2	0.771082865073358
FIG4	0.94270636541698
WASHC5	2.05039341266889
UBAP2L	0.982951932690122
SV2B	1.13133433617156
CDC6	1.00518177247207
SV2A	0.982951932690122
SRGAP3	0.720410490708883
MRC2	1.00518177247207
KLHL21	0.969343795308908
RBM19	1.01423100355274
SGSM2	0.7295394616866
SLC35E2A	0.969343795308908
AP5Z1	1.10834731360131
G3BP2	0.982841762389136
DENND4B	0.982951932690122
CDC20	0.982951932690122
RABGAP1L	0.991375931347093
TMCC2	0.991375931347093
ARHGAP44	0.749723017917101
SUPT7L	1.01202671490066
ATP2C2	0.971089603767894
ARNT2	1.13133433617156
FAM20B	0.991375931347093
NCAPD2	1.02278665752541
SEC16A	0.963087641236575
KBTBD11	0.416284738599625
RNF10	1.01423100355274
IQSEC1	0.720410490708883
ZBTB40	0.982951932690122
PAN2	1.01423100355274
ZBTB5	0.709018617651733
LPGAT1	0.991375931347093
MFN2	0.969343795308908
KIF14	0.991375931347093
JOSD1	0.720285108111023
CDC25A	0.730118323494498
HELZ	1.45235253680058
PUM3	0.952713287730748
P2RY14	1.21511111792987
MAFB	1.3428247635557
CD302	1.00240700458938
DCLRE1A	0.97891388353545
ARHGAP25	1.00240700458938
RBM8A	0.982951932690122
CDC25B	1.01794118838271
DLEC1	0.720410490708883
EXOG	0.720410490708883
XYLB	0.720410490708883
OXSR1	0.720410490708883
GFPT2	0.981327424359639
CRYZL1	0.71893801338487
MAGEC1	0.971983922050255
WDR1	0.982841762389136
AMMECR1	0.971983922050255
CDC25C	0.981327424359639
GOLGA5	0.764334413991476
HS3ST4	0.98246487716107
HS3ST3B1	0.749723017917101
HS3ST3A1	0.749723017917101
HS3ST2	0.98246487716107
HS3ST1	0.982841762389136
USP15	1.01423100355274
CDC27	1.00518177247207
USP3	1.13133433617156
MVP	0.98246487716107
SLC23A2	1.01794118838271
SLC23A1	0.981327424359639
FGF19	1.07884952858265
TNFSF15	0.963087641236575
THRAP3	0.982951932690122
MED12	0.971983922050255
MED13	1.00518177247207
CDC34	0.681558751293874
NR1I3	0.982951932690122
NR1H4	1.01423100355274
NUP153	1.12568358502349
CCS	1.07884952858265
NR1D2	0.720410490708883
CLEC2B	1.02278665752541
RBX1	0.720285108111023
CDC42	0.982951932690122
DOP1B	0.71893801338487
FGFBP1	0.982841762389136
THOC1	1.15931082987001
REC8	0.764334413991476
RCE1	1.07884952858265
HNRNPDL	0.982841762389136
DMTF1	1.17037000361717
PPP4R1	1.15931082987001
CDH1	0.971089603767894
SLC12A6	1.15942294495005
PTBP3	0.963087641236575
KCNE2	0.71893801338487
DGCR2	1.28336096843035
CASP8AP2	0.94270636541698
SCO2	0.73920158822585
