"analysis_protocol","method","seed","guide","estimate"
"simcrispr-interaction-v1","BARCS-original [library]",20250724,"ntgt2",0.184467090908468
"simcrispr-interaction-v1","BARCS-original [library]",20250724,"ntgt4",0.199634113218069
"simcrispr-interaction-v1","BARCS-original [library]",20250724,"ntgt10",0.096874986775171
"simcrispr-interaction-v1","BARCS-original [library]",20250724,"ntgt11",0.192703731295699
"simcrispr-interaction-v1","BARCS-original [library]",20250724,"ntgt13",0.112875634355778
"simcrispr-interaction-v1","BARCS-original [library]",20250724,"ntgt14",0.19942924416423
"simcrispr-interaction-v1","BARCS-original [library]",20250724,"ntgt16",0.141823645291671
"simcrispr-interaction-v1","BARCS-original [library]",20250724,"ntgt17",0.17532024260312
"simcrispr-interaction-v1","BARCS-original [library]",20250724,"ntgt18",0.114834380021009
"simcrispr-interaction-v1","BARCS-original [library]",20250724,"ntgt19",0.23525039830049
"simcrispr-interaction-v1","BARCS-original [library]",20250724,"ntgt20",0.187074201632837
"simcrispr-interaction-v1","BARCS-original [library]",20250724,"ntgt21",0.122276555238327
"simcrispr-interaction-v1","BARCS-original [library]",20250724,"ntgt24",0.104739887976743
"simcrispr-interaction-v1","BARCS-original [library]",20250724,"ntgt29",0.161894247608409
"simcrispr-interaction-v1","BARCS-original [library]",20250724,"ntgt30",0.282356974039963
"simcrispr-interaction-v1","BARCS-original [library]",20250724,"ntgt31",0.275556448590751
"simcrispr-interaction-v1","BARCS-original [library]",20250724,"ntgt32",0.095004632662037
"simcrispr-interaction-v1","BARCS-original [library]",20250724,"ntgt34",0.241373063122968
"simcrispr-interaction-v1","BARCS-original [library]",20250724,"ntgt36",0.113990924641379
"simcrispr-interaction-v1","BARCS-original [library]",20250724,"ntgt37",0.21667843171462
"simcrispr-interaction-v1","BARCS-original [library]",20250724,"ntgt41",0.0468110064068046
"simcrispr-interaction-v1","BARCS-original [library]",20250724,"ntgt44",0.159965826690984
"simcrispr-interaction-v1","BARCS-original [library]",20250724,"ntgt50",0.194200288290273
"simcrispr-interaction-v1","BARCS-original [library]",20250724,"ntgt52",0.21595678592931
"simcrispr-interaction-v1","BARCS-original [library]",20250724,"ntgt59",0.166168638005276
"simcrispr-interaction-v1","BARCS-original [library]",20250724,"ntgt60",0.149273791261189
"simcrispr-interaction-v1","BARCS-original [library]",20250724,"ntgt61",0.194730932265498
"simcrispr-interaction-v1","BARCS-original [library]",20250724,"ntgt65",0.272656801213513
"simcrispr-interaction-v1","BARCS-original [library]",20250724,"ntgt66",0.0652963858229337
"simcrispr-interaction-v1","BARCS-original [library]",20250724,"ntgt69",0.171008070970217
"simcrispr-interaction-v1","BARCS-original [library]",20250724,"ntgt71",0.173897196492023
"simcrispr-interaction-v1","BARCS-original [library]",20250724,"ntgt72",0.301238367026314
"simcrispr-interaction-v1","BARCS-original [library]",20250724,"ntgt74",0.187320891684956
"simcrispr-interaction-v1","BARCS-original [library]",20250724,"ntgt75",0.125528740699679
"simcrispr-interaction-v1","BARCS-original [library]",20250724,"ntgt77",0.231374960917927
"simcrispr-interaction-v1","BARCS-original [library]",20250724,"ntgt80",0.038437072153974
"simcrispr-interaction-v1","BARCS-original [library]",20250724,"ntgt82",0.266947721594925
"simcrispr-interaction-v1","BARCS-original [library]",20250724,"ntgt83",0.226842805596907
"simcrispr-interaction-v1","BARCS-original [library]",20250724,"ntgt87",0.24936010077163
"simcrispr-interaction-v1","BARCS-original [library]",20250724,"ntgt89",0.239696841027938
"simcrispr-interaction-v1","BARCS-original [library]",20250724,"ntgt90",0.236627926008874
"simcrispr-interaction-v1","BARCS-original [library]",20250724,"ntgt94",0.134650497574232
"simcrispr-interaction-v1","BARCS-original [library]",20250724,"ntgt97",0.225445764147473
"simcrispr-interaction-v1","BARCS-original [library]",20250724,"ntgt104",0.260346142080037
"simcrispr-interaction-v1","BARCS-original [library]",20250724,"ntgt107",0.234952373728711
"simcrispr-interaction-v1","BARCS-original [library]",20250724,"ntgt110",0.200191658132
"simcrispr-interaction-v1","BARCS-original [library]",20250724,"ntgt111",0.110471685117368
"simcrispr-interaction-v1","BARCS-original [library]",20250724,"ntgt113",0.0438168780095701
"simcrispr-interaction-v1","BARCS-original [library]",20250724,"ntgt114",0.266385079583163
"simcrispr-interaction-v1","BARCS-original [library]",20250724,"ntgt115",0.223250052339546
"simcrispr-interaction-v1","BARCS-original [library]",20250724,"ntgt116",0.0966363823772005
"simcrispr-interaction-v1","BARCS-original [library]",20250724,"ntgt119",0.193282203535439
"simcrispr-interaction-v1","BARCS-original [library]",20250724,"ntgt120",0.124496814198951
"simcrispr-interaction-v1","BARCS-original [library]",20250724,"ntgt121",0.283016147947311
"simcrispr-interaction-v1","BARCS-original [library]",20250724,"ntgt122",0.0961881226766936
"simcrispr-interaction-v1","BARCS-original [library]",20250724,"ntgt125",0.144087930037569
"simcrispr-interaction-v1","BARCS-original [library]",20250724,"ntgt127",0.0576486093255224
"simcrispr-interaction-v1","BARCS-original [library]",20250724,"ntgt128",0.0944862495039338
"simcrispr-interaction-v1","BARCS-original [library]",20250724,"ntgt131",0.220167569966036
"simcrispr-interaction-v1","BARCS-original [library]",20250724,"ntgt138",0.110135469100726
"simcrispr-interaction-v1","BARCS-original [library]",20250724,"ntgt140",0.150073599573204
"simcrispr-interaction-v1","BARCS-original [library]",20250724,"ntgt141",0.225498106630014
"simcrispr-interaction-v1","BARCS-original [library]",20250724,"ntgt143",0.124995553193681
"simcrispr-interaction-v1","BARCS-original [library]",20250724,"ntgt144",0.309111588918523
"simcrispr-interaction-v1","BARCS-original [library]",20250724,"ntgt145",0.113875436753762
"simcrispr-interaction-v1","BARCS-original [library]",20250724,"ntgt146",0.127308577308355
"simcrispr-interaction-v1","BARCS-original [library]",20250724,"ntgt147",0.203265674589127
"simcrispr-interaction-v1","BARCS-original [library]",20250724,"ntgt148",0.193987294380073
"simcrispr-interaction-v1","BARCS-original [library]",20250724,"ntgt149",0.205600104687659
"simcrispr-interaction-v1","BARCS-original [library]",20250724,"ntgt150",0.169645136317466
"simcrispr-interaction-v1","BARCS-original [library]",20250724,"ntgt151",0.145144272693201
"simcrispr-interaction-v1","BARCS-original [library]",20250724,"ntgt152",0.192033246225746
"simcrispr-interaction-v1","BARCS-original [library]",20250724,"ntgt154",0.18724470000032
"simcrispr-interaction-v1","BARCS-original [library]",20250724,"ntgt155",0.137209419931537
"simcrispr-interaction-v1","BARCS-original [library]",20250724,"ntgt156",0.23037910126933
"simcrispr-interaction-v1","BARCS-original [library]",20250724,"ntgt157",0.193050332579956
"simcrispr-interaction-v1","BARCS-original [library]",20250724,"ntgt158",0.13420356367462
"simcrispr-interaction-v1","BARCS-original [library]",20250724,"ntgt160",0.254099590701173
"simcrispr-interaction-v1","BARCS-original [library]",20250724,"ntgt162",0.180201522955377
"simcrispr-interaction-v1","BARCS-original [library]",20250724,"ntgt163",0.235669140444363
"simcrispr-interaction-v1","BARCS-original [library]",20250724,"ntgt166",0.185597386578668
"simcrispr-interaction-v1","BARCS-original [library]",20250724,"ntgt167",0.23083145791876
"simcrispr-interaction-v1","BARCS-original [library]",20250724,"ntgt173",0.174112493020996
"simcrispr-interaction-v1","BARCS-original [library]",20250724,"ntgt175",0.126185612217651
"simcrispr-interaction-v1","BARCS-original [library]",20250724,"ntgt176",0.121463137674252
"simcrispr-interaction-v1","BARCS-original [library]",20250724,"ntgt181",0.16724957141165
"simcrispr-interaction-v1","BARCS-original [library]",20250724,"ntgt183",0.142856475862291
"simcrispr-interaction-v1","BARCS-original [library]",20250724,"ntgt185",0.299066695454753
"simcrispr-interaction-v1","BARCS-original [library]",20250724,"ntgt186",0.231210807378096
"simcrispr-interaction-v1","BARCS-original [library]",20250724,"ntgt187",0.124275545279586
"simcrispr-interaction-v1","BARCS-original [library]",20250724,"ntgt189",0.177639533787386
"simcrispr-interaction-v1","BARCS-original [library]",20250724,"ntgt190",0.116529902295702
"simcrispr-interaction-v1","BARCS-original [library]",20250724,"ntgt191",0.171172024610745
"simcrispr-interaction-v1","BARCS-original [library]",20250724,"ntgt192",0.113861735393972
"simcrispr-interaction-v1","BARCS-original [library]",20250724,"ntgt194",0.23906865061415
"simcrispr-interaction-v1","BARCS-original [library]",20250724,"ntgt195",0.139661343644066
"simcrispr-interaction-v1","BARCS-original [library]",20250724,"ntgt196",0.145512704876771
"simcrispr-interaction-v1","BARCS-original [library]",20250724,"ntgt199",0.267637862868248
"simcrispr-interaction-v1","BARCS-original [library]",20250724,"ntgt202",0.0915793148384642
"simcrispr-interaction-v1","BARCS-original [library]",20250724,"ntgt205",0.189574082844491
"simcrispr-interaction-v1","BARCS-original [library]",20250724,"ntgt208",0.20985496111575
"simcrispr-interaction-v1","BARCS-original [library]",20250724,"ntgt210",0.0849688007462209
"simcrispr-interaction-v1","BARCS-original [library]",20250724,"ntgt213",0.15587752383294
"simcrispr-interaction-v1","BARCS-original [library]",20250724,"ntgt214",0.155396544175518
"simcrispr-interaction-v1","BARCS-original [library]",20250724,"ntgt215",0.239639060306314
"simcrispr-interaction-v1","BARCS-original [library]",20250724,"ntgt221",0.201065116271146
"simcrispr-interaction-v1","BARCS-original [library]",20250724,"ntgt223",0.160103656582105
"simcrispr-interaction-v1","BARCS-original [library]",20250724,"ntgt225",0.110136786447051
"simcrispr-interaction-v1","BARCS-original [library]",20250724,"ntgt227",0.199561433954953
"simcrispr-interaction-v1","BARCS-original [library]",20250724,"ntgt228",0.180771131340889
"simcrispr-interaction-v1","BARCS-original [library]",20250724,"ntgt229",0.149768976076486
"simcrispr-interaction-v1","BARCS-original [library]",20250724,"ntgt230",0.238914417448501
"simcrispr-interaction-v1","BARCS-original [library]",20250724,"ntgt231",0.169858111574808
"simcrispr-interaction-v1","BARCS-original [library]",20250724,"ntgt232",0.0587884593936771
"simcrispr-interaction-v1","BARCS-original [library]",20250724,"ntgt234",0.150169277926033
"simcrispr-interaction-v1","BARCS-original [library]",20250724,"ntgt238",0.22885464438438
"simcrispr-interaction-v1","BARCS-original [library]",20250724,"ntgt241",0.0112639111382975
"simcrispr-interaction-v1","BARCS-original [library]",20250724,"ntgt242",0.261225156526947
"simcrispr-interaction-v1","BARCS-original [library]",20250724,"ntgt245",0.16928846201501
"simcrispr-interaction-v1","BARCS-original [library]",20250724,"ntgt246",0.158213501821748
"simcrispr-interaction-v1","BARCS-original [library]",20250724,"ntgt248",0.22763781935037
"simcrispr-interaction-v1","BARCS-original [library]",20250724,"ntgt250",0.294354026788021
"simcrispr-interaction-v1","BARCS-original [library]",20250724,"ntgt253",0.216537519061701
"simcrispr-interaction-v1","BARCS-original [library]",20250724,"ntgt255",0.171057815293089
"simcrispr-interaction-v1","BARCS-original [library]",20250724,"ntgt258",0.154241350230878
"simcrispr-interaction-v1","BARCS-original [library]",20250724,"ntgt259",0.223694381829184
"simcrispr-interaction-v1","BARCS-original [library]",20250724,"ntgt260",0.191493498704073
"simcrispr-interaction-v1","BARCS-original [library]",20250724,"ntgt264",0.22657351537377
"simcrispr-interaction-v1","BARCS-original [library]",20250724,"ntgt265",0.0676971622094127
"simcrispr-interaction-v1","BARCS-original [library]",20250724,"ntgt266",0.211539219120371
"simcrispr-interaction-v1","BARCS-original [library]",20250724,"ntgt269",0.282069197990358
"simcrispr-interaction-v1","BARCS-original [library]",20250724,"ntgt272",0.144439687406752
"simcrispr-interaction-v1","BARCS-original [library]",20250724,"ntgt273",0.112475559975273
"simcrispr-interaction-v1","BARCS-original [library]",20250724,"ntgt275",0.126652409295655
"simcrispr-interaction-v1","BARCS-original [library]",20250724,"ntgt276",0.162367241925502
"simcrispr-interaction-v1","BARCS-original [library]",20250724,"ntgt277",0.146728031750303
"simcrispr-interaction-v1","BARCS-original [library]",20250724,"ntgt278",0.0465512671813703
"simcrispr-interaction-v1","BARCS-original [library]",20250724,"ntgt279",0.158622233098011
"simcrispr-interaction-v1","BARCS-original [library]",20250724,"ntgt280",0.223895230626336
"simcrispr-interaction-v1","BARCS-original [library]",20250724,"ntgt281",0.271053088071994
"simcrispr-interaction-v1","BARCS-original [library]",20250724,"ntgt286",0.143852576250398
"simcrispr-interaction-v1","BARCS-original [library]",20250724,"ntgt287",0.127342006805198
"simcrispr-interaction-v1","BARCS-original [library]",20250724,"ntgt289",0.193397752042546
"simcrispr-interaction-v1","BARCS-original [library]",20250724,"ntgt290",0.25216143054923
"simcrispr-interaction-v1","BARCS-original [library]",20250724,"ntgt292",0.147991261896567
"simcrispr-interaction-v1","BARCS-original [library]",20250724,"ntgt293",0.136849832695054
"simcrispr-interaction-v1","BARCS-original [library]",20250724,"ntgt295",0.236587146586924
"simcrispr-interaction-v1","BARCS-original [library]",20250724,"ntgt297",0.172894498493163
"simcrispr-interaction-v1","BARCS-original [library]",20250724,"ntgt299",0.122661614509402
"simcrispr-interaction-v1","BARCS-original [library]",20250724,"ntgt300",0.301174700168853
"simcrispr-interaction-v1","BARCS-moderated [library]",20250724,"ntgt2",0.184467090908468
"simcrispr-interaction-v1","BARCS-moderated [library]",20250724,"ntgt4",0.199634113218069
"simcrispr-interaction-v1","BARCS-moderated [library]",20250724,"ntgt10",0.096874986775171
"simcrispr-interaction-v1","BARCS-moderated [library]",20250724,"ntgt11",0.192703731295699
"simcrispr-interaction-v1","BARCS-moderated [library]",20250724,"ntgt13",0.112875634355778
"simcrispr-interaction-v1","BARCS-moderated [library]",20250724,"ntgt14",0.19942924416423
"simcrispr-interaction-v1","BARCS-moderated [library]",20250724,"ntgt16",0.141823645291671
"simcrispr-interaction-v1","BARCS-moderated [library]",20250724,"ntgt17",0.17532024260312
"simcrispr-interaction-v1","BARCS-moderated [library]",20250724,"ntgt18",0.114834380021009
"simcrispr-interaction-v1","BARCS-moderated [library]",20250724,"ntgt19",0.23525039830049
"simcrispr-interaction-v1","BARCS-moderated [library]",20250724,"ntgt20",0.187074201632837
"simcrispr-interaction-v1","BARCS-moderated [library]",20250724,"ntgt21",0.122276555238327
"simcrispr-interaction-v1","BARCS-moderated [library]",20250724,"ntgt24",0.104739887976743
"simcrispr-interaction-v1","BARCS-moderated [library]",20250724,"ntgt29",0.161894247608409
"simcrispr-interaction-v1","BARCS-moderated [library]",20250724,"ntgt30",0.282356974039963
"simcrispr-interaction-v1","BARCS-moderated [library]",20250724,"ntgt31",0.275556448590751
"simcrispr-interaction-v1","BARCS-moderated [library]",20250724,"ntgt32",0.095004632662037
"simcrispr-interaction-v1","BARCS-moderated [library]",20250724,"ntgt34",0.241373063122968
"simcrispr-interaction-v1","BARCS-moderated [library]",20250724,"ntgt36",0.113990924641379
"simcrispr-interaction-v1","BARCS-moderated [library]",20250724,"ntgt37",0.21667843171462
"simcrispr-interaction-v1","BARCS-moderated [library]",20250724,"ntgt41",0.0468110064068046
"simcrispr-interaction-v1","BARCS-moderated [library]",20250724,"ntgt44",0.159965826690984
"simcrispr-interaction-v1","BARCS-moderated [library]",20250724,"ntgt50",0.194200288290273
"simcrispr-interaction-v1","BARCS-moderated [library]",20250724,"ntgt52",0.21595678592931
"simcrispr-interaction-v1","BARCS-moderated [library]",20250724,"ntgt59",0.166168638005276
"simcrispr-interaction-v1","BARCS-moderated [library]",20250724,"ntgt60",0.149273791261189
"simcrispr-interaction-v1","BARCS-moderated [library]",20250724,"ntgt61",0.194730932265498
"simcrispr-interaction-v1","BARCS-moderated [library]",20250724,"ntgt65",0.272656801213513
"simcrispr-interaction-v1","BARCS-moderated [library]",20250724,"ntgt66",0.0652963858229337
"simcrispr-interaction-v1","BARCS-moderated [library]",20250724,"ntgt69",0.171008070970217
"simcrispr-interaction-v1","BARCS-moderated [library]",20250724,"ntgt71",0.173897196492023
"simcrispr-interaction-v1","BARCS-moderated [library]",20250724,"ntgt72",0.301238367026314
"simcrispr-interaction-v1","BARCS-moderated [library]",20250724,"ntgt74",0.187320891684956
"simcrispr-interaction-v1","BARCS-moderated [library]",20250724,"ntgt75",0.125528740699679
"simcrispr-interaction-v1","BARCS-moderated [library]",20250724,"ntgt77",0.231374960917927
"simcrispr-interaction-v1","BARCS-moderated [library]",20250724,"ntgt80",0.038437072153974
"simcrispr-interaction-v1","BARCS-moderated [library]",20250724,"ntgt82",0.266947721594925
"simcrispr-interaction-v1","BARCS-moderated [library]",20250724,"ntgt83",0.226842805596907
"simcrispr-interaction-v1","BARCS-moderated [library]",20250724,"ntgt87",0.24936010077163
"simcrispr-interaction-v1","BARCS-moderated [library]",20250724,"ntgt89",0.239696841027938
"simcrispr-interaction-v1","BARCS-moderated [library]",20250724,"ntgt90",0.236627926008874
"simcrispr-interaction-v1","BARCS-moderated [library]",20250724,"ntgt94",0.134650497574232
"simcrispr-interaction-v1","BARCS-moderated [library]",20250724,"ntgt97",0.225445764147473
"simcrispr-interaction-v1","BARCS-moderated [library]",20250724,"ntgt104",0.260346142080037
"simcrispr-interaction-v1","BARCS-moderated [library]",20250724,"ntgt107",0.234952373728711
"simcrispr-interaction-v1","BARCS-moderated [library]",20250724,"ntgt110",0.200191658132
"simcrispr-interaction-v1","BARCS-moderated [library]",20250724,"ntgt111",0.110471685117368
"simcrispr-interaction-v1","BARCS-moderated [library]",20250724,"ntgt113",0.0438168780095701
"simcrispr-interaction-v1","BARCS-moderated [library]",20250724,"ntgt114",0.266385079583163
"simcrispr-interaction-v1","BARCS-moderated [library]",20250724,"ntgt115",0.223250052339546
"simcrispr-interaction-v1","BARCS-moderated [library]",20250724,"ntgt116",0.0966363823772005
"simcrispr-interaction-v1","BARCS-moderated [library]",20250724,"ntgt119",0.193282203535439
"simcrispr-interaction-v1","BARCS-moderated [library]",20250724,"ntgt120",0.124496814198951
"simcrispr-interaction-v1","BARCS-moderated [library]",20250724,"ntgt121",0.283016147947311
"simcrispr-interaction-v1","BARCS-moderated [library]",20250724,"ntgt122",0.0961881226766936
"simcrispr-interaction-v1","BARCS-moderated [library]",20250724,"ntgt125",0.144087930037569
"simcrispr-interaction-v1","BARCS-moderated [library]",20250724,"ntgt127",0.0576486093255224
"simcrispr-interaction-v1","BARCS-moderated [library]",20250724,"ntgt128",0.0944862495039338
"simcrispr-interaction-v1","BARCS-moderated [library]",20250724,"ntgt131",0.220167569966036
"simcrispr-interaction-v1","BARCS-moderated [library]",20250724,"ntgt138",0.110135469100726
"simcrispr-interaction-v1","BARCS-moderated [library]",20250724,"ntgt140",0.150073599573204
"simcrispr-interaction-v1","BARCS-moderated [library]",20250724,"ntgt141",0.225498106630014
"simcrispr-interaction-v1","BARCS-moderated [library]",20250724,"ntgt143",0.124995553193681
"simcrispr-interaction-v1","BARCS-moderated [library]",20250724,"ntgt144",0.309111588918523
"simcrispr-interaction-v1","BARCS-moderated [library]",20250724,"ntgt145",0.113875436753762
"simcrispr-interaction-v1","BARCS-moderated [library]",20250724,"ntgt146",0.127308577308355
"simcrispr-interaction-v1","BARCS-moderated [library]",20250724,"ntgt147",0.203265674589127
"simcrispr-interaction-v1","BARCS-moderated [library]",20250724,"ntgt148",0.193987294380073
"simcrispr-interaction-v1","BARCS-moderated [library]",20250724,"ntgt149",0.205600104687659
"simcrispr-interaction-v1","BARCS-moderated [library]",20250724,"ntgt150",0.169645136317466
"simcrispr-interaction-v1","BARCS-moderated [library]",20250724,"ntgt151",0.145144272693201
"simcrispr-interaction-v1","BARCS-moderated [library]",20250724,"ntgt152",0.192033246225746
"simcrispr-interaction-v1","BARCS-moderated [library]",20250724,"ntgt154",0.18724470000032
"simcrispr-interaction-v1","BARCS-moderated [library]",20250724,"ntgt155",0.137209419931537
"simcrispr-interaction-v1","BARCS-moderated [library]",20250724,"ntgt156",0.23037910126933
"simcrispr-interaction-v1","BARCS-moderated [library]",20250724,"ntgt157",0.193050332579956
"simcrispr-interaction-v1","BARCS-moderated [library]",20250724,"ntgt158",0.13420356367462
"simcrispr-interaction-v1","BARCS-moderated [library]",20250724,"ntgt160",0.254099590701173
"simcrispr-interaction-v1","BARCS-moderated [library]",20250724,"ntgt162",0.180201522955377
"simcrispr-interaction-v1","BARCS-moderated [library]",20250724,"ntgt163",0.235669140444363
"simcrispr-interaction-v1","BARCS-moderated [library]",20250724,"ntgt166",0.185597386578668
"simcrispr-interaction-v1","BARCS-moderated [library]",20250724,"ntgt167",0.23083145791876
"simcrispr-interaction-v1","BARCS-moderated [library]",20250724,"ntgt173",0.174112493020996
"simcrispr-interaction-v1","BARCS-moderated [library]",20250724,"ntgt175",0.126185612217651
"simcrispr-interaction-v1","BARCS-moderated [library]",20250724,"ntgt176",0.121463137674252
"simcrispr-interaction-v1","BARCS-moderated [library]",20250724,"ntgt181",0.16724957141165
"simcrispr-interaction-v1","BARCS-moderated [library]",20250724,"ntgt183",0.142856475862291
"simcrispr-interaction-v1","BARCS-moderated [library]",20250724,"ntgt185",0.299066695454753
"simcrispr-interaction-v1","BARCS-moderated [library]",20250724,"ntgt186",0.231210807378096
"simcrispr-interaction-v1","BARCS-moderated [library]",20250724,"ntgt187",0.124275545279586
"simcrispr-interaction-v1","BARCS-moderated [library]",20250724,"ntgt189",0.177639533787386
"simcrispr-interaction-v1","BARCS-moderated [library]",20250724,"ntgt190",0.116529902295702
"simcrispr-interaction-v1","BARCS-moderated [library]",20250724,"ntgt191",0.171172024610745
"simcrispr-interaction-v1","BARCS-moderated [library]",20250724,"ntgt192",0.113861735393972
"simcrispr-interaction-v1","BARCS-moderated [library]",20250724,"ntgt194",0.23906865061415
"simcrispr-interaction-v1","BARCS-moderated [library]",20250724,"ntgt195",0.139661343644066
"simcrispr-interaction-v1","BARCS-moderated [library]",20250724,"ntgt196",0.145512704876771
"simcrispr-interaction-v1","BARCS-moderated [library]",20250724,"ntgt199",0.267637862868248
"simcrispr-interaction-v1","BARCS-moderated [library]",20250724,"ntgt202",0.0915793148384642
"simcrispr-interaction-v1","BARCS-moderated [library]",20250724,"ntgt205",0.189574082844491
"simcrispr-interaction-v1","BARCS-moderated [library]",20250724,"ntgt208",0.20985496111575
"simcrispr-interaction-v1","BARCS-moderated [library]",20250724,"ntgt210",0.0849688007462209
"simcrispr-interaction-v1","BARCS-moderated [library]",20250724,"ntgt213",0.15587752383294
"simcrispr-interaction-v1","BARCS-moderated [library]",20250724,"ntgt214",0.155396544175518
"simcrispr-interaction-v1","BARCS-moderated [library]",20250724,"ntgt215",0.239639060306314
"simcrispr-interaction-v1","BARCS-moderated [library]",20250724,"ntgt221",0.201065116271146
"simcrispr-interaction-v1","BARCS-moderated [library]",20250724,"ntgt223",0.160103656582105
"simcrispr-interaction-v1","BARCS-moderated [library]",20250724,"ntgt225",0.110136786447051
"simcrispr-interaction-v1","BARCS-moderated [library]",20250724,"ntgt227",0.199561433954953
"simcrispr-interaction-v1","BARCS-moderated [library]",20250724,"ntgt228",0.180771131340889
"simcrispr-interaction-v1","BARCS-moderated [library]",20250724,"ntgt229",0.149768976076486
"simcrispr-interaction-v1","BARCS-moderated [library]",20250724,"ntgt230",0.238914417448501
"simcrispr-interaction-v1","BARCS-moderated [library]",20250724,"ntgt231",0.169858111574808
"simcrispr-interaction-v1","BARCS-moderated [library]",20250724,"ntgt232",0.0587884593936771
"simcrispr-interaction-v1","BARCS-moderated [library]",20250724,"ntgt234",0.150169277926033
"simcrispr-interaction-v1","BARCS-moderated [library]",20250724,"ntgt238",0.22885464438438
"simcrispr-interaction-v1","BARCS-moderated [library]",20250724,"ntgt241",0.0112639111382975
"simcrispr-interaction-v1","BARCS-moderated [library]",20250724,"ntgt242",0.261225156526947
"simcrispr-interaction-v1","BARCS-moderated [library]",20250724,"ntgt245",0.16928846201501
"simcrispr-interaction-v1","BARCS-moderated [library]",20250724,"ntgt246",0.158213501821748
"simcrispr-interaction-v1","BARCS-moderated [library]",20250724,"ntgt248",0.22763781935037
"simcrispr-interaction-v1","BARCS-moderated [library]",20250724,"ntgt250",0.294354026788021
"simcrispr-interaction-v1","BARCS-moderated [library]",20250724,"ntgt253",0.216537519061701
"simcrispr-interaction-v1","BARCS-moderated [library]",20250724,"ntgt255",0.171057815293089
"simcrispr-interaction-v1","BARCS-moderated [library]",20250724,"ntgt258",0.154241350230878
"simcrispr-interaction-v1","BARCS-moderated [library]",20250724,"ntgt259",0.223694381829184
"simcrispr-interaction-v1","BARCS-moderated [library]",20250724,"ntgt260",0.191493498704073
"simcrispr-interaction-v1","BARCS-moderated [library]",20250724,"ntgt264",0.22657351537377
"simcrispr-interaction-v1","BARCS-moderated [library]",20250724,"ntgt265",0.0676971622094127
"simcrispr-interaction-v1","BARCS-moderated [library]",20250724,"ntgt266",0.211539219120371
"simcrispr-interaction-v1","BARCS-moderated [library]",20250724,"ntgt269",0.282069197990358
"simcrispr-interaction-v1","BARCS-moderated [library]",20250724,"ntgt272",0.144439687406752
"simcrispr-interaction-v1","BARCS-moderated [library]",20250724,"ntgt273",0.112475559975273
"simcrispr-interaction-v1","BARCS-moderated [library]",20250724,"ntgt275",0.126652409295655
"simcrispr-interaction-v1","BARCS-moderated [library]",20250724,"ntgt276",0.162367241925502
"simcrispr-interaction-v1","BARCS-moderated [library]",20250724,"ntgt277",0.146728031750303
"simcrispr-interaction-v1","BARCS-moderated [library]",20250724,"ntgt278",0.0465512671813703
"simcrispr-interaction-v1","BARCS-moderated [library]",20250724,"ntgt279",0.158622233098011
"simcrispr-interaction-v1","BARCS-moderated [library]",20250724,"ntgt280",0.223895230626336
"simcrispr-interaction-v1","BARCS-moderated [library]",20250724,"ntgt281",0.271053088071994
"simcrispr-interaction-v1","BARCS-moderated [library]",20250724,"ntgt286",0.143852576250398
"simcrispr-interaction-v1","BARCS-moderated [library]",20250724,"ntgt287",0.127342006805198
"simcrispr-interaction-v1","BARCS-moderated [library]",20250724,"ntgt289",0.193397752042546
"simcrispr-interaction-v1","BARCS-moderated [library]",20250724,"ntgt290",0.25216143054923
"simcrispr-interaction-v1","BARCS-moderated [library]",20250724,"ntgt292",0.147991261896567
"simcrispr-interaction-v1","BARCS-moderated [library]",20250724,"ntgt293",0.136849832695054
"simcrispr-interaction-v1","BARCS-moderated [library]",20250724,"ntgt295",0.236587146586924
"simcrispr-interaction-v1","BARCS-moderated [library]",20250724,"ntgt297",0.172894498493163
"simcrispr-interaction-v1","BARCS-moderated [library]",20250724,"ntgt299",0.122661614509402
"simcrispr-interaction-v1","BARCS-moderated [library]",20250724,"ntgt300",0.301174700168853
"simcrispr-interaction-v1","BARCS-original [non-targeting]",20250724,"ntgt2",0.023066386009688
"simcrispr-interaction-v1","BARCS-original [non-targeting]",20250724,"ntgt4",0.0222352653207219
"simcrispr-interaction-v1","BARCS-original [non-targeting]",20250724,"ntgt10",-0.066909987759432
"simcrispr-interaction-v1","BARCS-original [non-targeting]",20250724,"ntgt11",0.0238259075691823
"simcrispr-interaction-v1","BARCS-original [non-targeting]",20250724,"ntgt13",-0.0561629560193463
"simcrispr-interaction-v1","BARCS-original [non-targeting]",20250724,"ntgt14",0.0279720380123774
"simcrispr-interaction-v1","BARCS-original [non-targeting]",20250724,"ntgt16",-0.0280474162700086
"simcrispr-interaction-v1","BARCS-original [non-targeting]",20250724,"ntgt17",0.0126894513833753
"simcrispr-interaction-v1","BARCS-original [non-targeting]",20250724,"ntgt18",-0.0443191886602349
"simcrispr-interaction-v1","BARCS-original [non-targeting]",20250724,"ntgt19",0.0596436335371101
"simcrispr-interaction-v1","BARCS-original [non-targeting]",20250724,"ntgt20",0.0098326140713652
"simcrispr-interaction-v1","BARCS-original [non-targeting]",20250724,"ntgt21",-0.0505710735820872
"simcrispr-interaction-v1","BARCS-original [non-targeting]",20250724,"ntgt24",-0.0675503947068009
"simcrispr-interaction-v1","BARCS-original [non-targeting]",20250724,"ntgt29",-0.00343132473818183
"simcrispr-interaction-v1","BARCS-original [non-targeting]",20250724,"ntgt30",0.10320991413223
"simcrispr-interaction-v1","BARCS-original [non-targeting]",20250724,"ntgt31",0.108808002813111
"simcrispr-interaction-v1","BARCS-original [non-targeting]",20250724,"ntgt32",-0.0638738827753756
"simcrispr-interaction-v1","BARCS-original [non-targeting]",20250724,"ntgt34",0.0663351841469278
"simcrispr-interaction-v1","BARCS-original [non-targeting]",20250724,"ntgt36",-0.0576124642592066
"simcrispr-interaction-v1","BARCS-original [non-targeting]",20250724,"ntgt37",0.0569507280644898
"simcrispr-interaction-v1","BARCS-original [non-targeting]",20250724,"ntgt41",-0.129191165412208
"simcrispr-interaction-v1","BARCS-original [non-targeting]",20250724,"ntgt44",-0.0153769814343197
"simcrispr-interaction-v1","BARCS-original [non-targeting]",20250724,"ntgt50",0.0256389718613242
"simcrispr-interaction-v1","BARCS-original [non-targeting]",20250724,"ntgt52",0.0357527879781837
"simcrispr-interaction-v1","BARCS-original [non-targeting]",20250724,"ntgt59",-0.00975720619793289
"simcrispr-interaction-v1","BARCS-original [non-targeting]",20250724,"ntgt60",-0.0306959826161552
"simcrispr-interaction-v1","BARCS-original [non-targeting]",20250724,"ntgt61",0.0221720331841657
"simcrispr-interaction-v1","BARCS-original [non-targeting]",20250724,"ntgt65",0.100424488772277
"simcrispr-interaction-v1","BARCS-original [non-targeting]",20250724,"ntgt66",-0.0991046801945225
"simcrispr-interaction-v1","BARCS-original [non-targeting]",20250724,"ntgt69",-0.000440369840801508
"simcrispr-interaction-v1","BARCS-original [non-targeting]",20250724,"ntgt71",0.013245835918181
"simcrispr-interaction-v1","BARCS-original [non-targeting]",20250724,"ntgt72",0.140688240787717
"simcrispr-interaction-v1","BARCS-original [non-targeting]",20250724,"ntgt74",0.0172558997143035
"simcrispr-interaction-v1","BARCS-original [non-targeting]",20250724,"ntgt75",-0.0365928275581027
"simcrispr-interaction-v1","BARCS-original [non-targeting]",20250724,"ntgt77",0.0649165359701518
"simcrispr-interaction-v1","BARCS-original [non-targeting]",20250724,"ntgt80",-0.12669405402407
"simcrispr-interaction-v1","BARCS-original [non-targeting]",20250724,"ntgt82",0.101676487733481
"simcrispr-interaction-v1","BARCS-original [non-targeting]",20250724,"ntgt83",0.0575317724725893
"simcrispr-interaction-v1","BARCS-original [non-targeting]",20250724,"ntgt87",0.0812645083748267
"simcrispr-interaction-v1","BARCS-original [non-targeting]",20250724,"ntgt89",0.069513956336997
"simcrispr-interaction-v1","BARCS-original [non-targeting]",20250724,"ntgt90",0.0766895256216628
"simcrispr-interaction-v1","BARCS-original [non-targeting]",20250724,"ntgt94",-0.0347105522851839
"simcrispr-interaction-v1","BARCS-original [non-targeting]",20250724,"ntgt97",0.0671497997072433
"simcrispr-interaction-v1","BARCS-original [non-targeting]",20250724,"ntgt104",0.0903958788490222
"simcrispr-interaction-v1","BARCS-original [non-targeting]",20250724,"ntgt107",0.0703814818391917
"simcrispr-interaction-v1","BARCS-original [non-targeting]",20250724,"ntgt110",0.0340440929028907
"simcrispr-interaction-v1","BARCS-original [non-targeting]",20250724,"ntgt111",-0.0531094150669573
"simcrispr-interaction-v1","BARCS-original [non-targeting]",20250724,"ntgt113",-0.127756309584263
"simcrispr-interaction-v1","BARCS-original [non-targeting]",20250724,"ntgt114",0.0883167776254132
"simcrispr-interaction-v1","BARCS-original [non-targeting]",20250724,"ntgt115",0.0583007428423864
"simcrispr-interaction-v1","BARCS-original [non-targeting]",20250724,"ntgt116",-0.0757945549378944
"simcrispr-interaction-v1","BARCS-original [non-targeting]",20250724,"ntgt119",0.024926783121571
"simcrispr-interaction-v1","BARCS-original [non-targeting]",20250724,"ntgt120",-0.0494743353591458
"simcrispr-interaction-v1","BARCS-original [non-targeting]",20250724,"ntgt121",0.118377790535135
"simcrispr-interaction-v1","BARCS-original [non-targeting]",20250724,"ntgt122",-0.0733704215428304
"simcrispr-interaction-v1","BARCS-original [non-targeting]",20250724,"ntgt125",-0.0188665434698925
"simcrispr-interaction-v1","BARCS-original [non-targeting]",20250724,"ntgt127",-0.10573863840964
"simcrispr-interaction-v1","BARCS-original [non-targeting]",20250724,"ntgt128",-0.0760288599197302
"simcrispr-interaction-v1","BARCS-original [non-targeting]",20250724,"ntgt131",0.0573097341382797
"simcrispr-interaction-v1","BARCS-original [non-targeting]",20250724,"ntgt138",-0.060346039815222
"simcrispr-interaction-v1","BARCS-original [non-targeting]",20250724,"ntgt140",-0.0192588967018996
"simcrispr-interaction-v1","BARCS-original [non-targeting]",20250724,"ntgt141",0.0569532266190791
"simcrispr-interaction-v1","BARCS-original [non-targeting]",20250724,"ntgt143",-0.0347371927727032
"simcrispr-interaction-v1","BARCS-original [non-targeting]",20250724,"ntgt144",0.134879575458979
"simcrispr-interaction-v1","BARCS-original [non-targeting]",20250724,"ntgt145",-0.0506589295436812
"simcrispr-interaction-v1","BARCS-original [non-targeting]",20250724,"ntgt146",-0.0333548716282319
"simcrispr-interaction-v1","BARCS-original [non-targeting]",20250724,"ntgt147",0.0435372858625726
"simcrispr-interaction-v1","BARCS-original [non-targeting]",20250724,"ntgt148",0.0226531412232213
"simcrispr-interaction-v1","BARCS-original [non-targeting]",20250724,"ntgt149",0.0427997256040381
"simcrispr-interaction-v1","BARCS-original [non-targeting]",20250724,"ntgt150",0.00410661156837708
"simcrispr-interaction-v1","BARCS-original [non-targeting]",20250724,"ntgt151",-0.0296705449495848
"simcrispr-interaction-v1","BARCS-original [non-targeting]",20250724,"ntgt152",0.0283973312587148
"simcrispr-interaction-v1","BARCS-original [non-targeting]",20250724,"ntgt154",0.0276470628254552
"simcrispr-interaction-v1","BARCS-original [non-targeting]",20250724,"ntgt155",-0.0363085081985342
"simcrispr-interaction-v1","BARCS-original [non-targeting]",20250724,"ntgt156",0.0663621557805328
"simcrispr-interaction-v1","BARCS-original [non-targeting]",20250724,"ntgt157",0.0256752635463962
"simcrispr-interaction-v1","BARCS-original [non-targeting]",20250724,"ntgt158",-0.0255187882636297
"simcrispr-interaction-v1","BARCS-original [non-targeting]",20250724,"ntgt160",0.07630651268103
"simcrispr-interaction-v1","BARCS-original [non-targeting]",20250724,"ntgt162",0.0105190015744774
"simcrispr-interaction-v1","BARCS-original [non-targeting]",20250724,"ntgt163",0.0677967559579497
"simcrispr-interaction-v1","BARCS-original [non-targeting]",20250724,"ntgt166",0.00513237936054485
"simcrispr-interaction-v1","BARCS-original [non-targeting]",20250724,"ntgt167",0.0699235269371966
"simcrispr-interaction-v1","BARCS-original [non-targeting]",20250724,"ntgt173",-0.00211750480754458
"simcrispr-interaction-v1","BARCS-original [non-targeting]",20250724,"ntgt175",-0.0331735469100385
"simcrispr-interaction-v1","BARCS-original [non-targeting]",20250724,"ntgt176",-0.044114763982865
"simcrispr-interaction-v1","BARCS-original [non-targeting]",20250724,"ntgt181",-0.000716234700712768
"simcrispr-interaction-v1","BARCS-original [non-targeting]",20250724,"ntgt183",-0.0196554645247185
"simcrispr-interaction-v1","BARCS-original [non-targeting]",20250724,"ntgt185",0.126314478800218
"simcrispr-interaction-v1","BARCS-original [non-targeting]",20250724,"ntgt186",0.0599321213605343
"simcrispr-interaction-v1","BARCS-original [non-targeting]",20250724,"ntgt187",-0.0503096781521964
"simcrispr-interaction-v1","BARCS-original [non-targeting]",20250724,"ntgt189",0.01779276190074
"simcrispr-interaction-v1","BARCS-original [non-targeting]",20250724,"ntgt190",-0.0528196248335917
"simcrispr-interaction-v1","BARCS-original [non-targeting]",20250724,"ntgt191",0.0119387523394845
"simcrispr-interaction-v1","BARCS-original [non-targeting]",20250724,"ntgt192",-0.0470887660466284
"simcrispr-interaction-v1","BARCS-original [non-targeting]",20250724,"ntgt194",0.0615299267563899
"simcrispr-interaction-v1","BARCS-original [non-targeting]",20250724,"ntgt195",-0.0256021057696375
"simcrispr-interaction-v1","BARCS-original [non-targeting]",20250724,"ntgt196",-0.0252043290346335
"simcrispr-interaction-v1","BARCS-original [non-targeting]",20250724,"ntgt199",0.090629030123994
"simcrispr-interaction-v1","BARCS-original [non-targeting]",20250724,"ntgt202",-0.0883490550266994
"simcrispr-interaction-v1","BARCS-original [non-targeting]",20250724,"ntgt205",0.0232721632028655
"simcrispr-interaction-v1","BARCS-original [non-targeting]",20250724,"ntgt208",0.0426602714048646
"simcrispr-interaction-v1","BARCS-original [non-targeting]",20250724,"ntgt210",-0.0864375639889967
"simcrispr-interaction-v1","BARCS-original [non-targeting]",20250724,"ntgt213",-0.0151176297153187
"simcrispr-interaction-v1","BARCS-original [non-targeting]",20250724,"ntgt214",-0.014053175002687
"simcrispr-interaction-v1","BARCS-original [non-targeting]",20250724,"ntgt215",0.0788266709002722
"simcrispr-interaction-v1","BARCS-original [non-targeting]",20250724,"ntgt221",0.0212461642008919
"simcrispr-interaction-v1","BARCS-original [non-targeting]",20250724,"ntgt223",-0.0146985704250501
"simcrispr-interaction-v1","BARCS-original [non-targeting]",20250724,"ntgt225",-0.0616069511020477
"simcrispr-interaction-v1","BARCS-original [non-targeting]",20250724,"ntgt227",0.0350062084542556
"simcrispr-interaction-v1","BARCS-original [non-targeting]",20250724,"ntgt228",0.0178237039613189
"simcrispr-interaction-v1","BARCS-original [non-targeting]",20250724,"ntgt229",-0.010956798534799
"simcrispr-interaction-v1","BARCS-original [non-targeting]",20250724,"ntgt230",0.0574141116948658
"simcrispr-interaction-v1","BARCS-original [non-targeting]",20250724,"ntgt231",0.00830974661522731
"simcrispr-interaction-v1","BARCS-original [non-targeting]",20250724,"ntgt232",-0.109789804925484
"simcrispr-interaction-v1","BARCS-original [non-targeting]",20250724,"ntgt234",-0.0186092900780513
"simcrispr-interaction-v1","BARCS-original [non-targeting]",20250724,"ntgt238",0.0626671365475962
"simcrispr-interaction-v1","BARCS-original [non-targeting]",20250724,"ntgt241",-0.15652845288631
"simcrispr-interaction-v1","BARCS-original [non-targeting]",20250724,"ntgt242",0.0911536612542702
"simcrispr-interaction-v1","BARCS-original [non-targeting]",20250724,"ntgt245",0.000582832034660901
"simcrispr-interaction-v1","BARCS-original [non-targeting]",20250724,"ntgt246",-0.00514820874097411
"simcrispr-interaction-v1","BARCS-original [non-targeting]",20250724,"ntgt248",0.060581393061636
"simcrispr-interaction-v1","BARCS-original [non-targeting]",20250724,"ntgt250",0.124463129196376
"simcrispr-interaction-v1","BARCS-original [non-targeting]",20250724,"ntgt253",0.0482336154568816
"simcrispr-interaction-v1","BARCS-original [non-targeting]",20250724,"ntgt255",0.0113350821468876
"simcrispr-interaction-v1","BARCS-original [non-targeting]",20250724,"ntgt258",-0.0158741996844052
"simcrispr-interaction-v1","BARCS-original [non-targeting]",20250724,"ntgt259",0.0580313856580177
"simcrispr-interaction-v1","BARCS-original [non-targeting]",20250724,"ntgt260",0.0233473202963108
"simcrispr-interaction-v1","BARCS-original [non-targeting]",20250724,"ntgt264",0.0491933757661062
"simcrispr-interaction-v1","BARCS-original [non-targeting]",20250724,"ntgt265",-0.103872878727808
"simcrispr-interaction-v1","BARCS-original [non-targeting]",20250724,"ntgt266",0.0332520685755085
"simcrispr-interaction-v1","BARCS-original [non-targeting]",20250724,"ntgt269",0.113757230246218
"simcrispr-interaction-v1","BARCS-original [non-targeting]",20250724,"ntgt272",-0.0266584698920874
"simcrispr-interaction-v1","BARCS-original [non-targeting]",20250724,"ntgt273",-0.0546088613142399
"simcrispr-interaction-v1","BARCS-original [non-targeting]",20250724,"ntgt275",-0.0446610404376378
"simcrispr-interaction-v1","BARCS-original [non-targeting]",20250724,"ntgt276",-0.00166472902732867
"simcrispr-interaction-v1","BARCS-original [non-targeting]",20250724,"ntgt277",-0.0223206807330532
"simcrispr-interaction-v1","BARCS-original [non-targeting]",20250724,"ntgt278",-0.114568698115772
"simcrispr-interaction-v1","BARCS-original [non-targeting]",20250724,"ntgt279",-0.00963061264543746
"simcrispr-interaction-v1","BARCS-original [non-targeting]",20250724,"ntgt280",0.0435696323343155
"simcrispr-interaction-v1","BARCS-original [non-targeting]",20250724,"ntgt281",0.0959854686598963
"simcrispr-interaction-v1","BARCS-original [non-targeting]",20250724,"ntgt286",-0.0254249254144796
"simcrispr-interaction-v1","BARCS-original [non-targeting]",20250724,"ntgt287",-0.0342444112420777
"simcrispr-interaction-v1","BARCS-original [non-targeting]",20250724,"ntgt289",0.016984710659643
"simcrispr-interaction-v1","BARCS-original [non-targeting]",20250724,"ntgt290",0.0857620034764696
"simcrispr-interaction-v1","BARCS-original [non-targeting]",20250724,"ntgt292",-0.0194703571237591
"simcrispr-interaction-v1","BARCS-original [non-targeting]",20250724,"ntgt293",-0.0369967918425
"simcrispr-interaction-v1","BARCS-original [non-targeting]",20250724,"ntgt295",0.0768344349213578
"simcrispr-interaction-v1","BARCS-original [non-targeting]",20250724,"ntgt297",0.0131574587797025
"simcrispr-interaction-v1","BARCS-original [non-targeting]",20250724,"ntgt299",-0.0441777761532185
"simcrispr-interaction-v1","BARCS-original [non-targeting]",20250724,"ntgt300",0.136126606611877
"simcrispr-interaction-v1","BARCS-moderated [non-targeting]",20250724,"ntgt2",0.023066386009688
"simcrispr-interaction-v1","BARCS-moderated [non-targeting]",20250724,"ntgt4",0.0222352653207219
"simcrispr-interaction-v1","BARCS-moderated [non-targeting]",20250724,"ntgt10",-0.066909987759432
"simcrispr-interaction-v1","BARCS-moderated [non-targeting]",20250724,"ntgt11",0.0238259075691823
"simcrispr-interaction-v1","BARCS-moderated [non-targeting]",20250724,"ntgt13",-0.0561629560193463
"simcrispr-interaction-v1","BARCS-moderated [non-targeting]",20250724,"ntgt14",0.0279720380123774
"simcrispr-interaction-v1","BARCS-moderated [non-targeting]",20250724,"ntgt16",-0.0280474162700086
"simcrispr-interaction-v1","BARCS-moderated [non-targeting]",20250724,"ntgt17",0.0126894513833753
"simcrispr-interaction-v1","BARCS-moderated [non-targeting]",20250724,"ntgt18",-0.0443191886602349
"simcrispr-interaction-v1","BARCS-moderated [non-targeting]",20250724,"ntgt19",0.0596436335371101
"simcrispr-interaction-v1","BARCS-moderated [non-targeting]",20250724,"ntgt20",0.0098326140713652
"simcrispr-interaction-v1","BARCS-moderated [non-targeting]",20250724,"ntgt21",-0.0505710735820872
"simcrispr-interaction-v1","BARCS-moderated [non-targeting]",20250724,"ntgt24",-0.0675503947068009
"simcrispr-interaction-v1","BARCS-moderated [non-targeting]",20250724,"ntgt29",-0.00343132473818183
"simcrispr-interaction-v1","BARCS-moderated [non-targeting]",20250724,"ntgt30",0.10320991413223
"simcrispr-interaction-v1","BARCS-moderated [non-targeting]",20250724,"ntgt31",0.108808002813111
"simcrispr-interaction-v1","BARCS-moderated [non-targeting]",20250724,"ntgt32",-0.0638738827753756
"simcrispr-interaction-v1","BARCS-moderated [non-targeting]",20250724,"ntgt34",0.0663351841469278
"simcrispr-interaction-v1","BARCS-moderated [non-targeting]",20250724,"ntgt36",-0.0576124642592066
"simcrispr-interaction-v1","BARCS-moderated [non-targeting]",20250724,"ntgt37",0.0569507280644898
"simcrispr-interaction-v1","BARCS-moderated [non-targeting]",20250724,"ntgt41",-0.129191165412208
"simcrispr-interaction-v1","BARCS-moderated [non-targeting]",20250724,"ntgt44",-0.0153769814343197
"simcrispr-interaction-v1","BARCS-moderated [non-targeting]",20250724,"ntgt50",0.0256389718613242
"simcrispr-interaction-v1","BARCS-moderated [non-targeting]",20250724,"ntgt52",0.0357527879781837
"simcrispr-interaction-v1","BARCS-moderated [non-targeting]",20250724,"ntgt59",-0.00975720619793289
"simcrispr-interaction-v1","BARCS-moderated [non-targeting]",20250724,"ntgt60",-0.0306959826161552
"simcrispr-interaction-v1","BARCS-moderated [non-targeting]",20250724,"ntgt61",0.0221720331841657
"simcrispr-interaction-v1","BARCS-moderated [non-targeting]",20250724,"ntgt65",0.100424488772277
"simcrispr-interaction-v1","BARCS-moderated [non-targeting]",20250724,"ntgt66",-0.0991046801945225
"simcrispr-interaction-v1","BARCS-moderated [non-targeting]",20250724,"ntgt69",-0.000440369840801508
"simcrispr-interaction-v1","BARCS-moderated [non-targeting]",20250724,"ntgt71",0.013245835918181
"simcrispr-interaction-v1","BARCS-moderated [non-targeting]",20250724,"ntgt72",0.140688240787717
"simcrispr-interaction-v1","BARCS-moderated [non-targeting]",20250724,"ntgt74",0.0172558997143035
"simcrispr-interaction-v1","BARCS-moderated [non-targeting]",20250724,"ntgt75",-0.0365928275581027
"simcrispr-interaction-v1","BARCS-moderated [non-targeting]",20250724,"ntgt77",0.0649165359701518
"simcrispr-interaction-v1","BARCS-moderated [non-targeting]",20250724,"ntgt80",-0.12669405402407
"simcrispr-interaction-v1","BARCS-moderated [non-targeting]",20250724,"ntgt82",0.101676487733481
"simcrispr-interaction-v1","BARCS-moderated [non-targeting]",20250724,"ntgt83",0.0575317724725893
"simcrispr-interaction-v1","BARCS-moderated [non-targeting]",20250724,"ntgt87",0.0812645083748267
"simcrispr-interaction-v1","BARCS-moderated [non-targeting]",20250724,"ntgt89",0.069513956336997
"simcrispr-interaction-v1","BARCS-moderated [non-targeting]",20250724,"ntgt90",0.0766895256216628
"simcrispr-interaction-v1","BARCS-moderated [non-targeting]",20250724,"ntgt94",-0.0347105522851839
"simcrispr-interaction-v1","BARCS-moderated [non-targeting]",20250724,"ntgt97",0.0671497997072433
"simcrispr-interaction-v1","BARCS-moderated [non-targeting]",20250724,"ntgt104",0.0903958788490222
"simcrispr-interaction-v1","BARCS-moderated [non-targeting]",20250724,"ntgt107",0.0703814818391917
"simcrispr-interaction-v1","BARCS-moderated [non-targeting]",20250724,"ntgt110",0.0340440929028907
"simcrispr-interaction-v1","BARCS-moderated [non-targeting]",20250724,"ntgt111",-0.0531094150669573
"simcrispr-interaction-v1","BARCS-moderated [non-targeting]",20250724,"ntgt113",-0.127756309584263
"simcrispr-interaction-v1","BARCS-moderated [non-targeting]",20250724,"ntgt114",0.0883167776254132
"simcrispr-interaction-v1","BARCS-moderated [non-targeting]",20250724,"ntgt115",0.0583007428423864
"simcrispr-interaction-v1","BARCS-moderated [non-targeting]",20250724,"ntgt116",-0.0757945549378944
"simcrispr-interaction-v1","BARCS-moderated [non-targeting]",20250724,"ntgt119",0.024926783121571
"simcrispr-interaction-v1","BARCS-moderated [non-targeting]",20250724,"ntgt120",-0.0494743353591458
"simcrispr-interaction-v1","BARCS-moderated [non-targeting]",20250724,"ntgt121",0.118377790535135
"simcrispr-interaction-v1","BARCS-moderated [non-targeting]",20250724,"ntgt122",-0.0733704215428304
"simcrispr-interaction-v1","BARCS-moderated [non-targeting]",20250724,"ntgt125",-0.0188665434698925
"simcrispr-interaction-v1","BARCS-moderated [non-targeting]",20250724,"ntgt127",-0.10573863840964
"simcrispr-interaction-v1","BARCS-moderated [non-targeting]",20250724,"ntgt128",-0.0760288599197302
"simcrispr-interaction-v1","BARCS-moderated [non-targeting]",20250724,"ntgt131",0.0573097341382797
"simcrispr-interaction-v1","BARCS-moderated [non-targeting]",20250724,"ntgt138",-0.060346039815222
"simcrispr-interaction-v1","BARCS-moderated [non-targeting]",20250724,"ntgt140",-0.0192588967018996
"simcrispr-interaction-v1","BARCS-moderated [non-targeting]",20250724,"ntgt141",0.0569532266190791
"simcrispr-interaction-v1","BARCS-moderated [non-targeting]",20250724,"ntgt143",-0.0347371927727032
"simcrispr-interaction-v1","BARCS-moderated [non-targeting]",20250724,"ntgt144",0.134879575458979
"simcrispr-interaction-v1","BARCS-moderated [non-targeting]",20250724,"ntgt145",-0.0506589295436812
"simcrispr-interaction-v1","BARCS-moderated [non-targeting]",20250724,"ntgt146",-0.0333548716282319
"simcrispr-interaction-v1","BARCS-moderated [non-targeting]",20250724,"ntgt147",0.0435372858625726
"simcrispr-interaction-v1","BARCS-moderated [non-targeting]",20250724,"ntgt148",0.0226531412232213
"simcrispr-interaction-v1","BARCS-moderated [non-targeting]",20250724,"ntgt149",0.0427997256040381
"simcrispr-interaction-v1","BARCS-moderated [non-targeting]",20250724,"ntgt150",0.00410661156837708
"simcrispr-interaction-v1","BARCS-moderated [non-targeting]",20250724,"ntgt151",-0.0296705449495848
"simcrispr-interaction-v1","BARCS-moderated [non-targeting]",20250724,"ntgt152",0.0283973312587148
"simcrispr-interaction-v1","BARCS-moderated [non-targeting]",20250724,"ntgt154",0.0276470628254552
"simcrispr-interaction-v1","BARCS-moderated [non-targeting]",20250724,"ntgt155",-0.0363085081985342
"simcrispr-interaction-v1","BARCS-moderated [non-targeting]",20250724,"ntgt156",0.0663621557805328
"simcrispr-interaction-v1","BARCS-moderated [non-targeting]",20250724,"ntgt157",0.0256752635463962
"simcrispr-interaction-v1","BARCS-moderated [non-targeting]",20250724,"ntgt158",-0.0255187882636297
"simcrispr-interaction-v1","BARCS-moderated [non-targeting]",20250724,"ntgt160",0.07630651268103
"simcrispr-interaction-v1","BARCS-moderated [non-targeting]",20250724,"ntgt162",0.0105190015744774
"simcrispr-interaction-v1","BARCS-moderated [non-targeting]",20250724,"ntgt163",0.0677967559579497
"simcrispr-interaction-v1","BARCS-moderated [non-targeting]",20250724,"ntgt166",0.00513237936054485
"simcrispr-interaction-v1","BARCS-moderated [non-targeting]",20250724,"ntgt167",0.0699235269371966
"simcrispr-interaction-v1","BARCS-moderated [non-targeting]",20250724,"ntgt173",-0.00211750480754458
"simcrispr-interaction-v1","BARCS-moderated [non-targeting]",20250724,"ntgt175",-0.0331735469100385
"simcrispr-interaction-v1","BARCS-moderated [non-targeting]",20250724,"ntgt176",-0.044114763982865
"simcrispr-interaction-v1","BARCS-moderated [non-targeting]",20250724,"ntgt181",-0.000716234700712768
"simcrispr-interaction-v1","BARCS-moderated [non-targeting]",20250724,"ntgt183",-0.0196554645247185
"simcrispr-interaction-v1","BARCS-moderated [non-targeting]",20250724,"ntgt185",0.126314478800218
"simcrispr-interaction-v1","BARCS-moderated [non-targeting]",20250724,"ntgt186",0.0599321213605343
"simcrispr-interaction-v1","BARCS-moderated [non-targeting]",20250724,"ntgt187",-0.0503096781521964
"simcrispr-interaction-v1","BARCS-moderated [non-targeting]",20250724,"ntgt189",0.01779276190074
"simcrispr-interaction-v1","BARCS-moderated [non-targeting]",20250724,"ntgt190",-0.0528196248335917
"simcrispr-interaction-v1","BARCS-moderated [non-targeting]",20250724,"ntgt191",0.0119387523394845
"simcrispr-interaction-v1","BARCS-moderated [non-targeting]",20250724,"ntgt192",-0.0470887660466284
"simcrispr-interaction-v1","BARCS-moderated [non-targeting]",20250724,"ntgt194",0.0615299267563899
"simcrispr-interaction-v1","BARCS-moderated [non-targeting]",20250724,"ntgt195",-0.0256021057696375
"simcrispr-interaction-v1","BARCS-moderated [non-targeting]",20250724,"ntgt196",-0.0252043290346335
"simcrispr-interaction-v1","BARCS-moderated [non-targeting]",20250724,"ntgt199",0.090629030123994
"simcrispr-interaction-v1","BARCS-moderated [non-targeting]",20250724,"ntgt202",-0.0883490550266994
"simcrispr-interaction-v1","BARCS-moderated [non-targeting]",20250724,"ntgt205",0.0232721632028655
"simcrispr-interaction-v1","BARCS-moderated [non-targeting]",20250724,"ntgt208",0.0426602714048646
"simcrispr-interaction-v1","BARCS-moderated [non-targeting]",20250724,"ntgt210",-0.0864375639889967
"simcrispr-interaction-v1","BARCS-moderated [non-targeting]",20250724,"ntgt213",-0.0151176297153187
"simcrispr-interaction-v1","BARCS-moderated [non-targeting]",20250724,"ntgt214",-0.014053175002687
"simcrispr-interaction-v1","BARCS-moderated [non-targeting]",20250724,"ntgt215",0.0788266709002722
"simcrispr-interaction-v1","BARCS-moderated [non-targeting]",20250724,"ntgt221",0.0212461642008919
"simcrispr-interaction-v1","BARCS-moderated [non-targeting]",20250724,"ntgt223",-0.0146985704250501
"simcrispr-interaction-v1","BARCS-moderated [non-targeting]",20250724,"ntgt225",-0.0616069511020477
"simcrispr-interaction-v1","BARCS-moderated [non-targeting]",20250724,"ntgt227",0.0350062084542556
"simcrispr-interaction-v1","BARCS-moderated [non-targeting]",20250724,"ntgt228",0.0178237039613189
"simcrispr-interaction-v1","BARCS-moderated [non-targeting]",20250724,"ntgt229",-0.010956798534799
"simcrispr-interaction-v1","BARCS-moderated [non-targeting]",20250724,"ntgt230",0.0574141116948658
"simcrispr-interaction-v1","BARCS-moderated [non-targeting]",20250724,"ntgt231",0.00830974661522731
"simcrispr-interaction-v1","BARCS-moderated [non-targeting]",20250724,"ntgt232",-0.109789804925484
"simcrispr-interaction-v1","BARCS-moderated [non-targeting]",20250724,"ntgt234",-0.0186092900780513
"simcrispr-interaction-v1","BARCS-moderated [non-targeting]",20250724,"ntgt238",0.0626671365475962
"simcrispr-interaction-v1","BARCS-moderated [non-targeting]",20250724,"ntgt241",-0.15652845288631
"simcrispr-interaction-v1","BARCS-moderated [non-targeting]",20250724,"ntgt242",0.0911536612542702
"simcrispr-interaction-v1","BARCS-moderated [non-targeting]",20250724,"ntgt245",0.000582832034660901
"simcrispr-interaction-v1","BARCS-moderated [non-targeting]",20250724,"ntgt246",-0.00514820874097411
"simcrispr-interaction-v1","BARCS-moderated [non-targeting]",20250724,"ntgt248",0.060581393061636
"simcrispr-interaction-v1","BARCS-moderated [non-targeting]",20250724,"ntgt250",0.124463129196376
"simcrispr-interaction-v1","BARCS-moderated [non-targeting]",20250724,"ntgt253",0.0482336154568816
"simcrispr-interaction-v1","BARCS-moderated [non-targeting]",20250724,"ntgt255",0.0113350821468876
"simcrispr-interaction-v1","BARCS-moderated [non-targeting]",20250724,"ntgt258",-0.0158741996844052
"simcrispr-interaction-v1","BARCS-moderated [non-targeting]",20250724,"ntgt259",0.0580313856580177
"simcrispr-interaction-v1","BARCS-moderated [non-targeting]",20250724,"ntgt260",0.0233473202963108
"simcrispr-interaction-v1","BARCS-moderated [non-targeting]",20250724,"ntgt264",0.0491933757661062
"simcrispr-interaction-v1","BARCS-moderated [non-targeting]",20250724,"ntgt265",-0.103872878727808
"simcrispr-interaction-v1","BARCS-moderated [non-targeting]",20250724,"ntgt266",0.0332520685755085
"simcrispr-interaction-v1","BARCS-moderated [non-targeting]",20250724,"ntgt269",0.113757230246218
"simcrispr-interaction-v1","BARCS-moderated [non-targeting]",20250724,"ntgt272",-0.0266584698920874
"simcrispr-interaction-v1","BARCS-moderated [non-targeting]",20250724,"ntgt273",-0.0546088613142399
"simcrispr-interaction-v1","BARCS-moderated [non-targeting]",20250724,"ntgt275",-0.0446610404376378
"simcrispr-interaction-v1","BARCS-moderated [non-targeting]",20250724,"ntgt276",-0.00166472902732867
"simcrispr-interaction-v1","BARCS-moderated [non-targeting]",20250724,"ntgt277",-0.0223206807330532
"simcrispr-interaction-v1","BARCS-moderated [non-targeting]",20250724,"ntgt278",-0.114568698115772
"simcrispr-interaction-v1","BARCS-moderated [non-targeting]",20250724,"ntgt279",-0.00963061264543746
"simcrispr-interaction-v1","BARCS-moderated [non-targeting]",20250724,"ntgt280",0.0435696323343155
"simcrispr-interaction-v1","BARCS-moderated [non-targeting]",20250724,"ntgt281",0.0959854686598963
"simcrispr-interaction-v1","BARCS-moderated [non-targeting]",20250724,"ntgt286",-0.0254249254144796
"simcrispr-interaction-v1","BARCS-moderated [non-targeting]",20250724,"ntgt287",-0.0342444112420777
"simcrispr-interaction-v1","BARCS-moderated [non-targeting]",20250724,"ntgt289",0.016984710659643
"simcrispr-interaction-v1","BARCS-moderated [non-targeting]",20250724,"ntgt290",0.0857620034764696
"simcrispr-interaction-v1","BARCS-moderated [non-targeting]",20250724,"ntgt292",-0.0194703571237591
"simcrispr-interaction-v1","BARCS-moderated [non-targeting]",20250724,"ntgt293",-0.0369967918425
"simcrispr-interaction-v1","BARCS-moderated [non-targeting]",20250724,"ntgt295",0.0768344349213578
"simcrispr-interaction-v1","BARCS-moderated [non-targeting]",20250724,"ntgt297",0.0131574587797025
"simcrispr-interaction-v1","BARCS-moderated [non-targeting]",20250724,"ntgt299",-0.0441777761532185
"simcrispr-interaction-v1","BARCS-moderated [non-targeting]",20250724,"ntgt300",0.136126606611877
"simcrispr-interaction-v1","BARCS-original [safe-harbor]",20250724,"ntgt2",0.02863878135904
"simcrispr-interaction-v1","BARCS-original [safe-harbor]",20250724,"ntgt4",0.0304107033445527
"simcrispr-interaction-v1","BARCS-original [safe-harbor]",20250724,"ntgt10",-0.0600312664021669
"simcrispr-interaction-v1","BARCS-original [safe-harbor]",20250724,"ntgt11",0.0315369604656898
"simcrispr-interaction-v1","BARCS-original [safe-harbor]",20250724,"ntgt13",-0.0499075073734637
"simcrispr-interaction-v1","BARCS-original [safe-harbor]",20250724,"ntgt14",0.0335113202789466
"simcrispr-interaction-v1","BARCS-original [safe-harbor]",20250724,"ntgt16",-0.020488319315027
"simcrispr-interaction-v1","BARCS-original [safe-harbor]",20250724,"ntgt17",0.018448806674922
"simcrispr-interaction-v1","BARCS-original [safe-harbor]",20250724,"ntgt18",-0.0396814696749875
"simcrispr-interaction-v1","BARCS-original [safe-harbor]",20250724,"ntgt19",0.0692274878453667
"simcrispr-interaction-v1","BARCS-original [safe-harbor]",20250724,"ntgt20",0.0168454086716334
"simcrispr-interaction-v1","BARCS-original [safe-harbor]",20250724,"ntgt21",-0.041814009400095
"simcrispr-interaction-v1","BARCS-original [safe-harbor]",20250724,"ntgt24",-0.0592098198516123
"simcrispr-interaction-v1","BARCS-original [safe-harbor]",20250724,"ntgt29",0.00259821103818286
"simcrispr-interaction-v1","BARCS-original [safe-harbor]",20250724,"ntgt30",0.112373598549467
"simcrispr-interaction-v1","BARCS-original [safe-harbor]",20250724,"ntgt31",0.115505747772089
"simcrispr-interaction-v1","BARCS-original [safe-harbor]",20250724,"ntgt32",-0.0592360395126538
"simcrispr-interaction-v1","BARCS-original [safe-harbor]",20250724,"ntgt34",0.0754053224748782
"simcrispr-interaction-v1","BARCS-original [safe-harbor]",20250724,"ntgt36",-0.0479718659180701
"simcrispr-interaction-v1","BARCS-original [safe-harbor]",20250724,"ntgt37",0.0615881640455046
"simcrispr-interaction-v1","BARCS-original [safe-harbor]",20250724,"ntgt41",-0.121170146811363
"simcrispr-interaction-v1","BARCS-original [safe-harbor]",20250724,"ntgt44",-0.00616678345930214
"simcrispr-interaction-v1","BARCS-original [safe-harbor]",20250724,"ntgt50",0.0326172037897111
"simcrispr-interaction-v1","BARCS-original [safe-harbor]",20250724,"ntgt52",0.0450417546158686
"simcrispr-interaction-v1","BARCS-original [safe-harbor]",20250724,"ntgt59",-0.000905349050406622
"simcrispr-interaction-v1","BARCS-original [safe-harbor]",20250724,"ntgt60",-0.0207586701910223
"simcrispr-interaction-v1","BARCS-original [safe-harbor]",20250724,"ntgt61",0.0307281249298543
"simcrispr-interaction-v1","BARCS-original [safe-harbor]",20250724,"ntgt65",0.10784988995114
"simcrispr-interaction-v1","BARCS-original [safe-harbor]",20250724,"ntgt66",-0.0925019792734803
"simcrispr-interaction-v1","BARCS-original [safe-harbor]",20250724,"ntgt69",0.00511056049989798
"simcrispr-interaction-v1","BARCS-original [safe-harbor]",20250724,"ntgt71",0.0178832947308904
"simcrispr-interaction-v1","BARCS-original [safe-harbor]",20250724,"ntgt72",0.145904754369538
"simcrispr-interaction-v1","BARCS-original [safe-harbor]",20250724,"ntgt74",0.0242629447310678
"simcrispr-interaction-v1","BARCS-original [safe-harbor]",20250724,"ntgt75",-0.0319549885654969
"simcrispr-interaction-v1","BARCS-original [safe-harbor]",20250724,"ntgt77",0.0695536834077575
"simcrispr-interaction-v1","BARCS-original [safe-harbor]",20250724,"ntgt80",-0.119826933553235
"simcrispr-interaction-v1","BARCS-original [safe-harbor]",20250724,"ntgt82",0.108614656276188
"simcrispr-interaction-v1","BARCS-original [safe-harbor]",20250724,"ntgt83",0.0670585142284453
"simcrispr-interaction-v1","BARCS-original [safe-harbor]",20250724,"ntgt87",0.088133143368494
"simcrispr-interaction-v1","BARCS-original [safe-harbor]",20250724,"ntgt89",0.0764928646786467
"simcrispr-interaction-v1","BARCS-original [safe-harbor]",20250724,"ntgt90",0.0813264299192883
"simcrispr-interaction-v1","BARCS-original [safe-harbor]",20250724,"ntgt94",-0.0279131050409935
"simcrispr-interaction-v1","BARCS-original [safe-harbor]",20250724,"ntgt97",0.0727905097130715
"simcrispr-interaction-v1","BARCS-original [safe-harbor]",20250724,"ntgt104",0.0978743969591966
"simcrispr-interaction-v1","BARCS-original [safe-harbor]",20250724,"ntgt107",0.0757148548911041
"simcrispr-interaction-v1","BARCS-original [safe-harbor]",20250724,"ntgt110",0.0412296424614181
"simcrispr-interaction-v1","BARCS-original [safe-harbor]",20250724,"ntgt111",-0.0484730854675887
"simcrispr-interaction-v1","BARCS-original [safe-harbor]",20250724,"ntgt113",-0.123119390926583
"simcrispr-interaction-v1","BARCS-original [safe-harbor]",20250724,"ntgt114",0.0972709503275949
"simcrispr-interaction-v1","BARCS-original [safe-harbor]",20250724,"ntgt115",0.06546029099258
"simcrispr-interaction-v1","BARCS-original [safe-harbor]",20250724,"ntgt116",-0.0689802558934884
"simcrispr-interaction-v1","BARCS-original [safe-harbor]",20250724,"ntgt119",0.0327407488669329
"simcrispr-interaction-v1","BARCS-original [safe-harbor]",20250724,"ntgt120",-0.0413339521031578
"simcrispr-interaction-v1","BARCS-original [safe-harbor]",20250724,"ntgt121",0.12497597573847
"simcrispr-interaction-v1","BARCS-original [safe-harbor]",20250724,"ntgt122",-0.0657808004557158
"simcrispr-interaction-v1","BARCS-original [safe-harbor]",20250724,"ntgt125",-0.0126338305100783
"simcrispr-interaction-v1","BARCS-original [safe-harbor]",20250724,"ntgt127",-0.0999501855458707
"simcrispr-interaction-v1","BARCS-original [safe-harbor]",20250724,"ntgt128",-0.0681099178155652
"simcrispr-interaction-v1","BARCS-original [safe-harbor]",20250724,"ntgt131",0.0625472008989797
"simcrispr-interaction-v1","BARCS-original [safe-harbor]",20250724,"ntgt138",-0.0554233199312792
"simcrispr-interaction-v1","BARCS-original [safe-harbor]",20250724,"ntgt140",-0.011280853195219
"simcrispr-interaction-v1","BARCS-original [safe-harbor]",20250724,"ntgt141",0.0650499047060446
"simcrispr-interaction-v1","BARCS-original [safe-harbor]",20250724,"ntgt143",-0.0300999556303208
"simcrispr-interaction-v1","BARCS-original [safe-harbor]",20250724,"ntgt144",0.142630211698532
"simcrispr-interaction-v1","BARCS-original [safe-harbor]",20250724,"ntgt145",-0.0439520448636104
"simcrispr-interaction-v1","BARCS-original [safe-harbor]",20250724,"ntgt146",-0.0274312299634968
"simcrispr-interaction-v1","BARCS-original [safe-harbor]",20250724,"ntgt147",0.0481746493665797
"simcrispr-interaction-v1","BARCS-original [safe-harbor]",20250724,"ntgt148",0.0272900609840138
"simcrispr-interaction-v1","BARCS-original [safe-harbor]",20250724,"ntgt149",0.0483228493648562
"simcrispr-interaction-v1","BARCS-original [safe-harbor]",20250724,"ntgt150",0.00874391884903537
"simcrispr-interaction-v1","BARCS-original [safe-harbor]",20250724,"ntgt151",-0.0212359873968606
"simcrispr-interaction-v1","BARCS-original [safe-harbor]",20250724,"ntgt152",0.0353485705579921
"simcrispr-interaction-v1","BARCS-original [safe-harbor]",20250724,"ntgt154",0.0322846922083128
"simcrispr-interaction-v1","BARCS-original [safe-harbor]",20250724,"ntgt155",-0.0276822411855988
"simcrispr-interaction-v1","BARCS-original [safe-harbor]",20250724,"ntgt156",0.0714424963286286
"simcrispr-interaction-v1","BARCS-original [safe-harbor]",20250724,"ntgt157",0.0325848861202309
"simcrispr-interaction-v1","BARCS-original [safe-harbor]",20250724,"ntgt158",-0.0208817712301687
"simcrispr-interaction-v1","BARCS-original [safe-harbor]",20250724,"ntgt160",0.0862521906302222
"simcrispr-interaction-v1","BARCS-original [safe-harbor]",20250724,"ntgt162",0.0168321821335988
"simcrispr-interaction-v1","BARCS-original [safe-harbor]",20250724,"ntgt163",0.0756205532267061
"simcrispr-interaction-v1","BARCS-original [safe-harbor]",20250724,"ntgt166",0.0154286831484833
"simcrispr-interaction-v1","BARCS-original [safe-harbor]",20250724,"ntgt167",0.0745609709065464
"simcrispr-interaction-v1","BARCS-original [safe-harbor]",20250724,"ntgt173",0.00683331243468093
"simcrispr-interaction-v1","BARCS-original [safe-harbor]",20250724,"ntgt175",-0.028536574380659
"simcrispr-interaction-v1","BARCS-original [safe-harbor]",20250724,"ntgt176",-0.0364959924457175
"simcrispr-interaction-v1","BARCS-original [safe-harbor]",20250724,"ntgt181",0.00714881093712769
"simcrispr-interaction-v1","BARCS-original [safe-harbor]",20250724,"ntgt183",-0.0150202144822809
"simcrispr-interaction-v1","BARCS-original [safe-harbor]",20250724,"ntgt185",0.13375505618107
"simcrispr-interaction-v1","BARCS-original [safe-harbor]",20250724,"ntgt186",0.0656551758324785
"simcrispr-interaction-v1","BARCS-original [safe-harbor]",20250724,"ntgt187",-0.0405938452279278
"simcrispr-interaction-v1","BARCS-original [safe-harbor]",20250724,"ntgt189",0.0224302209869502
"simcrispr-interaction-v1","BARCS-original [safe-harbor]",20250724,"ntgt190",-0.0442651501746047
"simcrispr-interaction-v1","BARCS-original [safe-harbor]",20250724,"ntgt191",0.0165758757350441
"simcrispr-interaction-v1","BARCS-original [safe-harbor]",20250724,"ntgt192",-0.042218510878933
"simcrispr-interaction-v1","BARCS-original [safe-harbor]",20250724,"ntgt194",0.0718966246071509
"simcrispr-interaction-v1","BARCS-original [safe-harbor]",20250724,"ntgt195",-0.0186142653753377
"simcrispr-interaction-v1","BARCS-original [safe-harbor]",20250724,"ntgt196",-0.0169513495077587
"simcrispr-interaction-v1","BARCS-original [safe-harbor]",20250724,"ntgt199",0.0989764188829014
"simcrispr-interaction-v1","BARCS-original [safe-harbor]",20250724,"ntgt202",-0.0783752267895943
"simcrispr-interaction-v1","BARCS-original [safe-harbor]",20250724,"ntgt205",0.0292895161050753
"simcrispr-interaction-v1","BARCS-original [safe-harbor]",20250724,"ntgt208",0.0526922389514029
"simcrispr-interaction-v1","BARCS-original [safe-harbor]",20250724,"ntgt210",-0.0818005044498962
"simcrispr-interaction-v1","BARCS-original [safe-harbor]",20250724,"ntgt213",-0.00710693340396537
"simcrispr-interaction-v1","BARCS-original [safe-harbor]",20250724,"ntgt214",-0.007469314426977
"simcrispr-interaction-v1","BARCS-original [safe-harbor]",20250724,"ntgt215",0.0834640647800906
"simcrispr-interaction-v1","BARCS-original [safe-harbor]",20250724,"ntgt221",0.0302519719993535
"simcrispr-interaction-v1","BARCS-original [safe-harbor]",20250724,"ntgt223",-0.00668129174511903
"simcrispr-interaction-v1","BARCS-original [safe-harbor]",20250724,"ntgt225",-0.0544650325499704
"simcrispr-interaction-v1","BARCS-original [safe-harbor]",20250724,"ntgt227",0.041367763463565
"simcrispr-interaction-v1","BARCS-original [safe-harbor]",20250724,"ntgt228",0.0237941307238507
"simcrispr-interaction-v1","BARCS-original [safe-harbor]",20250724,"ntgt229",-0.00532475746597413
"simcrispr-interaction-v1","BARCS-original [safe-harbor]",20250724,"ntgt230",0.0681207288391343
"simcrispr-interaction-v1","BARCS-original [safe-harbor]",20250724,"ntgt231",0.0129476254353491
"simcrispr-interaction-v1","BARCS-original [safe-harbor]",20250724,"ntgt232",-0.105151259254007
"simcrispr-interaction-v1","BARCS-original [safe-harbor]",20250724,"ntgt234",-0.0139717237086596
"simcrispr-interaction-v1","BARCS-original [safe-harbor]",20250724,"ntgt238",0.0673044820099108
"simcrispr-interaction-v1","BARCS-original [safe-harbor]",20250724,"ntgt241",-0.151352315799153
"simcrispr-interaction-v1","BARCS-original [safe-harbor]",20250724,"ntgt242",0.0980313669604118
"simcrispr-interaction-v1","BARCS-original [safe-harbor]",20250724,"ntgt245",0.00835633496285445
"simcrispr-interaction-v1","BARCS-original [safe-harbor]",20250724,"ntgt246",-0.000510069343162353
"simcrispr-interaction-v1","BARCS-original [safe-harbor]",20250724,"ntgt248",0.0679577129668362
"simcrispr-interaction-v1","BARCS-original [safe-harbor]",20250724,"ntgt250",0.132092021575674
"simcrispr-interaction-v1","BARCS-original [safe-harbor]",20250724,"ntgt253",0.0561443145468891
"simcrispr-interaction-v1","BARCS-original [safe-harbor]",20250724,"ntgt255",0.0159721900769353
"simcrispr-interaction-v1","BARCS-original [safe-harbor]",20250724,"ntgt258",-0.00707929557978146
"simcrispr-interaction-v1","BARCS-original [safe-harbor]",20250724,"ntgt259",0.062865644805936
"simcrispr-interaction-v1","BARCS-original [safe-harbor]",20250724,"ntgt260",0.0304021493529919
"simcrispr-interaction-v1","BARCS-original [safe-harbor]",20250724,"ntgt264",0.0575083019088795
"simcrispr-interaction-v1","BARCS-original [safe-harbor]",20250724,"ntgt265",-0.0962520749049802
"simcrispr-interaction-v1","BARCS-original [safe-harbor]",20250724,"ntgt266",0.0429888368448974
"simcrispr-interaction-v1","BARCS-original [safe-harbor]",20250724,"ntgt269",0.120282924453437
"simcrispr-interaction-v1","BARCS-original [safe-harbor]",20250724,"ntgt272",-0.0188200511116546
"simcrispr-interaction-v1","BARCS-original [safe-harbor]",20250724,"ntgt273",-0.0483343082580219
"simcrispr-interaction-v1","BARCS-original [safe-harbor]",20250724,"ntgt275",-0.0365760266353325
"simcrispr-interaction-v1","BARCS-original [safe-harbor]",20250724,"ntgt276",0.00444841696729157
"simcrispr-interaction-v1","BARCS-original [safe-harbor]",20250724,"ntgt277",-0.0153359661911105
"simcrispr-interaction-v1","BARCS-original [safe-harbor]",20250724,"ntgt278",-0.108222305801452
"simcrispr-interaction-v1","BARCS-original [safe-harbor]",20250724,"ntgt279",-0.00202718369444632
"simcrispr-interaction-v1","BARCS-original [safe-harbor]",20250724,"ntgt280",0.0530048241172461
"simcrispr-interaction-v1","BARCS-original [safe-harbor]",20250724,"ntgt281",0.104760730399447
"simcrispr-interaction-v1","BARCS-original [safe-harbor]",20250724,"ntgt286",-0.0174861661407241
"simcrispr-interaction-v1","BARCS-original [safe-harbor]",20250724,"ntgt287",-0.0267798858167293
"simcrispr-interaction-v1","BARCS-original [safe-harbor]",20250724,"ntgt289",0.0268065356637904
"simcrispr-interaction-v1","BARCS-original [safe-harbor]",20250724,"ntgt290",0.0949681312764063
"simcrispr-interaction-v1","BARCS-original [safe-harbor]",20250724,"ntgt292",-0.0122164855813261
"simcrispr-interaction-v1","BARCS-original [safe-harbor]",20250724,"ntgt293",-0.0285941980129018
"simcrispr-interaction-v1","BARCS-original [safe-harbor]",20250724,"ntgt295",0.0814728707437318
"simcrispr-interaction-v1","BARCS-original [safe-harbor]",20250724,"ntgt297",0.0177951355017704
"simcrispr-interaction-v1","BARCS-original [safe-harbor]",20250724,"ntgt299",-0.0372246349523119
"simcrispr-interaction-v1","BARCS-original [safe-harbor]",20250724,"ntgt300",0.142790781987474
"simcrispr-interaction-v1","BARCS-moderated [safe-harbor]",20250724,"ntgt2",0.02863878135904
"simcrispr-interaction-v1","BARCS-moderated [safe-harbor]",20250724,"ntgt4",0.0304107033445527
"simcrispr-interaction-v1","BARCS-moderated [safe-harbor]",20250724,"ntgt10",-0.0600312664021669
"simcrispr-interaction-v1","BARCS-moderated [safe-harbor]",20250724,"ntgt11",0.0315369604656898
"simcrispr-interaction-v1","BARCS-moderated [safe-harbor]",20250724,"ntgt13",-0.0499075073734637
"simcrispr-interaction-v1","BARCS-moderated [safe-harbor]",20250724,"ntgt14",0.0335113202789466
"simcrispr-interaction-v1","BARCS-moderated [safe-harbor]",20250724,"ntgt16",-0.020488319315027
"simcrispr-interaction-v1","BARCS-moderated [safe-harbor]",20250724,"ntgt17",0.018448806674922
"simcrispr-interaction-v1","BARCS-moderated [safe-harbor]",20250724,"ntgt18",-0.0396814696749875
"simcrispr-interaction-v1","BARCS-moderated [safe-harbor]",20250724,"ntgt19",0.0692274878453667
"simcrispr-interaction-v1","BARCS-moderated [safe-harbor]",20250724,"ntgt20",0.0168454086716334
"simcrispr-interaction-v1","BARCS-moderated [safe-harbor]",20250724,"ntgt21",-0.041814009400095
"simcrispr-interaction-v1","BARCS-moderated [safe-harbor]",20250724,"ntgt24",-0.0592098198516123
"simcrispr-interaction-v1","BARCS-moderated [safe-harbor]",20250724,"ntgt29",0.00259821103818286
"simcrispr-interaction-v1","BARCS-moderated [safe-harbor]",20250724,"ntgt30",0.112373598549467
"simcrispr-interaction-v1","BARCS-moderated [safe-harbor]",20250724,"ntgt31",0.115505747772089
"simcrispr-interaction-v1","BARCS-moderated [safe-harbor]",20250724,"ntgt32",-0.0592360395126538
"simcrispr-interaction-v1","BARCS-moderated [safe-harbor]",20250724,"ntgt34",0.0754053224748782
"simcrispr-interaction-v1","BARCS-moderated [safe-harbor]",20250724,"ntgt36",-0.0479718659180701
"simcrispr-interaction-v1","BARCS-moderated [safe-harbor]",20250724,"ntgt37",0.0615881640455046
"simcrispr-interaction-v1","BARCS-moderated [safe-harbor]",20250724,"ntgt41",-0.121170146811363
"simcrispr-interaction-v1","BARCS-moderated [safe-harbor]",20250724,"ntgt44",-0.00616678345930214
"simcrispr-interaction-v1","BARCS-moderated [safe-harbor]",20250724,"ntgt50",0.0326172037897111
"simcrispr-interaction-v1","BARCS-moderated [safe-harbor]",20250724,"ntgt52",0.0450417546158686
"simcrispr-interaction-v1","BARCS-moderated [safe-harbor]",20250724,"ntgt59",-0.000905349050406622
"simcrispr-interaction-v1","BARCS-moderated [safe-harbor]",20250724,"ntgt60",-0.0207586701910223
"simcrispr-interaction-v1","BARCS-moderated [safe-harbor]",20250724,"ntgt61",0.0307281249298543
"simcrispr-interaction-v1","BARCS-moderated [safe-harbor]",20250724,"ntgt65",0.10784988995114
"simcrispr-interaction-v1","BARCS-moderated [safe-harbor]",20250724,"ntgt66",-0.0925019792734803
"simcrispr-interaction-v1","BARCS-moderated [safe-harbor]",20250724,"ntgt69",0.00511056049989798
"simcrispr-interaction-v1","BARCS-moderated [safe-harbor]",20250724,"ntgt71",0.0178832947308904
"simcrispr-interaction-v1","BARCS-moderated [safe-harbor]",20250724,"ntgt72",0.145904754369538
"simcrispr-interaction-v1","BARCS-moderated [safe-harbor]",20250724,"ntgt74",0.0242629447310678
"simcrispr-interaction-v1","BARCS-moderated [safe-harbor]",20250724,"ntgt75",-0.0319549885654969
"simcrispr-interaction-v1","BARCS-moderated [safe-harbor]",20250724,"ntgt77",0.0695536834077575
"simcrispr-interaction-v1","BARCS-moderated [safe-harbor]",20250724,"ntgt80",-0.119826933553235
"simcrispr-interaction-v1","BARCS-moderated [safe-harbor]",20250724,"ntgt82",0.108614656276188
"simcrispr-interaction-v1","BARCS-moderated [safe-harbor]",20250724,"ntgt83",0.0670585142284453
"simcrispr-interaction-v1","BARCS-moderated [safe-harbor]",20250724,"ntgt87",0.088133143368494
"simcrispr-interaction-v1","BARCS-moderated [safe-harbor]",20250724,"ntgt89",0.0764928646786467
"simcrispr-interaction-v1","BARCS-moderated [safe-harbor]",20250724,"ntgt90",0.0813264299192883
"simcrispr-interaction-v1","BARCS-moderated [safe-harbor]",20250724,"ntgt94",-0.0279131050409935
"simcrispr-interaction-v1","BARCS-moderated [safe-harbor]",20250724,"ntgt97",0.0727905097130715
"simcrispr-interaction-v1","BARCS-moderated [safe-harbor]",20250724,"ntgt104",0.0978743969591966
"simcrispr-interaction-v1","BARCS-moderated [safe-harbor]",20250724,"ntgt107",0.0757148548911041
"simcrispr-interaction-v1","BARCS-moderated [safe-harbor]",20250724,"ntgt110",0.0412296424614181
"simcrispr-interaction-v1","BARCS-moderated [safe-harbor]",20250724,"ntgt111",-0.0484730854675887
"simcrispr-interaction-v1","BARCS-moderated [safe-harbor]",20250724,"ntgt113",-0.123119390926583
"simcrispr-interaction-v1","BARCS-moderated [safe-harbor]",20250724,"ntgt114",0.0972709503275949
"simcrispr-interaction-v1","BARCS-moderated [safe-harbor]",20250724,"ntgt115",0.06546029099258
"simcrispr-interaction-v1","BARCS-moderated [safe-harbor]",20250724,"ntgt116",-0.0689802558934884
"simcrispr-interaction-v1","BARCS-moderated [safe-harbor]",20250724,"ntgt119",0.0327407488669329
"simcrispr-interaction-v1","BARCS-moderated [safe-harbor]",20250724,"ntgt120",-0.0413339521031578
"simcrispr-interaction-v1","BARCS-moderated [safe-harbor]",20250724,"ntgt121",0.12497597573847
"simcrispr-interaction-v1","BARCS-moderated [safe-harbor]",20250724,"ntgt122",-0.0657808004557158
"simcrispr-interaction-v1","BARCS-moderated [safe-harbor]",20250724,"ntgt125",-0.0126338305100783
"simcrispr-interaction-v1","BARCS-moderated [safe-harbor]",20250724,"ntgt127",-0.0999501855458707
"simcrispr-interaction-v1","BARCS-moderated [safe-harbor]",20250724,"ntgt128",-0.0681099178155652
"simcrispr-interaction-v1","BARCS-moderated [safe-harbor]",20250724,"ntgt131",0.0625472008989797
"simcrispr-interaction-v1","BARCS-moderated [safe-harbor]",20250724,"ntgt138",-0.0554233199312792
"simcrispr-interaction-v1","BARCS-moderated [safe-harbor]",20250724,"ntgt140",-0.011280853195219
"simcrispr-interaction-v1","BARCS-moderated [safe-harbor]",20250724,"ntgt141",0.0650499047060446
"simcrispr-interaction-v1","BARCS-moderated [safe-harbor]",20250724,"ntgt143",-0.0300999556303208
"simcrispr-interaction-v1","BARCS-moderated [safe-harbor]",20250724,"ntgt144",0.142630211698532
"simcrispr-interaction-v1","BARCS-moderated [safe-harbor]",20250724,"ntgt145",-0.0439520448636104
"simcrispr-interaction-v1","BARCS-moderated [safe-harbor]",20250724,"ntgt146",-0.0274312299634968
"simcrispr-interaction-v1","BARCS-moderated [safe-harbor]",20250724,"ntgt147",0.0481746493665797
"simcrispr-interaction-v1","BARCS-moderated [safe-harbor]",20250724,"ntgt148",0.0272900609840138
"simcrispr-interaction-v1","BARCS-moderated [safe-harbor]",20250724,"ntgt149",0.0483228493648562
"simcrispr-interaction-v1","BARCS-moderated [safe-harbor]",20250724,"ntgt150",0.00874391884903537
"simcrispr-interaction-v1","BARCS-moderated [safe-harbor]",20250724,"ntgt151",-0.0212359873968606
"simcrispr-interaction-v1","BARCS-moderated [safe-harbor]",20250724,"ntgt152",0.0353485705579921
"simcrispr-interaction-v1","BARCS-moderated [safe-harbor]",20250724,"ntgt154",0.0322846922083128
"simcrispr-interaction-v1","BARCS-moderated [safe-harbor]",20250724,"ntgt155",-0.0276822411855988
"simcrispr-interaction-v1","BARCS-moderated [safe-harbor]",20250724,"ntgt156",0.0714424963286286
"simcrispr-interaction-v1","BARCS-moderated [safe-harbor]",20250724,"ntgt157",0.0325848861202309
"simcrispr-interaction-v1","BARCS-moderated [safe-harbor]",20250724,"ntgt158",-0.0208817712301687
"simcrispr-interaction-v1","BARCS-moderated [safe-harbor]",20250724,"ntgt160",0.0862521906302222
"simcrispr-interaction-v1","BARCS-moderated [safe-harbor]",20250724,"ntgt162",0.0168321821335988
"simcrispr-interaction-v1","BARCS-moderated [safe-harbor]",20250724,"ntgt163",0.0756205532267061
"simcrispr-interaction-v1","BARCS-moderated [safe-harbor]",20250724,"ntgt166",0.0154286831484833
"simcrispr-interaction-v1","BARCS-moderated [safe-harbor]",20250724,"ntgt167",0.0745609709065464
"simcrispr-interaction-v1","BARCS-moderated [safe-harbor]",20250724,"ntgt173",0.00683331243468093
"simcrispr-interaction-v1","BARCS-moderated [safe-harbor]",20250724,"ntgt175",-0.028536574380659
"simcrispr-interaction-v1","BARCS-moderated [safe-harbor]",20250724,"ntgt176",-0.0364959924457175
"simcrispr-interaction-v1","BARCS-moderated [safe-harbor]",20250724,"ntgt181",0.00714881093712769
"simcrispr-interaction-v1","BARCS-moderated [safe-harbor]",20250724,"ntgt183",-0.0150202144822809
"simcrispr-interaction-v1","BARCS-moderated [safe-harbor]",20250724,"ntgt185",0.13375505618107
"simcrispr-interaction-v1","BARCS-moderated [safe-harbor]",20250724,"ntgt186",0.0656551758324785
"simcrispr-interaction-v1","BARCS-moderated [safe-harbor]",20250724,"ntgt187",-0.0405938452279278
"simcrispr-interaction-v1","BARCS-moderated [safe-harbor]",20250724,"ntgt189",0.0224302209869502
"simcrispr-interaction-v1","BARCS-moderated [safe-harbor]",20250724,"ntgt190",-0.0442651501746047
"simcrispr-interaction-v1","BARCS-moderated [safe-harbor]",20250724,"ntgt191",0.0165758757350441
"simcrispr-interaction-v1","BARCS-moderated [safe-harbor]",20250724,"ntgt192",-0.042218510878933
"simcrispr-interaction-v1","BARCS-moderated [safe-harbor]",20250724,"ntgt194",0.0718966246071509
"simcrispr-interaction-v1","BARCS-moderated [safe-harbor]",20250724,"ntgt195",-0.0186142653753377
"simcrispr-interaction-v1","BARCS-moderated [safe-harbor]",20250724,"ntgt196",-0.0169513495077587
"simcrispr-interaction-v1","BARCS-moderated [safe-harbor]",20250724,"ntgt199",0.0989764188829014
"simcrispr-interaction-v1","BARCS-moderated [safe-harbor]",20250724,"ntgt202",-0.0783752267895943
"simcrispr-interaction-v1","BARCS-moderated [safe-harbor]",20250724,"ntgt205",0.0292895161050753
"simcrispr-interaction-v1","BARCS-moderated [safe-harbor]",20250724,"ntgt208",0.0526922389514029
"simcrispr-interaction-v1","BARCS-moderated [safe-harbor]",20250724,"ntgt210",-0.0818005044498962
"simcrispr-interaction-v1","BARCS-moderated [safe-harbor]",20250724,"ntgt213",-0.00710693340396537
"simcrispr-interaction-v1","BARCS-moderated [safe-harbor]",20250724,"ntgt214",-0.007469314426977
"simcrispr-interaction-v1","BARCS-moderated [safe-harbor]",20250724,"ntgt215",0.0834640647800906
"simcrispr-interaction-v1","BARCS-moderated [safe-harbor]",20250724,"ntgt221",0.0302519719993535
"simcrispr-interaction-v1","BARCS-moderated [safe-harbor]",20250724,"ntgt223",-0.00668129174511903
"simcrispr-interaction-v1","BARCS-moderated [safe-harbor]",20250724,"ntgt225",-0.0544650325499704
"simcrispr-interaction-v1","BARCS-moderated [safe-harbor]",20250724,"ntgt227",0.041367763463565
"simcrispr-interaction-v1","BARCS-moderated [safe-harbor]",20250724,"ntgt228",0.0237941307238507
"simcrispr-interaction-v1","BARCS-moderated [safe-harbor]",20250724,"ntgt229",-0.00532475746597413
"simcrispr-interaction-v1","BARCS-moderated [safe-harbor]",20250724,"ntgt230",0.0681207288391343
"simcrispr-interaction-v1","BARCS-moderated [safe-harbor]",20250724,"ntgt231",0.0129476254353491
"simcrispr-interaction-v1","BARCS-moderated [safe-harbor]",20250724,"ntgt232",-0.105151259254007
"simcrispr-interaction-v1","BARCS-moderated [safe-harbor]",20250724,"ntgt234",-0.0139717237086596
"simcrispr-interaction-v1","BARCS-moderated [safe-harbor]",20250724,"ntgt238",0.0673044820099108
"simcrispr-interaction-v1","BARCS-moderated [safe-harbor]",20250724,"ntgt241",-0.151352315799153
"simcrispr-interaction-v1","BARCS-moderated [safe-harbor]",20250724,"ntgt242",0.0980313669604118
"simcrispr-interaction-v1","BARCS-moderated [safe-harbor]",20250724,"ntgt245",0.00835633496285445
"simcrispr-interaction-v1","BARCS-moderated [safe-harbor]",20250724,"ntgt246",-0.000510069343162353
"simcrispr-interaction-v1","BARCS-moderated [safe-harbor]",20250724,"ntgt248",0.0679577129668362
"simcrispr-interaction-v1","BARCS-moderated [safe-harbor]",20250724,"ntgt250",0.132092021575674
"simcrispr-interaction-v1","BARCS-moderated [safe-harbor]",20250724,"ntgt253",0.0561443145468891
"simcrispr-interaction-v1","BARCS-moderated [safe-harbor]",20250724,"ntgt255",0.0159721900769353
"simcrispr-interaction-v1","BARCS-moderated [safe-harbor]",20250724,"ntgt258",-0.00707929557978146
"simcrispr-interaction-v1","BARCS-moderated [safe-harbor]",20250724,"ntgt259",0.062865644805936
"simcrispr-interaction-v1","BARCS-moderated [safe-harbor]",20250724,"ntgt260",0.0304021493529919
"simcrispr-interaction-v1","BARCS-moderated [safe-harbor]",20250724,"ntgt264",0.0575083019088795
"simcrispr-interaction-v1","BARCS-moderated [safe-harbor]",20250724,"ntgt265",-0.0962520749049802
"simcrispr-interaction-v1","BARCS-moderated [safe-harbor]",20250724,"ntgt266",0.0429888368448974
"simcrispr-interaction-v1","BARCS-moderated [safe-harbor]",20250724,"ntgt269",0.120282924453437
"simcrispr-interaction-v1","BARCS-moderated [safe-harbor]",20250724,"ntgt272",-0.0188200511116546
"simcrispr-interaction-v1","BARCS-moderated [safe-harbor]",20250724,"ntgt273",-0.0483343082580219
"simcrispr-interaction-v1","BARCS-moderated [safe-harbor]",20250724,"ntgt275",-0.0365760266353325
"simcrispr-interaction-v1","BARCS-moderated [safe-harbor]",20250724,"ntgt276",0.00444841696729157
"simcrispr-interaction-v1","BARCS-moderated [safe-harbor]",20250724,"ntgt277",-0.0153359661911105
"simcrispr-interaction-v1","BARCS-moderated [safe-harbor]",20250724,"ntgt278",-0.108222305801452
"simcrispr-interaction-v1","BARCS-moderated [safe-harbor]",20250724,"ntgt279",-0.00202718369444632
"simcrispr-interaction-v1","BARCS-moderated [safe-harbor]",20250724,"ntgt280",0.0530048241172461
"simcrispr-interaction-v1","BARCS-moderated [safe-harbor]",20250724,"ntgt281",0.104760730399447
"simcrispr-interaction-v1","BARCS-moderated [safe-harbor]",20250724,"ntgt286",-0.0174861661407241
"simcrispr-interaction-v1","BARCS-moderated [safe-harbor]",20250724,"ntgt287",-0.0267798858167293
"simcrispr-interaction-v1","BARCS-moderated [safe-harbor]",20250724,"ntgt289",0.0268065356637904
"simcrispr-interaction-v1","BARCS-moderated [safe-harbor]",20250724,"ntgt290",0.0949681312764063
"simcrispr-interaction-v1","BARCS-moderated [safe-harbor]",20250724,"ntgt292",-0.0122164855813261
"simcrispr-interaction-v1","BARCS-moderated [safe-harbor]",20250724,"ntgt293",-0.0285941980129018
"simcrispr-interaction-v1","BARCS-moderated [safe-harbor]",20250724,"ntgt295",0.0814728707437318
"simcrispr-interaction-v1","BARCS-moderated [safe-harbor]",20250724,"ntgt297",0.0177951355017704
"simcrispr-interaction-v1","BARCS-moderated [safe-harbor]",20250724,"ntgt299",-0.0372246349523119
"simcrispr-interaction-v1","BARCS-moderated [safe-harbor]",20250724,"ntgt300",0.142790781987474
"simcrispr-interaction-v1","MAGeCK-MLE [non-targeting]",20250724,"ntgt2",0.01872
"simcrispr-interaction-v1","MAGeCK-MLE [non-targeting]",20250724,"ntgt4",0.038957
"simcrispr-interaction-v1","MAGeCK-MLE [non-targeting]",20250724,"ntgt10",-0.065147
"simcrispr-interaction-v1","MAGeCK-MLE [non-targeting]",20250724,"ntgt11",0.031505
"simcrispr-interaction-v1","MAGeCK-MLE [non-targeting]",20250724,"ntgt13",-0.046139
"simcrispr-interaction-v1","MAGeCK-MLE [non-targeting]",20250724,"ntgt14",0.036889
"simcrispr-interaction-v1","MAGeCK-MLE [non-targeting]",20250724,"ntgt16",-0.028708
"simcrispr-interaction-v1","MAGeCK-MLE [non-targeting]",20250724,"ntgt17",0.012754
"simcrispr-interaction-v1","MAGeCK-MLE [non-targeting]",20250724,"ntgt18",-0.05521
"simcrispr-interaction-v1","MAGeCK-MLE [non-targeting]",20250724,"ntgt19",0.068192
"simcrispr-interaction-v1","MAGeCK-MLE [non-targeting]",20250724,"ntgt20",0.028486
"simcrispr-interaction-v1","MAGeCK-MLE [non-targeting]",20250724,"ntgt21",-0.043233
"simcrispr-interaction-v1","MAGeCK-MLE [non-targeting]",20250724,"ntgt24",-0.062102
"simcrispr-interaction-v1","MAGeCK-MLE [non-targeting]",20250724,"ntgt29",-0.0013722
"simcrispr-interaction-v1","MAGeCK-MLE [non-targeting]",20250724,"ntgt30",0.11692
"simcrispr-interaction-v1","MAGeCK-MLE [non-targeting]",20250724,"ntgt31",0.11008
"simcrispr-interaction-v1","MAGeCK-MLE [non-targeting]",20250724,"ntgt32",-0.075332
"simcrispr-interaction-v1","MAGeCK-MLE [non-targeting]",20250724,"ntgt34",0.074202
"simcrispr-interaction-v1","MAGeCK-MLE [non-targeting]",20250724,"ntgt36",-0.054483
"simcrispr-interaction-v1","MAGeCK-MLE [non-targeting]",20250724,"ntgt37",0.052102
"simcrispr-interaction-v1","MAGeCK-MLE [non-targeting]",20250724,"ntgt41",-0.11859
"simcrispr-interaction-v1","MAGeCK-MLE [non-targeting]",20250724,"ntgt44",-0.0072939
"simcrispr-interaction-v1","MAGeCK-MLE [non-targeting]",20250724,"ntgt50",0.031068
"simcrispr-interaction-v1","MAGeCK-MLE [non-targeting]",20250724,"ntgt52",0.048356
"simcrispr-interaction-v1","MAGeCK-MLE [non-targeting]",20250724,"ntgt59",-0.00091722
"simcrispr-interaction-v1","MAGeCK-MLE [non-targeting]",20250724,"ntgt60",-0.021572
"simcrispr-interaction-v1","MAGeCK-MLE [non-targeting]",20250724,"ntgt61",0.033067
"simcrispr-interaction-v1","MAGeCK-MLE [non-targeting]",20250724,"ntgt65",0.1049
"simcrispr-interaction-v1","MAGeCK-MLE [non-targeting]",20250724,"ntgt66",-0.098388
"simcrispr-interaction-v1","MAGeCK-MLE [non-targeting]",20250724,"ntgt69",0.0097067
"simcrispr-interaction-v1","MAGeCK-MLE [non-targeting]",20250724,"ntgt71",0.0066174
"simcrispr-interaction-v1","MAGeCK-MLE [non-targeting]",20250724,"ntgt72",0.13511
"simcrispr-interaction-v1","MAGeCK-MLE [non-targeting]",20250724,"ntgt74",0.028293
"simcrispr-interaction-v1","MAGeCK-MLE [non-targeting]",20250724,"ntgt75",-0.036421
"simcrispr-interaction-v1","MAGeCK-MLE [non-targeting]",20250724,"ntgt77",0.065009
"simcrispr-interaction-v1","MAGeCK-MLE [non-targeting]",20250724,"ntgt80",-0.12669
"simcrispr-interaction-v1","MAGeCK-MLE [non-targeting]",20250724,"ntgt82",0.097519
"simcrispr-interaction-v1","MAGeCK-MLE [non-targeting]",20250724,"ntgt83",0.044132
"simcrispr-interaction-v1","MAGeCK-MLE [non-targeting]",20250724,"ntgt87",0.079748
"simcrispr-interaction-v1","MAGeCK-MLE [non-targeting]",20250724,"ntgt89",0.073035
"simcrispr-interaction-v1","MAGeCK-MLE [non-targeting]",20250724,"ntgt90",0.072221
"simcrispr-interaction-v1","MAGeCK-MLE [non-targeting]",20250724,"ntgt94",-0.021528
"simcrispr-interaction-v1","MAGeCK-MLE [non-targeting]",20250724,"ntgt97",0.056749
"simcrispr-interaction-v1","MAGeCK-MLE [non-targeting]",20250724,"ntgt104",0.095335
"simcrispr-interaction-v1","MAGeCK-MLE [non-targeting]",20250724,"ntgt107",0.074457
"simcrispr-interaction-v1","MAGeCK-MLE [non-targeting]",20250724,"ntgt110",0.02984
"simcrispr-interaction-v1","MAGeCK-MLE [non-targeting]",20250724,"ntgt111",-0.046284
"simcrispr-interaction-v1","MAGeCK-MLE [non-targeting]",20250724,"ntgt113",-0.11487
"simcrispr-interaction-v1","MAGeCK-MLE [non-targeting]",20250724,"ntgt114",0.098629
"simcrispr-interaction-v1","MAGeCK-MLE [non-targeting]",20250724,"ntgt115",0.054789
"simcrispr-interaction-v1","MAGeCK-MLE [non-targeting]",20250724,"ntgt116",-0.066378
"simcrispr-interaction-v1","MAGeCK-MLE [non-targeting]",20250724,"ntgt119",0.030884
"simcrispr-interaction-v1","MAGeCK-MLE [non-targeting]",20250724,"ntgt120",-0.039718
"simcrispr-interaction-v1","MAGeCK-MLE [non-targeting]",20250724,"ntgt121",0.11764
"simcrispr-interaction-v1","MAGeCK-MLE [non-targeting]",20250724,"ntgt122",-0.068957
"simcrispr-interaction-v1","MAGeCK-MLE [non-targeting]",20250724,"ntgt125",-0.023184
"simcrispr-interaction-v1","MAGeCK-MLE [non-targeting]",20250724,"ntgt127",-0.11087
"simcrispr-interaction-v1","MAGeCK-MLE [non-targeting]",20250724,"ntgt128",-0.077147
"simcrispr-interaction-v1","MAGeCK-MLE [non-targeting]",20250724,"ntgt131",0.053112
"simcrispr-interaction-v1","MAGeCK-MLE [non-targeting]",20250724,"ntgt138",-0.043478
"simcrispr-interaction-v1","MAGeCK-MLE [non-targeting]",20250724,"ntgt140",-0.015115
"simcrispr-interaction-v1","MAGeCK-MLE [non-targeting]",20250724,"ntgt141",0.057794
"simcrispr-interaction-v1","MAGeCK-MLE [non-targeting]",20250724,"ntgt143",-0.037863
"simcrispr-interaction-v1","MAGeCK-MLE [non-targeting]",20250724,"ntgt144",0.14338
"simcrispr-interaction-v1","MAGeCK-MLE [non-targeting]",20250724,"ntgt145",-0.049444
"simcrispr-interaction-v1","MAGeCK-MLE [non-targeting]",20250724,"ntgt146",-0.043885
"simcrispr-interaction-v1","MAGeCK-MLE [non-targeting]",20250724,"ntgt147",0.044277
"simcrispr-interaction-v1","MAGeCK-MLE [non-targeting]",20250724,"ntgt148",0.039488
"simcrispr-interaction-v1","MAGeCK-MLE [non-targeting]",20250724,"ntgt149",0.038213
"simcrispr-interaction-v1","MAGeCK-MLE [non-targeting]",20250724,"ntgt150",0.010667
"simcrispr-interaction-v1","MAGeCK-MLE [non-targeting]",20250724,"ntgt151",-0.019728
"simcrispr-interaction-v1","MAGeCK-MLE [non-targeting]",20250724,"ntgt152",0.026695
"simcrispr-interaction-v1","MAGeCK-MLE [non-targeting]",20250724,"ntgt154",0.020364
"simcrispr-interaction-v1","MAGeCK-MLE [non-targeting]",20250724,"ntgt155",-0.027869
"simcrispr-interaction-v1","MAGeCK-MLE [non-targeting]",20250724,"ntgt156",0.068024
"simcrispr-interaction-v1","MAGeCK-MLE [non-targeting]",20250724,"ntgt157",0.027713
"simcrispr-interaction-v1","MAGeCK-MLE [non-targeting]",20250724,"ntgt158",-0.026458
"simcrispr-interaction-v1","MAGeCK-MLE [non-targeting]",20250724,"ntgt160",0.08193
"simcrispr-interaction-v1","MAGeCK-MLE [non-targeting]",20250724,"ntgt162",0.014824
"simcrispr-interaction-v1","MAGeCK-MLE [non-targeting]",20250724,"ntgt163",0.065766
"simcrispr-interaction-v1","MAGeCK-MLE [non-targeting]",20250724,"ntgt166",0.018843
"simcrispr-interaction-v1","MAGeCK-MLE [non-targeting]",20250724,"ntgt167",0.068805
"simcrispr-interaction-v1","MAGeCK-MLE [non-targeting]",20250724,"ntgt173",0.0036014
"simcrispr-interaction-v1","MAGeCK-MLE [non-targeting]",20250724,"ntgt175",-0.043617
"simcrispr-interaction-v1","MAGeCK-MLE [non-targeting]",20250724,"ntgt176",-0.046381
"simcrispr-interaction-v1","MAGeCK-MLE [non-targeting]",20250724,"ntgt181",0.0053407
"simcrispr-interaction-v1","MAGeCK-MLE [non-targeting]",20250724,"ntgt183",-0.022555
"simcrispr-interaction-v1","MAGeCK-MLE [non-targeting]",20250724,"ntgt185",0.13284
"simcrispr-interaction-v1","MAGeCK-MLE [non-targeting]",20250724,"ntgt186",0.066668
"simcrispr-interaction-v1","MAGeCK-MLE [non-targeting]",20250724,"ntgt187",-0.041947
"simcrispr-interaction-v1","MAGeCK-MLE [non-targeting]",20250724,"ntgt189",0.01035
"simcrispr-interaction-v1","MAGeCK-MLE [non-targeting]",20250724,"ntgt190",-0.043597
"simcrispr-interaction-v1","MAGeCK-MLE [non-targeting]",20250724,"ntgt191",0.003097
"simcrispr-interaction-v1","MAGeCK-MLE [non-targeting]",20250724,"ntgt192",-0.054579
"simcrispr-interaction-v1","MAGeCK-MLE [non-targeting]",20250724,"ntgt194",0.066273
"simcrispr-interaction-v1","MAGeCK-MLE [non-targeting]",20250724,"ntgt195",-0.026084
"simcrispr-interaction-v1","MAGeCK-MLE [non-targeting]",20250724,"ntgt196",-0.025924
"simcrispr-interaction-v1","MAGeCK-MLE [non-targeting]",20250724,"ntgt199",0.10105
"simcrispr-interaction-v1","MAGeCK-MLE [non-targeting]",20250724,"ntgt202",-0.083646
"simcrispr-interaction-v1","MAGeCK-MLE [non-targeting]",20250724,"ntgt205",0.022496
"simcrispr-interaction-v1","MAGeCK-MLE [non-targeting]",20250724,"ntgt208",0.033032
"simcrispr-interaction-v1","MAGeCK-MLE [non-targeting]",20250724,"ntgt210",-0.076359
"simcrispr-interaction-v1","MAGeCK-MLE [non-targeting]",20250724,"ntgt213",-0.0019214
"simcrispr-interaction-v1","MAGeCK-MLE [non-targeting]",20250724,"ntgt214",-0.0068138
"simcrispr-interaction-v1","MAGeCK-MLE [non-targeting]",20250724,"ntgt215",0.07635
"simcrispr-interaction-v1","MAGeCK-MLE [non-targeting]",20250724,"ntgt221",0.039102
"simcrispr-interaction-v1","MAGeCK-MLE [non-targeting]",20250724,"ntgt223",-0.00093951
"simcrispr-interaction-v1","MAGeCK-MLE [non-targeting]",20250724,"ntgt225",-0.053696
"simcrispr-interaction-v1","MAGeCK-MLE [non-targeting]",20250724,"ntgt227",0.030939
"simcrispr-interaction-v1","MAGeCK-MLE [non-targeting]",20250724,"ntgt228",0.0141
"simcrispr-interaction-v1","MAGeCK-MLE [non-targeting]",20250724,"ntgt229",-0.014237
"simcrispr-interaction-v1","MAGeCK-MLE [non-targeting]",20250724,"ntgt230",0.069793
"simcrispr-interaction-v1","MAGeCK-MLE [non-targeting]",20250724,"ntgt231",0.0076761
"simcrispr-interaction-v1","MAGeCK-MLE [non-targeting]",20250724,"ntgt232",-0.099447
"simcrispr-interaction-v1","MAGeCK-MLE [non-targeting]",20250724,"ntgt234",-0.012876
"simcrispr-interaction-v1","MAGeCK-MLE [non-targeting]",20250724,"ntgt238",0.068178
"simcrispr-interaction-v1","MAGeCK-MLE [non-targeting]",20250724,"ntgt241",-0.15272
"simcrispr-interaction-v1","MAGeCK-MLE [non-targeting]",20250724,"ntgt242",0.0953
"simcrispr-interaction-v1","MAGeCK-MLE [non-targeting]",20250724,"ntgt245",0.001822
"simcrispr-interaction-v1","MAGeCK-MLE [non-targeting]",20250724,"ntgt246",0.0094256
"simcrispr-interaction-v1","MAGeCK-MLE [non-targeting]",20250724,"ntgt248",0.059847
"simcrispr-interaction-v1","MAGeCK-MLE [non-targeting]",20250724,"ntgt250",0.13697
"simcrispr-interaction-v1","MAGeCK-MLE [non-targeting]",20250724,"ntgt253",0.047686
"simcrispr-interaction-v1","MAGeCK-MLE [non-targeting]",20250724,"ntgt255",0.00047963
"simcrispr-interaction-v1","MAGeCK-MLE [non-targeting]",20250724,"ntgt258",-0.011785
"simcrispr-interaction-v1","MAGeCK-MLE [non-targeting]",20250724,"ntgt259",0.063395
"simcrispr-interaction-v1","MAGeCK-MLE [non-targeting]",20250724,"ntgt260",0.027484
"simcrispr-interaction-v1","MAGeCK-MLE [non-targeting]",20250724,"ntgt264",0.061662
"simcrispr-interaction-v1","MAGeCK-MLE [non-targeting]",20250724,"ntgt265",-0.099721
"simcrispr-interaction-v1","MAGeCK-MLE [non-targeting]",20250724,"ntgt266",0.043183
"simcrispr-interaction-v1","MAGeCK-MLE [non-targeting]",20250724,"ntgt269",0.11421
"simcrispr-interaction-v1","MAGeCK-MLE [non-targeting]",20250724,"ntgt272",-0.020926
"simcrispr-interaction-v1","MAGeCK-MLE [non-targeting]",20250724,"ntgt273",-0.052573
"simcrispr-interaction-v1","MAGeCK-MLE [non-targeting]",20250724,"ntgt275",-0.046808
"simcrispr-interaction-v1","MAGeCK-MLE [non-targeting]",20250724,"ntgt276",-0.0056487
"simcrispr-interaction-v1","MAGeCK-MLE [non-targeting]",20250724,"ntgt277",-0.017698
"simcrispr-interaction-v1","MAGeCK-MLE [non-targeting]",20250724,"ntgt278",-0.12161
"simcrispr-interaction-v1","MAGeCK-MLE [non-targeting]",20250724,"ntgt279",-0.010184
"simcrispr-interaction-v1","MAGeCK-MLE [non-targeting]",20250724,"ntgt280",0.060126
"simcrispr-interaction-v1","MAGeCK-MLE [non-targeting]",20250724,"ntgt281",0.10196
"simcrispr-interaction-v1","MAGeCK-MLE [non-targeting]",20250724,"ntgt286",-0.01593
"simcrispr-interaction-v1","MAGeCK-MLE [non-targeting]",20250724,"ntgt287",-0.041166
"simcrispr-interaction-v1","MAGeCK-MLE [non-targeting]",20250724,"ntgt289",0.027957
"simcrispr-interaction-v1","MAGeCK-MLE [non-targeting]",20250724,"ntgt290",0.078082
"simcrispr-interaction-v1","MAGeCK-MLE [non-targeting]",20250724,"ntgt292",-0.02007
"simcrispr-interaction-v1","MAGeCK-MLE [non-targeting]",20250724,"ntgt293",-0.029784
"simcrispr-interaction-v1","MAGeCK-MLE [non-targeting]",20250724,"ntgt295",0.075441
"simcrispr-interaction-v1","MAGeCK-MLE [non-targeting]",20250724,"ntgt297",0.023387
"simcrispr-interaction-v1","MAGeCK-MLE [non-targeting]",20250724,"ntgt299",-0.042944
"simcrispr-interaction-v1","MAGeCK-MLE [non-targeting]",20250724,"ntgt300",0.13748
"simcrispr-interaction-v1","BARCS-original [library]",20250725,"ntgt1",0.157686301928168
"simcrispr-interaction-v1","BARCS-original [library]",20250725,"ntgt4",0.229893909138353
"simcrispr-interaction-v1","BARCS-original [library]",20250725,"ntgt9",0.223569759214832
"simcrispr-interaction-v1","BARCS-original [library]",20250725,"ntgt15",0.295159992425766
"simcrispr-interaction-v1","BARCS-original [library]",20250725,"ntgt17",0.162629619957439
"simcrispr-interaction-v1","BARCS-original [library]",20250725,"ntgt18",0.0502639027902209
"simcrispr-interaction-v1","BARCS-original [library]",20250725,"ntgt19",0.227900807844834
"simcrispr-interaction-v1","BARCS-original [library]",20250725,"ntgt23",0.171769201657708
"simcrispr-interaction-v1","BARCS-original [library]",20250725,"ntgt24",0.303515101586064
"simcrispr-interaction-v1","BARCS-original [library]",20250725,"ntgt29",0.241151820924597
"simcrispr-interaction-v1","BARCS-original [library]",20250725,"ntgt30",0.222466507509128
"simcrispr-interaction-v1","BARCS-original [library]",20250725,"ntgt31",0.241358401035647
"simcrispr-interaction-v1","BARCS-original [library]",20250725,"ntgt34",0.22432414750224
"simcrispr-interaction-v1","BARCS-original [library]",20250725,"ntgt35",0.180876567632605
"simcrispr-interaction-v1","BARCS-original [library]",20250725,"ntgt36",0.214328007511453
"simcrispr-interaction-v1","BARCS-original [library]",20250725,"ntgt41",0.23265743366253
"simcrispr-interaction-v1","BARCS-original [library]",20250725,"ntgt42",0.290979478981669
"simcrispr-interaction-v1","BARCS-original [library]",20250725,"ntgt46",0.191976200931783
"simcrispr-interaction-v1","BARCS-original [library]",20250725,"ntgt47",0.205493741224883
"simcrispr-interaction-v1","BARCS-original [library]",20250725,"ntgt48",0.297308349300435
"simcrispr-interaction-v1","BARCS-original [library]",20250725,"ntgt49",0.274438677204922
"simcrispr-interaction-v1","BARCS-original [library]",20250725,"ntgt53",0.275523190035279
"simcrispr-interaction-v1","BARCS-original [library]",20250725,"ntgt54",0.211067152252901
"simcrispr-interaction-v1","BARCS-original [library]",20250725,"ntgt55",0.0389475683057862
"simcrispr-interaction-v1","BARCS-original [library]",20250725,"ntgt56",0.260416825904566
"simcrispr-interaction-v1","BARCS-original [library]",20250725,"ntgt57",0.181895864860119
"simcrispr-interaction-v1","BARCS-original [library]",20250725,"ntgt60",0.229548880434477
"simcrispr-interaction-v1","BARCS-original [library]",20250725,"ntgt62",0.116080428848174
"simcrispr-interaction-v1","BARCS-original [library]",20250725,"ntgt64",0.209654834387872
"simcrispr-interaction-v1","BARCS-original [library]",20250725,"ntgt66",0.213150176178487
"simcrispr-interaction-v1","BARCS-original [library]",20250725,"ntgt67",0.246072964174777
"simcrispr-interaction-v1","BARCS-original [library]",20250725,"ntgt68",0.132318837039876
"simcrispr-interaction-v1","BARCS-original [library]",20250725,"ntgt69",0.11291375405684
"simcrispr-interaction-v1","BARCS-original [library]",20250725,"ntgt73",0.161962772420507
"simcrispr-interaction-v1","BARCS-original [library]",20250725,"ntgt75",0.133590195152723
"simcrispr-interaction-v1","BARCS-original [library]",20250725,"ntgt76",0.260296043244883
"simcrispr-interaction-v1","BARCS-original [library]",20250725,"ntgt77",0.18361078544
"simcrispr-interaction-v1","BARCS-original [library]",20250725,"ntgt78",0.139042978733183
"simcrispr-interaction-v1","BARCS-original [library]",20250725,"ntgt82",0.221704999429954
"simcrispr-interaction-v1","BARCS-original [library]",20250725,"ntgt83",0.261389017785582
"simcrispr-interaction-v1","BARCS-original [library]",20250725,"ntgt86",0.222753028170887
"simcrispr-interaction-v1","BARCS-original [library]",20250725,"ntgt87",0.190267277320844
"simcrispr-interaction-v1","BARCS-original [library]",20250725,"ntgt89",0.117130835706083
"simcrispr-interaction-v1","BARCS-original [library]",20250725,"ntgt90",0.12237549808456
"simcrispr-interaction-v1","BARCS-original [library]",20250725,"ntgt91",0.176920617199751
"simcrispr-interaction-v1","BARCS-original [library]",20250725,"ntgt93",0.153503948839534
"simcrispr-interaction-v1","BARCS-original [library]",20250725,"ntgt96",0.208490192730157
"simcrispr-interaction-v1","BARCS-original [library]",20250725,"ntgt97",0.185200203448387
"simcrispr-interaction-v1","BARCS-original [library]",20250725,"ntgt100",0.153099250462026
"simcrispr-interaction-v1","BARCS-original [library]",20250725,"ntgt101",0.192099600621874
"simcrispr-interaction-v1","BARCS-original [library]",20250725,"ntgt102",0.256129433858353
"simcrispr-interaction-v1","BARCS-original [library]",20250725,"ntgt103",0.132659998467995
"simcrispr-interaction-v1","BARCS-original [library]",20250725,"ntgt104",0.204440346915517
"simcrispr-interaction-v1","BARCS-original [library]",20250725,"ntgt105",0.257358249218128
"simcrispr-interaction-v1","BARCS-original [library]",20250725,"ntgt106",0.177187042066101
"simcrispr-interaction-v1","BARCS-original [library]",20250725,"ntgt107",0.193614246000615
"simcrispr-interaction-v1","BARCS-original [library]",20250725,"ntgt108",0.300881696396823
"simcrispr-interaction-v1","BARCS-original [library]",20250725,"ntgt109",0.312966546563117
"simcrispr-interaction-v1","BARCS-original [library]",20250725,"ntgt110",0.20481138946081
"simcrispr-interaction-v1","BARCS-original [library]",20250725,"ntgt114",0.267937651563277
"simcrispr-interaction-v1","BARCS-original [library]",20250725,"ntgt121",0.29563274119235
"simcrispr-interaction-v1","BARCS-original [library]",20250725,"ntgt122",0.24821740151704
"simcrispr-interaction-v1","BARCS-original [library]",20250725,"ntgt123",0.166828424514922
"simcrispr-interaction-v1","BARCS-original [library]",20250725,"ntgt124",0.216494932894295
"simcrispr-interaction-v1","BARCS-original [library]",20250725,"ntgt125",0.180388717287317
"simcrispr-interaction-v1","BARCS-original [library]",20250725,"ntgt127",0.106455172342957
"simcrispr-interaction-v1","BARCS-original [library]",20250725,"ntgt130",0.116911828631156
"simcrispr-interaction-v1","BARCS-original [library]",20250725,"ntgt131",0.204115261718574
"simcrispr-interaction-v1","BARCS-original [library]",20250725,"ntgt132",0.205692605646978
"simcrispr-interaction-v1","BARCS-original [library]",20250725,"ntgt136",0.201561837793485
"simcrispr-interaction-v1","BARCS-original [library]",20250725,"ntgt138",0.218492966274122
"simcrispr-interaction-v1","BARCS-original [library]",20250725,"ntgt140",0.0309400798300908
"simcrispr-interaction-v1","BARCS-original [library]",20250725,"ntgt145",0.230282762514645
"simcrispr-interaction-v1","BARCS-original [library]",20250725,"ntgt146",0.251501254817378
"simcrispr-interaction-v1","BARCS-original [library]",20250725,"ntgt148",0.370270401211432
"simcrispr-interaction-v1","BARCS-original [library]",20250725,"ntgt150",0.249722353399313
"simcrispr-interaction-v1","BARCS-original [library]",20250725,"ntgt153",0.31827565160025
"simcrispr-interaction-v1","BARCS-original [library]",20250725,"ntgt155",0.223172190226997
"simcrispr-interaction-v1","BARCS-original [library]",20250725,"ntgt156",0.161456404649441
"simcrispr-interaction-v1","BARCS-original [library]",20250725,"ntgt158",0.317635417059131
"simcrispr-interaction-v1","BARCS-original [library]",20250725,"ntgt160",0.257783193077169
"simcrispr-interaction-v1","BARCS-original [library]",20250725,"ntgt161",0.424010832322636
"simcrispr-interaction-v1","BARCS-original [library]",20250725,"ntgt163",0.266204797415214
"simcrispr-interaction-v1","BARCS-original [library]",20250725,"ntgt164",0.203157947800853
"simcrispr-interaction-v1","BARCS-original [library]",20250725,"ntgt165",0.366422460285807
"simcrispr-interaction-v1","BARCS-original [library]",20250725,"ntgt166",0.144605629170297
"simcrispr-interaction-v1","BARCS-original [library]",20250725,"ntgt169",0.310001313091061
"simcrispr-interaction-v1","BARCS-original [library]",20250725,"ntgt174",0.285891529309326
"simcrispr-interaction-v1","BARCS-original [library]",20250725,"ntgt176",0.214614080996209
"simcrispr-interaction-v1","BARCS-original [library]",20250725,"ntgt177",0.252507417103492
"simcrispr-interaction-v1","BARCS-original [library]",20250725,"ntgt181",0.173423271075598
"simcrispr-interaction-v1","BARCS-original [library]",20250725,"ntgt182",0.281885904996415
"simcrispr-interaction-v1","BARCS-original [library]",20250725,"ntgt183",0.283524954474486
"simcrispr-interaction-v1","BARCS-original [library]",20250725,"ntgt186",0.122394840258437
"simcrispr-interaction-v1","BARCS-original [library]",20250725,"ntgt187",0.183291613116263
"simcrispr-interaction-v1","BARCS-original [library]",20250725,"ntgt190",0.226825115405926
"simcrispr-interaction-v1","BARCS-original [library]",20250725,"ntgt192",0.275397815353979
"simcrispr-interaction-v1","BARCS-original [library]",20250725,"ntgt195",0.20101111504537
"simcrispr-interaction-v1","BARCS-original [library]",20250725,"ntgt197",0.17412539596846
"simcrispr-interaction-v1","BARCS-original [library]",20250725,"ntgt198",0.199604635366214
"simcrispr-interaction-v1","BARCS-original [library]",20250725,"ntgt199",0.198753636477676
"simcrispr-interaction-v1","BARCS-original [library]",20250725,"ntgt200",0.0818457409532837
"simcrispr-interaction-v1","BARCS-original [library]",20250725,"ntgt201",0.251090844464979
"simcrispr-interaction-v1","BARCS-original [library]",20250725,"ntgt202",0.18149571457367
"simcrispr-interaction-v1","BARCS-original [library]",20250725,"ntgt203",0.255873136632453
"simcrispr-interaction-v1","BARCS-original [library]",20250725,"ntgt205",0.316765456606567
"simcrispr-interaction-v1","BARCS-original [library]",20250725,"ntgt206",0.0320416893543458
"simcrispr-interaction-v1","BARCS-original [library]",20250725,"ntgt207",0.199036658818415
"simcrispr-interaction-v1","BARCS-original [library]",20250725,"ntgt208",0.206741401056878
"simcrispr-interaction-v1","BARCS-original [library]",20250725,"ntgt209",0.146316713475151
"simcrispr-interaction-v1","BARCS-original [library]",20250725,"ntgt210",0.210200474320561
"simcrispr-interaction-v1","BARCS-original [library]",20250725,"ntgt211",0.274078614064635
"simcrispr-interaction-v1","BARCS-original [library]",20250725,"ntgt212",0.221462150420183
"simcrispr-interaction-v1","BARCS-original [library]",20250725,"ntgt215",0.168059812503052
"simcrispr-interaction-v1","BARCS-original [library]",20250725,"ntgt217",0.110788270514212
"simcrispr-interaction-v1","BARCS-original [library]",20250725,"ntgt218",0.0658807582398914
"simcrispr-interaction-v1","BARCS-original [library]",20250725,"ntgt219",0.144434404531547
"simcrispr-interaction-v1","BARCS-original [library]",20250725,"ntgt222",0.0299072627944053
"simcrispr-interaction-v1","BARCS-original [library]",20250725,"ntgt224",0.242081631799056
"simcrispr-interaction-v1","BARCS-original [library]",20250725,"ntgt228",0.223288053047631
"simcrispr-interaction-v1","BARCS-original [library]",20250725,"ntgt229",0.145167562838985
"simcrispr-interaction-v1","BARCS-original [library]",20250725,"ntgt230",0.309813792292449
"simcrispr-interaction-v1","BARCS-original [library]",20250725,"ntgt232",0.253093696280356
"simcrispr-interaction-v1","BARCS-original [library]",20250725,"ntgt234",0.296232599638752
"simcrispr-interaction-v1","BARCS-original [library]",20250725,"ntgt237",0.115350319152855
"simcrispr-interaction-v1","BARCS-original [library]",20250725,"ntgt238",0.147856458856419
"simcrispr-interaction-v1","BARCS-original [library]",20250725,"ntgt240",0.266804083949981
"simcrispr-interaction-v1","BARCS-original [library]",20250725,"ntgt245",0.281146214021907
"simcrispr-interaction-v1","BARCS-original [library]",20250725,"ntgt249",0.199228752094753
"simcrispr-interaction-v1","BARCS-original [library]",20250725,"ntgt252",0.257567155518256
"simcrispr-interaction-v1","BARCS-original [library]",20250725,"ntgt257",0.151572943283465
"simcrispr-interaction-v1","BARCS-original [library]",20250725,"ntgt258",0.273440406168999
"simcrispr-interaction-v1","BARCS-original [library]",20250725,"ntgt261",0.249750459913437
"simcrispr-interaction-v1","BARCS-original [library]",20250725,"ntgt262",0.188214535726983
"simcrispr-interaction-v1","BARCS-original [library]",20250725,"ntgt263",0.107990701403707
"simcrispr-interaction-v1","BARCS-original [library]",20250725,"ntgt264",0.0893554301630304
"simcrispr-interaction-v1","BARCS-original [library]",20250725,"ntgt266",0.0816742662780527
"simcrispr-interaction-v1","BARCS-original [library]",20250725,"ntgt268",0.168897328068559
"simcrispr-interaction-v1","BARCS-original [library]",20250725,"ntgt270",0.325254247485028
"simcrispr-interaction-v1","BARCS-original [library]",20250725,"ntgt273",0.116090495121087
"simcrispr-interaction-v1","BARCS-original [library]",20250725,"ntgt278",0.177531484724489
"simcrispr-interaction-v1","BARCS-original [library]",20250725,"ntgt280",0.190594222398788
"simcrispr-interaction-v1","BARCS-original [library]",20250725,"ntgt287",0.168289987707901
"simcrispr-interaction-v1","BARCS-original [library]",20250725,"ntgt289",0.197960682727078
"simcrispr-interaction-v1","BARCS-original [library]",20250725,"ntgt291",0.25319378079121
"simcrispr-interaction-v1","BARCS-original [library]",20250725,"ntgt292",0.250770640545891
"simcrispr-interaction-v1","BARCS-original [library]",20250725,"ntgt296",0.336842251842917
"simcrispr-interaction-v1","BARCS-original [library]",20250725,"ntgt297",0.0886586717094761
"simcrispr-interaction-v1","BARCS-original [library]",20250725,"ntgt298",0.257787180966671
"simcrispr-interaction-v1","BARCS-original [library]",20250725,"ntgt300",0.266567501301167
"simcrispr-interaction-v1","BARCS-moderated [library]",20250725,"ntgt1",0.157686301928168
"simcrispr-interaction-v1","BARCS-moderated [library]",20250725,"ntgt4",0.229893909138353
"simcrispr-interaction-v1","BARCS-moderated [library]",20250725,"ntgt9",0.223569759214832
"simcrispr-interaction-v1","BARCS-moderated [library]",20250725,"ntgt15",0.295159992425766
"simcrispr-interaction-v1","BARCS-moderated [library]",20250725,"ntgt17",0.162629619957439
"simcrispr-interaction-v1","BARCS-moderated [library]",20250725,"ntgt18",0.0502639027902209
"simcrispr-interaction-v1","BARCS-moderated [library]",20250725,"ntgt19",0.227900807844834
"simcrispr-interaction-v1","BARCS-moderated [library]",20250725,"ntgt23",0.171769201657708
"simcrispr-interaction-v1","BARCS-moderated [library]",20250725,"ntgt24",0.303515101586064
"simcrispr-interaction-v1","BARCS-moderated [library]",20250725,"ntgt29",0.241151820924597
"simcrispr-interaction-v1","BARCS-moderated [library]",20250725,"ntgt30",0.222466507509128
"simcrispr-interaction-v1","BARCS-moderated [library]",20250725,"ntgt31",0.241358401035647
"simcrispr-interaction-v1","BARCS-moderated [library]",20250725,"ntgt34",0.22432414750224
"simcrispr-interaction-v1","BARCS-moderated [library]",20250725,"ntgt35",0.180876567632605
"simcrispr-interaction-v1","BARCS-moderated [library]",20250725,"ntgt36",0.214328007511453
"simcrispr-interaction-v1","BARCS-moderated [library]",20250725,"ntgt41",0.23265743366253
"simcrispr-interaction-v1","BARCS-moderated [library]",20250725,"ntgt42",0.290979478981669
"simcrispr-interaction-v1","BARCS-moderated [library]",20250725,"ntgt46",0.191976200931783
"simcrispr-interaction-v1","BARCS-moderated [library]",20250725,"ntgt47",0.205493741224883
"simcrispr-interaction-v1","BARCS-moderated [library]",20250725,"ntgt48",0.297308349300435
"simcrispr-interaction-v1","BARCS-moderated [library]",20250725,"ntgt49",0.274438677204922
"simcrispr-interaction-v1","BARCS-moderated [library]",20250725,"ntgt53",0.275523190035279
"simcrispr-interaction-v1","BARCS-moderated [library]",20250725,"ntgt54",0.211067152252901
"simcrispr-interaction-v1","BARCS-moderated [library]",20250725,"ntgt55",0.0389475683057862
"simcrispr-interaction-v1","BARCS-moderated [library]",20250725,"ntgt56",0.260416825904566
"simcrispr-interaction-v1","BARCS-moderated [library]",20250725,"ntgt57",0.181895864860119
"simcrispr-interaction-v1","BARCS-moderated [library]",20250725,"ntgt60",0.229548880434477
"simcrispr-interaction-v1","BARCS-moderated [library]",20250725,"ntgt62",0.116080428848174
"simcrispr-interaction-v1","BARCS-moderated [library]",20250725,"ntgt64",0.209654834387872
"simcrispr-interaction-v1","BARCS-moderated [library]",20250725,"ntgt66",0.213150176178487
"simcrispr-interaction-v1","BARCS-moderated [library]",20250725,"ntgt67",0.246072964174777
"simcrispr-interaction-v1","BARCS-moderated [library]",20250725,"ntgt68",0.132318837039876
"simcrispr-interaction-v1","BARCS-moderated [library]",20250725,"ntgt69",0.11291375405684
"simcrispr-interaction-v1","BARCS-moderated [library]",20250725,"ntgt73",0.161962772420507
"simcrispr-interaction-v1","BARCS-moderated [library]",20250725,"ntgt75",0.133590195152723
"simcrispr-interaction-v1","BARCS-moderated [library]",20250725,"ntgt76",0.260296043244883
"simcrispr-interaction-v1","BARCS-moderated [library]",20250725,"ntgt77",0.18361078544
"simcrispr-interaction-v1","BARCS-moderated [library]",20250725,"ntgt78",0.139042978733183
"simcrispr-interaction-v1","BARCS-moderated [library]",20250725,"ntgt82",0.221704999429954
"simcrispr-interaction-v1","BARCS-moderated [library]",20250725,"ntgt83",0.261389017785582
"simcrispr-interaction-v1","BARCS-moderated [library]",20250725,"ntgt86",0.222753028170887
"simcrispr-interaction-v1","BARCS-moderated [library]",20250725,"ntgt87",0.190267277320844
"simcrispr-interaction-v1","BARCS-moderated [library]",20250725,"ntgt89",0.117130835706083
"simcrispr-interaction-v1","BARCS-moderated [library]",20250725,"ntgt90",0.12237549808456
"simcrispr-interaction-v1","BARCS-moderated [library]",20250725,"ntgt91",0.176920617199751
"simcrispr-interaction-v1","BARCS-moderated [library]",20250725,"ntgt93",0.153503948839534
"simcrispr-interaction-v1","BARCS-moderated [library]",20250725,"ntgt96",0.208490192730157
"simcrispr-interaction-v1","BARCS-moderated [library]",20250725,"ntgt97",0.185200203448387
"simcrispr-interaction-v1","BARCS-moderated [library]",20250725,"ntgt100",0.153099250462026
"simcrispr-interaction-v1","BARCS-moderated [library]",20250725,"ntgt101",0.192099600621874
"simcrispr-interaction-v1","BARCS-moderated [library]",20250725,"ntgt102",0.256129433858353
"simcrispr-interaction-v1","BARCS-moderated [library]",20250725,"ntgt103",0.132659998467995
"simcrispr-interaction-v1","BARCS-moderated [library]",20250725,"ntgt104",0.204440346915517
"simcrispr-interaction-v1","BARCS-moderated [library]",20250725,"ntgt105",0.257358249218128
"simcrispr-interaction-v1","BARCS-moderated [library]",20250725,"ntgt106",0.177187042066101
"simcrispr-interaction-v1","BARCS-moderated [library]",20250725,"ntgt107",0.193614246000615
"simcrispr-interaction-v1","BARCS-moderated [library]",20250725,"ntgt108",0.300881696396823
"simcrispr-interaction-v1","BARCS-moderated [library]",20250725,"ntgt109",0.312966546563117
"simcrispr-interaction-v1","BARCS-moderated [library]",20250725,"ntgt110",0.20481138946081
"simcrispr-interaction-v1","BARCS-moderated [library]",20250725,"ntgt114",0.267937651563277
"simcrispr-interaction-v1","BARCS-moderated [library]",20250725,"ntgt121",0.29563274119235
"simcrispr-interaction-v1","BARCS-moderated [library]",20250725,"ntgt122",0.24821740151704
"simcrispr-interaction-v1","BARCS-moderated [library]",20250725,"ntgt123",0.166828424514922
"simcrispr-interaction-v1","BARCS-moderated [library]",20250725,"ntgt124",0.216494932894295
"simcrispr-interaction-v1","BARCS-moderated [library]",20250725,"ntgt125",0.180388717287317
"simcrispr-interaction-v1","BARCS-moderated [library]",20250725,"ntgt127",0.106455172342957
"simcrispr-interaction-v1","BARCS-moderated [library]",20250725,"ntgt130",0.116911828631156
"simcrispr-interaction-v1","BARCS-moderated [library]",20250725,"ntgt131",0.204115261718574
"simcrispr-interaction-v1","BARCS-moderated [library]",20250725,"ntgt132",0.205692605646978
"simcrispr-interaction-v1","BARCS-moderated [library]",20250725,"ntgt136",0.201561837793485
"simcrispr-interaction-v1","BARCS-moderated [library]",20250725,"ntgt138",0.218492966274122
"simcrispr-interaction-v1","BARCS-moderated [library]",20250725,"ntgt140",0.0309400798300908
"simcrispr-interaction-v1","BARCS-moderated [library]",20250725,"ntgt145",0.230282762514645
"simcrispr-interaction-v1","BARCS-moderated [library]",20250725,"ntgt146",0.251501254817378
"simcrispr-interaction-v1","BARCS-moderated [library]",20250725,"ntgt148",0.370270401211432
"simcrispr-interaction-v1","BARCS-moderated [library]",20250725,"ntgt150",0.249722353399313
"simcrispr-interaction-v1","BARCS-moderated [library]",20250725,"ntgt153",0.31827565160025
"simcrispr-interaction-v1","BARCS-moderated [library]",20250725,"ntgt155",0.223172190226997
"simcrispr-interaction-v1","BARCS-moderated [library]",20250725,"ntgt156",0.161456404649441
"simcrispr-interaction-v1","BARCS-moderated [library]",20250725,"ntgt158",0.317635417059131
"simcrispr-interaction-v1","BARCS-moderated [library]",20250725,"ntgt160",0.257783193077169
"simcrispr-interaction-v1","BARCS-moderated [library]",20250725,"ntgt161",0.424010832322636
"simcrispr-interaction-v1","BARCS-moderated [library]",20250725,"ntgt163",0.266204797415214
"simcrispr-interaction-v1","BARCS-moderated [library]",20250725,"ntgt164",0.203157947800853
"simcrispr-interaction-v1","BARCS-moderated [library]",20250725,"ntgt165",0.366422460285807
"simcrispr-interaction-v1","BARCS-moderated [library]",20250725,"ntgt166",0.144605629170297
"simcrispr-interaction-v1","BARCS-moderated [library]",20250725,"ntgt169",0.310001313091061
"simcrispr-interaction-v1","BARCS-moderated [library]",20250725,"ntgt174",0.285891529309326
"simcrispr-interaction-v1","BARCS-moderated [library]",20250725,"ntgt176",0.214614080996209
"simcrispr-interaction-v1","BARCS-moderated [library]",20250725,"ntgt177",0.252507417103492
"simcrispr-interaction-v1","BARCS-moderated [library]",20250725,"ntgt181",0.173423271075598
"simcrispr-interaction-v1","BARCS-moderated [library]",20250725,"ntgt182",0.281885904996415
"simcrispr-interaction-v1","BARCS-moderated [library]",20250725,"ntgt183",0.283524954474486
"simcrispr-interaction-v1","BARCS-moderated [library]",20250725,"ntgt186",0.122394840258437
"simcrispr-interaction-v1","BARCS-moderated [library]",20250725,"ntgt187",0.183291613116263
"simcrispr-interaction-v1","BARCS-moderated [library]",20250725,"ntgt190",0.226825115405926
"simcrispr-interaction-v1","BARCS-moderated [library]",20250725,"ntgt192",0.275397815353979
"simcrispr-interaction-v1","BARCS-moderated [library]",20250725,"ntgt195",0.20101111504537
"simcrispr-interaction-v1","BARCS-moderated [library]",20250725,"ntgt197",0.17412539596846
"simcrispr-interaction-v1","BARCS-moderated [library]",20250725,"ntgt198",0.199604635366214
"simcrispr-interaction-v1","BARCS-moderated [library]",20250725,"ntgt199",0.198753636477676
"simcrispr-interaction-v1","BARCS-moderated [library]",20250725,"ntgt200",0.0818457409532837
"simcrispr-interaction-v1","BARCS-moderated [library]",20250725,"ntgt201",0.251090844464979
"simcrispr-interaction-v1","BARCS-moderated [library]",20250725,"ntgt202",0.18149571457367
"simcrispr-interaction-v1","BARCS-moderated [library]",20250725,"ntgt203",0.255873136632453
"simcrispr-interaction-v1","BARCS-moderated [library]",20250725,"ntgt205",0.316765456606567
"simcrispr-interaction-v1","BARCS-moderated [library]",20250725,"ntgt206",0.0320416893543458
"simcrispr-interaction-v1","BARCS-moderated [library]",20250725,"ntgt207",0.199036658818415
"simcrispr-interaction-v1","BARCS-moderated [library]",20250725,"ntgt208",0.206741401056878
"simcrispr-interaction-v1","BARCS-moderated [library]",20250725,"ntgt209",0.146316713475151
"simcrispr-interaction-v1","BARCS-moderated [library]",20250725,"ntgt210",0.210200474320561
"simcrispr-interaction-v1","BARCS-moderated [library]",20250725,"ntgt211",0.274078614064635
"simcrispr-interaction-v1","BARCS-moderated [library]",20250725,"ntgt212",0.221462150420183
"simcrispr-interaction-v1","BARCS-moderated [library]",20250725,"ntgt215",0.168059812503052
"simcrispr-interaction-v1","BARCS-moderated [library]",20250725,"ntgt217",0.110788270514212
"simcrispr-interaction-v1","BARCS-moderated [library]",20250725,"ntgt218",0.0658807582398914
"simcrispr-interaction-v1","BARCS-moderated [library]",20250725,"ntgt219",0.144434404531547
"simcrispr-interaction-v1","BARCS-moderated [library]",20250725,"ntgt222",0.0299072627944053
"simcrispr-interaction-v1","BARCS-moderated [library]",20250725,"ntgt224",0.242081631799056
"simcrispr-interaction-v1","BARCS-moderated [library]",20250725,"ntgt228",0.223288053047631
"simcrispr-interaction-v1","BARCS-moderated [library]",20250725,"ntgt229",0.145167562838985
"simcrispr-interaction-v1","BARCS-moderated [library]",20250725,"ntgt230",0.309813792292449
"simcrispr-interaction-v1","BARCS-moderated [library]",20250725,"ntgt232",0.253093696280356
"simcrispr-interaction-v1","BARCS-moderated [library]",20250725,"ntgt234",0.296232599638752
"simcrispr-interaction-v1","BARCS-moderated [library]",20250725,"ntgt237",0.115350319152855
"simcrispr-interaction-v1","BARCS-moderated [library]",20250725,"ntgt238",0.147856458856419
"simcrispr-interaction-v1","BARCS-moderated [library]",20250725,"ntgt240",0.266804083949981
"simcrispr-interaction-v1","BARCS-moderated [library]",20250725,"ntgt245",0.281146214021907
"simcrispr-interaction-v1","BARCS-moderated [library]",20250725,"ntgt249",0.199228752094753
"simcrispr-interaction-v1","BARCS-moderated [library]",20250725,"ntgt252",0.257567155518256
"simcrispr-interaction-v1","BARCS-moderated [library]",20250725,"ntgt257",0.151572943283465
"simcrispr-interaction-v1","BARCS-moderated [library]",20250725,"ntgt258",0.273440406168999
"simcrispr-interaction-v1","BARCS-moderated [library]",20250725,"ntgt261",0.249750459913437
"simcrispr-interaction-v1","BARCS-moderated [library]",20250725,"ntgt262",0.188214535726983
"simcrispr-interaction-v1","BARCS-moderated [library]",20250725,"ntgt263",0.107990701403707
"simcrispr-interaction-v1","BARCS-moderated [library]",20250725,"ntgt264",0.0893554301630304
"simcrispr-interaction-v1","BARCS-moderated [library]",20250725,"ntgt266",0.0816742662780527
"simcrispr-interaction-v1","BARCS-moderated [library]",20250725,"ntgt268",0.168897328068559
"simcrispr-interaction-v1","BARCS-moderated [library]",20250725,"ntgt270",0.325254247485028
"simcrispr-interaction-v1","BARCS-moderated [library]",20250725,"ntgt273",0.116090495121087
"simcrispr-interaction-v1","BARCS-moderated [library]",20250725,"ntgt278",0.177531484724489
"simcrispr-interaction-v1","BARCS-moderated [library]",20250725,"ntgt280",0.190594222398788
"simcrispr-interaction-v1","BARCS-moderated [library]",20250725,"ntgt287",0.168289987707901
"simcrispr-interaction-v1","BARCS-moderated [library]",20250725,"ntgt289",0.197960682727078
"simcrispr-interaction-v1","BARCS-moderated [library]",20250725,"ntgt291",0.25319378079121
"simcrispr-interaction-v1","BARCS-moderated [library]",20250725,"ntgt292",0.250770640545891
"simcrispr-interaction-v1","BARCS-moderated [library]",20250725,"ntgt296",0.336842251842917
"simcrispr-interaction-v1","BARCS-moderated [library]",20250725,"ntgt297",0.0886586717094761
"simcrispr-interaction-v1","BARCS-moderated [library]",20250725,"ntgt298",0.257787180966671
"simcrispr-interaction-v1","BARCS-moderated [library]",20250725,"ntgt300",0.266567501301167
"simcrispr-interaction-v1","BARCS-original [non-targeting]",20250725,"ntgt1",-0.0561715754214448
"simcrispr-interaction-v1","BARCS-original [non-targeting]",20250725,"ntgt4",0.0123450847142325
"simcrispr-interaction-v1","BARCS-original [non-targeting]",20250725,"ntgt9",0.00666205314126757
"simcrispr-interaction-v1","BARCS-original [non-targeting]",20250725,"ntgt15",0.0816718362119078
"simcrispr-interaction-v1","BARCS-original [non-targeting]",20250725,"ntgt17",-0.0532579010456622
"simcrispr-interaction-v1","BARCS-original [non-targeting]",20250725,"ntgt18",-0.160413735254439
"simcrispr-interaction-v1","BARCS-original [non-targeting]",20250725,"ntgt19",0.0171564266556872
"simcrispr-interaction-v1","BARCS-original [non-targeting]",20250725,"ntgt23",-0.0426890510641651
"simcrispr-interaction-v1","BARCS-original [non-targeting]",20250725,"ntgt24",0.0943565479904387
"simcrispr-interaction-v1","BARCS-original [non-targeting]",20250725,"ntgt29",0.0312521789875913
"simcrispr-interaction-v1","BARCS-original [non-targeting]",20250725,"ntgt30",0.00901636870060713
"simcrispr-interaction-v1","BARCS-original [non-targeting]",20250725,"ntgt31",0.0255332859387209
"simcrispr-interaction-v1","BARCS-original [non-targeting]",20250725,"ntgt34",0.0102682066885104
"simcrispr-interaction-v1","BARCS-original [non-targeting]",20250725,"ntgt35",-0.0352504760976249
"simcrispr-interaction-v1","BARCS-original [non-targeting]",20250725,"ntgt36",0.000119673620965599
"simcrispr-interaction-v1","BARCS-original [non-targeting]",20250725,"ntgt41",0.0188025131608869
"simcrispr-interaction-v1","BARCS-original [non-targeting]",20250725,"ntgt42",0.0732414431311687
"simcrispr-interaction-v1","BARCS-original [non-targeting]",20250725,"ntgt46",-0.0227919928679394
"simcrispr-interaction-v1","BARCS-original [non-targeting]",20250725,"ntgt47",-0.0114829903257456
"simcrispr-interaction-v1","BARCS-original [non-targeting]",20250725,"ntgt48",0.0837430944017208
"simcrispr-interaction-v1","BARCS-original [non-targeting]",20250725,"ntgt49",0.0647824712518383
"simcrispr-interaction-v1","BARCS-original [non-targeting]",20250725,"ntgt53",0.0583361506106851
"simcrispr-interaction-v1","BARCS-original [non-targeting]",20250725,"ntgt54",-0.0039144443544107
"simcrispr-interaction-v1","BARCS-original [non-targeting]",20250725,"ntgt55",-0.176782991577455
"simcrispr-interaction-v1","BARCS-original [non-targeting]",20250725,"ntgt56",0.045326146107754
"simcrispr-interaction-v1","BARCS-original [non-targeting]",20250725,"ntgt57",-0.0321633465903218
"simcrispr-interaction-v1","BARCS-original [non-targeting]",20250725,"ntgt60",0.0151076096852131
"simcrispr-interaction-v1","BARCS-original [non-targeting]",20250725,"ntgt62",-0.0983834362517201
"simcrispr-interaction-v1","BARCS-original [non-targeting]",20250725,"ntgt64",-0.00570805577946167
"simcrispr-interaction-v1","BARCS-original [non-targeting]",20250725,"ntgt66",-0.000100531013913898
"simcrispr-interaction-v1","BARCS-original [non-targeting]",20250725,"ntgt67",0.0285027682537283
"simcrispr-interaction-v1","BARCS-original [non-targeting]",20250725,"ntgt68",-0.0809057753952757
"simcrispr-interaction-v1","BARCS-original [non-targeting]",20250725,"ntgt69",-0.102550415872953
"simcrispr-interaction-v1","BARCS-original [non-targeting]",20250725,"ntgt73",-0.0500239878025384
"simcrispr-interaction-v1","BARCS-original [non-targeting]",20250725,"ntgt75",-0.0839801276852505
"simcrispr-interaction-v1","BARCS-original [non-targeting]",20250725,"ntgt76",0.0507906596505921
"simcrispr-interaction-v1","BARCS-original [non-targeting]",20250725,"ntgt77",-0.0290076137442754
"simcrispr-interaction-v1","BARCS-original [non-targeting]",20250725,"ntgt78",-0.0754732198117274
"simcrispr-interaction-v1","BARCS-original [non-targeting]",20250725,"ntgt82",0.0065074524653781
"simcrispr-interaction-v1","BARCS-original [non-targeting]",20250725,"ntgt83",0.0498101916348522
"simcrispr-interaction-v1","BARCS-original [non-targeting]",20250725,"ntgt86",0.00860954622968986
"simcrispr-interaction-v1","BARCS-original [non-targeting]",20250725,"ntgt87",-0.0262776281565718
"simcrispr-interaction-v1","BARCS-original [non-targeting]",20250725,"ntgt89",-0.0990851930196752
"simcrispr-interaction-v1","BARCS-original [non-targeting]",20250725,"ntgt90",-0.0881938398088706
"simcrispr-interaction-v1","BARCS-original [non-targeting]",20250725,"ntgt91",-0.03616015732358
"simcrispr-interaction-v1","BARCS-original [non-targeting]",20250725,"ntgt93",-0.0617551960835282
"simcrispr-interaction-v1","BARCS-original [non-targeting]",20250725,"ntgt96",-0.00743027427916148
"simcrispr-interaction-v1","BARCS-original [non-targeting]",20250725,"ntgt97",-0.0323830044359148
"simcrispr-interaction-v1","BARCS-original [non-targeting]",20250725,"ntgt100",-0.0603463874879445
"simcrispr-interaction-v1","BARCS-original [non-targeting]",20250725,"ntgt101",-0.0248135447015042
"simcrispr-interaction-v1","BARCS-original [non-targeting]",20250725,"ntgt102",0.0422158380945797
"simcrispr-interaction-v1","BARCS-original [non-targeting]",20250725,"ntgt103",-0.080523818798002
"simcrispr-interaction-v1","BARCS-original [non-targeting]",20250725,"ntgt104",-0.00947001145245517
"simcrispr-interaction-v1","BARCS-original [non-targeting]",20250725,"ntgt105",0.0397943201796053
"simcrispr-interaction-v1","BARCS-original [non-targeting]",20250725,"ntgt106",-0.0401228801181395
"simcrispr-interaction-v1","BARCS-original [non-targeting]",20250725,"ntgt107",-0.0192095681251426
"simcrispr-interaction-v1","BARCS-original [non-targeting]",20250725,"ntgt108",0.0832835615150244
"simcrispr-interaction-v1","BARCS-original [non-targeting]",20250725,"ntgt109",0.103138123209606
"simcrispr-interaction-v1","BARCS-original [non-targeting]",20250725,"ntgt110",-0.0108227672447676
"simcrispr-interaction-v1","BARCS-original [non-targeting]",20250725,"ntgt114",0.0507160855367343
"simcrispr-interaction-v1","BARCS-original [non-targeting]",20250725,"ntgt121",0.0791789324917804
"simcrispr-interaction-v1","BARCS-original [non-targeting]",20250725,"ntgt122",0.0328988365529139
"simcrispr-interaction-v1","BARCS-original [non-targeting]",20250725,"ntgt123",-0.050785216155798
"simcrispr-interaction-v1","BARCS-original [non-targeting]",20250725,"ntgt124",0.00324859326174069
"simcrispr-interaction-v1","BARCS-original [non-targeting]",20250725,"ntgt125",-0.0335428784768807
"simcrispr-interaction-v1","BARCS-original [non-targeting]",20250725,"ntgt127",-0.102859427688442
"simcrispr-interaction-v1","BARCS-original [non-targeting]",20250725,"ntgt130",-0.100107112440263
"simcrispr-interaction-v1","BARCS-original [non-targeting]",20250725,"ntgt131",-0.0134725512684129
"simcrispr-interaction-v1","BARCS-original [non-targeting]",20250725,"ntgt132",-0.0117888253964387
"simcrispr-interaction-v1","BARCS-original [non-targeting]",20250725,"ntgt136",-0.0118009233594166
"simcrispr-interaction-v1","BARCS-original [non-targeting]",20250725,"ntgt138",0.00785321167966298
"simcrispr-interaction-v1","BARCS-original [non-targeting]",20250725,"ntgt140",-0.178519481858495
"simcrispr-interaction-v1","BARCS-original [non-targeting]",20250725,"ntgt145",0.0183508655690348
"simcrispr-interaction-v1","BARCS-original [non-targeting]",20250725,"ntgt146",0.0409476209483141
"simcrispr-interaction-v1","BARCS-original [non-targeting]",20250725,"ntgt148",0.156111098210547
"simcrispr-interaction-v1","BARCS-original [non-targeting]",20250725,"ntgt150",0.038859459792929
"simcrispr-interaction-v1","BARCS-original [non-targeting]",20250725,"ntgt153",0.100726399322654
"simcrispr-interaction-v1","BARCS-original [non-targeting]",20250725,"ntgt155",0.00822544109899616
"simcrispr-interaction-v1","BARCS-original [non-targeting]",20250725,"ntgt156",-0.0545108255692977
"simcrispr-interaction-v1","BARCS-original [non-targeting]",20250725,"ntgt158",0.0996229745971759
"simcrispr-interaction-v1","BARCS-original [non-targeting]",20250725,"ntgt160",0.0428742659371491
"simcrispr-interaction-v1","BARCS-original [non-targeting]",20250725,"ntgt161",0.213464213211459
"simcrispr-interaction-v1","BARCS-original [non-targeting]",20250725,"ntgt163",0.0559997086273815
"simcrispr-interaction-v1","BARCS-original [non-targeting]",20250725,"ntgt164",-0.0113101222300249
"simcrispr-interaction-v1","BARCS-original [non-targeting]",20250725,"ntgt165",0.152855394410762
"simcrispr-interaction-v1","BARCS-original [non-targeting]",20250725,"ntgt166",-0.0671220469163761
"simcrispr-interaction-v1","BARCS-original [non-targeting]",20250725,"ntgt169",0.0975997624043123
"simcrispr-interaction-v1","BARCS-original [non-targeting]",20250725,"ntgt174",0.0723231343053637
"simcrispr-interaction-v1","BARCS-original [non-targeting]",20250725,"ntgt176",0.00546175308408082
"simcrispr-interaction-v1","BARCS-original [non-targeting]",20250725,"ntgt177",0.0370112643077299
"simcrispr-interaction-v1","BARCS-original [non-targeting]",20250725,"ntgt181",-0.0394141446952936
"simcrispr-interaction-v1","BARCS-original [non-targeting]",20250725,"ntgt182",0.0641347103245066
"simcrispr-interaction-v1","BARCS-original [non-targeting]",20250725,"ntgt183",0.0704998658393846
"simcrispr-interaction-v1","BARCS-original [non-targeting]",20250725,"ntgt186",-0.0917179879858241
"simcrispr-interaction-v1","BARCS-original [non-targeting]",20250725,"ntgt187",-0.0325801494429119
"simcrispr-interaction-v1","BARCS-original [non-targeting]",20250725,"ntgt190",0.0123694284218945
"simcrispr-interaction-v1","BARCS-original [non-targeting]",20250725,"ntgt192",0.0574237297734795
"simcrispr-interaction-v1","BARCS-original [non-targeting]",20250725,"ntgt195",-0.0162806771108672
"simcrispr-interaction-v1","BARCS-original [non-targeting]",20250725,"ntgt197",-0.0357887530605451
"simcrispr-interaction-v1","BARCS-original [non-targeting]",20250725,"ntgt198",-0.0157593104596562
"simcrispr-interaction-v1","BARCS-original [non-targeting]",20250725,"ntgt199",-0.0128337610179559
"simcrispr-interaction-v1","BARCS-original [non-targeting]",20250725,"ntgt200",-0.133287306878762
"simcrispr-interaction-v1","BARCS-original [non-targeting]",20250725,"ntgt201",0.0336998701961951
"simcrispr-interaction-v1","BARCS-original [non-targeting]",20250725,"ntgt202",-0.0339561675770925
"simcrispr-interaction-v1","BARCS-original [non-targeting]",20250725,"ntgt203",0.0392341656858816
"simcrispr-interaction-v1","BARCS-original [non-targeting]",20250725,"ntgt205",0.10282696543048
"simcrispr-interaction-v1","BARCS-original [non-targeting]",20250725,"ntgt206",-0.178109847636083
"simcrispr-interaction-v1","BARCS-original [non-targeting]",20250725,"ntgt207",-0.00992089075620248
"simcrispr-interaction-v1","BARCS-original [non-targeting]",20250725,"ntgt208",-0.00887079696824943
"simcrispr-interaction-v1","BARCS-original [non-targeting]",20250725,"ntgt209",-0.0684106850600319
"simcrispr-interaction-v1","BARCS-original [non-targeting]",20250725,"ntgt210",-0.00390770601704236
"simcrispr-interaction-v1","BARCS-original [non-targeting]",20250725,"ntgt211",0.0614883739624641
"simcrispr-interaction-v1","BARCS-original [non-targeting]",20250725,"ntgt212",0.00744772422594757
"simcrispr-interaction-v1","BARCS-original [non-targeting]",20250725,"ntgt215",-0.0499099140244258
"simcrispr-interaction-v1","BARCS-original [non-targeting]",20250725,"ntgt217",-0.103866761870616
"simcrispr-interaction-v1","BARCS-original [non-targeting]",20250725,"ntgt218",-0.149257020093005
"simcrispr-interaction-v1","BARCS-original [non-targeting]",20250725,"ntgt219",-0.0731271815592464
"simcrispr-interaction-v1","BARCS-original [non-targeting]",20250725,"ntgt222",-0.185177191892865
"simcrispr-interaction-v1","BARCS-original [non-targeting]",20250725,"ntgt224",0.0235374653655955
"simcrispr-interaction-v1","BARCS-original [non-targeting]",20250725,"ntgt228",0.00554590155021077
"simcrispr-interaction-v1","BARCS-original [non-targeting]",20250725,"ntgt229",-0.0719401868215845
"simcrispr-interaction-v1","BARCS-original [non-targeting]",20250725,"ntgt230",0.0930712383942243
"simcrispr-interaction-v1","BARCS-original [non-targeting]",20250725,"ntgt232",0.0383042827892694
"simcrispr-interaction-v1","BARCS-original [non-targeting]",20250725,"ntgt234",0.0782857392628566
"simcrispr-interaction-v1","BARCS-original [non-targeting]",20250725,"ntgt237",-0.0952906042362366
"simcrispr-interaction-v1","BARCS-original [non-targeting]",20250725,"ntgt238",-0.0653780418752525
"simcrispr-interaction-v1","BARCS-original [non-targeting]",20250725,"ntgt240",0.0550790331624644
"simcrispr-interaction-v1","BARCS-original [non-targeting]",20250725,"ntgt245",0.0637779243939453
"simcrispr-interaction-v1","BARCS-original [non-targeting]",20250725,"ntgt249",-0.0176001031280563
"simcrispr-interaction-v1","BARCS-original [non-targeting]",20250725,"ntgt252",0.0412298865830131
"simcrispr-interaction-v1","BARCS-original [non-targeting]",20250725,"ntgt257",-0.0644680528959582
"simcrispr-interaction-v1","BARCS-original [non-targeting]",20250725,"ntgt258",0.0590658857713096
"simcrispr-interaction-v1","BARCS-original [non-targeting]",20250725,"ntgt261",0.0348086884644696
"simcrispr-interaction-v1","BARCS-original [non-targeting]",20250725,"ntgt262",-0.0265538977166098
"simcrispr-interaction-v1","BARCS-original [non-targeting]",20250725,"ntgt263",-0.106570272797037
"simcrispr-interaction-v1","BARCS-original [non-targeting]",20250725,"ntgt264",-0.126099018427698
"simcrispr-interaction-v1","BARCS-original [non-targeting]",20250725,"ntgt266",-0.134372576218402
"simcrispr-interaction-v1","BARCS-original [non-targeting]",20250725,"ntgt268",-0.0453141177634936
"simcrispr-interaction-v1","BARCS-original [non-targeting]",20250725,"ntgt270",0.109728287711382
"simcrispr-interaction-v1","BARCS-original [non-targeting]",20250725,"ntgt273",-0.0992573288332691
"simcrispr-interaction-v1","BARCS-original [non-targeting]",20250725,"ntgt278",-0.0398120221209573
"simcrispr-interaction-v1","BARCS-original [non-targeting]",20250725,"ntgt280",-0.025799568622421
"simcrispr-interaction-v1","BARCS-original [non-targeting]",20250725,"ntgt287",-0.0464071202532202
"simcrispr-interaction-v1","BARCS-original [non-targeting]",20250725,"ntgt289",-0.021099348033976
"simcrispr-interaction-v1","BARCS-original [non-targeting]",20250725,"ntgt291",0.0344714151476824
"simcrispr-interaction-v1","BARCS-original [non-targeting]",20250725,"ntgt292",0.0383452976049431
"simcrispr-interaction-v1","BARCS-original [non-targeting]",20250725,"ntgt296",0.122878147134064
"simcrispr-interaction-v1","BARCS-original [non-targeting]",20250725,"ntgt297",-0.126384735269679
"simcrispr-interaction-v1","BARCS-original [non-targeting]",20250725,"ntgt298",0.0408112735008469
"simcrispr-interaction-v1","BARCS-original [non-targeting]",20250725,"ntgt300",0.0509974377859243
"simcrispr-interaction-v1","BARCS-moderated [non-targeting]",20250725,"ntgt1",-0.0561715754214448
"simcrispr-interaction-v1","BARCS-moderated [non-targeting]",20250725,"ntgt4",0.0123450847142325
"simcrispr-interaction-v1","BARCS-moderated [non-targeting]",20250725,"ntgt9",0.00666205314126757
"simcrispr-interaction-v1","BARCS-moderated [non-targeting]",20250725,"ntgt15",0.0816718362119078
"simcrispr-interaction-v1","BARCS-moderated [non-targeting]",20250725,"ntgt17",-0.0532579010456622
"simcrispr-interaction-v1","BARCS-moderated [non-targeting]",20250725,"ntgt18",-0.160413735254439
"simcrispr-interaction-v1","BARCS-moderated [non-targeting]",20250725,"ntgt19",0.0171564266556872
"simcrispr-interaction-v1","BARCS-moderated [non-targeting]",20250725,"ntgt23",-0.0426890510641651
"simcrispr-interaction-v1","BARCS-moderated [non-targeting]",20250725,"ntgt24",0.0943565479904387
"simcrispr-interaction-v1","BARCS-moderated [non-targeting]",20250725,"ntgt29",0.0312521789875913
"simcrispr-interaction-v1","BARCS-moderated [non-targeting]",20250725,"ntgt30",0.00901636870060713
"simcrispr-interaction-v1","BARCS-moderated [non-targeting]",20250725,"ntgt31",0.0255332859387209
"simcrispr-interaction-v1","BARCS-moderated [non-targeting]",20250725,"ntgt34",0.0102682066885104
"simcrispr-interaction-v1","BARCS-moderated [non-targeting]",20250725,"ntgt35",-0.0352504760976249
"simcrispr-interaction-v1","BARCS-moderated [non-targeting]",20250725,"ntgt36",0.000119673620965599
"simcrispr-interaction-v1","BARCS-moderated [non-targeting]",20250725,"ntgt41",0.0188025131608869
"simcrispr-interaction-v1","BARCS-moderated [non-targeting]",20250725,"ntgt42",0.0732414431311687
"simcrispr-interaction-v1","BARCS-moderated [non-targeting]",20250725,"ntgt46",-0.0227919928679394
"simcrispr-interaction-v1","BARCS-moderated [non-targeting]",20250725,"ntgt47",-0.0114829903257456
"simcrispr-interaction-v1","BARCS-moderated [non-targeting]",20250725,"ntgt48",0.0837430944017208
"simcrispr-interaction-v1","BARCS-moderated [non-targeting]",20250725,"ntgt49",0.0647824712518383
"simcrispr-interaction-v1","BARCS-moderated [non-targeting]",20250725,"ntgt53",0.0583361506106851
"simcrispr-interaction-v1","BARCS-moderated [non-targeting]",20250725,"ntgt54",-0.0039144443544107
"simcrispr-interaction-v1","BARCS-moderated [non-targeting]",20250725,"ntgt55",-0.176782991577455
"simcrispr-interaction-v1","BARCS-moderated [non-targeting]",20250725,"ntgt56",0.045326146107754
"simcrispr-interaction-v1","BARCS-moderated [non-targeting]",20250725,"ntgt57",-0.0321633465903218
"simcrispr-interaction-v1","BARCS-moderated [non-targeting]",20250725,"ntgt60",0.0151076096852131
"simcrispr-interaction-v1","BARCS-moderated [non-targeting]",20250725,"ntgt62",-0.0983834362517201
"simcrispr-interaction-v1","BARCS-moderated [non-targeting]",20250725,"ntgt64",-0.00570805577946167
"simcrispr-interaction-v1","BARCS-moderated [non-targeting]",20250725,"ntgt66",-0.000100531013913898
"simcrispr-interaction-v1","BARCS-moderated [non-targeting]",20250725,"ntgt67",0.0285027682537283
"simcrispr-interaction-v1","BARCS-moderated [non-targeting]",20250725,"ntgt68",-0.0809057753952757
"simcrispr-interaction-v1","BARCS-moderated [non-targeting]",20250725,"ntgt69",-0.102550415872953
"simcrispr-interaction-v1","BARCS-moderated [non-targeting]",20250725,"ntgt73",-0.0500239878025384
"simcrispr-interaction-v1","BARCS-moderated [non-targeting]",20250725,"ntgt75",-0.0839801276852505
"simcrispr-interaction-v1","BARCS-moderated [non-targeting]",20250725,"ntgt76",0.0507906596505921
"simcrispr-interaction-v1","BARCS-moderated [non-targeting]",20250725,"ntgt77",-0.0290076137442754
"simcrispr-interaction-v1","BARCS-moderated [non-targeting]",20250725,"ntgt78",-0.0754732198117274
"simcrispr-interaction-v1","BARCS-moderated [non-targeting]",20250725,"ntgt82",0.0065074524653781
"simcrispr-interaction-v1","BARCS-moderated [non-targeting]",20250725,"ntgt83",0.0498101916348522
"simcrispr-interaction-v1","BARCS-moderated [non-targeting]",20250725,"ntgt86",0.00860954622968986
"simcrispr-interaction-v1","BARCS-moderated [non-targeting]",20250725,"ntgt87",-0.0262776281565718
"simcrispr-interaction-v1","BARCS-moderated [non-targeting]",20250725,"ntgt89",-0.0990851930196752
"simcrispr-interaction-v1","BARCS-moderated [non-targeting]",20250725,"ntgt90",-0.0881938398088706
"simcrispr-interaction-v1","BARCS-moderated [non-targeting]",20250725,"ntgt91",-0.03616015732358
"simcrispr-interaction-v1","BARCS-moderated [non-targeting]",20250725,"ntgt93",-0.0617551960835282
"simcrispr-interaction-v1","BARCS-moderated [non-targeting]",20250725,"ntgt96",-0.00743027427916148
"simcrispr-interaction-v1","BARCS-moderated [non-targeting]",20250725,"ntgt97",-0.0323830044359148
"simcrispr-interaction-v1","BARCS-moderated [non-targeting]",20250725,"ntgt100",-0.0603463874879445
"simcrispr-interaction-v1","BARCS-moderated [non-targeting]",20250725,"ntgt101",-0.0248135447015042
"simcrispr-interaction-v1","BARCS-moderated [non-targeting]",20250725,"ntgt102",0.0422158380945797
"simcrispr-interaction-v1","BARCS-moderated [non-targeting]",20250725,"ntgt103",-0.080523818798002
"simcrispr-interaction-v1","BARCS-moderated [non-targeting]",20250725,"ntgt104",-0.00947001145245517
"simcrispr-interaction-v1","BARCS-moderated [non-targeting]",20250725,"ntgt105",0.0397943201796053
"simcrispr-interaction-v1","BARCS-moderated [non-targeting]",20250725,"ntgt106",-0.0401228801181395
"simcrispr-interaction-v1","BARCS-moderated [non-targeting]",20250725,"ntgt107",-0.0192095681251426
"simcrispr-interaction-v1","BARCS-moderated [non-targeting]",20250725,"ntgt108",0.0832835615150244
"simcrispr-interaction-v1","BARCS-moderated [non-targeting]",20250725,"ntgt109",0.103138123209606
"simcrispr-interaction-v1","BARCS-moderated [non-targeting]",20250725,"ntgt110",-0.0108227672447676
"simcrispr-interaction-v1","BARCS-moderated [non-targeting]",20250725,"ntgt114",0.0507160855367343
"simcrispr-interaction-v1","BARCS-moderated [non-targeting]",20250725,"ntgt121",0.0791789324917804
"simcrispr-interaction-v1","BARCS-moderated [non-targeting]",20250725,"ntgt122",0.0328988365529139
"simcrispr-interaction-v1","BARCS-moderated [non-targeting]",20250725,"ntgt123",-0.050785216155798
"simcrispr-interaction-v1","BARCS-moderated [non-targeting]",20250725,"ntgt124",0.00324859326174069
"simcrispr-interaction-v1","BARCS-moderated [non-targeting]",20250725,"ntgt125",-0.0335428784768807
"simcrispr-interaction-v1","BARCS-moderated [non-targeting]",20250725,"ntgt127",-0.102859427688442
"simcrispr-interaction-v1","BARCS-moderated [non-targeting]",20250725,"ntgt130",-0.100107112440263
"simcrispr-interaction-v1","BARCS-moderated [non-targeting]",20250725,"ntgt131",-0.0134725512684129
"simcrispr-interaction-v1","BARCS-moderated [non-targeting]",20250725,"ntgt132",-0.0117888253964387
"simcrispr-interaction-v1","BARCS-moderated [non-targeting]",20250725,"ntgt136",-0.0118009233594166
"simcrispr-interaction-v1","BARCS-moderated [non-targeting]",20250725,"ntgt138",0.00785321167966298
"simcrispr-interaction-v1","BARCS-moderated [non-targeting]",20250725,"ntgt140",-0.178519481858495
"simcrispr-interaction-v1","BARCS-moderated [non-targeting]",20250725,"ntgt145",0.0183508655690348
"simcrispr-interaction-v1","BARCS-moderated [non-targeting]",20250725,"ntgt146",0.0409476209483141
"simcrispr-interaction-v1","BARCS-moderated [non-targeting]",20250725,"ntgt148",0.156111098210547
"simcrispr-interaction-v1","BARCS-moderated [non-targeting]",20250725,"ntgt150",0.038859459792929
"simcrispr-interaction-v1","BARCS-moderated [non-targeting]",20250725,"ntgt153",0.100726399322654
"simcrispr-interaction-v1","BARCS-moderated [non-targeting]",20250725,"ntgt155",0.00822544109899616
"simcrispr-interaction-v1","BARCS-moderated [non-targeting]",20250725,"ntgt156",-0.0545108255692977
"simcrispr-interaction-v1","BARCS-moderated [non-targeting]",20250725,"ntgt158",0.0996229745971759
"simcrispr-interaction-v1","BARCS-moderated [non-targeting]",20250725,"ntgt160",0.0428742659371491
"simcrispr-interaction-v1","BARCS-moderated [non-targeting]",20250725,"ntgt161",0.213464213211459
"simcrispr-interaction-v1","BARCS-moderated [non-targeting]",20250725,"ntgt163",0.0559997086273815
"simcrispr-interaction-v1","BARCS-moderated [non-targeting]",20250725,"ntgt164",-0.0113101222300249
"simcrispr-interaction-v1","BARCS-moderated [non-targeting]",20250725,"ntgt165",0.152855394410762
"simcrispr-interaction-v1","BARCS-moderated [non-targeting]",20250725,"ntgt166",-0.0671220469163761
"simcrispr-interaction-v1","BARCS-moderated [non-targeting]",20250725,"ntgt169",0.0975997624043123
"simcrispr-interaction-v1","BARCS-moderated [non-targeting]",20250725,"ntgt174",0.0723231343053637
"simcrispr-interaction-v1","BARCS-moderated [non-targeting]",20250725,"ntgt176",0.00546175308408082
"simcrispr-interaction-v1","BARCS-moderated [non-targeting]",20250725,"ntgt177",0.0370112643077299
"simcrispr-interaction-v1","BARCS-moderated [non-targeting]",20250725,"ntgt181",-0.0394141446952936
"simcrispr-interaction-v1","BARCS-moderated [non-targeting]",20250725,"ntgt182",0.0641347103245066
"simcrispr-interaction-v1","BARCS-moderated [non-targeting]",20250725,"ntgt183",0.0704998658393846
"simcrispr-interaction-v1","BARCS-moderated [non-targeting]",20250725,"ntgt186",-0.0917179879858241
"simcrispr-interaction-v1","BARCS-moderated [non-targeting]",20250725,"ntgt187",-0.0325801494429119
"simcrispr-interaction-v1","BARCS-moderated [non-targeting]",20250725,"ntgt190",0.0123694284218945
"simcrispr-interaction-v1","BARCS-moderated [non-targeting]",20250725,"ntgt192",0.0574237297734795
"simcrispr-interaction-v1","BARCS-moderated [non-targeting]",20250725,"ntgt195",-0.0162806771108672
"simcrispr-interaction-v1","BARCS-moderated [non-targeting]",20250725,"ntgt197",-0.0357887530605451
"simcrispr-interaction-v1","BARCS-moderated [non-targeting]",20250725,"ntgt198",-0.0157593104596562
"simcrispr-interaction-v1","BARCS-moderated [non-targeting]",20250725,"ntgt199",-0.0128337610179559
"simcrispr-interaction-v1","BARCS-moderated [non-targeting]",20250725,"ntgt200",-0.133287306878762
"simcrispr-interaction-v1","BARCS-moderated [non-targeting]",20250725,"ntgt201",0.0336998701961951
"simcrispr-interaction-v1","BARCS-moderated [non-targeting]",20250725,"ntgt202",-0.0339561675770925
"simcrispr-interaction-v1","BARCS-moderated [non-targeting]",20250725,"ntgt203",0.0392341656858816
"simcrispr-interaction-v1","BARCS-moderated [non-targeting]",20250725,"ntgt205",0.10282696543048
"simcrispr-interaction-v1","BARCS-moderated [non-targeting]",20250725,"ntgt206",-0.178109847636083
"simcrispr-interaction-v1","BARCS-moderated [non-targeting]",20250725,"ntgt207",-0.00992089075620248
"simcrispr-interaction-v1","BARCS-moderated [non-targeting]",20250725,"ntgt208",-0.00887079696824943
"simcrispr-interaction-v1","BARCS-moderated [non-targeting]",20250725,"ntgt209",-0.0684106850600319
"simcrispr-interaction-v1","BARCS-moderated [non-targeting]",20250725,"ntgt210",-0.00390770601704236
"simcrispr-interaction-v1","BARCS-moderated [non-targeting]",20250725,"ntgt211",0.0614883739624641
"simcrispr-interaction-v1","BARCS-moderated [non-targeting]",20250725,"ntgt212",0.00744772422594757
"simcrispr-interaction-v1","BARCS-moderated [non-targeting]",20250725,"ntgt215",-0.0499099140244258
"simcrispr-interaction-v1","BARCS-moderated [non-targeting]",20250725,"ntgt217",-0.103866761870616
"simcrispr-interaction-v1","BARCS-moderated [non-targeting]",20250725,"ntgt218",-0.149257020093005
"simcrispr-interaction-v1","BARCS-moderated [non-targeting]",20250725,"ntgt219",-0.0731271815592464
"simcrispr-interaction-v1","BARCS-moderated [non-targeting]",20250725,"ntgt222",-0.185177191892865
"simcrispr-interaction-v1","BARCS-moderated [non-targeting]",20250725,"ntgt224",0.0235374653655955
"simcrispr-interaction-v1","BARCS-moderated [non-targeting]",20250725,"ntgt228",0.00554590155021077
"simcrispr-interaction-v1","BARCS-moderated [non-targeting]",20250725,"ntgt229",-0.0719401868215845
"simcrispr-interaction-v1","BARCS-moderated [non-targeting]",20250725,"ntgt230",0.0930712383942243
"simcrispr-interaction-v1","BARCS-moderated [non-targeting]",20250725,"ntgt232",0.0383042827892694
"simcrispr-interaction-v1","BARCS-moderated [non-targeting]",20250725,"ntgt234",0.0782857392628566
"simcrispr-interaction-v1","BARCS-moderated [non-targeting]",20250725,"ntgt237",-0.0952906042362366
"simcrispr-interaction-v1","BARCS-moderated [non-targeting]",20250725,"ntgt238",-0.0653780418752525
"simcrispr-interaction-v1","BARCS-moderated [non-targeting]",20250725,"ntgt240",0.0550790331624644
"simcrispr-interaction-v1","BARCS-moderated [non-targeting]",20250725,"ntgt245",0.0637779243939453
"simcrispr-interaction-v1","BARCS-moderated [non-targeting]",20250725,"ntgt249",-0.0176001031280563
"simcrispr-interaction-v1","BARCS-moderated [non-targeting]",20250725,"ntgt252",0.0412298865830131
"simcrispr-interaction-v1","BARCS-moderated [non-targeting]",20250725,"ntgt257",-0.0644680528959582
"simcrispr-interaction-v1","BARCS-moderated [non-targeting]",20250725,"ntgt258",0.0590658857713096
"simcrispr-interaction-v1","BARCS-moderated [non-targeting]",20250725,"ntgt261",0.0348086884644696
"simcrispr-interaction-v1","BARCS-moderated [non-targeting]",20250725,"ntgt262",-0.0265538977166098
"simcrispr-interaction-v1","BARCS-moderated [non-targeting]",20250725,"ntgt263",-0.106570272797037
"simcrispr-interaction-v1","BARCS-moderated [non-targeting]",20250725,"ntgt264",-0.126099018427698
"simcrispr-interaction-v1","BARCS-moderated [non-targeting]",20250725,"ntgt266",-0.134372576218402
"simcrispr-interaction-v1","BARCS-moderated [non-targeting]",20250725,"ntgt268",-0.0453141177634936
"simcrispr-interaction-v1","BARCS-moderated [non-targeting]",20250725,"ntgt270",0.109728287711382
"simcrispr-interaction-v1","BARCS-moderated [non-targeting]",20250725,"ntgt273",-0.0992573288332691
"simcrispr-interaction-v1","BARCS-moderated [non-targeting]",20250725,"ntgt278",-0.0398120221209573
"simcrispr-interaction-v1","BARCS-moderated [non-targeting]",20250725,"ntgt280",-0.025799568622421
"simcrispr-interaction-v1","BARCS-moderated [non-targeting]",20250725,"ntgt287",-0.0464071202532202
"simcrispr-interaction-v1","BARCS-moderated [non-targeting]",20250725,"ntgt289",-0.021099348033976
"simcrispr-interaction-v1","BARCS-moderated [non-targeting]",20250725,"ntgt291",0.0344714151476824
"simcrispr-interaction-v1","BARCS-moderated [non-targeting]",20250725,"ntgt292",0.0383452976049431
"simcrispr-interaction-v1","BARCS-moderated [non-targeting]",20250725,"ntgt296",0.122878147134064
"simcrispr-interaction-v1","BARCS-moderated [non-targeting]",20250725,"ntgt297",-0.126384735269679
"simcrispr-interaction-v1","BARCS-moderated [non-targeting]",20250725,"ntgt298",0.0408112735008469
"simcrispr-interaction-v1","BARCS-moderated [non-targeting]",20250725,"ntgt300",0.0509974377859243
"simcrispr-interaction-v1","BARCS-original [safe-harbor]",20250725,"ntgt1",-0.0157742968433528
"simcrispr-interaction-v1","BARCS-original [safe-harbor]",20250725,"ntgt4",0.0542408950645105
"simcrispr-interaction-v1","BARCS-original [safe-harbor]",20250725,"ntgt9",0.0482533824525919
"simcrispr-interaction-v1","BARCS-original [safe-harbor]",20250725,"ntgt15",0.122473832511808
"simcrispr-interaction-v1","BARCS-original [safe-harbor]",20250725,"ntgt17",-0.0112860366554356
"simcrispr-interaction-v1","BARCS-original [safe-harbor]",20250725,"ntgt18",-0.119391897902108
"simcrispr-interaction-v1","BARCS-original [safe-harbor]",20250725,"ntgt19",0.0582016983020794
"simcrispr-interaction-v1","BARCS-original [safe-harbor]",20250725,"ntgt23",-0.000756474006654455
"simcrispr-interaction-v1","BARCS-original [safe-harbor]",20250725,"ntgt24",0.135372507390791
"simcrispr-interaction-v1","BARCS-original [safe-harbor]",20250725,"ntgt29",0.0720191079292405
"simcrispr-interaction-v1","BARCS-original [safe-harbor]",20250725,"ntgt30",0.0506050920426767
"simcrispr-interaction-v1","BARCS-original [safe-harbor]",20250725,"ntgt31",0.0667576241375963
"simcrispr-interaction-v1","BARCS-original [safe-harbor]",20250725,"ntgt34",0.0516585485540611
"simcrispr-interaction-v1","BARCS-original [safe-harbor]",20250725,"ntgt35",0.0063382092328124
"simcrispr-interaction-v1","BARCS-original [safe-harbor]",20250725,"ntgt36",0.0415334750176415
"simcrispr-interaction-v1","BARCS-original [safe-harbor]",20250725,"ntgt41",0.0592973433987632
"simcrispr-interaction-v1","BARCS-original [safe-harbor]",20250725,"ntgt42",0.114927220374437
"simcrispr-interaction-v1","BARCS-original [safe-harbor]",20250725,"ntgt46",0.0184151808140358
"simcrispr-interaction-v1","BARCS-original [safe-harbor]",20250725,"ntgt47",0.0304330871522774
"simcrispr-interaction-v1","BARCS-original [safe-harbor]",20250725,"ntgt48",0.125367451508179
"simcrispr-interaction-v1","BARCS-original [safe-harbor]",20250725,"ntgt49",0.106110394291422
"simcrispr-interaction-v1","BARCS-original [safe-harbor]",20250725,"ntgt53",0.0998458349893862
"simcrispr-interaction-v1","BARCS-original [safe-harbor]",20250725,"ntgt54",0.0367282316194625
"simcrispr-interaction-v1","BARCS-original [safe-harbor]",20250725,"ntgt55",-0.135195857744641
"simcrispr-interaction-v1","BARCS-original [safe-harbor]",20250725,"ntgt56",0.0864956525779827
"simcrispr-interaction-v1","BARCS-original [safe-harbor]",20250725,"ntgt57",0.00924209427688634
"simcrispr-interaction-v1","BARCS-original [safe-harbor]",20250725,"ntgt60",0.0563323507388953
"simcrispr-interaction-v1","BARCS-original [safe-harbor]",20250725,"ntgt62",-0.0570638496173796
"simcrispr-interaction-v1","BARCS-original [safe-harbor]",20250725,"ntgt64",0.0355189950878117
"simcrispr-interaction-v1","BARCS-original [safe-harbor]",20250725,"ntgt66",0.0414752255602617
"simcrispr-interaction-v1","BARCS-original [safe-harbor]",20250725,"ntgt67",0.0700907927977586
"simcrispr-interaction-v1","BARCS-original [safe-harbor]",20250725,"ntgt68",-0.0394264455862703
"simcrispr-interaction-v1","BARCS-original [safe-harbor]",20250725,"ntgt69",-0.0609133764033089
"simcrispr-interaction-v1","BARCS-original [safe-harbor]",20250725,"ntgt73",-0.00877853846274348
"simcrispr-interaction-v1","BARCS-original [safe-harbor]",20250725,"ntgt75",-0.0423913410463514
"simcrispr-interaction-v1","BARCS-original [safe-harbor]",20250725,"ntgt76",0.0917835317616602
"simcrispr-interaction-v1","BARCS-original [safe-harbor]",20250725,"ntgt77",0.0123732487998786
"simcrispr-interaction-v1","BARCS-original [safe-harbor]",20250725,"ntgt78",-0.0340469215967198
"simcrispr-interaction-v1","BARCS-original [safe-harbor]",20250725,"ntgt82",0.0478656887860097
"simcrispr-interaction-v1","BARCS-original [safe-harbor]",20250725,"ntgt83",0.0907663028378293
"simcrispr-interaction-v1","BARCS-original [safe-harbor]",20250725,"ntgt86",0.0503389817692899
"simcrispr-interaction-v1","BARCS-original [safe-harbor]",20250725,"ntgt87",0.0141008833032435
"simcrispr-interaction-v1","BARCS-original [safe-harbor]",20250725,"ntgt89",-0.0577224716332723
"simcrispr-interaction-v1","BARCS-original [safe-harbor]",20250725,"ntgt90",-0.0471579145201081
"simcrispr-interaction-v1","BARCS-original [safe-harbor]",20250725,"ntgt91",0.00529575432938087
"simcrispr-interaction-v1","BARCS-original [safe-harbor]",20250725,"ntgt93",-0.0209233601746639
"simcrispr-interaction-v1","BARCS-original [safe-harbor]",20250725,"ntgt96",0.0343147841668799
"simcrispr-interaction-v1","BARCS-original [safe-harbor]",20250725,"ntgt97",0.00920705806552108
"simcrispr-interaction-v1","BARCS-original [safe-harbor]",20250725,"ntgt100",-0.0191153137390752
"simcrispr-interaction-v1","BARCS-original [safe-harbor]",20250725,"ntgt101",0.0167730875690339
"simcrispr-interaction-v1","BARCS-original [safe-harbor]",20250725,"ntgt102",0.0836140501628751
"simcrispr-interaction-v1","BARCS-original [safe-harbor]",20250725,"ntgt103",-0.0389705101468173
"simcrispr-interaction-v1","BARCS-original [safe-harbor]",20250725,"ntgt104",0.0318391942218679
"simcrispr-interaction-v1","BARCS-original [safe-harbor]",20250725,"ntgt105",0.0813813422347796
"simcrispr-interaction-v1","BARCS-original [safe-harbor]",20250725,"ntgt106",0.00146660689734095
"simcrispr-interaction-v1","BARCS-original [safe-harbor]",20250725,"ntgt107",0.0224872100089243
"simcrispr-interaction-v1","BARCS-original [safe-harbor]",20250725,"ntgt108",0.124875218595712
"simcrispr-interaction-v1","BARCS-original [safe-harbor]",20250725,"ntgt109",0.144358418264842
"simcrispr-interaction-v1","BARCS-original [safe-harbor]",20250725,"ntgt110",0.0307651270043987
"simcrispr-interaction-v1","BARCS-original [safe-harbor]",20250725,"ntgt114",0.0921672816140579
"simcrispr-interaction-v1","BARCS-original [safe-harbor]",20250725,"ntgt121",0.120470247848084
"simcrispr-interaction-v1","BARCS-original [safe-harbor]",20250725,"ntgt122",0.0738249809596033
"simcrispr-interaction-v1","BARCS-original [safe-harbor]",20250725,"ntgt123",-0.00923202573783836
"simcrispr-interaction-v1","BARCS-original [safe-harbor]",20250725,"ntgt124",0.0443490172429159
"simcrispr-interaction-v1","BARCS-original [safe-harbor]",20250725,"ntgt125",0.0079037922811794
"simcrispr-interaction-v1","BARCS-original [safe-harbor]",20250725,"ntgt127",-0.0619861604764319
"simcrispr-interaction-v1","BARCS-original [safe-harbor]",20250725,"ntgt130",-0.058817048598123
"simcrispr-interaction-v1","BARCS-original [safe-harbor]",20250725,"ntgt131",0.028117534831195
"simcrispr-interaction-v1","BARCS-original [safe-harbor]",20250725,"ntgt132",0.0290072981285116
"simcrispr-interaction-v1","BARCS-original [safe-harbor]",20250725,"ntgt136",0.0291196370491265
"simcrispr-interaction-v1","BARCS-original [safe-harbor]",20250725,"ntgt138",0.0487065934439393
"simcrispr-interaction-v1","BARCS-original [safe-harbor]",20250725,"ntgt140",-0.138270867372958
"simcrispr-interaction-v1","BARCS-original [safe-harbor]",20250725,"ntgt145",0.0597103109320148
"simcrispr-interaction-v1","BARCS-original [safe-harbor]",20250725,"ntgt146",0.08181277276032
"simcrispr-interaction-v1","BARCS-original [safe-harbor]",20250725,"ntgt148",0.198539308276996
"simcrispr-interaction-v1","BARCS-original [safe-harbor]",20250725,"ntgt150",0.0804484510305046
"simcrispr-interaction-v1","BARCS-original [safe-harbor]",20250725,"ntgt153",0.142312513077678
"simcrispr-interaction-v1","BARCS-original [safe-harbor]",20250725,"ntgt155",0.0495652309389803
"simcrispr-interaction-v1","BARCS-original [safe-harbor]",20250725,"ntgt156",-0.0138064510226012
"simcrispr-interaction-v1","BARCS-original [safe-harbor]",20250725,"ntgt158",0.140609394012906
"simcrispr-interaction-v1","BARCS-original [safe-harbor]",20250725,"ntgt160",0.0842086323875069
"simcrispr-interaction-v1","BARCS-original [safe-harbor]",20250725,"ntgt161",0.254991568025278
"simcrispr-interaction-v1","BARCS-original [safe-harbor]",20250725,"ntgt163",0.0969449456980805
"simcrispr-interaction-v1","BARCS-original [safe-harbor]",20250725,"ntgt164",0.0301985305099696
"simcrispr-interaction-v1","BARCS-original [safe-harbor]",20250725,"ntgt165",0.194994953486125
"simcrispr-interaction-v1","BARCS-original [safe-harbor]",20250725,"ntgt166",-0.0256534556119072
"simcrispr-interaction-v1","BARCS-original [safe-harbor]",20250725,"ntgt169",0.138501943952834
"simcrispr-interaction-v1","BARCS-original [safe-harbor]",20250725,"ntgt174",0.113282960613258
"simcrispr-interaction-v1","BARCS-original [safe-harbor]",20250725,"ntgt176",0.0456179208544409
"simcrispr-interaction-v1","BARCS-original [safe-harbor]",20250725,"ntgt177",0.0788110331278175
"simcrispr-interaction-v1","BARCS-original [safe-harbor]",20250725,"ntgt181",0.00166388576637634
"simcrispr-interaction-v1","BARCS-original [safe-harbor]",20250725,"ntgt182",0.106496494618075
"simcrispr-interaction-v1","BARCS-original [safe-harbor]",20250725,"ntgt183",0.111734523972001
"simcrispr-interaction-v1","BARCS-original [safe-harbor]",20250725,"ntgt186",-0.0500825797274971
"simcrispr-interaction-v1","BARCS-original [safe-harbor]",20250725,"ntgt187",0.00870614606013101
"simcrispr-interaction-v1","BARCS-original [safe-harbor]",20250725,"ntgt190",0.0538328848127444
"simcrispr-interaction-v1","BARCS-original [safe-harbor]",20250725,"ntgt192",0.0979284264129593
"simcrispr-interaction-v1","BARCS-original [safe-harbor]",20250725,"ntgt195",0.0251386302201553
"simcrispr-interaction-v1","BARCS-original [safe-harbor]",20250725,"ntgt197",0.00486797547591989
"simcrispr-interaction-v1","BARCS-original [safe-harbor]",20250725,"ntgt198",0.0255085901822667
"simcrispr-interaction-v1","BARCS-original [safe-harbor]",20250725,"ntgt199",0.0290342595212029
"simcrispr-interaction-v1","BARCS-original [safe-harbor]",20250725,"ntgt200",-0.0920105952365594
"simcrispr-interaction-v1","BARCS-original [safe-harbor]",20250725,"ntgt201",0.0739991213798872
"simcrispr-interaction-v1","BARCS-original [safe-harbor]",20250725,"ntgt202",0.00748112503438352
"simcrispr-interaction-v1","BARCS-original [safe-harbor]",20250725,"ntgt203",0.079633293677155
"simcrispr-interaction-v1","BARCS-original [safe-harbor]",20250725,"ntgt205",0.143341478410229
"simcrispr-interaction-v1","BARCS-original [safe-harbor]",20250725,"ntgt206",-0.136891948997589
"simcrispr-interaction-v1","BARCS-original [safe-harbor]",20250725,"ntgt207",0.0308674692187761
"simcrispr-interaction-v1","BARCS-original [safe-harbor]",20250725,"ntgt208",0.032642688912116
"simcrispr-interaction-v1","BARCS-original [safe-harbor]",20250725,"ntgt209",-0.0271030428826205
"simcrispr-interaction-v1","BARCS-original [safe-harbor]",20250725,"ntgt210",0.037616327199506
"simcrispr-interaction-v1","BARCS-original [safe-harbor]",20250725,"ntgt211",0.102746061465408
"simcrispr-interaction-v1","BARCS-original [safe-harbor]",20250725,"ntgt212",0.0486050050538669
"simcrispr-interaction-v1","BARCS-original [safe-harbor]",20250725,"ntgt215",-0.00832154599327266
"simcrispr-interaction-v1","BARCS-original [safe-harbor]",20250725,"ntgt217",-0.0622957323762579
"simcrispr-interaction-v1","BARCS-original [safe-harbor]",20250725,"ntgt218",-0.108459599587139
"simcrispr-interaction-v1","BARCS-original [safe-harbor]",20250725,"ntgt219",-0.0315398471896141
"simcrispr-interaction-v1","BARCS-original [safe-harbor]",20250725,"ntgt222",-0.143940051333409
"simcrispr-interaction-v1","BARCS-original [safe-harbor]",20250725,"ntgt224",0.0655815539855909
"simcrispr-interaction-v1","BARCS-original [safe-harbor]",20250725,"ntgt228",0.0468352307346762
"simcrispr-interaction-v1","BARCS-original [safe-harbor]",20250725,"ntgt229",-0.030648322938664
"simcrispr-interaction-v1","BARCS-original [safe-harbor]",20250725,"ntgt230",0.13465990058456
"simcrispr-interaction-v1","BARCS-original [safe-harbor]",20250725,"ntgt232",0.0793782524213899
"simcrispr-interaction-v1","BARCS-original [safe-harbor]",20250725,"ntgt234",0.120333312062967
"simcrispr-interaction-v1","BARCS-original [safe-harbor]",20250725,"ntgt237",-0.0538116838277485
"simcrispr-interaction-v1","BARCS-original [safe-harbor]",20250725,"ntgt238",-0.0240879647951209
"simcrispr-interaction-v1","BARCS-original [safe-harbor]",20250725,"ntgt240",0.0962295848442633
"simcrispr-interaction-v1","BARCS-original [safe-harbor]",20250725,"ntgt245",0.104896383874793
"simcrispr-interaction-v1","BARCS-original [safe-harbor]",20250725,"ntgt249",0.0239974185885306
"simcrispr-interaction-v1","BARCS-original [safe-harbor]",20250725,"ntgt252",0.0822163482591023
"simcrispr-interaction-v1","BARCS-original [safe-harbor]",20250725,"ntgt257",-0.023296091831775
"simcrispr-interaction-v1","BARCS-original [safe-harbor]",20250725,"ntgt258",0.100436514992801
"simcrispr-interaction-v1","BARCS-original [safe-harbor]",20250725,"ntgt261",0.0759993483851362
"simcrispr-interaction-v1","BARCS-original [safe-harbor]",20250725,"ntgt262",0.0148234644048967
"simcrispr-interaction-v1","BARCS-original [safe-harbor]",20250725,"ntgt263",-0.0651497788891431
"simcrispr-interaction-v1","BARCS-original [safe-harbor]",20250725,"ntgt264",-0.0845108224058983
"simcrispr-interaction-v1","BARCS-original [safe-harbor]",20250725,"ntgt266",-0.0927827279754674
"simcrispr-interaction-v1","BARCS-original [safe-harbor]",20250725,"ntgt268",-0.00410845375220907
"simcrispr-interaction-v1","BARCS-original [safe-harbor]",20250725,"ntgt270",0.151317527253157
"simcrispr-interaction-v1","BARCS-original [safe-harbor]",20250725,"ntgt273",-0.0576876040283483
"simcrispr-interaction-v1","BARCS-original [safe-harbor]",20250725,"ntgt278",0.00177628717785794
"simcrispr-interaction-v1","BARCS-original [safe-harbor]",20250725,"ntgt280",0.0156035695886396
"simcrispr-interaction-v1","BARCS-original [safe-harbor]",20250725,"ntgt287",-0.00480446280332155
"simcrispr-interaction-v1","BARCS-original [safe-harbor]",20250725,"ntgt289",0.020489221652985
"simcrispr-interaction-v1","BARCS-original [safe-harbor]",20250725,"ntgt291",0.0760607178098034
"simcrispr-interaction-v1","BARCS-original [safe-harbor]",20250725,"ntgt292",0.0799334834026337
"simcrispr-interaction-v1","BARCS-original [safe-harbor]",20250725,"ntgt296",0.163515116593816
"simcrispr-interaction-v1","BARCS-original [safe-harbor]",20250725,"ntgt297",-0.0851640321608745
"simcrispr-interaction-v1","BARCS-original [safe-harbor]",20250725,"ntgt298",0.0830967208481974
"simcrispr-interaction-v1","BARCS-original [safe-harbor]",20250725,"ntgt300",0.0925357965110717
"simcrispr-interaction-v1","BARCS-moderated [safe-harbor]",20250725,"ntgt1",-0.0157742968433528
"simcrispr-interaction-v1","BARCS-moderated [safe-harbor]",20250725,"ntgt4",0.0542408950645105
"simcrispr-interaction-v1","BARCS-moderated [safe-harbor]",20250725,"ntgt9",0.0482533824525919
"simcrispr-interaction-v1","BARCS-moderated [safe-harbor]",20250725,"ntgt15",0.122473832511808
"simcrispr-interaction-v1","BARCS-moderated [safe-harbor]",20250725,"ntgt17",-0.0112860366554356
"simcrispr-interaction-v1","BARCS-moderated [safe-harbor]",20250725,"ntgt18",-0.119391897902108
"simcrispr-interaction-v1","BARCS-moderated [safe-harbor]",20250725,"ntgt19",0.0582016983020794
"simcrispr-interaction-v1","BARCS-moderated [safe-harbor]",20250725,"ntgt23",-0.000756474006654455
"simcrispr-interaction-v1","BARCS-moderated [safe-harbor]",20250725,"ntgt24",0.135372507390791
"simcrispr-interaction-v1","BARCS-moderated [safe-harbor]",20250725,"ntgt29",0.0720191079292405
"simcrispr-interaction-v1","BARCS-moderated [safe-harbor]",20250725,"ntgt30",0.0506050920426767
"simcrispr-interaction-v1","BARCS-moderated [safe-harbor]",20250725,"ntgt31",0.0667576241375963
"simcrispr-interaction-v1","BARCS-moderated [safe-harbor]",20250725,"ntgt34",0.0516585485540611
"simcrispr-interaction-v1","BARCS-moderated [safe-harbor]",20250725,"ntgt35",0.0063382092328124
"simcrispr-interaction-v1","BARCS-moderated [safe-harbor]",20250725,"ntgt36",0.0415334750176415
"simcrispr-interaction-v1","BARCS-moderated [safe-harbor]",20250725,"ntgt41",0.0592973433987632
"simcrispr-interaction-v1","BARCS-moderated [safe-harbor]",20250725,"ntgt42",0.114927220374437
"simcrispr-interaction-v1","BARCS-moderated [safe-harbor]",20250725,"ntgt46",0.0184151808140358
"simcrispr-interaction-v1","BARCS-moderated [safe-harbor]",20250725,"ntgt47",0.0304330871522774
"simcrispr-interaction-v1","BARCS-moderated [safe-harbor]",20250725,"ntgt48",0.125367451508179
"simcrispr-interaction-v1","BARCS-moderated [safe-harbor]",20250725,"ntgt49",0.106110394291422
"simcrispr-interaction-v1","BARCS-moderated [safe-harbor]",20250725,"ntgt53",0.0998458349893862
"simcrispr-interaction-v1","BARCS-moderated [safe-harbor]",20250725,"ntgt54",0.0367282316194625
"simcrispr-interaction-v1","BARCS-moderated [safe-harbor]",20250725,"ntgt55",-0.135195857744641
"simcrispr-interaction-v1","BARCS-moderated [safe-harbor]",20250725,"ntgt56",0.0864956525779827
"simcrispr-interaction-v1","BARCS-moderated [safe-harbor]",20250725,"ntgt57",0.00924209427688634
"simcrispr-interaction-v1","BARCS-moderated [safe-harbor]",20250725,"ntgt60",0.0563323507388953
"simcrispr-interaction-v1","BARCS-moderated [safe-harbor]",20250725,"ntgt62",-0.0570638496173796
"simcrispr-interaction-v1","BARCS-moderated [safe-harbor]",20250725,"ntgt64",0.0355189950878117
"simcrispr-interaction-v1","BARCS-moderated [safe-harbor]",20250725,"ntgt66",0.0414752255602617
"simcrispr-interaction-v1","BARCS-moderated [safe-harbor]",20250725,"ntgt67",0.0700907927977586
"simcrispr-interaction-v1","BARCS-moderated [safe-harbor]",20250725,"ntgt68",-0.0394264455862703
"simcrispr-interaction-v1","BARCS-moderated [safe-harbor]",20250725,"ntgt69",-0.0609133764033089
"simcrispr-interaction-v1","BARCS-moderated [safe-harbor]",20250725,"ntgt73",-0.00877853846274348
"simcrispr-interaction-v1","BARCS-moderated [safe-harbor]",20250725,"ntgt75",-0.0423913410463514
"simcrispr-interaction-v1","BARCS-moderated [safe-harbor]",20250725,"ntgt76",0.0917835317616602
"simcrispr-interaction-v1","BARCS-moderated [safe-harbor]",20250725,"ntgt77",0.0123732487998786
"simcrispr-interaction-v1","BARCS-moderated [safe-harbor]",20250725,"ntgt78",-0.0340469215967198
"simcrispr-interaction-v1","BARCS-moderated [safe-harbor]",20250725,"ntgt82",0.0478656887860097
"simcrispr-interaction-v1","BARCS-moderated [safe-harbor]",20250725,"ntgt83",0.0907663028378293
"simcrispr-interaction-v1","BARCS-moderated [safe-harbor]",20250725,"ntgt86",0.0503389817692899
"simcrispr-interaction-v1","BARCS-moderated [safe-harbor]",20250725,"ntgt87",0.0141008833032435
"simcrispr-interaction-v1","BARCS-moderated [safe-harbor]",20250725,"ntgt89",-0.0577224716332723
"simcrispr-interaction-v1","BARCS-moderated [safe-harbor]",20250725,"ntgt90",-0.0471579145201081
"simcrispr-interaction-v1","BARCS-moderated [safe-harbor]",20250725,"ntgt91",0.00529575432938087
"simcrispr-interaction-v1","BARCS-moderated [safe-harbor]",20250725,"ntgt93",-0.0209233601746639
"simcrispr-interaction-v1","BARCS-moderated [safe-harbor]",20250725,"ntgt96",0.0343147841668799
"simcrispr-interaction-v1","BARCS-moderated [safe-harbor]",20250725,"ntgt97",0.00920705806552108
"simcrispr-interaction-v1","BARCS-moderated [safe-harbor]",20250725,"ntgt100",-0.0191153137390752
"simcrispr-interaction-v1","BARCS-moderated [safe-harbor]",20250725,"ntgt101",0.0167730875690339
"simcrispr-interaction-v1","BARCS-moderated [safe-harbor]",20250725,"ntgt102",0.0836140501628751
"simcrispr-interaction-v1","BARCS-moderated [safe-harbor]",20250725,"ntgt103",-0.0389705101468173
"simcrispr-interaction-v1","BARCS-moderated [safe-harbor]",20250725,"ntgt104",0.0318391942218679
"simcrispr-interaction-v1","BARCS-moderated [safe-harbor]",20250725,"ntgt105",0.0813813422347796
"simcrispr-interaction-v1","BARCS-moderated [safe-harbor]",20250725,"ntgt106",0.00146660689734095
"simcrispr-interaction-v1","BARCS-moderated [safe-harbor]",20250725,"ntgt107",0.0224872100089243
"simcrispr-interaction-v1","BARCS-moderated [safe-harbor]",20250725,"ntgt108",0.124875218595712
"simcrispr-interaction-v1","BARCS-moderated [safe-harbor]",20250725,"ntgt109",0.144358418264842
"simcrispr-interaction-v1","BARCS-moderated [safe-harbor]",20250725,"ntgt110",0.0307651270043987
"simcrispr-interaction-v1","BARCS-moderated [safe-harbor]",20250725,"ntgt114",0.0921672816140579
"simcrispr-interaction-v1","BARCS-moderated [safe-harbor]",20250725,"ntgt121",0.120470247848084
"simcrispr-interaction-v1","BARCS-moderated [safe-harbor]",20250725,"ntgt122",0.0738249809596033
"simcrispr-interaction-v1","BARCS-moderated [safe-harbor]",20250725,"ntgt123",-0.00923202573783836
"simcrispr-interaction-v1","BARCS-moderated [safe-harbor]",20250725,"ntgt124",0.0443490172429159
"simcrispr-interaction-v1","BARCS-moderated [safe-harbor]",20250725,"ntgt125",0.0079037922811794
"simcrispr-interaction-v1","BARCS-moderated [safe-harbor]",20250725,"ntgt127",-0.0619861604764319
"simcrispr-interaction-v1","BARCS-moderated [safe-harbor]",20250725,"ntgt130",-0.058817048598123
"simcrispr-interaction-v1","BARCS-moderated [safe-harbor]",20250725,"ntgt131",0.028117534831195
"simcrispr-interaction-v1","BARCS-moderated [safe-harbor]",20250725,"ntgt132",0.0290072981285116
"simcrispr-interaction-v1","BARCS-moderated [safe-harbor]",20250725,"ntgt136",0.0291196370491265
"simcrispr-interaction-v1","BARCS-moderated [safe-harbor]",20250725,"ntgt138",0.0487065934439393
"simcrispr-interaction-v1","BARCS-moderated [safe-harbor]",20250725,"ntgt140",-0.138270867372958
"simcrispr-interaction-v1","BARCS-moderated [safe-harbor]",20250725,"ntgt145",0.0597103109320148
"simcrispr-interaction-v1","BARCS-moderated [safe-harbor]",20250725,"ntgt146",0.08181277276032
"simcrispr-interaction-v1","BARCS-moderated [safe-harbor]",20250725,"ntgt148",0.198539308276996
"simcrispr-interaction-v1","BARCS-moderated [safe-harbor]",20250725,"ntgt150",0.0804484510305046
"simcrispr-interaction-v1","BARCS-moderated [safe-harbor]",20250725,"ntgt153",0.142312513077678
"simcrispr-interaction-v1","BARCS-moderated [safe-harbor]",20250725,"ntgt155",0.0495652309389803
"simcrispr-interaction-v1","BARCS-moderated [safe-harbor]",20250725,"ntgt156",-0.0138064510226012
"simcrispr-interaction-v1","BARCS-moderated [safe-harbor]",20250725,"ntgt158",0.140609394012906
"simcrispr-interaction-v1","BARCS-moderated [safe-harbor]",20250725,"ntgt160",0.0842086323875069
"simcrispr-interaction-v1","BARCS-moderated [safe-harbor]",20250725,"ntgt161",0.254991568025278
"simcrispr-interaction-v1","BARCS-moderated [safe-harbor]",20250725,"ntgt163",0.0969449456980805
"simcrispr-interaction-v1","BARCS-moderated [safe-harbor]",20250725,"ntgt164",0.0301985305099696
"simcrispr-interaction-v1","BARCS-moderated [safe-harbor]",20250725,"ntgt165",0.194994953486125
"simcrispr-interaction-v1","BARCS-moderated [safe-harbor]",20250725,"ntgt166",-0.0256534556119072
"simcrispr-interaction-v1","BARCS-moderated [safe-harbor]",20250725,"ntgt169",0.138501943952834
"simcrispr-interaction-v1","BARCS-moderated [safe-harbor]",20250725,"ntgt174",0.113282960613258
"simcrispr-interaction-v1","BARCS-moderated [safe-harbor]",20250725,"ntgt176",0.0456179208544409
"simcrispr-interaction-v1","BARCS-moderated [safe-harbor]",20250725,"ntgt177",0.0788110331278175
"simcrispr-interaction-v1","BARCS-moderated [safe-harbor]",20250725,"ntgt181",0.00166388576637634
"simcrispr-interaction-v1","BARCS-moderated [safe-harbor]",20250725,"ntgt182",0.106496494618075
"simcrispr-interaction-v1","BARCS-moderated [safe-harbor]",20250725,"ntgt183",0.111734523972001
"simcrispr-interaction-v1","BARCS-moderated [safe-harbor]",20250725,"ntgt186",-0.0500825797274971
"simcrispr-interaction-v1","BARCS-moderated [safe-harbor]",20250725,"ntgt187",0.00870614606013101
"simcrispr-interaction-v1","BARCS-moderated [safe-harbor]",20250725,"ntgt190",0.0538328848127444
"simcrispr-interaction-v1","BARCS-moderated [safe-harbor]",20250725,"ntgt192",0.0979284264129593
"simcrispr-interaction-v1","BARCS-moderated [safe-harbor]",20250725,"ntgt195",0.0251386302201553
"simcrispr-interaction-v1","BARCS-moderated [safe-harbor]",20250725,"ntgt197",0.00486797547591989
"simcrispr-interaction-v1","BARCS-moderated [safe-harbor]",20250725,"ntgt198",0.0255085901822667
"simcrispr-interaction-v1","BARCS-moderated [safe-harbor]",20250725,"ntgt199",0.0290342595212029
"simcrispr-interaction-v1","BARCS-moderated [safe-harbor]",20250725,"ntgt200",-0.0920105952365594
"simcrispr-interaction-v1","BARCS-moderated [safe-harbor]",20250725,"ntgt201",0.0739991213798872
"simcrispr-interaction-v1","BARCS-moderated [safe-harbor]",20250725,"ntgt202",0.00748112503438352
"simcrispr-interaction-v1","BARCS-moderated [safe-harbor]",20250725,"ntgt203",0.079633293677155
"simcrispr-interaction-v1","BARCS-moderated [safe-harbor]",20250725,"ntgt205",0.143341478410229
"simcrispr-interaction-v1","BARCS-moderated [safe-harbor]",20250725,"ntgt206",-0.136891948997589
"simcrispr-interaction-v1","BARCS-moderated [safe-harbor]",20250725,"ntgt207",0.0308674692187761
"simcrispr-interaction-v1","BARCS-moderated [safe-harbor]",20250725,"ntgt208",0.032642688912116
"simcrispr-interaction-v1","BARCS-moderated [safe-harbor]",20250725,"ntgt209",-0.0271030428826205
"simcrispr-interaction-v1","BARCS-moderated [safe-harbor]",20250725,"ntgt210",0.037616327199506
"simcrispr-interaction-v1","BARCS-moderated [safe-harbor]",20250725,"ntgt211",0.102746061465408
"simcrispr-interaction-v1","BARCS-moderated [safe-harbor]",20250725,"ntgt212",0.0486050050538669
"simcrispr-interaction-v1","BARCS-moderated [safe-harbor]",20250725,"ntgt215",-0.00832154599327266
"simcrispr-interaction-v1","BARCS-moderated [safe-harbor]",20250725,"ntgt217",-0.0622957323762579
"simcrispr-interaction-v1","BARCS-moderated [safe-harbor]",20250725,"ntgt218",-0.108459599587139
"simcrispr-interaction-v1","BARCS-moderated [safe-harbor]",20250725,"ntgt219",-0.0315398471896141
"simcrispr-interaction-v1","BARCS-moderated [safe-harbor]",20250725,"ntgt222",-0.143940051333409
"simcrispr-interaction-v1","BARCS-moderated [safe-harbor]",20250725,"ntgt224",0.0655815539855909
"simcrispr-interaction-v1","BARCS-moderated [safe-harbor]",20250725,"ntgt228",0.0468352307346762
"simcrispr-interaction-v1","BARCS-moderated [safe-harbor]",20250725,"ntgt229",-0.030648322938664
"simcrispr-interaction-v1","BARCS-moderated [safe-harbor]",20250725,"ntgt230",0.13465990058456
"simcrispr-interaction-v1","BARCS-moderated [safe-harbor]",20250725,"ntgt232",0.0793782524213899
"simcrispr-interaction-v1","BARCS-moderated [safe-harbor]",20250725,"ntgt234",0.120333312062967
"simcrispr-interaction-v1","BARCS-moderated [safe-harbor]",20250725,"ntgt237",-0.0538116838277485
"simcrispr-interaction-v1","BARCS-moderated [safe-harbor]",20250725,"ntgt238",-0.0240879647951209
"simcrispr-interaction-v1","BARCS-moderated [safe-harbor]",20250725,"ntgt240",0.0962295848442633
"simcrispr-interaction-v1","BARCS-moderated [safe-harbor]",20250725,"ntgt245",0.104896383874793
"simcrispr-interaction-v1","BARCS-moderated [safe-harbor]",20250725,"ntgt249",0.0239974185885306
"simcrispr-interaction-v1","BARCS-moderated [safe-harbor]",20250725,"ntgt252",0.0822163482591023
"simcrispr-interaction-v1","BARCS-moderated [safe-harbor]",20250725,"ntgt257",-0.023296091831775
"simcrispr-interaction-v1","BARCS-moderated [safe-harbor]",20250725,"ntgt258",0.100436514992801
"simcrispr-interaction-v1","BARCS-moderated [safe-harbor]",20250725,"ntgt261",0.0759993483851362
"simcrispr-interaction-v1","BARCS-moderated [safe-harbor]",20250725,"ntgt262",0.0148234644048967
"simcrispr-interaction-v1","BARCS-moderated [safe-harbor]",20250725,"ntgt263",-0.0651497788891431
"simcrispr-interaction-v1","BARCS-moderated [safe-harbor]",20250725,"ntgt264",-0.0845108224058983
"simcrispr-interaction-v1","BARCS-moderated [safe-harbor]",20250725,"ntgt266",-0.0927827279754674
"simcrispr-interaction-v1","BARCS-moderated [safe-harbor]",20250725,"ntgt268",-0.00410845375220907
"simcrispr-interaction-v1","BARCS-moderated [safe-harbor]",20250725,"ntgt270",0.151317527253157
"simcrispr-interaction-v1","BARCS-moderated [safe-harbor]",20250725,"ntgt273",-0.0576876040283483
"simcrispr-interaction-v1","BARCS-moderated [safe-harbor]",20250725,"ntgt278",0.00177628717785794
"simcrispr-interaction-v1","BARCS-moderated [safe-harbor]",20250725,"ntgt280",0.0156035695886396
"simcrispr-interaction-v1","BARCS-moderated [safe-harbor]",20250725,"ntgt287",-0.00480446280332155
"simcrispr-interaction-v1","BARCS-moderated [safe-harbor]",20250725,"ntgt289",0.020489221652985
"simcrispr-interaction-v1","BARCS-moderated [safe-harbor]",20250725,"ntgt291",0.0760607178098034
"simcrispr-interaction-v1","BARCS-moderated [safe-harbor]",20250725,"ntgt292",0.0799334834026337
"simcrispr-interaction-v1","BARCS-moderated [safe-harbor]",20250725,"ntgt296",0.163515116593816
"simcrispr-interaction-v1","BARCS-moderated [safe-harbor]",20250725,"ntgt297",-0.0851640321608745
"simcrispr-interaction-v1","BARCS-moderated [safe-harbor]",20250725,"ntgt298",0.0830967208481974
"simcrispr-interaction-v1","BARCS-moderated [safe-harbor]",20250725,"ntgt300",0.0925357965110717
"simcrispr-interaction-v1","MAGeCK-MLE [non-targeting]",20250725,"ntgt1",-0.055234
"simcrispr-interaction-v1","MAGeCK-MLE [non-targeting]",20250725,"ntgt4",0.017707
"simcrispr-interaction-v1","MAGeCK-MLE [non-targeting]",20250725,"ntgt9",0.0052679
"simcrispr-interaction-v1","MAGeCK-MLE [non-targeting]",20250725,"ntgt15",0.085329
"simcrispr-interaction-v1","MAGeCK-MLE [non-targeting]",20250725,"ntgt17",-0.045075
"simcrispr-interaction-v1","MAGeCK-MLE [non-targeting]",20250725,"ntgt18",-0.16297
"simcrispr-interaction-v1","MAGeCK-MLE [non-targeting]",20250725,"ntgt19",0.010957
"simcrispr-interaction-v1","MAGeCK-MLE [non-targeting]",20250725,"ntgt23",-0.043568
"simcrispr-interaction-v1","MAGeCK-MLE [non-targeting]",20250725,"ntgt24",0.08816
"simcrispr-interaction-v1","MAGeCK-MLE [non-targeting]",20250725,"ntgt29",0.030027
"simcrispr-interaction-v1","MAGeCK-MLE [non-targeting]",20250725,"ntgt30",0.0061631
"simcrispr-interaction-v1","MAGeCK-MLE [non-targeting]",20250725,"ntgt31",0.027692
"simcrispr-interaction-v1","MAGeCK-MLE [non-targeting]",20250725,"ntgt34",0.0078368
"simcrispr-interaction-v1","MAGeCK-MLE [non-targeting]",20250725,"ntgt35",-0.032801
"simcrispr-interaction-v1","MAGeCK-MLE [non-targeting]",20250725,"ntgt36",0.00013453
"simcrispr-interaction-v1","MAGeCK-MLE [non-targeting]",20250725,"ntgt41",0.021112
"simcrispr-interaction-v1","MAGeCK-MLE [non-targeting]",20250725,"ntgt42",0.084137
"simcrispr-interaction-v1","MAGeCK-MLE [non-targeting]",20250725,"ntgt46",-0.02024
"simcrispr-interaction-v1","MAGeCK-MLE [non-targeting]",20250725,"ntgt47",-0.0064138
"simcrispr-interaction-v1","MAGeCK-MLE [non-targeting]",20250725,"ntgt48",0.081726
"simcrispr-interaction-v1","MAGeCK-MLE [non-targeting]",20250725,"ntgt49",0.06187
"simcrispr-interaction-v1","MAGeCK-MLE [non-targeting]",20250725,"ntgt53",0.055312
"simcrispr-interaction-v1","MAGeCK-MLE [non-targeting]",20250725,"ntgt54",-0.001788
"simcrispr-interaction-v1","MAGeCK-MLE [non-targeting]",20250725,"ntgt55",-0.17433
"simcrispr-interaction-v1","MAGeCK-MLE [non-targeting]",20250725,"ntgt56",0.050163
"simcrispr-interaction-v1","MAGeCK-MLE [non-targeting]",20250725,"ntgt57",-0.030194
"simcrispr-interaction-v1","MAGeCK-MLE [non-targeting]",20250725,"ntgt60",0.017219
"simcrispr-interaction-v1","MAGeCK-MLE [non-targeting]",20250725,"ntgt62",-0.099926
"simcrispr-interaction-v1","MAGeCK-MLE [non-targeting]",20250725,"ntgt64",-0.0062147
"simcrispr-interaction-v1","MAGeCK-MLE [non-targeting]",20250725,"ntgt66",0.0055172
"simcrispr-interaction-v1","MAGeCK-MLE [non-targeting]",20250725,"ntgt67",0.030205
"simcrispr-interaction-v1","MAGeCK-MLE [non-targeting]",20250725,"ntgt68",-0.080785
"simcrispr-interaction-v1","MAGeCK-MLE [non-targeting]",20250725,"ntgt69",-0.09844
"simcrispr-interaction-v1","MAGeCK-MLE [non-targeting]",20250725,"ntgt73",-0.050059
"simcrispr-interaction-v1","MAGeCK-MLE [non-targeting]",20250725,"ntgt75",-0.083762
"simcrispr-interaction-v1","MAGeCK-MLE [non-targeting]",20250725,"ntgt76",0.049568
"simcrispr-interaction-v1","MAGeCK-MLE [non-targeting]",20250725,"ntgt77",-0.028396
"simcrispr-interaction-v1","MAGeCK-MLE [non-targeting]",20250725,"ntgt78",-0.074698
"simcrispr-interaction-v1","MAGeCK-MLE [non-targeting]",20250725,"ntgt82",0.0045964
"simcrispr-interaction-v1","MAGeCK-MLE [non-targeting]",20250725,"ntgt83",0.049405
"simcrispr-interaction-v1","MAGeCK-MLE [non-targeting]",20250725,"ntgt86",0.0094551
"simcrispr-interaction-v1","MAGeCK-MLE [non-targeting]",20250725,"ntgt87",-0.017578
"simcrispr-interaction-v1","MAGeCK-MLE [non-targeting]",20250725,"ntgt89",-0.096789
"simcrispr-interaction-v1","MAGeCK-MLE [non-targeting]",20250725,"ntgt90",-0.092809
"simcrispr-interaction-v1","MAGeCK-MLE [non-targeting]",20250725,"ntgt91",-0.036814
"simcrispr-interaction-v1","MAGeCK-MLE [non-targeting]",20250725,"ntgt93",-0.056008
"simcrispr-interaction-v1","MAGeCK-MLE [non-targeting]",20250725,"ntgt96",0.00093828
"simcrispr-interaction-v1","MAGeCK-MLE [non-targeting]",20250725,"ntgt97",-0.029352
"simcrispr-interaction-v1","MAGeCK-MLE [non-targeting]",20250725,"ntgt100",-0.060488
"simcrispr-interaction-v1","MAGeCK-MLE [non-targeting]",20250725,"ntgt101",-0.024966
"simcrispr-interaction-v1","MAGeCK-MLE [non-targeting]",20250725,"ntgt102",0.045002
"simcrispr-interaction-v1","MAGeCK-MLE [non-targeting]",20250725,"ntgt103",-0.079228
"simcrispr-interaction-v1","MAGeCK-MLE [non-targeting]",20250725,"ntgt104",-0.0031943
"simcrispr-interaction-v1","MAGeCK-MLE [non-targeting]",20250725,"ntgt105",0.042873
"simcrispr-interaction-v1","MAGeCK-MLE [non-targeting]",20250725,"ntgt106",-0.036978
"simcrispr-interaction-v1","MAGeCK-MLE [non-targeting]",20250725,"ntgt107",-0.019645
"simcrispr-interaction-v1","MAGeCK-MLE [non-targeting]",20250725,"ntgt108",0.085531
"simcrispr-interaction-v1","MAGeCK-MLE [non-targeting]",20250725,"ntgt109",0.10358
"simcrispr-interaction-v1","MAGeCK-MLE [non-targeting]",20250725,"ntgt110",-0.0075432
"simcrispr-interaction-v1","MAGeCK-MLE [non-targeting]",20250725,"ntgt114",0.049079
"simcrispr-interaction-v1","MAGeCK-MLE [non-targeting]",20250725,"ntgt121",0.083101
"simcrispr-interaction-v1","MAGeCK-MLE [non-targeting]",20250725,"ntgt122",0.036556
"simcrispr-interaction-v1","MAGeCK-MLE [non-targeting]",20250725,"ntgt123",-0.053131
"simcrispr-interaction-v1","MAGeCK-MLE [non-targeting]",20250725,"ntgt124",-0.001877
"simcrispr-interaction-v1","MAGeCK-MLE [non-targeting]",20250725,"ntgt125",-0.030526
"simcrispr-interaction-v1","MAGeCK-MLE [non-targeting]",20250725,"ntgt127",-0.10732
"simcrispr-interaction-v1","MAGeCK-MLE [non-targeting]",20250725,"ntgt130",-0.10184
"simcrispr-interaction-v1","MAGeCK-MLE [non-targeting]",20250725,"ntgt131",-0.010315
"simcrispr-interaction-v1","MAGeCK-MLE [non-targeting]",20250725,"ntgt132",-0.004022
"simcrispr-interaction-v1","MAGeCK-MLE [non-targeting]",20250725,"ntgt136",-0.014598
"simcrispr-interaction-v1","MAGeCK-MLE [non-targeting]",20250725,"ntgt138",0.0055993
"simcrispr-interaction-v1","MAGeCK-MLE [non-targeting]",20250725,"ntgt140",-0.1879
"simcrispr-interaction-v1","MAGeCK-MLE [non-targeting]",20250725,"ntgt145",0.017619
"simcrispr-interaction-v1","MAGeCK-MLE [non-targeting]",20250725,"ntgt146",0.037152
"simcrispr-interaction-v1","MAGeCK-MLE [non-targeting]",20250725,"ntgt148",0.15732
"simcrispr-interaction-v1","MAGeCK-MLE [non-targeting]",20250725,"ntgt150",0.034096
"simcrispr-interaction-v1","MAGeCK-MLE [non-targeting]",20250725,"ntgt153",0.099997
"simcrispr-interaction-v1","MAGeCK-MLE [non-targeting]",20250725,"ntgt155",0.0071148
"simcrispr-interaction-v1","MAGeCK-MLE [non-targeting]",20250725,"ntgt156",-0.055211
"simcrispr-interaction-v1","MAGeCK-MLE [non-targeting]",20250725,"ntgt158",0.097151
"simcrispr-interaction-v1","MAGeCK-MLE [non-targeting]",20250725,"ntgt160",0.045619
"simcrispr-interaction-v1","MAGeCK-MLE [non-targeting]",20250725,"ntgt161",0.20629
"simcrispr-interaction-v1","MAGeCK-MLE [non-targeting]",20250725,"ntgt163",0.048804
"simcrispr-interaction-v1","MAGeCK-MLE [non-targeting]",20250725,"ntgt164",-0.0087049
"simcrispr-interaction-v1","MAGeCK-MLE [non-targeting]",20250725,"ntgt165",0.1562
"simcrispr-interaction-v1","MAGeCK-MLE [non-targeting]",20250725,"ntgt166",-0.066886
"simcrispr-interaction-v1","MAGeCK-MLE [non-targeting]",20250725,"ntgt169",0.097489
"simcrispr-interaction-v1","MAGeCK-MLE [non-targeting]",20250725,"ntgt174",0.076934
"simcrispr-interaction-v1","MAGeCK-MLE [non-targeting]",20250725,"ntgt176",-0.0040716
"simcrispr-interaction-v1","MAGeCK-MLE [non-targeting]",20250725,"ntgt177",0.04048
"simcrispr-interaction-v1","MAGeCK-MLE [non-targeting]",20250725,"ntgt181",-0.038393
"simcrispr-interaction-v1","MAGeCK-MLE [non-targeting]",20250725,"ntgt182",0.074789
"simcrispr-interaction-v1","MAGeCK-MLE [non-targeting]",20250725,"ntgt183",0.073844
"simcrispr-interaction-v1","MAGeCK-MLE [non-targeting]",20250725,"ntgt186",-0.090425
"simcrispr-interaction-v1","MAGeCK-MLE [non-targeting]",20250725,"ntgt187",-0.032349
"simcrispr-interaction-v1","MAGeCK-MLE [non-targeting]",20250725,"ntgt190",0.016412
"simcrispr-interaction-v1","MAGeCK-MLE [non-targeting]",20250725,"ntgt192",0.065557
"simcrispr-interaction-v1","MAGeCK-MLE [non-targeting]",20250725,"ntgt195",-0.017693
"simcrispr-interaction-v1","MAGeCK-MLE [non-targeting]",20250725,"ntgt197",-0.040113
"simcrispr-interaction-v1","MAGeCK-MLE [non-targeting]",20250725,"ntgt198",-0.016237
"simcrispr-interaction-v1","MAGeCK-MLE [non-targeting]",20250725,"ntgt199",-0.014888
"simcrispr-interaction-v1","MAGeCK-MLE [non-targeting]",20250725,"ntgt200",-0.13214
"simcrispr-interaction-v1","MAGeCK-MLE [non-targeting]",20250725,"ntgt201",0.041978
"simcrispr-interaction-v1","MAGeCK-MLE [non-targeting]",20250725,"ntgt202",-0.033797
"simcrispr-interaction-v1","MAGeCK-MLE [non-targeting]",20250725,"ntgt203",0.046008
"simcrispr-interaction-v1","MAGeCK-MLE [non-targeting]",20250725,"ntgt205",0.1061
"simcrispr-interaction-v1","MAGeCK-MLE [non-targeting]",20250725,"ntgt206",-0.17691
"simcrispr-interaction-v1","MAGeCK-MLE [non-targeting]",20250725,"ntgt207",-0.011244
"simcrispr-interaction-v1","MAGeCK-MLE [non-targeting]",20250725,"ntgt208",-0.0030287
"simcrispr-interaction-v1","MAGeCK-MLE [non-targeting]",20250725,"ntgt209",-0.060759
"simcrispr-interaction-v1","MAGeCK-MLE [non-targeting]",20250725,"ntgt210",0.0036974
"simcrispr-interaction-v1","MAGeCK-MLE [non-targeting]",20250725,"ntgt211",0.060759
"simcrispr-interaction-v1","MAGeCK-MLE [non-targeting]",20250725,"ntgt212",0.013475
"simcrispr-interaction-v1","MAGeCK-MLE [non-targeting]",20250725,"ntgt215",-0.041218
"simcrispr-interaction-v1","MAGeCK-MLE [non-targeting]",20250725,"ntgt217",-0.10209
"simcrispr-interaction-v1","MAGeCK-MLE [non-targeting]",20250725,"ntgt218",-0.14639
"simcrispr-interaction-v1","MAGeCK-MLE [non-targeting]",20250725,"ntgt219",-0.071052
"simcrispr-interaction-v1","MAGeCK-MLE [non-targeting]",20250725,"ntgt222",-0.18193
"simcrispr-interaction-v1","MAGeCK-MLE [non-targeting]",20250725,"ntgt224",0.032808
"simcrispr-interaction-v1","MAGeCK-MLE [non-targeting]",20250725,"ntgt228",0.00029257
"simcrispr-interaction-v1","MAGeCK-MLE [non-targeting]",20250725,"ntgt229",-0.073804
"simcrispr-interaction-v1","MAGeCK-MLE [non-targeting]",20250725,"ntgt230",0.093744
"simcrispr-interaction-v1","MAGeCK-MLE [non-targeting]",20250725,"ntgt232",0.035435
"simcrispr-interaction-v1","MAGeCK-MLE [non-targeting]",20250725,"ntgt234",0.086133
"simcrispr-interaction-v1","MAGeCK-MLE [non-targeting]",20250725,"ntgt237",-0.097818
"simcrispr-interaction-v1","MAGeCK-MLE [non-targeting]",20250725,"ntgt238",-0.063097
"simcrispr-interaction-v1","MAGeCK-MLE [non-targeting]",20250725,"ntgt240",0.056057
"simcrispr-interaction-v1","MAGeCK-MLE [non-targeting]",20250725,"ntgt245",0.070372
"simcrispr-interaction-v1","MAGeCK-MLE [non-targeting]",20250725,"ntgt249",-0.012
"simcrispr-interaction-v1","MAGeCK-MLE [non-targeting]",20250725,"ntgt252",0.045608
"simcrispr-interaction-v1","MAGeCK-MLE [non-targeting]",20250725,"ntgt257",-0.066066
"simcrispr-interaction-v1","MAGeCK-MLE [non-targeting]",20250725,"ntgt258",0.060073
"simcrispr-interaction-v1","MAGeCK-MLE [non-targeting]",20250725,"ntgt261",0.039313
"simcrispr-interaction-v1","MAGeCK-MLE [non-targeting]",20250725,"ntgt262",-0.022682
"simcrispr-interaction-v1","MAGeCK-MLE [non-targeting]",20250725,"ntgt263",-0.10762
"simcrispr-interaction-v1","MAGeCK-MLE [non-targeting]",20250725,"ntgt264",-0.12568
"simcrispr-interaction-v1","MAGeCK-MLE [non-targeting]",20250725,"ntgt266",-0.13894
"simcrispr-interaction-v1","MAGeCK-MLE [non-targeting]",20250725,"ntgt268",-0.041696
"simcrispr-interaction-v1","MAGeCK-MLE [non-targeting]",20250725,"ntgt270",0.10434
"simcrispr-interaction-v1","MAGeCK-MLE [non-targeting]",20250725,"ntgt273",-0.097308
"simcrispr-interaction-v1","MAGeCK-MLE [non-targeting]",20250725,"ntgt278",-0.034993
"simcrispr-interaction-v1","MAGeCK-MLE [non-targeting]",20250725,"ntgt280",-0.018571
"simcrispr-interaction-v1","MAGeCK-MLE [non-targeting]",20250725,"ntgt287",-0.042426
"simcrispr-interaction-v1","MAGeCK-MLE [non-targeting]",20250725,"ntgt289",-0.0092924
"simcrispr-interaction-v1","MAGeCK-MLE [non-targeting]",20250725,"ntgt291",0.043739
"simcrispr-interaction-v1","MAGeCK-MLE [non-targeting]",20250725,"ntgt292",0.032052
"simcrispr-interaction-v1","MAGeCK-MLE [non-targeting]",20250725,"ntgt296",0.12648
"simcrispr-interaction-v1","MAGeCK-MLE [non-targeting]",20250725,"ntgt297",-0.12262
"simcrispr-interaction-v1","MAGeCK-MLE [non-targeting]",20250725,"ntgt298",0.047886
"simcrispr-interaction-v1","MAGeCK-MLE [non-targeting]",20250725,"ntgt300",0.053645
"simcrispr-interaction-v1","BARCS-original [library]",20250726,"ntgt2",0.290251721513247
"simcrispr-interaction-v1","BARCS-original [library]",20250726,"ntgt5",0.15984190645966
"simcrispr-interaction-v1","BARCS-original [library]",20250726,"ntgt7",0.165774622453265
"simcrispr-interaction-v1","BARCS-original [library]",20250726,"ntgt8",0.329246188126603
"simcrispr-interaction-v1","BARCS-original [library]",20250726,"ntgt10",0.210530853233824
"simcrispr-interaction-v1","BARCS-original [library]",20250726,"ntgt11",0.220411452066073
"simcrispr-interaction-v1","BARCS-original [library]",20250726,"ntgt12",0.11425005361612
"simcrispr-interaction-v1","BARCS-original [library]",20250726,"ntgt18",0.152617391038186
"simcrispr-interaction-v1","BARCS-original [library]",20250726,"ntgt19",0.0889489129260024
"simcrispr-interaction-v1","BARCS-original [library]",20250726,"ntgt20",0.140849901750706
"simcrispr-interaction-v1","BARCS-original [library]",20250726,"ntgt22",0.226055500233565
"simcrispr-interaction-v1","BARCS-original [library]",20250726,"ntgt23",0.0882129110156938
"simcrispr-interaction-v1","BARCS-original [library]",20250726,"ntgt24",0.0876314772797326
"simcrispr-interaction-v1","BARCS-original [library]",20250726,"ntgt25",0.198989296831044
"simcrispr-interaction-v1","BARCS-original [library]",20250726,"ntgt26",0.160875365290131
"simcrispr-interaction-v1","BARCS-original [library]",20250726,"ntgt27",0.0964990636213085
"simcrispr-interaction-v1","BARCS-original [library]",20250726,"ntgt28",0.119833774730339
"simcrispr-interaction-v1","BARCS-original [library]",20250726,"ntgt29",0.225097533570339
"simcrispr-interaction-v1","BARCS-original [library]",20250726,"ntgt32",0.19568768554961
"simcrispr-interaction-v1","BARCS-original [library]",20250726,"ntgt34",0.182217800626991
"simcrispr-interaction-v1","BARCS-original [library]",20250726,"ntgt35",0.162352685424191
"simcrispr-interaction-v1","BARCS-original [library]",20250726,"ntgt38",0.0905535125205087
"simcrispr-interaction-v1","BARCS-original [library]",20250726,"ntgt39",0.0715936525027763
"simcrispr-interaction-v1","BARCS-original [library]",20250726,"ntgt42",0.0478620924797726
"simcrispr-interaction-v1","BARCS-original [library]",20250726,"ntgt43",0.211129188533672
"simcrispr-interaction-v1","BARCS-original [library]",20250726,"ntgt45",0.206714685709699
"simcrispr-interaction-v1","BARCS-original [library]",20250726,"ntgt52",0.197182124275676
"simcrispr-interaction-v1","BARCS-original [library]",20250726,"ntgt56",0.137638786294674
"simcrispr-interaction-v1","BARCS-original [library]",20250726,"ntgt61",0.189249119350491
"simcrispr-interaction-v1","BARCS-original [library]",20250726,"ntgt62",0.308094673066725
"simcrispr-interaction-v1","BARCS-original [library]",20250726,"ntgt63",0.109022400108159
"simcrispr-interaction-v1","BARCS-original [library]",20250726,"ntgt65",0.115260159757802
"simcrispr-interaction-v1","BARCS-original [library]",20250726,"ntgt69",0.26334223244523
"simcrispr-interaction-v1","BARCS-original [library]",20250726,"ntgt72",0.254016439481091
"simcrispr-interaction-v1","BARCS-original [library]",20250726,"ntgt76",0.142265631044414
"simcrispr-interaction-v1","BARCS-original [library]",20250726,"ntgt78",0.256650021969879
"simcrispr-interaction-v1","BARCS-original [library]",20250726,"ntgt80",0.145281352994726
"simcrispr-interaction-v1","BARCS-original [library]",20250726,"ntgt89",0.211525074836997
"simcrispr-interaction-v1","BARCS-original [library]",20250726,"ntgt90",0.135682867867777
"simcrispr-interaction-v1","BARCS-original [library]",20250726,"ntgt92",0.383935150670005
"simcrispr-interaction-v1","BARCS-original [library]",20250726,"ntgt93",0.163504887146818
"simcrispr-interaction-v1","BARCS-original [library]",20250726,"ntgt94",0.152137522747764
"simcrispr-interaction-v1","BARCS-original [library]",20250726,"ntgt95",0.154752282205277
"simcrispr-interaction-v1","BARCS-original [library]",20250726,"ntgt97",0.136530125378431
"simcrispr-interaction-v1","BARCS-original [library]",20250726,"ntgt99",0.266410067146419
"simcrispr-interaction-v1","BARCS-original [library]",20250726,"ntgt102",0.131421624152711
"simcrispr-interaction-v1","BARCS-original [library]",20250726,"ntgt104",0.186530795697488
"simcrispr-interaction-v1","BARCS-original [library]",20250726,"ntgt107",0.182914311453382
"simcrispr-interaction-v1","BARCS-original [library]",20250726,"ntgt109",0.0921191938143179
"simcrispr-interaction-v1","BARCS-original [library]",20250726,"ntgt110",0.35843306218749
"simcrispr-interaction-v1","BARCS-original [library]",20250726,"ntgt113",0.124106606172547
"simcrispr-interaction-v1","BARCS-original [library]",20250726,"ntgt114",0.218246563413248
"simcrispr-interaction-v1","BARCS-original [library]",20250726,"ntgt115",0.259806178416628
"simcrispr-interaction-v1","BARCS-original [library]",20250726,"ntgt116",0.130164184147011
"simcrispr-interaction-v1","BARCS-original [library]",20250726,"ntgt117",0.179746375412213
"simcrispr-interaction-v1","BARCS-original [library]",20250726,"ntgt119",0.262358466729689
"simcrispr-interaction-v1","BARCS-original [library]",20250726,"ntgt125",0.0424067455575756
"simcrispr-interaction-v1","BARCS-original [library]",20250726,"ntgt126",0.162734772735395
"simcrispr-interaction-v1","BARCS-original [library]",20250726,"ntgt129",0.114948415289628
"simcrispr-interaction-v1","BARCS-original [library]",20250726,"ntgt130",0.191418804342651
"simcrispr-interaction-v1","BARCS-original [library]",20250726,"ntgt131",0.257113070462224
"simcrispr-interaction-v1","BARCS-original [library]",20250726,"ntgt132",0.0882941774315781
"simcrispr-interaction-v1","BARCS-original [library]",20250726,"ntgt133",0.17956907590946
"simcrispr-interaction-v1","BARCS-original [library]",20250726,"ntgt137",0.138043961106925
"simcrispr-interaction-v1","BARCS-original [library]",20250726,"ntgt140",0.12823432273796
"simcrispr-interaction-v1","BARCS-original [library]",20250726,"ntgt143",0.0991040729706754
"simcrispr-interaction-v1","BARCS-original [library]",20250726,"ntgt144",0.296331838104521
"simcrispr-interaction-v1","BARCS-original [library]",20250726,"ntgt146",0.242961247046534
"simcrispr-interaction-v1","BARCS-original [library]",20250726,"ntgt148",0.155123073700003
"simcrispr-interaction-v1","BARCS-original [library]",20250726,"ntgt149",0.0774508732595268
"simcrispr-interaction-v1","BARCS-original [library]",20250726,"ntgt152",0.276009021647621
"simcrispr-interaction-v1","BARCS-original [library]",20250726,"ntgt153",0.194917688728304
"simcrispr-interaction-v1","BARCS-original [library]",20250726,"ntgt157",0.158579792216624
"simcrispr-interaction-v1","BARCS-original [library]",20250726,"ntgt158",0.0840881793731742
"simcrispr-interaction-v1","BARCS-original [library]",20250726,"ntgt160",0.0785775788802492
"simcrispr-interaction-v1","BARCS-original [library]",20250726,"ntgt161",0.153571254109103
"simcrispr-interaction-v1","BARCS-original [library]",20250726,"ntgt162",0.131927196598388
"simcrispr-interaction-v1","BARCS-original [library]",20250726,"ntgt163",0.158624234127825
"simcrispr-interaction-v1","BARCS-original [library]",20250726,"ntgt164",0.18002764738431
"simcrispr-interaction-v1","BARCS-original [library]",20250726,"ntgt166",0.250619334264598
"simcrispr-interaction-v1","BARCS-original [library]",20250726,"ntgt168",0.202590028459067
"simcrispr-interaction-v1","BARCS-original [library]",20250726,"ntgt171",0.26314044972292
"simcrispr-interaction-v1","BARCS-original [library]",20250726,"ntgt172",0.217306592872595
"simcrispr-interaction-v1","BARCS-original [library]",20250726,"ntgt173",0.118036690369411
"simcrispr-interaction-v1","BARCS-original [library]",20250726,"ntgt174",0.177956149691545
"simcrispr-interaction-v1","BARCS-original [library]",20250726,"ntgt178",0.264860154137433
"simcrispr-interaction-v1","BARCS-original [library]",20250726,"ntgt180",0.18713164405506
"simcrispr-interaction-v1","BARCS-original [library]",20250726,"ntgt181",0.203720728652356
"simcrispr-interaction-v1","BARCS-original [library]",20250726,"ntgt182",0.25173488775952
"simcrispr-interaction-v1","BARCS-original [library]",20250726,"ntgt183",0.192769695358788
"simcrispr-interaction-v1","BARCS-original [library]",20250726,"ntgt186",0.109393928696942
"simcrispr-interaction-v1","BARCS-original [library]",20250726,"ntgt188",0.239077892229164
"simcrispr-interaction-v1","BARCS-original [library]",20250726,"ntgt192",0.181336342845197
"simcrispr-interaction-v1","BARCS-original [library]",20250726,"ntgt193",0.230141258125657
"simcrispr-interaction-v1","BARCS-original [library]",20250726,"ntgt196",0.170412639801691
"simcrispr-interaction-v1","BARCS-original [library]",20250726,"ntgt197",0.059939091653647
"simcrispr-interaction-v1","BARCS-original [library]",20250726,"ntgt200",0.0684543473248708
"simcrispr-interaction-v1","BARCS-original [library]",20250726,"ntgt201",0.147462051141983
"simcrispr-interaction-v1","BARCS-original [library]",20250726,"ntgt202",0.0938204011398666
"simcrispr-interaction-v1","BARCS-original [library]",20250726,"ntgt205",0.163140345176204
"simcrispr-interaction-v1","BARCS-original [library]",20250726,"ntgt207",0.266784910110775
"simcrispr-interaction-v1","BARCS-original [library]",20250726,"ntgt208",0.0600202596998941
"simcrispr-interaction-v1","BARCS-original [library]",20250726,"ntgt209",0.0630215232474743
"simcrispr-interaction-v1","BARCS-original [library]",20250726,"ntgt210",0.0994903602034265
"simcrispr-interaction-v1","BARCS-original [library]",20250726,"ntgt213",0.177163952333812
"simcrispr-interaction-v1","BARCS-original [library]",20250726,"ntgt215",0.129594114260031
"simcrispr-interaction-v1","BARCS-original [library]",20250726,"ntgt217",0.0770571846559102
"simcrispr-interaction-v1","BARCS-original [library]",20250726,"ntgt218",0.219221077576691
"simcrispr-interaction-v1","BARCS-original [library]",20250726,"ntgt219",0.19559377362713
"simcrispr-interaction-v1","BARCS-original [library]",20250726,"ntgt221",0.168804696509655
"simcrispr-interaction-v1","BARCS-original [library]",20250726,"ntgt222",0.0575903317609314
"simcrispr-interaction-v1","BARCS-original [library]",20250726,"ntgt224",0.133597129310259
"simcrispr-interaction-v1","BARCS-original [library]",20250726,"ntgt226",0.165393621901464
"simcrispr-interaction-v1","BARCS-original [library]",20250726,"ntgt227",0.109556974076369
"simcrispr-interaction-v1","BARCS-original [library]",20250726,"ntgt229",0.257049621893355
"simcrispr-interaction-v1","BARCS-original [library]",20250726,"ntgt231",0.00519396133266924
"simcrispr-interaction-v1","BARCS-original [library]",20250726,"ntgt233",0.142934468755568
"simcrispr-interaction-v1","BARCS-original [library]",20250726,"ntgt234",0.113142237466598
"simcrispr-interaction-v1","BARCS-original [library]",20250726,"ntgt235",0.170528843814511
"simcrispr-interaction-v1","BARCS-original [library]",20250726,"ntgt236",0.208130615523092
"simcrispr-interaction-v1","BARCS-original [library]",20250726,"ntgt238",0.102769865431408
"simcrispr-interaction-v1","BARCS-original [library]",20250726,"ntgt239",0.152556063264464
"simcrispr-interaction-v1","BARCS-original [library]",20250726,"ntgt240",0.17704428696455
"simcrispr-interaction-v1","BARCS-original [library]",20250726,"ntgt241",0.207677956335851
"simcrispr-interaction-v1","BARCS-original [library]",20250726,"ntgt245",0.23632298049646
"simcrispr-interaction-v1","BARCS-original [library]",20250726,"ntgt246",0.27454411525191
"simcrispr-interaction-v1","BARCS-original [library]",20250726,"ntgt247",0.0295900859677681
"simcrispr-interaction-v1","BARCS-original [library]",20250726,"ntgt250",0.213908035467272
"simcrispr-interaction-v1","BARCS-original [library]",20250726,"ntgt258",0.118965983258118
"simcrispr-interaction-v1","BARCS-original [library]",20250726,"ntgt259",0.271137133129287
"simcrispr-interaction-v1","BARCS-original [library]",20250726,"ntgt260",0.169281054438702
"simcrispr-interaction-v1","BARCS-original [library]",20250726,"ntgt261",0.150697864504613
"simcrispr-interaction-v1","BARCS-original [library]",20250726,"ntgt262",0.114074580393026
"simcrispr-interaction-v1","BARCS-original [library]",20250726,"ntgt265",0.118563619050004
"simcrispr-interaction-v1","BARCS-original [library]",20250726,"ntgt266",0.233953117470998
"simcrispr-interaction-v1","BARCS-original [library]",20250726,"ntgt267",0.136183413710579
"simcrispr-interaction-v1","BARCS-original [library]",20250726,"ntgt269",0.275240185824548
"simcrispr-interaction-v1","BARCS-original [library]",20250726,"ntgt271",0.0809627432321176
"simcrispr-interaction-v1","BARCS-original [library]",20250726,"ntgt274",0.180459260205452
"simcrispr-interaction-v1","BARCS-original [library]",20250726,"ntgt276",0.139458128109751
"simcrispr-interaction-v1","BARCS-original [library]",20250726,"ntgt277",0.207651733064629
"simcrispr-interaction-v1","BARCS-original [library]",20250726,"ntgt281",0.270380848017942
"simcrispr-interaction-v1","BARCS-original [library]",20250726,"ntgt285",0.2384787075487
"simcrispr-interaction-v1","BARCS-original [library]",20250726,"ntgt287",0.0596197445634761
"simcrispr-interaction-v1","BARCS-original [library]",20250726,"ntgt288",0.206134647453534
"simcrispr-interaction-v1","BARCS-original [library]",20250726,"ntgt289",0.13197664894148
"simcrispr-interaction-v1","BARCS-original [library]",20250726,"ntgt290",0.156210073585344
"simcrispr-interaction-v1","BARCS-original [library]",20250726,"ntgt292",0.173518116151064
"simcrispr-interaction-v1","BARCS-original [library]",20250726,"ntgt294",0.227423117834453
"simcrispr-interaction-v1","BARCS-original [library]",20250726,"ntgt299",0.0836270171527294
"simcrispr-interaction-v1","BARCS-moderated [library]",20250726,"ntgt2",0.290251721513247
"simcrispr-interaction-v1","BARCS-moderated [library]",20250726,"ntgt5",0.15984190645966
"simcrispr-interaction-v1","BARCS-moderated [library]",20250726,"ntgt7",0.165774622453265
"simcrispr-interaction-v1","BARCS-moderated [library]",20250726,"ntgt8",0.329246188126603
"simcrispr-interaction-v1","BARCS-moderated [library]",20250726,"ntgt10",0.210530853233824
"simcrispr-interaction-v1","BARCS-moderated [library]",20250726,"ntgt11",0.220411452066073
"simcrispr-interaction-v1","BARCS-moderated [library]",20250726,"ntgt12",0.11425005361612
"simcrispr-interaction-v1","BARCS-moderated [library]",20250726,"ntgt18",0.152617391038186
"simcrispr-interaction-v1","BARCS-moderated [library]",20250726,"ntgt19",0.0889489129260024
"simcrispr-interaction-v1","BARCS-moderated [library]",20250726,"ntgt20",0.140849901750706
"simcrispr-interaction-v1","BARCS-moderated [library]",20250726,"ntgt22",0.226055500233565
"simcrispr-interaction-v1","BARCS-moderated [library]",20250726,"ntgt23",0.0882129110156938
"simcrispr-interaction-v1","BARCS-moderated [library]",20250726,"ntgt24",0.0876314772797326
"simcrispr-interaction-v1","BARCS-moderated [library]",20250726,"ntgt25",0.198989296831044
"simcrispr-interaction-v1","BARCS-moderated [library]",20250726,"ntgt26",0.160875365290131
"simcrispr-interaction-v1","BARCS-moderated [library]",20250726,"ntgt27",0.0964990636213085
"simcrispr-interaction-v1","BARCS-moderated [library]",20250726,"ntgt28",0.119833774730339
"simcrispr-interaction-v1","BARCS-moderated [library]",20250726,"ntgt29",0.225097533570339
"simcrispr-interaction-v1","BARCS-moderated [library]",20250726,"ntgt32",0.19568768554961
"simcrispr-interaction-v1","BARCS-moderated [library]",20250726,"ntgt34",0.182217800626991
"simcrispr-interaction-v1","BARCS-moderated [library]",20250726,"ntgt35",0.162352685424191
"simcrispr-interaction-v1","BARCS-moderated [library]",20250726,"ntgt38",0.0905535125205087
"simcrispr-interaction-v1","BARCS-moderated [library]",20250726,"ntgt39",0.0715936525027763
"simcrispr-interaction-v1","BARCS-moderated [library]",20250726,"ntgt42",0.0478620924797726
"simcrispr-interaction-v1","BARCS-moderated [library]",20250726,"ntgt43",0.211129188533672
"simcrispr-interaction-v1","BARCS-moderated [library]",20250726,"ntgt45",0.206714685709699
"simcrispr-interaction-v1","BARCS-moderated [library]",20250726,"ntgt52",0.197182124275676
"simcrispr-interaction-v1","BARCS-moderated [library]",20250726,"ntgt56",0.137638786294674
"simcrispr-interaction-v1","BARCS-moderated [library]",20250726,"ntgt61",0.189249119350491
"simcrispr-interaction-v1","BARCS-moderated [library]",20250726,"ntgt62",0.308094673066725
"simcrispr-interaction-v1","BARCS-moderated [library]",20250726,"ntgt63",0.109022400108159
"simcrispr-interaction-v1","BARCS-moderated [library]",20250726,"ntgt65",0.115260159757802
"simcrispr-interaction-v1","BARCS-moderated [library]",20250726,"ntgt69",0.26334223244523
"simcrispr-interaction-v1","BARCS-moderated [library]",20250726,"ntgt72",0.254016439481091
"simcrispr-interaction-v1","BARCS-moderated [library]",20250726,"ntgt76",0.142265631044414
"simcrispr-interaction-v1","BARCS-moderated [library]",20250726,"ntgt78",0.256650021969879
"simcrispr-interaction-v1","BARCS-moderated [library]",20250726,"ntgt80",0.145281352994726
"simcrispr-interaction-v1","BARCS-moderated [library]",20250726,"ntgt89",0.211525074836997
"simcrispr-interaction-v1","BARCS-moderated [library]",20250726,"ntgt90",0.135682867867777
"simcrispr-interaction-v1","BARCS-moderated [library]",20250726,"ntgt92",0.383935150670005
"simcrispr-interaction-v1","BARCS-moderated [library]",20250726,"ntgt93",0.163504887146818
"simcrispr-interaction-v1","BARCS-moderated [library]",20250726,"ntgt94",0.152137522747764
"simcrispr-interaction-v1","BARCS-moderated [library]",20250726,"ntgt95",0.154752282205277
"simcrispr-interaction-v1","BARCS-moderated [library]",20250726,"ntgt97",0.136530125378431
"simcrispr-interaction-v1","BARCS-moderated [library]",20250726,"ntgt99",0.266410067146419
"simcrispr-interaction-v1","BARCS-moderated [library]",20250726,"ntgt102",0.131421624152711
"simcrispr-interaction-v1","BARCS-moderated [library]",20250726,"ntgt104",0.186530795697488
"simcrispr-interaction-v1","BARCS-moderated [library]",20250726,"ntgt107",0.182914311453382
"simcrispr-interaction-v1","BARCS-moderated [library]",20250726,"ntgt109",0.0921191938143179
"simcrispr-interaction-v1","BARCS-moderated [library]",20250726,"ntgt110",0.35843306218749
"simcrispr-interaction-v1","BARCS-moderated [library]",20250726,"ntgt113",0.124106606172547
"simcrispr-interaction-v1","BARCS-moderated [library]",20250726,"ntgt114",0.218246563413248
"simcrispr-interaction-v1","BARCS-moderated [library]",20250726,"ntgt115",0.259806178416628
"simcrispr-interaction-v1","BARCS-moderated [library]",20250726,"ntgt116",0.130164184147011
"simcrispr-interaction-v1","BARCS-moderated [library]",20250726,"ntgt117",0.179746375412213
"simcrispr-interaction-v1","BARCS-moderated [library]",20250726,"ntgt119",0.262358466729689
"simcrispr-interaction-v1","BARCS-moderated [library]",20250726,"ntgt125",0.0424067455575756
"simcrispr-interaction-v1","BARCS-moderated [library]",20250726,"ntgt126",0.162734772735395
"simcrispr-interaction-v1","BARCS-moderated [library]",20250726,"ntgt129",0.114948415289628
"simcrispr-interaction-v1","BARCS-moderated [library]",20250726,"ntgt130",0.191418804342651
"simcrispr-interaction-v1","BARCS-moderated [library]",20250726,"ntgt131",0.257113070462224
"simcrispr-interaction-v1","BARCS-moderated [library]",20250726,"ntgt132",0.0882941774315781
"simcrispr-interaction-v1","BARCS-moderated [library]",20250726,"ntgt133",0.17956907590946
"simcrispr-interaction-v1","BARCS-moderated [library]",20250726,"ntgt137",0.138043961106925
"simcrispr-interaction-v1","BARCS-moderated [library]",20250726,"ntgt140",0.12823432273796
"simcrispr-interaction-v1","BARCS-moderated [library]",20250726,"ntgt143",0.0991040729706754
"simcrispr-interaction-v1","BARCS-moderated [library]",20250726,"ntgt144",0.296331838104521
"simcrispr-interaction-v1","BARCS-moderated [library]",20250726,"ntgt146",0.242961247046534
"simcrispr-interaction-v1","BARCS-moderated [library]",20250726,"ntgt148",0.155123073700003
"simcrispr-interaction-v1","BARCS-moderated [library]",20250726,"ntgt149",0.0774508732595268
"simcrispr-interaction-v1","BARCS-moderated [library]",20250726,"ntgt152",0.276009021647621
"simcrispr-interaction-v1","BARCS-moderated [library]",20250726,"ntgt153",0.194917688728304
"simcrispr-interaction-v1","BARCS-moderated [library]",20250726,"ntgt157",0.158579792216624
"simcrispr-interaction-v1","BARCS-moderated [library]",20250726,"ntgt158",0.0840881793731742
"simcrispr-interaction-v1","BARCS-moderated [library]",20250726,"ntgt160",0.0785775788802492
"simcrispr-interaction-v1","BARCS-moderated [library]",20250726,"ntgt161",0.153571254109103
"simcrispr-interaction-v1","BARCS-moderated [library]",20250726,"ntgt162",0.131927196598388
"simcrispr-interaction-v1","BARCS-moderated [library]",20250726,"ntgt163",0.158624234127825
"simcrispr-interaction-v1","BARCS-moderated [library]",20250726,"ntgt164",0.18002764738431
"simcrispr-interaction-v1","BARCS-moderated [library]",20250726,"ntgt166",0.250619334264598
"simcrispr-interaction-v1","BARCS-moderated [library]",20250726,"ntgt168",0.202590028459067
"simcrispr-interaction-v1","BARCS-moderated [library]",20250726,"ntgt171",0.26314044972292
"simcrispr-interaction-v1","BARCS-moderated [library]",20250726,"ntgt172",0.217306592872595
"simcrispr-interaction-v1","BARCS-moderated [library]",20250726,"ntgt173",0.118036690369411
"simcrispr-interaction-v1","BARCS-moderated [library]",20250726,"ntgt174",0.177956149691545
"simcrispr-interaction-v1","BARCS-moderated [library]",20250726,"ntgt178",0.264860154137433
"simcrispr-interaction-v1","BARCS-moderated [library]",20250726,"ntgt180",0.18713164405506
"simcrispr-interaction-v1","BARCS-moderated [library]",20250726,"ntgt181",0.203720728652356
"simcrispr-interaction-v1","BARCS-moderated [library]",20250726,"ntgt182",0.25173488775952
"simcrispr-interaction-v1","BARCS-moderated [library]",20250726,"ntgt183",0.192769695358788
"simcrispr-interaction-v1","BARCS-moderated [library]",20250726,"ntgt186",0.109393928696942
"simcrispr-interaction-v1","BARCS-moderated [library]",20250726,"ntgt188",0.239077892229164
"simcrispr-interaction-v1","BARCS-moderated [library]",20250726,"ntgt192",0.181336342845197
"simcrispr-interaction-v1","BARCS-moderated [library]",20250726,"ntgt193",0.230141258125657
"simcrispr-interaction-v1","BARCS-moderated [library]",20250726,"ntgt196",0.170412639801691
"simcrispr-interaction-v1","BARCS-moderated [library]",20250726,"ntgt197",0.059939091653647
"simcrispr-interaction-v1","BARCS-moderated [library]",20250726,"ntgt200",0.0684543473248708
"simcrispr-interaction-v1","BARCS-moderated [library]",20250726,"ntgt201",0.147462051141983
"simcrispr-interaction-v1","BARCS-moderated [library]",20250726,"ntgt202",0.0938204011398666
"simcrispr-interaction-v1","BARCS-moderated [library]",20250726,"ntgt205",0.163140345176204
"simcrispr-interaction-v1","BARCS-moderated [library]",20250726,"ntgt207",0.266784910110775
"simcrispr-interaction-v1","BARCS-moderated [library]",20250726,"ntgt208",0.0600202596998941
"simcrispr-interaction-v1","BARCS-moderated [library]",20250726,"ntgt209",0.0630215232474743
"simcrispr-interaction-v1","BARCS-moderated [library]",20250726,"ntgt210",0.0994903602034265
"simcrispr-interaction-v1","BARCS-moderated [library]",20250726,"ntgt213",0.177163952333812
"simcrispr-interaction-v1","BARCS-moderated [library]",20250726,"ntgt215",0.129594114260031
"simcrispr-interaction-v1","BARCS-moderated [library]",20250726,"ntgt217",0.0770571846559102
"simcrispr-interaction-v1","BARCS-moderated [library]",20250726,"ntgt218",0.219221077576691
"simcrispr-interaction-v1","BARCS-moderated [library]",20250726,"ntgt219",0.19559377362713
"simcrispr-interaction-v1","BARCS-moderated [library]",20250726,"ntgt221",0.168804696509655
"simcrispr-interaction-v1","BARCS-moderated [library]",20250726,"ntgt222",0.0575903317609314
"simcrispr-interaction-v1","BARCS-moderated [library]",20250726,"ntgt224",0.133597129310259
"simcrispr-interaction-v1","BARCS-moderated [library]",20250726,"ntgt226",0.165393621901464
"simcrispr-interaction-v1","BARCS-moderated [library]",20250726,"ntgt227",0.109556974076369
"simcrispr-interaction-v1","BARCS-moderated [library]",20250726,"ntgt229",0.257049621893355
"simcrispr-interaction-v1","BARCS-moderated [library]",20250726,"ntgt231",0.00519396133266924
"simcrispr-interaction-v1","BARCS-moderated [library]",20250726,"ntgt233",0.142934468755568
"simcrispr-interaction-v1","BARCS-moderated [library]",20250726,"ntgt234",0.113142237466598
"simcrispr-interaction-v1","BARCS-moderated [library]",20250726,"ntgt235",0.170528843814511
"simcrispr-interaction-v1","BARCS-moderated [library]",20250726,"ntgt236",0.208130615523092
"simcrispr-interaction-v1","BARCS-moderated [library]",20250726,"ntgt238",0.102769865431408
"simcrispr-interaction-v1","BARCS-moderated [library]",20250726,"ntgt239",0.152556063264464
"simcrispr-interaction-v1","BARCS-moderated [library]",20250726,"ntgt240",0.17704428696455
"simcrispr-interaction-v1","BARCS-moderated [library]",20250726,"ntgt241",0.207677956335851
"simcrispr-interaction-v1","BARCS-moderated [library]",20250726,"ntgt245",0.23632298049646
"simcrispr-interaction-v1","BARCS-moderated [library]",20250726,"ntgt246",0.27454411525191
"simcrispr-interaction-v1","BARCS-moderated [library]",20250726,"ntgt247",0.0295900859677681
"simcrispr-interaction-v1","BARCS-moderated [library]",20250726,"ntgt250",0.213908035467272
"simcrispr-interaction-v1","BARCS-moderated [library]",20250726,"ntgt258",0.118965983258118
"simcrispr-interaction-v1","BARCS-moderated [library]",20250726,"ntgt259",0.271137133129287
"simcrispr-interaction-v1","BARCS-moderated [library]",20250726,"ntgt260",0.169281054438702
"simcrispr-interaction-v1","BARCS-moderated [library]",20250726,"ntgt261",0.150697864504613
"simcrispr-interaction-v1","BARCS-moderated [library]",20250726,"ntgt262",0.114074580393026
"simcrispr-interaction-v1","BARCS-moderated [library]",20250726,"ntgt265",0.118563619050004
"simcrispr-interaction-v1","BARCS-moderated [library]",20250726,"ntgt266",0.233953117470998
"simcrispr-interaction-v1","BARCS-moderated [library]",20250726,"ntgt267",0.136183413710579
"simcrispr-interaction-v1","BARCS-moderated [library]",20250726,"ntgt269",0.275240185824548
"simcrispr-interaction-v1","BARCS-moderated [library]",20250726,"ntgt271",0.0809627432321176
"simcrispr-interaction-v1","BARCS-moderated [library]",20250726,"ntgt274",0.180459260205452
"simcrispr-interaction-v1","BARCS-moderated [library]",20250726,"ntgt276",0.139458128109751
"simcrispr-interaction-v1","BARCS-moderated [library]",20250726,"ntgt277",0.207651733064629
"simcrispr-interaction-v1","BARCS-moderated [library]",20250726,"ntgt281",0.270380848017942
"simcrispr-interaction-v1","BARCS-moderated [library]",20250726,"ntgt285",0.2384787075487
"simcrispr-interaction-v1","BARCS-moderated [library]",20250726,"ntgt287",0.0596197445634761
"simcrispr-interaction-v1","BARCS-moderated [library]",20250726,"ntgt288",0.206134647453534
"simcrispr-interaction-v1","BARCS-moderated [library]",20250726,"ntgt289",0.13197664894148
"simcrispr-interaction-v1","BARCS-moderated [library]",20250726,"ntgt290",0.156210073585344
"simcrispr-interaction-v1","BARCS-moderated [library]",20250726,"ntgt292",0.173518116151064
"simcrispr-interaction-v1","BARCS-moderated [library]",20250726,"ntgt294",0.227423117834453
"simcrispr-interaction-v1","BARCS-moderated [library]",20250726,"ntgt299",0.0836270171527294
"simcrispr-interaction-v1","BARCS-original [non-targeting]",20250726,"ntgt2",0.118104806066056
"simcrispr-interaction-v1","BARCS-original [non-targeting]",20250726,"ntgt5",0.00661239260749383
"simcrispr-interaction-v1","BARCS-original [non-targeting]",20250726,"ntgt7",0.00537068817082408
"simcrispr-interaction-v1","BARCS-original [non-targeting]",20250726,"ntgt8",0.161998460586348
"simcrispr-interaction-v1","BARCS-original [non-targeting]",20250726,"ntgt10",0.0526956142537726
"simcrispr-interaction-v1","BARCS-original [non-targeting]",20250726,"ntgt11",0.0557656164570071
"simcrispr-interaction-v1","BARCS-original [non-targeting]",20250726,"ntgt12",-0.060297220899068
"simcrispr-interaction-v1","BARCS-original [non-targeting]",20250726,"ntgt18",-0.0073666848281315
"simcrispr-interaction-v1","BARCS-original [non-targeting]",20250726,"ntgt19",-0.0735508738623903
"simcrispr-interaction-v1","BARCS-original [non-targeting]",20250726,"ntgt20",-0.0268478990791688
"simcrispr-interaction-v1","BARCS-original [non-targeting]",20250726,"ntgt22",0.0489357396805954
"simcrispr-interaction-v1","BARCS-original [non-targeting]",20250726,"ntgt23",-0.0721256538300901
"simcrispr-interaction-v1","BARCS-original [non-targeting]",20250726,"ntgt24",-0.0811421039815004
"simcrispr-interaction-v1","BARCS-original [non-targeting]",20250726,"ntgt25",0.0281616674713179
"simcrispr-interaction-v1","BARCS-original [non-targeting]",20250726,"ntgt26",-0.0077381351195573
"simcrispr-interaction-v1","BARCS-original [non-targeting]",20250726,"ntgt27",-0.0656693086113809
"simcrispr-interaction-v1","BARCS-original [non-targeting]",20250726,"ntgt28",-0.0433779677111452
"simcrispr-interaction-v1","BARCS-original [non-targeting]",20250726,"ntgt29",0.0497527134885473
"simcrispr-interaction-v1","BARCS-original [non-targeting]",20250726,"ntgt32",0.0199624957284618
"simcrispr-interaction-v1","BARCS-original [non-targeting]",20250726,"ntgt34",0.0125109923243445
"simcrispr-interaction-v1","BARCS-original [non-targeting]",20250726,"ntgt35",0.00937617346320679
"simcrispr-interaction-v1","BARCS-original [non-targeting]",20250726,"ntgt38",-0.0764916801171475
"simcrispr-interaction-v1","BARCS-original [non-targeting]",20250726,"ntgt39",-0.0910197651945205
"simcrispr-interaction-v1","BARCS-original [non-targeting]",20250726,"ntgt42",-0.123500594195584
"simcrispr-interaction-v1","BARCS-original [non-targeting]",20250726,"ntgt43",0.0376538669331089
"simcrispr-interaction-v1","BARCS-original [non-targeting]",20250726,"ntgt45",0.0470467959211051
"simcrispr-interaction-v1","BARCS-original [non-targeting]",20250726,"ntgt52",0.0303870182750862
"simcrispr-interaction-v1","BARCS-original [non-targeting]",20250726,"ntgt56",-0.0323824440636342
"simcrispr-interaction-v1","BARCS-original [non-targeting]",20250726,"ntgt61",0.0245731847492055
"simcrispr-interaction-v1","BARCS-original [non-targeting]",20250726,"ntgt62",0.156748206400657
"simcrispr-interaction-v1","BARCS-original [non-targeting]",20250726,"ntgt63",-0.0639074916603263
"simcrispr-interaction-v1","BARCS-original [non-targeting]",20250726,"ntgt65",-0.0531314772835047
"simcrispr-interaction-v1","BARCS-original [non-targeting]",20250726,"ntgt69",0.0943576953380364
"simcrispr-interaction-v1","BARCS-original [non-targeting]",20250726,"ntgt72",0.0862124159757583
"simcrispr-interaction-v1","BARCS-original [non-targeting]",20250726,"ntgt76",-0.0289728362970936
"simcrispr-interaction-v1","BARCS-original [non-targeting]",20250726,"ntgt78",0.0877232854069886
"simcrispr-interaction-v1","BARCS-original [non-targeting]",20250726,"ntgt80",-0.0205235192726435
"simcrispr-interaction-v1","BARCS-original [non-targeting]",20250726,"ntgt89",0.0485669935173765
"simcrispr-interaction-v1","BARCS-original [non-targeting]",20250726,"ntgt90",-0.0311201551521056
"simcrispr-interaction-v1","BARCS-original [non-targeting]",20250726,"ntgt92",0.218709523694406
"simcrispr-interaction-v1","BARCS-original [non-targeting]",20250726,"ntgt93",-0.0111574734482378
"simcrispr-interaction-v1","BARCS-original [non-targeting]",20250726,"ntgt94",-0.0159039224382406
"simcrispr-interaction-v1","BARCS-original [non-targeting]",20250726,"ntgt95",-0.00375123154731587
"simcrispr-interaction-v1","BARCS-original [non-targeting]",20250726,"ntgt97",-0.0239701565586019
"simcrispr-interaction-v1","BARCS-original [non-targeting]",20250726,"ntgt99",0.0911447075445027
"simcrispr-interaction-v1","BARCS-original [non-targeting]",20250726,"ntgt102",-0.0400474247197584
"simcrispr-interaction-v1","BARCS-original [non-targeting]",20250726,"ntgt104",0.0272376677862406
"simcrispr-interaction-v1","BARCS-original [non-targeting]",20250726,"ntgt107",0.0192116276828041
"simcrispr-interaction-v1","BARCS-original [non-targeting]",20250726,"ntgt109",-0.0793630686422808
"simcrispr-interaction-v1","BARCS-original [non-targeting]",20250726,"ntgt110",0.195337290542119
"simcrispr-interaction-v1","BARCS-original [non-targeting]",20250726,"ntgt113",-0.0412512253391349
"simcrispr-interaction-v1","BARCS-original [non-targeting]",20250726,"ntgt114",0.0513366399655275
"simcrispr-interaction-v1","BARCS-original [non-targeting]",20250726,"ntgt115",0.101052313055348
"simcrispr-interaction-v1","BARCS-original [non-targeting]",20250726,"ntgt116",-0.0328095259221752
"simcrispr-interaction-v1","BARCS-original [non-targeting]",20250726,"ntgt117",0.00913921666392222
"simcrispr-interaction-v1","BARCS-original [non-targeting]",20250726,"ntgt119",0.0972836445526977
"simcrispr-interaction-v1","BARCS-original [non-targeting]",20250726,"ntgt125",-0.124501400925094
"simcrispr-interaction-v1","BARCS-original [non-targeting]",20250726,"ntgt126",0.00182180495043825
"simcrispr-interaction-v1","BARCS-original [non-targeting]",20250726,"ntgt129",-0.0500940763900624
"simcrispr-interaction-v1","BARCS-original [non-targeting]",20250726,"ntgt130",0.029466644082576
"simcrispr-interaction-v1","BARCS-original [non-targeting]",20250726,"ntgt131",0.094712396409285
"simcrispr-interaction-v1","BARCS-original [non-targeting]",20250726,"ntgt132",-0.0791986441527256
"simcrispr-interaction-v1","BARCS-original [non-targeting]",20250726,"ntgt133",0.0134886847099028
"simcrispr-interaction-v1","BARCS-original [non-targeting]",20250726,"ntgt137",-0.0372045681799506
"simcrispr-interaction-v1","BARCS-original [non-targeting]",20250726,"ntgt140",-0.0306500404911447
"simcrispr-interaction-v1","BARCS-original [non-targeting]",20250726,"ntgt143",-0.0589491671478473
"simcrispr-interaction-v1","BARCS-original [non-targeting]",20250726,"ntgt144",0.135192076612497
"simcrispr-interaction-v1","BARCS-original [non-targeting]",20250726,"ntgt146",0.0659063516819698
"simcrispr-interaction-v1","BARCS-original [non-targeting]",20250726,"ntgt148",-0.00421253821194253
"simcrispr-interaction-v1","BARCS-original [non-targeting]",20250726,"ntgt149",-0.0846169791690705
"simcrispr-interaction-v1","BARCS-original [non-targeting]",20250726,"ntgt152",0.104166596874151
"simcrispr-interaction-v1","BARCS-original [non-targeting]",20250726,"ntgt153",0.0285560917281029
"simcrispr-interaction-v1","BARCS-original [non-targeting]",20250726,"ntgt157",-0.0051198657670346
"simcrispr-interaction-v1","BARCS-original [non-targeting]",20250726,"ntgt158",-0.0828080363094578
"simcrispr-interaction-v1","BARCS-original [non-targeting]",20250726,"ntgt160",-0.0884275608032717
"simcrispr-interaction-v1","BARCS-original [non-targeting]",20250726,"ntgt161",-0.0173766953436989
"simcrispr-interaction-v1","BARCS-original [non-targeting]",20250726,"ntgt162",-0.0346129670013533
"simcrispr-interaction-v1","BARCS-original [non-targeting]",20250726,"ntgt163",-0.000928882369445219
"simcrispr-interaction-v1","BARCS-original [non-targeting]",20250726,"ntgt164",0.01041681676859
"simcrispr-interaction-v1","BARCS-original [non-targeting]",20250726,"ntgt166",0.0847496147779183
"simcrispr-interaction-v1","BARCS-original [non-targeting]",20250726,"ntgt168",0.0334057534565285
"simcrispr-interaction-v1","BARCS-original [non-targeting]",20250726,"ntgt171",0.0952513384276197
"simcrispr-interaction-v1","BARCS-original [non-targeting]",20250726,"ntgt172",0.0463739369410267
"simcrispr-interaction-v1","BARCS-original [non-targeting]",20250726,"ntgt173",-0.0507453946123412
"simcrispr-interaction-v1","BARCS-original [non-targeting]",20250726,"ntgt174",0.0141314849014393
"simcrispr-interaction-v1","BARCS-original [non-targeting]",20250726,"ntgt178",0.0937296138724162
"simcrispr-interaction-v1","BARCS-original [non-targeting]",20250726,"ntgt180",0.019240602263907
"simcrispr-interaction-v1","BARCS-original [non-targeting]",20250726,"ntgt181",0.0280110701710057
"simcrispr-interaction-v1","BARCS-original [non-targeting]",20250726,"ntgt182",0.0902734945443494
"simcrispr-interaction-v1","BARCS-original [non-targeting]",20250726,"ntgt183",0.0200481686074082
"simcrispr-interaction-v1","BARCS-original [non-targeting]",20250726,"ntgt186",-0.0609780362290948
"simcrispr-interaction-v1","BARCS-original [non-targeting]",20250726,"ntgt188",0.0765463730198528
"simcrispr-interaction-v1","BARCS-original [non-targeting]",20250726,"ntgt192",0.0133272679331175
"simcrispr-interaction-v1","BARCS-original [non-targeting]",20250726,"ntgt193",0.0589244599998505
"simcrispr-interaction-v1","BARCS-original [non-targeting]",20250726,"ntgt196",0.0038902890350074
"simcrispr-interaction-v1","BARCS-original [non-targeting]",20250726,"ntgt197",-0.0995826180643012
"simcrispr-interaction-v1","BARCS-original [non-targeting]",20250726,"ntgt200",-0.0884628611841286
"simcrispr-interaction-v1","BARCS-original [non-targeting]",20250726,"ntgt201",-0.0133929676064334
"simcrispr-interaction-v1","BARCS-original [non-targeting]",20250726,"ntgt202",-0.0807443861194561
"simcrispr-interaction-v1","BARCS-original [non-targeting]",20250726,"ntgt205",-0.0104026018456293
"simcrispr-interaction-v1","BARCS-original [non-targeting]",20250726,"ntgt207",0.0962025116327262
"simcrispr-interaction-v1","BARCS-original [non-targeting]",20250726,"ntgt208",-0.108327035780627
"simcrispr-interaction-v1","BARCS-original [non-targeting]",20250726,"ntgt209",-0.106119322926003
"simcrispr-interaction-v1","BARCS-original [non-targeting]",20250726,"ntgt210",-0.0680909862366538
"simcrispr-interaction-v1","BARCS-original [non-targeting]",20250726,"ntgt213",0.00904756707956032
"simcrispr-interaction-v1","BARCS-original [non-targeting]",20250726,"ntgt215",-0.0303130206606395
"simcrispr-interaction-v1","BARCS-original [non-targeting]",20250726,"ntgt217",-0.0926787058530959
"simcrispr-interaction-v1","BARCS-original [non-targeting]",20250726,"ntgt218",0.0509021248326048
"simcrispr-interaction-v1","BARCS-original [non-targeting]",20250726,"ntgt219",0.0248985336088368
"simcrispr-interaction-v1","BARCS-original [non-targeting]",20250726,"ntgt221",0.00883654975481478
"simcrispr-interaction-v1","BARCS-original [non-targeting]",20250726,"ntgt222",-0.114227942662219
"simcrispr-interaction-v1","BARCS-original [non-targeting]",20250726,"ntgt224",-0.0316795883050524
"simcrispr-interaction-v1","BARCS-original [non-targeting]",20250726,"ntgt226",0.00556433935217632
"simcrispr-interaction-v1","BARCS-original [non-targeting]",20250726,"ntgt227",-0.0551432599165597
"simcrispr-interaction-v1","BARCS-original [non-targeting]",20250726,"ntgt229",0.0948244687810798
"simcrispr-interaction-v1","BARCS-original [non-targeting]",20250726,"ntgt231",-0.158620113732617
"simcrispr-interaction-v1","BARCS-original [non-targeting]",20250726,"ntgt233",-0.0178048064812323
"simcrispr-interaction-v1","BARCS-original [non-targeting]",20250726,"ntgt234",-0.0447300721305424
"simcrispr-interaction-v1","BARCS-original [non-targeting]",20250726,"ntgt235",0.00823594226996033
"simcrispr-interaction-v1","BARCS-original [non-targeting]",20250726,"ntgt236",0.0461083476003587
"simcrispr-interaction-v1","BARCS-original [non-targeting]",20250726,"ntgt238",-0.0575792945934662
"simcrispr-interaction-v1","BARCS-original [non-targeting]",20250726,"ntgt239",-0.018370996786548
"simcrispr-interaction-v1","BARCS-original [non-targeting]",20250726,"ntgt240",0.015596010305605
"simcrispr-interaction-v1","BARCS-original [non-targeting]",20250726,"ntgt241",0.0445395654936872
"simcrispr-interaction-v1","BARCS-original [non-targeting]",20250726,"ntgt245",0.0714704656129071
"simcrispr-interaction-v1","BARCS-original [non-targeting]",20250726,"ntgt246",0.110331544168009
"simcrispr-interaction-v1","BARCS-original [non-targeting]",20250726,"ntgt247",-0.146148180483895
"simcrispr-interaction-v1","BARCS-original [non-targeting]",20250726,"ntgt250",0.0530848935538616
"simcrispr-interaction-v1","BARCS-original [non-targeting]",20250726,"ntgt258",-0.0464976747701059
"simcrispr-interaction-v1","BARCS-original [non-targeting]",20250726,"ntgt259",0.0991540662107063
"simcrispr-interaction-v1","BARCS-original [non-targeting]",20250726,"ntgt260",0.00840394438624724
"simcrispr-interaction-v1","BARCS-original [non-targeting]",20250726,"ntgt261",-0.0160258769961356
"simcrispr-interaction-v1","BARCS-original [non-targeting]",20250726,"ntgt262",-0.0487802760509097
"simcrispr-interaction-v1","BARCS-original [non-targeting]",20250726,"ntgt265",-0.0529804818990885
"simcrispr-interaction-v1","BARCS-original [non-targeting]",20250726,"ntgt266",0.0630424783657552
"simcrispr-interaction-v1","BARCS-original [non-targeting]",20250726,"ntgt267",-0.0346188576394609
"simcrispr-interaction-v1","BARCS-original [non-targeting]",20250726,"ntgt269",0.101344901988268
"simcrispr-interaction-v1","BARCS-original [non-targeting]",20250726,"ntgt271",-0.0834621207865504
"simcrispr-interaction-v1","BARCS-original [non-targeting]",20250726,"ntgt274",0.0230012908202814
"simcrispr-interaction-v1","BARCS-original [non-targeting]",20250726,"ntgt276",-0.0232849649921387
"simcrispr-interaction-v1","BARCS-original [non-targeting]",20250726,"ntgt277",0.0407432319732401
"simcrispr-interaction-v1","BARCS-original [non-targeting]",20250726,"ntgt281",0.108134557601731
"simcrispr-interaction-v1","BARCS-original [non-targeting]",20250726,"ntgt285",0.0715051464308041
"simcrispr-interaction-v1","BARCS-original [non-targeting]",20250726,"ntgt287",-0.0972165043753899
"simcrispr-interaction-v1","BARCS-original [non-targeting]",20250726,"ntgt288",0.0362665045665942
"simcrispr-interaction-v1","BARCS-original [non-targeting]",20250726,"ntgt289",-0.0315576890560149
"simcrispr-interaction-v1","BARCS-original [non-targeting]",20250726,"ntgt290",-0.00534790355513482
"simcrispr-interaction-v1","BARCS-original [non-targeting]",20250726,"ntgt292",0.0127628436899596
"simcrispr-interaction-v1","BARCS-original [non-targeting]",20250726,"ntgt294",0.0648833888608559
"simcrispr-interaction-v1","BARCS-original [non-targeting]",20250726,"ntgt299",-0.0803259447660513
"simcrispr-interaction-v1","BARCS-moderated [non-targeting]",20250726,"ntgt2",0.118104806066056
"simcrispr-interaction-v1","BARCS-moderated [non-targeting]",20250726,"ntgt5",0.00661239260749383
"simcrispr-interaction-v1","BARCS-moderated [non-targeting]",20250726,"ntgt7",0.00537068817082408
"simcrispr-interaction-v1","BARCS-moderated [non-targeting]",20250726,"ntgt8",0.161998460586348
"simcrispr-interaction-v1","BARCS-moderated [non-targeting]",20250726,"ntgt10",0.0526956142537726
"simcrispr-interaction-v1","BARCS-moderated [non-targeting]",20250726,"ntgt11",0.0557656164570071
"simcrispr-interaction-v1","BARCS-moderated [non-targeting]",20250726,"ntgt12",-0.060297220899068
"simcrispr-interaction-v1","BARCS-moderated [non-targeting]",20250726,"ntgt18",-0.0073666848281315
"simcrispr-interaction-v1","BARCS-moderated [non-targeting]",20250726,"ntgt19",-0.0735508738623903
"simcrispr-interaction-v1","BARCS-moderated [non-targeting]",20250726,"ntgt20",-0.0268478990791688
"simcrispr-interaction-v1","BARCS-moderated [non-targeting]",20250726,"ntgt22",0.0489357396805954
"simcrispr-interaction-v1","BARCS-moderated [non-targeting]",20250726,"ntgt23",-0.0721256538300901
"simcrispr-interaction-v1","BARCS-moderated [non-targeting]",20250726,"ntgt24",-0.0811421039815004
"simcrispr-interaction-v1","BARCS-moderated [non-targeting]",20250726,"ntgt25",0.0281616674713179
"simcrispr-interaction-v1","BARCS-moderated [non-targeting]",20250726,"ntgt26",-0.0077381351195573
"simcrispr-interaction-v1","BARCS-moderated [non-targeting]",20250726,"ntgt27",-0.0656693086113809
"simcrispr-interaction-v1","BARCS-moderated [non-targeting]",20250726,"ntgt28",-0.0433779677111452
"simcrispr-interaction-v1","BARCS-moderated [non-targeting]",20250726,"ntgt29",0.0497527134885473
"simcrispr-interaction-v1","BARCS-moderated [non-targeting]",20250726,"ntgt32",0.0199624957284618
"simcrispr-interaction-v1","BARCS-moderated [non-targeting]",20250726,"ntgt34",0.0125109923243445
"simcrispr-interaction-v1","BARCS-moderated [non-targeting]",20250726,"ntgt35",0.00937617346320679
"simcrispr-interaction-v1","BARCS-moderated [non-targeting]",20250726,"ntgt38",-0.0764916801171475
"simcrispr-interaction-v1","BARCS-moderated [non-targeting]",20250726,"ntgt39",-0.0910197651945205
"simcrispr-interaction-v1","BARCS-moderated [non-targeting]",20250726,"ntgt42",-0.123500594195584
"simcrispr-interaction-v1","BARCS-moderated [non-targeting]",20250726,"ntgt43",0.0376538669331089
"simcrispr-interaction-v1","BARCS-moderated [non-targeting]",20250726,"ntgt45",0.0470467959211051
"simcrispr-interaction-v1","BARCS-moderated [non-targeting]",20250726,"ntgt52",0.0303870182750862
"simcrispr-interaction-v1","BARCS-moderated [non-targeting]",20250726,"ntgt56",-0.0323824440636342
"simcrispr-interaction-v1","BARCS-moderated [non-targeting]",20250726,"ntgt61",0.0245731847492055
"simcrispr-interaction-v1","BARCS-moderated [non-targeting]",20250726,"ntgt62",0.156748206400657
"simcrispr-interaction-v1","BARCS-moderated [non-targeting]",20250726,"ntgt63",-0.0639074916603263
"simcrispr-interaction-v1","BARCS-moderated [non-targeting]",20250726,"ntgt65",-0.0531314772835047
"simcrispr-interaction-v1","BARCS-moderated [non-targeting]",20250726,"ntgt69",0.0943576953380364
"simcrispr-interaction-v1","BARCS-moderated [non-targeting]",20250726,"ntgt72",0.0862124159757583
"simcrispr-interaction-v1","BARCS-moderated [non-targeting]",20250726,"ntgt76",-0.0289728362970936
"simcrispr-interaction-v1","BARCS-moderated [non-targeting]",20250726,"ntgt78",0.0877232854069886
"simcrispr-interaction-v1","BARCS-moderated [non-targeting]",20250726,"ntgt80",-0.0205235192726435
"simcrispr-interaction-v1","BARCS-moderated [non-targeting]",20250726,"ntgt89",0.0485669935173765
"simcrispr-interaction-v1","BARCS-moderated [non-targeting]",20250726,"ntgt90",-0.0311201551521056
"simcrispr-interaction-v1","BARCS-moderated [non-targeting]",20250726,"ntgt92",0.218709523694406
"simcrispr-interaction-v1","BARCS-moderated [non-targeting]",20250726,"ntgt93",-0.0111574734482378
"simcrispr-interaction-v1","BARCS-moderated [non-targeting]",20250726,"ntgt94",-0.0159039224382406
"simcrispr-interaction-v1","BARCS-moderated [non-targeting]",20250726,"ntgt95",-0.00375123154731587
"simcrispr-interaction-v1","BARCS-moderated [non-targeting]",20250726,"ntgt97",-0.0239701565586019
"simcrispr-interaction-v1","BARCS-moderated [non-targeting]",20250726,"ntgt99",0.0911447075445027
"simcrispr-interaction-v1","BARCS-moderated [non-targeting]",20250726,"ntgt102",-0.0400474247197584
"simcrispr-interaction-v1","BARCS-moderated [non-targeting]",20250726,"ntgt104",0.0272376677862406
"simcrispr-interaction-v1","BARCS-moderated [non-targeting]",20250726,"ntgt107",0.0192116276828041
"simcrispr-interaction-v1","BARCS-moderated [non-targeting]",20250726,"ntgt109",-0.0793630686422808
"simcrispr-interaction-v1","BARCS-moderated [non-targeting]",20250726,"ntgt110",0.195337290542119
"simcrispr-interaction-v1","BARCS-moderated [non-targeting]",20250726,"ntgt113",-0.0412512253391349
"simcrispr-interaction-v1","BARCS-moderated [non-targeting]",20250726,"ntgt114",0.0513366399655275
"simcrispr-interaction-v1","BARCS-moderated [non-targeting]",20250726,"ntgt115",0.101052313055348
"simcrispr-interaction-v1","BARCS-moderated [non-targeting]",20250726,"ntgt116",-0.0328095259221752
"simcrispr-interaction-v1","BARCS-moderated [non-targeting]",20250726,"ntgt117",0.00913921666392222
"simcrispr-interaction-v1","BARCS-moderated [non-targeting]",20250726,"ntgt119",0.0972836445526977
"simcrispr-interaction-v1","BARCS-moderated [non-targeting]",20250726,"ntgt125",-0.124501400925094
"simcrispr-interaction-v1","BARCS-moderated [non-targeting]",20250726,"ntgt126",0.00182180495043825
"simcrispr-interaction-v1","BARCS-moderated [non-targeting]",20250726,"ntgt129",-0.0500940763900624
"simcrispr-interaction-v1","BARCS-moderated [non-targeting]",20250726,"ntgt130",0.029466644082576
"simcrispr-interaction-v1","BARCS-moderated [non-targeting]",20250726,"ntgt131",0.094712396409285
"simcrispr-interaction-v1","BARCS-moderated [non-targeting]",20250726,"ntgt132",-0.0791986441527256
"simcrispr-interaction-v1","BARCS-moderated [non-targeting]",20250726,"ntgt133",0.0134886847099028
"simcrispr-interaction-v1","BARCS-moderated [non-targeting]",20250726,"ntgt137",-0.0372045681799506
"simcrispr-interaction-v1","BARCS-moderated [non-targeting]",20250726,"ntgt140",-0.0306500404911447
"simcrispr-interaction-v1","BARCS-moderated [non-targeting]",20250726,"ntgt143",-0.0589491671478473
"simcrispr-interaction-v1","BARCS-moderated [non-targeting]",20250726,"ntgt144",0.135192076612497
"simcrispr-interaction-v1","BARCS-moderated [non-targeting]",20250726,"ntgt146",0.0659063516819698
"simcrispr-interaction-v1","BARCS-moderated [non-targeting]",20250726,"ntgt148",-0.00421253821194253
"simcrispr-interaction-v1","BARCS-moderated [non-targeting]",20250726,"ntgt149",-0.0846169791690705
"simcrispr-interaction-v1","BARCS-moderated [non-targeting]",20250726,"ntgt152",0.104166596874151
"simcrispr-interaction-v1","BARCS-moderated [non-targeting]",20250726,"ntgt153",0.0285560917281029
"simcrispr-interaction-v1","BARCS-moderated [non-targeting]",20250726,"ntgt157",-0.0051198657670346
"simcrispr-interaction-v1","BARCS-moderated [non-targeting]",20250726,"ntgt158",-0.0828080363094578
"simcrispr-interaction-v1","BARCS-moderated [non-targeting]",20250726,"ntgt160",-0.0884275608032717
"simcrispr-interaction-v1","BARCS-moderated [non-targeting]",20250726,"ntgt161",-0.0173766953436989
"simcrispr-interaction-v1","BARCS-moderated [non-targeting]",20250726,"ntgt162",-0.0346129670013533
"simcrispr-interaction-v1","BARCS-moderated [non-targeting]",20250726,"ntgt163",-0.000928882369445219
"simcrispr-interaction-v1","BARCS-moderated [non-targeting]",20250726,"ntgt164",0.01041681676859
"simcrispr-interaction-v1","BARCS-moderated [non-targeting]",20250726,"ntgt166",0.0847496147779183
"simcrispr-interaction-v1","BARCS-moderated [non-targeting]",20250726,"ntgt168",0.0334057534565285
"simcrispr-interaction-v1","BARCS-moderated [non-targeting]",20250726,"ntgt171",0.0952513384276197
"simcrispr-interaction-v1","BARCS-moderated [non-targeting]",20250726,"ntgt172",0.0463739369410267
"simcrispr-interaction-v1","BARCS-moderated [non-targeting]",20250726,"ntgt173",-0.0507453946123412
"simcrispr-interaction-v1","BARCS-moderated [non-targeting]",20250726,"ntgt174",0.0141314849014393
"simcrispr-interaction-v1","BARCS-moderated [non-targeting]",20250726,"ntgt178",0.0937296138724162
"simcrispr-interaction-v1","BARCS-moderated [non-targeting]",20250726,"ntgt180",0.019240602263907
"simcrispr-interaction-v1","BARCS-moderated [non-targeting]",20250726,"ntgt181",0.0280110701710057
"simcrispr-interaction-v1","BARCS-moderated [non-targeting]",20250726,"ntgt182",0.0902734945443494
"simcrispr-interaction-v1","BARCS-moderated [non-targeting]",20250726,"ntgt183",0.0200481686074082
"simcrispr-interaction-v1","BARCS-moderated [non-targeting]",20250726,"ntgt186",-0.0609780362290948
"simcrispr-interaction-v1","BARCS-moderated [non-targeting]",20250726,"ntgt188",0.0765463730198528
"simcrispr-interaction-v1","BARCS-moderated [non-targeting]",20250726,"ntgt192",0.0133272679331175
"simcrispr-interaction-v1","BARCS-moderated [non-targeting]",20250726,"ntgt193",0.0589244599998505
"simcrispr-interaction-v1","BARCS-moderated [non-targeting]",20250726,"ntgt196",0.0038902890350074
"simcrispr-interaction-v1","BARCS-moderated [non-targeting]",20250726,"ntgt197",-0.0995826180643012
"simcrispr-interaction-v1","BARCS-moderated [non-targeting]",20250726,"ntgt200",-0.0884628611841286
"simcrispr-interaction-v1","BARCS-moderated [non-targeting]",20250726,"ntgt201",-0.0133929676064334
"simcrispr-interaction-v1","BARCS-moderated [non-targeting]",20250726,"ntgt202",-0.0807443861194561
"simcrispr-interaction-v1","BARCS-moderated [non-targeting]",20250726,"ntgt205",-0.0104026018456293
"simcrispr-interaction-v1","BARCS-moderated [non-targeting]",20250726,"ntgt207",0.0962025116327262
"simcrispr-interaction-v1","BARCS-moderated [non-targeting]",20250726,"ntgt208",-0.108327035780627
"simcrispr-interaction-v1","BARCS-moderated [non-targeting]",20250726,"ntgt209",-0.106119322926003
"simcrispr-interaction-v1","BARCS-moderated [non-targeting]",20250726,"ntgt210",-0.0680909862366538
"simcrispr-interaction-v1","BARCS-moderated [non-targeting]",20250726,"ntgt213",0.00904756707956032
"simcrispr-interaction-v1","BARCS-moderated [non-targeting]",20250726,"ntgt215",-0.0303130206606395
"simcrispr-interaction-v1","BARCS-moderated [non-targeting]",20250726,"ntgt217",-0.0926787058530959
"simcrispr-interaction-v1","BARCS-moderated [non-targeting]",20250726,"ntgt218",0.0509021248326048
"simcrispr-interaction-v1","BARCS-moderated [non-targeting]",20250726,"ntgt219",0.0248985336088368
"simcrispr-interaction-v1","BARCS-moderated [non-targeting]",20250726,"ntgt221",0.00883654975481478
"simcrispr-interaction-v1","BARCS-moderated [non-targeting]",20250726,"ntgt222",-0.114227942662219
"simcrispr-interaction-v1","BARCS-moderated [non-targeting]",20250726,"ntgt224",-0.0316795883050524
"simcrispr-interaction-v1","BARCS-moderated [non-targeting]",20250726,"ntgt226",0.00556433935217632
"simcrispr-interaction-v1","BARCS-moderated [non-targeting]",20250726,"ntgt227",-0.0551432599165597
"simcrispr-interaction-v1","BARCS-moderated [non-targeting]",20250726,"ntgt229",0.0948244687810798
"simcrispr-interaction-v1","BARCS-moderated [non-targeting]",20250726,"ntgt231",-0.158620113732617
"simcrispr-interaction-v1","BARCS-moderated [non-targeting]",20250726,"ntgt233",-0.0178048064812323
"simcrispr-interaction-v1","BARCS-moderated [non-targeting]",20250726,"ntgt234",-0.0447300721305424
"simcrispr-interaction-v1","BARCS-moderated [non-targeting]",20250726,"ntgt235",0.00823594226996033
"simcrispr-interaction-v1","BARCS-moderated [non-targeting]",20250726,"ntgt236",0.0461083476003587
"simcrispr-interaction-v1","BARCS-moderated [non-targeting]",20250726,"ntgt238",-0.0575792945934662
"simcrispr-interaction-v1","BARCS-moderated [non-targeting]",20250726,"ntgt239",-0.018370996786548
"simcrispr-interaction-v1","BARCS-moderated [non-targeting]",20250726,"ntgt240",0.015596010305605
"simcrispr-interaction-v1","BARCS-moderated [non-targeting]",20250726,"ntgt241",0.0445395654936872
"simcrispr-interaction-v1","BARCS-moderated [non-targeting]",20250726,"ntgt245",0.0714704656129071
"simcrispr-interaction-v1","BARCS-moderated [non-targeting]",20250726,"ntgt246",0.110331544168009
"simcrispr-interaction-v1","BARCS-moderated [non-targeting]",20250726,"ntgt247",-0.146148180483895
"simcrispr-interaction-v1","BARCS-moderated [non-targeting]",20250726,"ntgt250",0.0530848935538616
"simcrispr-interaction-v1","BARCS-moderated [non-targeting]",20250726,"ntgt258",-0.0464976747701059
"simcrispr-interaction-v1","BARCS-moderated [non-targeting]",20250726,"ntgt259",0.0991540662107063
"simcrispr-interaction-v1","BARCS-moderated [non-targeting]",20250726,"ntgt260",0.00840394438624724
"simcrispr-interaction-v1","BARCS-moderated [non-targeting]",20250726,"ntgt261",-0.0160258769961356
"simcrispr-interaction-v1","BARCS-moderated [non-targeting]",20250726,"ntgt262",-0.0487802760509097
"simcrispr-interaction-v1","BARCS-moderated [non-targeting]",20250726,"ntgt265",-0.0529804818990885
"simcrispr-interaction-v1","BARCS-moderated [non-targeting]",20250726,"ntgt266",0.0630424783657552
"simcrispr-interaction-v1","BARCS-moderated [non-targeting]",20250726,"ntgt267",-0.0346188576394609
"simcrispr-interaction-v1","BARCS-moderated [non-targeting]",20250726,"ntgt269",0.101344901988268
"simcrispr-interaction-v1","BARCS-moderated [non-targeting]",20250726,"ntgt271",-0.0834621207865504
"simcrispr-interaction-v1","BARCS-moderated [non-targeting]",20250726,"ntgt274",0.0230012908202814
"simcrispr-interaction-v1","BARCS-moderated [non-targeting]",20250726,"ntgt276",-0.0232849649921387
"simcrispr-interaction-v1","BARCS-moderated [non-targeting]",20250726,"ntgt277",0.0407432319732401
"simcrispr-interaction-v1","BARCS-moderated [non-targeting]",20250726,"ntgt281",0.108134557601731
"simcrispr-interaction-v1","BARCS-moderated [non-targeting]",20250726,"ntgt285",0.0715051464308041
"simcrispr-interaction-v1","BARCS-moderated [non-targeting]",20250726,"ntgt287",-0.0972165043753899
"simcrispr-interaction-v1","BARCS-moderated [non-targeting]",20250726,"ntgt288",0.0362665045665942
"simcrispr-interaction-v1","BARCS-moderated [non-targeting]",20250726,"ntgt289",-0.0315576890560149
"simcrispr-interaction-v1","BARCS-moderated [non-targeting]",20250726,"ntgt290",-0.00534790355513482
"simcrispr-interaction-v1","BARCS-moderated [non-targeting]",20250726,"ntgt292",0.0127628436899596
"simcrispr-interaction-v1","BARCS-moderated [non-targeting]",20250726,"ntgt294",0.0648833888608559
"simcrispr-interaction-v1","BARCS-moderated [non-targeting]",20250726,"ntgt299",-0.0803259447660513
"simcrispr-interaction-v1","BARCS-original [safe-harbor]",20250726,"ntgt2",0.151615083962506
"simcrispr-interaction-v1","BARCS-original [safe-harbor]",20250726,"ntgt5",0.0415461749597046
"simcrispr-interaction-v1","BARCS-original [safe-harbor]",20250726,"ntgt7",0.038668425066993
"simcrispr-interaction-v1","BARCS-original [safe-harbor]",20250726,"ntgt8",0.195341597145866
"simcrispr-interaction-v1","BARCS-original [safe-harbor]",20250726,"ntgt10",0.0860291921798208
"simcrispr-interaction-v1","BARCS-original [safe-harbor]",20250726,"ntgt11",0.0891095529049814
"simcrispr-interaction-v1","BARCS-original [safe-harbor]",20250726,"ntgt12",-0.0269547461026691
"simcrispr-interaction-v1","BARCS-original [safe-harbor]",20250726,"ntgt18",0.0272274601179612
"simcrispr-interaction-v1","BARCS-original [safe-harbor]",20250726,"ntgt19",-0.0375990183818372
"simcrispr-interaction-v1","BARCS-original [safe-harbor]",20250726,"ntgt20",0.00649599650697478
"simcrispr-interaction-v1","BARCS-original [safe-harbor]",20250726,"ntgt22",0.0831995670858995
"simcrispr-interaction-v1","BARCS-original [safe-harbor]",20250726,"ntgt23",-0.0383756013238373
"simcrispr-interaction-v1","BARCS-original [safe-harbor]",20250726,"ntgt24",-0.0469733398313778
"simcrispr-interaction-v1","BARCS-original [safe-harbor]",20250726,"ntgt25",0.0623176321618704
"simcrispr-interaction-v1","BARCS-original [safe-harbor]",20250726,"ntgt26",0.0273764103253552
"simcrispr-interaction-v1","BARCS-original [safe-harbor]",20250726,"ntgt27",-0.0282305189282663
"simcrispr-interaction-v1","BARCS-original [safe-harbor]",20250726,"ntgt28",-0.00962486871585217
"simcrispr-interaction-v1","BARCS-original [safe-harbor]",20250726,"ntgt29",0.0830949173405985
"simcrispr-interaction-v1","BARCS-original [safe-harbor]",20250726,"ntgt32",0.053305073252236
"simcrispr-interaction-v1","BARCS-original [safe-harbor]",20250726,"ntgt34",0.0461043118793157
"simcrispr-interaction-v1","BARCS-original [safe-harbor]",20250726,"ntgt35",0.0422933309018142
"simcrispr-interaction-v1","BARCS-original [safe-harbor]",20250726,"ntgt38",-0.0418658090506555
"simcrispr-interaction-v1","BARCS-original [safe-harbor]",20250726,"ntgt39",-0.0570004695313916
"simcrispr-interaction-v1","BARCS-original [safe-harbor]",20250726,"ntgt42",-0.0897975303329197
"simcrispr-interaction-v1","BARCS-original [safe-harbor]",20250726,"ntgt43",0.070997906086633
"simcrispr-interaction-v1","BARCS-original [safe-harbor]",20250726,"ntgt45",0.0811370658634313
"simcrispr-interaction-v1","BARCS-original [safe-harbor]",20250726,"ntgt52",0.0637291178687699
"simcrispr-interaction-v1","BARCS-original [safe-harbor]",20250726,"ntgt56",0.00051481191590667
"simcrispr-interaction-v1","BARCS-original [safe-harbor]",20250726,"ntgt61",0.0581303630888999
"simcrispr-interaction-v1","BARCS-original [safe-harbor]",20250726,"ntgt62",0.191497367393805
"simcrispr-interaction-v1","BARCS-original [safe-harbor]",20250726,"ntgt63",-0.0300892018542459
"simcrispr-interaction-v1","BARCS-original [safe-harbor]",20250726,"ntgt65",-0.0182641357531186
"simcrispr-interaction-v1","BARCS-original [safe-harbor]",20250726,"ntgt69",0.127777327807193
"simcrispr-interaction-v1","BARCS-original [safe-harbor]",20250726,"ntgt72",0.119363662899863
"simcrispr-interaction-v1","BARCS-original [safe-harbor]",20250726,"ntgt76",0.00578335915162919
"simcrispr-interaction-v1","BARCS-original [safe-harbor]",20250726,"ntgt78",0.121067485681429
"simcrispr-interaction-v1","BARCS-original [safe-harbor]",20250726,"ntgt80",0.0135885443847613
"simcrispr-interaction-v1","BARCS-original [safe-harbor]",20250726,"ntgt89",0.0830805053774092
"simcrispr-interaction-v1","BARCS-original [safe-harbor]",20250726,"ntgt90",0.00252105748342099
"simcrispr-interaction-v1","BARCS-original [safe-harbor]",20250726,"ntgt92",0.25390904639391
"simcrispr-interaction-v1","BARCS-original [safe-harbor]",20250726,"ntgt93",0.0221848744533024
"simcrispr-interaction-v1","BARCS-original [safe-harbor]",20250726,"ntgt94",0.0191250673218507
"simcrispr-interaction-v1","BARCS-original [safe-harbor]",20250726,"ntgt95",0.0298184627609371
"simcrispr-interaction-v1","BARCS-original [safe-harbor]",20250726,"ntgt97",0.00989810231665847
"simcrispr-interaction-v1","BARCS-original [safe-harbor]",20250726,"ntgt99",0.124488915664413
"simcrispr-interaction-v1","BARCS-original [safe-harbor]",20250726,"ntgt102",-0.00670296137184728
"simcrispr-interaction-v1","BARCS-original [safe-harbor]",20250726,"ntgt104",0.0607971846922268
"simcrispr-interaction-v1","BARCS-original [safe-harbor]",20250726,"ntgt107",0.053275494399116
"simcrispr-interaction-v1","BARCS-original [safe-harbor]",20250726,"ntgt109",-0.0435412905479347
"simcrispr-interaction-v1","BARCS-original [safe-harbor]",20250726,"ntgt110",0.228682054705268
"simcrispr-interaction-v1","BARCS-original [safe-harbor]",20250726,"ntgt113",-0.00782770805135701
"simcrispr-interaction-v1","BARCS-original [safe-harbor]",20250726,"ntgt114",0.0863946304887712
"simcrispr-interaction-v1","BARCS-original [safe-harbor]",20250726,"ntgt115",0.135262540570548
"simcrispr-interaction-v1","BARCS-original [safe-harbor]",20250726,"ntgt116",0.000380713715492817
"simcrispr-interaction-v1","BARCS-original [safe-harbor]",20250726,"ntgt117",0.0434365419709574
"simcrispr-interaction-v1","BARCS-original [safe-harbor]",20250726,"ntgt119",0.13207820134835
"simcrispr-interaction-v1","BARCS-original [safe-harbor]",20250726,"ntgt125",-0.0898854779312387
"simcrispr-interaction-v1","BARCS-original [safe-harbor]",20250726,"ntgt126",0.0364671481274268
"simcrispr-interaction-v1","BARCS-original [safe-harbor]",20250726,"ntgt129",-0.015548269555043
"simcrispr-interaction-v1","BARCS-original [safe-harbor]",20250726,"ntgt130",0.0636496666601764
"simcrispr-interaction-v1","BARCS-original [safe-harbor]",20250726,"ntgt131",0.128454447843721
"simcrispr-interaction-v1","BARCS-original [safe-harbor]",20250726,"ntgt132",-0.0445929990530589
"simcrispr-interaction-v1","BARCS-original [safe-harbor]",20250726,"ntgt133",0.0481627736743137
"simcrispr-interaction-v1","BARCS-original [safe-harbor]",20250726,"ntgt137",-0.00350812834808283
"simcrispr-interaction-v1","BARCS-original [safe-harbor]",20250726,"ntgt140",0.00300591476189222
"simcrispr-interaction-v1","BARCS-original [safe-harbor]",20250726,"ntgt143",-0.0260868763021218
"simcrispr-interaction-v1","BARCS-original [safe-harbor]",20250726,"ntgt144",0.169157908344993
"simcrispr-interaction-v1","BARCS-original [safe-harbor]",20250726,"ntgt146",0.10063839260295
"simcrispr-interaction-v1","BARCS-original [safe-harbor]",20250726,"ntgt148",0.0300725117275504
"simcrispr-interaction-v1","BARCS-original [safe-harbor]",20250726,"ntgt149",-0.0496604042179658
"simcrispr-interaction-v1","BARCS-original [safe-harbor]",20250726,"ntgt152",0.138503293132687
"simcrispr-interaction-v1","BARCS-original [safe-harbor]",20250726,"ntgt153",0.0639703018348693
"simcrispr-interaction-v1","BARCS-original [safe-harbor]",20250726,"ntgt157",0.02940041874757
"simcrispr-interaction-v1","BARCS-original [safe-harbor]",20250726,"ntgt158",-0.0484432742691091
"simcrispr-interaction-v1","BARCS-original [safe-harbor]",20250726,"ntgt160",-0.0542782276588987
"simcrispr-interaction-v1","BARCS-original [safe-harbor]",20250726,"ntgt161",0.0152505885962642
"simcrispr-interaction-v1","BARCS-original [safe-harbor]",20250726,"ntgt162",-0.000144734063139684
"simcrispr-interaction-v1","BARCS-original [safe-harbor]",20250726,"ntgt163",0.0332048047581964
"simcrispr-interaction-v1","BARCS-original [safe-harbor]",20250726,"ntgt164",0.0449146686795266
"simcrispr-interaction-v1","BARCS-original [safe-harbor]",20250726,"ntgt166",0.120698263504872
"simcrispr-interaction-v1","BARCS-original [safe-harbor]",20250726,"ntgt168",0.0670028677788596
"simcrispr-interaction-v1","BARCS-original [safe-harbor]",20250726,"ntgt171",0.129895159515389
"simcrispr-interaction-v1","BARCS-original [safe-harbor]",20250726,"ntgt172",0.0797815829797723
"simcrispr-interaction-v1","BARCS-original [safe-harbor]",20250726,"ntgt173",-0.0164973333378147
"simcrispr-interaction-v1","BARCS-original [safe-harbor]",20250726,"ntgt174",0.0496730229735891
"simcrispr-interaction-v1","BARCS-original [safe-harbor]",20250726,"ntgt178",0.12707319812082
"simcrispr-interaction-v1","BARCS-original [safe-harbor]",20250726,"ntgt180",0.0529639886192799
"simcrispr-interaction-v1","BARCS-original [safe-harbor]",20250726,"ntgt181",0.0613521495763378
"simcrispr-interaction-v1","BARCS-original [safe-harbor]",20250726,"ntgt182",0.123643000584396
"simcrispr-interaction-v1","BARCS-original [safe-harbor]",20250726,"ntgt183",0.0544535794256061
"simcrispr-interaction-v1","BARCS-original [safe-harbor]",20250726,"ntgt186",-0.0271216740954108
"simcrispr-interaction-v1","BARCS-original [safe-harbor]",20250726,"ntgt188",0.112316947935062
"simcrispr-interaction-v1","BARCS-original [safe-harbor]",20250726,"ntgt192",0.0471140883509613
"simcrispr-interaction-v1","BARCS-original [safe-harbor]",20250726,"ntgt193",0.0921469250491534
"simcrispr-interaction-v1","BARCS-original [safe-harbor]",20250726,"ntgt196",0.037233572324028
"simcrispr-interaction-v1","BARCS-original [safe-harbor]",20250726,"ntgt197",-0.0653764359389679
"simcrispr-interaction-v1","BARCS-original [safe-harbor]",20250726,"ntgt200",-0.0528093725280404
"simcrispr-interaction-v1","BARCS-original [safe-harbor]",20250726,"ntgt201",0.0205167346084616
"simcrispr-interaction-v1","BARCS-original [safe-harbor]",20250726,"ntgt202",-0.0466420299600909
"simcrispr-interaction-v1","BARCS-original [safe-harbor]",20250726,"ntgt205",0.0229388501325084
"simcrispr-interaction-v1","BARCS-original [safe-harbor]",20250726,"ntgt207",0.12954897380821
"simcrispr-interaction-v1","BARCS-original [safe-harbor]",20250726,"ntgt208",-0.0722420753855368
"simcrispr-interaction-v1","BARCS-original [safe-harbor]",20250726,"ntgt209",-0.0717685414400493
"simcrispr-interaction-v1","BARCS-original [safe-harbor]",20250726,"ntgt210",-0.033483494122867
"simcrispr-interaction-v1","BARCS-original [safe-harbor]",20250726,"ntgt213",0.0442226345696033
"simcrispr-interaction-v1","BARCS-original [safe-harbor]",20250726,"ntgt215",0.00334478552890562
"simcrispr-interaction-v1","BARCS-original [safe-harbor]",20250726,"ntgt217",-0.0593372029539859
"simcrispr-interaction-v1","BARCS-original [safe-harbor]",20250726,"ntgt218",0.0846083194903043
"simcrispr-interaction-v1","BARCS-original [safe-harbor]",20250726,"ntgt219",0.0582423670368908
"simcrispr-interaction-v1","BARCS-original [safe-harbor]",20250726,"ntgt221",0.0434238916281444
"simcrispr-interaction-v1","BARCS-original [safe-harbor]",20250726,"ntgt222",-0.0809390949776377
"simcrispr-interaction-v1","BARCS-original [safe-harbor]",20250726,"ntgt224",0.00232365517405575
"simcrispr-interaction-v1","BARCS-original [safe-harbor]",20250726,"ntgt226",0.0394546474036957
"simcrispr-interaction-v1","BARCS-original [safe-harbor]",20250726,"ntgt227",-0.0218008041850483
"simcrispr-interaction-v1","BARCS-original [safe-harbor]",20250726,"ntgt229",0.128514980648573
"simcrispr-interaction-v1","BARCS-original [safe-harbor]",20250726,"ntgt231",-0.123995351177351
"simcrispr-interaction-v1","BARCS-original [safe-harbor]",20250726,"ntgt233",0.0161053095987456
"simcrispr-interaction-v1","BARCS-original [safe-harbor]",20250726,"ntgt234",-0.0115752100827181
"simcrispr-interaction-v1","BARCS-original [safe-harbor]",20250726,"ntgt235",0.0429044525360885
"simcrispr-interaction-v1","BARCS-original [safe-harbor]",20250726,"ntgt236",0.0805376178848374
"simcrispr-interaction-v1","BARCS-original [safe-harbor]",20250726,"ntgt238",-0.0228406551673884
"simcrispr-interaction-v1","BARCS-original [safe-harbor]",20250726,"ntgt239",0.0167456511515608
"simcrispr-interaction-v1","BARCS-original [safe-harbor]",20250726,"ntgt240",0.0503076829981908
"simcrispr-interaction-v1","BARCS-original [safe-harbor]",20250726,"ntgt241",0.0781653990301307
"simcrispr-interaction-v1","BARCS-original [safe-harbor]",20250726,"ntgt245",0.105179594719343
"simcrispr-interaction-v1","BARCS-original [safe-harbor]",20250726,"ntgt246",0.144153181342679
"simcrispr-interaction-v1","BARCS-original [safe-harbor]",20250726,"ntgt247",-0.112804074925002
"simcrispr-interaction-v1","BARCS-original [safe-harbor]",20250726,"ntgt250",0.0878591312911466
"simcrispr-interaction-v1","BARCS-original [safe-harbor]",20250726,"ntgt258",-0.0124143140609394
"simcrispr-interaction-v1","BARCS-original [safe-harbor]",20250726,"ntgt259",0.132497247453787
"simcrispr-interaction-v1","BARCS-original [safe-harbor]",20250726,"ntgt260",0.042917358416694
"simcrispr-interaction-v1","BARCS-original [safe-harbor]",20250726,"ntgt261",0.0189742513829849
"simcrispr-interaction-v1","BARCS-original [safe-harbor]",20250726,"ntgt262",-0.0154365633282906
"simcrispr-interaction-v1","BARCS-original [safe-harbor]",20250726,"ntgt265",-0.0195291313092479
"simcrispr-interaction-v1","BARCS-original [safe-harbor]",20250726,"ntgt266",0.0976108476370134
"simcrispr-interaction-v1","BARCS-original [safe-harbor]",20250726,"ntgt267",0.000334924640969507
"simcrispr-interaction-v1","BARCS-original [safe-harbor]",20250726,"ntgt269",0.136061364035275
"simcrispr-interaction-v1","BARCS-original [safe-harbor]",20250726,"ntgt271",-0.0485947508429579
"simcrispr-interaction-v1","BARCS-original [safe-harbor]",20250726,"ntgt274",0.0563452309123455
"simcrispr-interaction-v1","BARCS-original [safe-harbor]",20250726,"ntgt276",0.0123459145927978
"simcrispr-interaction-v1","BARCS-original [safe-harbor]",20250726,"ntgt277",0.0750418411488229
"simcrispr-interaction-v1","BARCS-original [safe-harbor]",20250726,"ntgt281",0.142721210714087
"simcrispr-interaction-v1","BARCS-original [safe-harbor]",20250726,"ntgt285",0.105871926090821
"simcrispr-interaction-v1","BARCS-original [safe-harbor]",20250726,"ntgt287",-0.0640117766798327
"simcrispr-interaction-v1","BARCS-original [safe-harbor]",20250726,"ntgt288",0.0696096886026388
"simcrispr-interaction-v1","BARCS-original [safe-harbor]",20250726,"ntgt289",0.00268782689043297
"simcrispr-interaction-v1","BARCS-original [safe-harbor]",20250726,"ntgt290",0.0280997271349133
"simcrispr-interaction-v1","BARCS-original [safe-harbor]",20250726,"ntgt292",0.0471820235020185
"simcrispr-interaction-v1","BARCS-original [safe-harbor]",20250726,"ntgt294",0.0997884998279122
"simcrispr-interaction-v1","BARCS-original [safe-harbor]",20250726,"ntgt299",-0.0457724818774486
"simcrispr-interaction-v1","BARCS-moderated [safe-harbor]",20250726,"ntgt2",0.151615083962506
"simcrispr-interaction-v1","BARCS-moderated [safe-harbor]",20250726,"ntgt5",0.0415461749597046
"simcrispr-interaction-v1","BARCS-moderated [safe-harbor]",20250726,"ntgt7",0.038668425066993
"simcrispr-interaction-v1","BARCS-moderated [safe-harbor]",20250726,"ntgt8",0.195341597145866
"simcrispr-interaction-v1","BARCS-moderated [safe-harbor]",20250726,"ntgt10",0.0860291921798208
"simcrispr-interaction-v1","BARCS-moderated [safe-harbor]",20250726,"ntgt11",0.0891095529049814
"simcrispr-interaction-v1","BARCS-moderated [safe-harbor]",20250726,"ntgt12",-0.0269547461026691
"simcrispr-interaction-v1","BARCS-moderated [safe-harbor]",20250726,"ntgt18",0.0272274601179612
"simcrispr-interaction-v1","BARCS-moderated [safe-harbor]",20250726,"ntgt19",-0.0375990183818372
"simcrispr-interaction-v1","BARCS-moderated [safe-harbor]",20250726,"ntgt20",0.00649599650697478
"simcrispr-interaction-v1","BARCS-moderated [safe-harbor]",20250726,"ntgt22",0.0831995670858995
"simcrispr-interaction-v1","BARCS-moderated [safe-harbor]",20250726,"ntgt23",-0.0383756013238373
"simcrispr-interaction-v1","BARCS-moderated [safe-harbor]",20250726,"ntgt24",-0.0469733398313778
"simcrispr-interaction-v1","BARCS-moderated [safe-harbor]",20250726,"ntgt25",0.0623176321618704
"simcrispr-interaction-v1","BARCS-moderated [safe-harbor]",20250726,"ntgt26",0.0273764103253552
"simcrispr-interaction-v1","BARCS-moderated [safe-harbor]",20250726,"ntgt27",-0.0282305189282663
"simcrispr-interaction-v1","BARCS-moderated [safe-harbor]",20250726,"ntgt28",-0.00962486871585217
"simcrispr-interaction-v1","BARCS-moderated [safe-harbor]",20250726,"ntgt29",0.0830949173405985
"simcrispr-interaction-v1","BARCS-moderated [safe-harbor]",20250726,"ntgt32",0.053305073252236
"simcrispr-interaction-v1","BARCS-moderated [safe-harbor]",20250726,"ntgt34",0.0461043118793157
"simcrispr-interaction-v1","BARCS-moderated [safe-harbor]",20250726,"ntgt35",0.0422933309018142
"simcrispr-interaction-v1","BARCS-moderated [safe-harbor]",20250726,"ntgt38",-0.0418658090506555
"simcrispr-interaction-v1","BARCS-moderated [safe-harbor]",20250726,"ntgt39",-0.0570004695313916
"simcrispr-interaction-v1","BARCS-moderated [safe-harbor]",20250726,"ntgt42",-0.0897975303329197
"simcrispr-interaction-v1","BARCS-moderated [safe-harbor]",20250726,"ntgt43",0.070997906086633
"simcrispr-interaction-v1","BARCS-moderated [safe-harbor]",20250726,"ntgt45",0.0811370658634313
"simcrispr-interaction-v1","BARCS-moderated [safe-harbor]",20250726,"ntgt52",0.0637291178687699
"simcrispr-interaction-v1","BARCS-moderated [safe-harbor]",20250726,"ntgt56",0.00051481191590667
"simcrispr-interaction-v1","BARCS-moderated [safe-harbor]",20250726,"ntgt61",0.0581303630888999
"simcrispr-interaction-v1","BARCS-moderated [safe-harbor]",20250726,"ntgt62",0.191497367393805
"simcrispr-interaction-v1","BARCS-moderated [safe-harbor]",20250726,"ntgt63",-0.0300892018542459
"simcrispr-interaction-v1","BARCS-moderated [safe-harbor]",20250726,"ntgt65",-0.0182641357531186
"simcrispr-interaction-v1","BARCS-moderated [safe-harbor]",20250726,"ntgt69",0.127777327807193
"simcrispr-interaction-v1","BARCS-moderated [safe-harbor]",20250726,"ntgt72",0.119363662899863
"simcrispr-interaction-v1","BARCS-moderated [safe-harbor]",20250726,"ntgt76",0.00578335915162919
"simcrispr-interaction-v1","BARCS-moderated [safe-harbor]",20250726,"ntgt78",0.121067485681429
"simcrispr-interaction-v1","BARCS-moderated [safe-harbor]",20250726,"ntgt80",0.0135885443847613
"simcrispr-interaction-v1","BARCS-moderated [safe-harbor]",20250726,"ntgt89",0.0830805053774092
"simcrispr-interaction-v1","BARCS-moderated [safe-harbor]",20250726,"ntgt90",0.00252105748342099
"simcrispr-interaction-v1","BARCS-moderated [safe-harbor]",20250726,"ntgt92",0.25390904639391
"simcrispr-interaction-v1","BARCS-moderated [safe-harbor]",20250726,"ntgt93",0.0221848744533024
"simcrispr-interaction-v1","BARCS-moderated [safe-harbor]",20250726,"ntgt94",0.0191250673218507
"simcrispr-interaction-v1","BARCS-moderated [safe-harbor]",20250726,"ntgt95",0.0298184627609371
"simcrispr-interaction-v1","BARCS-moderated [safe-harbor]",20250726,"ntgt97",0.00989810231665847
"simcrispr-interaction-v1","BARCS-moderated [safe-harbor]",20250726,"ntgt99",0.124488915664413
"simcrispr-interaction-v1","BARCS-moderated [safe-harbor]",20250726,"ntgt102",-0.00670296137184728
"simcrispr-interaction-v1","BARCS-moderated [safe-harbor]",20250726,"ntgt104",0.0607971846922268
"simcrispr-interaction-v1","BARCS-moderated [safe-harbor]",20250726,"ntgt107",0.053275494399116
"simcrispr-interaction-v1","BARCS-moderated [safe-harbor]",20250726,"ntgt109",-0.0435412905479347
"simcrispr-interaction-v1","BARCS-moderated [safe-harbor]",20250726,"ntgt110",0.228682054705268
"simcrispr-interaction-v1","BARCS-moderated [safe-harbor]",20250726,"ntgt113",-0.00782770805135701
"simcrispr-interaction-v1","BARCS-moderated [safe-harbor]",20250726,"ntgt114",0.0863946304887712
"simcrispr-interaction-v1","BARCS-moderated [safe-harbor]",20250726,"ntgt115",0.135262540570548
"simcrispr-interaction-v1","BARCS-moderated [safe-harbor]",20250726,"ntgt116",0.000380713715492817
"simcrispr-interaction-v1","BARCS-moderated [safe-harbor]",20250726,"ntgt117",0.0434365419709574
"simcrispr-interaction-v1","BARCS-moderated [safe-harbor]",20250726,"ntgt119",0.13207820134835
"simcrispr-interaction-v1","BARCS-moderated [safe-harbor]",20250726,"ntgt125",-0.0898854779312387
"simcrispr-interaction-v1","BARCS-moderated [safe-harbor]",20250726,"ntgt126",0.0364671481274268
"simcrispr-interaction-v1","BARCS-moderated [safe-harbor]",20250726,"ntgt129",-0.015548269555043
"simcrispr-interaction-v1","BARCS-moderated [safe-harbor]",20250726,"ntgt130",0.0636496666601764
"simcrispr-interaction-v1","BARCS-moderated [safe-harbor]",20250726,"ntgt131",0.128454447843721
"simcrispr-interaction-v1","BARCS-moderated [safe-harbor]",20250726,"ntgt132",-0.0445929990530589
"simcrispr-interaction-v1","BARCS-moderated [safe-harbor]",20250726,"ntgt133",0.0481627736743137
"simcrispr-interaction-v1","BARCS-moderated [safe-harbor]",20250726,"ntgt137",-0.00350812834808283
"simcrispr-interaction-v1","BARCS-moderated [safe-harbor]",20250726,"ntgt140",0.00300591476189222
"simcrispr-interaction-v1","BARCS-moderated [safe-harbor]",20250726,"ntgt143",-0.0260868763021218
"simcrispr-interaction-v1","BARCS-moderated [safe-harbor]",20250726,"ntgt144",0.169157908344993
"simcrispr-interaction-v1","BARCS-moderated [safe-harbor]",20250726,"ntgt146",0.10063839260295
"simcrispr-interaction-v1","BARCS-moderated [safe-harbor]",20250726,"ntgt148",0.0300725117275504
"simcrispr-interaction-v1","BARCS-moderated [safe-harbor]",20250726,"ntgt149",-0.0496604042179658
"simcrispr-interaction-v1","BARCS-moderated [safe-harbor]",20250726,"ntgt152",0.138503293132687
"simcrispr-interaction-v1","BARCS-moderated [safe-harbor]",20250726,"ntgt153",0.0639703018348693
"simcrispr-interaction-v1","BARCS-moderated [safe-harbor]",20250726,"ntgt157",0.02940041874757
"simcrispr-interaction-v1","BARCS-moderated [safe-harbor]",20250726,"ntgt158",-0.0484432742691091
"simcrispr-interaction-v1","BARCS-moderated [safe-harbor]",20250726,"ntgt160",-0.0542782276588987
"simcrispr-interaction-v1","BARCS-moderated [safe-harbor]",20250726,"ntgt161",0.0152505885962642
"simcrispr-interaction-v1","BARCS-moderated [safe-harbor]",20250726,"ntgt162",-0.000144734063139684
"simcrispr-interaction-v1","BARCS-moderated [safe-harbor]",20250726,"ntgt163",0.0332048047581964
"simcrispr-interaction-v1","BARCS-moderated [safe-harbor]",20250726,"ntgt164",0.0449146686795266
"simcrispr-interaction-v1","BARCS-moderated [safe-harbor]",20250726,"ntgt166",0.120698263504872
"simcrispr-interaction-v1","BARCS-moderated [safe-harbor]",20250726,"ntgt168",0.0670028677788596
"simcrispr-interaction-v1","BARCS-moderated [safe-harbor]",20250726,"ntgt171",0.129895159515389
"simcrispr-interaction-v1","BARCS-moderated [safe-harbor]",20250726,"ntgt172",0.0797815829797723
"simcrispr-interaction-v1","BARCS-moderated [safe-harbor]",20250726,"ntgt173",-0.0164973333378147
"simcrispr-interaction-v1","BARCS-moderated [safe-harbor]",20250726,"ntgt174",0.0496730229735891
"simcrispr-interaction-v1","BARCS-moderated [safe-harbor]",20250726,"ntgt178",0.12707319812082
"simcrispr-interaction-v1","BARCS-moderated [safe-harbor]",20250726,"ntgt180",0.0529639886192799
"simcrispr-interaction-v1","BARCS-moderated [safe-harbor]",20250726,"ntgt181",0.0613521495763378
"simcrispr-interaction-v1","BARCS-moderated [safe-harbor]",20250726,"ntgt182",0.123643000584396
"simcrispr-interaction-v1","BARCS-moderated [safe-harbor]",20250726,"ntgt183",0.0544535794256061
"simcrispr-interaction-v1","BARCS-moderated [safe-harbor]",20250726,"ntgt186",-0.0271216740954108
"simcrispr-interaction-v1","BARCS-moderated [safe-harbor]",20250726,"ntgt188",0.112316947935062
"simcrispr-interaction-v1","BARCS-moderated [safe-harbor]",20250726,"ntgt192",0.0471140883509613
"simcrispr-interaction-v1","BARCS-moderated [safe-harbor]",20250726,"ntgt193",0.0921469250491534
"simcrispr-interaction-v1","BARCS-moderated [safe-harbor]",20250726,"ntgt196",0.037233572324028
"simcrispr-interaction-v1","BARCS-moderated [safe-harbor]",20250726,"ntgt197",-0.0653764359389679
"simcrispr-interaction-v1","BARCS-moderated [safe-harbor]",20250726,"ntgt200",-0.0528093725280404
"simcrispr-interaction-v1","BARCS-moderated [safe-harbor]",20250726,"ntgt201",0.0205167346084616
"simcrispr-interaction-v1","BARCS-moderated [safe-harbor]",20250726,"ntgt202",-0.0466420299600909
"simcrispr-interaction-v1","BARCS-moderated [safe-harbor]",20250726,"ntgt205",0.0229388501325084
"simcrispr-interaction-v1","BARCS-moderated [safe-harbor]",20250726,"ntgt207",0.12954897380821
"simcrispr-interaction-v1","BARCS-moderated [safe-harbor]",20250726,"ntgt208",-0.0722420753855368
"simcrispr-interaction-v1","BARCS-moderated [safe-harbor]",20250726,"ntgt209",-0.0717685414400493
"simcrispr-interaction-v1","BARCS-moderated [safe-harbor]",20250726,"ntgt210",-0.033483494122867
"simcrispr-interaction-v1","BARCS-moderated [safe-harbor]",20250726,"ntgt213",0.0442226345696033
"simcrispr-interaction-v1","BARCS-moderated [safe-harbor]",20250726,"ntgt215",0.00334478552890562
"simcrispr-interaction-v1","BARCS-moderated [safe-harbor]",20250726,"ntgt217",-0.0593372029539859
"simcrispr-interaction-v1","BARCS-moderated [safe-harbor]",20250726,"ntgt218",0.0846083194903043
"simcrispr-interaction-v1","BARCS-moderated [safe-harbor]",20250726,"ntgt219",0.0582423670368908
"simcrispr-interaction-v1","BARCS-moderated [safe-harbor]",20250726,"ntgt221",0.0434238916281444
"simcrispr-interaction-v1","BARCS-moderated [safe-harbor]",20250726,"ntgt222",-0.0809390949776377
"simcrispr-interaction-v1","BARCS-moderated [safe-harbor]",20250726,"ntgt224",0.00232365517405575
"simcrispr-interaction-v1","BARCS-moderated [safe-harbor]",20250726,"ntgt226",0.0394546474036957
"simcrispr-interaction-v1","BARCS-moderated [safe-harbor]",20250726,"ntgt227",-0.0218008041850483
"simcrispr-interaction-v1","BARCS-moderated [safe-harbor]",20250726,"ntgt229",0.128514980648573
"simcrispr-interaction-v1","BARCS-moderated [safe-harbor]",20250726,"ntgt231",-0.123995351177351
"simcrispr-interaction-v1","BARCS-moderated [safe-harbor]",20250726,"ntgt233",0.0161053095987456
"simcrispr-interaction-v1","BARCS-moderated [safe-harbor]",20250726,"ntgt234",-0.0115752100827181
"simcrispr-interaction-v1","BARCS-moderated [safe-harbor]",20250726,"ntgt235",0.0429044525360885
"simcrispr-interaction-v1","BARCS-moderated [safe-harbor]",20250726,"ntgt236",0.0805376178848374
"simcrispr-interaction-v1","BARCS-moderated [safe-harbor]",20250726,"ntgt238",-0.0228406551673884
"simcrispr-interaction-v1","BARCS-moderated [safe-harbor]",20250726,"ntgt239",0.0167456511515608
"simcrispr-interaction-v1","BARCS-moderated [safe-harbor]",20250726,"ntgt240",0.0503076829981908
"simcrispr-interaction-v1","BARCS-moderated [safe-harbor]",20250726,"ntgt241",0.0781653990301307
"simcrispr-interaction-v1","BARCS-moderated [safe-harbor]",20250726,"ntgt245",0.105179594719343
"simcrispr-interaction-v1","BARCS-moderated [safe-harbor]",20250726,"ntgt246",0.144153181342679
"simcrispr-interaction-v1","BARCS-moderated [safe-harbor]",20250726,"ntgt247",-0.112804074925002
"simcrispr-interaction-v1","BARCS-moderated [safe-harbor]",20250726,"ntgt250",0.0878591312911466
"simcrispr-interaction-v1","BARCS-moderated [safe-harbor]",20250726,"ntgt258",-0.0124143140609394
"simcrispr-interaction-v1","BARCS-moderated [safe-harbor]",20250726,"ntgt259",0.132497247453787
"simcrispr-interaction-v1","BARCS-moderated [safe-harbor]",20250726,"ntgt260",0.042917358416694
"simcrispr-interaction-v1","BARCS-moderated [safe-harbor]",20250726,"ntgt261",0.0189742513829849
"simcrispr-interaction-v1","BARCS-moderated [safe-harbor]",20250726,"ntgt262",-0.0154365633282906
"simcrispr-interaction-v1","BARCS-moderated [safe-harbor]",20250726,"ntgt265",-0.0195291313092479
"simcrispr-interaction-v1","BARCS-moderated [safe-harbor]",20250726,"ntgt266",0.0976108476370134
"simcrispr-interaction-v1","BARCS-moderated [safe-harbor]",20250726,"ntgt267",0.000334924640969507
"simcrispr-interaction-v1","BARCS-moderated [safe-harbor]",20250726,"ntgt269",0.136061364035275
"simcrispr-interaction-v1","BARCS-moderated [safe-harbor]",20250726,"ntgt271",-0.0485947508429579
"simcrispr-interaction-v1","BARCS-moderated [safe-harbor]",20250726,"ntgt274",0.0563452309123455
"simcrispr-interaction-v1","BARCS-moderated [safe-harbor]",20250726,"ntgt276",0.0123459145927978
"simcrispr-interaction-v1","BARCS-moderated [safe-harbor]",20250726,"ntgt277",0.0750418411488229
"simcrispr-interaction-v1","BARCS-moderated [safe-harbor]",20250726,"ntgt281",0.142721210714087
"simcrispr-interaction-v1","BARCS-moderated [safe-harbor]",20250726,"ntgt285",0.105871926090821
"simcrispr-interaction-v1","BARCS-moderated [safe-harbor]",20250726,"ntgt287",-0.0640117766798327
"simcrispr-interaction-v1","BARCS-moderated [safe-harbor]",20250726,"ntgt288",0.0696096886026388
"simcrispr-interaction-v1","BARCS-moderated [safe-harbor]",20250726,"ntgt289",0.00268782689043297
"simcrispr-interaction-v1","BARCS-moderated [safe-harbor]",20250726,"ntgt290",0.0280997271349133
"simcrispr-interaction-v1","BARCS-moderated [safe-harbor]",20250726,"ntgt292",0.0471820235020185
"simcrispr-interaction-v1","BARCS-moderated [safe-harbor]",20250726,"ntgt294",0.0997884998279122
"simcrispr-interaction-v1","BARCS-moderated [safe-harbor]",20250726,"ntgt299",-0.0457724818774486
"simcrispr-interaction-v1","MAGeCK-MLE [non-targeting]",20250726,"ntgt2",0.11541
"simcrispr-interaction-v1","MAGeCK-MLE [non-targeting]",20250726,"ntgt5",-0.013791
"simcrispr-interaction-v1","MAGeCK-MLE [non-targeting]",20250726,"ntgt7",-0.0077104
"simcrispr-interaction-v1","MAGeCK-MLE [non-targeting]",20250726,"ntgt8",0.15314
"simcrispr-interaction-v1","MAGeCK-MLE [non-targeting]",20250726,"ntgt10",0.038676
"simcrispr-interaction-v1","MAGeCK-MLE [non-targeting]",20250726,"ntgt11",0.042749
"simcrispr-interaction-v1","MAGeCK-MLE [non-targeting]",20250726,"ntgt12",-0.064077
"simcrispr-interaction-v1","MAGeCK-MLE [non-targeting]",20250726,"ntgt18",-0.013558
"simcrispr-interaction-v1","MAGeCK-MLE [non-targeting]",20250726,"ntgt19",-0.083787
"simcrispr-interaction-v1","MAGeCK-MLE [non-targeting]",20250726,"ntgt20",-0.036099
"simcrispr-interaction-v1","MAGeCK-MLE [non-targeting]",20250726,"ntgt22",0.040741
"simcrispr-interaction-v1","MAGeCK-MLE [non-targeting]",20250726,"ntgt23",-0.085689
"simcrispr-interaction-v1","MAGeCK-MLE [non-targeting]",20250726,"ntgt24",-0.081719
"simcrispr-interaction-v1","MAGeCK-MLE [non-targeting]",20250726,"ntgt25",0.026666
"simcrispr-interaction-v1","MAGeCK-MLE [non-targeting]",20250726,"ntgt26",-0.013473
"simcrispr-interaction-v1","MAGeCK-MLE [non-targeting]",20250726,"ntgt27",-0.085151
"simcrispr-interaction-v1","MAGeCK-MLE [non-targeting]",20250726,"ntgt28",-0.052131
"simcrispr-interaction-v1","MAGeCK-MLE [non-targeting]",20250726,"ntgt29",0.050646
"simcrispr-interaction-v1","MAGeCK-MLE [non-targeting]",20250726,"ntgt32",0.012633
"simcrispr-interaction-v1","MAGeCK-MLE [non-targeting]",20250726,"ntgt34",0.006964
"simcrispr-interaction-v1","MAGeCK-MLE [non-targeting]",20250726,"ntgt35",-0.0072929
"simcrispr-interaction-v1","MAGeCK-MLE [non-targeting]",20250726,"ntgt38",-0.075921
"simcrispr-interaction-v1","MAGeCK-MLE [non-targeting]",20250726,"ntgt39",-0.097495
"simcrispr-interaction-v1","MAGeCK-MLE [non-targeting]",20250726,"ntgt42",-0.11939
"simcrispr-interaction-v1","MAGeCK-MLE [non-targeting]",20250726,"ntgt43",0.031391
"simcrispr-interaction-v1","MAGeCK-MLE [non-targeting]",20250726,"ntgt45",0.042657
"simcrispr-interaction-v1","MAGeCK-MLE [non-targeting]",20250726,"ntgt52",0.017517
"simcrispr-interaction-v1","MAGeCK-MLE [non-targeting]",20250726,"ntgt56",-0.033463
"simcrispr-interaction-v1","MAGeCK-MLE [non-targeting]",20250726,"ntgt61",0.025478
"simcrispr-interaction-v1","MAGeCK-MLE [non-targeting]",20250726,"ntgt62",0.1373
"simcrispr-interaction-v1","MAGeCK-MLE [non-targeting]",20250726,"ntgt63",-0.068052
"simcrispr-interaction-v1","MAGeCK-MLE [non-targeting]",20250726,"ntgt65",-0.060266
"simcrispr-interaction-v1","MAGeCK-MLE [non-targeting]",20250726,"ntgt69",0.093156
"simcrispr-interaction-v1","MAGeCK-MLE [non-targeting]",20250726,"ntgt72",0.08415
"simcrispr-interaction-v1","MAGeCK-MLE [non-targeting]",20250726,"ntgt76",-0.023514
"simcrispr-interaction-v1","MAGeCK-MLE [non-targeting]",20250726,"ntgt78",0.083388
"simcrispr-interaction-v1","MAGeCK-MLE [non-targeting]",20250726,"ntgt80",-0.020981
"simcrispr-interaction-v1","MAGeCK-MLE [non-targeting]",20250726,"ntgt89",0.033273
"simcrispr-interaction-v1","MAGeCK-MLE [non-targeting]",20250726,"ntgt90",-0.036981
"simcrispr-interaction-v1","MAGeCK-MLE [non-targeting]",20250726,"ntgt92",0.21355
"simcrispr-interaction-v1","MAGeCK-MLE [non-targeting]",20250726,"ntgt93",-0.016685
"simcrispr-interaction-v1","MAGeCK-MLE [non-targeting]",20250726,"ntgt94",-0.017487
"simcrispr-interaction-v1","MAGeCK-MLE [non-targeting]",20250726,"ntgt95",-0.017171
"simcrispr-interaction-v1","MAGeCK-MLE [non-targeting]",20250726,"ntgt97",-0.031329
"simcrispr-interaction-v1","MAGeCK-MLE [non-targeting]",20250726,"ntgt99",0.091365
"simcrispr-interaction-v1","MAGeCK-MLE [non-targeting]",20250726,"ntgt102",-0.041544
"simcrispr-interaction-v1","MAGeCK-MLE [non-targeting]",20250726,"ntgt104",0.014994
"simcrispr-interaction-v1","MAGeCK-MLE [non-targeting]",20250726,"ntgt107",0.0076083
"simcrispr-interaction-v1","MAGeCK-MLE [non-targeting]",20250726,"ntgt109",-0.07442
"simcrispr-interaction-v1","MAGeCK-MLE [non-targeting]",20250726,"ntgt110",0.18268
"simcrispr-interaction-v1","MAGeCK-MLE [non-targeting]",20250726,"ntgt113",-0.043736
"simcrispr-interaction-v1","MAGeCK-MLE [non-targeting]",20250726,"ntgt114",0.049889
"simcrispr-interaction-v1","MAGeCK-MLE [non-targeting]",20250726,"ntgt115",0.093563
"simcrispr-interaction-v1","MAGeCK-MLE [non-targeting]",20250726,"ntgt116",-0.044979
"simcrispr-interaction-v1","MAGeCK-MLE [non-targeting]",20250726,"ntgt117",0.010537
"simcrispr-interaction-v1","MAGeCK-MLE [non-targeting]",20250726,"ntgt119",0.092414
"simcrispr-interaction-v1","MAGeCK-MLE [non-targeting]",20250726,"ntgt125",-0.11928
"simcrispr-interaction-v1","MAGeCK-MLE [non-targeting]",20250726,"ntgt126",-0.009854
"simcrispr-interaction-v1","MAGeCK-MLE [non-targeting]",20250726,"ntgt129",-0.05218
"simcrispr-interaction-v1","MAGeCK-MLE [non-targeting]",20250726,"ntgt130",0.017537
"simcrispr-interaction-v1","MAGeCK-MLE [non-targeting]",20250726,"ntgt131",0.082043
"simcrispr-interaction-v1","MAGeCK-MLE [non-targeting]",20250726,"ntgt132",-0.083989
"simcrispr-interaction-v1","MAGeCK-MLE [non-targeting]",20250726,"ntgt133",0.0084503
"simcrispr-interaction-v1","MAGeCK-MLE [non-targeting]",20250726,"ntgt137",-0.028878
"simcrispr-interaction-v1","MAGeCK-MLE [non-targeting]",20250726,"ntgt140",-0.042801
"simcrispr-interaction-v1","MAGeCK-MLE [non-targeting]",20250726,"ntgt143",-0.072484
"simcrispr-interaction-v1","MAGeCK-MLE [non-targeting]",20250726,"ntgt144",0.12102
"simcrispr-interaction-v1","MAGeCK-MLE [non-targeting]",20250726,"ntgt146",0.05151
"simcrispr-interaction-v1","MAGeCK-MLE [non-targeting]",20250726,"ntgt148",-0.016803
"simcrispr-interaction-v1","MAGeCK-MLE [non-targeting]",20250726,"ntgt149",-0.089215
"simcrispr-interaction-v1","MAGeCK-MLE [non-targeting]",20250726,"ntgt152",0.091425
"simcrispr-interaction-v1","MAGeCK-MLE [non-targeting]",20250726,"ntgt153",0.028175
"simcrispr-interaction-v1","MAGeCK-MLE [non-targeting]",20250726,"ntgt157",-0.0077752
"simcrispr-interaction-v1","MAGeCK-MLE [non-targeting]",20250726,"ntgt158",-0.086475
"simcrispr-interaction-v1","MAGeCK-MLE [non-targeting]",20250726,"ntgt160",-0.098594
"simcrispr-interaction-v1","MAGeCK-MLE [non-targeting]",20250726,"ntgt161",-0.01907
"simcrispr-interaction-v1","MAGeCK-MLE [non-targeting]",20250726,"ntgt162",-0.042448
"simcrispr-interaction-v1","MAGeCK-MLE [non-targeting]",20250726,"ntgt163",-0.0066731
"simcrispr-interaction-v1","MAGeCK-MLE [non-targeting]",20250726,"ntgt164",0.0027081
"simcrispr-interaction-v1","MAGeCK-MLE [non-targeting]",20250726,"ntgt166",0.086166
"simcrispr-interaction-v1","MAGeCK-MLE [non-targeting]",20250726,"ntgt168",0.030408
"simcrispr-interaction-v1","MAGeCK-MLE [non-targeting]",20250726,"ntgt171",0.089647
"simcrispr-interaction-v1","MAGeCK-MLE [non-targeting]",20250726,"ntgt172",0.045361
"simcrispr-interaction-v1","MAGeCK-MLE [non-targeting]",20250726,"ntgt173",-0.052713
"simcrispr-interaction-v1","MAGeCK-MLE [non-targeting]",20250726,"ntgt174",0.0045471
"simcrispr-interaction-v1","MAGeCK-MLE [non-targeting]",20250726,"ntgt178",0.087832
"simcrispr-interaction-v1","MAGeCK-MLE [non-targeting]",20250726,"ntgt180",0.01074
"simcrispr-interaction-v1","MAGeCK-MLE [non-targeting]",20250726,"ntgt181",0.029716
"simcrispr-interaction-v1","MAGeCK-MLE [non-targeting]",20250726,"ntgt182",0.074855
"simcrispr-interaction-v1","MAGeCK-MLE [non-targeting]",20250726,"ntgt183",0.015386
"simcrispr-interaction-v1","MAGeCK-MLE [non-targeting]",20250726,"ntgt186",-0.058708
"simcrispr-interaction-v1","MAGeCK-MLE [non-targeting]",20250726,"ntgt188",0.07122
"simcrispr-interaction-v1","MAGeCK-MLE [non-targeting]",20250726,"ntgt192",0.0081488
"simcrispr-interaction-v1","MAGeCK-MLE [non-targeting]",20250726,"ntgt193",0.058041
"simcrispr-interaction-v1","MAGeCK-MLE [non-targeting]",20250726,"ntgt196",-0.010786
"simcrispr-interaction-v1","MAGeCK-MLE [non-targeting]",20250726,"ntgt197",-0.10423
"simcrispr-interaction-v1","MAGeCK-MLE [non-targeting]",20250726,"ntgt200",-0.084849
"simcrispr-interaction-v1","MAGeCK-MLE [non-targeting]",20250726,"ntgt201",-0.021417
"simcrispr-interaction-v1","MAGeCK-MLE [non-targeting]",20250726,"ntgt202",-0.073459
"simcrispr-interaction-v1","MAGeCK-MLE [non-targeting]",20250726,"ntgt205",-0.0082098
"simcrispr-interaction-v1","MAGeCK-MLE [non-targeting]",20250726,"ntgt207",0.094701
"simcrispr-interaction-v1","MAGeCK-MLE [non-targeting]",20250726,"ntgt208",-0.10633
"simcrispr-interaction-v1","MAGeCK-MLE [non-targeting]",20250726,"ntgt209",-0.11127
"simcrispr-interaction-v1","MAGeCK-MLE [non-targeting]",20250726,"ntgt210",-0.068441
"simcrispr-interaction-v1","MAGeCK-MLE [non-targeting]",20250726,"ntgt213",0.0098459
"simcrispr-interaction-v1","MAGeCK-MLE [non-targeting]",20250726,"ntgt215",-0.047544
"simcrispr-interaction-v1","MAGeCK-MLE [non-targeting]",20250726,"ntgt217",-0.10411
"simcrispr-interaction-v1","MAGeCK-MLE [non-targeting]",20250726,"ntgt218",0.046404
"simcrispr-interaction-v1","MAGeCK-MLE [non-targeting]",20250726,"ntgt219",0.019407
"simcrispr-interaction-v1","MAGeCK-MLE [non-targeting]",20250726,"ntgt221",-0.011339
"simcrispr-interaction-v1","MAGeCK-MLE [non-targeting]",20250726,"ntgt222",-0.11695
"simcrispr-interaction-v1","MAGeCK-MLE [non-targeting]",20250726,"ntgt224",-0.042439
"simcrispr-interaction-v1","MAGeCK-MLE [non-targeting]",20250726,"ntgt226",-0.00051618
"simcrispr-interaction-v1","MAGeCK-MLE [non-targeting]",20250726,"ntgt227",-0.068474
"simcrispr-interaction-v1","MAGeCK-MLE [non-targeting]",20250726,"ntgt229",0.083715
"simcrispr-interaction-v1","MAGeCK-MLE [non-targeting]",20250726,"ntgt231",-0.16799
"simcrispr-interaction-v1","MAGeCK-MLE [non-targeting]",20250726,"ntgt233",-0.024866
"simcrispr-interaction-v1","MAGeCK-MLE [non-targeting]",20250726,"ntgt234",-0.056425
"simcrispr-interaction-v1","MAGeCK-MLE [non-targeting]",20250726,"ntgt235",-0.0056491
"simcrispr-interaction-v1","MAGeCK-MLE [non-targeting]",20250726,"ntgt236",0.045797
"simcrispr-interaction-v1","MAGeCK-MLE [non-targeting]",20250726,"ntgt238",-0.069853
"simcrispr-interaction-v1","MAGeCK-MLE [non-targeting]",20250726,"ntgt239",-0.02686
"simcrispr-interaction-v1","MAGeCK-MLE [non-targeting]",20250726,"ntgt240",0.005839
"simcrispr-interaction-v1","MAGeCK-MLE [non-targeting]",20250726,"ntgt241",0.039352
"simcrispr-interaction-v1","MAGeCK-MLE [non-targeting]",20250726,"ntgt245",0.068338
"simcrispr-interaction-v1","MAGeCK-MLE [non-targeting]",20250726,"ntgt246",0.094972
"simcrispr-interaction-v1","MAGeCK-MLE [non-targeting]",20250726,"ntgt247",-0.1475
"simcrispr-interaction-v1","MAGeCK-MLE [non-targeting]",20250726,"ntgt250",0.037958
"simcrispr-interaction-v1","MAGeCK-MLE [non-targeting]",20250726,"ntgt258",-0.053648
"simcrispr-interaction-v1","MAGeCK-MLE [non-targeting]",20250726,"ntgt259",0.088167
"simcrispr-interaction-v1","MAGeCK-MLE [non-targeting]",20250726,"ntgt260",-0.0035266
"simcrispr-interaction-v1","MAGeCK-MLE [non-targeting]",20250726,"ntgt261",-0.020605
"simcrispr-interaction-v1","MAGeCK-MLE [non-targeting]",20250726,"ntgt262",-0.060011
"simcrispr-interaction-v1","MAGeCK-MLE [non-targeting]",20250726,"ntgt265",-0.058159
"simcrispr-interaction-v1","MAGeCK-MLE [non-targeting]",20250726,"ntgt266",0.054686
"simcrispr-interaction-v1","MAGeCK-MLE [non-targeting]",20250726,"ntgt267",-0.036402
"simcrispr-interaction-v1","MAGeCK-MLE [non-targeting]",20250726,"ntgt269",0.10874
"simcrispr-interaction-v1","MAGeCK-MLE [non-targeting]",20250726,"ntgt271",-0.096307
"simcrispr-interaction-v1","MAGeCK-MLE [non-targeting]",20250726,"ntgt274",0.0075936
"simcrispr-interaction-v1","MAGeCK-MLE [non-targeting]",20250726,"ntgt276",-0.028086
"simcrispr-interaction-v1","MAGeCK-MLE [non-targeting]",20250726,"ntgt277",0.03732
"simcrispr-interaction-v1","MAGeCK-MLE [non-targeting]",20250726,"ntgt281",0.10396
"simcrispr-interaction-v1","MAGeCK-MLE [non-targeting]",20250726,"ntgt285",0.065931
"simcrispr-interaction-v1","MAGeCK-MLE [non-targeting]",20250726,"ntgt287",-0.11478
"simcrispr-interaction-v1","MAGeCK-MLE [non-targeting]",20250726,"ntgt288",0.034646
"simcrispr-interaction-v1","MAGeCK-MLE [non-targeting]",20250726,"ntgt289",-0.036701
"simcrispr-interaction-v1","MAGeCK-MLE [non-targeting]",20250726,"ntgt290",-0.019185
"simcrispr-interaction-v1","MAGeCK-MLE [non-targeting]",20250726,"ntgt292",0.0072031
"simcrispr-interaction-v1","MAGeCK-MLE [non-targeting]",20250726,"ntgt294",0.063621
"simcrispr-interaction-v1","MAGeCK-MLE [non-targeting]",20250726,"ntgt299",-0.088847
