"gene","estimate","cnv_corrected_estimate","p_value","fdr","score","cnv_score","mageck_lfc","mageck_p_value","mageck_fdr","mageck_score","mageck_cnv_lfc","mageck_cnv_p_value","mageck_cnv_fdr","mageck_cnv_score","A375_SKIN","label"
"AAMP",-1.74780830487051,-1.49948766647114,1.23968419906179e-09,2.40549077123532e-08,8.90668893425103,8.90668893425103,-1.7408,0.00029435,0.004672,3.53113595985181,-1.4918,0.00029435,0.004672,3.53113595985181,0.85465784459,1
"AARS",-3.08705324739412,-2.77187298932034,4.20453974679918e-18,1.21759648758444e-15,17.3762815376462,17.3762815376462,-2.8139,1.0557e-08,1.121e-06,7.97645947844515,-2.4979,1.0557e-08,1.121e-06,7.97645947844515,1.01861304105,1
"AARS2",-2.82111840185316,-2.58268883153938,6.99957598110169e-07,8.45122525121899e-06,6.15492826779222,6.15492826779222,-2.4095,6.2423e-05,0.0012546,4.20465536331988,-2.1704,6.2423e-05,0.0012546,4.20465536331988,0.828739266687,1
"AASDHPPT",-1.84475202051366,-1.51270393703379,2.74343705633884e-10,6.10422729427291e-09,9.56170499952779,9.56170499952779,-1.8158,0.0048411,0.049988,2.31505594627883,-1.4829,0.0048411,0.049988,2.31505594627883,1.05719254283,1
"AATF",-2.52354908600365,-2.2052724685593,5.91936420982114e-08,8.44935086947807e-07,7.22772493770185,7.22772493770185,-2.108,9.2689e-06,0.00025824,5.03297180331788,-1.7888,9.2689e-06,0.00025824,5.03297180331788,1.02577267031,1
"ABCB7",-3.11726947701226,-2.89090757394094,1.95739882795387e-14,1.49647055194729e-12,13.7083206760628,13.7083206760628,-3.0033,7.263e-08,4.6511e-06,7.1388839558386,-2.7763,7.263e-08,4.6511e-06,7.1388839558386,0.796473220463,1
"ABCF1",-2.89825846150139,-2.65982889118761,1.29470773183137e-16,2.24961353440845e-14,15.8878282584387,15.8878282584387,-2.5832,1.4965e-07,8.4123e-06,6.82492327882379,-2.3441,1.4965e-07,8.4123e-06,6.82492327882379,0.828739266687,1
"ABCG8",0.128711535243284,0.501033872296698,0.379570912416225,0.627138558870273,-0.420707076174007,-0.420707076174007,0.20404,0.31135,0.5645,-0.506751129942581,0.5774,0.31135,0.5645,-0.506751129942581,1.14533730473,0
"ABHD11",-2.3890694705648,-2.06285558980459,2.09981171006686e-14,1.58006697694913e-12,13.6778196466685,13.6778196466685,-2.4482,1.9919e-07,1.0664e-05,6.7007324683914,-2.1211,1.9919e-07,1.0664e-05,6.7007324683914,1.04396513997,1
"ABT1",-2.40931501898968,-2.13159865818111,1.78349399436399e-10,4.15200008700109e-09,9.74872834874165,9.74872834874165,-2.0085,1.013e-05,0.00027777,4.99439055463972,-1.73,1.013e-05,0.00027777,4.99439055463972,0.929047400627,1
"ACACA",-0.565704445449299,-0.247427828004948,0.000916729124275971,0.00679389055924258,3.03775897099373,3.03775897099373,-0.53678,0.051664,0.32632,1.28681197232691,-0.21761,0.051664,0.32632,1.28681197232691,1.02577267031,1
"ACCSL",0.359028129822817,0.69107621330269,0.0436109450699151,0.163528149729822,-1.36040450185668,-1.36040450185668,0.39655,0.089877,0.45238,-1.04635143230531,0.72952,0.089877,0.45238,-1.04635143230531,1.05719254283,0
"ACLY",-1.6230745794278,-1.30479796198345,2.41606007729605e-06,2.71476521207286e-05,5.61689227083163,5.61689227083163,-1.6047,0.00033982,0.0052762,3.46875106444864,-1.2855,0.00033982,0.0052762,3.46875106444864,1.02577267031,1
"ACO2",-2.56084881296185,-2.35464340469036,2.03501287360974e-05,0.000201008790973142,4.69143283905793,4.69143283905793,-2.1314,0.00060577,0.0086469,3.21769223836049,-1.9247,0.00060577,0.0086469,3.21769223836049,0.740916278882,1
"ACSL3",-1.63812058688941,-1.38979994849004,8.90903522274487e-12,2.83797317020538e-10,11.0501693240354,11.0501693240354,-1.591,4.3566e-05,0.00093455,4.36085231285916,-1.342,4.3566e-05,0.00093455,4.36085231285916,0.85465784459,1
"ACTL6A",-2.97528570134573,-2.75808042166752,8.65625741801703e-20,3.78119226037063e-17,19.0626698370848,19.0626698370848,-2.7586,6.764e-09,7.883e-07,8.1697964010743,-2.5407,6.764e-09,7.883e-07,8.1697964010743,0.771499871013,1
"ACTL7A",0.620503427810988,0.937735178216511,2.24670245634303e-05,0.000221118558435037,-4.64845443987493,-4.64845443987493,0.68458,0.11554,0.45798,-0.937267636794606,1.0027,0.11554,0.45798,-0.937267636794606,1.02336062192,0
"ACTL7B",0.505417260287344,0.822649010692867,0.00848064075905389,0.0466984980777289,-2.07157133316683,-2.07157133316683,0.63344,0.18743,0.47707,-0.727160894815874,0.95156,0.18743,0.47707,-0.727160894815874,1.02336062192,0
"ACTL9",-0.0434654533457017,0.262231923275965,0.859857146725557,0.935529666156178,0.0655736947356178,-0.0655736947356178,0.14707,0.53805,0.73071,-0.269177364268352,0.45362,0.53805,0.73071,-0.269177364268352,0.996462348026,0
"ACTR10",-2.99180190060402,-2.76142242849432,4.38369120768383e-10,9.29916648750954e-09,9.35816004565557,9.35816004565557,-3.1463,1.0333e-06,4.1752e-05,5.98577357061077,-2.9153,1.0333e-06,4.1752e-05,5.98577357061077,0.807295566234,1
"ACTR1A",-2.90273540084954,-2.57703371852334,1.04010614268724e-13,6.37165022601964e-12,12.9829223387482,12.9829223387482,-2.5781,5.2193e-07,2.398e-05,6.28238773962661,-2.2514,5.2193e-07,2.398e-05,6.28238773962661,1.04279806325,1
"ACTR3",-1.75891480901679,-1.51214478234906,4.38565945892926e-18,1.2510911826644e-15,17.3579650937825,17.3579650937825,-1.6854,1.2045e-05,0.00032249,4.91919319566564,-1.4379,1.2045e-05,0.00032249,4.91919319566564,0.850625268501,1
"ACTR6",-2.59696469071068,-2.27696108266286,2.95409196418658e-06,3.27313389631873e-05,5.5295759887407,5.5295759887407,-1.7438,0.0023202,0.026909,2.63447457754329,-1.4229,0.0023202,0.026909,2.63447457754329,1.02975056327,1
"ACTR8",-0.906269674624166,-0.58060749776064,0.0017291561193605,0.0119874359482543,2.7621657940506,2.7621657940506,-0.80143,0.030879,0.22055,1.5103367725045,-0.47486,0.030879,0.22055,1.5103367725045,1.04270800831,1
"ACTRT1",-0.110248983508389,0.115927066894947,0.478651587411612,0.706336302516843,0.319980496443777,-0.319980496443777,-0.1043,0.55372,0.74286,0.256709789775457,0.12251,0.55372,0.74286,-0.256709789775457,0.795970608931,0
"ADAD1",0.219348247184785,0.443446775051095,0.353801200622339,0.604755075537293,-0.451240697647969,-0.451240697647969,0.23965,0.16988,0.46997,-0.769857747681358,0.46438,0.16988,0.46997,-0.769857747681358,0.790340300119,0
"ADAM18",-0.0692422161757066,0.145333553251799,0.915040980422643,0.961926165926817,0.038559455471389,-0.038559455471389,0.062457,0.83848,0.92193,-0.0765072920241783,0.27763,0.83848,0.92193,-0.0765072920241783,0.764247638684,0
"ADAM2",0.021641133984489,0.236216903411995,0.332105764747872,0.584003816508058,-0.478723585779328,-0.478723585779328,0.2149,0.16855,0.46976,-0.773271243143009,0.43008,0.16855,0.46976,-0.773271243143009,0.764247638684,0
"ADAM20",0.346023757237196,0.576403229346898,0.0273081847853973,0.115167991130472,-1.56370716708421,-1.56370716708421,0.36625,0.11822,0.45798,-0.927309044987131,0.59727,0.11822,0.45798,-0.927309044987131,0.807295566234,0
"ADAM30",0.295125635136704,0.626933060399927,0.343882808218987,0.595508934809233,-0.463589535379663,-0.463589535379663,0.33751,0.31265,0.56561,-0.504941566983313,0.67025,0.31265,0.56561,-0.504941566983313,1.05664930986,0
"ADAT3",-1.35779395924663,-1.16342172169026,2.61040896536639e-10,5.84224198536861e-09,9.58329144764706,9.58329144764706,-1.5093,0.00053467,0.0077713,3.27191418320837,-1.3144,0.00053467,0.0077713,3.27191418320837,0.707275421882,1
"ADGRF2",0.126191786013132,0.364621356326913,0.500692009601405,0.724086292652117,-0.300429339325492,-0.300429339325492,0.18549,0.39743,0.62893,-0.400739353273753,0.42458,0.39743,0.62893,-0.400739353273753,0.828739266687,0
"ADGRG7",-0.059477764328769,0.266184412534757,0.701391677317563,0.852603846524492,0.154039391742941,-0.154039391742941,0.018725,0.88696,0.94674,-0.0520959654794183,0.3453,0.88696,0.94674,-0.0520959654794183,1.04270800831,0
"ADH7",-0.315984254946028,-0.0918857270797176,0.129982964677665,0.336634743073741,0.886113561779879,0.886113561779879,-0.30346,0.15308,0.46371,0.815081546447538,-0.078737,0.15308,0.46371,0.815081546447538,0.790340300119,0
"ADSL",-2.74775509069165,-2.54154968242016,3.92558815116442e-09,6.95363914116827e-08,8.40609526588196,8.40609526588196,-2.7686,4.9166e-06,0.00015132,5.30833512318414,-2.5618,4.9166e-06,0.00015132,5.30833512318414,0.740916278882,1
"AFG3L2",-2.01118482786896,-1.78568518140802,1.0598688486644e-07,1.45317599028139e-06,6.97474787230626,6.97474787230626,-1.7864,0.00095148,0.012717,3.021600336101,-1.5603,0.00095148,0.012717,3.021600336101,0.794139893033,1
"AFM",0.237450990045899,0.468284899573769,0.392636760222175,0.637478443227842,-0.406009042447988,-0.406009042447988,0.14968,0.48809,0.69671,-0.311500090088424,0.38116,0.48809,0.69671,-0.311500090088424,0.808514614036,0
"AGO2",-0.238667977489303,0.0632999175464436,0.326258060198241,0.578926588854983,0.486438750285451,-0.486438750285451,-0.11025,0.618,0.78517,0.209011524911184,0.19257,0.618,0.78517,-0.209011524911184,0.987656758422,1
"AHCY",-1.70893956536507,-1.38915192695593,7.92111724883995e-06,8.25948248647452e-05,5.10121355821032,5.10121355821032,-1.2924,0.0081767,0.077325,2.08742193605426,-0.97176,0.0081767,0.077325,2.08742193605426,1.02925370559,1
"AICDA",0.400712855364863,0.720716463412679,0.106304415766388,0.297220055374922,-0.97344869499557,-0.97344869499557,0.44009,0.31582,0.56753,-0.500560370798258,0.76098,0.31582,0.56753,-0.500560370798258,1.02975056327,0
"AIFM1",-0.168315972950199,0.057860077453137,0.286828038309379,0.538944582796614,0.542378397328289,-0.542378397328289,-0.16245,0.32765,0.57738,0.484589827707843,0.064357,0.32765,0.57738,-0.484589827707843,0.795970608931,1
"AIPL1",0.125025268540941,0.443301885985292,0.448783376329372,0.682657912597158,-0.347963238432228,-0.347963238432228,0.20009,0.39206,0.62498,-0.406647464421103,0.51926,0.39206,0.62498,-0.406647464421103,1.02577267031,0
"AKIRIN2",-1.44289394263084,-1.20446437231706,1.12820118181202e-08,1.83517525004027e-07,7.94761344967872,7.94761344967872,-1.5882,0.00074318,0.010315,3.12890598632135,-1.3491,0.00074318,0.010315,3.12890598632135,0.828739266687,1
"ALDOA",-3.2943073143057,-2.97912705623192,1.57369550773734e-21,1.58305485470441e-18,20.8030792949134,20.8030792949134,-3.184,4.0596e-09,5.3144e-07,8.39151675616439,-2.8679,4.0596e-09,5.3144e-07,8.39151675616439,1.01861304105,1
"ALG1",-2.11491081296952,-1.79973055489574,1.09609424691451e-11,3.42314531720213e-10,10.960152101732,10.960152101732,-1.9809,2.9994e-05,0.00068657,4.52296561286377,-1.6649,2.9994e-05,0.00068657,4.52296561286377,1.01861304105,1
"ALG11",-1.53008493569216,-1.19580096640759,1.67304318710254e-10,3.92354287547128e-09,9.77649284823172,9.77649284823172,-1.7976,0.00055829,0.0080533,3.25314015109228,-1.4623,0.00055829,0.0080533,3.25314015109228,1.06222980875,1
"ALG13",-1.63236714208637,-1.40734450047988,6.53092343215449e-05,0.000598109916429175,4.1850254078313,4.1850254078313,-2.0487,0.0024163,0.027838,2.61684914610383,-1.823,0.0024163,0.027838,2.61684914610383,0.79284746099,1
"ALG14",-1.32323472969265,-0.991427304429427,3.36432838196914e-09,6.02646751308117e-08,8.47310162062774,8.47310162062774,-1.1331,0.01429,0.12231,1.84496777120903,-0.80032,0.01429,0.12231,1.84496777120903,1.05664930986,1
"ALG2",-2.39540178767783,-2.07817003727231,2.2516047667676e-09,4.17005057240592e-08,8.64750784058624,8.64750784058624,-2.0729,0.00058451,0.0083872,3.23320805437781,-1.7548,0.00058451,0.0083872,3.23320805437781,1.02336062192,1
"ALG8",-0.621635789447113,-0.28958770596724,0.0329376143739772,0.132422512311701,1.48230785937807,1.48230785937807,-0.47072,0.03105,0.22119,1.5079383954874,-0.13775,0.03105,0.22119,1.5079383954874,1.05719254283,1
"ALPI",-0.100410016709684,0.147910621689682,0.828622063883654,0.919793205776969,0.08164350683866,-0.08164350683866,0.014855,0.94512,0.9749,-0.0245130464862946,0.26387,0.94512,0.9749,-0.0245130464862946,0.85465784459,0
"ALX3",0.25718920077345,0.588996626036673,0.0775308154242609,0.242092219441905,-1.11052564834837,-1.11052564834837,0.31538,0.099671,0.45798,-1.00143118443693,0.64811,0.099671,0.45798,-1.00143118443693,1.05664930986,0
"ALYREF",-1.86702035527457,-1.55243114907184,7.37847126245655e-08,1.0346641323502e-06,7.1320336098644,7.1320336098644,-2.6709,8.1133e-07,3.4176e-05,6.09080246511228,-2.3554,8.1133e-07,3.4176e-05,6.09080246511228,1.0172423198,1
"AMELX",0.310543315881211,0.532522311673196,0.00624050445724412,0.0362111650234359,-2.20478030228194,-2.20478030228194,0.3881,0.094046,0.4575,-1.02665967129776,0.6107,0.094046,0.4575,-1.02665967129776,0.784573407015,0
"ANAPC10",-2.2901035680625,-2.06600504019619,1.82316796247208e-13,1.01297119961421e-11,12.7391733193787,12.7391733193787,-2.1196,5.2101e-06,0.00015857,5.28315394099387,-1.8949,5.2101e-06,0.00015857,5.28315394099387,0.790340300119,1
"ANAPC11",-2.85450994106869,-2.53992073486596,2.64267614397536e-20,1.48557262175886e-17,19.5779560557492,19.5779560557492,-2.7941,9.4059e-09,1.0157e-06,8.02659964282139,-2.4786,9.4059e-09,1.0157e-06,8.02659964282139,1.0172423198,1
"ANAPC15",-1.73862070347168,-1.40657261999181,2.55970902004004e-05,0.000249610808673598,4.59180940116214,4.59180940116214,-1.2533,0.036093,0.24761,1.44257701848643,-0.92036,0.036093,0.24761,1.44257701848643,1.05719254283,1
"ANAPC2",-2.05105872220651,-1.75844140086986,3.10570245072787e-06,3.42919069559572e-05,5.50784015523885,5.50784015523885,-1.6535,0.00036164,0.0055474,3.44172353942865,-1.3601,0.00036164,0.0055474,3.44172353942865,0.965340111692,1
"ANAPC4",-1.95907857681217,-1.62536597399775,1.67084048147926e-12,6.80912028198574e-11,11.7770650111002,11.7770650111002,-1.7676,8.4481e-06,0.00023816,5.07324095404427,-1.4329,8.4481e-06,0.00023816,5.07324095404427,1.06094423934,1
"ANAPC5",-2.04033922872741,-1.72033562067959,1.0145856614495e-11,3.17377671804982e-10,10.9937112796072,10.9937112796072,-1.7621,0.00084414,0.011451,3.07358551997948,-1.4412,0.00084414,0.011451,3.07358551997948,1.02975056327,1
"ANKLE2",-2.31824441896269,-1.99824081091487,3.83612593737412e-09,6.8077878403929e-08,8.41610714367842,8.41610714367842,-1.8896,0.00021811,0.0035876,3.6613244222468,-1.5687,0.00021811,0.0035876,3.6613244222468,1.02975056327,1
"ANKRD30A",-0.567627410551452,-0.34951586019696,0.0231777250682584,0.101861545005661,1.63492919299654,1.63492919299654,-0.45653,0.053332,0.33399,1.2730121295615,-0.23781,0.053332,0.33399,1.2730121295615,0.773990956641,0
"ANKRD49",-1.86612548324207,-1.5340773997622,4.3179343936007e-06,4.66791176837614e-05,5.36472396059226,5.36472396059226,-1.6008,0.014309,0.12231,1.84439071632108,-1.2678,0.014309,0.12231,1.84439071632108,1.05719254283,1
"ANKRD60",-0.141766466678472,0.280015136807822,0.530481422175109,0.744167504719155,0.2753298207883,-0.2753298207883,-0.072924,0.72396,0.85455,0.140285428635971,0.35004,0.72396,0.85455,-0.140285428635971,1.24669843105,0
"ANKRD63",0.337586610730691,0.652749610438003,0.258494541592107,0.510348819179719,-0.587548623097915,-0.587548623097915,0.32858,0.32168,0.57217,-0.492575939905145,0.64462,0.32168,0.57217,-0.492575939905145,1.01857303525,1
"ANTXRL",0.040446739396662,0.258558289751154,0.689751170511374,0.846542998907332,-0.161307553848126,-0.161307553848126,0.17367,0.43704,0.65871,-0.359478812493474,0.39239,0.43704,0.65871,-0.359478812493474,0.773990956641,0
"APOA4",-0.572484973768904,-0.235986217708525,0.0537762455500857,0.1887649919557,1.26940952181889,1.26940952181889,-0.3833,0.057658,0.35355,1.23914042618694,-0.045857,0.057658,0.35355,1.23914042618694,1.06720226046,0
"APOBEC1",-0.406953775937363,-0.0869501678895473,0.00579278621709288,0.034161531307404,2.23711249885293,2.23711249885293,-0.43936,0.014828,0.12568,1.82891742264247,-0.11846,0.014828,0.12568,1.82891742264247,1.02975056327,0
"APOF",-0.136090571832445,0.183913036215371,0.814663454188308,0.912807046541278,0.0890217657077081,-0.0890217657077081,0.0069596,0.96171,0.98261,-0.0169558680734367,0.32786,0.96171,0.98261,-0.0169558680734367,1.02975056327,0
"AQP12A",0.274761612838474,0.283509844115321,0.30437139327861,0.558138133729979,-0.516596167686803,-0.516596167686803,0.36825,0.18718,0.47707,-0.727740557059778,0.37702,0.18718,0.47707,-0.727740557059778,0.0405096977037,0
"AQP8",0.15367250450654,0.468852762580321,0.445249888264458,0.679880252009154,-0.351396180850986,-0.351396180850986,0.10769,0.55742,0.74539,-0.253817453036039,0.42375,0.55742,0.74539,-0.253817453036039,1.01861304105,0
"AQR",-3.18242120793332,-2.86725820822601,5.05098992196297e-12,1.71473482022164e-10,11.2966234980171,11.2966234980171,-3.0546,7.5223e-10,1.6338e-07,9.12364935028792,-2.7386,7.5223e-10,1.6338e-07,9.12364935028792,1.01857303525,1
"ARCN1",-2.59180581946548,-2.2553070634051,6.86189009905632e-16,8.68551691809692e-14,15.1635562419423,15.1635562419423,-2.1552,1.297e-06,5.0183e-05,5.88706002391592,-1.8177,1.297e-06,5.0183e-05,5.88706002391592,1.06720226046,1
"ARFRP1",-1.46643319331601,-1.06653682712277,5.69264452904039e-09,9.74069067892112e-08,8.24468593438556,8.24468593438556,-1.5906,0.00016402,0.0028217,3.78510319243978,-1.1896,0.00016402,0.0028217,3.78510319243978,1.20272299885,1
"ARGFX",0.12240677176029,0.448068948623816,0.500319409448195,0.723836565951355,-0.300752648720149,-0.300752648720149,0.20869,0.3673,0.60598,-0.434979071654706,0.53526,0.3673,0.60598,-0.434979071654706,1.04270800831,0
"ARGLU1",-2.33644226123318,-1.95430070007722,2.8652307950625e-05,0.000276861254732202,4.54284038975764,4.54284038975764,-2.0017,0.00062852,0.0089249,3.20168089816666,-1.6184,0.00062852,0.0089249,3.20168089816666,1.16603526461,1
"ARIH1",-2.37347639460625,-2.05831339489894,2.06719183581795e-08,3.18630948048294e-07,7.68461921888732,7.68461921888732,-2.1325,0.00011995,0.0021793,3.92099974769615,-1.8164,0.00011995,0.0021793,3.92099974769615,1.01857303525,1
"ARL2",-3.29099028543403,-2.95894220195416,8.75387915350265e-13,3.91833471336993e-11,12.0577994530769,12.0577994530769,-3.1305,1.1716e-07,6.9325e-06,6.93122063699044,-2.7975,1.1716e-07,6.9325e-06,6.93122063699044,1.05719254283,1
"ARMC7",-3.16366894653554,-2.84907974033281,1.58367119896445e-16,2.60937134705237e-14,15.8003349813943,15.8003349813943,-3.173,1.9226e-11,1.0204e-08,10.7161110620239,-2.8575,1.9226e-11,1.0204e-08,10.7161110620239,1.0172423198,1
"ARPC4",-1.83397730335964,-1.50831512649611,1.00189764972697e-08,1.65507949690852e-07,7.99917664217053,7.99917664217053,-1.5712,3.6542e-06,0.00011878,5.4372076867264,-1.2447,3.6542e-06,0.00011878,5.4372076867264,1.04270800831,1
"ART1",-0.190669780949315,0.0324507343835051,0.89478895502309,0.952632526233781,0.0482793853287936,-0.0482793853287936,0.063656,0.81872,0.91152,-0.0868646003719579,0.2874,0.81872,0.91152,-0.0868646003719579,0.787682155269,0
"ASB17",0.290950574686189,0.609240208533213,0.107542256516663,0.299073805226484,-0.968420855133834,-0.968420855133834,0.35217,0.16056,0.46698,-0.794362640520571,0.67135,0.16056,0.46698,-0.794362640520571,1.02580269292,0
"ASCC3",-1.81950000703723,-1.58107043672345,3.66950436153071e-09,6.53028276181904e-08,8.43539259176662,8.43539259176662,-1.6353,3.8531e-05,0.00084357,4.41418971954017,-1.3962,3.8531e-05,0.00084357,4.41418971954017,0.828739266687,1
"ASIC5",0.249515270988746,0.473613798855056,0.253947560580116,0.50543720475851,-0.595255954647484,-0.595255954647484,0.32431,0.27766,0.53938,-0.556486680676515,0.54903,0.27766,0.53938,-0.556486680676515,0.790340300119,0
"ASNA1",-1.53926586485656,-1.12727619282955,1.19449654980481e-09,2.32488926236449e-08,8.9228151003326,8.9228151003326,-1.6911,0.00066493,0.0093792,3.17722407231175,-1.2779,0.00066493,0.0093792,3.17722407231175,1.22718838396,1
"ASNS",0.0411341279759967,0.36734800873621,0.755249833305383,0.882315291399629,-0.121909361909777,-0.121909361909777,0.11862,0.57592,0.75736,-0.239637839444015,0.44574,0.57592,0.75736,-0.239637839444015,1.04396513997,1
"ASZ1",-0.124408048388534,0.20180583237168,0.0911109370702611,0.269857608900716,1.04042948664765,-1.04042948664765,-0.29095,0.27319,0.53613,0.563535201858382,0.036176,0.27319,0.53613,-0.563535201858382,1.04396513997,0
"ATF7",-0.152896357726487,0.167107250321329,0.00167946453395841,0.0116853315025654,2.77482916292609,-2.77482916292609,-0.2742,0.14342,0.46139,0.843390281834301,0.046698,0.14342,0.46139,-0.843390281834301,1.02975056327,1
"ATIC",-2.00027014205413,-1.75194950365476,2.82656376277784e-10,6.26003629176973e-09,9.54874121310136,9.54874121310136,-1.8875,7.4041e-06,0.00021217,5.13052772428503,-1.6385,7.4041e-06,0.00021217,5.13052772428503,0.85465784459,1
"ATL2",-2.03096605426652,-1.65864371721311,2.05342691101902e-07,2.68819971545364e-06,6.68752075066571,6.68752075066571,-1.4055,0.002786,0.031415,2.55501888791206,-1.0321,0.002786,0.031415,2.55501888791206,1.14533730473,1
"ATOH1",0.453943567751343,0.678042095617653,0.0576490869477332,0.197956975946476,-1.23920756671623,-1.23920756671623,0.46049,0.11477,0.45798,-0.940171618359017,0.68522,0.11477,0.45798,-0.940171618359017,0.790340300119,0
"ATP13A1",-0.397389873150848,0.0145997988761632,0.00293684806079117,0.0190084581733497,2.53211852132428,-2.53211852132428,-0.59941,0.10202,0.45798,0.991314680804832,-0.18627,0.10202,0.45798,0.991314680804832,1.22718838396,1
"ATP1A1",-3.5394342318753,-3.20762680661208,4.25609827868725e-15,4.10842456568431e-13,14.3709883521889,14.3709883521889,-3.2224,4.4007e-11,1.7896e-08,10.3564782367053,-2.8897,4.4007e-11,1.7896e-08,10.3564782367053,1.05664930986,1
"ATP2A2",-2.43401622889515,-2.11401262084733,1.21073869738688e-11,3.73842467256147e-10,10.9169495765333,10.9169495765333,-2.2606,0.0001949,0.0032533,3.71018816088238,-1.9397,0.0001949,0.0032533,3.71018816088238,1.02975056327,1
"ATP4B",0.596529996162738,0.9786715573187,0.190355207718458,0.427138149907127,-0.720435237302717,-0.720435237302717,0.30576,0.22213,0.49918,-0.653392783393867,0.68897,0.22213,0.49918,-0.653392783393867,1.16603526461,0
"ATP6AP2",-1.59548987253037,-1.41355562142514,4.12592292281738e-07,5.15416763554305e-06,6.38447888942825,6.38447888942825,-1.3408,0.0012542,0.016088,2.90163320356067,-1.1583,0.0012542,0.016088,2.90163320356067,0.67104857236,1
"ATP6V0B",-2.51589095786301,-2.19760132401599,8.21002835171327e-13,3.71844246176056e-11,12.0856553431277,12.0856553431277,-2.4403,1.8665e-05,0.00046391,4.72897200573768,-2.1211,1.8665e-05,0.00046391,4.72897200573768,1.02580269292,1
"ATP6V0C",-3.46621402159311,-3.15103376351933,1.75951572416679e-16,2.78157968078142e-14,15.754606847676,15.754606847676,-3.2373,3.5128e-10,9.1972e-08,9.45434657590367,-2.9212,3.5128e-10,9.1972e-08,9.45434657590367,1.01861304105,1
"ATP6V0D1",-1.66385692418223,-1.34867666610845,2.90369308164387e-07,3.71168218012488e-06,6.53704929017329,6.53704929017329,-1.7603,0.001096,0.014319,2.96018944585165,-1.4442,0.001096,0.014319,2.96018944585165,1.01861304105,1
"ATP6V1A",-1.80046202575106,-1.47479984888753,2.54718771889305e-10,5.71413132291114e-09,9.59393904786117,9.59393904786117,-1.8261,0.00058139,0.0083487,3.23553244243516,-1.4996,0.00058139,0.0083487,3.23553244243516,1.04270800831,1
"ATP6V1B2",-2.28966404104602,-2.07508827161851,1.34727184725582e-08,2.15484575871133e-07,7.87054476518919,7.87054476518919,-2.2014,0.0012382,0.015894,2.90720920032311,-1.9862,0.0012382,0.015894,2.90720920032311,0.764247638684,1
"ATP6V1C1",-2.49807637061909,-2.17256066076124,1.11709872944964e-08,1.81866337444386e-07,7.95190844213922,7.95190844213922,-2.2179,0.00016352,0.0028182,3.78642912154538,-1.8915,0.00016352,0.0028182,3.78642912154538,1.04237407941,1
"ATP6V1D",-2.51590564932009,-2.28552617721039,1.15198032849724e-09,2.24900919495073e-08,8.93855493697014,8.93855493697014,-2.636,1.6927e-06,6.2457e-05,5.77142000579508,-2.405,1.6927e-06,6.2457e-05,5.77142000579508,0.807295566234,1
"ATP6V1E1",-2.66648112017327,-2.45311735758224,2.60901172748867e-10,5.84224198536861e-09,9.58352396874487,9.58352396874487,-2.8203,5.6216e-07,2.5341e-05,6.25014005947084,-2.6064,5.6216e-07,2.5341e-05,6.25014005947084,0.760892590018,1
"ATP6V1G1",-2.53822059035501,-2.22098883994949,1.32458265425074e-08,2.12228528642519e-07,7.87792093644941,7.87792093644941,-2.293,4.104e-05,0.00089137,4.38679264789624,-1.9749,4.104e-05,0.00089137,4.38679264789624,1.02336062192,1
"ATP6V1G3",-0.249886067102794,0.169438736975552,0.211772907039987,0.455095072212197,0.674129601715107,-0.674129601715107,-0.15646,0.34866,0.5933,0.457597874177583,0.26404,0.34866,0.5933,-0.457597874177583,1.24182809129,0
"ATP6V1H",-0.774513072634416,-0.448997362776563,4.54436412969045e-05,0.000427864195126964,4.34252687686143,4.34252687686143,-0.82592,0.0066486,0.065234,2.17726979473974,-0.49949,0.0066486,0.065234,2.17726979473974,1.04237407941,1
"ATR",-0.875286029657413,-0.549623852793887,0.000170467581165502,0.0014571318778248,3.76835820118539,3.76835820118539,-1.0538,0.023321,0.17815,1.63225283104979,-0.72722,0.023321,0.17815,1.63225283104979,1.04270800831,1
"ATRIP",-1.13951518395407,-0.813853007090544,5.01992811250596e-07,6.178099550182e-06,6.29930250209114,6.29930250209114,-1.3428,0.0061718,0.061374,2.20958815589206,-1.0162,0.0061718,0.061374,2.20958815589206,1.04270800831,1
"ATRX",-0.782476002490955,-0.55611409941963,0.000495959603241476,0.00387541941813341,3.30455369609809,3.30455369609809,-0.82085,0.033975,0.23685,1.46884053459547,-0.59385,0.033975,0.23685,1.46884053459547,0.796473220463,1
"ATXN7L3",-1.87096160427624,-1.55268498683189,2.29007415475634e-09,4.23309355124352e-08,8.64015045456838,8.64015045456838,-1.9198,7.6508e-05,0.0014919,4.11629315080452,-1.6006,7.6508e-05,0.0014919,4.11629315080452,1.02577267031,1
"AURKAIP1",-1.50458046065086,-1.18629082680384,3.82062585514378e-07,4.79157624470886e-06,6.41786548966106,6.41786548966106,-1.3068,0.0013682,0.017284,2.86385041391147,-0.98763,0.0013682,0.017284,2.86385041391147,1.02580269292,1
"AURKB",-1.88002917938905,-1.5617525619447,2.59129788841797e-08,3.92141540311423e-07,7.58648265885525,7.58648265885525,-1.7119,0.0020441,0.024191,2.68949786177321,-1.3928,0.0020441,0.024191,2.68949786177321,1.02577267031,1
"AWAT1",0.175683263533994,0.402045166605319,0.711122975915151,0.858820512995468,-0.148055289364277,-0.148055289364277,0.044839,0.90206,0.95381,-0.0447645746506419,0.27183,0.90206,0.95381,-0.0447645746506419,0.796473220463,0
"AWAT2",0.0948939162550457,0.32125581932637,0.423103631640001,0.662406725042888,-0.373553246957895,-0.373553246957895,0.20337,0.33282,0.58049,-0.477790583737521,0.43036,0.33282,0.58049,-0.477790583737521,0.796473220463,0
"B3GNT6",0.169095226310242,0.501143309790115,0.480421953827593,0.707583016375648,-0.318377154873774,-0.318377154873774,0.23218,0.43097,0.65445,-0.365552960205667,0.56516,0.43097,0.65445,-0.365552960205667,1.05719254283,0
"BAHD1",0.370546463619461,0.685709463326773,0.98591364816243,0.994446543739961,-0.00616112133549692,-0.00616112133549692,0.14632,0.67258,0.82026,-0.172256051114127,0.46236,0.67258,0.82026,-0.172256051114127,1.01857303525,1
"BANF2",0.294141015583376,0.613928653992515,0.14013362134647,0.354628360230877,-0.853457654767924,-0.853457654767924,0.39397,0.26051,0.52739,-0.584175601111239,0.71465,0.26051,0.52739,-0.584175601111239,1.02925370559,0
"BAP1",-0.504377161507542,-0.178714984644016,0.0717265788084077,0.229902750421784,1.14431988351092,1.14431988351092,-0.34406,0.12852,0.45798,0.89102928312052,-0.01749,0.12852,0.45798,0.89102928312052,1.04270800831,1
"BARD1",-1.56056226046062,-1.31224162206125,2.97955596149843e-10,6.54577621748499e-09,9.52584845331967,9.52584845331967,-1.7204,0.0016525,0.020234,2.78185853184232,-1.4714,0.0016525,0.020234,2.78185853184232,0.85465784459,1
"BARHL1",-0.223245655472066,0.0693716658645888,0.203835876407375,0.444773862056901,0.690719375018003,-0.690719375018003,-0.25848,0.31429,0.56649,0.502669437034948,0.03495,0.31429,0.56649,-0.502669437034948,0.965340111692,0
"BCAS2",-1.89363129032258,-1.56182386505936,6.99261786669031e-15,6.33411873393611e-13,14.1553602044814,14.1553602044814,-1.8492,4.8272e-06,0.00014905,5.31630470716909,-1.5164,4.8272e-06,0.00014905,5.31630470716909,1.05664930986,1
"BCCIP",-2.37149259461611,-2.04579091228991,3.99466038830506e-05,0.000380228804789216,4.39852013693936,4.39852013693936,-1.8052,0.010197,0.093122,1.99152758069728,-1.4786,0.010197,0.093122,1.99152758069728,1.04279806325,1
"BCL2L1",0.341260365870028,0.661048004279167,0.039085594941816,0.150674259000188,-1.40798327303829,-1.40798327303829,0.46914,0.10522,0.45798,-0.97790170253886,0.78982,0.10522,0.45798,-0.97790170253886,1.02925370559,1
"BCS1L",-2.71346318871077,-2.4651425503114,8.57498999772607e-12,2.75915460987438e-10,11.0667663778665,11.0667663778665,-2.5284,5.5062e-07,2.4939e-05,6.25914801791202,-2.2794,5.5062e-07,2.4939e-05,6.25914801791202,0.85465784459,1
"BDP1",-1.41745418538703,-1.09128168090622,3.1939365145843e-06,3.51848464572045e-05,5.49567372052056,5.49567372052056,-1.5231,0.00018622,0.0031194,3.72997367768771,-1.196,0.00018622,0.0031194,3.72997367768771,1.04387089653,1
"BEND2",0.674949159951454,0.896928155743439,0.000305015418966292,0.00248074880966074,-3.5156782058902,-3.5156782058902,0.63333,0.11219,0.45798,-0.950045851977954,0.85593,0.11219,0.45798,-0.950045851977954,0.784573407015,0
"BHLHE23",0.149728463488389,0.549624829681634,0.470664310706062,0.700632497919502,-0.327288731905969,-0.327288731905969,0.23498,0.52121,0.72048,-0.282987260451478,0.63599,0.52121,0.72048,-0.282987260451478,1.20272299885,0
"BIRC5",-2.97887606197988,-2.66428685577715,1.42839202989607e-10,3.42116000844658e-09,9.84515258173731,9.84515258173731,-3.207,1.9875e-07,1.0664e-05,6.70169286267149,-2.8915,1.9875e-07,1.0664e-05,6.70169286267149,1.0172423198,1
"BIRC8",0.0900028624154602,0.407319501060429,0.278547049942335,0.531459843304713,-0.555101436739809,-0.555101436739809,-0.21628,0.36303,0.60236,0.440057484341008,0.10193,0.36303,0.60236,-0.440057484341008,1.02355673479,0
"BLM",-0.979600082503351,-0.664437082796039,2.42026592573027e-06,2.71789322200251e-05,5.61613691346903,5.61613691346903,-1.0615,0.0028466,0.032004,2.54567355498071,-0.74548,0.0028466,0.032004,2.54567355498071,1.01857303525,1
"BMP10",0.0637240901911483,0.436046427244563,0.649399147422336,0.822282523911021,-0.187488285882512,-0.187488285882512,-0.027168,0.86249,0.9335,0.0642459315822195,0.3462,0.86249,0.9335,-0.0642459315822195,1.14533730473,0
"BMP15",0.447475813266899,0.676379257629575,0.0428812387379815,0.161399983457865,-1.36773267738946,-1.36773267738946,0.35023,0.14961,0.46234,-0.825039377061975,0.57978,0.14961,0.46234,-0.825039377061975,0.803328937333,0
"BMS1",-1.66459613573655,-1.44648458538206,5.9824871899963e-06,6.32779621817373e-05,5.22311822264681,5.22311822264681,-1.3385,0.0089321,0.083116,2.04904642339672,-1.1198,0.0089321,0.083116,2.04904642339672,0.773990956641,1
"BNIP1",-1.78179543871861,-1.4556229342378,2.46573939373661e-08,3.74921853878185e-07,7.60805282629786,7.60805282629786,-1.3854,0.0006727,0.0094818,3.1721785723172,-1.0583,0.0006727,0.0094818,3.1721785723172,1.04387089653,1
"BOP1",-1.80619152876297,-1.50422363372722,1.69446480949081e-09,3.21931470216678e-08,8.7709674461259,8.7709674461259,-2.0352,9.1416e-05,0.001718,4.03897778562745,-1.7324,9.1416e-05,0.001718,4.03897778562745,0.987656758422,1
"BORA",-0.892659883737103,-0.558375914452532,2.99826079389715e-05,0.000289423022998769,4.52313059416137,4.52313059416137,-0.99729,0.0093867,0.086838,2.0274870620134,-0.66207,0.0093867,0.086838,2.0274870620134,1.06222980875,1
"BPIFA1",0.336496666402379,0.656284304811518,0.115999299812413,0.312927962923734,-0.935544632225866,-0.935544632225866,0.37895,0.16723,0.46949,-0.776685810235865,0.69963,0.16723,0.46949,-0.776685810235865,1.02925370559,0
"BPIFA3",0.129589980108299,0.449377618517438,0.716550717236831,0.862154980060123,-0.144753064950418,-0.144753064950418,-0.054089,0.79521,0.89767,0.0995181671953608,0.26659,0.79521,0.89767,-0.0995181671953608,1.02925370559,0
"BPIFB3",0.351672537908966,0.671460176318105,0.121302820254698,0.321294457251668,-0.916129101797778,-0.916129101797778,0.46491,0.099874,0.45798,-1.00054755608002,0.78559,0.099874,0.45798,-1.00054755608002,1.02925370559,0
"BPIFB6",0.675119104698761,0.9949067431079,0.0969025404674305,0.280408517176987,-1.0136648370202,-1.0136648370202,0.5497,0.12762,0.45798,-0.894081259713627,0.87038,0.12762,0.45798,-0.894081259713627,1.02925370559,0
"BPIFC",-0.292006244854114,-0.0800540110037736,0.141570958096239,0.356689391259348,0.849025828794196,0.849025828794196,-0.3325,0.18356,0.47512,0.736221950977378,-0.11996,0.18356,0.47512,0.736221950977378,0.756975369415,0
"BRAP",-0.259911370894001,0.0600922371538147,0.299116240113414,0.552741825126915,0.524160006894555,-0.524160006894555,-0.17482,0.47163,0.68342,0.326398577580189,0.14607,0.47163,0.68342,-0.326398577580189,1.02975056327,1
"BRAT1",-0.815940254750727,-0.492720321824609,0.00267867303110102,0.0175514150303167,2.57208029477358,2.57208029477358,-0.85846,0.069372,0.39922,1.15881578457726,-0.53434,0.069372,0.39922,1.15881578457726,1.03712983103,1
"BRCA1",-1.31908815619766,-1.00081153875331,9.96127139103814e-08,1.37267325232092e-06,7.00168522755283,7.00168522755283,-1.2562,0.0099283,0.091055,2.00312510838522,-0.93701,0.0099283,0.091055,2.00312510838522,1.02577267031,1
"BRCA2",-0.469519004771423,-0.135235035486852,0.00248646122959351,0.01648984506635,2.60441830816104,2.60441830816104,-0.68017,0.034624,0.24038,1.46062276090954,-0.34495,0.034624,0.24038,1.46062276090954,1.06222980875,1
"BRD2",-0.838948106670616,-0.600518536356835,0.000169590965903866,0.00145093649566723,3.77059728629274,3.77059728629274,-0.82164,0.0068224,0.066563,2.16606282132556,-0.58254,0.0068224,0.066563,2.16606282132556,0.828739266687,1
"BRD4",-0.429538180547356,-0.0175485085203448,0.00571604777372625,0.033781948391846,2.24290415010868,2.24290415010868,-0.92577,0.033573,0.23516,1.47400984954041,-0.51262,0.033573,0.23516,1.47400984954041,1.22718838396,1
"BRD8",-0.326092927218739,7.95772620683644e-05,0.00883527980304963,0.0483448906028307,2.0537796923376,-2.0537796923376,-0.68646,0.063294,0.37769,1.19863745728747,-0.35937,0.063294,0.37769,1.19863745728747,1.04387089653,1
"BRDT",-0.336853606256214,-0.113306608337119,0.412371142292847,0.652670556694533,0.384711734226269,0.384711734226269,-0.10657,0.62604,0.79068,0.20339791723,0.1176,0.62604,0.79068,-0.20339791723,0.788841896528,0
"BRF1",-2.30761221469874,-2.08039011296161,3.23287714059205e-21,2.80863549036981e-18,20.4904107996188,20.4904107996188,-2.3913,1.9434e-08,1.8208e-06,7.71143780160618,-2.1635,1.9434e-08,1.8208e-06,7.71143780160618,0.798797224728,1
"BRF2",-2.02645560500393,-1.81187983557642,5.30477950482309e-10,1.09967733921566e-08,9.27533266300274,9.27533266300274,-1.8751,0.00035003,0.0053996,3.45589473200369,-1.6599,0.00035003,0.0053996,3.45589473200369,0.764247638684,1
"BRIX1",-1.81776207662436,-1.49158957214355,4.80185697036794e-10,1.00633653809915e-08,9.31859078011928,9.31859078011928,-1.6387,0.0026803,0.030476,2.57181659363806,-1.3116,0.0026803,0.030476,2.57181659363806,1.04387089653,1
"BSND",0.247244037335908,0.565533671182932,0.976213178927671,0.990387654080347,-0.0104553336422809,-0.0104553336422809,0.066667,0.76363,0.87898,-0.117117018232106,0.38585,0.76363,0.87898,-0.117117018232106,1.02580269292,0
"BTAF1",-0.299277941776142,0.026423740550056,0.054881883630946,0.191415591576327,1.26057099138864,-1.26057099138864,-0.25415,0.094129,0.4575,1.02627655510979,0.072457,0.094129,0.4575,-1.02627655510979,1.04279806325,1
"BUB1B",-1.79578024143169,-1.48061724172438,6.42809038787413e-14,4.15067876971076e-12,13.1919180250825,13.1919180250825,-1.7273,0.00011895,0.0021652,3.92463555362672,-1.4113,0.00011895,0.0021652,3.92463555362672,1.01857303525,1
"BUB3",-4.84334246421157,-4.51764078188537,6.45093217605086e-11,1.69131230014897e-09,10.1903775241766,10.1903775241766,-4.776,4.4445e-15,1.4158e-11,14.3521770894643,-4.4494,4.4445e-15,1.4158e-11,14.3521770894643,1.04279806325,1
"BUD13",-0.480176610634122,-0.143677854573743,0.0454140745120163,0.16772538253782,1.34280953182064,1.34280953182064,-0.39572,0.085282,0.44404,1.0691426232943,-0.058282,0.085282,0.44404,1.0691426232943,1.06720226046,1
"BUD31",-3.04212187695305,-2.71590799619284,5.38310690479167e-15,5.06834099858538e-13,14.2689669953097,14.2689669953097,-2.6502,2.251e-07,1.1885e-05,6.64762450499948,-2.3231,2.251e-07,1.1885e-05,6.64762450499948,1.04396513997,1
"BYSL",-1.18532510890892,-0.946895538595139,0.000458072797807088,0.00360590831321535,3.3390654975997,3.3390654975997,-0.88179,0.10144,0.45798,0.993790759462343,-0.64269,0.10144,0.45798,0.993790759462343,0.828739266687,1
"C10orf113",0.249863091091285,0.467974641445777,0.906082245065827,0.958487378234622,-0.0428323796332134,-0.0428323796332134,0.087838,0.47167,0.68343,-0.326361745651245,0.30656,0.47167,0.68343,-0.326361745651245,0.773990956641,0
"C10orf120",-0.320970082571236,0.00473159975496201,0.125011145548474,0.328181150127836,0.903051265116625,-0.903051265116625,-0.15413,0.45354,0.67109,0.343384404274887,0.17248,0.45354,0.67109,-0.343384404274887,1.04279806325,0
"C10orf53",0.505967237116337,0.724078787470829,0.009862041765924,0.0526370299559077,-2.00603316255606,-2.00603316255606,0.59421,0.095162,0.45798,-1.02153643906188,0.81293,0.095162,0.45798,-1.02153643906188,0.773990956641,0
"C12orf40",-0.679317492578802,-0.359313884530986,0.033225915142207,0.133273224787619,1.47852304843678,1.47852304843678,-0.49025,0.098806,0.45798,1.00521668205435,-0.16935,0.098806,0.45798,1.00521668205435,1.02975056327,0
"C12orf45",-2.16710182450878,-1.84709821646096,1.63710596015363e-12,6.7002154639007e-11,11.7859232103738,11.7859232103738,-2.1947,2.058e-06,7.3523e-05,5.68655462957359,-1.8738,2.058e-06,7.3523e-05,5.68655462957359,1.02975056327,1
"C12orf65",-0.579639599327617,-0.259635991279801,0.0129476554187255,0.0652606904056171,1.88780886717319,1.88780886717319,-0.55795,0.066251,0.38852,1.17880756205222,-0.23706,0.066251,0.38852,1.17880756205222,1.02975056327,1
"C14orf178",0.0528689692882353,0.283248441397937,0.211859034608039,0.455126641391868,-0.673953011026906,-0.673953011026906,-0.27287,0.6869,0.82956,0.163106483623566,-0.04185,0.6869,0.82956,0.163106483623566,0.807295566234,1
"C15orf41",-1.53604903643316,-1.22088603672585,2.42607509758469e-08,3.69773312122299e-07,7.61509575995673,7.61509575995673,-1.669,0.00024426,0.0039598,3.61214764723696,-1.353,0.00024426,0.0039598,3.61214764723696,1.01857303525,1
"C16orf72",-1.27951569802637,-0.964335439952589,5.83029183423844e-06,6.1736491871357e-05,5.23430970616254,5.23430970616254,-1.1001,0.018346,0.14878,1.73645861082842,-0.78405,0.018346,0.14878,1.73645861082842,1.01861304105,1
"C16orf78",-0.272501693702056,0.0426785643717246,0.0843383988626213,0.256599779920612,1.07397464818396,-1.07397464818396,-0.23656,0.22797,0.50411,0.642122300770127,0.079506,0.22797,0.50411,-0.642122300770127,1.01861304105,0
"C17orf102",0.0752162129188756,0.393492830363227,0.721565817814596,0.864982907419115,-0.141724048479028,-0.141724048479028,0.12363,0.58529,0.76379,-0.23262889598136,0.44279,0.58529,0.76379,-0.23262889598136,1.02577267031,0
"C17orf78",0.229282889702673,0.547559507147024,0.260793111076433,0.512601679556137,-0.583703884799802,-0.583703884799802,0.28941,0.33951,0.58576,-0.46914742939273,0.60858,0.33951,0.58576,-0.46914742939273,1.02577267031,0
"C18orf21",-2.12862635436417,-1.90312670790323,1.02952318793037e-08,1.6963169561132e-07,7.98736386732978,7.98736386732978,-1.5443,0.0015038,0.018676,2.82280991951039,-1.3181,0.0015038,0.018676,2.82280991951039,0.794139893033,1
"C1QBP",-0.82350398983137,-0.505227372387019,4.99370333776298e-05,0.000467407697819118,4.30157726146393,4.30157726146393,-0.90195,0.011807,0.1052,1.92786043676026,-0.58279,0.011807,0.1052,1.92786043676026,1.02577267031,1
"C1orf109",-2.90771012268599,-2.58942048883897,2.35040124173707e-10,5.33529916072692e-09,9.62885799211227,9.62885799211227,-2.5798,1.0515e-06,4.2399e-05,5.97819072297766,-2.2606,1.0515e-06,4.2399e-05,5.97819072297766,1.02580269292,1
"C1orf131",-1.18827314309994,-0.758723113471661,0.000150231310613807,0.0012951605952917,3.82323954396514,3.82323954396514,-1.5223,0.03092,0.2206,1.50976051475371,-1.0915,0.03092,0.2206,1.50976051475371,1.26199119289,1
"C1orf146",0.271773708272002,0.495320706191097,0.40025625301263,0.642454499281484,-0.397661874580011,-0.397661874580011,0.29126,0.31106,0.56449,-0.507155832337677,0.51544,0.31106,0.56449,-0.507155832337677,0.788841896528,0
"C20orf173",0.412539521194166,0.83432112468046,0.565385150095551,0.766397615161437,-0.247655602490032,-0.247655602490032,0.11693,0.65154,0.80658,-0.186058916488599,0.53989,0.65154,0.80658,-0.186058916488599,1.24669843105,0
"C20orf203",0.230753428332564,0.550541066741703,0.343946300077718,0.595564924205963,-0.463509358011075,-0.463509358011075,0.33897,0.21115,0.49198,-0.675408914239073,0.65965,0.21115,0.49198,-0.675408914239073,1.02925370559,0
"C2orf49",-0.166506940262372,0.0802630864053536,0.458344925489055,0.69092952996426,0.338807572526619,-0.338807572526619,-0.081037,0.71788,0.8509,0.143948145859867,0.16642,0.71788,0.8509,-0.143948145859867,0.850625268501,1
"C2orf83",-0.136675098565092,0.111645539834274,0.257322981574503,0.509075434782188,0.589521425117729,-0.589521425117729,-0.18696,0.46107,0.67726,0.336233134684334,0.062059,0.46107,0.67726,-0.336233134684334,0.85465784459,0
"C7orf66",-0.508912091164282,-0.182698210404068,0.00605478420708485,0.0353359055114542,2.21790133052957,2.21790133052957,-0.45009,0.051304,0.32511,1.28984877309082,-0.12297,0.051304,0.32511,1.28984877309082,1.04396513997,0
"C7orf71",-0.20862442021917,0.114595512706948,0.289433886810304,0.541757970009662,0.538450623206032,-0.538450623206032,-0.13803,0.66794,0.81778,0.175262547762836,0.18609,0.66794,0.81778,-0.175262547762836,1.03712983103,0
"C8A",-0.293473352836889,0.0248162810101354,0.11940821202544,0.318349721919686,0.92296580457437,-0.92296580457437,-0.24352,0.20483,0.48766,0.688606434999479,0.075662,0.20483,0.48766,-0.688606434999479,1.02580269292,0
"C8B",0.128165435092804,0.446455068939828,0.788057100352932,0.900331090904711,-0.103442313640188,-0.103442313640188,0.10466,0.64537,0.80217,-0.190191226625443,0.42384,0.64537,0.80217,-0.190191226625443,1.02580269292,0
"C8orf33",-0.392349841169519,-0.0903819461337724,0.0722944887348101,0.231098243996781,1.14089480925168,1.14089480925168,-0.34623,0.22034,0.49918,0.656906654903863,-0.043416,0.22034,0.49918,0.656906654903863,0.987656758422,1
"C8orf86",0.29897985717387,0.513555626601376,0.322735917485479,0.575147001482513,-0.491152698997345,-0.491152698997345,0.27191,0.11703,0.45798,-0.931702794968546,0.48709,0.11703,0.45798,-0.931702794968546,0.764247638684,0
"C9orf78",-1.2411057049089,-0.948488383572245,4.72052402905465e-05,0.000443140352491756,4.32600978732052,4.32600978732052,-0.99829,0.030425,0.21807,1.5167694130979,-0.70486,0.030425,0.21807,1.5167694130979,0.965340111692,1
"CABP2",0.161575059688227,0.4936231431681,0.821788865543111,0.91619212856488,-0.0852397473111212,-0.0852397473111212,0.10811,0.62287,0.78867,-0.205602586043845,0.44109,0.62287,0.78867,-0.205602586043845,1.05719254283,0
"CABP5",-0.265561706103862,0.0517549325411071,0.681214069133683,0.842285192350374,0.166716391120436,-0.166716391120436,-0.043033,0.80352,0.90217,0.0950033089671716,0.27517,0.80352,0.90217,-0.0950033089671716,1.02355673479,0
"CABS1",-0.228726864973417,0.00210704455445321,0.108644414720755,0.300901419875059,0.963992595328778,-0.963992595328778,-0.25168,0.16005,0.46646,0.795744321519849,-0.020206,0.16005,0.46646,0.795744321519849,0.808514614036,0
"CACNG2",0.540295323557289,0.752247557407629,0.0310091768206912,0.126532535562312,-1.50850976252683,-1.50850976252683,0.39547,0.11561,0.45798,-0.937004598813533,0.60801,0.11561,0.45798,-0.937004598813533,0.756975369415,0
"CACNG3",0.164016705985675,0.479196964059456,0.620483520097453,0.803905014868394,-0.2072697487757,-0.2072697487757,0.072254,0.84614,0.92572,-0.0725577738437342,0.38832,0.84614,0.92572,-0.0725577738437342,1.01861304105,0
"CACNG5",0.0410919859989492,0.355681192201675,0.700700041470568,0.852155757993571,-0.154467856802931,-0.154467856802931,-0.014387,0.92595,0.96544,0.0334124639772092,0.30108,0.92595,0.96544,-0.0334124639772092,1.0172423198,0
"CACTIN",-1.1702674592903,-0.864570082668633,8.08384337511158e-06,8.42456370929704e-05,5.09238210955353,5.09238210955353,-0.89924,0.11076,0.45798,0.955617052926463,-0.59269,0.11076,0.45798,0.955617052926463,0.996462348026,1
"CAD",-3.50243940938794,-3.13594475094747,1.06267334056592e-07,1.4549337792433e-06,6.97360021449071,6.97360021449071,-3.6217,1.2713e-09,2.2709e-07,8.89575195300956,-3.2542,1.2713e-09,2.2709e-07,8.89575195300956,1.13291122865,1
"CARS",-3.16954961862949,-2.94642910329667,3.21192338658768e-21,2.80863549036981e-18,20.4932348224155,20.4932348224155,-3.1075,4.0034e-10,9.9372e-08,9.39757101516245,-2.8837,4.0034e-10,9.9372e-08,9.39757101516245,0.787682155269,1
"CATSPER4",0.341105757975834,0.659395391822858,0.488156878152689,0.714553890256528,-0.311440587080798,-0.311440587080798,0.29138,0.33644,0.58315,-0.4730923756965,0.61056,0.33644,0.58315,-0.4730923756965,1.02580269292,0
"CBLL1",-0.277951215010234,0.0482626657499797,0.0413787361030404,0.157137250772385,1.3832227788191,-1.3832227788191,-0.29643,0.32305,0.57325,0.490730254623812,0.030694,0.32305,0.57325,-0.490730254623812,1.04396513997,1
"CCDC115",-1.38467927952785,-1.12979238939295,3.64860302766433e-06,3.98035100843313e-05,5.4378733858196,5.4378733858196,-1.3761,0.040562,0.27202,1.3918806392874,-1.1205,0.040562,0.27202,1.3918806392874,0.871610435975,1
"CCDC130",-0.856513885959715,-0.444524213932704,0.0133916494688486,0.0668288763180426,1.87316592701339,1.87316592701339,-0.73912,0.43704,0.65871,0.359478812493474,-0.32598,0.43704,0.65871,0.359478812493474,1.22718838396,1
"CCDC155",-0.123019782761218,0.194296855883751,0.886913658764185,0.948670237841644,0.0521186567718947,-0.0521186567718947,0.030937,0.89673,0.95154,-0.047338300725594,0.34914,0.89673,0.95154,-0.047338300725594,1.02355673479,0
"CCDC172",-0.12085803874281,0.204843643583388,0.440616684947751,0.676363540368584,0.355939061330642,-0.355939061330642,-0.07989,0.69379,0.83416,0.158771964188565,0.24672,0.69379,0.83416,-0.158771964188565,1.04279806325,0
"CCDC83",-0.335813092893257,-0.00376500941338365,0.254790241085504,0.506269453983495,0.593817210260863,0.593817210260863,-0.11169,0.5046,0.70846,0.297052753818444,0.22129,0.5046,0.70846,-0.297052753818444,1.05719254283,0
"CCDC84",-2.79584261847078,-2.4593438624104,2.16289216638758e-09,4.02133832452975e-08,8.66496513229935,8.66496513229935,-2.529,6.8902e-06,0.00020045,5.16176817175917,-2.1915,6.8902e-06,0.00020045,5.16176817175917,1.06720226046,1
"CCDC86",-1.13081305384473,-0.798764970364857,0.000770839405169291,0.00577766805921594,3.11303609239469,3.11303609239469,-0.81362,0.032799,0.23098,1.48413939717559,-0.48065,0.032799,0.23098,1.48413939717559,1.05719254283,1
"CCKAR",0.267481706473149,0.601194309287571,0.58893673590041,0.782653119760842,-0.22993135500069,-0.22993135500069,0.11854,0.59443,0.7699,-0.225899280496339,0.45318,0.59443,0.7699,-0.225899280496339,1.06094423934,0
"CCL1",0.0469805947070414,0.365257212151393,0.831846484340002,0.921472229928739,-0.0799568145213517,-0.0799568145213517,0.0014947,0.99254,0.99578,-0.00325198186537681,0.32066,0.99254,0.99578,-0.00325198186537681,1.02577267031,0
"CCNA2",-2.96412647059258,-2.74002794272627,2.55720127207956e-07,3.30912578965854e-06,6.59223508819837,6.59223508819837,-2.2117,0.00073704,0.010245,3.13250894184532,-1.987,0.00073704,0.010245,3.13250894184532,0.790340300119,1
"CCNB1",-3.38702255182688,-3.06085004734607,8.82882777742661e-11,2.22619241833714e-09,10.0540969548132,10.0540969548132,-2.7337,9.4926e-09,1.0193e-06,8.02261481907945,-2.4066,9.4926e-09,1.0193e-06,8.02261481907945,1.04387089653,1
"CCND1",-1.62573406598968,-1.29368598250981,4.38515610022526e-09,7.66820572219629e-08,8.3580149422615,8.3580149422615,-1.747,5.5554e-06,0.00016774,5.25528466551905,-1.4141,5.5554e-06,0.00016774,5.25528466551905,1.05719254283,1
"CCNH",-1.75687114777192,-1.43069864329111,9.78930063944139e-12,3.08750665217233e-10,11.0092483336596,11.0092483336596,-1.5831,0.00030537,0.0047958,3.51517363091556,-1.256,0.00030537,0.0047958,3.51517363091556,1.04387089653,1
"CCNK",-0.391594058899243,-0.161214586789541,0.00848038063936608,0.0466984980777289,2.07158465412698,2.07158465412698,-0.46869,0.21818,0.49775,0.661185062582381,-0.23767,0.21818,0.49775,0.661185062582381,0.807295566234,1
"CCT2",-2.83735658383725,-2.51735297578943,1.26530352632911e-10,3.05910944435697e-09,9.8978052816045,9.8978052816045,-2.4061,8.5723e-06,0.00024094,5.06690263860259,-2.0852,8.5723e-06,0.00024094,5.06690263860259,1.02975056327,1
"CCT3",-3.5493990940028,-3.12575987013633,2.15518249978033e-12,8.37235835737835e-11,11.6665159481057,11.6665159481057,-3.4079,5.8222e-11,2.0607e-08,10.2349128800713,-2.9831,5.8222e-11,2.0607e-08,10.2349128800713,1.25037007804,1
"CCT4",-3.37748017475043,-3.00515783769702,9.84377062924762e-15,8.43695013617981e-13,14.0068385143935,14.0068385143935,-3.046,8.0734e-10,1.7145e-07,9.09294352968068,-2.6726,8.0734e-10,1.7145e-07,9.09294352968068,1.14533730473,1
"CCT5",-3.83395687334063,-3.53289663693112,4.42931145226287e-09,7.73833910302561e-08,8.35366378071243,8.35366378071243,-3.9301,1.0532e-10,3.4118e-08,9.97748914956597,-3.6282,1.0532e-10,3.4118e-08,9.97748914956597,0.985505550893,1
"CCT6A",-3.41946793888517,-3.09325405812496,2.75453835069162e-12,1.02427026258305e-10,11.5599511766841,11.5599511766841,-3.4324,1.0382e-09,1.9646e-07,8.98371897545717,-3.1053,1.0382e-09,1.9646e-07,8.98371897545717,1.04396513997,1
"CCT7",-3.651230529537,-3.27890819248359,1.77355499181661e-14,1.38359006361596e-12,13.7511553410109,13.7511553410109,-3.3014,1.3947e-12,1.3328e-09,11.8555191990972,-2.928,1.3947e-12,1.3328e-09,11.8555191990972,1.14533730473,1
"CCT8L2",0.212444923265076,0.425808685856101,0.82616915669489,0.918643963692444,-0.0829310225369303,-0.0829310225369303,0.14304,0.68969,0.83143,-0.1613460709174,0.357,0.68969,0.83143,-0.1613460709174,0.760892590018,0
"CD200R1L",-0.294685895778686,0.0309762810848399,0.0422200226020252,0.159350571088568,1.37448153853352,-1.37448153853352,-0.35802,0.11052,0.45798,0.956559123755526,-0.031447,0.11052,0.45798,0.956559123755526,1.04270800831,0
"CD3EAP",-1.89238991517237,-1.5750732765274,3.07466261215985e-09,5.53437957214862e-08,8.5122025331296,8.5122025331296,-1.7526,2.038e-06,7.3082e-05,5.69079582032959,-1.4344,2.038e-06,7.3082e-05,5.69079582032959,1.02355673479,1
"CDAN1",-1.95581925892402,-1.64065625921671,5.44477629015272e-11,1.44705233405257e-09,10.2640199594248,10.2640199594248,-1.8713,0.00017852,0.0030169,3.74831312183151,-1.5552,0.00017852,0.0030169,3.74831312183151,1.01857303525,1
"CDC123",-2.71836709550974,-2.50025554515525,3.46091001921565e-07,4.37200087225835e-06,6.46080969185471,6.46080969185471,-1.9673,8.4345e-05,0.0016153,4.07394065743492,-1.7486,8.4345e-05,0.0016153,4.07394065743492,0.773990956641,1
"CDC16",-2.51473329334948,-2.13259173219352,3.62887921758089e-17,7.79312005456444e-15,16.4402274864732,16.4402274864732,-2.6883,9.6194e-08,5.8908e-06,7.01685201578085,-2.3051,9.6194e-08,5.8908e-06,7.01685201578085,1.16603526461,1
"CDC20",-2.54671015582326,-2.22842052197624,1.31618273453703e-08,2.11574437386092e-07,7.88068381050037,7.88068381050037,-2.1797,0.00029563,0.0046778,3.52925149661901,-1.8606,0.00029563,0.0046778,3.52925149661901,1.02580269292,1
"CDC23",-2.75074623314388,-2.42457372866307,9.32648480113183e-06,9.60954738566214e-05,5.0302820131809,5.0302820131809,-1.8244,0.007091,0.068762,2.14929251462546,-1.4974,0.007091,0.068762,2.14929251462546,1.04387089653,1
"CDC25A",-0.633992082910257,-0.308329906046731,0.000565785717197034,0.004379855169213,3.2473480201537,3.2473480201537,-0.60727,0.029343,0.21308,1.5324954863741,-0.2807,0.029343,0.21308,1.5324954863741,1.04270800831,1
"CDC37",-1.65714147140218,-1.24515179937517,5.69647456495294e-06,6.03864217193264e-05,5.24439383742683,5.24439383742683,-1.3726,0.0036108,0.0391,2.44239656621229,-0.95943,0.0036108,0.0391,2.44239656621229,1.22718838396,1
"CDC45",-2.42969457772862,-2.21633081513759,7.22330853721964e-10,1.46559549970147e-08,9.14126383423979,9.14126383423979,-2.3124,4.9857e-06,0.00015271,5.30227385745366,-2.0985,4.9857e-06,0.00015271,5.30227385745366,0.760892590018,1
"CDC5L",-2.17399040799075,-1.93556083767697,4.01374993324878e-11,1.10367731106348e-09,10.396449688648,10.396449688648,-1.9545,5.9477e-05,0.0012081,4.22565094526615,-1.7154,5.9477e-05,0.0012081,4.22565094526615,0.828739266687,1
"CDC6",-1.44475403973206,-1.12647742228771,0.00022435904896856,0.00187502164535902,3.6490564095815,3.6490564095815,-1.1292,0.019281,0.15451,1.71487044536994,-0.81007,0.019281,0.15451,1.71487044536994,1.02577267031,1
"CDC73",-2.08932722529977,-1.65815442491522,1.54601681744575e-21,1.58305485470441e-18,20.8107857861718,20.8107857861718,-2.054,1.1604e-06,4.5763e-05,5.93539227986937,-1.6216,1.1604e-06,4.5763e-05,5.93539227986937,1.26516537946,1
"CDCA3",0.176933473889859,0.496937081937675,0.998998475709186,0.99974258041397,-0.00043517442826637,-0.00043517442826637,0.071386,0.71986,0.8523,-0.142751957929097,0.39228,0.71986,0.8523,-0.142751957929097,1.02975056327,1
"CDCA5",-0.92505419350432,-0.593006110024447,5.43188140120384e-05,0.000504766523986145,4.26504972093761,4.26504972093761,-0.80126,0.010936,0.098782,1.96114149844023,-0.46828,0.010936,0.098782,1.96114149844023,1.05719254283,1
"CDCA8",-2.08104085264275,-1.76275121879573,2.10390843177432e-18,6.93310376836251e-16,17.6769731658684,17.6769731658684,-2.0685,5.191e-07,2.3907e-05,6.28474897112115,-1.7493,5.191e-07,2.3907e-05,6.28474897112115,1.02580269292,1
"CDCP2",0.297156515043011,0.615446148890035,0.30717386124031,0.560264720859437,-0.512615743074366,-0.512615743074366,0.27097,0.27608,0.53809,-0.55896505371657,0.59015,0.27608,0.53809,-0.55896505371657,1.02580269292,0
"CDK12",-1.18782584999723,-0.869549232552879,1.39465965176441e-06,1.61161607764045e-05,5.85553176328277,5.85553176328277,-1.7464,0.0011076,0.014451,2.95561705292646,-1.4272,0.0011076,0.014451,2.95561705292646,1.02577267031,1
"CDK2",-0.527209158717419,-0.207205550669603,0.00308691699186251,0.0198386834113881,2.5104750486717,2.5104750486717,-0.51743,0.024401,0.18429,1.61259237507182,-0.19654,0.024401,0.18429,1.61259237507182,1.02975056327,1
"CDK9",-2.11151437106009,-1.81889704972343,4.92202606103993e-07,6.06542128334341e-06,6.30785609113385,6.30785609113385,-1.9448,0.0032565,0.035792,2.4872489174899,-1.6514,0.0032565,0.035792,2.4872489174899,0.965340111692,1
"CDT1",-0.672955846551613,-0.357775588477832,1.49278451237048e-07,2.00644095534016e-06,6.8260028793766,6.8260028793766,-1.1342,0.021673,0.16852,1.66408096900929,-0.81814,0.021673,0.16852,1.66408096900929,1.01861304105,1
"CDX2",0.721280567029701,1.05451077080797,0.0109158561414123,0.0569620531304966,-1.96194219647251,-1.96194219647251,0.55934,0.16915,0.46984,-0.771727997876001,0.8935,0.16915,0.46984,-0.771727997876001,1.05985795326,0
"CDX4",0.283325006313821,0.509686909385145,0.0565343189870574,0.19536077360326,-1.24768783497865,-1.24768783497865,0.34724,0.12217,0.45798,-0.913035426122949,0.57424,0.12217,0.45798,-0.913035426122949,0.796473220463,0
"CEACAM7",0.0437949849063381,0.361111623551307,0.24290218377931,0.492269052971471,-0.614568580711376,-0.614568580711376,-0.1234,0.71836,0.85121,0.143657858221206,0.19481,0.71836,0.85121,-0.143657858221206,1.02355673479,0
"CEBPE",-0.0786962369489429,0.151683235160759,0.713699159357359,0.860364303008719,0.14648481478388,-0.14648481478388,-0.19762,0.48937,0.69769,0.310362657856735,0.033405,0.48937,0.69769,-0.310362657856735,0.807295566234,1
"CEBPZ",-2.70456415661906,-2.33224181956565,5.32763715268123e-10,1.10321916467168e-08,9.27346536115652,9.27346536115652,-2.3306,1.5731e-05,0.00040187,4.80324366894201,-1.9573,1.5731e-05,0.00040187,4.80324366894201,1.14533730473,1
"CELA2A",0.0546230213723366,0.372912655219361,0.546353145584617,0.754426264918176,-0.262526552164301,-0.262526552164301,0.15202,0.40014,0.63154,-0.397788032197703,0.4712,0.40014,0.63154,-0.397788032197703,1.02580269292,0
"CELA3A",-0.21693830074059,0.101351333106434,0.331412781799808,0.583514075177095,0.479630745892305,-0.479630745892305,-0.15955,0.44594,0.66609,0.350723570484785,0.15963,0.44594,0.66609,-0.350723570484785,1.02580269292,0
"CELA3B",0.21702110869139,0.535310742538414,0.342798601045006,0.594169734449369,-0.46496095909328,-0.46496095909328,0.29107,0.2573,0.52524,-0.589560213789653,0.61025,0.2573,0.52524,-0.589560213789653,1.02580269292,0
"CENPA",-2.48523191573019,-2.11873725728972,5.57407857260025e-10,1.14927037495263e-08,9.25382691373427,9.25382691373427,-1.9712,0.0041754,0.044165,2.37930191312134,-1.6036,0.0041754,0.044165,2.37930191312134,1.13291122865,1
"CENPE",-1.0225577764216,-0.79845924855529,1.97805006969209e-08,3.06373346693881e-07,7.70376271945483,7.70376271945483,-1.0722,0.0015681,0.019349,2.80462624518259,-0.84752,0.0015681,0.019349,2.80462624518259,0.790340300119,1
"CENPF",-0.776547571285137,-0.346997541656858,0.000466632896801339,0.00366574375526675,3.33102464746322,3.33102464746322,-0.66567,0.016888,0.13949,1.7724217797004,-0.23492,0.016888,0.13949,1.7724217797004,1.26199119289,1
"CENPI",-1.6628372928611,-1.43647538978978,1.79643576553207e-06,2.05970466626361e-05,5.74558830708372,5.74558830708372,-1.3872,0.0060046,0.059922,2.22151591808269,-1.1602,0.0060046,0.059922,2.22151591808269,0.796473220463,1
"CENPJ",-0.262695161359315,0.070535042418956,0.0423018030942057,0.159627712248678,1.37364112063502,-1.37364112063502,-0.30655,0.12676,0.45798,0.897017769481737,0.027616,0.12676,0.45798,-0.897017769481737,1.05985795326,1
"CENPK",-3.46166246580641,-3.1354899613256,5.78918625295541e-08,8.28208958478568e-07,7.23738247784215,7.23738247784215,-2.6237,9.2032e-06,0.00025679,5.03606113996925,-2.2966,9.2032e-06,0.00025679,5.03606113996925,1.04387089653,1
"CENPL",-2.50796522036297,-2.07679241997842,4.03431815671373e-10,8.60579496978455e-09,9.39422985519201,9.39422985519201,-2.4039,1.5003e-06,5.6449e-05,5.82382189073267,-1.9715,1.5003e-06,5.6449e-05,5.82382189073267,1.26516537946,1
"CENPM",-2.99340389531936,-2.78719848704787,1.08256745549325e-13,6.50663892353539e-12,12.9655450329554,12.9655450329554,-2.4081,4.9775e-06,0.0001527,5.30298873130055,-2.2013,4.9775e-06,0.0001527,5.30298873130055,0.740916278882,1
"CENPN",-1.86511055966654,-1.54993030159276,1.94602100282153e-08,3.02392678267706e-07,7.71085247683217,7.71085247683217,-2.0748,0.00066328,0.0093629,3.17830309786307,-1.7588,0.00066328,0.0093629,3.17830309786307,1.01861304105,1
"CENPO",-0.153092102337625,0.213402556102841,0.579117657589869,0.776371564950205,0.237233193006648,-0.237233193006648,-0.12212,0.48972,0.69793,0.310052159179104,0.2454,0.48972,0.69793,-0.310052159179104,1.13291122865,1
"CENPP",-0.208083118453881,0.109148631951642,0.58276846727627,0.779021801304473,0.234503955286403,-0.234503955286403,-0.23236,0.56619,0.75212,0.247037805375669,0.085755,0.56619,0.75212,-0.247037805375669,1.02336062192,1
"CENPQ",-0.599691317084962,-0.361261746771181,0.000295179531814857,0.0024058705294573,3.5299137604264,3.5299137604264,-0.59694,0.029177,0.21212,1.53495936461615,-0.35784,0.029177,0.21212,1.53495936461615,0.828739266687,1
"CENPT",-0.583850508553957,-0.268670250480176,0.00102214020218328,0.00751390987858806,2.99048952997584,2.99048952997584,-0.59082,0.014704,0.1248,1.83256450595796,-0.27476,0.014704,0.1248,1.83256450595796,1.01861304105,1
"CENPW",-2.50071536721043,-2.26228579689665,1.44745772738399e-13,8.23370819746733e-12,12.8393941108696,12.8393941108696,-2.4478,2.9097e-08,2.4607e-06,7.53615178594912,-2.2087,2.9097e-08,2.4607e-06,7.53615178594912,0.828739266687,1
"CEP152",-0.332534375926564,-0.0173713762192517,0.00427385369903527,0.0263929453149147,2.36918034852412,2.36918034852412,-0.5038,0.062405,0.37401,1.20478061247437,-0.18776,0.062405,0.37401,1.20478061247437,1.01857303525,1
"CEP192",-1.23195817942548,-1.00645853296454,2.89056029443252e-07,3.69794370197381e-06,6.53901796721043,6.53901796721043,-1.1525,0.00072056,0.010045,3.1423298502643,-0.92636,0.00072056,0.010045,3.1423298502643,0.794139893033,1
"CEP57",-1.60458413434198,-1.27253605086211,2.5549420831779e-08,3.87868213151542e-07,7.59261894024212,7.59261894024212,-1.4009,0.00030122,0.0047476,3.52111619581372,-1.0679,0.00030122,0.0047476,3.52111619581372,1.05719254283,1
"CEP85",-1.10950837736479,-0.791218743517766,3.64123968899717e-08,5.36998566171318e-07,7.43875073216667,7.43875073216667,-1.1534,0.0003406,0.005284,3.46775535637342,-0.83421,0.0003406,0.005284,3.46775535637342,1.02580269292,1
"CEP97",-1.1844794049491,-0.858817228085574,3.35065324058935e-05,0.000322138004966722,4.47487051501489,4.47487051501489,-0.89297,0.029518,0.21374,1.52991307159117,-0.5664,0.029518,0.21374,1.52991307159117,1.04270800831,1
"CER1",-0.0438264809779142,0.399179805542976,0.933164542489613,0.969482736348534,0.0300417714788612,-0.0300417714788612,0.11547,0.62009,0.7865,-0.207545272329614,0.55971,0.62009,0.7865,-0.207545272329614,1.2881032575,0
"CETN1",-0.411647039362358,-0.18614739290142,0.170658412442798,0.399827682890317,0.767872298727634,0.767872298727634,-0.26882,0.076238,0.42266,1.11782850534398,-0.042685,0.076238,0.42266,1.11782850534398,0.794139893033,0
"CFDP1",-1.094405057365,-0.779224799291219,1.88152797687645e-05,0.000186716740509032,4.7254893196706,4.7254893196706,-1.0487,0.0070381,0.068284,2.15254456683591,-0.73267,0.0070381,0.068284,2.15254456683591,1.01861304105,1
"CFHR2",-0.419159705373132,0.0480159741550957,0.0745596575887469,0.235819747723601,1.12749609512375,-1.12749609512375,-0.3612,0.085997,0.44531,1.06551669882819,0.10728,0.085997,0.44531,-1.06551669882819,1.52256262186,0
"CFHR5",-0.402501054472052,0.0646746250561757,0.0354996671821732,0.140302965023341,1.44977571853993,-1.44977571853993,-0.53623,0.024824,0.18695,1.60512823742389,-0.067752,0.024824,0.18695,1.60512823742389,1.52256262186,0
"CHAF1A",-1.80498404362527,-1.4992866670036,5.18327962268739e-09,8.91701380993916e-08,8.2853953616188,8.2853953616188,-1.9107,2.2071e-05,0.00053466,4.65617798923784,-1.6042,2.2071e-05,0.00053466,4.65617798923784,0.996462348026,1
"CHAF1B",-3.2658133389331,-3.0437346167998,2.0497017532807e-10,4.70918423292113e-09,9.6883093273967,9.6883093273967,-3.3396,2.4022e-09,3.6399e-07,8.61939083736589,-3.1169,2.4022e-09,3.6399e-07,8.61939083736589,0.784845263169,1
"CHAT",0.15796765128151,0.376079201636002,0.828323454181168,0.919793205776969,-0.0818000413125128,-0.0818000413125128,0.025466,0.92354,0.96437,-0.034544289825179,0.24419,0.92354,0.96437,-0.034544289825179,0.773990956641,0
"CHD1",-1.2438237688954,-0.917651264414593,7.78674806984041e-11,1.99501495789356e-09,10.1086438761126,10.1086438761126,-1.2614,0.00074626,0.010336,3.12710983621002,-0.93431,0.00074626,0.010336,3.12710983621002,1.04387089653,1
"CHD4",-2.48299522153733,-2.16299161348951,2.01054118433832e-16,3.04979949652844e-14,15.6966870262926,15.6966870262926,-2.2622,1.7774e-05,0.00044464,4.75021482416775,-1.9413,1.7774e-05,0.00044464,4.75021482416775,1.02975056327,1
"CHEK1",-3.32305488137797,-2.98655612531759,3.97588063699371e-07,4.97323341720293e-06,6.40056666237158,6.40056666237158,-2.4235,3.6475e-05,0.00080949,4.43800469943451,-2.086,3.6475e-05,0.00080949,4.43800469943451,1.06720226046,1
"CHERP",-1.56755058047725,-1.15556090845024,2.39268483427626e-10,5.41841057316613e-09,9.62111450312034,9.62111450312034,-1.5686,0.00012688,0.0022749,3.89660683002647,-1.1555,0.00012688,0.0022749,3.89660683002647,1.22718838396,1
"CHMP2A",-2.07086418517618,-1.74035092090832,2.9401644547726e-08,4.39713327261884e-07,7.53162837713792,7.53162837713792,-1.9583,1.5347e-05,0.00039373,4.81397650688255,-1.6269,1.5347e-05,0.00039373,4.81397650688255,1.05372451338,1
"CHMP3",-1.54579725175365,-1.17347491470024,1.95899821363962e-09,3.67081694679353e-08,8.70796596002712,8.70796596002712,-1.2595,0.0013979,0.017612,2.85452389511504,-0.88613,0.0013979,0.017612,2.85452389511504,1.14533730473,1
"CHMP4B",-2.18212439509182,-1.86233675668268,2.68942017357936e-10,5.9980032412628e-09,9.57034134176641,9.57034134176641,-2.4882,8.6124e-06,0.00024172,5.06487580772006,-2.1675,8.6124e-06,0.00024172,5.06487580772006,1.02925370559,1
"CHMP6",-1.56328755620908,-1.24869835000635,3.43152251443181e-10,7.40256092757734e-09,9.46451314733096,9.46451314733096,-1.7135,0.00032291,0.0050443,3.49091850537748,-1.3981,0.00032291,0.0050443,3.49091850537748,1.0172423198,1
"CHRNA6",-0.375578589075695,-0.161002819648189,0.0728432718047902,0.23227451685101,1.13761055580882,1.13761055580882,-0.39378,0.18871,0.47803,0.724205085368997,-0.1786,0.18871,0.47803,0.724205085368997,0.764247638684,0
"CHRNB3",-0.1516888877269,0.062886881700606,0.281539084971238,0.534205949672915,0.550461305221035,-0.550461305221035,-0.1704,0.44968,0.66871,0.347096427715119,0.04478,0.44968,0.66871,-0.347096427715119,0.764247638684,0
"CIAO1",-2.75809910441243,-2.5113290777447,1.58267386514041e-12,6.51932016905791e-11,11.8006085691315,11.8006085691315,-2.5349,1.1255e-06,4.4637e-05,5.94865450066346,-2.2875,1.1255e-06,4.4637e-05,5.94865450066346,0.850625268501,1
"CINP",-1.8506948775928,-1.6203154054831,4.26468468899774e-13,2.08467822150419e-11,12.3701130730288,12.3701130730288,-2.1223,4.0607e-05,0.00088297,4.39139909451815,-1.8913,4.0607e-05,0.00088297,4.39139909451815,0.807295566234,1
"CKAP5",-2.86099707801493,-2.52894899453506,4.23007709261041e-13,2.07306316592468e-11,12.3736517175918,12.3736517175918,-2.4881,1.973e-08,1.8395e-06,7.70487291474781,-2.1552,1.973e-08,1.8395e-06,7.70487291474781,1.05719254283,1
"CLASRP",-0.856359953061855,-0.539043314416886,0.00917251238028392,0.0496256024528454,2.03751169339754,2.03751169339754,-0.6633,0.034054,0.23712,1.4678318683063,-0.3451,0.034054,0.23712,1.4678318683063,1.02355673479,1
"CLCA1",0.449877495077459,0.678305759332409,0.232878979824732,0.48068504517787,-0.632869710083244,-0.632869710083244,0.28485,0.26558,0.53002,-0.575804633433099,0.51391,0.26558,0.53002,-0.575804633433099,0.802049629625,0
"CLDN17",0.330630498338066,0.552709220471368,0.0693482597505556,0.224576971977697,-1.15896443279133,-1.15896443279133,0.37359,0.069607,0.39988,-1.15734708354307,0.59629,0.069607,0.39988,-1.15734708354307,0.784845263169,0
"CLEC2A",-0.235076962905595,0.0849266451422207,0.226151541759628,0.472700689504913,0.645600447160086,-0.645600447160086,-0.1396,0.26836,0.5324,0.571282216796168,0.1813,0.26836,0.5324,-0.571282216796168,1.02975056327,0
"CLEC3A",0.3810996262081,0.696279884281881,0.210022751504332,0.45292841489734,-0.677733656134764,-0.677733656134764,0.35232,0.18967,0.47856,-0.722001355799712,0.66838,0.18967,0.47856,-0.722001355799712,1.01861304105,0
"CLEC6A",-0.0671523761235662,0.25285123192425,0.981069140985481,0.992403556610003,0.00830038457688614,-0.00830038457688614,0.05247,0.73665,0.8623,-0.132738806812715,0.37337,0.73665,0.8623,-0.132738806812715,1.02975056327,0
"CLNS1A",-3.86654185169416,-3.53449376821429,3.68330796009629e-12,1.29648370241842e-10,11.4337619684166,11.4337619684166,-3.4616,1.0006e-09,1.9376e-07,8.99973950145261,-3.1286,1.0006e-09,1.9376e-07,8.99973950145261,1.05719254283,1
"CLP1",-3.73331293136539,-3.40126484788552,2.85639112871119e-12,1.05558205703274e-10,11.5441823244132,11.5441823244132,-3.7401,3.4054e-13,5.917e-10,12.4678318683063,-3.4071,3.4054e-13,5.917e-10,12.4678318683063,1.05719254283,1
"CLRN1",-0.429024635652848,-0.103362458789322,0.104277482870791,0.293552688252205,0.981809460707772,0.981809460707772,-0.35207,0.14327,0.46139,0.843844739110313,-0.025498,0.14327,0.46139,0.843844739110313,1.04270800831,0
"CLTC",-2.53869408710888,-2.22410488090615,4.30964334949547e-12,1.48951561191514e-10,11.3655586689936,11.3655586689936,-2.4129,7.4586e-06,0.00021341,5.1273426831619,-2.0974,7.4586e-06,0.00021341,5.1273426831619,1.0172423198,1
"CNBD1",-0.101976218423521,0.223539491434332,0.496499925909135,0.720546931199795,0.304080811976769,-0.304080811976769,-0.076016,0.81482,0.90956,0.088938319653417,0.25041,0.81482,0.90956,-0.088938319653417,1.04237407941,0
"CNBP",-0.356198558917739,-0.0305363820542132,0.0415517448739966,0.157668949727357,1.38141073425683,1.38141073425683,-0.28646,0.10507,0.45798,0.978521267742473,0.040111,0.10507,0.45798,-0.978521267742473,1.04270800831,1
"CNGA2",0.377345472598717,0.599668158889622,0.650196695014359,0.822885010714438,-0.186955242377073,-0.186955242377073,0.1718,0.39894,0.63021,-0.399092416664966,0.39474,0.39894,0.63021,-0.399092416664966,0.785510098849,0
"CNGB3",-0.13494139259117,0.190574317266683,0.793021934052686,0.902418922692842,0.10071480044241,-0.10071480044241,0.073494,0.68342,0.82751,-0.165312315905207,0.39992,0.68342,0.82751,-0.165312315905207,1.04237407941,0
"CNOT1",-1.58427776835543,-1.26909751028165,2.08416036779659e-06,2.36126598160617e-05,5.68106886686506,5.68106886686506,-1.1709,0.00079136,0.010843,3.1016259053188,-0.85483,0.00079136,0.010843,3.1016259053188,1.01861304105,1
"CNOT2",0.0493558596495881,0.369359467697404,0.903635953417511,0.957117981583203,-0.0440064979152445,-0.0440064979152445,-0.0020467,0.99354,0.99594,0.00281464347155224,0.31885,0.99354,0.99594,-0.00281464347155224,1.02975056327,1
"CNOT3",-0.882819431023453,-0.565502792378484,0.000829576476533811,0.00619121249355358,3.08114357129645,3.08114357129645,-1.4746,0.10923,0.45798,0.961658066346394,-1.1564,0.10923,0.45798,0.961658066346394,1.02355673479,1
"CNPY1",0.125898884228112,0.49402654884194,0.474840418773412,0.703373240642968,-0.323452320671223,-0.323452320671223,0.16515,0.34086,0.58719,-0.467423960339098,0.53431,0.34086,0.58719,-0.467423960339098,1.13640401541,0
"CNTNAP5",0.289015161054217,0.535785187721943,0.0247067862258487,0.106716566132123,-1.60718374246322,-1.60718374246322,0.38633,0.14272,0.46123,-0.845515162967952,0.63379,0.14272,0.46123,-0.845515162967952,0.850625268501,0
"COA3",-0.863701510814763,-0.545424893370412,0.00210119571042944,0.0142512965271249,2.67753349447597,2.67753349447597,-0.7103,0.0051142,0.052412,2.29122229210985,-0.39113,0.0051142,0.052412,2.29122229210985,1.02577267031,1
"COA5",-1.7744616919977,-1.52769166532997,5.8734667657456e-08,8.39010241357965e-07,7.23110548430389,7.23110548430389,-1.5778,0.0017115,0.020902,2.7666230965261,-1.3304,0.0017115,0.020902,2.7666230965261,0.850625268501,1
"COASY",-2.75689077088205,-2.4386141534377,5.00594602972899e-16,6.64435044904237e-14,15.3005138369326,15.3005138369326,-2.4139,3.0078e-06,0.00010157,5.5217510450033,-2.0947,3.0078e-06,0.00010157,5.5217510450033,1.02577267031,1
"COG2",-1.62570377945287,-1.19615374982459,3.17226986060442e-12,1.15488750182347e-10,11.4986298749527,11.4986298749527,-1.5425,1.1517e-05,0.00030969,4.93866063316293,-1.1117,1.1517e-05,0.00030969,4.93866063316293,1.26199119289,1
"COG3",-2.43677629591055,-2.10249232662598,1.22100645431963e-18,4.24310842934747e-16,17.9132820403401,17.9132820403401,-2.4554,1.4937e-08,1.4566e-06,7.82573661900488,-2.1202,1.4937e-08,1.4566e-06,7.82573661900488,1.06222980875,1
"COG4",-2.01770306004575,-1.70252280197197,1.92939847990046e-12,7.69866245226251e-11,11.7145780679757,11.7145780679757,-1.989,1.6333e-05,0.00041569,4.78693403793428,-1.6729,1.6333e-05,0.00041569,4.78693403793428,1.01861304105,1
"COG8",-1.61026095489131,-1.29508069681753,7.41725560326031e-08,1.03934022247151e-06,7.12975675467126,7.12975675467126,-1.5678,0.00033459,0.0052034,3.47548704307989,-1.2518,0.00033459,0.0052034,3.47548704307989,1.01861304105,1
"COL20A1",0.15204918310105,0.551945549294295,0.543362855298474,0.752303547170826,-0.264910053607273,-0.264910053607273,-0.095454,0.78124,0.88886,0.107215528652814,0.30556,0.78124,0.88886,-0.107215528652814,1.20272299885,0
"COL9A3",0.0637175889121849,0.46361395510543,0.986626879191248,0.994850938643225,-0.00584705700136356,-0.00584705700136356,0.054743,0.63194,0.79385,-0.199324154163671,0.45576,0.63194,0.79385,-0.199324154163671,1.20272299885,1
"COMTD1",0.385532342636614,0.603643892991106,0.0186370021644231,0.0863327732352444,-1.72962394435084,-1.72962394435084,0.48233,0.10723,0.45798,-0.969683694011415,0.70105,0.10723,0.45798,-0.969683694011415,0.773990956641,1
"COPA",-3.61159753493487,-3.1879583110684,1.37173271311811e-13,7.92082397154876e-12,12.8627305041734,12.8627305041734,-3.4726,2.5298e-11,1.2724e-08,10.5969138117608,-3.0478,2.5298e-11,1.2724e-08,10.5969138117608,1.25037007804,1
"COPB1",-2.15926106773139,-1.93614055239857,8.47620744963958e-13,3.81190007023438e-11,12.0717984227575,12.0717984227575,-2.0754,3.3256e-05,0.00074955,4.47812998850184,-1.8516,3.3256e-05,0.00074955,4.47812998850184,0.787682155269,1
"COPB2",-2.35291945792149,-2.02725728105796,3.18187237717628e-09,5.71570740084307e-08,8.49731724360824,8.49731724360824,-2.329,2.0223e-06,7.2791e-05,5.69415441814155,-2.0025,2.0223e-06,7.2791e-05,5.69415441814155,1.04270800831,1
"COPE",-0.143503040366766,0.268486631660245,0.16652466707308,0.394339666330946,0.778521425939945,-0.778521425939945,-0.28481,0.30077,0.55697,0.521765484184815,0.12833,0.30077,0.55697,-0.521765484184815,1.22718838396,1
"COPG1",-1.74303658909256,-1.41737441222903,3.40197716777714e-12,1.21309682103964e-10,11.4682686054623,11.4682686054623,-1.5228,6.2171e-05,0.0012508,4.20641214709237,-1.1962,6.2171e-05,0.0012508,4.20641214709237,1.04270800831,1
"COPS3",-1.24019455027731,-0.921917932832959,3.65470493206083e-08,5.38568815470152e-07,7.43714768068989,7.43714768068989,-1.1577,0.0059674,0.059652,2.22421485004422,-0.83855,0.0059674,0.059652,2.22421485004422,1.02577267031,1
"COPS4",-2.43382130167401,-2.27217548499832,1.83317861223604e-09,3.45802212048948e-08,8.73679521832778,8.73679521832778,-2.991,5.5404e-09,6.7449e-07,8.25645887940123,-2.8289,5.5404e-09,6.7449e-07,8.25645887940123,0.609931911609,1
"COPS5",-2.84970782019449,-2.52419211033664,4.68428911546745e-08,6.7980879167752e-07,7.32935630801103,7.32935630801103,-2.102,4.567e-05,0.00096781,4.340368988393,-1.7756,4.567e-05,0.00096781,4.340368988393,1.04237407941,1
"COPS6",-2.61049703686425,-2.28428315610404,5.13247365950814e-15,4.90484845270895e-13,14.2896732708048,14.2896732708048,-2.7434,1.1257e-06,4.4637e-05,5.94857733391097,-2.4163,1.1257e-06,4.4637e-05,5.94857733391097,1.04396513997,1
"COPZ1",-2.70906948740735,-2.38906587935953,5.00250312766305e-12,1.70129612596128e-10,11.3008126311622,11.3008126311622,-2.1369,1.1231e-06,4.4637e-05,5.94958157275486,-1.816,1.1231e-06,4.4637e-05,5.94958157275486,1.02975056327,1
"COQ2",-0.0357271520571107,0.125918664618583,0.718148636058935,0.863106010249288,0.143785660020146,-0.143785660020146,-0.025303,0.90195,0.9538,0.0448175370988196,0.13679,0.90195,0.9538,-0.0448175370988196,0.609931911609,1
"COQ5",-0.526548148615343,-0.206544540567527,0.00244039525742359,0.0162181065907987,2.61253982767111,2.61253982767111,-0.75295,0.030336,0.21773,1.51804168434203,-0.43205,0.030336,0.21773,1.51804168434203,1.02975056327,1
"COX10",-0.665844450289235,-0.347567832844884,9.69770388359583e-05,0.000862504487329768,4.01333108106641,4.01333108106641,-0.76832,0.03868,0.2616,1.41251353458904,-0.44915,0.03868,0.2616,1.41251353458904,1.02577267031,1
"COX15",-2.79720017147871,-2.47149848915251,1.65519089491582e-09,3.15410404531666e-08,8.78115191135796,8.78115191135796,-2.5834,1.4834e-05,0.0003821,4.82874172532422,-2.2568,1.4834e-05,0.0003821,4.82874172532422,1.04279806325,1
"COX4I1",-2.08567424088845,-1.77049398281467,1.65208651253696e-08,2.59673762451635e-07,7.78196721431972,7.78196721431972,-2.027,0.0002249,0.0036739,3.64801054456437,-1.711,0.0002249,0.0036739,3.64801054456437,1.01861304105,1
"COX5B",-1.0168372461843,-0.770067219516574,1.09161270871027e-05,0.000111572158831975,4.96193141685464,4.96193141685464,-1.138,0.0021351,0.025128,2.67058177945341,-0.89053,0.0021351,0.025128,2.67058177945341,0.850625268501,1
"COX6B1",-1.52672674142886,-1.20941010278389,5.53268691759369e-08,7.94487190503142e-07,7.25706390484612,7.25706390484612,-1.6057,0.00012087,0.0021898,3.91768147789196,-1.2875,0.00012087,0.0021898,3.91768147789196,1.02355673479,1
"COX7B2",0.536581833932316,0.870294436746738,0.00558628320489242,0.0331379984156142,-2.25287705087556,-2.25287705087556,0.5869,0.12127,0.45798,-0.916246622429989,0.92154,0.12127,0.45798,-0.916246622429989,1.06094423934,0
"CPOX",-0.170703905324128,0.154958271539398,0.978069750582699,0.991295319911291,0.00963017260195922,-0.00963017260195922,0.053497,0.81389,0.90901,-0.0894342875200919,0.38007,0.81389,0.90901,-0.0894342875200919,1.04270800831,1
"CPSF1",-1.83960991403364,-1.53764201899789,1.17462649887376e-11,3.6386768675809e-10,10.9301002059579,10.9301002059579,-1.7216,0.00023527,0.003827,3.62843344751627,-1.4188,0.00023527,0.003827,3.62843344751627,0.987656758422,1
"CPSF2",-3.62260701628516,-3.39222754417546,4.72505949409735e-10,9.91328892543169e-09,9.32559271883821,9.32559271883821,-3.3184,1.6724e-06,6.1948e-05,5.77665984112162,-3.0874,1.6724e-06,6.1948e-05,5.77665984112162,0.807295566234,1
"CPSF3",-3.31739331329476,-2.95089865485429,3.82081122144736e-10,8.19609033395325e-09,9.41784441939326,9.41784441939326,-3.2087,5.7206e-08,4.0198e-06,7.24255841823084,-2.8412,5.7206e-08,4.0198e-06,7.24255841823084,1.13291122865,1
"CPSF4",-2.20082406839763,-1.87461018763742,1.26415593858138e-06,1.47148675116358e-05,5.89819935082557,5.89819935082557,-1.8378,0.00011676,0.0021335,3.93270591368402,-1.5107,0.00011676,0.0021335,3.93270591368402,1.04396513997,1
"CPSF6",-0.626509270235975,-0.306505662188159,0.0183820737911606,0.085441774409157,1.7356054948404,1.7356054948404,-0.82991,0.43685,0.65871,0.35966765995222,-0.50901,0.43685,0.65871,0.35966765995222,1.02975056327,1
"CPXCR1",0.0297916660292984,0.256153569100623,0.806161230735421,0.908857776275738,-0.0935780914255004,-0.0935780914255004,0.093955,0.46497,0.67912,-0.332575067012756,0.32095,0.46497,0.67912,-0.332575067012756,0.796473220463,0
"CRCP",-1.95148510714731,-1.6252712263871,1.19298127242504e-09,2.32430693780425e-08,8.92336637388733,8.92336637388733,-2.059,0.00027999,0.0044671,3.55285747945197,-1.7319,0.00027999,0.0044671,3.55285747945197,1.04396513997,1
"CRIPT",-0.742439902157273,-0.370117565103859,0.0208201807608368,0.0937686239827398,1.68151550426385,1.68151550426385,-0.57971,0.084234,0.4423,1.07451257557962,-0.20634,0.084234,0.4423,1.07451257557962,1.14533730473,1
"CRKL",-0.0406230711505337,0.172740691440491,0.113012335831762,0.307844308392384,0.946874148629312,-0.946874148629312,-0.3187,0.22906,0.50497,0.640050743617134,-0.10473,0.22906,0.50497,0.640050743617134,0.760892590018,1
"CRLS1",-1.24034559092522,-0.920557952516081,1.7103077379178e-07,2.27957543896952e-06,6.76692573940022,6.76692573940022,-1.4085,0.0012688,0.016254,2.89660683002647,-1.0878,0.0012688,0.016254,2.89660683002647,1.02925370559,1
"CRNKL1",-2.01964992693632,-1.69986228852718,1.52251758235764e-11,4.56826978832048e-10,10.8174376833409,10.8174376833409,-2.1968,3.6383e-06,0.00011847,5.43910149357026,-1.8761,3.6383e-06,0.00011847,5.43910149357026,1.02925370559,1
"CRNN",-0.229117180844354,0.194522043022111,0.141094632152352,0.355864569058843,0.850489508364415,-0.850489508364415,-0.22635,0.15158,0.46336,0.819358097270168,0.19848,0.15158,0.46336,-0.819358097270168,1.25037007804,0
"CRX",0.472089391016527,0.789406029661496,0.0444809019030786,0.165535554038928,-1.35182641550066,-1.35182641550066,0.44122,0.25985,0.52679,-0.585277278841122,0.75942,0.25985,0.52679,-0.585277278841122,1.02355673479,0
"CRYGB",0.497201654891093,0.745522293290459,0.0371879771919937,0.145352516987848,-1.42959744407306,-1.42959744407306,0.39071,0.17431,0.4716,-0.758677697111227,0.63972,0.17431,0.4716,-0.758677697111227,0.85465784459,0
"CSE1L",-3.22544726242082,-2.80366565893453,5.35148395965538e-13,2.55707282302233e-11,12.271525771974,12.271525771974,-2.6469,9.7156e-08,5.9138e-06,7.01253037379371,-2.2239,9.7156e-08,5.9138e-06,7.01253037379371,1.24669843105,1
"CSH1",-0.235673023447455,0.0789161827552709,0.117547110459631,0.315633313039466,0.929788042224806,-0.929788042224806,-0.28878,0.16195,0.46744,0.790619047653804,0.026693,0.16195,0.46744,-0.790619047653804,1.0172423198,0
"CSHL1",-0.648156659650521,-0.333567453447795,0.0025730754269354,0.0169583415982815,2.58954748272797,2.58954748272797,-0.75811,0.027384,0.20146,1.56250311387018,-0.44264,0.027384,0.20146,1.56250311387018,1.0172423198,0
"CSN2",0.608620906596822,0.839454816124692,0.0959579496461679,0.278730135499575,-1.01791904026724,-1.01791904026724,0.52533,0.17231,0.47088,-0.763689517567669,0.75681,0.17231,0.47088,-0.763689517567669,0.808514614036,0
"CSN3",0.407281072359081,0.638114981886951,0.0197303707654862,0.0899269397964987,-1.70486475357742,-1.70486475357742,0.44208,0.069072,0.39809,-1.16069796868781,0.67356,0.069072,0.39809,-1.16069796868781,0.808514614036,0
"CSNK1A1",-2.48732743569971,-2.1611549312189,0.000495348681246551,0.00387222877082426,3.30508898888039,3.30508898888039,-2.2863,0.0016793,0.020548,2.77487171201791,-1.9592,0.0016793,0.020548,2.77487171201791,1.04387089653,1
"CSNK2B",-3.1335841102181,-2.89515453990432,9.99291737549094e-13,4.36060798625019e-11,12.0003077034544,12.0003077034544,-3.1179,3.1211e-10,8.522e-08,9.50569231632267,-2.8788,3.1211e-10,8.522e-08,9.50569231632267,0.828739266687,1
"CST11",-0.330649692531726,-0.0108620541225866,0.201073901459717,0.44173856075857,0.696644295328574,0.696644295328574,-0.24933,0.14037,0.4612,0.852725700088157,0.071354,0.14037,0.4612,-0.852725700088157,1.02925370559,0
"CST4",0.435178506438316,0.754966144847455,0.0755995550694663,0.237808338972526,-1.12148076047028,-1.12148076047028,0.30601,0.1793,0.47365,-0.746419710437817,0.62669,0.1793,0.47365,-0.746419710437817,1.02925370559,0
"CST5",0.401098097821462,0.720885736230601,0.0236035776600316,0.103210976851106,-1.6270221648159,-1.6270221648159,0.53537,0.09938,0.45798,-1.00270100759049,0.85605,0.09938,0.45798,-1.00270100759049,1.02925370559,0
"CST8",0.129359414212856,0.449147052621995,0.918849736284911,0.963197225339412,-0.0367555049773602,-0.0367555049773602,0.058115,0.80285,0.90189,-0.0953655882922939,0.3788,0.80285,0.90189,-0.0953655882922939,1.02925370559,0
"CST9",0.339280539949735,0.659068178358874,0.372312050083695,0.620740133994813,-0.42909290737504,-0.42909290737504,0.22133,0.094265,0.45763,-1.02564952813655,0.54201,0.094265,0.45763,-1.02564952813655,1.02925370559,0
"CST9L",0.185311456612592,0.505099095021731,0.487365269680903,0.713958181912401,-0.312145422470437,-0.312145422470437,0.20917,0.38659,0.62117,-0.412749384143442,0.52985,0.38659,0.62117,-0.412749384143442,1.02925370559,0
"CSTF1",-1.60506067428849,-1.1832790708022,0.000228433429327228,0.0019074041654571,3.64124034039996,3.64124034039996,-1.7647,0.023197,0.17766,1.63456817750958,-1.3418,0.023197,0.17766,1.63456817750958,1.24669843105,1
"CSTF3",-2.17348847222731,-1.84144038874744,2.0784273030343e-13,1.14152244376134e-11,12.6822651611713,12.6822651611713,-2.2994,2.5185e-05,0.00059209,4.59885804480627,-1.9664,2.5185e-05,0.00059209,4.59885804480627,1.05719254283,1
"CSTL1",0.410719784148312,0.730507422557451,0.0976065774842865,0.281635645449452,-1.01052091523413,-1.01052091523413,0.31786,0.15579,0.46507,-0.807460422685281,0.63854,0.15579,0.46507,-0.807460422685281,1.02925370559,0
"CT45A2",0.0920247697938523,0.318200820197188,0.279276952537621,0.531867317043797,-0.553964903177393,-0.553964903177393,0.2121,0.43845,0.66001,-0.358079925586882,0.43891,0.43845,0.66001,-0.358079925586882,0.795970608931,0
"CT45A3",-0.84061878069001,-0.614442730286674,0.00122528665009584,0.00881072375593747,2.91176229824497,2.91176229824497,-0.67266,0.025514,0.19086,1.59322144880903,-0.44585,0.025514,0.19086,1.59322144880903,0.795970608931,0
"CT45A5",-1.12681720406279,-0.900641153659454,2.54605206331667e-09,4.67461028685605e-08,8.59413271985756,8.59413271985756,-1.2071,0.00097523,0.013007,3.01089294742858,-0.98032,0.00097523,0.013007,3.01089294742858,0.795970608931,0
"CT47A11",-0.219233091009978,0.00694295939335798,0.526639281120976,0.742276048362176,0.278486750741069,-0.278486750741069,-0.020209,0.9315,0.96863,0.0308171407677386,0.2066,0.9315,0.96863,-0.0308171407677386,0.795970608931,0
"CT62",0.229135525058289,0.544298524765601,0.366313772623024,0.616399055523479,-0.436146752474588,-0.436146752474588,0.27715,0.28129,0.54157,-0.550845706946122,0.5932,0.28129,0.54157,-0.550845706946122,1.01857303525,1
"CTC1",-1.69895447784015,-1.3806778603958,1.29634485163544e-12,5.48164582949296e-11,11.8872794527554,11.8872794527554,-1.7014,2.1863e-05,0.00053029,4.66029024522017,-1.3822,2.1863e-05,0.00053029,4.66029024522017,1.02577267031,1
"CTCF",-1.36693542850774,-1.05175517043396,5.3351412590742e-06,5.69349831851955e-05,5.2728540772284,5.2728540772284,-1.2617,0.016881,0.13949,1.77260183012634,-0.94566,0.016881,0.13949,1.77260183012634,1.01861304105,1
"CTCFL",-0.288922088644869,0.132859514841425,0.837195730050861,0.924732784448028,0.0771729953597225,-0.0771729953597225,0.013516,0.93822,0.97151,-0.0276953134512575,0.43648,0.93822,0.97151,-0.0276953134512575,1.24669843105,0
"CTDNEP1",-1.4968631463554,-1.17858652891105,9.66240609534797e-13,4.26507084758397e-11,12.0149147137691,12.0149147137691,-1.7138,2.5618e-05,0.00060079,4.59145477868455,-1.3946,2.5618e-05,0.00060079,4.59145477868455,1.02577267031,1
"CTDP1",-2.51427370691731,-2.28877406045637,1.68136113888707e-08,2.63624737059463e-07,7.7743389946029,7.7743389946029,-2.3666,0.00011369,0.0020814,3.94427773351642,-2.1405,0.00011369,0.0020814,3.94427773351642,0.794139893033,1
"CTNNBL1",-2.38179183831073,-1.96001023482444,9.18983200743035e-11,2.30505589446216e-09,10.0366924275598,10.0366924275598,-2.1788,1.9343e-05,0.00047766,4.71347616818449,-1.7558,1.9343e-05,0.00047766,4.71347616818449,1.24669843105,1
"CTPS1",-1.18349485071912,-0.865205216872096,3.62522304583488e-07,4.56148045260316e-06,6.44066526782532,6.44066526782532,-1.0231,0.0055673,0.05636,2.25435537563322,-0.70391,0.0055673,0.05636,2.25435537563322,1.02580269292,1
"CTR9",-1.83467588145119,-1.61155536611837,1.15261451391825e-07,1.56908270687461e-06,6.93831591601016,6.93831591601016,-1.6382,0.00030155,0.0047476,3.52064066719303,-1.4144,0.00030155,0.0047476,3.52064066719303,0.787682155269,1
"CTRB1",-0.163395567751622,0.151784690322159,0.919424286578825,0.963335767444866,0.0364840285519257,-0.0364840285519257,-0.0094234,0.94759,0.97599,0.0233795310726734,0.30664,0.94759,0.97599,-0.0233795310726734,1.01861304105,0
"CTU1",-2.48656595951519,-2.16924932087022,1.28002424148496e-07,1.73511371117036e-06,6.89278180547443,6.89278180547443,-2.1837,1.8191e-05,0.00045449,4.74014342614022,-1.8655,1.8191e-05,0.00045449,4.74014342614022,1.02355673479,1
"CTU2",-2.13957996995351,-1.82439971187973,9.00967243781507e-11,2.26581406978894e-09,10.0452909982591,10.0452909982591,-2.1804,5.116e-05,0.0010652,4.29106946419338,-1.8643,5.116e-05,0.0010652,4.29106946419338,1.01861304105,1
"CUL1",-1.42380728387742,-1.0499571184033,4.93712103222014e-07,6.08010272479533e-06,6.30652622603527,6.30652622603527,-1.1368,0.0067378,0.065872,2.17148188444803,-0.76191,0.0067378,0.065872,2.17148188444803,1.14857738865,1
"CUL2",-1.71142204489724,-1.49331049454275,1.8182042592718e-10,4.22765669190535e-09,9.74035732920447,9.74035732920447,-1.8761,2.0917e-05,0.00050993,4.67950060359413,-1.6574,2.0917e-05,0.00050993,4.67950060359413,0.773990956641,1
"CUL3",-1.02639440141474,-0.778073763015374,2.89715516611722e-08,4.34333901544742e-07,7.53802824418738,7.53802824418738,-1.0851,0.0017585,0.021353,2.75485762734704,-0.83607,0.0017585,0.021353,2.75485762734704,0.85465784459,1
"CWC22",-1.75550200083682,-1.50718136243745,2.0028857101335e-07,2.62920017704544e-06,6.69834383197177,6.69834383197177,-1.6503,0.0062713,0.062105,2.20264242339492,-1.4013,0.0062713,0.062105,2.20264242339492,0.85465784459,1
"CWF19L2",-0.896098773418734,-0.564050689938861,0.00323917531003784,0.0207257769616415,2.48956554654935,2.48956554654935,-0.68355,0.0829,0.44037,1.08144546944973,-0.35057,0.0829,0.44037,1.08144546944973,1.05719254283,1
"CXorf66",0.230262356532166,0.456438406935502,0.443572317997946,0.678159313448724,-0.353035564677668,-0.353035564677668,0.21688,0.21853,0.49805,-0.660488934253692,0.44369,0.21853,0.49805,-0.660488934253692,0.795970608931,0
"CYFIP1",-0.491056587596521,-0.175893587889209,0.00154649811125321,0.010878990946037,2.81065060606676,2.81065060606676,-0.52732,0.029039,0.21152,1.53701834327358,-0.21128,0.029039,0.21152,1.53701834327358,1.01857303525,1
"CYLC2",-0.238171047291065,0.0790607031144578,0.182901523864771,0.417508279664083,0.737782676134823,-0.737782676134823,-0.20816,0.43935,0.66079,0.35718936926272,0.10996,0.43935,0.66079,-0.35718936926272,1.02336062192,0
"CYP11B1",0.244142648829554,0.546110543865301,0.505764393935824,0.727519197378761,-0.296051748462355,-0.296051748462355,0.33884,0.1469,0.46234,-0.832978204209744,0.64165,0.1469,0.46234,-0.832978204209744,0.987656758422,0
"CYP11B2",0.280811612530747,0.582779507566494,0.525616205052362,0.741847771907088,-0.27933125369118,-0.27933125369118,0.31095,0.22089,0.49918,-0.655823944803636,0.61376,0.22089,0.49918,-0.655823944803636,0.987656758422,0
"CYP26C1",-0.164354739219478,0.16134694310672,0.996939886348743,0.998925926489307,0.00133102806157903,-0.00133102806157903,0.036734,0.93604,0.97041,-0.0287055920652123,0.36335,0.93604,0.97041,-0.0287055920652123,1.04279806325,0
"CYP2A13",0.375792509235777,0.693109147880746,0.242095168542476,0.491676225305743,-0.616013877622618,-0.616013877622618,0.25454,0.38883,0.62302,-0.410240234661845,0.57274,0.38883,0.62302,-0.410240234661845,1.02355673479,0
"CYP2C19",-0.147635233535587,0.178066448790611,0.683557474544233,0.843273349962171,0.165224963425337,-0.165224963425337,-0.084228,0.65514,0.80895,0.183665883625696,0.24238,0.65514,0.80895,-0.183665883625696,1.04279806325,0
"CYP4A22",-0.360425528219961,-0.0421358943729365,0.220382261394291,0.465947584295253,0.656823364850229,0.656823364850229,-0.26367,0.32606,0.57607,0.486702475787081,0.055508,0.32606,0.57607,-0.486702475787081,1.02580269292,0
"CYP4F8",-0.0633925514381018,0.348597120588909,0.10960041440991,0.302519203973407,0.960187803738538,-0.960187803738538,-0.2821,0.34228,0.5882,0.465618476682744,0.13104,0.34228,0.5882,-0.465618476682744,1.22718838396,0
"CYP7A1",-0.304025308020617,0.0214904018372356,0.179083713882196,0.412062689877608,0.746943907689198,-0.746943907689198,-0.24577,0.24221,0.51297,0.615807930329361,0.080653,0.24221,0.51297,-0.615807930329361,1.04237407941,0
"DAD1",-3.03628795310684,-2.80590848099714,8.03557834696968e-09,1.34251756071356e-07,8.09498286017525,8.09498286017525,-2.8806,1.426e-07,8.127e-06,6.84588047448415,-2.6496,1.426e-07,8.127e-06,6.84588047448415,0.807295566234,1
"DAP3",-2.16725814877275,-1.74361892490629,2.47894865577349e-10,5.57413478327043e-09,9.60573246828872,9.60573246828872,-1.9093,0.00010463,0.0019359,3.98034377468065,-1.4845,0.00010463,0.0019359,3.98034377468065,1.25037007804,1
"DARS",-2.85703867329977,-2.60215178316487,1.08713267160336e-13,6.51359459321477e-12,12.9637174522069,12.9637174522069,-3.198,3.6447e-08,2.8905e-06,7.43833821321885,-2.9424,3.6447e-08,2.8905e-06,7.43833821321885,0.871610435975,1
"DARS2",-2.09713626858652,-1.66596346820197,3.94691168769121e-08,5.78951059760876e-07,7.40374259085239,7.40374259085239,-1.5083,0.00099723,0.013218,3.00120466494717,-1.076,0.00099723,0.013218,3.00120466494717,1.26516537946,1
"DAZL",-0.209383018543028,0.116279158320498,0.154447718078151,0.376315598908419,0.811218503894664,-0.811218503894664,-0.25027,0.28411,0.54361,0.546513479869505,0.076304,0.28411,0.54361,-0.546513479869505,1.04270800831,0
"DBR1",-2.99818546983159,-2.67252329296806,4.20500007592146e-10,8.93995177431444e-09,9.37623399202486,9.37623399202486,-2.8861,6.0415e-07,2.6979e-05,6.21885522017931,-2.5595,6.0415e-07,2.6979e-05,6.21885522017931,1.04270800831,1
"DCAF4L2",0.291444559317795,0.616960269175648,0.53194676870221,0.744842387560831,-0.274131824877047,-0.274131824877047,0.27268,0.51823,0.71801,-0.2854774495954,0.59911,0.51823,0.71801,-0.2854774495954,1.04237407941,0
"DCAF7",-0.744681230857277,-0.430092024654551,2.05262838684664e-07,2.68819971545364e-06,6.68768966930949,6.68768966930949,-0.77792,0.0051043,0.052366,2.29206380832378,-0.46245,0.0051043,0.052366,2.29206380832378,1.0172423198,1
"DCAF8L1",0.189252112507539,0.419394731123064,0.316749301632172,0.56930876453787,-0.499284333974524,-0.499284333974524,0.34673,0.27537,0.53762,-0.560083375423104,0.57751,0.27537,0.53762,-0.560083375423104,0.806659788028,0
"DCANP1",0.0301414130581675,0.356313917538975,0.828618379887617,0.919793205776969,-0.0816454376859985,-0.0816454376859985,0.12833,0.3921,0.62499,-0.406603157699793,0.45541,0.3921,0.62499,-0.406603157699793,1.04387089653,0
"DCLRE1B",-0.90549941380668,-0.573691988543456,0.000467399323381624,0.00366874877527432,3.33031192063836,3.33031192063836,-0.85255,0.04034,0.27063,1.39426410612325,-0.51982,0.04034,0.27063,1.39426410612325,1.05664930986,1
"DCPS",-3.4169129252194,-3.08041416915902,5.70282649482901e-12,1.92576188684924e-10,11.2439098413703,11.2439098413703,-3.2666,2.6584e-08,2.3201e-06,7.57537967172935,-2.9291,2.6584e-08,2.3201e-06,7.57537967172935,1.06720226046,1
"DCTN2",-1.21038936505084,-0.890385757003024,6.61295932667735e-06,6.95616354489731e-05,5.17960414843679,5.17960414843679,-1.4726,0.0020133,0.023901,2.69609150646405,-1.1517,0.0020133,0.023901,2.69609150646405,1.02975056327,1
"DCTN4",-1.86054864810557,-1.53437614362476,8.10737244140347e-12,2.63083547491587e-10,11.0911198756405,11.0911198756405,-1.7539,6.8061e-05,0.0013536,4.16710167423387,-1.4268,6.8061e-05,0.0013536,4.16710167423387,1.04387089653,1
"DCTN5",-3.55433801472907,-3.23915775665529,4.93058669436669e-13,2.36779657008619e-11,12.3071014006079,12.3071014006079,-3.6655,4.772e-12,3.5079e-09,11.3212995650017,-3.3494,4.772e-12,3.5079e-09,11.3212995650017,1.01861304105,1
"DCTN6",-2.75354721349515,-2.53897144406764,2.6744394601082e-10,5.97156091133739e-09,9.57276722855547,9.57276722855547,-2.3364,0.00019421,0.0032447,3.71172841174518,-2.1212,0.00019421,0.0032447,3.71172841174518,0.764247638684,1
"DDB1",-2.68806955683607,-2.3560214733562,1.69866663084449e-08,2.65978570994292e-07,7.76989184455095,7.76989184455095,-1.9559,0.00010639,0.0019591,3.97309919110974,-1.6229,0.00010639,0.0019591,3.97309919110974,1.05719254283,1
"DDI1",0.39077813308679,0.722826216566663,0.276984232092276,0.529857151900368,-0.557544953355147,-0.557544953355147,0.31934,0.27123,0.53461,-0.566662276036948,0.65232,0.27123,0.53461,-0.566662276036948,1.05719254283,0
"DDI2",-0.895392339984301,-0.577102706137277,1.99539321479806e-05,0.000197299278398527,4.69997150890469,4.69997150890469,-0.70307,0.0074193,0.07151,2.12963706783124,-0.3839,0.0074193,0.07151,2.12963706783124,1.02580269292,1
"DDN",0.0553701567073027,0.375373764755118,0.553072953296378,0.759075352316076,-0.257217579139482,-0.257217579139482,0.18152,0.43286,0.65572,-0.363652544891169,0.50241,0.43286,0.65572,-0.363652544891169,1.02975056327,1
"DDOST",-1.58911579636888,-1.27082616252186,2.12136525188084e-13,1.15186517213632e-11,12.6733845492017,12.6733845492017,-1.5151,4.4971e-05,0.00095716,4.34706745511266,-1.1959,4.4971e-05,0.00095716,4.34706745511266,1.02580269292,1
"DDX1",-1.92585822441814,-1.55936356597767,8.2776337519043e-11,2.10106791368057e-09,10.0820937930894,10.0820937930894,-1.6806,0.00017472,0.0029657,3.75765737897536,-1.313,0.00017472,0.0029657,3.75765737897536,1.13291122865,1
"DDX18",-3.22465763184929,-2.97788760518156,1.16080068829633e-08,1.88339418976297e-07,7.93524234305549,7.93524234305549,-2.639,3.2065e-06,0.00010677,5.49396875574674,-2.3916,3.2065e-06,0.00010677,5.49396875574674,0.850625268501,1
"DDX20",-2.76723413273748,-2.43542670747426,5.45758198242069e-14,3.59692291137954e-12,13.2629997317076,13.2629997317076,-2.5101,7.7039e-07,3.3014e-05,6.11328936317974,-2.1773,7.7039e-07,3.3014e-05,6.11328936317974,1.05664930986,1
"DDX21",-3.61041479090657,-3.39230324055208,1.65246618517183e-12,6.74862952931394e-11,11.7818674188278,11.7818674188278,-3.1765,1.7471e-08,1.6599e-06,7.75768223628481,-2.9577,1.7471e-08,1.6599e-06,7.75768223628481,0.773990956641,1
"DDX23",-2.38482859480628,-2.06482498675846,2.35184123248307e-13,1.25912441110501e-11,12.6285919998509,12.6285919998509,-2.3644,2.7125e-05,0.00062994,4.56663025314341,-2.0435,2.7125e-05,0.00062994,4.56663025314341,1.02975056327,1
"DDX24",-0.873239095050558,-0.642859622940856,1.24658658910263e-06,1.45280545594625e-05,5.90427754960033,5.90427754960033,-0.75993,0.078666,0.43026,1.10421293222686,-0.5289,0.078666,0.43026,1.10421293222686,0.807295566234,1
"DDX27",-1.80296646870056,-1.38118486521427,5.46147642656082e-08,7.84851119856067e-07,7.26268993655705,7.26268993655705,-1.853,0.00030399,0.0047821,3.51714070262891,-1.43,0.00030399,0.0047821,3.51714070262891,1.24669843105,1
"DDX39B",0.22771050935713,0.466140079670911,0.425472758315085,0.664609090952141,-0.37112824120143,-0.37112824120143,0.23992,0.30132,0.55768,-0.520972041239453,0.47901,0.30132,0.55768,-0.520972041239453,0.828739266687,1
"DDX3X",-1.57015527096907,-1.38822101986384,5.45847069334101e-08,7.84851119856067e-07,7.26292901708923,7.26292901708923,-2.1277,0.00068972,0.0096789,3.16132718047227,-1.9452,0.00068972,0.0096789,3.16132718047227,0.67104857236,1
"DDX4",-0.0524015503559552,0.273770954124852,0.491180405176651,0.716471883090997,0.308758966975595,-0.308758966975595,-0.082173,0.56493,0.75113,0.248005361909964,0.24491,0.56493,0.75113,-0.248005361909964,1.04387089653,0
"DDX41",-2.42301632566581,-2.096843821185,1.3451215713286e-15,1.56133915025802e-13,14.8712384625975,14.8712384625975,-2.2632,4.917e-08,3.6387e-06,7.30829979170984,-1.9361,4.917e-08,3.6387e-06,7.30829979170984,1.04387089653,1
"DDX42",-2.3162773185697,-2.00168811236697,6.95251126993717e-17,1.30729018546923e-14,16.1578582984771,16.1578582984771,-2.1393,7.3665e-06,0.00021185,5.13273880681272,-1.8238,7.3665e-06,0.00021185,5.13273880681272,1.0172423198,1
"DDX46",-2.27629656937493,-1.95012406489412,2.13062325113224e-12,8.29380900181071e-11,11.6714933379064,11.6714933379064,-2.2129,6.5802e-05,0.0013124,4.18176090614648,-1.8858,6.5802e-05,0.0013124,4.18176090614648,1.04387089653,1
"DDX47",-3.0382922953357,-2.71828868728788,2.88637889233486e-10,6.37772945308625e-09,9.53964666005833,9.53964666005833,-2.2734,0.00012891,0.0023026,3.88971339159643,-1.9525,0.00012891,0.0023026,3.88971339159643,1.02975056327,1
"DDX49",-1.2824621773267,-0.870472505299689,6.98468697497613e-05,0.000637223494762381,4.15585305241118,4.15585305241118,-1.0645,0.038377,0.25983,1.41592897786445,-0.65132,0.038377,0.25983,1.41592897786445,1.22718838396,1
"DDX5",-3.66282251192622,-3.34823330572349,3.43289096632985e-07,4.34234580009678e-06,6.46433999018721,6.46433999018721,-2.9263,2.48e-07,1.2742e-05,6.60554831917378,-2.6108,2.48e-07,1.2742e-05,6.60554831917378,1.0172423198,1
"DDX51",-3.21645609114474,-2.89645248309692,1.48525093571223e-12,6.18466255648538e-11,11.8282001653445,11.8282001653445,-3.2325,2.0823e-08,1.9227e-06,7.68145670087798,-2.9116,2.0823e-08,1.9227e-06,7.68145670087798,1.02975056327,1
"DDX52",-2.03439118240052,-1.71611456495617,1.81168357821377e-23,4.63276600387124e-20,22.7419176522639,22.7419176522639,-2.1345,1.2863e-06,5.007e-05,5.89065773036203,-1.8153,1.2863e-06,5.007e-05,5.89065773036203,1.02577267031,1
"DDX54",-3.29531965155442,-2.9753160435066,2.34503265153298e-13,1.25900587271769e-11,12.6298511059204,12.6298511059204,-2.7765,7.4827e-09,8.4128e-07,8.12594166637076,-2.4556,7.4827e-09,8.4128e-07,8.12594166637076,1.02975056327,1
"DDX55",-2.55205821631828,-2.23205460827046,1.83158144088219e-12,7.39096790952627e-11,11.7371737657576,11.7371737657576,-2.4656,2.0544e-06,7.3523e-05,5.68731499361124,-2.1447,2.0544e-06,7.3523e-05,5.68731499361124,1.02975056327,1
"DDX56",-1.6842014980816,-1.36098156515548,1.138814885124e-10,2.79053447427885e-09,9.94354686494889,9.94354686494889,-1.5919,0.0032688,0.035885,2.48561165071163,-1.2678,0.0032688,0.035885,2.48561165071163,1.03712983103,1
"DDX59",-2.00041183571708,-1.58108703163873,5.94292728718398e-09,1.0141711539281e-07,8.2259995833827,8.2259995833827,-1.7626,0.00024625,0.0039887,3.60862376083035,-1.3421,0.00024625,0.0039887,3.60862376083035,1.24182809129,1
"DDX6",-1.97805663774656,-1.64155788168618,2.67118122934954e-12,1.00106444777564e-10,11.5732966457726,11.5732966457726,-1.9916,4.7784e-06,0.00014778,5.32071749826098,-1.6541,4.7784e-06,0.00014778,5.32071749826098,1.06720226046,1
"DEFA5",0.404008075789896,0.618583845217402,0.0837910412232373,0.25562620445327,-1.07680241281723,-1.07680241281723,0.33753,0.11952,0.45798,-0.922559415528676,0.5527,0.11952,0.45798,-0.922559415528676,0.764247638684,0
"DEFA6",0.418669108403819,0.633244877831325,0.0122288649312397,0.062278256176601,-1.91261385179251,-1.91261385179251,0.46283,0.081537,0.43763,-1.08864527163557,0.67801,0.081537,0.43763,-1.08864527163557,0.764247638684,0
"DEFB118",0.220341889938385,0.540129528347524,0.35577295362368,0.606407560403458,-0.448827070694076,-0.448827070694076,0.32685,0.12381,0.45798,-0.907244276402922,0.64753,0.12381,0.45798,-0.907244276402922,1.02925370559,0
"DEFB123",-0.138392965780672,0.181394672628467,0.29459851517456,0.547929919627979,0.530769446404183,-0.530769446404183,-0.12014,0.47275,0.68431,0.325368462482923,0.20054,0.47275,0.68431,-0.325368462482923,1.02925370559,0
"DEFB126",0.228294705475173,0.548082343884312,0.936203142063317,0.971477857335153,-0.0286299056370421,-0.0286299056370421,0.072511,0.80911,0.9059,-0.091992431236319,0.39319,0.80911,0.9059,-0.091992431236319,1.02925370559,0
"DEFB127",0.400166023695115,0.719953662104254,0.574827096808916,0.773273529089866,-0.240462767821704,-0.240462767821704,0.19203,0.45674,0.67357,-0.340330952442554,0.51271,0.45674,0.67357,-0.340330952442554,1.02925370559,0
"DEFB129",-0.123142571484165,0.196645066924974,0.745944936766085,0.877519389919146,0.127293229553119,-0.127293229553119,0.0029222,0.98987,0.99503,-0.00442183771540856,0.3236,0.98987,0.99503,-0.00442183771540856,1.02925370559,0
"DGAT2L6",-0.104328729849894,0.122033173221431,0.357203875749136,0.607969797143331,0.44708383755692,-0.44708383755692,-0.08061,0.59343,0.76922,0.226630502331404,0.14638,0.59343,0.76922,-0.226630502331404,0.796473220463,0
"DGCR8",-2.16324580343181,-1.94988204084078,5.15816319970057e-09,8.88179939061955e-08,8.28750492128917,8.28750492128917,-1.7151,0.0020554,0.024295,2.68710364780829,-1.5011,0.0020554,0.024295,2.68710364780829,0.760892590018,1
"DGKK",0.000862025113191528,0.370697898852447,0.618206775052478,0.802310870069983,-0.208866239725993,-0.208866239725993,-0.043672,0.85381,0.92901,0.0686387629551381,0.3272,0.85381,0.92901,-0.0686387629551381,1.14004862479,0
"DHDDS",-2.31440137525328,-1.99611174140626,1.4480947518313e-08,2.30070116307163e-07,7.83920302042397,7.83920302042397,-2.2312,1.046e-05,0.0002852,4.98046831546874,-1.912,1.046e-05,0.0002852,4.98046831546874,1.02580269292,1
"DHFR",-3.29556963466925,-2.96939713018844,1.53197446165787e-13,8.66290765848132e-12,12.814748474425,12.814748474425,-2.7611,2.8941e-05,0.00066485,4.53848646675607,-2.434,2.8941e-05,0.00066485,4.53848646675607,1.04387089653,1
"DHODH",-2.14164786058687,-1.82646760251309,5.30321875672217e-10,1.09967733921566e-08,9.27546045795068,9.27546045795068,-1.8952,8.753e-05,0.0016663,4.05784307153251,-1.5792,8.753e-05,0.0016663,4.05784307153251,1.01861304105,1
"DHPS",-3.54120497600921,-3.1292153039822,5.08835390722228e-11,1.36019172347887e-09,10.293422690086,10.293422690086,-2.9658,1.5706e-06,5.8517e-05,5.8039344068837,-2.5526,1.5706e-06,5.8517e-05,5.8039344068837,1.22718838396,1
"DHX15",-2.44962906011233,-2.11591645729791,1.39517333290151e-13,8.00779216568968e-12,12.8553718333608,12.8553718333608,-2.4201,1.0548e-06,4.2444e-05,5.9768298788786,-2.0855,1.0548e-06,4.2444e-05,5.9768298788786,1.06094423934,1
"DHX16",-2.24070501622235,-2.00227544590857,1.45713275462104e-09,2.79059903197114e-08,8.83650087927124,8.83650087927124,-1.8744,0.00043955,0.0065582,3.35699171560956,-1.6353,0.00043955,0.0065582,3.35699171560956,0.828739266687,1
"DHX33",-2.45709806957118,-2.13882145212683,5.72870686660386e-11,1.51442288162378e-09,10.2419433996868,10.2419433996868,-2.1616,1.1752e-06,4.6028e-05,5.9298882172178,-1.8424,1.1752e-06,4.6028e-05,5.9298882172178,1.02577267031,1
"DHX35",-1.62326548467331,-1.20148388118702,2.17792395583735e-10,4.96738192934598e-09,9.66195728809575,9.66195728809575,-1.4032,7.5923e-05,0.0014853,4.1196266396521,-0.9802,7.5923e-05,0.0014853,4.1196266396521,1.24669843105,1
"DHX36",-3.84077182662943,-3.5151096497659,4.06816617382693e-12,1.4111589851244e-10,11.3906013156062,11.3906013156062,-3.2148,1.4937e-06,5.6309e-05,5.82573661900488,-2.8882,1.4937e-06,5.6309e-05,5.82573661900488,1.04270800831,1
"DHX37",-3.25680944661837,-2.93680583857055,5.91973984763067e-13,2.78679772679224e-11,12.2276973786185,12.2276973786185,-3.0511,3.0442e-08,2.5464e-06,7.51652681837878,-2.7302,3.0442e-08,2.5464e-06,7.51652681837878,1.02975056327,1
"DHX38",-1.00516629533712,-0.68998603726334,2.592622377042e-06,2.89951968943264e-05,5.58626073487347,5.58626073487347,-1.3886,0.021473,0.16758,1.66810727589778,-1.0726,0.021473,0.16758,1.66810727589778,1.01861304105,1
"DHX8",-1.88476465874218,-1.56648804129783,8.20547948570433e-06,8.53736142679733e-05,5.08589603595016,5.08589603595016,-1.5688,0.030991,0.22092,1.50876440996675,-1.2496,0.030991,0.22092,1.50876440996675,1.02577267031,1
"DHX9",-3.28387041913214,-2.85269761874759,1.90966752324276e-10,4.42417883293805e-09,9.71904223766841,9.71904223766841,-2.8115,1.2481e-07,7.2953e-06,6.90375061681039,-2.3792,1.2481e-07,7.2953e-06,6.90375061681039,1.26516537946,1
"DICER1",-1.02815043114602,-0.797770959036318,2.42752713699676e-05,0.000237691220130221,4.61483590647369,4.61483590647369,-1.1586,0.0037498,0.040287,2.42599189526233,-0.92758,0.0037498,0.040287,2.42599189526233,0.807295566234,1
"DIDO1",-0.823537846387621,-0.423641480194376,2.85677781193305e-05,0.000276323857892087,4.5441235358874,4.5441235358874,-0.80014,0.018077,0.14721,1.74287364197741,-0.39913,0.018077,0.14721,1.74287364197741,1.20272299885,1
"DIMT1",-1.20524820672511,-0.879075702244303,6.88154686164316e-08,9.69963164945322e-07,7.1623139283392,7.1623139283392,-1.2417,0.00088655,0.011983,3.05229676585918,-0.91466,0.00088655,0.011983,3.05229676585918,1.04387089653,1
"DIRC1",0.585720614479358,0.834041252878724,3.21063792269653e-05,0.000309299005123481,-4.49340866890916,-4.49340866890916,0.68606,0.10387,0.45798,-0.983509868379172,0.93507,0.10387,0.45798,-0.983509868379172,0.85465784459,0
"DIS3",-2.61276229766354,-2.27847832837897,8.66961198077252e-13,3.88972520630294e-11,12.0620003394765,12.0620003394765,-2.4722,4.0061e-07,1.919e-05,6.39727821407735,-2.1369,4.0061e-07,1.919e-05,6.39727821407735,1.06222980875,1
"DKC1",-2.74596506740177,-2.52553421376376,3.24276212044642e-12,1.17162405308303e-10,11.4890849087327,11.4890849087327,-3.0146,1.2911e-08,1.2891e-06,7.88904011887512,-2.7936,1.2911e-08,1.2891e-06,7.88904011887512,0.780346554575,1
"DLD",-1.21249686493938,-0.886282984179166,1.49603173683457e-05,0.000150176757280037,4.82505919324567,4.82505919324567,-1.1053,0.00065055,0.0092171,3.18671931879556,-0.77822,0.00065055,0.0092171,3.18671931879556,1.04396513997,1
"DLST",-3.03926470323976,-2.80888523113006,1.83836940740639e-12,7.3972114702649e-11,11.7355672157582,11.7355672157582,-2.8024,3.8646e-06,0.00012519,5.41289545046044,-2.5714,3.8646e-06,0.00012519,5.41289545046044,0.807295566234,1
"DMAP1",-2.36006059441328,-2.04177096056626,2.24990575735903e-11,6.52540952054677e-10,10.6478356729625,10.6478356729625,-2.0277,1.332e-05,0.00034779,4.87549577516572,-1.7085,1.332e-05,0.00034779,4.87549577516572,1.02580269292,1
"DMP1",0.337232786968911,0.498878603644605,0.129913157328219,0.336499549534389,-0.886346862278213,-0.886346862278213,0.40014,0.15428,0.46484,-0.811690369805996,0.56224,0.15428,0.46484,-0.811690369805996,0.609931911609,0
"DMRT1",0.189631067052601,0.632637353573491,0.433390925463389,0.670883676875496,-0.363120186376688,-0.363120186376688,0.24709,0.26249,0.52815,-0.580887237124858,0.69133,0.26249,0.52815,-0.580887237124858,1.2881032575,0
"DMRTB1",-0.0103059161548489,0.307983717692176,0.89422613059818,0.952429313687547,0.0485526435612671,-0.0485526435612671,0.015238,0.93692,0.97085,-0.0282974902667784,0.33442,0.93692,0.97085,-0.0282974902667784,1.02580269292,0
"DMRTC2",0.242813652879948,0.560130291524917,0.196677577719139,0.435080849877997,-0.706245149119367,-0.706245149119367,0.30446,0.097686,0.45798,-1.01016767331722,0.62266,0.097686,0.45798,-1.01016767331722,1.02355673479,1
"DNA2",-3.88457592616367,-3.66646437580918,5.9956086556252e-12,2.01042224973622e-10,11.2221667220961,11.2221667220961,-3.6726,4.114e-11,1.7509e-08,10.3857357126413,-3.4539,4.114e-11,1.7509e-08,10.3857357126413,0.773990956641,1
"DNAJA1",-0.890775463572477,-0.57585616464364,1.82889877170427e-06,2.09190557890986e-05,5.73781033176081,5.73781033176081,-0.92063,0.0066063,0.064852,2.18004170836391,-0.60483,0.0066063,0.064852,2.18004170836391,1.01800800558,1
"DNAJA3",-2.05030712556724,-1.73512686749346,2.19125602615903e-08,3.35588753429307e-07,7.65930687654606,7.65930687654606,-1.7237,2.2789e-05,0.0005465,4.64227473159937,-1.4076,2.2789e-05,0.0005465,4.64227473159937,1.01861304105,1
"DNAJC11",-2.37377869852186,-2.05548906467484,3.93816750291582e-10,8.42891326799889e-09,9.40470581586551,9.40470581586551,-2.3579,2.229e-05,0.00053603,4.65188993151976,-2.0387,2.229e-05,0.00053603,4.65188993151976,1.02580269292,1
"DNAJC2",-1.50411306567815,-1.17789918491794,3.65057748700354e-05,0.000348900948790556,4.43763842880903,4.43763842880903,-1.3461,0.014949,0.1266,1.82538785810928,-1.0189,0.014949,0.1266,1.82538785810928,1.04396513997,1
"DNAJC9",-3.29298378920412,-3.07487223884963,4.92210806179719e-08,7.12159359463511e-07,7.30784885586543,7.30784885586543,-2.2548,0.00074538,0.010331,3.12762226439432,-2.0361,0.00074538,0.010331,3.12762226439432,0.773990956641,1
"DNLZ",-2.00404624300526,-1.71142892166861,9.22427403697149e-10,1.83649530904829e-08,9.03506780339585,9.03506780339585,-2.0702,0.00022178,0.0036355,3.65407762086166,-1.7767,0.00022178,0.0036355,3.65407762086166,0.965340111692,1
"DNM1L",-3.08136942280385,-2.76136581475603,2.70191739488651e-09,4.92295015905299e-08,8.56832793269865,8.56832793269865,-2.2819,8.0124e-05,0.0015453,4.09623737771889,-1.961,8.0124e-05,0.0015453,4.09623737771889,1.02975056327,1
"DNM2",-2.2734683658679,-1.86147869384089,1.43030517799768e-16,2.42441155445759e-14,15.8445712891224,15.8445712891224,-2.1561,7.5009e-08,4.7629e-06,7.12488662439714,-1.7429,7.5009e-08,4.7629e-06,7.12488662439714,1.22718838396,1
"DNMT1",-1.74240335558414,-1.43670597896247,6.59273876956876e-11,1.72376219018834e-09,10.1809341323835,10.1809341323835,-1.9741,6.341e-06,0.00018703,5.19784224681304,-1.6675,6.341e-06,0.00018703,5.19784224681304,0.996462348026,1
"DNTTIP2",-1.70499737782596,-1.48145037990686,3.17301534653149e-23,6.7384269242507e-20,22.498527827396,22.498527827396,-1.6835,7.9336e-06,0.00022565,5.10052969977465,-1.4593,7.9336e-06,0.00022565,5.10052969977465,0.788841896528,1
"DOLK",-1.67094569955144,-1.37832837821479,8.34257488120558e-09,1.38895151310525e-07,8.07869988651933,8.07869988651933,-1.5762,0.0025387,0.02909,2.59538861698465,-1.2828,0.0025387,0.02909,2.59538861698465,0.965340111692,1
"DONSON",-1.13649711090071,-0.914418388767409,3.89127244595419e-09,6.89924770496497e-08,8.40990836116945,8.40990836116945,-1.4626,0.0016525,0.020234,2.78185853184232,-1.2399,0.0016525,0.020234,2.78185853184232,0.784845263169,1
"DOT1L",-0.745547420621297,-0.551175183064923,0.00362784392985722,0.0228766021218611,2.44035140459423,2.44035140459423,-0.69309,0.0042562,0.044919,2.37097797261724,-0.49818,0.0042562,0.044919,2.37097797261724,0.707275421882,1
"DPAGT1",-1.83933189605949,-1.50283313999911,3.30998463002299e-06,3.62958899791333e-05,5.48017402287434,5.48017402287434,-2.061,0.0021601,0.025282,2.66552614308846,-1.7236,0.0021601,0.025282,2.66552614308846,1.06720226046,1
"DPH1",-0.114128235315765,0.204148382128586,0.998996545905965,0.99974258041397,0.000436013372188432,-0.000436013372188432,0.049376,0.76824,0.88195,-0.114503084144262,0.36854,0.76824,0.88195,-0.114503084144262,1.02577267031,1
"DPH5",-0.569248100984508,-0.237440675721284,0.00816398639417326,0.0453204391379127,2.08809772773603,2.08809772773603,-0.63775,0.019819,0.15764,1.70291826233501,-0.30502,0.019819,0.15764,1.70291826233501,1.05664930986,1
"DPM1",-0.0788007377308495,0.342980865755445,0.65953647899912,0.828941982186505,0.180761178601487,-0.180761178601487,-0.012965,0.92362,0.96439,0.0345066714720597,0.41,0.92362,0.96439,-0.0345066714720597,1.24669843105,1
"DPM3",-0.297722127983637,0.125917095882828,0.80529374476796,0.90811135428344,0.094045674337734,-0.094045674337734,-0.021745,0.92411,0.96463,0.0342763301330966,0.40308,0.92411,0.96463,-0.0342763301330966,1.25037007804,1
"DPRX",-0.208155004533982,0.109161634110987,0.183715625157606,0.4185339379053,0.735853905037987,-0.735853905037987,-0.17702,0.33934,0.58567,0.469364944494643,0.14118,0.33934,0.58567,-0.469364944494643,1.02355673479,0
"DR1",-2.12528515631471,-1.90173815839561,1.22608439820536e-12,5.21918732803986e-11,11.9114796338851,11.9114796338851,-2.1485,1.0547e-07,6.3393e-06,6.9768710539895,-1.9244,1.0547e-07,6.3393e-06,6.9768710539895,0.788841896528,1
"DRAP1",-0.720640740678354,-0.388592657198481,0.000711194656496089,0.00537700295475069,3.14801151506228,3.14801151506228,-0.80718,0.021858,0.16968,1.66038957837444,-0.4742,0.021858,0.16968,1.66038957837444,1.05719254283,1
"DRD3",-0.140190320483017,0.185471856380509,0.746542384602112,0.877909591884586,0.126945530368602,-0.126945530368602,-0.0045402,0.98041,0.99157,0.0085922676742739,0.32203,0.98041,0.99157,-0.0085922676742739,1.04270800831,0
"DRGX",0.306560598717171,0.524672149071663,0.130515224725992,0.337601500905114,-0.884338824503302,-0.884338824503302,0.27277,0.131,0.45873,-0.882728704344236,0.49149,0.131,0.45873,-0.882728704344236,0.773990956641,0
"DROSHA",-1.94239475278009,-1.61622224829928,2.6491366074287e-07,3.41883510991119e-06,6.57689564595993,6.57689564595993,-1.4807,0.015802,0.13235,1.8012879425396,-1.1536,0.015802,0.13235,1.8012879425396,1.04387089653,1
"DSCC1",-1.69471188700394,-1.36919617714609,3.96274036453064e-10,8.46680719851117e-09,9.40200438134875,9.40200438134875,-1.6703,0.00012788,0.0022885,3.89319737240035,-1.3439,0.00012788,0.0022885,3.89319737240035,1.04237407941,1
"DSCR4",-0.0688252008656917,0.15325352126761,0.330850989791488,0.583197492475665,0.48036756175988,-0.48036756175988,-0.18677,0.31036,0.56401,0.508134256803952,0.035934,0.31036,0.56401,-0.508134256803952,0.784845263169,0
"DSG4",-0.134722103629362,0.0907775428315758,0.246559160679947,0.496155531488295,0.608078857019101,-0.608078857019101,-0.19094,0.31348,0.56618,0.503790161904116,0.035194,0.31348,0.56618,-0.503790161904116,0.794139893033,0
"DSN1",-0.571255655863486,-0.149474052377192,0.032619890918883,0.131427709263284,1.48651749557675,1.48651749557675,-0.38157,0.5227,0.72164,0.281747499902249,0.041393,0.5227,0.72164,-0.281747499902249,1.24669843105,1
"DSPP",0.393428759763842,0.555074576439536,0.154094924688345,0.37577227052183,-0.81221166508524,-0.81221166508524,0.41965,0.22688,0.50306,-0.644203786497027,0.58175,0.22688,0.50306,-0.644203786497027,0.609931911609,0
"DTL",-2.18670383312771,-1.75715380349943,8.35149303282056e-12,2.696319025951e-10,11.0782358768575,11.0782358768575,-2.2101,1.6927e-05,0.00042793,4.77142000579508,-1.7793,1.6927e-05,0.00042793,4.77142000579508,1.26199119289,1
"DTX2",0.631059816127483,0.957273696887697,0.000347281041223568,0.00279948652083764,-3.45931892505875,-3.45931892505875,0.65036,0.096084,0.45798,-1.01734892544521,0.97748,0.096084,0.45798,-1.01734892544521,1.04396513997,0
"DTX4",0.0871915711878133,0.419239654667687,0.898095169247665,0.954647323068071,-0.046677639625429,-0.046677639625429,-0.03528,0.84257,0.92394,0.0743940081410514,0.2977,0.84257,0.92394,-0.0743940081410514,1.05719254283,1
"DTYMK",-2.88478122917636,-2.65112375741109,5.73924886130948e-16,7.51330571823343e-14,15.2411449432701,15.2411449432701,-2.8532,5.1327e-08,3.716e-06,7.28965411897557,-2.6189,5.1327e-08,3.716e-06,7.28965411897557,0.816065944226,1
"DUSP12",-1.29020072932183,-0.859027928937277,1.1087249172573e-05,0.00011320010333087,4.95517619211622,4.95517619211622,-1.2073,0.0022199,0.025887,2.65366658880448,-0.77491,0.0022199,0.025887,2.65366658880448,1.26516537946,1
"DUSP21",0.393915074909242,0.575849326014472,0.166457002317204,0.394237011807771,-0.778697930734065,-0.778697930734065,0.42245,0.22955,0.50518,-0.63912270289796,0.6049,0.22955,0.50518,-0.63912270289796,0.67104857236,0
"DUX4",-2.92362659565559,-2.59271286115912,5.74627097870356e-11,1.51696791734753e-09,10.2406138977,10.2406138977,-2.9783,4.0506e-06,0.00012979,5.39248064162754,-2.6464,4.0506e-06,0.00012979,5.39248064162754,1.05463020751,0
"DUXA",-0.276347397916055,0.0541658663518061,0.163878323057502,0.390111643865741,0.785478488766977,-0.785478488766977,-0.18191,0.3885,0.62285,0.410608976863067,0.14952,0.3885,0.62285,-0.410608976863067,1.05372451338,0
"DYNAP",-0.322166655214366,-0.0966670087534282,0.0527766955569698,0.186489366274794,1.27755780521676,1.27755780521676,-0.26198,0.11719,0.45798,0.931109445742065,-0.035854,0.11719,0.45798,0.931109445742065,0.794139893033,0
"DYNC1H1",-2.04497543348431,-1.81459596137461,7.5970575702251e-06,7.93023273291712e-05,5.11935458251551,5.11935458251551,-1.8007,0.0045243,0.047047,2.3444486053326,-1.5697,0.0045243,0.047047,2.3444486053326,0.807295566234,1
"DYNLRB1",-1.89978078423845,-1.47799918075216,2.73681897675429e-09,4.98179248597189e-08,8.56275392746992,8.56275392746992,-2.2109,4.3506e-05,0.00093431,4.36145084448904,-1.788,4.3506e-05,0.00093431,4.36145084448904,1.24669843105,1
"E2F3",-0.230555931833501,0.0471604289750682,0.136486819910504,0.348426951909904,0.864909285007887,-0.864909285007887,-0.2733,0.3525,0.59547,0.452840878672582,0.0051877,0.3525,0.59547,-0.452840878672582,0.929047400627,1
"E4F1",-1.66682482215735,-1.35164456408357,1.35970744541336e-08,2.17291709065097e-07,7.86655452435788,7.86655452435788,-1.6504,0.0011697,0.015157,2.93192551009235,-1.3344,0.0011697,0.015157,2.93192551009235,1.01861304105,1
"EBNA1BP2",-1.35166648624922,-1.0333768524022,0.0269000483041952,0.113848676536334,1.57024694013787,1.57024694013787,-1.1967,0.16146,0.46744,0.791935051852602,-0.87756,0.16146,0.46744,0.791935051852602,1.02580269292,1
"ECD",-3.05926597981054,-2.84115442945605,5.30020912734168e-10,1.09967733921566e-08,9.2757069943504,9.2757069943504,-2.6815,1.7861e-06,6.5274e-05,5.74809422952787,-2.4628,1.7861e-06,6.5274e-05,5.74809422952787,0.773990956641,1
"ECT2",-2.33101332194119,-2.11380804226298,7.61470956897197e-07,9.14770232506356e-06,6.11834665634609,6.11834665634609,-1.9495,0.0009417,0.01262,3.0260874295803,-1.7317,0.0009417,0.01262,3.0260874295803,0.771499871013,1
"EEF2",-1.31281003472337,-1.0071126581017,2.57793310451923e-08,3.90737790853894e-07,7.58872835646093,7.58872835646093,-1.2869,0.0020404,0.024162,2.69028468514085,-0.98031,0.0020404,0.024162,2.69028468514085,0.996462348026,1
"EFCAB3",-0.0163512175318907,0.298237988670835,0.652977616659616,0.824875161084946,0.185101705597553,-0.185101705597553,-0.044356,0.80598,0.90371,0.093675734866628,0.27111,0.80598,0.90371,-0.093675734866628,1.0172423198,0
"EFTUD2",-4.1739720334795,-3.85569541603515,2.42402557643179e-08,3.6975579283592e-07,7.61546280214412,7.61546280214412,-3.7058,1.9982e-10,5.9675e-08,9.6993610453646,-3.3866,1.9982e-10,5.9675e-08,9.6993610453646,1.02577267031,1
"EGR4",0.193253944971529,0.565576282024943,0.625163424616638,0.8070768621431,-0.204006438445272,-0.204006438445272,0.18481,0.44933,0.66843,-0.347434584301465,0.55817,0.44933,0.66843,-0.347434584301465,1.14533730473,0
"EIF1",-1.61526034072075,-1.2969837232764,4.78519453277132e-07,5.91970376083225e-06,6.32010040213127,6.32010040213127,-1.3083,0.0098103,0.090223,2.00831771164631,-0.98916,0.0098103,0.090223,2.00831771164631,1.02577267031,1
"EIF1AD",-1.5375303585348,-1.20548227505493,5.4799670765784e-07,6.70971241093164e-06,6.26122205073156,6.26122205073156,-2.0128,0.00022231,0.003641,3.65304100132647,-1.6798,0.00022231,0.003641,3.65304100132647,1.05719254283,1
"EIF2B1",-1.71076277780954,-1.39075916976172,2.20314140446285e-07,2.86648343522795e-06,6.656957627585,6.656957627585,-1.5378,0.001342,0.017054,2.87224748416703,-1.2169,0.001342,0.017054,2.87224748416703,1.02975056327,1
"EIF2B2",-2.21656924375211,-1.98618977164241,1.67429757468682e-09,3.18416413382978e-08,8.77616735186294,8.77616735186294,-2.3673,2.783e-05,0.00064319,4.55548679366596,-2.1363,2.783e-05,0.00064319,4.55548679366596,0.807295566234,1
"EIF2B3",-2.77390321581872,-2.4556135819717,6.39397486885686e-14,4.14264548028682e-12,13.19422907503,13.19422907503,-2.5052,2.8155e-06,9.5485e-05,5.55044446832297,-2.186,2.8155e-06,9.5485e-05,5.55044446832297,1.02580269292,1
"EIF2B4",-2.15872739221487,-1.7922327337744,6.75941908961632e-18,1.87235908782372e-15,17.170090626102,17.170090626102,-2.0333,1.9112e-06,6.9182e-05,5.71869386325818,-1.6658,1.9112e-06,6.9182e-05,5.71869386325818,1.13291122865,1
"EIF2B5",-2.68118586653512,-2.46398058685691,2.17786021685864e-10,4.96738192934598e-09,9.66196999831537,9.66196999831537,-2.4527,0.000182,0.0030545,3.73992861201493,-2.2349,0.000182,0.0030545,3.73992861201493,0.771499871013,1
"EIF2S1",-3.94107472292176,-3.71069525081206,1.92474415767825e-16,3.01537992505773e-14,15.715626989944,15.715626989944,-3.5632,2.7016e-12,2.1515e-09,11.5683789523726,-3.3321,2.7016e-12,2.1515e-09,11.5683789523726,0.807295566234,1
"EIF2S3",-2.91353788738994,-2.68339526877442,4.62695399358387e-12,1.59055704459296e-10,11.3347048187262,11.3347048187262,-2.6193,1.6245e-06,6.0408e-05,5.789280284319,-2.3885,1.6245e-06,6.0408e-05,5.789280284319,0.806659788028,1
"EIF3A",-3.58332674154513,-3.25762505921893,9.54521701316411e-13,4.22309566603254e-11,12.0202141933522,12.0202141933522,-3.3724,5.1862e-13,6.6842e-10,12.285150739163,-3.0457,5.1862e-13,6.6842e-10,12.285150739163,1.04279806325,1
"EIF3B",-2.90967090115294,-2.58645096822682,3.66463230814448e-13,1.84449077038651e-11,12.4359695938891,12.4359695938891,-2.7328,1.2642e-06,4.9313e-05,5.89818421400826,-2.4086,1.2642e-06,4.9313e-05,5.89818421400826,1.03712983103,1
"EIF3D",-2.27838286762083,-2.06643063377049,4.54126290197189e-09,7.89783055918004e-08,8.34282335527352,8.34282335527352,-2.7025,7.1135e-08,4.6088e-06,7.14791666415337,-2.49,7.1135e-08,4.6088e-06,7.14791666415337,0.756975369415,1
"EIF3G",-1.42092383621321,-1.11522645959154,1.98959401650532e-07,2.6153445967996e-06,6.70123553383112,6.70123553383112,-1.3897,0.010097,0.092295,1.99580764374029,-1.0831,0.010097,0.092295,1.99580764374029,0.996462348026,1
"EIF3H",-1.67831057634034,-1.35279486648249,3.38678869046632e-15,3.46158782036806e-13,14.4702118991414,14.4702118991414,-1.458,1.2082e-05,0.00032249,4.91786116860655,-1.1316,1.2082e-05,0.00032249,4.91786116860655,1.04237407941,1
"EIF3I",-3.72613346796508,-3.40784383411806,1.27119272843377e-20,8.37803676501884e-18,19.8957886000755,19.8957886000755,-3.3248,1.1575e-11,7.3747e-09,10.93647900031,-3.0057,1.1575e-11,7.3747e-09,10.93647900031,1.02580269292,1
"EIF3J",-0.74355430580832,-0.428391306101008,0.00243850806307008,0.0162112016032899,2.61287580404984,2.61287580404984,-0.64016,0.040899,0.2738,1.38828731056946,-0.32411,0.040899,0.2738,1.38828731056946,1.01857303525,1
"EIF3L",-0.5821412320375,-0.265213880779255,0.0210531184686209,0.094457336453228,1.67668356569983,1.67668356569983,-0.57189,0.01855,0.14986,1.73165608604894,-0.25407,0.01855,0.14986,1.73165608604894,1.02265716518,1
"EIF3M",-0.767573670311144,-0.411181616246765,0.000152993647427468,0.00131659954222477,3.81532660149922,3.81532660149922,-0.70881,0.0081974,0.077448,2.08632387258029,-0.35142,0.0081974,0.077448,2.08632387258029,1.11111304855,1
"EIF4A1",-3.33656645421955,-3.0182898367752,4.41580740683057e-10,9.35402584646249e-09,9.35498987639632,9.35498987639632,-3.279,1.6835e-08,1.6089e-06,7.77378687927589,-2.9598,1.6835e-08,1.6089e-06,7.77378687927589,1.02577267031,1
"EIF4A3",-2.92526007080522,-2.61067086460249,1.20009740110327e-08,1.94220674236129e-07,7.92078350474817,7.92078350474817,-3.2226,3.293e-06,0.00010889,5.48240826928809,-2.9071,3.293e-06,0.00010889,5.48240826928809,1.0172423198,1
"EIF4E",-2.55335213131336,-2.32925360344705,2.53415986870453e-15,2.69085542058609e-13,14.5961659909103,14.5961659909103,-2.4243,5.8422e-07,2.615e-05,6.23342357961005,-2.1996,5.8422e-07,2.615e-05,6.23342357961005,0.790340300119,1
"EIF4G1",-1.80064012582015,-1.58343484614194,2.0354794277097e-09,3.79923030291167e-08,8.69133328261266,8.69133328261266,-1.6938,8.5539e-05,0.0016349,4.06783583120126,-1.476,8.5539e-05,0.0016349,4.06783583120126,0.771499871013,1
"EIF5",-4.18268113332604,-3.95545903158891,1.74870664632572e-12,7.08115045153041e-11,11.7572830393307,11.7572830393307,-3.47,9.6366e-10,1.9186e-07,9.01607616751794,-3.2421,9.6366e-10,1.9186e-07,9.01607616751794,0.798797224728,1
"EIF5B",-0.981477570640338,-0.734707543972612,1.87459012324228e-07,2.47951841007125e-06,6.72709367549533,6.72709367549533,-1.7528,0.01097,0.099045,1.95979337242529,-1.5053,0.01097,0.099045,1.95979337242529,0.850625268501,1
"EIF6",-2.95265080246524,-2.53086919897895,3.3781565685864e-15,3.46158782036806e-13,14.4713202259026,14.4713202259026,-3.2737,8.9075e-10,1.8112e-07,9.05024416897695,-2.8507,8.9075e-10,1.8112e-07,9.05024416897695,1.24669843105,1
"ELAC2",-1.92016908867784,-1.60189247123349,3.60227381165653e-14,2.50364579498878e-12,13.4434232791978,13.4434232791978,-2.1019,5.8613e-06,0.00017504,5.23200604947485,-1.7827,5.8613e-06,0.00017504,5.23200604947485,1.02577267031,1
"ELL",-0.684247728814178,-0.272258056787167,0.00044480702913393,0.00351305650737058,3.35182835836404,3.35182835836404,-0.70515,0.034918,0.2419,1.45695063936047,-0.29201,0.034918,0.2419,1.45695063936047,1.22718838396,1
"ELP2",-3.11766786844271,-2.89216822198177,2.81855005933246e-13,1.46300291718537e-11,12.5499742474151,12.5499742474151,-2.9304,4.3145e-06,0.0001366,5.36506952667481,-2.7043,4.3145e-06,0.0001366,5.36506952667481,0.794139893033,1
"ELP3",-3.40949201021625,-3.19491624078874,4.74795428723388e-13,2.28583501994713e-11,12.3234934710354,12.3234934710354,-3.0553,7.6221e-09,8.5193e-07,8.11792535769409,-2.8401,7.6221e-09,8.5193e-07,8.11792535769409,0.764247638684,1
"ELP4",-0.703072360300433,-0.346680306236054,0.0141630204076175,0.0696239220809653,1.84884411906999,1.84884411906999,-0.71265,0.098249,0.45798,1.0076718612751,-0.35526,0.098249,0.45798,1.0076718612751,1.11111304855,1
"ELP5",-1.99053934144243,-1.67226272399808,4.18447983486922e-15,4.05979508039875e-13,14.3783585206782,14.3783585206782,-1.6371,5.5239e-05,0.0011365,4.25775419212116,-1.318,5.5239e-05,0.0011365,4.25775419212116,1.02577267031,1
"ELP6",-1.65084370480503,-1.3251815279415,4.79340730250872e-07,5.92602805775222e-06,6.31935566683201,6.31935566683201,-1.1629,0.0089168,0.083093,2.04979097428788,-0.8363,0.0089168,0.083093,2.04979097428788,1.04270800831,1
"EMC1",-2.2936630061241,-1.97537337227708,1.7694046772589e-11,5.24319869712394e-10,10.7521728290454,10.7521728290454,-1.8317,3.1496e-05,0.0007158,4.50174459821783,-1.5125,3.1496e-05,0.0007158,4.50174459821783,1.02580269292,1
"ENO1",-2.83144560129778,-2.51315596745076,1.43185103512418e-12,5.97532070618524e-11,11.8441021621879,11.8441021621879,-3.0392,1.4612e-07,8.2629e-06,6.83529033646012,-2.7201,1.4612e-07,8.2629e-06,6.83529033646012,1.02580269292,1
"ENOPH1",-0.306259133681999,-0.144613317006305,0.222278256456936,0.468116246068978,0.653103018464404,0.653103018464404,-0.18827,0.1079,0.45798,0.966978555317089,-0.026174,0.1079,0.45798,0.966978555317089,0.609931911609,1
"ENTHD1",0.380255827188481,0.586461235459973,0.15628093734022,0.378886314950906,-0.806093992632405,-0.806093992632405,0.28291,0.20953,0.49073,-0.678753787009409,0.4897,0.20953,0.49073,-0.678753787009409,0.740916278882,0
"EPRS",-3.8041544251858,-3.37460439555752,2.10967935006424e-08,3.24917819643657e-07,7.67578354805775,7.67578354805775,-2.6,2.0619e-05,0.0005033,4.68573240137128,-2.1693,2.0619e-05,0.0005033,4.68573240137128,1.26199119289,1
"ERCC1",-0.700767766640773,-0.383451127995804,0.0407163418777775,0.155300627082411,1.39023124770619,1.39023124770619,-0.37118,0.35193,0.59531,0.453543710490398,-0.052976,0.35193,0.59531,0.453543710490398,1.02355673479,1
"ERCC2",-3.6371053326831,-3.31978869403813,8.96795994673799e-06,9.27012539004885e-05,5.04730634008185,5.04730634008185,-2.5748,1.8825e-05,0.00046729,4.72526501512726,-2.2566,1.8825e-05,0.00046729,4.72526501512726,1.02355673479,1
"ERCC3",-3.31975413445904,-3.07298410779131,2.28480021430307e-12,8.69908097529372e-11,11.6411517691692,11.6411517691692,-2.743,4.7991e-08,3.5691e-06,7.31884020047481,-2.4955,4.7991e-08,3.5691e-06,7.31884020047481,0.850625268501,1
"ERCC4",-0.52243766095074,-0.207257402876959,0.101529851359854,0.288513239524368,0.993406249624415,0.993406249624415,-0.2955,0.22879,0.50466,0.64056296169601,0.020566,0.22879,0.50466,-0.64056296169601,1.01861304105,1
"ERCC6L",-0.482057392588702,-0.255695489517377,0.0667142807383803,0.218452980598366,1.17578119184013,1.17578119184013,-0.3402,0.47087,0.6829,0.327098978381856,-0.1132,0.47087,0.6829,0.327098978381856,0.796473220463,1
"ESF1",-1.63112063599291,-1.31133299758377,5.63820533848692e-08,8.07818730393557e-07,7.24885911155276,7.24885911155276,-1.4661,0.00038671,0.0058567,3.41261459728647,-1.1455,0.00038671,0.0058567,3.41261459728647,1.02925370559,1
"ESPL1",-2.06621030347704,-1.74620669542922,4.92843957577449e-12,1.68209402878175e-10,11.3072905636644,11.3072905636644,-1.9761,0.00017677,0.0029953,3.75259143807843,-1.6552,0.00017677,0.0029953,3.75259143807843,1.02975056327,1
"ESX1",0.161374240221669,0.387736143292994,0.180059934625826,0.413490992491099,-0.744582911870322,-0.744582911870322,0.31405,0.19922,0.48483,-0.700667064237478,0.54105,0.19922,0.48483,-0.700667064237478,0.796473220463,0
"ETF1",-2.32058715673765,-1.99441465225684,4.68037310718077e-10,9.83032650522483e-09,9.32971952471841,9.32971952471841,-2.9142,9.3658e-07,3.8794e-05,6.0284551205048,-2.5871,9.3658e-07,3.8794e-05,6.0284551205048,1.04387089653,1
"EVX1",-0.362485305544747,-0.0392653726186291,0.210852013039646,0.453728273499972,0.676022248346833,0.676022248346833,-0.22854,0.38529,0.62013,0.414212262726366,0.095581,0.38529,0.62013,-0.414212262726366,1.03712983103,0
"EWSR1",-0.593735948050889,-0.381783714200549,0.0112177493847805,0.0581673478001384,1.95009426677103,1.95009426677103,-0.4912,0.049046,0.31457,1.30939640619972,-0.27866,0.049046,0.31457,1.30939640619972,0.756975369415,1
"EXOC1",-1.35679999176833,-1.02308738895391,2.80795727223381e-09,5.09672244484377e-08,8.55160950500885,8.55160950500885,-1.2525,0.00055701,0.0080469,3.25413700786786,-0.91783,0.00055701,0.0080469,3.25413700786786,1.06094423934,1
"EXOC3",-0.953708915114701,-0.652648678705195,1.24047945386909e-05,0.000125718739855894,4.90641042457611,4.90641042457611,-0.98805,0.0073515,0.070901,2.13362403843169,-0.68615,0.0073515,0.070901,2.13362403843169,0.985505550893,1
"EXOC4",-1.36383504085822,-1.06858604119479,1.00599371116554e-06,1.18835338699054e-05,5.99740473420518,5.99740473420518,-1.4902,0.0020208,0.023975,2.69447666678874,-1.1941,0.0020208,0.023975,2.69447666678874,0.971656020039,1
"EXOSC1",-1.09238377765646,-0.766682095330262,1.50588388193607e-05,0.000151007128202749,4.82220851510654,4.82220851510654,-1.1287,0.015569,0.13097,1.80773928135796,-0.8021,0.015569,0.13097,1.80773928135796,1.04279806325,1
"EXOSC10",-1.28591788248477,-0.967628248637745,5.00054125030794e-05,0.000467818624166107,4.30098298580393,4.30098298580393,-1.0855,0.16483,0.46867,0.782963741372373,-0.76633,0.16483,0.46867,0.782963741372373,1.02580269292,1
"EXOSC2",-3.65631286712038,-3.36369554578373,5.51188053339294e-13,2.61410850210271e-11,12.2587002040631,12.2587002040631,-3.1317,2.1157e-09,3.3145e-07,8.67454591394374,-2.8383,2.1157e-09,3.3145e-07,8.67454591394374,0.965340111692,1
"EXOSC3",-1.06243699719964,-0.747517698270803,0.0037095648910017,0.0232996758993478,2.43067702745201,2.43067702745201,-0.67415,0.10407,0.45798,0.982674445438278,-0.35835,0.10407,0.45798,0.982674445438278,1.01800800558,1
"EXOSC4",-3.04722527017481,-2.74525737513906,1.84054485215359e-15,2.04525196274486e-13,14.7350535947859,14.7350535947859,-2.442,1.1681e-07,6.9325e-06,6.93251997606852,-2.1392,1.1681e-07,6.9325e-06,6.93251997606852,0.987656758422,1
"EXOSC5",-1.31984452793547,-1.0025278892905,4.10323308971603e-07,5.1291755424292e-06,6.38687381164577,6.38687381164577,-1.3114,0.0050784,0.052185,2.29427309492525,-0.99315,0.0050784,0.052185,2.29427309492525,1.02355673479,1
"EXOSC6",-1.3493205611423,-1.03414030306852,1.99802802498187e-10,4.61211469099983e-09,9.69939842451363,9.69939842451363,-1.2928,0.00046677,0.0069158,3.33089706448001,-0.97669,0.00046677,0.0069158,3.33089706448001,1.01861304105,1
"EXOSC7",-2.10527720819193,-1.7796150313284,1.27181485759313e-12,5.38984420691297e-11,11.8955761058086,11.8955761058086,-2.4192,7.8493e-07,3.3413e-05,6.105169071878,-2.0927,7.8493e-07,3.3413e-05,6.105169071878,1.04270800831,1
"EXOSC8",-2.77614268680579,-2.44185871752122,5.97393108274287e-16,7.71484762057193e-14,15.2237397918687,15.2237397918687,-2.8176,2.484e-08,2.25e-06,7.60484840849546,-2.4824,2.484e-08,2.25e-06,7.60484840849546,1.06222980875,1
"EXOSC9",-2.55276403797407,-2.32866551010776,2.0183936869726e-14,1.52480468534021e-12,13.6949941208522,13.6949941208522,-2.139,0.00027417,0.0043814,3.56198006795368,-1.9143,0.00027417,0.0043814,3.56198006795368,0.790340300119,1
"F13B",-0.0680435997339852,0.399132079794242,0.00656004518897128,0.0377657059327735,2.18309316896988,-2.18309316896988,-0.55383,0.042718,0.2836,1.36938908859412,-0.08535,0.042718,0.2836,1.36938908859412,1.52256262186,0
"F9",-0.144037520235323,0.082138530168013,0.869834679906262,0.940857263384252,0.0605632812054321,-0.0605632812054321,0.044594,0.83149,0.91808,-0.0801429695003061,0.2714,0.83149,0.91808,-0.0801429695003061,0.795970608931,0
"FABP2",-0.183471245251144,0.0406272826151663,0.411985218401314,0.652636398933475,0.385118365719063,-0.385118365719063,-0.14041,0.49858,0.70358,0.302265146738479,0.084313,0.49858,0.70358,-0.302265146738479,0.790340300119,0
"FAM210A",-0.996637045834963,-0.771137399374025,0.00442349355580161,0.0271437876467456,2.35423460107746,2.35423460107746,-0.74969,0.029544,0.21381,1.52953070535708,-0.52356,0.029544,0.21381,1.52953070535708,0.794139893033,1
"FAM47A",0.574479540711061,0.819285923159341,0.102615786001268,0.290562298939589,-0.98878582396219,-0.98878582396219,0.38872,0.18888,0.47803,-0.723814025929329,0.63421,0.18888,0.47803,-0.723814025929329,0.845502316744,0
"FAM47B",0.144343742669681,0.389150125117961,0.46274232630563,0.694113489458445,-0.334660774456751,-0.334660774456751,0.16712,0.31113,0.5645,-0.507058111018268,0.41261,0.31113,0.5645,-0.507058111018268,0.845502316744,0
"FAM47C",0.404359318329713,0.649165700777993,0.0781406463907988,0.243519024044894,-1.10712300054922,-1.10712300054922,0.46776,0.10761,0.45798,-0.968147368604371,0.71325,0.10761,0.45798,-0.968147368604371,0.845502316744,0
"FAM50A",-0.34151400445379,-0.121083150815783,0.0323001095788774,0.130408110346659,1.49079600431221,1.49079600431221,-0.51401,0.061771,0.37115,1.20921536788739,-0.29296,0.061771,0.37115,1.20921536788739,0.780346554575,1
"FAM71A",-0.526045748896885,-0.0964957192686057,0.0802599868292627,0.248382307038164,1.0955009158703,1.0955009158703,-0.35459,0.37703,0.61394,0.423624091926579,0.076158,0.37703,0.61394,-0.423624091926579,1.26199119289,0
"FAM71B",-0.229435459182859,0.0967370452979484,0.56858789504603,0.769048222915206,0.245202390461041,-0.245202390461041,-0.04726,0.72121,0.8533,0.141938260159965,0.27982,0.72121,0.8533,-0.141938260159965,1.04387089653,0
"FAM71C",0.0690341004457657,0.389037708493581,0.594347424954646,0.785834014464723,-0.225959614560303,-0.225959614560303,-0.037961,0.84967,0.92704,0.0707497154699712,0.28294,0.84967,0.92704,-0.0707497154699712,1.02975056327,0
"FAM89B",-0.53196618142065,-0.199918097940777,0.00340658962309562,0.0216514882636654,2.46768018083177,2.46768018083177,-0.65998,0.02277,0.17541,1.64263696938486,-0.327,0.02277,0.17541,1.64263696938486,1.05719254283,1
"FAM98B",-2.66991025673471,-2.3547472570274,1.91654817640412e-08,2.98055209891065e-07,7.71748025938198,7.71748025938198,-2.0144,4.3771e-05,0.00093788,4.35881353130508,-1.6983,4.3771e-05,0.00093788,4.35881353130508,1.01857303525,1
"FANCF",-0.00421848481456855,0.218902030518252,0.31458859825629,0.567238856459667,0.50225702171308,-0.50225702171308,-0.20899,0.34572,0.59113,0.461275495671962,0.014758,0.34572,0.59113,-0.461275495671962,0.787682155269,1
"FANCI",-1.31061025477343,-0.995447255066118,1.01976268749933e-06,1.20313112630709e-05,5.99150088265056,5.99150088265056,-1.2044,0.00068434,0.0096105,3.1647280745418,-0.88835,0.00068434,0.0096105,3.1647280745418,1.01857303525,1
"FARSA",-3.17298264564624,-2.76099297361923,5.20156404154328e-15,4.94614395651825e-13,14.283866050119,14.283866050119,-2.8875,1.6477e-09,2.7148e-07,8.78312185829714,-2.4743,1.6477e-09,2.7148e-07,8.78312185829714,1.22718838396,1
"FARSB",-2.22305784880281,-1.97473721040344,1.18357950188506e-06,1.38444033167253e-05,5.92680256488289,5.92680256488289,-1.8994,0.0027191,0.030842,2.56557482012505,-1.6503,0.0027191,0.030842,2.56557482012505,0.85465784459,1
"FBL",-3.57818878431443,-3.26087214566946,2.19449292734409e-08,3.35815398881726e-07,7.65866581450932,7.65866581450932,-4.0826,1.3194e-10,4.0028e-08,9.87962352025557,-3.7644,1.3194e-10,4.0028e-08,9.87962352025557,1.02355673479,1
"FCF1",-2.73657211523953,-2.50619264312983,2.44247246318375e-10,5.5050679467961e-09,9.61217032388545,9.61217032388545,-3.0717,2.2361e-08,2.0548e-06,7.65050877838978,-2.8407,2.2361e-08,2.0548e-06,7.65050877838978,0.807295566234,1
"FCRL4",-0.319452292813442,0.104186931053023,0.23942690313276,0.488124415954821,0.620827051817448,-0.620827051817448,-0.10823,0.66246,0.81408,0.178840339736405,0.31659,0.66246,0.81408,-0.178840339736405,1.25037007804,0
"FEN1",-2.05445558081999,-1.72240749734012,1.88448561348298e-07,2.48744292337709e-06,6.72480717368734,6.72480717368734,-2.3504,0.00046641,0.0069158,3.33123214671761,-2.0174,0.00046641,0.0069158,3.33123214671761,1.05719254283,1
"FEZF1",0.381842772168069,0.708056652928283,0.18160269715226,0.415685311457622,-0.740877705651691,-0.740877705651691,0.35557,0.25484,0.52352,-0.593732403589996,0.6827,0.25484,0.52352,-0.593732403589996,1.04396513997,0
"FEZF2",0.424875036292226,0.750537213155752,0.0737529360221322,0.234060858569599,-1.13222068622668,-1.13222068622668,0.58254,0.096719,0.45798,-1.01448820239467,0.90911,0.096719,0.45798,-1.01448820239467,1.04270800831,0
"FFAR1",0.241356655569747,0.558673294214716,0.0977413788344816,0.281813968046509,-1.00992153868637,-1.00992153868637,0.33422,0.18798,0.4777,-0.725888354734651,0.65242,0.18798,0.4777,-0.725888354734651,1.02355673479,0
"FGF3",-0.138837537077703,0.19321054640217,0.442226378260103,0.677265446128634,0.354355355852438,-0.354355355852438,-0.063199,0.73827,0.86329,0.131784779009704,0.26978,0.73827,0.86329,-0.131784779009704,1.05719254283,0
"FGF4",0.375187070061847,0.70723515354172,0.0668432303587904,0.218762784562939,-1.17494256995314,-1.17494256995314,0.48195,0.12223,0.45798,-0.912822188238843,0.81493,0.12223,0.45798,-0.912822188238843,1.05719254283,0
"FGF6",0.221657263150084,0.5416608711979,0.228859676928782,0.475921554253053,-0.640430719470372,-0.640430719470372,0.32513,0.201,0.48573,-0.696803942579511,0.64603,0.201,0.48573,-0.696803942579511,1.02975056327,0
"FIGLA",0.0412750192295078,0.413597356282922,0.957558027137734,0.981172281814374,-0.0188348987148191,-0.0188348987148191,0.10255,0.58642,0.76455,-0.231791226392987,0.47592,0.58642,0.76455,-0.231791226392987,1.14533730473,0
"FIP1L1",-2.56963934615989,-2.23592674334547,4.44661801204334e-14,3.00311696339874e-12,13.3519701771369,13.3519701771369,-2.3708,1.1572e-07,6.8905e-06,6.93659157502405,-2.0361,1.1572e-07,6.8905e-06,6.93659157502405,1.06094423934,1
"FKBPL",-0.827927988071754,-0.589498417757973,0.00150033885072834,0.0105815411269265,2.82381064468956,2.82381064468956,-0.67278,0.079053,0.43104,1.10208164428049,-0.43369,0.079053,0.43104,1.10208164428049,0.828739266687,1
"FLG2",0.139463555215132,0.563102779081597,0.67225829727789,0.837114654757464,-0.172463828837253,-0.172463828837253,0.17451,0.38754,0.62175,-0.411683465073207,0.59933,0.38754,0.62175,-0.411683465073207,1.25037007804,0
"FMR1NB",0.50682410592729,0.733000156330626,0.0511294347389254,0.182388369944957,-1.29132900858624,-1.29132900858624,0.47358,0.1254,0.45798,-0.901702463505302,0.70038,0.1254,0.45798,-0.901702463505302,0.795970608931,0
"FNBP4",-1.0323481181596,-0.700300034679727,2.10780751044098e-13,1.15018850046848e-11,12.6761690523638,12.6761690523638,-1.4183,0.00024722,0.0039975,3.60691639791054,-1.0853,0.00024722,0.0039975,3.60691639791054,1.05719254283,1
"FNDC7",-0.163866802558164,0.167940622705059,0.306672816019349,0.55988514018319,0.513324718885537,-0.513324718885537,-0.17697,0.33099,0.57926,0.480185127101694,0.15577,0.33099,0.57926,-0.480185127101694,1.05664930986,0
"FNDC9",0.314232999309486,0.640405503790293,0.208624045135801,0.451171406289059,-0.680635638057223,-0.680635638057223,0.41916,0.14056,0.4612,-0.852138251512761,0.74625,0.14056,0.4612,-0.852138251512761,1.04387089653,0
"FNTB",-1.56422964750877,-1.33385017539907,1.14740473836947e-07,1.56421874211524e-06,6.94028336096965,6.94028336096965,-1.7763,0.0032737,0.035918,2.48496112159914,-1.5453,0.0032737,0.035918,2.48496112159914,0.807295566234,1
"FOXB1",0.116443744200706,0.431606743908018,0.604145895898649,0.794102228753928,-0.218858170431113,-0.218858170431113,0.17644,0.29267,0.54968,-0.533621792435328,0.49248,0.29267,0.54968,-0.533621792435328,1.01857303525,0
"FOXB2",-0.240495700056005,0.0767360503495177,0.142758892392433,0.35854805654357,0.84539683021568,-0.84539683021568,-0.21462,0.15337,0.46371,0.814259582425038,0.1035,0.15337,0.46371,-0.814259582425038,1.02336062192,0
"FOXD4L3",-2.00075359053961,-1.68352184013409,1.36721352573255e-05,0.000138043064539494,4.86416365382597,4.86416365382597,-1.4496,0.027791,0.20367,1.55609582577865,-1.1315,0.027791,0.20367,1.55609582577865,1.02336062192,0
"FOXD4L4",-1.98858320318691,-1.67135145278139,2.01917974244754e-05,0.000199547995953463,4.69482501950182,4.69482501950182,-1.2778,0.0025821,0.029517,2.58802694231468,-0.95968,0.0025821,0.029517,2.58802694231468,1.02336062192,0
"FOXE3",0.383177389791836,0.70146702363886,0.00249556461573301,0.0165387401180669,-2.60283118079967,-2.60283118079967,0.51174,0.087969,0.44857,-1.05567034490486,0.83092,0.087969,0.44857,-1.05567034490486,1.02580269292,0
"FOXN1",-0.291824691454298,0.0264519259900532,0.10027178113662,0.286421343958658,0.998821270578343,-0.998821270578343,-0.26797,0.18602,0.47625,0.730440359961179,0.051198,0.18602,0.47625,-0.730440359961179,1.02577267031,0
"FOXR1",0.184390803826989,0.520889559887368,0.755751511685077,0.882441116918374,-0.121620975455695,-0.121620975455695,0.11245,0.41882,0.64524,-0.377972587541798,0.44989,0.41882,0.64524,-0.377972587541798,1.06720226046,0
"FRG2",-0.672516138599568,-0.341602404103098,0.0103079135098513,0.0545295186586738,1.98682923412112,1.98682923412112,-0.65358,0.016435,0.13663,1.78423029158236,-0.32174,0.016435,0.13663,1.78423029158236,1.05463020751,0
"FRMD7",0.355231701281997,0.581407751685333,0.051865995555659,0.184362055617502,-1.28511728150737,-1.28511728150737,0.43672,0.18321,0.47512,-0.737050825284472,0.66353,0.18321,0.47512,-0.737050825284472,0.795970608931,0
"FSCB",0.341536516938158,0.57191598904786,0.127481609205731,0.332227433426389,-0.894552463046137,-0.894552463046137,0.38544,0.14081,0.4612,-0.851366501510651,0.61646,0.14081,0.4612,-0.851366501510651,0.807295566234,0
"FTSJ3",-1.50742817561756,-1.19283896941483,5.07007601707245e-09,8.75378165440884e-08,8.29498552911881,8.29498552911881,-1.8208,9.1129e-05,0.001716,4.0403433954114,-1.5053,9.1129e-05,0.001716,4.0403433954114,1.0172423198,1
"FUT5",-0.225371940605601,0.0803254360160656,0.694144697332616,0.848556929972388,0.158549989627441,-0.158549989627441,0.16086,0.57268,0.7556,-0.24208798371277,0.46741,0.57268,0.7556,-0.24208798371277,0.996462348026,0
"FUT9",0.0897893003070261,0.328218870620807,0.80956538210091,0.910291419080727,-0.0917480710131547,-0.0917480710131547,0.11597,0.49186,0.69972,-0.308158494549081,0.35506,0.49186,0.69972,-0.308158494549081,0.828739266687,0
"G6PC",-0.141875890841853,0.176400726602498,0.556007851738217,0.760476268117861,0.254919075427828,-0.254919075427828,-0.095554,0.62149,0.78775,0.206565854922189,0.22361,0.62149,0.78775,-0.206565854922189,1.02577267031,0
"G6PD",-2.78588253029973,-2.56545167666172,1.2371407960233e-12,5.25454934097629e-11,11.907580871546,11.907580871546,-2.3011,3.1394e-05,0.00071432,4.50315334606315,-2.08,3.1394e-05,0.00071432,4.50315334606315,0.780346554575,1
"GABRA1",-0.114282458071487,0.21189004640932,0.607576288645086,0.795929102458775,0.216399183314082,-0.216399183314082,-0.062607,0.66757,0.81764,0.175503188360683,0.26448,0.66757,0.81764,-0.175503188360683,1.04387089653,0
"GABRA6",0.463504886054835,0.789677390535642,0.302655235037227,0.556966060780524,-0.519051809680994,-0.519051809680994,0.14463,0.65738,0.81066,-0.18218351294342,0.47171,0.65738,0.81066,-0.18218351294342,1.04387089653,0
"GADD45GIP1",-1.749800699952,-1.33781102792499,5.63302902111415e-08,8.0768254824122e-07,7.24925801129309,7.24925801129309,-1.4107,0.00035316,0.0054435,3.45202849185276,-0.99758,0.00035316,0.0054435,3.45202849185276,1.22718838396,1
"GAGE1",-0.950941951409409,-0.712951420758898,9.8309979163757e-10,1.94714884119885e-08,9.00740239594421,9.00740239594421,-1.046,0.00034277,0.0053134,3.46499719551371,-0.8073,0.00034277,0.0053134,3.46499719551371,0.827577942438,0
"GAK",0.140271043468099,0.463275970510331,0.989851374962019,0.996067353786377,-0.00443000932109295,-0.00443000932109295,0.069647,0.8128,0.90843,-0.090016305060156,0.39356,0.8128,0.90843,-0.090016305060156,1.03663771495,1
"GALNTL5",0.400846301903817,0.774696467377934,0.436533494701294,0.673627061531882,-0.359982427775455,-0.359982427775455,0.19815,0.43525,0.65736,-0.361261220210631,0.57305,0.43525,0.65736,-0.361261220210631,1.14857738865,0
"GALR1",0.103847984531501,0.329347630992439,0.390872743767819,0.636241760486657,-0.407964612616971,-0.407964612616971,0.25455,0.38005,0.61601,-0.420159263131558,0.48068,0.38005,0.61601,-0.420159263131558,0.794139893033,0
"GALR3",-0.170585065745969,0.0413671681043715,0.1581566870625,0.381672823210298,0.800912440846283,-0.800912440846283,-0.32692,0.25952,0.52656,0.585829167468938,-0.11438,0.25952,0.52656,0.585829167468938,0.756975369415,0
"GAR1",-0.700481666022125,-0.476383138155815,0.00039971962294933,0.0031952493322587,3.39824453092572,3.39824453092572,-0.67372,0.012166,0.10771,1.9148521878731,-0.449,0.012166,0.10771,1.9148521878731,0.790340300119,1
"GARS",-2.51848247947931,-2.19526254655319,1.67303388444314e-11,4.98079386812487e-10,10.7764952630557,10.7764952630557,-2.0951,6.0961e-06,0.0001812,5.21494791747358,-1.771,6.0961e-06,0.0001812,5.21494791747358,1.03712983103,1
"GART",-2.69987296361741,-2.47779424148411,2.58888332742417e-16,3.72021198828353e-14,15.586887521368,15.586887521368,-2.6538,4.3225e-09,5.5447e-07,8.36426499805404,-2.4311,4.3225e-09,5.5447e-07,8.36426499805404,0.784845263169,1
"GBF1",-0.816778296559233,-0.491076614233035,2.76041888721986e-07,3.54807573580587e-06,6.55902500974477,6.55902500974477,-1.1024,0.0026607,0.030307,2.57500409038264,-0.77574,0.0026607,0.030307,2.57500409038264,1.04279806325,1
"GBP7",0.258086017696303,0.481633015615398,0.284732157309675,0.537979322799259,-0.545563481383154,-0.545563481383154,0.18291,0.32335,0.57361,-0.490327134716864,0.40708,0.32335,0.57361,-0.490327134716864,0.788841896528,0
"GCG",0.142575990594199,0.397462880729097,0.878563128296435,0.945334519570442,-0.0562270272412128,-0.0562270272412128,0.072599,0.77115,0.8838,-0.112861137077285,0.3282,0.77115,0.8838,-0.112861137077285,0.871610435975,0
"GCM2",0.473996307204055,0.751712668012624,0.0117508795844432,0.0603748821229739,-1.92992962408391,-1.92992962408391,0.70019,0.17792,0.47321,-0.749775230098037,0.97868,0.17792,0.47321,-0.749775230098037,0.929047400627,0
"GDF2",-0.114223180230843,0.103888370123649,0.992590220148084,0.997473148196072,0.00323000816009877,-0.00323000816009877,0.065032,0.88773,0.94688,-0.0517191032983617,0.28375,0.88773,0.94688,-0.0517191032983617,0.773990956641,0
"GEMIN2",-1.30017906474402,-1.06979959263432,4.62534448074714e-07,5.72937194170578e-06,6.33485591686735,6.33485591686735,-1.7135,7.2365e-05,0.0014288,4.14047143355642,-1.4825,7.2365e-05,0.0014288,4.14047143355642,0.807295566234,1
"GEMIN5",-0.745136199569595,-0.418963695088788,0.0122737022553614,0.0624733079112441,1.91102441636429,1.91102441636429,-0.64426,0.17981,0.4744,0.745186158965126,-0.31718,0.17981,0.4744,0.745186158965126,1.04387089653,1
"GET4",-1.16155498788627,-0.861567324772373,7.87482900586779e-05,0.000711975434196552,4.10375886771161,4.10375886771161,-1.6691,0.024728,0.18644,1.60681100794475,-1.3682,0.024728,0.18644,1.60681100794475,0.982959343558,1
"GFER",-1.6092223708979,-1.29404211282412,1.03741051669402e-07,1.42545127286649e-06,6.98404935368287,6.98404935368287,-1.5523,0.0014284,0.017949,2.84515015847926,-1.2362,0.0014284,0.017949,2.84515015847926,1.01861304105,1
"GFM1",-3.28419431964991,-2.95853214278638,1.14084399963863e-15,1.36150431334155e-13,14.9427737374644,14.9427737374644,-3.0187,3.9979e-09,5.2698e-07,8.3981680731472,-2.6921,3.9979e-09,5.2698e-07,8.3981680731472,1.04270800831,1
"GFM2",-2.8655751338154,-2.53940262933459,1.69915677907199e-08,2.65978570994292e-07,7.76976654747319,7.76976654747319,-2.8055,5.704e-08,4.0198e-06,7.24382048315619,-2.4784,5.704e-08,4.0198e-06,7.24382048315619,1.04387089653,1
"GFRA4",0.320393899507776,0.640181537916915,0.267022017397433,0.519290986825106,-0.573452927249733,-0.573452927249733,0.35515,0.17662,0.47321,-0.752960119570254,0.67583,0.17662,0.47321,-0.752960119570254,1.02925370559,0
"GFRAL",0.624007797691535,0.862437368005316,0.00113726649373359,0.00826171588549223,-2.94413775589564,-2.94413775589564,0.64013,0.10696,0.45798,-0.970778605746072,0.87922,0.10696,0.45798,-0.970778605746072,0.828739266687,0
"GGPS1",-3.25966806531,-2.83011803568172,1.01806103241885e-12,4.43239191631467e-11,11.9922261854097,11.9922261854097,-3.226,4.5871e-10,1.0959e-07,9.33846179202961,-2.7953,4.5871e-10,1.0959e-07,9.33846179202961,1.26199119289,1
"GH2",-0.3270111761346,-0.0124219699318741,0.0278846270520776,0.117005241898213,1.55463515968265,1.55463515968265,-0.39895,0.08676,0.44697,1.06168045665784,-0.083478,0.08676,0.44697,1.06168045665784,1.0172423198,0
"GHRH",-0.555513934776501,-0.133732331290207,0.0165964643269878,0.0791042949330967,1.77998442321474,1.77998442321474,-0.41517,0.094647,0.45798,1.0238931471951,0.0077939,0.094647,0.45798,-1.0238931471951,1.24669843105,0
"GHSR",0.0481532707946549,0.265358550472869,0.427786759678972,0.666567671297111,-0.36877266129639,-0.36877266129639,0.20749,0.28116,0.54157,-0.551046465355412,0.42531,0.28116,0.54157,-0.551046465355412,0.771499871013,0
"GID8",-0.502201621905704,-0.102305255712459,0.0578662353986668,0.198527617514758,1.23757477059596,1.23757477059596,-0.38455,0.18241,0.47512,0.738951356655775,0.016466,0.18241,0.47512,-0.738951356655775,1.20272299885,1
"GINS2",-2.8869345735524,-2.57175431547862,2.40750491319522e-18,7.79909176371189e-16,17.6184328179017,17.6184328179017,-2.8358,1.182e-08,1.2146e-06,7.92738252345476,-2.5197,1.182e-08,1.2146e-06,7.92738252345476,1.01861304105,1
"GINS3",-2.39122962350016,-2.07604936542638,4.9508205687113e-10,1.03528483074156e-08,9.30532281340406,9.30532281340406,-2.2913,6.1238e-05,0.001236,4.21297900156534,-1.9753,6.1238e-05,0.001236,4.21297900156534,1.01861304105,1
"GINS4",-1.58102918485173,-1.36645341542422,6.10957708919404e-12,2.04504985824458e-10,11.213988850999,11.213988850999,-1.7165,3.4299e-05,0.00076854,4.46471854178851,-1.5013,3.4299e-05,0.00076854,4.46471854178851,0.764247638684,1
"GJA10",0.258625980150513,0.497055550464294,0.215681792881498,0.460081038766079,-0.666186515003339,-0.666186515003339,0.27177,0.20343,0.48684,-0.691585000903328,0.51087,0.20343,0.48684,-0.691585000903328,0.828739266687,0
"GJA8",-0.491502672705882,-0.0678634488394169,0.179923320287538,0.413375937090481,0.74491254307014,0.74491254307014,-0.25568,0.19997,0.48514,0.699035153394606,0.16914,0.19997,0.48514,-0.699035153394606,1.25037007804,0
"GK2",-0.539490892969539,-0.377845076293845,0.101314051571615,0.288328687863054,0.994330316764047,0.994330316764047,-0.27054,0.19294,0.48081,0.714577725811753,-0.10844,0.19294,0.48081,0.714577725811753,0.609931911609,0
"GKN2",0.308272458906247,0.680594795959661,0.970539548517995,0.987790997171463,-0.012986762848332,-0.012986762848332,0.029034,0.89395,0.95023,-0.0486867712838953,0.4024,0.89395,0.95023,-0.0486867712838953,1.14533730473,0
"GLE1",-0.866416450418021,-0.573799129081366,0.00120776792912879,0.00870768330042952,2.91801650675893,2.91801650675893,-0.6922,0.068337,0.39551,1.16534409068276,-0.39877,0.068337,0.39551,1.16534409068276,0.965340111692,1
"GLI4",-0.332931986524177,-0.0309640914884304,0.275737243555158,0.528581186906975,0.55950457020872,0.55950457020872,-0.24327,0.15922,0.46626,0.798002380416895,0.059537,0.15922,0.46626,-0.798002380416895,0.987656758422,1
"GLRA1",-0.0518264729295372,0.27434603155127,0.730276444504375,0.869791563421768,0.136512707556215,-0.136512707556215,-0.0042187,0.9808,0.99165,0.00841954282566018,0.32287,0.9808,0.99165,-0.00841954282566018,1.04387089653,0
"GLRA2",0.265413541618443,0.487392537410428,0.44345775079021,0.678118888779365,-0.353147750066087,-0.353147750066087,0.22566,0.30346,0.55979,-0.517898546513402,0.44826,0.30346,0.55979,-0.517898546513402,0.784573407015,0
"GLRX3",-1.18120288960368,-0.855501207277482,2.59762621840512e-08,3.92788211332097e-07,7.58542334093148,7.58542334093148,-1.0497,0.0023783,0.027492,2.6237333641299,-0.72313,0.0023783,0.027492,2.6237333641299,1.04279806325,1
"GLRX5",-2.96999168053075,-2.73961220842105,2.26709535908939e-12,8.6661987196551e-11,11.6445302120943,11.6445302120943,-2.6948,1.6867e-07,9.2638e-06,6.77296215506977,-2.4638,1.6867e-07,9.2638e-06,6.77296215506977,0.807295566234,1
"GLT6D1",-0.165851832176606,0.126765489160049,0.268422681372074,0.520759548563474,0.571180789626186,-0.571180789626186,-0.20179,0.43515,0.65732,0.361361012141655,0.091649,0.43515,0.65732,-0.361361012141655,0.965340111692,0
"GML",-0.643866073040662,-0.341898178004915,0.0188993754288458,0.087231046262142,1.72355254779965,1.72355254779965,-0.39213,0.11271,0.45798,0.948037550216953,-0.089316,0.11271,0.45798,0.948037550216953,0.987656758422,0
"GMNN",-2.39936834236507,-2.1216519815565,5.97706316164696e-10,1.22970514756252e-08,9.22351215480547,9.22351215480547,-2.0525,2.0993e-06,7.458e-05,5.67792549422622,-1.774,2.0993e-06,7.458e-05,5.67792549422622,0.929047400627,1
"GMPPB",-2.6172477341677,-2.29158555730417,3.60769709886876e-10,7.75634585496948e-09,9.44276993282968,9.44276993282968,-3.0196,2.1776e-07,1.1529e-05,6.66202189214074,-2.693,2.1776e-07,1.1529e-05,6.66202189214074,1.04270800831,1
"GMPS",-3.08046747450945,-2.75480529764592,1.44099313379868e-11,4.35097974191062e-10,10.8413380885548,10.8413380885548,-2.9003,4.8832e-09,6.0606e-07,8.31129548806123,-2.5738,4.8832e-09,6.0606e-07,8.31129548806123,1.04270800831,1
"GNB1L",-2.00433760874001,-1.79097384614898,0.000153947205489643,0.00132420924325992,3.81262819017386,3.81262819017386,-1.782,0.013565,0.11737,1.86758020190239,-1.5681,0.013565,0.11737,1.86758020190239,0.760892590018,1
"GNL2",-2.57973871178921,-2.26144907794219,2.91797310874234e-10,6.4400946913848e-09,9.53491871476561,9.53491871476561,-2.0418,0.00073349,0.010211,3.13460580271289,-1.7227,0.00073349,0.010211,3.13460580271289,1.02580269292,1
"GNL3",-2.60370249939019,-2.27804032252666,9.49839951812567e-11,2.37001187976418e-09,10.0223495672379,10.0223495672379,-2.8375,8.0769e-07,3.4154e-05,6.09275529408005,-2.511,8.0769e-07,3.4154e-05,6.09275529408005,1.04270800831,1
"GNL3L",-2.55753816169331,-2.44852999889262,5.20656008550078e-19,2.07318714404534e-16,18.2834491153357,18.2834491153357,-2.5962,7.4937e-08,4.7629e-06,7.12530369727805,-2.4868,7.4937e-08,4.7629e-06,7.12530369727805,0.438124436432,1
"GOLGA6L2",0.0344285696914365,0.349591569398749,0.987465671783165,0.995361036670614,-0.0054779932349524,-0.0054779932349524,0.057923,0.7905,0.89486,-0.102098125731772,0.37397,0.7905,0.89486,-0.102098125731772,1.01857303525,0
"GON4L",-1.19056146019992,-0.766922236333455,5.39381636061635e-05,0.000502153005847347,4.26810384374309,4.26810384374309,-1.0055,0.0037482,0.040287,2.42617724367033,-0.58069,0.0037482,0.040287,2.42617724367033,1.25037007804,1
"GOSR2",-3.13217898302561,-2.81390236558126,2.14372980671285e-21,2.04865538978514e-18,20.6688299535167,20.6688299535167,-2.9053,7.1868e-09,8.2748e-07,8.14346444086817,-2.5862,7.1868e-09,8.2748e-07,8.14346444086817,1.02577267031,1
"GOT1L1",0.0883506041356563,0.302926373563162,0.89275124875081,0.951866262265661,-0.0492695336580515,-0.0492695336580515,0.093774,0.44316,0.66375,-0.353439446301396,0.30895,0.44316,0.66375,-0.353439446301396,0.764247638684,0
"GPI",-2.83808525891839,-2.52076862027342,4.38547689624639e-13,2.13281475618212e-11,12.357983172618,12.357983172618,-2.8264,1.6078e-09,2.6956e-07,8.7937679756737,-2.5082,1.6078e-09,2.6956e-07,8.7937679756737,1.02355673479,1
"GPKOW",-0.303312886945655,-0.0653223562951443,0.172963807909365,0.40314608429234,0.762044762013449,0.762044762013449,-0.33654,0.2179,0.49758,0.661742769753744,-0.097886,0.2179,0.49758,0.661742769753744,0.827577942438,1
"GPN1",-2.84581457582985,-2.47931991738938,2.75166040150207e-12,1.02427026258305e-10,11.5604051659505,11.5604051659505,-3.4326,4.9848e-11,1.9055e-08,10.3023522617533,-3.0651,4.9848e-11,1.9055e-08,10.3023522617533,1.13291122865,1
"GPN2",-4.16855334828443,-3.85026371443741,0.00229275003840192,0.0153597376389681,2.63964329060809,2.63964329060809,-5.0235,1.5262e-17,1.4585e-13,16.8163885507816,-4.7043,1.5262e-17,1.4585e-13,16.8163885507816,1.02580269292,1
"GPN3",-0.787310336219512,-0.467306728171696,0.00327037390075561,0.0208703360150724,2.48540259175807,2.48540259175807,-0.7739,0.054517,0.33952,1.26346805084347,-0.453,0.054517,0.33952,1.26346805084347,1.02975056327,1
"GPR101",0.48457940596722,0.710755456370556,0.0140543205692532,0.0692345573183581,-1.85219014473149,-1.85219014473149,0.51953,0.092728,0.4555,-1.03278910717843,0.74634,0.092728,0.4555,-1.03278910717843,0.795970608931,0
"GPR119",0.125272203460958,0.351448253864294,0.805187094689005,0.90811135428344,-0.0941031944767107,-0.0941031944767107,0.13264,0.58102,0.7608,-0.23580891797087,0.35944,0.58102,0.7608,-0.23580891797087,0.795970608931,0
"GPR139",0.520263602068583,0.835443860142364,0.0132074775306331,0.0661563851256038,-1.87918011948867,-1.87918011948867,0.53101,0.1284,0.45798,-0.891434976267166,0.84707,0.1284,0.45798,-0.891434976267166,1.01861304105,0
"GPR148",0.388633872665236,0.643520762800134,0.242186972444026,0.491810412698965,-0.615849221836401,-0.615849221836401,0.2491,0.23224,0.50696,-0.634062977176383,0.5047,0.23224,0.50696,-0.634062977176383,0.871610435975,0
"GPR151",-0.221206771725901,0.104965732754906,0.330753289936276,0.583181515733584,0.480495827279344,-0.480495827279344,-0.1586,0.46208,0.67754,0.335282828446474,0.16848,0.46208,0.67754,-0.335282828446474,1.04387089653,0
"GPR152",0.304397217446298,0.636445300926171,0.898103531763992,0.954647323068071,-0.0466735957580176,-0.0466735957580176,0.031712,0.896,0.95113,-0.0476919903378748,0.36469,0.896,0.95113,-0.0476919903378748,1.05719254283,0
"GPR26",0.476499444849977,0.802201127176175,0.0634337006280513,0.210890297461114,-1.19767995176726,-1.19767995176726,0.47712,0.19933,0.48483,-0.700427333241505,0.80374,0.19933,0.48483,-0.700427333241505,1.04279806325,0
"GPR31",0.603599894263333,0.842029464577114,0.0503671578475844,0.18034235442879,-1.2978525551168,-1.2978525551168,0.57335,0.16897,0.46981,-0.772190395924784,0.81245,0.16897,0.46981,-0.772190395924784,0.828739266687,0
"GPR32",0.498511500705645,0.815828139350614,0.0343342514961931,0.136657756944344,-1.46427241600289,-1.46427241600289,0.37072,0.20118,0.4858,-0.696415196187536,0.68892,0.20118,0.4858,-0.696415196187536,1.02355673479,0
"GPR45",0.14706146553119,0.393831492198916,0.480581798070855,0.707654846419742,-0.318232682027928,-0.318232682027928,0.17916,0.41539,0.64282,-0.381543962777073,0.42662,0.41539,0.64282,-0.381543962777073,0.850625268501,0
"GPR50",0.490124680286896,0.712447366577801,0.0302666939937891,0.124352390864852,-1.51903501408361,-1.51903501408361,0.55606,0.17876,0.47343,-0.747729654011678,0.77901,0.17876,0.47343,-0.747729654011678,0.785510098849,0
"GPR52",0.194670509779351,0.625843310163904,0.219009838169623,0.464587684454606,-0.659536375722387,-0.659536375722387,0.2261,0.18558,0.47612,-0.731468829613177,0.65848,0.18558,0.47612,-0.731468829613177,1.26516537946,0
"GPR78",0.7636730515749,1.09738565438932,0.0743931835523482,0.235601468188059,-1.12846685586839,-1.12846685586839,0.68924,0.13005,0.45857,-0.885889643468109,1.0239,0.13005,0.45857,-0.885889643468109,1.06094423934,0
"GPRC6A",-0.0895805203385486,0.148849049975232,0.505775687686806,0.727519197378761,0.296042050747315,-0.296042050747315,-0.064052,0.66465,0.81542,0.177406990912707,0.17504,0.66465,0.81542,-0.177406990912707,0.828739266687,0
"GPS1",-1.51531914348122,-1.20072993727849,8.71634508356633e-06,9.0344633179069e-05,5.05966558419426,5.05966558419426,-1.2012,0.020536,0.16213,1.68748414433661,-0.88574,0.020536,0.16213,1.68748414433661,1.0172423198,1
"GPX5",0.258258309672636,0.496687879986417,0.560983793275291,0.763194716335986,-0.251049685255034,-0.251049685255034,0.25127,0.11802,0.45798,-0.92804438969702,0.49037,0.11802,0.45798,-0.92804438969702,0.828739266687,0
"GPX6",0.0815756855733878,0.320005255887169,0.836666440521948,0.924440808504848,-0.077447650625178,-0.077447650625178,0.051823,0.73026,0.85876,-0.136522487192368,0.29092,0.73026,0.85876,-0.136522487192368,0.828739266687,0
"GRB2",-0.449849919421463,-0.135260713218737,0.148870500864514,0.367525990602298,0.827191350474679,0.827191350474679,-0.31433,0.038829,0.26252,1.41084379410691,0.0011407,0.038829,0.26252,-1.41084379410691,1.0172423198,1
"GRM4",-0.339291178920154,-0.100861608606373,0.204484064152358,0.445593879619657,0.68934053176601,0.68934053176601,-0.27128,0.57481,0.75673,0.240475685027997,-0.03218,0.57481,0.75673,0.240475685027997,0.828739266687,0
"GRM5",-0.213580714681851,0.118467368798022,0.429899777701196,0.668105832562419,0.366632779454216,-0.366632779454216,-0.063511,0.6347,0.79558,0.197431501686044,0.26947,0.6347,0.79558,-0.197431501686044,1.05719254283,0
"GRM6",0.550043195384889,0.876215699865696,0.0619253221733116,0.207136626303554,-1.20813172527135,-1.20813172527135,0.53782,0.16372,0.46804,-0.785898264026768,0.86491,0.16372,0.46804,-0.785898264026768,1.04387089653,0
"GRPEL1",-3.3654068707991,-3.03169426798468,2.02161516637309e-17,4.89102919935303e-15,16.6943015129523,16.6943015129523,-3.1148,1.6748e-08,1.6085e-06,7.77603704778081,-2.7802,1.6748e-08,1.6085e-06,7.77603704778081,1.06094423934,1
"GRWD1",-1.36746553836629,-1.05014889972132,6.46950959287134e-05,0.000592769591795542,4.18912863883392,4.18912863883392,-0.9267,0.14818,0.46234,0.829210409553608,-0.6085,0.14818,0.46234,0.829210409553608,1.02355673479,1
"GSC2",0.222335604824458,0.435699367415483,0.100487937201079,0.286789001601348,-0.997886068805026,-0.997886068805026,0.36883,0.17866,0.47343,-0.747972670347214,0.5828,0.17866,0.47343,-0.747972670347214,0.760892590018,0
"GSPT1",-1.61877998880666,-1.30359973073288,7.60991116232879e-07,9.14768755003712e-06,6.11862041312898,6.11862041312898,-1.7354,1.3568e-05,0.0003533,4.86748416508736,-1.4193,1.3568e-05,0.0003533,4.86748416508736,1.01861304105,1
"GSTA5",0.332046013926146,0.570475584239927,0.183549852825516,0.418438494400535,-0.736245959387136,-0.736245959387136,0.27707,0.17422,0.4716,-0.758901990596666,0.51616,0.17422,0.4716,-0.758901990596666,0.828739266687,0
"GSX1",0.57389508513449,0.907125288912761,0.0344348194158463,0.136943966603219,-1.46300219021335,-1.46300219021335,0.62209,0.14197,0.4612,-0.847803417665791,0.95625,0.14197,0.4612,-0.847803417665791,1.05985795326,0
"GSX2",0.408192126337093,0.741904729151515,0.0223422061970078,0.0990091785400906,-1.65087394438608,-1.65087394438608,0.47873,0.14332,0.46139,-0.843693200505927,0.81337,0.14332,0.46139,-0.843693200505927,1.06094423934,0
"GTF2A1",-1.07414422547608,-0.843764753366378,3.49425463634841e-07,4.41120798312597e-06,6.45664544991648,6.45664544991648,-1.0113,0.0009902,0.013143,3.00427707800453,-0.78031,0.0009902,0.013143,3.00427707800453,0.807295566234,1
"GTF2A2",-2.51712607213131,-2.201963072424,9.87296388786274e-12,3.09855433150608e-10,11.0055524514931,11.0055524514931,-2.3279,1.7764e-05,0.00044464,4.75045923549836,-2.0118,1.7764e-05,0.00044464,4.75045923549836,1.01857303525,1
"GTF2B",-2.62754905822329,-2.39912079396834,1.97234142039877e-11,5.78928485080146e-10,10.7050179047291,10.7050179047291,-2.564,1.2953e-06,5.0183e-05,5.88762963447417,-2.3349,1.2953e-06,5.0183e-05,5.88762963447417,0.802049629625,1
"GTF2E1",-0.772021469184761,-0.446359292321235,0.0229664685102283,0.101165732342935,1.63890577992172,1.63890577992172,-0.61031,0.075391,0.42023,1.12268049608819,-0.28374,0.075391,0.42023,1.12268049608819,1.04270800831,1
"GTF2E2",-1.79659390195925,-1.58201813253174,4.98693247562575e-12,1.6990238931664e-10,11.3021665122031,11.3021665122031,-1.6954,1.8582e-05,0.00046272,4.73090754425957,-1.4803,1.8582e-05,0.00046272,4.73090754425957,0.764247638684,1
"GTF2H3",-1.83683219208764,-1.51682858403982,3.63784216499087e-11,1.00768227970247e-09,10.4391561475926,10.4391561475926,-1.6623,0.00015856,0.0027426,3.7998063628588,-1.3414,0.00015856,0.0027426,3.7998063628588,1.02975056327,1
"GTF2H4",-1.24653085507156,-1.00810128475778,7.69370224379902e-11,1.97647487884047e-09,10.1138646254606,10.1138646254606,-1.3843,0.00048994,0.0072254,3.30985710214376,-1.1452,0.00048994,0.0072254,3.30985710214376,0.828739266687,1
"GTF3C1",-1.24762103641887,-0.932440778345089,3.07513791954263e-09,5.53437957214862e-08,8.51213540139975,8.51213540139975,-1.3063,0.00014038,0.002482,3.85269476192381,-0.99025,0.00014038,0.002482,3.85269476192381,1.01861304105,1
"GTF3C2",-1.25757392640431,-0.891079267963844,0.000388085330190894,0.00310994910173076,3.41107277348662,3.41107277348662,-1.0224,0.085149,0.44381,1.06982044807756,-0.65489,0.085149,0.44381,1.06982044807756,1.13291122865,1
"GTF3C3",-2.28239091110297,-2.0340702727036,5.43407678991114e-13,2.58758608260008e-11,12.2648742287818,12.2648742287818,-2.2868,3e-07,1.501e-05,6.52287874528034,-2.0378,3e-07,1.501e-05,6.52287874528034,0.85465784459,1
"GTF3C4",-1.87764719181546,-1.58502987047881,8.17470036274322e-11,2.08324064044148e-09,10.087528157101,10.087528157101,-2.2456,1.5222e-06,5.7157e-05,5.81752828239463,-1.9522,1.5222e-06,5.7157e-05,5.81752828239463,0.965340111692,1
"GTF3C5",-1.56535046005334,-1.27273313871669,2.23270645400911e-12,8.55184738586698e-11,11.6511683722193,11.6511683722193,-1.3437,7.8715e-05,0.0015212,4.10394250021409,-1.0503,7.8715e-05,0.0015212,4.10394250021409,0.965340111692,1
"GTPBP4",-3.9969903443019,-3.77887879394741,4.01904153455859e-11,1.10367731106348e-09,10.3958775055929,10.3958775055929,-3.316,3.1116e-08,2.5857e-06,7.50701623718302,-3.0972,3.1116e-08,2.5857e-06,7.50701623718302,0.773990956641,1
"GTPBP8",-1.35512459034329,-1.02946241347976,7.25487961559525e-08,1.01882817114528e-06,7.13936978966545,7.13936978966545,-1.5174,0.00090037,0.012144,3.04557898396418,-1.1908,0.00090037,0.012144,3.04557898396418,1.04270800831,1
"GUCA2A",0.34899146782517,0.667281101672194,0.16909654905777,0.398316778671574,-0.771865255444606,-0.771865255444606,0.45299,0.15012,0.46278,-0.823561444258955,0.77217,0.15012,0.46278,-0.823561444258955,1.02580269292,0
"GUCY2F",0.342590703781179,0.567613345387667,0.19640920963015,0.43494024141595,-0.706838151998252,-0.706838151998252,0.33479,0.20723,0.48923,-0.683547373003344,0.56044,0.20723,0.48923,-0.683547373003344,0.79284746099,0
"GUK1",-2.11283264784148,-1.6832826182132,1.1312816039392e-08,1.8386211986471e-07,7.94642927499144,7.94642927499144,-2.1799,0.00017874,0.0030179,3.74777824640131,-1.7491,0.00017874,0.0030179,3.74777824640131,1.26199119289,1
"H1FOO",-0.0142488859948702,0.311413290868656,0.581726496129641,0.77813648390615,0.235281154766474,-0.235281154766474,-0.014468,0.89903,0.95271,0.0462258159229746,0.3121,0.89903,0.95271,-0.0462258159229746,1.04270800831,0
"H2AFX",-0.731129701852186,-0.394630945791807,0.00687567690517351,0.0393339756625505,2.16268453943075,2.16268453943075,-0.87443,0.21636,0.49692,0.664823027229973,-0.53699,0.21636,0.49692,0.664823027229973,1.06720226046,1
"H2BFM",0.124668966137015,0.35103086920834,0.262521650226315,0.514623210335954,-0.580834874406239,-0.580834874406239,0.24293,0.14588,0.46234,-0.836004245358256,0.46992,0.14588,0.46234,-0.836004245358256,0.796473220463,0
"H2BFWT",0.255169930061765,0.48153183313309,0.346555518949487,0.597538622794907,-0.460227180555964,-0.460227180555964,0.23744,0.30479,0.56058,-0.515999286072802,0.46443,0.30479,0.56058,-0.515999286072802,0.796473220463,0
"HAO1",0.349984390473892,0.669772028883031,0.147221599913544,0.365007969794728,-0.832028466934172,-0.832028466934172,0.46603,0.1671,0.46949,-0.777023550106609,0.78671,0.1671,0.46949,-0.777023550106609,1.02925370559,0
"HARS",-3.24821867564804,-2.92204617116723,5.88747782288567e-12,1.98111555684532e-10,11.2300707157724,11.2300707157724,-3.0885,4.5123e-08,3.4089e-06,7.34560203402175,-2.7614,4.5123e-08,3.4089e-06,7.34560203402175,1.04387089653,1
"HARS2",-2.06495785797212,-1.73878535349131,2.56512675392464e-12,9.65103693853576e-11,11.5908911696672,11.5908911696672,-1.9652,0.00065493,0.0092655,3.18380511563922,-1.6381,0.00065493,0.0092655,3.18380511563922,1.04387089653,1
"HAUS1",-1.75979899543861,-1.53429934897767,1.63349293687447e-07,2.18175754734324e-06,6.78688273904779,6.78688273904779,-1.5095,0.011472,0.10265,1.94036086167628,-1.2834,0.011472,0.10265,1.94036086167628,0.794139893033,1
"HAUS3",-2.91559373689664,-2.59258880985441,1.32984999969277e-11,4.05381547753237e-10,10.8761973424762,10.8761973424762,-2.7839,3.2468e-09,4.4968e-07,8.48854446270493,-2.46,3.2468e-09,4.4968e-07,8.48854446270493,1.03663771495,1
"HAUS4",-1.67135262244236,-1.44097315033266,1.05350831561474e-13,6.41264472495048e-12,12.9773620320432,12.9773620320432,-1.5523,9.5883e-05,0.0017914,4.01825838616255,-1.3212,9.5883e-05,0.0017914,4.01825838616255,0.807295566234,1
"HAUS5",-2.38623373401485,-2.06891709536988,1.47258538586451e-10,3.51379831211341e-09,9.8319195138348,9.8319195138348,-2.1908,2.2874e-05,0.00054699,4.64065788322763,-1.8726,2.2874e-05,0.00054699,4.64065788322763,1.02355673479,1
"HAUS7",-1.43192301047321,-1.26327080652602,4.4775467114957e-09,7.81229042052519e-08,8.34895987472762,8.34895987472762,-1.1419,0.00039687,0.0059869,3.40135172882496,-0.97274,0.00039687,0.0059869,3.40135172882496,0.631331808552,1
"HAUS8",-2.19051122268481,-1.7785215506578,2.37812070052672e-05,0.000232972941820437,4.62376610672219,4.62376610672219,-1.7119,0.012312,0.10874,1.90967139317658,-1.2987,0.012312,0.10874,1.90967139317658,1.22718838396,1
"HCFC1",-1.93407957020362,-1.71364871656561,2.63565875025443e-08,3.97595467195051e-07,7.57911082035848,7.57911082035848,-2.4694,1.2246e-05,0.00032583,4.91200574490029,-2.2484,1.2246e-05,0.00032583,4.91200574490029,0.780346554575,1
"HCFC1R1",-0.379889384589449,-0.0647091265156684,0.271265373944427,0.523859455961943,0.566605638839186,0.566605638839186,-0.16919,0.5338,0.72838,0.272621430548511,0.14687,0.5338,0.72838,-0.272621430548511,1.01861304105,1
"HCRTR2",0.306767753960661,0.545197324274442,0.241727321258984,0.491169899076301,-0.616674260633136,-0.616674260633136,0.24424,0.18737,0.47707,-0.727299943210414,0.48333,0.18737,0.47707,-0.727299943210414,0.828739266687,0
"HDAC3",-2.50677411676623,-2.18060161228542,3.81363738522007e-13,1.9031344998358e-11,12.4186606036562,12.4186606036562,-2.3521,1.7597e-05,0.00044254,4.75456136596423,-2.025,1.7597e-05,0.00044254,4.75456136596423,1.04387089653,1
"HDGFL1",0.446223747605183,0.723940108413752,0.0320671582362682,0.129604481998265,-1.49393952516639,-1.49393952516639,0.5205,0.17515,0.47217,-0.756589858346289,0.79899,0.17515,0.47217,-0.756589858346289,0.929047400627,0
"HEATR1",-1.74517027117712,-1.31562024154884,1.10298106595099e-11,3.43343275464516e-10,10.9574319427036,10.9574319427036,-1.7421,0.00053604,0.0077853,3.27080280148054,-1.3114,0.00053604,0.0077853,3.27080280148054,1.26199119289,1
"HECTD1",-0.87708375135221,-0.646704279242508,0.00164257062200897,0.0114661987941773,2.78447594895878,2.78447594895878,-0.69495,0.023897,0.18134,1.62165661642523,-0.46393,0.023897,0.18134,1.62165661642523,0.807295566234,1
"HGS",-0.362003868800143,-0.0474146625974171,0.0948513046196133,0.276918507931687,1.02295669128873,1.02295669128873,-0.44753,0.068321,0.39551,1.16544578559622,-0.13206,0.068321,0.39551,1.16544578559622,1.0172423198,1
"HHLA1",0.0810109579773377,0.40652666783519,0.927438348923351,0.966950096169103,-0.0327149502975976,-0.0327149502975976,0.073579,0.74189,0.86577,-0.129660482772778,0.4,0.74189,0.86577,-0.129660482772778,1.04237407941,0
"HINFP",-4.02460324227601,-3.68810448621563,1.4575342939488e-10,3.48223162003043e-09,9.83638121804578,9.83638121804578,-3.3082,3.6098e-09,4.8588e-07,8.44251685939698,-2.9708,3.6098e-09,4.8588e-07,8.44251685939698,1.06720226046,1
"HIST1H2AA",0.155658342689262,0.433374703497831,0.61064557826313,0.797817276460674,-0.214210783317029,-0.214210783317029,0.15148,0.42385,0.64923,-0.372787812506672,0.42998,0.42385,0.64923,-0.372787812506672,0.929047400627,0
"HIST1H2BA",0.170228706370543,0.447945067179112,0.218526468401311,0.463871211745254,-0.660495952815062,-0.660495952815062,0.35881,0.23183,0.50687,-0.634830364785617,0.63731,0.23183,0.50687,-0.634830364785617,0.929047400627,0
"HIST1H4A",0.0297856915535252,0.307502052362094,0.650370460846922,0.822941451053771,-0.186839192171846,-0.186839192171846,-0.011429,0.95082,0.97766,0.0219016916911377,0.26706,0.95082,0.97766,-0.0219016916911377,0.929047400627,1
"HIST1H4G",-0.0290678032973355,0.248648557511234,0.898456942744483,0.95480720304005,0.0465027309941212,-0.0465027309941212,0.011419,0.93739,0.97113,-0.0280796838091776,0.28991,0.93739,0.97113,-0.0280796838091776,0.929047400627,0
"HJURP",-3.16326220942792,-2.91494157102855,0.0001459492984658,0.00125994983811059,3.83579798819336,3.83579798819336,-1.9462,0.0059352,0.059423,2.2265646419271,-1.6972,0.0059352,0.059423,2.2265646419271,0.85465784459,1
"HM13",-0.134837651245711,0.184949987163428,0.219855561337569,0.465566382937036,0.657862544246366,-0.657862544246366,-0.19974,0.19201,0.48039,0.716676152381214,0.12094,0.19201,0.48039,-0.716676152381214,1.02925370559,1
"HMGCR",-1.72910275337683,-1.40293024889602,7.14784268602489e-14,4.55389057526646e-12,13.1458250142726,13.1458250142726,-1.6505,0.00015049,0.0026315,3.82249235780508,-1.3234,0.00015049,0.0026315,3.82249235780508,1.04387089653,1
"HMGCS1",-3.27490919491007,-2.94873669042926,3.89813477128335e-18,1.16414140443029e-15,17.4091431499765,17.4091431499765,-3.0446,5.3304e-10,1.2275e-07,9.27324019973992,-2.7175,5.3304e-10,1.2275e-07,9.27324019973992,1.04387089653,1
"HMX1",0.29027423835049,0.623986841164912,0.363400290569251,0.613575066576864,-0.439614729772696,-0.439614729772696,0.32946,0.25836,0.52563,-0.587774724128888,0.66411,0.25836,0.52563,-0.587774724128888,1.06094423934,0
"HNRNPA2B1",-1.20043656834636,-0.877216635420242,0.00143672993431425,0.0101779908208111,2.84262485960401,2.84262485960401,-0.83826,0.0097116,0.089368,2.01270921355982,-0.51414,0.0097116,0.089368,2.01270921355982,1.03712983103,1
"HNRNPH1",-2.23278821793803,-1.90661571345722,1.31960010445873e-16,2.27220872040718e-14,15.8795576587482,15.8795576587482,-2.1436,6.5228e-07,2.8792e-05,6.18556593747138,-1.8165,6.5228e-07,2.8792e-05,6.18556593747138,1.04387089653,1
"HNRNPK",-1.67707729627983,-1.35984554587431,6.1785734100516e-12,2.05904611315467e-10,11.2091117889343,11.2091117889343,-1.6681,5.2173e-05,0.0010839,4.2825541901899,-1.35,5.2173e-05,0.0010839,4.2825541901899,1.02336062192,1
"HNRNPM",-0.591738114782068,-0.286040738160401,0.000202280754765314,0.00170391893602003,3.69404543456392,3.69404543456392,-0.92505,0.013865,0.11954,1.85808012608612,-0.6185,0.013865,0.11954,1.85808012608612,0.996462348026,1
"HNRNPU",-1.53807947689118,-1.10333214557454,2.44138139732452e-05,0.000238925359175953,4.61236436895865,4.61236436895865,-2.007,0.0029592,0.033094,2.52882568169266,-1.5711,0.0029592,0.033094,2.52882568169266,1.2721327282,1
"HOXB1",0.0151090289191211,0.333385646363472,0.8106951735987,0.910923977248204,-0.0911424125084317,-0.0911424125084317,0.10815,0.57897,0.75924,-0.237343939160307,0.42731,0.57897,0.75924,-0.237343939160307,1.02577267031,0
"HOXC6",-0.124344826305888,0.195658781741928,0.215086381738532,0.459118384428028,0.667387086232894,-0.667387086232894,-0.18722,0.18087,0.47502,0.742633461414985,0.13368,0.18087,0.47502,-0.742633461414985,1.02975056327,1
"HOXD12",0.364282981234164,0.61260361963353,0.346961037515803,0.597938973520549,-0.459719292188801,-0.459719292188801,0.30091,0.2243,0.50082,-0.649170726417032,0.54993,0.2243,0.50082,-0.649170726417032,0.85465784459,0
"HRG",-0.168975670652252,0.0482296090259626,0.510257000068688,0.73058221906606,0.292211028610224,-0.292211028610224,-0.082277,0.63545,0.7959,0.196918615965013,0.13554,0.63545,0.7959,-0.196918615965013,0.771499871013,0
"HRH3",0.152222324713195,0.55211869090644,0.898434979077397,0.95480720304005,-0.0465133478813166,-0.0465133478813166,0.10277,0.63952,0.79834,-0.19414586908397,0.50379,0.63952,0.79834,-0.19414586908397,1.20272299885,0
"HSCB",-2.83963468157834,-2.627682447728,1.17236711740037e-14,9.61693249565381e-13,13.9309363711717,13.9309363711717,-2.7414,3.4387e-08,2.7731e-06,7.46360571136255,-2.5289,3.4387e-08,2.7731e-06,7.46360571136255,0.756975369415,1
"HSD17B10",-3.18188414990076,-2.95298070553808,1.17275670309303e-08,1.89956770052687e-07,7.93079207608876,7.93079207608876,-3.2707,4.7015e-08,3.5148e-06,7.32776355955545,-3.0412,4.7015e-08,3.5148e-06,7.32776355955545,0.803328937333,1
"HSPA14",-2.20549621016762,-1.98738465981313,1.32201839631171e-12,5.57786702178933e-11,11.8787625014608,11.8787625014608,-2.0423,3.4357e-05,0.00076893,4.46398476510642,-1.8236,3.4357e-05,0.00076893,4.46398476510642,0.773990956641,1
"HSPA5",-2.67848218116336,-2.38586485982671,5.27045490963039e-17,1.0603600493449e-14,16.2781518978395,16.2781518978395,-2.6705,4.4162e-09,5.616e-07,8.35495126659011,-2.3771,4.4162e-09,5.616e-07,8.35495126659011,0.965340111692,1
"HSPA9",-4.62209789384277,-4.29592538936196,1.88662906254749e-09,3.5526247559084e-08,8.7243134797633,8.7243134797633,-4.5432,4.7255e-14,1.0035e-10,13.3255522324981,-4.2161,4.7255e-14,1.0035e-10,13.3255522324981,1.04387089653,1
"HTATSF1",-1.15085515476068,-0.924679104357344,1.53211733258404e-05,0.000153476722105235,4.81470797429705,4.81470797429705,-0.86949,0.014368,0.12276,1.84260368067677,-0.64268,0.014368,0.12276,1.84260368067677,0.795970608931,1
"HTN3",-0.130904179812096,0.0999297297157742,0.948662367348358,0.977116897183632,0.0228883271805835,-0.0228883271805835,0.078514,0.75271,0.87276,-0.12337231418232,0.30999,0.75271,0.87276,-0.12337231418232,0.808514614036,0
"HTR1A",0.358562031779486,0.684734536260293,0.265997276012883,0.518300126050997,-0.575122810807396,-0.575122810807396,0.28237,0.24862,0.5177,-0.604463937881564,0.60946,0.24862,0.5177,-0.604463937881564,1.04387089653,0
"HTR2C",0.282840728280457,0.509016778683793,0.151862812165135,0.372222901679185,-0.81854856220542,-0.81854856220542,0.30587,0.12662,0.45798,-0.897497690814548,0.53268,0.12662,0.45798,-0.897497690814548,0.795970608931,0
"HTR3C",0.0651968968040136,0.282402176482228,0.58847309987766,0.782456495736268,-0.230273384718093,-0.230273384718093,0.084269,0.60599,0.77749,-0.217534542468454,0.30208,0.60599,0.77749,-0.217534542468454,0.771499871013,0
"HTR3D",0.0947627865942719,0.311968066272486,0.915364783280467,0.961926165926817,-0.0384058001468341,-0.0384058001468341,0.064678,0.66366,0.81484,-0.178054357290577,0.28249,0.66366,0.81484,-0.178054357290577,0.771499871013,0
"HTR3E",0.025162761452583,0.242368041130798,0.907769560489848,0.959051440475511,-0.0420243841982934,-0.0420243841982934,0.011843,0.94522,0.9749,-0.0244670976641453,0.22966,0.94522,0.9749,-0.0244670976641453,0.771499871013,0
"HTR5A",0.238446593378478,0.606574257992306,0.236784897275514,0.484783223361111,-0.625646001438463,-0.625646001438463,0.38069,0.28518,0.54435,-0.544880935321598,0.74985,0.28518,0.54435,-0.544880935321598,1.13640401541,0
"HTR6",0.141752227646322,0.460041861493346,0.792743101965541,0.902355970632773,-0.100867528287106,-0.100867528287106,0.14702,0.36997,0.60791,-0.431833490426739,0.4662,0.36997,0.60791,-0.431833490426739,1.02580269292,0
"HUS1",-2.08738367564379,-1.76116979488358,2.50434692891264e-17,5.83726620150088e-15,16.601305508179,16.601305508179,-1.8778,1.4113e-06,5.3847e-05,5.85038065846685,-1.5507,1.4113e-06,5.3847e-05,5.85038065846685,1.04396513997,1
"HUWE1",-2.21250816349545,-1.98360471913277,1.82591801240252e-14,1.41864922646542e-12,13.7385187271087,13.7385187271087,-2.2938,6.4884e-07,2.8707e-05,6.18786238437675,-2.0643,6.4884e-07,2.8707e-05,6.18786238437675,0.803328937333,1
"HYOU1",-1.52834259916765,-1.19184384310727,2.72733096674138e-11,7.75706499513809e-10,10.5642621564083,10.5642621564083,-1.4527,0.00056552,0.0081453,3.24755203134676,-1.1152,0.00056552,0.0081453,3.24755203134676,1.06720226046,1
"IAPP",0.281373432626315,0.601377040674131,0.331738962232395,0.583681007562161,-0.479203518264012,-0.479203518264012,0.31716,0.333,0.58049,-0.47755576649368,0.63806,0.333,0.58049,-0.47755576649368,1.02975056327,0
"IARS",-4.90689971284637,-4.58966796244085,3.02865816917486e-06,3.35186702880366e-05,5.51874974073731,5.51874974073731,-3.3576,1.2595e-06,4.923e-05,5.89980182816587,-3.0395,1.2595e-06,4.923e-05,5.89980182816587,1.02336062192,1
"IARS2",-4.58342814880344,-4.15387811917516,2.06082883051315e-08,3.17906549133154e-07,7.6859580785996,7.6859580785996,-3.385,1.0894e-09,2.0021e-07,8.96281262906289,-2.9543,1.0894e-09,2.0021e-07,8.96281262906289,1.26199119289,1
"IBA57",-0.953796013574384,-0.524245983946105,8.11469033045093e-05,0.000731932144277535,4.09072804889289,4.09072804889289,-1.1041,0.0063569,0.062726,2.19675462037539,-0.67332,0.0063569,0.062726,2.19675462037539,1.26199119289,1
"IDH3A",-1.8509681696729,-1.53580516996559,5.67269237795357e-13,2.67709060295868e-11,12.2462107669693,12.2462107669693,-1.944,9.1305e-05,0.0017176,4.03950543919131,-1.628,9.1305e-05,0.0017176,4.03950543919131,1.01857303525,1
"IER2",0.392181188529263,0.804170860556274,0.00117329965924687,0.00848478107725515,-2.93059105545727,-2.93059105545727,0.57129,0.13746,0.45987,-0.861823660426959,0.98443,0.13746,0.45987,-0.861823660426959,1.22718838396,1
"IFIT1B",-0.927672876072978,-0.60197119374678,0.00166155712139386,0.0115860420507847,2.77948472385278,2.77948472385278,-0.69209,0.03371,0.23583,1.47224124747903,-0.36548,0.03371,0.23583,1.47224124747903,1.04279806325,0
"IFNA10",-0.165400905828857,0.277605380692033,0.187046522395672,0.422825392037437,0.728050361875878,-0.728050361875878,-0.26554,0.44183,0.66276,0.354744799120713,0.1787,0.44183,0.66276,-0.354744799120713,1.2881032575,0
"IFNA14",-1.2408164683451,-0.79781018182421,5.39145772122872e-10,1.11522653058273e-08,9.26829379609467,9.26829379609467,-1.1672,0.0022831,0.026527,2.64147506595301,-0.72297,0.0022831,0.026527,2.64147506595301,1.2881032575,0
"IFNA16",-0.538196652267093,-0.0951903657462028,0.00541461102413942,0.0322698660755774,2.26643273684799,2.26643273684799,-0.46127,0.031802,0.22562,1.49754556675611,-0.017023,0.031802,0.22562,1.49754556675611,1.2881032575,0
"IFNA17",-0.337283381856742,0.105722904664148,0.0236362599271316,0.103318504901563,1.62642124274474,-1.62642124274474,-0.43454,0.058006,0.35489,1.23652708174534,0.009701,0.058006,0.35489,-1.23652708174534,1.2881032575,0
"IFNA2",0.0327151478391892,0.475721434360079,0.29459886159448,0.547929919627979,-0.530768935715352,-0.530768935715352,0.17538,0.4523,0.67041,-0.344573412254081,0.61962,0.4523,0.67041,-0.344573412254081,1.2881032575,0
"IFNA21",-1.05047222587571,-0.60746593935482,0.000119900492653468,0.00105121931930538,3.92117903244541,3.92117903244541,-0.77624,0.013512,0.11711,1.86928036343705,-0.33199,0.013512,0.11711,1.86928036343705,1.2881032575,0
"IFNA4",-0.3099430980104,0.13306318851049,0.0653232315341234,0.215336827235547,1.18493233889674,-1.18493233889674,-0.31756,0.14366,0.46149,0.84266413790272,0.12669,0.14366,0.46149,-0.84266413790272,1.2881032575,0
"IFNA5",-0.0298342735219113,0.413172012998979,0.963419817963469,0.984393051243728,0.0161844243038629,-0.0161844243038629,0.065707,0.81564,0.91011,-0.0885014840301135,0.50995,0.81564,0.91011,-0.0885014840301135,1.2881032575,0
"IFNA6",0.0676549308167303,0.510661217337621,0.424510054701339,0.663622612038883,-0.372112018848545,-0.372112018848545,-0.10215,0.63923,0.79828,0.194342851139745,0.34209,0.63923,0.79828,-0.194342851139745,1.2881032575,0
"IFNA7",0.188398423330849,0.631404709851739,0.373672485423021,0.622071440979898,-0.427508879321565,-0.427508879321565,0.13315,0.57016,0.75415,-0.244003254211103,0.57739,0.57016,0.75415,-0.244003254211103,1.2881032575,0
"IFNA8",-0.477799012865729,-0.0347927263448388,0.0586435216896149,0.200202025080055,1.23177995711791,1.23177995711791,-0.43474,0.041021,0.27442,1.38699375671294,0.0095017,0.041021,0.27442,-1.38699375671294,1.2881032575,0
"IFNB1",0.0657459558550879,0.508752242375978,0.790443063164273,0.900986299275927,-0.102129407508024,-0.102129407508024,0.13773,0.42116,0.64712,-0.375552882985599,0.58197,0.42116,0.64712,-0.375552882985599,1.2881032575,0
"IFNK",-0.00890345586141345,0.435960179192118,0.626593761924101,0.808321177892505,0.203013933066548,-0.203013933066548,-0.037288,0.86934,0.93725,0.0608103371933943,0.40882,0.86934,0.93725,-0.0608103371933943,1.29167063415,0
"IFNL1",-0.273506772804083,0.0438098658408861,0.506372656798882,0.727923189611851,0.295529753468528,-0.295529753468528,-0.082997,0.41487,0.64231,0.382087968655035,0.23521,0.41487,0.64231,-0.382087968655035,1.02355673479,0
"IFNL2",0.577807997261278,0.895124635906247,0.0672888531336428,0.219811026170877,-1.1720568737181,-1.1720568737181,0.49404,0.21112,0.49198,-0.675470622788007,0.81225,0.21112,0.49198,-0.675470622788007,1.02355673479,0
"IFNL3",0.4868024687603,0.804119107405269,0.065180210352559,0.215103218845051,-1.18588424229358,-1.18588424229358,0.48718,0.12359,0.45798,-0.908016667762688,0.80539,0.12359,0.45798,-0.908016667762688,1.02355673479,0
"IFNW1",0.253056124699439,0.696062411220329,0.191736430143777,0.428966216708183,-0.717295362827316,-0.717295362827316,-0.41149,0.27474,0.53716,0.561078106088659,0.032751,0.27474,0.53716,-0.561078106088659,1.2881032575,0
"IGBP1",-1.45010111463963,-1.22373921156831,2.8205811500868e-07,3.62053509211611e-06,6.54966140080371,6.54966140080371,-1.8754,7.4813e-05,0.0014666,4.12602292970629,-1.6484,7.4813e-05,0.0014666,4.12602292970629,0.796473220463,1
"IL12B",0.0939832765892394,0.420155781070047,0.184480148309655,0.419259105189351,-0.734050360905626,-0.734050360905626,0.27702,0.19312,0.4811,-0.714172747246726,0.60411,0.19312,0.4811,-0.714172747246726,1.04387089653,0
"IL13",0.0361680798935849,0.362340584374392,0.859344898717061,0.93551239165685,-0.0658324967660469,-0.0658324967660469,0.02825,0.8771,0.94133,-0.0569508889915932,0.35533,0.8771,0.94133,-0.0569508889915932,1.04387089653,0
"IL17A",0.389968815127576,0.628398385441357,0.00540490610841786,0.0322321280655821,-2.26721184601228,-2.26721184601228,0.46856,0.076271,0.42266,-1.11764055947683,0.70766,0.076271,0.42266,-1.11764055947683,0.828739266687,0
"IL17F",-0.0530003213537502,0.185429248960031,0.667195122297345,0.834224759566304,0.175747137380945,-0.175747137380945,0.14256,0.35027,0.59431,-0.455597057636317,0.38166,0.35027,0.59431,-0.455597057636317,0.828739266687,0
"IL1F10",-0.482203559085061,-0.235433532417335,0.0298677815465126,0.122975559778845,1.52479703376976,1.52479703376976,-0.48028,0.0809,0.4362,1.09205147838773,-0.23282,0.0809,0.4362,1.09205147838773,0.850625268501,0
"IL21",-0.302810773559914,-0.0787122456936036,0.410772139250152,0.651294195841852,0.386399020236022,0.386399020236022,-0.091165,0.59007,0.7675,0.229096464950314,0.13356,0.59007,0.7675,-0.229096464950314,0.790340300119,0
"IL22",0.343498825171324,0.66350243321914,0.362938695404543,0.613004874806995,-0.440166726192453,-0.440166726192453,0.32864,0.35473,0.59699,-0.450102081098093,0.64954,0.35473,0.59699,-0.450102081098093,1.02975056327,0
"IL25",0.136812351576287,0.367191823685989,0.68223549470261,0.842651084259707,-0.166065689278562,-0.166065689278562,0.0071477,0.96239,0.98285,-0.0166488983109614,0.23817,0.96239,0.98285,-0.0166488983109614,0.807295566234,0
"IL26",0.0274848352670852,0.347488443314901,0.999391827877624,0.999778995477466,-0.000264206146347843,-0.000264206146347843,0.062455,0.5303,0.72576,-0.275478372881437,0.38335,0.5303,0.72576,-0.275478372881437,1.02975056327,0
"IL3",-0.103996219012744,0.222176285468063,0.793757221026475,0.902879352822652,0.100312310786346,-0.100312310786346,-0.072659,0.5908,0.76773,0.228559513360088,0.25442,0.5908,0.76773,-0.228559513360088,1.04387089653,0
"IL31",0.162626581610355,0.482630189658171,0.407069633999098,0.648051900424849,-0.390331293293651,-0.390331293293651,0.22072,0.35085,0.59454,-0.454878519135166,0.54162,0.35085,0.59454,-0.454878519135166,1.02975056327,0
"IL36A",-0.0227631450330919,0.224006881634634,0.512987679517972,0.732521015621738,0.289893065261698,-0.289893065261698,-0.077691,0.75082,0.8716,0.124464167358694,0.16977,0.75082,0.8716,-0.124464167358694,0.850625268501,0
"IL36B",-0.0114434764974912,0.235326550170234,0.60779941889778,0.79611227339592,0.216239719474253,-0.216239719474253,0.13298,0.3381,0.58475,-0.470954829234231,0.38044,0.3381,0.58475,-0.470954829234231,0.850625268501,0
"IL36RN",0.106850501844599,0.353620528512325,0.670697391802071,0.836206082812327,-0.173473382533914,-0.173473382533914,0.14558,0.41053,0.63907,-0.386655100765256,0.39304,0.41053,0.63907,-0.386655100765256,0.850625268501,0
"IL9",-0.0451193360445507,0.281053168436257,0.486904768531722,0.713738893709227,0.312555972143625,-0.312555972143625,-0.25298,0.52088,0.72027,0.28326231766116,0.0741,0.52088,0.72027,-0.28326231766116,1.04387089653,0
"ILF2",-2.59003141755641,-2.16639219368995,1.78577550165753e-11,5.28351813671522e-10,10.7481731392434,10.7481731392434,-2.386,1.4795e-05,0.00038163,4.82988503050335,-1.9612,1.4795e-05,0.00038163,4.82988503050335,1.25037007804,1
"ILF3",-3.14259788244422,-2.73060821041721,1.00043956040057e-14,8.53633987407863e-13,13.999809143287,13.999809143287,-2.936,1.1812e-10,3.701e-08,9.92767656170696,-2.5229,1.1812e-10,3.701e-08,9.92767656170696,1.22718838396,1
"ILK",-0.332130290017788,-0.109009774684968,0.0436439259680279,0.163562030789592,1.36007618957863,1.36007618957863,-0.43508,0.085858,0.44504,1.06621923231454,-0.21133,0.085858,0.44504,1.06621923231454,0.787682155269,1
"IMMT",-0.95120920560916,-0.578886868555746,2.80196480904083e-05,0.000271571771780919,4.55253732348827,4.55253732348827,-0.85775,0.014619,0.12448,1.83508233389904,-0.48438,0.014619,0.12448,1.83508233389904,1.14533730473,1
"IMP3",-2.38804896103394,-2.07288596132663,4.48054875411846e-13,2.16352504345827e-11,12.3486687926334,12.3486687926334,-2.6543,3.6229e-06,0.00011817,5.44094365328193,-2.3382,3.6229e-06,0.00011817,5.44094365328193,1.01857303525,1
"IMP4",-2.95664772052709,-2.70176083039219,2.89756398120182e-17,6.55750688210077e-15,16.5379669655883,16.5379669655883,-2.7032,3.9334e-07,1.8985e-05,6.4052318865525,-2.4476,3.9334e-07,1.8985e-05,6.4052318865525,0.871610435975,1
"INCENP",-1.52794070493585,-1.19589262145598,0.000119961307534095,0.00105127027551543,3.92095880923672,3.92095880923672,-1.1884,0.0045098,0.046947,2.34584271772788,-0.85539,0.0045098,0.046947,2.34584271772788,1.05719254283,1
"INO80",-2.77776018438632,-2.46259718467901,1.83295076079917e-12,7.39096790952627e-11,11.7368492014865,11.7368492014865,-2.7389,2.446e-07,1.2612e-05,6.61154354729973,-2.4229,2.446e-07,1.2612e-05,6.61154354729973,1.01857303525,1
"INO80B",-0.151517308944099,0.220805028109315,0.220690960919741,0.46608467801757,0.656215454346591,-0.656215454346591,-0.26435,0.44049,0.66181,0.356063946489426,0.10902,0.44049,0.66181,-0.356063946489426,1.14533730473,1
"INS",0.323672799037026,0.546793314369846,0.335730409783176,0.587781929301625,-0.47400931945235,-0.47400931945235,0.27301,0.3765,0.61341,-0.424235019463281,0.49675,0.3765,0.61341,-0.424235019463281,0.787682155269,0
"INSL5",-0.441501932139556,-0.123212298292532,0.0650630643112049,0.214873731846903,1.18666548636453,1.18666548636453,-0.29181,0.26757,0.53193,0.572562581355737,0.027371,0.26757,0.53193,-0.572562581355737,1.02580269292,0
"INSL6",-0.591540176588629,-0.148533890067739,0.0483512576402918,0.175391457065648,1.3155922252183,1.3155922252183,-0.53058,0.060805,0.36719,1.21606070718899,-0.086332,0.060805,0.36719,1.21606070718899,1.2881032575,0
"INSM2",0.235705808398573,0.466085280508275,0.679860658667413,0.841482759299978,-0.167580089312713,-0.167580089312713,0.13346,0.61271,0.78239,-0.212745031518253,0.36448,0.61271,0.78239,-0.212745031518253,0.807295566234,0
"INSRR",-0.123548090717101,0.300091133149364,0.406067933287067,0.647196164852879,0.391401304886571,-0.391401304886571,-0.10822,0.61385,0.78278,0.211937739821262,0.31661,0.61385,0.78278,-0.211937739821262,1.25037007804,0
"INTS1",-2.20941433677007,-1.88619440384395,2.28351105724961e-09,4.22504809653551e-08,8.64139688110499,8.64139688110499,-2.4393,0.00012286,0.0022196,3.91058948901646,-2.1152,0.00012286,0.0022196,3.91058948901646,1.03712983103,1
"INTS10",-0.331796173261255,-0.117220403833749,0.305082171918855,0.5584075095831,0.515583170474565,0.515583170474565,-0.18945,0.23274,0.50729,0.6331289700163,0.025724,0.23274,0.50729,-0.6331289700163,0.764247638684,1
"INTS2",-0.456058564516295,-0.141469358313569,0.00439187452146193,0.0270039260643179,2.35735007643937,2.35735007643937,-0.6371,0.32889,0.57782,0.482949331171777,-0.32163,0.32889,0.57782,0.482949331171777,1.0172423198,1
"INTS3",-0.665843525994423,-0.242204302127958,2.77387017276594e-06,3.08417571914342e-05,5.5569138693517,5.5569138693517,-1.0436,0.0031545,0.034924,2.501069468258,-0.61874,0.0031545,0.034924,2.501069468258,1.25037007804,1
"INTS4",-1.47095603132779,-1.13890794784792,1.96306971283095e-08,3.04299687115475e-07,7.70706427739428,7.70706427739428,-2.1646,7.87e-05,0.0015212,4.10402526764094,-1.8316,7.87e-05,0.0015212,4.10402526764094,1.05719254283,1
"INTS5",-2.01358351022503,-1.68153542674516,8.18737984779971e-12,2.64780695483918e-10,11.0868550603523,11.0868550603523,-1.9437,8.3899e-06,0.00023686,5.07624321553685,-1.6107,8.3899e-06,0.00023686,5.07624321553685,1.05719254283,1
"INTS6",-3.29616666642085,-2.96188269713628,3.71035924301475e-12,1.30360470977465e-10,11.4305840392513,11.4305840392513,-2.6406,3.3552e-07,1.6571e-05,6.47428158687873,-2.3054,3.3552e-07,1.6571e-05,6.47428158687873,1.06222980875,1
"INTS7",-1.70442939084566,-1.27487936121738,1.10606542779884e-08,1.80377376463474e-07,7.95621918217096,7.95621918217096,-1.9416,0.00011884,0.0021652,3.92503735686837,-1.5109,0.00011884,0.0021652,3.92503735686837,1.26199119289,1
"INTS8",-1.997896004569,-1.67238029471115,2.50905026145232e-11,7.21746943329469e-10,10.6004906387839,10.6004906387839,-2.0959,1.5299e-06,5.7337e-05,5.81533695537032,-1.7695,1.5299e-06,5.7337e-05,5.81533695537032,1.04237407941,1
"INTS9",-2.86692085545632,-2.65234508602881,1.39491487062976e-05,0.000140691334682568,4.85545229586269,4.85545229586269,-2.3118,0.00023303,0.0037937,3.63258816482908,-2.0966,0.00023303,0.0037937,3.63258816482908,0.764247638684,1
"IPO11",-1.38148084212649,-1.05530833764568,1.38418916689471e-06,1.60242323118465e-05,5.8588045540089,5.8588045540089,-1.6991,0.0010296,0.013572,2.98733146610367,-1.372,0.0010296,0.013572,2.98733146610367,1.04387089653,1
"IPO13",-1.39253163923937,-1.07424200539235,6.07030421071049e-10,1.24486828733165e-08,9.21678954389635,9.21678954389635,-1.1616,0.00022952,0.0037398,3.63917946476206,-0.84239,0.00022952,0.0037398,3.63917946476206,1.02580269292,1
"IPO7",-1.70667678754839,-1.48355627221557,3.79004487024862e-15,3.79369979637915e-13,14.4213556483997,14.4213556483997,-1.6846,2.7595e-06,9.4183e-05,5.55916960159872,-1.4608,2.7595e-06,9.4183e-05,5.55916960159872,0.787682155269,1
"IPO9",-2.17368765622655,-1.7543628521482,1.38150388210386e-11,4.197882940962e-10,10.8596478903538,10.8596478903538,-2.0617,3.0277e-07,1.5109e-05,6.51888715915848,-1.6412,3.0277e-07,1.5109e-05,6.51888715915848,1.24182809129,1
"IQCF1",-0.114061643592382,0.211600533271144,0.811541267431499,0.911446012717019,0.0906893911031887,-0.0906893911031887,-0.018883,0.88738,0.94682,0.0518903637505432,0.30769,0.88738,0.94682,-0.0518903637505432,1.04270800831,0
"IRGC",0.606290389120497,0.923607027765466,0.00344994918194018,0.0218847921388724,-2.46218730207615,-2.46218730207615,0.59995,0.11295,0.45798,-0.947113764743618,0.91815,0.11295,0.45798,-0.947113764743618,1.02355673479,0
"ISCU",-2.94465999413762,-2.6246563860898,7.02017826615262e-16,8.82741231585362e-14,15.1536518595193,15.1536518595193,-2.9465,6.5196e-08,4.3593e-06,7.18577904891865,-2.6256,6.5196e-08,4.3593e-06,7.18577904891865,1.02975056327,1
"ISG20L2",-1.60031626203411,-1.17667703816764,3.16636939443967e-08,4.7096356603833e-07,7.49943842093019,7.49943842093019,-1.5671,0.00078051,0.010725,3.1076215283261,-1.1423,0.00078051,0.010725,3.1076215283261,1.25037007804,1
"ISX",0.0892113189298932,0.301163552780234,0.355762708980777,0.606407560403458,-0.448839576579912,-0.448839576579912,0.27835,0.2274,0.50364,-0.643209539648284,0.4909,0.2274,0.50364,-0.643209539648284,0.756975369415,0
"ISY1",-3.05824607286491,-2.73258389600138,1.42051883964257e-14,1.14077212529784e-12,13.8475530020688,13.8475530020688,-2.6495,6.1208e-08,4.1931e-06,7.2131918110441,-2.3229,6.1208e-08,4.1931e-06,7.2131918110441,1.04270800831,1
"ITGAV",-0.998102283943993,-0.749781645544627,1.61433740204216e-08,2.54158408280328e-07,7.792005691094,7.792005691094,-1.2899,0.002333,0.02704,2.63208526120625,-1.0409,0.002333,0.02704,2.63208526120625,0.85465784459,1
"ITGB5",-0.37325070271061,-0.0475885258470842,0.027779679257711,0.116692969154424,1.55627277290403,1.55627277290403,-0.30638,0.022851,0.1759,1.64109478968695,0.020197,0.022851,0.1759,-1.64109478968695,1.04270800831,1
"ITIH6",0.256006710204009,0.482368613275334,0.558724618457266,0.761962442566802,-0.252802192386761,-0.252802192386761,0.17178,0.39701,0.6288,-0.401198553967054,0.39877,0.39701,0.6288,-0.401198553967054,0.796473220463,0
"IZUMO2",-0.0879142795795649,0.229402359065404,0.957539614971621,0.981172281814374,0.0188432495184203,-0.0188432495184203,0.031054,0.84395,0.92444,-0.0736832824825549,0.34926,0.84395,0.92444,-0.0736832824825549,1.02355673479,0
"JUNB",-0.164189990670355,0.247799681356656,0.519938591676182,0.738085732524276,0.284047946501795,-0.284047946501795,-0.12653,0.58035,0.76057,0.236310011223074,0.28661,0.58035,0.76057,-0.236310011223074,1.22718838396,1
"KANSL1",-1.80200263379477,-1.48372601635042,1.77828249146106e-09,3.3618509653111e-08,8.74999924745039,8.74999924745039,-1.7681,0.00016639,0.0028471,3.77887277825756,-1.4489,0.00016639,0.0028471,3.77887277825756,1.02577267031,1
"KANSL2",-1.53961579109909,-1.21961218305127,6.20208709530713e-08,8.83312150913601e-07,7.20746213930061,7.20746213930061,-1.6357,0.0055445,0.056218,2.25613761218962,-1.3148,0.0055445,0.056218,2.25613761218962,1.02975056327,1
"KANSL3",-2.09382172209069,-1.84705169542296,3.40177021098165e-12,1.21309682103964e-10,11.4682950262535,11.4682950262535,-2.0044,2.7176e-05,0.00063035,4.56581446613803,-1.757,2.7176e-05,0.00063035,4.56581446613803,0.850625268501,1
"KARS",-3.44643601745509,-3.13125575938131,2.19494494304024e-16,3.27749864815063e-14,15.6585763689224,15.6585763689224,-2.9615,3.1401e-08,2.5869e-06,7.50305652111256,-2.6455,3.1401e-08,2.5869e-06,7.50305652111256,1.01861304105,1
"KAT2A",0.384795918777413,0.703072536221764,0.282017284344971,0.535007082450168,-0.549724273717484,-0.549724273717484,0.31364,0.24079,0.51205,-0.618361553273843,0.6328,0.24079,0.51205,-0.618361553273843,1.02577267031,1
"KAT8",-2.98056150527409,-2.66538124720031,2.03895713280184e-08,3.14786653305667e-07,7.69059190476787,7.69059190476787,-2.1319,1.9336e-05,0.00047766,4.71363336260041,-1.8158,1.9336e-05,0.00047766,4.71363336260041,1.01861304105,1
"KATNB1",-0.526954749005594,-0.211774490931813,0.0993103153380457,0.284660776403129,1.00300563910058,1.00300563910058,-0.3539,0.098485,0.45798,1.00662991075417,-0.037841,0.098485,0.45798,1.00662991075417,1.01861304105,1
"KCNA10",-0.013205581490121,0.318601843773102,0.784769967530954,0.898431497246579,0.105257625384928,-0.105257625384928,-0.086803,0.74946,0.8706,0.125251541258462,0.24593,0.74946,0.8706,-0.125251541258462,1.05664930986,0
"KCNB2",0.0594441957150147,0.384959905572867,0.399567972290017,0.642191612376311,-0.398409330293805,-0.398409330293805,0.10976,0.46618,0.67975,-0.331446362466999,0.43619,0.46618,0.67975,-0.331446362466999,1.04237407941,0
"KCNG4",0.403757969028113,0.718938227101894,0.0159437780121189,0.0766817889143504,-1.79740876102,-1.79740876102,0.45272,0.082538,0.43955,-1.08334605883499,0.76878,0.082538,0.43955,-1.08334605883499,1.01861304105,0
"KCNK10",-0.0123702708769921,0.21800920123271,0.586477159254018,0.78162875286396,0.23174889710873,-0.23174889710873,-0.089445,0.76519,0.87986,0.11623071425007,0.14158,0.76519,0.87986,-0.11623071425007,0.807295566234,0
"KCNK16",0.407767967889678,0.646197538203459,0.0276789351750229,0.116448929782129,-1.55785062145903,-1.55785062145903,0.52553,0.11472,0.45798,-0.940360861676275,0.76463,0.11472,0.45798,-0.940360861676275,0.828739266687,0
"KCNK18",0.402781427353983,0.728483109680181,0.19147247259869,0.428626536516604,-0.717893654373245,-0.717893654373245,0.37533,0.12166,0.45798,-0.914852187873096,0.70194,0.12166,0.45798,-0.914852187873096,1.04279806325,0
"KCNV1",0.109942998294105,0.435458708151958,0.732514220655484,0.871171823157592,-0.135183939721625,-0.135183939721625,-0.010939,0.91082,0.95796,0.0405674416117104,0.31549,0.91082,0.95796,-0.0405674416117104,1.04237407941,0
"KCTD10",-0.128120715489462,0.191882892558354,0.237101807277893,0.485195593415671,0.625065135655617,-0.625065135655617,-0.1603,0.38243,0.61788,0.417448046512529,0.1606,0.38243,0.61788,-0.417448046512529,1.02975056327,1
"KDM8",-1.23347793143401,-0.918297673360229,0.000294436864399612,0.00240084120702636,3.53100781592748,3.53100781592748,-0.79968,0.18338,0.47512,0.736648031606434,-0.48362,0.18338,0.47512,0.736648031606434,1.01861304105,1
"KDSR",-0.784371659799653,-0.558872013338715,0.00872757385085896,0.0478651704480537,2.05910646759143,2.05910646759143,-0.55937,0.07919,0.43109,1.10132965703447,-0.33324,0.07919,0.43109,1.10132965703447,0.794139893033,1
"KEAP1",0.330186895977102,0.742176568004113,0.108997453839247,0.301529647594373,-0.962583646981216,-0.962583646981216,0.27825,0.23976,0.51167,-0.620223270062412,0.69139,0.23976,0.51167,-0.620223270062412,1.22718838396,1
"KHDC3L",0.313014723804997,0.551444294118778,0.259288819478052,0.511116667356025,-0.586216209584959,-0.586216209584959,0.34929,0.15844,0.46617,-0.800135166267745,0.58839,0.15844,0.46617,-0.800135166267745,0.828739266687,0
"KIAA0100",-1.43286379828252,-1.11458718083817,2.30634478578492e-06,2.60373112171927e-05,5.63707576756572,5.63707576756572,-1.3018,0.0027398,0.031011,2.56228113866376,-0.98259,0.0027398,0.031011,2.56228113866376,1.02577267031,1
"KIF11",-2.62665035612594,-2.30094867379974,3.04046739458124e-16,4.18075203687994e-14,15.5170596495213,15.5170596495213,-2.5089,1.6178e-07,8.9889e-06,6.79107516891974,-2.1822,1.6178e-07,8.9889e-06,6.79107516891974,1.04279806325,1
"KIF18A",-2.22558170889942,-2.0024611935666,1.82447925419466e-10,4.23709258632109e-09,9.73886107055091,9.73886107055091,-2.8922,2.1431e-06,7.5601e-05,5.66895756370622,-2.6685,2.1431e-06,7.5601e-05,5.66895756370622,0.787682155269,1
"KIF23",-1.97349805150986,-1.65833505180255,6.86986567164028e-13,3.19473826233724e-11,12.163051754736,12.163051754736,-2.0149,0.00018055,0.0030431,3.74340250723715,-1.6988,0.00018055,0.0030431,3.74340250723715,1.01857303525,1
"KIF2B",0.365683271138302,0.683959888582653,0.34148392983101,0.59269727123684,-0.466629729317537,-0.466629729317537,0.34899,0.29794,0.55438,-0.52587118656979,0.66816,0.29794,0.55438,-0.52587118656979,1.02577267031,0
"KIF2C",-0.937468727811575,-0.619179093964551,0.000312486040442983,0.00253719018308698,3.50516937894069,3.50516937894069,-0.87505,0.0042741,0.045058,2.36915532097866,-0.55587,0.0042741,0.045058,2.36915532097866,1.02580269292,1
"KIN",-1.60775500363692,-1.38964345328243,7.7402041860631e-09,1.2965689974428e-07,8.11124758250692,8.11124758250692,-1.6357,0.0015034,0.018676,2.82292545408992,-1.4169,0.0015034,0.018676,2.82292545408992,0.773990956641,1
"KIR2DL1",0.600909721370241,0.91822636001521,0.0188738914508245,0.0872187348403309,-1.72413854703271,-1.72413854703271,0.61343,0.19578,0.4823,-0.708231675828481,0.93163,0.19578,0.4823,-0.708231675828481,1.02355673479,0
"KIR3DL3",0.196995846144188,0.514312484789157,0.400055894583177,0.642454499281484,-0.397879326139114,-0.397879326139114,0.27094,0.2994,0.5559,-0.523748203992966,0.58915,0.2994,0.5559,-0.523748203992966,1.02355673479,0
"KLF16",0.0728066948116838,0.267178932368058,0.874872766967083,0.943275410111235,-0.0580551019741553,-0.0580551019741553,-0.0063605,0.97796,0.99054,0.00967890813114795,0.18856,0.97796,0.99054,-0.00967890813114795,0.707275421882,1
"KLK12",0.548175134099338,0.865491772744307,0.0614573893156333,0.206279778116902,-1.21142589233698,-1.21142589233698,0.51028,0.1809,0.47502,-0.742561433140186,0.82848,0.1809,0.47502,-0.742561433140186,1.02355673479,0
"KLK9",0.456896825839315,0.774213464484284,0.0151442493962789,0.0735583325822309,-1.81975224700148,-1.81975224700148,0.53195,0.082505,0.4395,-1.08351973136995,0.85015,0.082505,0.4395,-1.08351973136995,1.02355673479,0
"KNTC1",-1.53937173149872,-1.2193681234509,1.24072133361108e-07,1.68502420902498e-06,6.90632575022159,6.90632575022159,-1.5013,0.00011325,0.0020753,3.94596178931513,-1.1804,0.00011325,0.0020753,3.94596178931513,1.02975056327,1
"KPNB1",-3.94119201263013,-3.62291539518578,3.98030258071992e-09,7.02052966541774e-08,8.40008391181022,8.40008391181022,-4.1161,1.2102e-08,1.2303e-06,7.91714285140359,-3.797,1.2102e-08,1.2303e-06,7.91714285140359,1.02577267031,1
"KRI1",-1.2644075470173,-0.852417874990289,3.11533571991298e-06,3.43784131724578e-05,5.50649514532926,5.50649514532926,-1.1936,0.0067449,0.065907,2.17102448480159,-0.78041,0.0067449,0.065907,2.17102448480159,1.22718838396,1
"KRR1",-3.87897138458437,-3.55896777653655,3.11401663169304e-11,8.73982377115259e-10,10.5066790722325,10.5066790722325,-3.1072,6.0719e-08,4.1745e-06,7.21667538958389,-2.7863,6.0719e-08,4.1745e-06,7.21667538958389,1.02975056327,1
"KRT2",-0.524689274518092,-0.204685666470276,0.00169882027882732,0.0117899607804018,2.76985256347472,2.76985256347472,-0.51848,0.10717,0.45798,0.969926769287482,-0.19758,0.10717,0.45798,0.969926769287482,1.02975056327,0
"KRT25",-0.149402646819426,0.168873970624925,0.374509647100769,0.62284602695491,0.426536990705053,-0.426536990705053,-0.089222,0.56823,0.75296,0.245475841203511,0.22994,0.56823,0.75296,-0.245475841203511,1.02577267031,0
"KRT26",0.321432169750339,0.63970878719469,0.687971372787514,0.845661897748264,-0.162429632838731,-0.162429632838731,0.34713,0.60346,0.77565,-0.219351511573264,0.66629,0.60346,0.77565,-0.219351511573264,1.02577267031,0
"KRT28",0.0726209963794555,0.390897613823807,0.917408497062463,0.962400596371934,-0.0374372417380995,-0.0374372417380995,-0.11819,0.58533,0.76379,0.232599216359821,0.20097,0.58533,0.76379,-0.232599216359821,1.02577267031,0
"KRT33A",0.00372141632763306,0.321998033771984,0.734949000952025,0.872183975196555,-0.133742796117928,-0.133742796117928,0.12927,0.47882,0.68898,-0.319827717688698,0.44843,0.47882,0.68898,-0.319827717688698,1.02577267031,0
"KRT35",0.444323374177776,0.762599991622127,0.0178843444519754,0.0837187057336777,-1.74752697422384,-1.74752697422384,0.50626,0.096848,0.45798,-1.01390934343152,0.82543,0.096848,0.45798,-1.01390934343152,1.02577267031,0
"KRT36",0.529092748687588,0.847369366131939,0.196000384599202,0.434491928186841,-0.707743076453996,-0.707743076453996,0.27584,0.37945,0.61577,-0.420845442837548,0.595,0.37945,0.61577,-0.420845442837548,1.02577267031,0
"KRT37",0.160561199147091,0.478837816591442,0.444189671044223,0.678778512020956,-0.352431544528321,-0.352431544528321,0.24902,0.26416,0.52868,-0.578132944081282,0.56819,0.26416,0.52868,-0.578132944081282,1.02577267031,0
"KRT38",0.384506035908751,0.702782653353102,0.0425258255600114,0.160314813398126,-1.37134724661187,-1.37134724661187,0.52691,0.11216,0.45798,-0.950161999377417,0.84608,0.11216,0.45798,-0.950161999377417,1.02577267031,0
"KRT40",0.353090176577969,0.67136679402232,0.358618029014603,0.609213971074225,-0.445367880683668,-0.445367880683668,0.24633,0.32085,0.57177,-0.493697956372791,0.5655,0.32085,0.57177,-0.493697956372791,1.02577267031,0
"KRT71",-0.0590395326432172,0.260964075404598,0.360642559479451,0.610861506498648,0.442923023436068,-0.442923023436068,-0.11012,0.57252,0.75549,0.242209337393449,0.21078,0.57252,0.75549,-0.242209337393449,1.02975056327,0
"KRT73",0.0611033623152233,0.381106970363039,0.553298742093751,0.759137421879142,-0.257040317138755,-0.257040317138755,0.1927,0.38342,0.61863,-0.416325237146279,0.5136,0.38342,0.61863,-0.416325237146279,1.02975056327,0
"KRT74",-0.109438582589937,0.210565025457879,0.524741372381847,0.741320959173045,0.280054693208179,-0.280054693208179,-0.1192,0.49598,0.70178,0.304535835737144,0.20169,0.49598,0.70178,-0.304535835737144,1.02975056327,0
"KRT75",0.390700598938251,0.710704206986067,0.062512767787725,0.208699830694635,-1.20403127204064,-1.20403127204064,0.44987,0.17696,0.47321,-0.752124890375396,0.77077,0.17696,0.47321,-0.752124890375396,1.02975056327,0
"KRT76",-0.344781234188953,-0.0247776261411373,0.491279199973466,0.716520674720638,0.308671622854743,0.308671622854743,-0.082056,0.65762,0.81085,0.182024987199216,0.23884,0.65762,0.81085,-0.182024987199216,1.02975056327,0
"KRT77",0.01005058031229,0.330054188360106,0.496317669759339,0.720337126745405,-0.304240262899847,-0.304240262899847,-0.082522,0.77417,0.88556,0.111163662114061,0.23838,0.77417,0.88556,-0.111163662114061,1.02975056327,0
"KRT78",-0.0336529155241526,0.286350692523663,0.944595618099199,0.975099692629097,0.0247540734107608,-0.0247540734107608,0.098158,0.70805,0.8437,-0.14993607287892,0.41906,0.70805,0.8437,-0.14993607287892,1.02975056327,0
"KRT82",-0.0175854597074124,0.302418148340403,0.844356796170624,0.927305750941975,0.0734739966631989,-0.0734739966631989,0.00066744,0.99835,0.99885,-0.000717177729611386,0.32157,0.99835,0.99885,-0.000717177729611386,1.02975056327,0
"KRT84",-0.241181850241942,0.0788217578058737,0.334148785305155,0.586194193073651,0.476060113281055,-0.476060113281055,-0.19393,0.39559,0.62742,0.402754695334996,0.12697,0.39559,0.62742,-0.402754695334996,1.02975056327,0
"KRT85",-0.0138508896773396,0.306152718370476,0.845134239746985,0.927749740065713,0.0730743029425951,-0.0730743029425951,0.017461,0.91372,0.95965,-0.039186868910517,0.33836,0.91372,0.95965,-0.039186868910517,1.02975056327,0
"KRT86",-0.29910281349344,0.0209007945543757,0.233726644132909,0.481578288150849,0.631291776523819,-0.631291776523819,-0.15536,0.58569,0.76396,0.232332191000031,0.16554,0.58569,0.76396,-0.232332191000031,1.02975056327,0
"KRT9",-0.1172000063849,0.201076611059451,0.569210097945027,0.769480829174773,0.244727404014837,-0.244727404014837,-0.043464,0.775,0.88608,0.11069829749369,0.2757,0.775,0.88608,-0.11069829749369,1.02577267031,0
"KRTAP1-1",0.233952079069655,0.552228696514006,0.0903837620098591,0.26853798279099,-1.0439095861502,-1.0439095861502,0.37329,0.16611,0.46946,-0.779604221768404,0.69246,0.16611,0.46946,-0.779604221768404,1.02577267031,0
"KRTAP10-1",0.322419030776398,0.524128270558676,0.268743908654927,0.520871289354701,-0.570661370676462,-0.570661370676462,0.35445,0.11696,0.45798,-0.931962640386215,0.55672,0.11696,0.45798,-0.931962640386215,0.728226223201,0
"KRTAP10-10",0.47232811325545,0.674037353037728,0.0893411961715352,0.266226735644926,-1.04894823714267,-1.04894823714267,0.42882,0.18744,0.47707,-0.727137724411094,0.6311,0.18744,0.47707,-0.727137724411094,0.728226223201,0
"KRTAP10-11",0.00288546986340218,0.20459470964568,0.610304795987935,0.7976446639577,-0.214453217192495,-0.214453217192495,0.13883,0.34809,0.59274,-0.458308453036312,0.3411,0.34809,0.59274,-0.458308453036312,0.728226223201,0
"KRTAP10-12",-0.109273808802114,0.0924354309801637,0.472341313120998,0.701465385989249,0.325744067390038,-0.325744067390038,-0.051962,0.89981,0.95315,0.0458491846304582,0.15031,0.89981,0.95315,-0.0458491846304582,0.728226223201,0
"KRTAP10-2",0.343724341072837,0.545433580855115,0.29486895616229,0.548057035330853,-0.53037094761467,-0.53037094761467,0.26271,0.24582,0.51522,-0.609382785663214,0.46499,0.24582,0.51522,-0.609382785663214,0.728226223201,0
"KRTAP10-4",-0.519853314162232,-0.318144074379954,0.07477567500164,0.236220881381911,1.12623965789324,1.12623965789324,-0.48816,0.024969,0.18774,1.60259885064739,-0.28589,0.024969,0.18774,1.60259885064739,0.728226223201,0
"KRTAP10-5",0.227954224922779,0.429663464705057,0.0605334763248911,0.204376670729137,-1.21800438464741,-1.21800438464741,0.36828,0.078081,0.42906,-1.1074546332038,0.57055,0.078081,0.42906,-1.1074546332038,0.728226223201,0
"KRTAP10-6",-0.0896228639178136,0.112086375864464,0.544337621583578,0.753034522389036,0.26413164863073,-0.26413164863073,-0.041478,0.88144,0.94365,0.0548072449707538,0.1608,0.88144,0.94365,-0.0548072449707538,0.728226223201,0
"KRTAP10-7",0.232593956565635,0.434303196347913,0.883329171963963,0.947528929383052,-0.0538774267421133,-0.0538774267421133,0.035198,0.93476,0.97018,-0.0292998800955521,0.23747,0.93476,0.97018,-0.0292998800955521,0.728226223201,0
"KRTAP10-8",0.723697820447388,0.925407060229666,1.35366568928338e-05,0.000136747422406307,-4.86848857880189,-4.86848857880189,0.68855,0.12344,0.45798,-0.908544086944908,0.89082,0.12344,0.45798,-0.908544086944908,0.728226223201,0
"KRTAP10-9",-0.272730766204626,-0.0710215264223483,0.035061907058459,0.139003988717761,1.45516446581094,1.45516446581094,-0.37549,0.18217,0.47512,0.739523141672577,-0.17322,0.18217,0.47512,0.739523141672577,0.728226223201,0
"KRTAP11-1",0.00835164010220667,0.230430362235508,0.930712049581856,0.968989893036473,-0.0311846634020294,-0.0311846634020294,-0.027778,0.93427,0.96994,0.0295275963986699,0.19492,0.93427,0.96994,-0.0295275963986699,0.784845263169,0
"KRTAP13-1",0.588551228233245,0.810629950366547,0.101457964634177,0.288365341397509,-0.993713854388141,-0.993713854388141,0.30744,0.36275,0.60216,-0.440392578890227,0.53014,0.36275,0.60216,-0.440392578890227,0.784845263169,0
"KRTAP13-2",0.271862142820028,0.49394086495333,0.286013144086573,0.538737481317302,-0.543614007874112,-0.543614007874112,0.1829,0.31126,0.5645,-0.506876686883984,0.4056,0.31126,0.5645,-0.506876686883984,0.784845263169,0
"KRTAP13-3",0.388378000470937,0.610456722604239,0.297857493082202,0.551235738389786,-0.525991470054577,-0.525991470054577,0.40318,0.3361,0.58313,-0.473531487530523,0.62588,0.3361,0.58313,-0.473531487530523,0.784845263169,0
"KRTAP13-4",0.360094577235732,0.582173299369034,0.165438525903578,0.392895942544122,-0.781363348235534,-0.781363348235534,0.40305,0.18318,0.47512,-0.737121945317694,0.62575,0.18318,0.47512,-0.737121945317694,0.784845263169,0
"KRTAP15-1",0.390498533585967,0.612577255719268,0.0326702773909438,0.131596841258822,-1.48584717807905,-1.48584717807905,0.42678,0.1574,0.46576,-0.802995271976954,0.64948,0.1574,0.46576,-0.802995271976954,0.784845263169,0
"KRTAP17-1",0.410131860681534,0.728408478125885,0.0273980584093483,0.115496049928953,-1.56228021279944,-1.56228021279944,0.60118,0.25331,0.52222,-0.59634766508867,0.92034,0.25331,0.52222,-0.59634766508867,1.02577267031,0
"KRTAP19-3",0.0168730725494436,0.238951794682745,0.536037165786345,0.747394101960491,-0.270805097739407,-0.270805097739407,0.17217,0.38244,0.61788,-0.417436690478643,0.39487,0.38244,0.61788,-0.417436690478643,0.784845263169,0
"KRTAP23-1",0.412036968284821,0.634115690418122,0.00446083498496292,0.0273444320293766,-2.3505838418661,-2.3505838418661,0.48846,0.1629,0.46764,-0.788078915691491,0.71116,0.1629,0.46764,-0.788078915691491,0.784845263169,0
"KRTAP26-1",0.555372297746551,0.777451019879852,0.07239133710352,0.231229107226534,-1.14031340166527,-1.14031340166527,0.49395,0.14463,0.46177,-0.839741613797331,0.71665,0.14463,0.46177,-0.839741613797331,0.784845263169,0
"KRTAP3-2",0.625137957071203,0.943414574515554,8.90542363868425e-05,0.000797233545696356,-4.0503454159462,-4.0503454159462,0.58809,0.086962,0.44704,-1.06067048066307,0.90725,0.086962,0.44704,-1.06067048066307,1.02577267031,0
"KRTAP4-11",0.706984554394211,1.02526117183856,0.0456053460336988,0.168305653358194,-1.34098424468539,-1.34098424468539,0.46332,0.31548,0.56734,-0.501028167846012,0.78248,0.31548,0.56734,-0.501028167846012,1.02577267031,0
"KRTAP4-12",-0.876716286398019,-0.558439668953668,0.0206507964170312,0.093221226244383,1.68506319471691,1.68506319471691,-0.6747,0.17487,0.47204,0.757284689960893,-0.35554,0.17487,0.47204,0.757284689960893,1.02577267031,0
"KRTAP4-2",-0.869270335879964,-0.550993718435613,1.31075763728114e-06,1.52294898002154e-05,5.88247760313978,5.88247760313978,-0.74868,0.0064162,0.063213,2.19272210707698,-0.42952,0.0064162,0.063213,2.19272210707698,1.02577267031,0
"KRTAP4-4",0.466220819179881,0.784497436624232,0.116957530055867,0.314744158007645,-0.931971811850255,-0.931971811850255,0.3653,0.20578,0.48798,-0.686596837113529,0.68446,0.20578,0.48798,-0.686596837113529,1.02577267031,0
"KRTAP4-7",-0.270695230551593,0.0475813868927582,0.117724731736871,0.315904701331705,0.929132290524905,-0.929132290524905,-0.304,0.14742,0.46234,0.831443593136275,0.015166,0.14742,0.46234,-0.831443593136275,1.02577267031,0
"KRTAP5-2",-0.0654083356751781,0.157712179657642,0.719988716301092,0.864176358619867,0.14267430980008,-0.14267430980008,-0.018414,0.91468,0.96009,0.0387308169077396,0.20533,0.91468,0.96009,-0.0387308169077396,0.787682155269,0
"KRTAP9-2",0.207992396541395,0.526269013985746,0.357685181659213,0.608296788749727,-0.446499051623297,-0.446499051623297,-0.38883,0.4944,0.70092,0.305921537919241,-0.069665,0.4944,0.70092,0.305921537919241,1.02577267031,0
"KRTAP9-3",0.35141913569741,0.669695753141761,0.0827193864648933,0.253455423752554,-1.0823926954288,-1.0823926954288,0.42145,0.14867,0.46234,-0.827776658572247,0.74061,0.14867,0.46234,-0.827776658572247,1.02577267031,0
"KRTAP9-4",-1.64083334965329,-1.32255673220894,2.09494264126887e-06,2.37067132638081e-05,5.67882786335231,5.67882786335231,-1.5831,0.0068581,0.066809,2.16379618659763,-1.2639,0.0068581,0.066809,2.16379618659763,1.02577267031,0
"KTI12",-1.52522883261545,-1.20693919876843,6.63913178051879e-07,8.06698828487322e-06,6.17788871093071,6.17788871093071,-1.3941,0.0013534,0.017165,2.86857382785255,-1.0749,0.0013534,0.017165,2.86857382785255,1.02580269292,1
"LAGE3",0.244482160958294,0.464913014596301,0.553271936756764,0.759137421879142,-0.25706135765639,-0.25706135765639,-0.3771,0.85236,0.92844,0.0693769392803201,-0.15605,0.85236,0.92844,0.0693769392803201,0.780346554575,1
"LALBA",0.263294866049623,0.583298474097439,0.154174463681703,0.375811315437877,-0.811987553655554,-0.811987553655554,0.3552,0.13637,0.45939,-0.865281159499605,0.6761,0.13637,0.45939,-0.865281159499605,1.02975056327,0
"LAMTOR2",-2.46010553505648,-2.03646631119001,2.41727514612471e-16,3.52682289067799e-14,15.6166739132487,15.6166739132487,-2.3073,2.4872e-07,1.2745e-05,6.60428929096486,-1.8824,2.4872e-07,1.2745e-05,6.60428929096486,1.25037007804,1
"LARS",-3.74609206099117,-3.41991955651036,2.37775745927944e-10,5.39099386941970e-09,9.62383244722306,9.62383244722306,-3.7508,3.639e-09,4.8638e-07,8.43901794441376,-3.4237,3.639e-09,4.8638e-07,8.43901794441376,1.04387089653,1
"LARS2",-3.15725674451243,-2.8315945676489,1.40792243905686e-13,8.05677292745324e-12,12.851421269354,12.851421269354,-2.7542,5.0113e-08,3.6557e-06,7.30004959756791,-2.4276,5.0113e-08,3.6557e-06,7.30004959756791,1.04270800831,1
"LAS1L",-1.90538806505038,-1.67902616197906,3.44046850145837e-08,5.08566701224856e-07,7.46338241389823,7.46338241389823,-1.4822,0.00066152,0.00935,3.17945702107839,-1.2552,0.00066152,0.00935,3.17945702107839,0.796473220463,1
"LBX1",0.61191393600858,0.937615618334778,0.0133862308202714,0.0668192817100671,-1.87334169067975,-1.87334169067975,0.64567,0.10214,0.45798,-0.990804146480479,0.97228,0.10214,0.45798,-0.990804146480479,1.04279806325,0
"LCN9",0.119370125546779,0.411987446883434,0.660399792881554,0.829608748525707,-0.180193071615199,-0.180193071615199,0.21675,0.50156,0.70615,-0.299677106292108,0.51018,0.50156,0.70615,-0.299677106292108,0.965340111692,0
"LCT",-0.184792033691736,0.0700948564431616,0.802792565692731,0.907056887448875,0.0953966579752513,-0.0953966579752513,-0.0038127,0.98624,0.99332,0.00601738729769351,0.25179,0.98624,0.99332,-0.00601738729769351,0.871610435975,0
"LEMD2",-0.136113631595526,0.102315938718255,0.803038210406543,0.90711310481804,0.0952637894985259,-0.0952637894985259,-0.058139,0.69419,0.83446,0.158521646752333,0.18096,0.69419,0.83446,-0.158521646752333,0.828739266687,1
"LENG1",0.0754062916575796,0.392722930302549,0.638556988248183,0.815173278066207,-0.194800337903637,-0.194800337903637,-0.038306,0.91153,0.95841,0.0402290334049959,0.2799,0.91153,0.95841,-0.0402290334049959,1.02355673479,1
"LENG8",-0.222538534824685,0.0947781038202841,0.189318513923619,0.425595936214837,0.7228069132327,-0.7228069132327,-0.27275,0.31388,0.56618,0.503236356062808,0.045454,0.31388,0.56618,-0.503236356062808,1.02355673479,1
"LGALS13",0.341627811379994,0.658944450024963,0.088866800760265,0.265581304383135,-1.05126045432225,-1.05126045432225,0.32935,0.17648,0.47315,-0.753304504903885,0.64755,0.17648,0.47315,-0.753304504903885,1.02355673479,0
"LGALS14",0.296747748904847,0.614064387549816,0.0358345549799643,0.141305106113484,-1.44569798455138,-1.44569798455138,0.34659,0.12611,0.45798,-0.89925047431014,0.66479,0.12611,0.45798,-0.89925047431014,1.02355673479,0
"LHFPL5",0.249893458834621,0.488323029148402,0.328739396103595,0.580809398939546,-0.483148246982697,-0.483148246982697,0.2828,0.12161,0.45798,-0.915030711525013,0.5219,0.12161,0.45798,-0.915030711525013,0.828739266687,0
"LHX3",0.141593314530444,0.434210635867099,0.0989413980597162,0.283986625786958,-1.00462195726949,-1.00462195726949,0.31268,0.094225,0.45755,-1.02583385387836,0.60612,0.094225,0.45755,-1.02583385387836,0.965340111692,0
"LHX5",0.376792138170937,0.696795746218753,0.679685151902626,0.841374501833866,-0.167692217376827,-0.167692217376827,0.30111,0.35559,0.59738,-0.449050460879229,0.62201,0.35559,0.59738,-0.449050460879229,1.02975056327,0
"LIAS",-1.64273724193615,-1.30902463912173,8.10496465836578e-09,1.35174685440964e-07,8.09124887454899,8.09124887454899,-1.4269,0.0001422,0.0025095,3.84710040360625,-1.0923,0.0001422,0.0025095,3.84710040360625,1.06094423934,1
"LIM2",0.269703646989853,0.587020285634822,0.228946634085587,0.476050589347022,-0.640265736974902,-0.640265736974902,0.26821,0.29568,0.55193,-0.529178050459987,0.58642,0.29568,0.55193,-0.529178050459987,1.02355673479,0
"LIN28A",-0.176856964621311,0.141432669225713,0.311832695247663,0.564559846951652,0.506078351555047,-0.506078351555047,-0.19385,0.40836,0.63746,0.388956804856566,0.12533,0.40836,0.63746,-0.388956804856566,1.02580269292,0
"LIN52",-2.84904293462941,-2.61866346251971,2.08877044264994e-06,2.36508705393177e-05,5.68010928666809,5.68010928666809,-1.6761,0.01294,0.11308,1.88806572366732,-1.445,0.01294,0.11308,1.88806572366732,0.807295566234,1
"LIN7C",-0.281549583244842,-0.058429067912022,0.210620743714461,0.453485893276387,0.676498858045715,0.676498858045715,-0.21344,0.30595,0.56107,0.514349542467332,0.010301,0.30595,0.56107,-0.514349542467332,0.787682155269,1
"LIPM",-0.486716460281044,-0.161014777954846,0.00303159711407373,0.0195399520448804,2.51832851503225,2.51832851503225,-0.36695,0.022389,0.17317,1.64996530365994,-0.04034,0.022389,0.17317,1.64996530365994,1.04279806325,0
"LONP1",-3.48261275879014,-3.17691538216847,5.20927261719757e-09,8.95367154069219e-08,8.28322291401163,8.28322291401163,-2.8898,2.9076e-08,2.4607e-06,7.53646533981487,-2.5833,2.9076e-08,2.4607e-06,7.53646533981487,0.996462348026,1
"LOR",0.301485166781417,0.725124390647882,0.15840406732351,0.382028635804952,-0.800233671272546,-0.800233671272546,0.36936,0.19955,0.48485,-0.699948267879958,0.79419,0.19955,0.48485,-0.699948267879958,1.25037007804,0
"LRIT1",-0.275593232552628,0.05010844977357,0.460716456269175,0.69263661429042,0.336566274964045,-0.336566274964045,-0.14023,0.40256,0.63288,0.395169380570844,0.18638,0.40256,0.63288,-0.395169380570844,1.04279806325,0
"LRIT2",-0.351465029558024,-0.025763347231826,0.170089555429078,0.399520913605832,0.769322353987575,0.769322353987575,-0.28814,0.31357,0.56618,0.503665494003184,0.038468,0.31357,0.56618,-0.503665494003184,1.04279806325,0
"LRPPRC",-3.26679605364319,-2.89447371658978,6.23874769250622e-10,1.27530678766707e-08,9.20490257775608,9.20490257775608,-3.0434,5.108e-09,6.2987e-07,8.29174911140862,-2.6701,5.108e-09,6.2987e-07,8.29174911140862,1.14533730473,1
"LRR1",-1.41870911687964,-1.18832964476994,5.13500318628821e-07,6.31565739379193e-06,6.28945928258531,6.28945928258531,-2.2617,0.0005284,0.0076976,3.27703719105751,-2.0307,0.0005284,0.0076976,3.27703719105751,0.807295566234,1
"LRRC10",-0.0305399682783428,0.289463639769473,0.571477486811287,0.771046816703665,0.243000873836003,-0.243000873836003,-0.10591,0.71035,0.84554,0.148527615202856,0.21498,0.71035,0.84554,-0.148527615202856,1.02975056327,0
"LSG1",-2.89869709476093,-2.68149181508272,2.12066346309818e-07,2.77238308961665e-06,6.67352824601237,6.67352824601237,-2.2632,0.00038401,0.0058297,3.4156574660276,-2.0454,0.00038401,0.0058297,3.4156574660276,0.771499871013,1
"LSM11",-2.69223601550831,-2.3660635110275,3.03007304708451e-14,2.15292885311994e-12,13.5185469016748,13.5185469016748,-2.4764,7.1314e-06,0.00020621,5.14682520330524,-2.1493,7.1314e-06,0.00020621,5.14682520330524,1.04387089653,1
"LSM4",-2.504180024458,-2.09219035243099,1.83458087698233e-09,3.45802212048948e-08,8.73646313773583,8.73646313773583,-2.1824,7.6851e-05,0.0014943,4.1143504770041,-1.7692,7.6851e-05,0.0014943,4.1143504770041,1.22718838396,1
"LSM7",-2.59291154725966,-2.39853930970329,1.37698226381919e-08,2.19684991722673e-07,7.86107165362475,7.86107165362475,-2.6554,6.9286e-05,0.0013751,4.15935451051061,-2.4605,6.9286e-05,0.0013751,4.15935451051061,0.707275421882,1
"LTV1",-2.45985910855636,-2.22142953824258,4.2513401195346e-08,6.20747621884376e-07,7.37147414882535,7.37147414882535,-1.847,0.00064156,0.0090966,3.19276272128376,-1.6079,0.00064156,0.0090966,3.19276272128376,0.828739266687,1
"LUC7L3",-2.46476190148265,-2.1464852840383,1.10335892643804e-13,6.59015598781573e-12,12.9572831870933,12.9572831870933,-2.5375,3.1267e-08,2.5869e-06,7.50491378636014,-2.2183,3.1267e-08,2.5869e-06,7.50491378636014,1.02577267031,1
"LUZP4",-0.00250547016609885,0.223670580237237,0.853111469962689,0.932141815673918,0.0689942189768961,-0.0689942189768961,0.054899,0.75556,0.87431,-0.121731042067179,0.28171,0.75556,0.87431,-0.121731042067179,0.795970608931,0
"LYRM4",-2.61076002565084,-2.33304366484227,4.08595661805855e-18,1.20145982832236e-15,17.388706248726,17.388706248726,-2.6267,2.2268e-05,0.00053603,4.6523187873651,-2.3482,2.2268e-05,0.00053603,4.6523187873651,0.929047400627,1
"LYZL1",-0.278039149326599,-0.0599275989721068,0.0561183263106024,0.194380132434676,1.25089528997634,1.25089528997634,-0.29085,0.27064,0.53425,0.567608015220076,-0.072131,0.27064,0.53425,0.567608015220076,0.773990956641,0
"LYZL2",0.198894929240848,0.41700647959534,0.410965827822919,0.651525370535787,-0.386194288598229,-0.386194288598229,0.26718,0.18434,0.47581,-0.734380416846115,0.4859,0.18434,0.47581,-0.734380416846115,0.773990956641,0
"LYZL6",0.220660438310049,0.5389370557544,0.384984461204376,0.631931295688701,-0.414556799191196,-0.414556799191196,0.24282,0.25088,0.52019,-0.600533958995656,0.56198,0.25088,0.52019,-0.600533958995656,1.02577267031,0
"MAD2L2",-1.39909385991763,-1.08080422607061,9.57160626718577e-07,1.1355810712894e-05,6.01901517461204,6.01901517461204,-1.4515,0.010729,0.097234,1.96944075470884,-1.1323,0.010729,0.097234,1.96944075470884,1.02580269292,1
"MAGEA10",0.281822884115871,0.504145570406776,0.148729205246998,0.36726890179404,-0.827603742761062,-0.827603742761062,0.28324,0.13091,0.45873,-0.883027177139545,0.50618,0.13091,0.45873,-0.883027177139545,0.785510098849,0
"MAGEA11",0.21811480030606,0.444290850709396,0.285405293380998,0.538388410224144,-0.544537976334058,-0.544537976334058,0.34155,0.18006,0.47469,-0.744582754191504,0.56836,0.18006,0.47469,-0.744582754191504,0.795970608931,0
"MAGEB1",0.130796479071376,0.360939097686901,0.451642989685173,0.685193178139133,-0.3452047264139,-0.3452047264139,0.2473,0.30991,0.56365,-0.50876440996675,0.47809,0.30991,0.56365,-0.50876440996675,0.806659788028,0
"MAGEB10",-0.145253892898787,0.0848887257167376,0.173784235536236,0.404276788437692,0.75998962219197,-0.75998962219197,-0.20963,0.30656,0.56134,0.51348451260155,0.021156,0.30656,0.56134,-0.51348451260155,0.806659788028,0
"MAGEB18",0.0123438742278848,0.242486492843409,0.548759397733276,0.755923486045125,-0.260618029212225,-0.260618029212225,0.13556,0.23368,0.50798,-0.631378456034507,0.36635,0.23368,0.50798,-0.631378456034507,0.806659788028,0
"MAGEB3",0.246611986862727,0.476754605478252,0.89095252986919,0.950768079078724,-0.0501454346444597,-0.0501454346444597,0.11367,0.64173,0.79982,-0.192647657561058,0.34446,0.64173,0.79982,-0.192647657561058,0.806659788028,0
"MAGEB4",-0.214991373901342,0.0151512447141827,0.367376612039469,0.616855766134619,0.434888495241726,-0.434888495241726,-0.1735,0.49333,0.70021,0.306862473756794,0.057285,0.49333,0.70021,-0.306862473756794,0.806659788028,0
"MAGEC3",-0.01601639753498,0.210159652868356,0.907964227490508,0.959204083574292,0.0419312617316863,-0.0419312617316863,-0.1164,0.62241,0.78836,0.205923438335317,0.11041,0.62241,0.78836,-0.205923438335317,0.795970608931,0
"MAK16",-2.79234654758754,-2.57777077816003,1.38405714278831e-09,2.66131631490071e-08,8.85884597903725,8.85884597903725,-3.5629,1.1543e-08,1.1926e-06,7.93768130434122,-3.3478,1.1543e-08,1.1926e-06,7.93768130434122,0.764247638684,1
"MALSU1",-0.816873608170079,-0.493653675243961,0.00206779113251973,0.0140446666367625,2.68449333142688,2.68449333142688,-0.75917,0.012651,0.11127,1.89787514426547,-0.43505,0.012651,0.11127,1.89787514426547,1.03712983103,1
"MARS",-4.56226005310403,-4.24225644505621,2.47161665479613e-09,4.55106060916362e-08,8.60701888698809,8.60701888698809,-4.1561,4.3377e-11,1.7896e-08,10.3627404875569,-3.8352,4.3377e-11,1.7896e-08,10.3627404875569,1.02975056327,1
"MARS2",-3.31714828508429,-3.06882764668492,3.14188581968931e-14,2.21702054919839e-12,13.5028096018485,13.5028096018485,-2.9149,1.2949e-08,1.2891e-06,7.88776376913106,-2.6659,1.2949e-08,1.2891e-06,7.88776376913106,0.85465784459,1
"MAS1",-0.0705022243570355,0.167927345956746,0.942266736232386,0.97436282403037,0.0258261400138601,-0.0258261400138601,0.063954,0.71195,0.84655,-0.147550505642057,0.30305,0.71195,0.84655,-0.147550505642057,0.828739266687,0
"MAS1L",0.230306365541621,0.468735935855402,0.275454400645667,0.528378157320417,-0.55995028496841,-0.55995028496841,0.23161,0.31136,0.5645,-0.506737181411742,0.47071,0.31136,0.5645,-0.506737181411742,0.828739266687,0
"MASTL",-0.915755396349087,-0.697643845994595,0.000201905990095175,0.00170219500075457,3.69485079632783,3.69485079632783,-0.85947,0.030412,0.21807,1.51695501818528,-0.64075,0.030412,0.21807,1.51695501818528,0.773990956641,1
"MAT2A",-2.93487354359952,-2.56255120654611,2.36176028226666e-16,3.47233263653559e-14,15.6267641852035,15.6267641852035,-2.9338,4.4655e-09,5.616e-07,8.35012990629759,-2.5604,4.4655e-09,5.616e-07,8.35012990629759,1.14533730473,1
"MAU2",-0.436179764213928,-0.0241900921869168,0.0281568111221575,0.117821841207693,1.55041653243018,1.55041653243018,-0.31963,0.079093,0.43106,1.101861951343,0.093514,0.079093,0.43106,-1.101861951343,1.22718838396,1
"MBD3L1",0.0509240447139988,0.356621421335665,0.994045516642666,0.997712259894147,-0.00259372910956287,-0.00259372910956287,0.050504,0.81858,0.91152,-0.0869388704844781,0.35706,0.81858,0.91152,-0.0869388704844781,0.996462348026,0
"MBD3L2",-1.00330249804071,-0.697605121419043,4.37188622101632e-05,0.000412437617681564,4.3593311491532,4.3593311491532,-0.77142,0.011126,0.10012,1.95366094439519,-0.46487,0.011126,0.10012,1.95366094439519,0.996462348026,0
"MBL2",-0.090549570860432,0.12756197949406,0.824381164401907,0.917830558351118,0.0838719396120941,-0.0838719396120941,-0.0029261,0.98155,0.99192,0.00808757260904529,0.2158,0.98155,0.99192,-0.00808757260904529,0.773990956641,0
"MC2R",0.328911135664981,0.554410782125919,0.150938440963676,0.370665093426536,-0.821200140129499,-0.821200140129499,0.38448,0.14934,0.46234,-0.825823853007763,0.61061,0.14934,0.46234,-0.825823853007763,0.794139893033,0
"MC3R",0.306687831260924,0.728469434747218,0.313376399831627,0.566228316315172,-0.503933713064702,-0.503933713064702,0.29737,0.40083,0.63211,-0.397039781285333,0.72033,0.40083,0.63211,-0.397039781285333,1.24669843105,0
"MC5R",0.156820275611467,0.382319922072405,0.149668486941672,0.368540813052845,-0.824869631774803,-0.824869631774803,0.30055,0.12287,0.45798,-0.910554141726166,0.52668,0.12287,0.45798,-0.910554141726166,0.794139893033,0
"MCM10",-1.23817146160375,-1.02005991124926,4.67403620104869e-10,9.82781671184198e-09,9.33030792826069,9.33030792826069,-1.7091,0.00058599,0.0084021,3.23210979521378,-1.4903,0.00058599,0.0084021,3.23210979521378,0.773990956641,1
"MCM2",-1.64417466153696,-1.31851248467343,2.28103744775532e-13,1.23156691352959e-11,12.6418675848593,12.6418675848593,-1.5996,5.2853e-05,0.0010956,4.27693035657853,-1.273,5.2853e-05,0.0010956,4.27693035657853,1.04270800831,1
"MCM3",-2.6539482201493,-2.41551864983552,3.9728582959222e-09,7.02052966541774e-08,8.40089692510234,8.40089692510234,-2.8062,5.4621e-05,0.0011274,4.26264035307021,-2.5671,5.4621e-05,0.0011274,4.26264035307021,0.828739266687,1
"MCM3AP",-1.73118449947108,-1.5294752596888,1.24919423491894e-09,2.42148574158272e-08,8.90337002872352,8.90337002872352,-1.4583,0.00046534,0.0069054,3.33222961449311,-1.256,0.00046534,0.0069054,3.33222961449311,0.728226223201,1
"MCM4",-1.79163610369096,-1.46612039383311,2.56418257565081e-08,3.88962075939793e-07,7.59105105529412,7.59105105529412,-1.8786,8.5159e-05,0.0016293,4.06976944701098,-1.5522,8.5159e-05,0.0016293,4.06976944701098,1.04237407941,1
"MCM5",-1.78220718847422,-1.57025495462388,3.93870082566145e-13,1.94689992439566e-11,12.4046470059131,12.4046470059131,-1.7244,1.3258e-05,0.00034714,4.87752198531849,-1.5119,1.3258e-05,0.00034714,4.87752198531849,0.756975369415,1
"MCM6",-2.40231162185211,-2.14742473171721,9.0239172977482e-08,1.24981254573813e-06,7.04460489355756,7.04460489355756,-1.7427,0.00076883,0.01058,3.11416967869505,-1.4871,0.00076883,0.01058,3.11416967869505,0.871610435975,1
"MCM7",-3.56072092212805,-3.23450704136784,2.73118568785275e-16,3.81030306948391e-14,15.5636487720432,15.5636487720432,-3.3897,4.1614e-09,5.3741e-07,8.38076053716464,-3.0625,4.1614e-09,5.3741e-07,8.38076053716464,1.04396513997,1
"MCMBP",-2.23599691083337,-1.91029522850717,6.20804945851363e-14,4.04963990786932e-12,13.2070448317831,13.2070448317831,-2.3529,6.6682e-08,4.4253e-06,7.17599138281017,-2.0263,6.6682e-08,4.4253e-06,7.17599138281017,1.04279806325,1
"MDM2",-4.21199469696079,-3.89199108891297,2.52021229911485e-12,9.50075299269865e-11,11.5985628733254,11.5985628733254,-3.7433,3.3692e-11,1.6099e-08,10.4724732079805,-3.4224,3.3692e-11,1.6099e-08,10.4724732079805,1.02975056327,1
"MDN1",-2.25872637861738,-2.0202968083036,9.77675012902272e-11,2.42679253527287e-09,10.0098054842295,10.0098054842295,-2.3835,1.3581e-06,5.2229e-05,5.86706825078508,-2.1444,1.3581e-06,5.2229e-05,5.86706825078508,0.828739266687,1
"MECR",-1.80213209008915,-1.48384245624213,2.35088399836648e-15,2.53855626332082e-13,14.6287688001019,14.6287688001019,-1.8116,4.0542e-06,0.00012979,5.39209483069138,-1.4924,4.0542e-06,0.00012979,5.39209483069138,1.02580269292,1
"MED1",-0.864240509109499,-0.545963891665148,0.000258224272736126,0.00213009949279481,3.58800293705062,3.58800293705062,-0.66001,0.0035932,0.038955,2.444518608991,-0.34084,0.0035932,0.038955,2.444518608991,1.02577267031,1
"MED11",-2.3986563929683,-2.08037977552395,5.04237787457058e-11,1.3509541878249e-09,10.2973646115173,10.2973646115173,-2.344,1.26e-05,0.00033361,4.89962945488244,-2.0248,1.26e-05,0.00033361,4.89962945488244,1.02577267031,1
"MED12",-0.404504112655501,-0.178142209584176,0.231134050232211,0.478620271082151,0.63613607036405,0.63613607036405,-0.20617,0.52349,0.7219,0.281091610043017,0.020829,0.52349,0.7219,-0.281091610043017,0.796473220463,1
"MED14",-1.86965002666037,-1.68771577555514,1.88160520404683e-07,2.48535730925688e-06,6.72547149445297,6.72547149445297,-1.5507,0.00074282,0.010315,3.12911641164644,-1.3682,0.00074282,0.010315,3.12911641164644,0.67104857236,1
"MED17",-1.21688274048923,-0.884834657009357,1.70297890669185e-05,0.00016988014532151,4.76879073122945,4.76879073122945,-1.1394,0.001553,0.019187,2.80882854427144,-0.80642,0.001553,0.019187,2.80882854427144,1.05719254283,1
"MED18",-0.323699409112345,-0.00540977526532055,0.0966304532555102,0.279748235848617,1.014885983351,1.014885983351,-0.50959,0.28832,0.54649,0.540125230701031,-0.19041,0.28832,0.54649,0.540125230701031,1.02580269292,1
"MED19",-0.0600623229723794,0.271985760507494,0.703968411188818,0.854065522600728,0.152446828292804,-0.152446828292804,-0.0004047,0.99859,0.99901,0.000612787336150761,0.33257,0.99859,0.99901,-0.000612787336150761,1.05719254283,1
"MED26",-0.542101918513442,-0.130112246486431,0.000328208005913797,0.00265919441162798,3.48385082949323,3.48385082949323,-0.69289,0.099824,0.45798,1.00076503171371,-0.27975,0.099824,0.45798,1.00076503171371,1.22718838396,1
"MED27",-0.48612858474259,-0.193511263405935,0.00825222367133025,0.045742999989378,2.08342900926069,2.08342900926069,-0.51085,0.13219,0.45873,0.87880139741531,-0.21741,0.13219,0.45873,0.87880139741531,0.965340111692,1
"MED30",-1.78207783961674,-1.45656212975889,2.04524470061575e-09,3.81342352472342e-08,8.68925472395518,8.68925472395518,-1.6334,0.00030813,0.0048352,3.51126601606091,-1.307,0.00030813,0.0048352,3.51126601606091,1.04237407941,1
"MED4",-3.02222962060989,-2.68794565132532,1.37819011584241e-11,4.1944821153019e-10,10.8606908691003,10.8606908691003,-2.8528,1.1098e-07,6.6491e-06,6.95475527952185,-2.5176,1.1098e-07,6.6491e-06,6.95475527952185,1.06222980875,1
"MED6",-2.87051532766277,-2.64013585555307,2.05380865102594e-12,8.09527415588352e-11,11.6874400211451,11.6874400211451,-2.2788,5.9687e-06,0.00017769,5.22412024915637,-2.0477,5.9687e-06,0.00017769,5.22412024915637,0.807295566234,1
"MED7",-1.83372657354664,-1.50755406906583,1.39733662975632e-08,2.22375478805434e-07,7.85469895620919,7.85469895620919,-1.6345,3.1655e-05,0.00071856,4.49955768214251,-1.3074,3.1655e-05,0.00071856,4.49955768214251,1.04387089653,1
"MED9",-0.2018955029648,0.116381114479551,0.00686574313667655,0.0393124471453861,2.16331244856694,-2.16331244856694,-0.61603,0.1042,0.45798,0.982132281036494,-0.29686,0.1042,0.45798,0.982132281036494,1.02577267031,1
"MEP1A",0.0553450654855093,0.29377463579929,0.750978674882975,0.879918910512019,-0.124372395235703,-0.124372395235703,0.075221,0.68294,0.82733,-0.165617449778987,0.31432,0.68294,0.82733,-0.165617449778987,0.828739266687,0
"MEP1B",-0.254142449072927,-0.0286428026119892,0.318286041407479,0.570684390840121,0.497182407161699,0.497182407161699,-0.18752,0.33896,0.58552,0.469851549007067,0.038609,0.33896,0.58552,-0.469851549007067,0.794139893033,0
"MEPCE",-1.33819989832056,-1.01198601756035,0.000186786917771355,0.00158457983105367,3.72865354426583,3.72865354426583,-1.0661,0.0027266,0.030892,2.56437856962514,-0.739,0.0027266,0.030892,2.56437856962514,1.04396513997,1
"MEPE",-0.470689097486782,-0.309043280811088,0.0419310680589191,0.158645272194839,1.37746407520227,1.37746407520227,-0.44518,0.22326,0.49974,0.651189079594822,-0.28308,0.22326,0.49974,0.651189079594822,0.609931911609,0
"METAP1",-0.799761547654178,-0.575663019787868,0.000184558166256507,0.00156845719504696,3.73386673355326,3.73386673355326,-0.82097,0.0053658,0.054697,2.27036551886406,-0.59625,0.0053658,0.054697,2.27036551886406,0.790340300119,1
"METAP2",-2.50593407352553,-2.18593046547771,9.37813675025831e-20,3.98320728239305e-17,19.0278834387491,19.0278834387491,-2.2484,3.3355e-07,1.6516e-05,6.4768390550114,-1.9275,3.3355e-07,1.6516e-05,6.4768390550114,1.02975056327,1
"METTL1",-0.704872279012323,-0.384868670964507,1.2234941297503e-06,1.42676286161791e-05,5.91239811002545,5.91239811002545,-0.75875,0.0042812,0.045108,2.36843448324546,-0.43785,0.0042812,0.045108,2.36843448324546,1.02975056327,1
"METTL16",-2.52300684059053,-2.20473022314618,1.21450069266575e-08,1.95888200328443e-07,7.91560223316776,7.91560223316776,-2.5071,2.6669e-05,0.00062085,4.57399326862299,-2.188,2.6669e-05,0.00062085,4.57399326862299,1.02577267031,1
"METTL17",-1.3154439524318,-1.0850644803221,1.34524615656799e-07,1.81965249755726e-06,6.87119824007961,6.87119824007961,-1.2917,0.00047591,0.0070402,3.32247516954629,-1.0607,0.00047591,0.0070402,3.32247516954629,0.807295566234,1
"METTL3",-1.22726260427046,-0.996883132160758,4.05246013375596e-08,5.92161089728423e-07,7.39228124884835,7.39228124884835,-1.1468,0.0054484,0.055362,2.26373101573995,-0.91575,0.0054484,0.055362,2.26373101573995,0.807295566234,1
"MFAP1",-1.62916099943404,-1.31399799972673,6.63628814444046e-10,1.34935505643288e-08,9.17807476538069,9.17807476538069,-2.0371,6.2849e-06,0.00018566,5.20170162804862,-1.7211,6.2849e-06,0.00018566,5.20170162804862,1.01857303525,1
"MFN2",-2.68571260720544,-2.36742297335842,1.09153618104564e-20,7.45090393868761e-18,19.9619618641985,19.9619618641985,-2.5575,1.7672e-07,9.6227e-06,6.75271429713662,-2.2383,1.7672e-07,9.6227e-06,6.75271429713662,1.02580269292,1
"MFRP",0.171253627681027,0.507752383741406,0.600025555337552,0.790643808284497,-0.221830252440135,-0.221830252440135,0.22457,0.22164,0.49918,-0.654351858512134,0.562,0.22164,0.49918,-0.654351858512134,1.06720226046,0
"MIPEP",-2.36810415217317,-2.0348739483949,6.97995512241935e-12,2.29223165386256e-10,11.1561473696617,11.1561473696617,-2.3744,2.4137e-07,1.2536e-05,6.61731670956636,-2.0402,2.4137e-07,1.2536e-05,6.61731670956636,1.05985795326,1
"MIS18A",-2.66871457382723,-2.44663585169393,1.59663738794855e-10,3.78522141448634e-09,9.79679370521051,9.79679370521051,-2.4156,1.811e-06,6.6057e-05,5.74208154968594,-2.1929,1.811e-06,6.6057e-05,5.74208154968594,0.784845263169,1
"MIS18BP1",-2.68943253055203,-2.45905305844233,9.0592695588232e-15,7.87044632171763e-13,14.0429068177052,14.0429068177052,-2.4721,1.9971e-08,1.853e-06,7.69960018832867,-2.2411,1.9971e-08,1.853e-06,7.69960018832867,0.807295566234,1
"MLST8",-0.708856038319747,-0.393675780245966,0.00874124718300776,0.0479126634381495,2.05842659870931,2.05842659870931,-0.63264,0.014652,0.12459,1.83410309000749,-0.31658,0.014652,0.12459,1.83410309000749,1.01861304105,1
"MMD2",0.201848055435644,0.525067988361762,0.977538305364373,0.991072015193574,-0.00986621553574914,-0.00986621553574914,0.038099,0.84737,0.9265,-0.071926915677357,0.36222,0.84737,0.9265,-0.071926915677357,1.03712983103,0
"MMP20",0.4816193900593,0.813667473539173,0.00420642325911745,0.0260691853928378,-2.37608702983071,-2.37608702983071,0.53982,0.094808,0.45798,-1.02315501488486,0.87279,0.094808,0.45798,-1.02315501488486,1.05719254283,0
"MMP21",-0.255352711076272,0.070348971249926,0.283283727222184,0.536534265183265,0.547778372110653,-0.547778372110653,-0.24959,0.13362,0.45873,0.874128532582318,0.077026,0.13362,0.45873,-0.874128532582318,1.04279806325,0
"MMP26",0.164762613030559,0.387883128363379,0.572167927180818,0.771488225199787,-0.242476490184685,-0.242476490184685,0.1895,0.35482,0.59703,-0.449991908443365,0.41325,0.35482,0.59703,-0.449991908443365,0.787682155269,0
"MMP27",-0.167108307959904,0.164939775519969,0.461173899377884,0.692957290786909,0.336135280035018,-0.336135280035018,-0.1679,0.49628,0.70187,0.304273226444135,0.16507,0.49628,0.70187,-0.304273226444135,1.05719254283,0
"MMS19",-3.11674725074573,-2.79104556841953,1.28058756205945e-09,2.47731478478161e-08,8.89259072065583,8.89259072065583,-2.5437,6.2097e-05,0.0012506,4.20692938073996,-2.2171,6.2097e-05,0.0012506,4.20692938073996,1.04279806325,1
"MMS22L",-2.09029195407892,-1.85186238376514,2.04976147663088e-11,5.99955453336081e-10,10.6882966732906,10.6882966732906,-2.465,1.2805e-05,0.00033795,4.89262041719555,-2.2259,1.2805e-05,0.00033795,4.89262041719555,0.828739266687,1
"MOCS3",-2.7867771079153,-2.36499550442901,5.26363701352967e-10,1.09709808331072e-08,9.2787140678091,9.2787140678091,-2.6627,7.2761e-08,4.6511e-06,7.13810134078643,-2.2398,7.2761e-08,4.6511e-06,7.13810134078643,1.24669843105,1
"MOGAT3",-0.0815704878777105,0.244643392882503,0.79139663803296,0.901589333258717,0.101605799011658,-0.101605799011658,0.12948,0.63229,0.79407,-0.199083686728869,0.45661,0.63229,0.79407,-0.199083686728869,1.04396513997,0
"MORC1",-0.270098915378709,0.0555632614848168,0.924624233947325,0.965348541992778,0.0340347281035681,-0.0340347281035681,0.033585,0.8477,0.92675,-0.0717578168426909,0.36016,0.8477,0.92675,-0.0717578168426909,1.04270800831,0
"MORC2",0.427498991806168,0.639451225656508,0.242806358378061,0.492179226607263,-0.614739944564041,-0.614739944564041,0.3682,0.28554,0.54453,-0.544333044817599,0.58075,0.28554,0.54453,-0.544333044817599,0.756975369415,1
"MPHOSPH10",-2.25101059868402,-1.87868826163061,1.22032676765873e-15,1.43092671842094e-13,14.9135238624488,14.9135238624488,-2.4875,5.9602e-08,4.1354e-06,7.22473916686395,-2.1141,5.9602e-08,4.1354e-06,7.22473916686395,1.14533730473,1
"MPHOSPH8",-0.398274882693072,-0.065044678914801,0.00240336208329008,0.0159886736853197,2.61918079476879,2.61918079476879,-0.46275,0.46752,0.68068,0.330199805745797,-0.12859,0.46752,0.68068,0.330199805745797,1.05985795326,1
"MRGBP",-1.91318961329713,-1.51329324710389,1.45130866513444e-10,3.4716974363848e-09,9.83824021174658,9.83824021174658,-1.7622,1.516e-05,0.00038997,4.81930079870397,-1.3612,1.516e-05,0.00038997,4.81930079870397,1.20272299885,1
"MRGPRD",-0.608901197661922,-0.276853114182049,0.000879296911491325,0.00653167581396568,3.05586445228786,3.05586445228786,-0.58007,0.024592,0.18549,1.60920614984433,-0.24709,0.024592,0.18549,1.60920614984433,1.05719254283,0
"MRGPRX1",-0.0513115200896369,0.171808995243183,0.877905309319298,0.944984603879518,0.0565523244786701,-0.0565523244786701,0.04581,0.85271,0.92862,-0.0691986438780187,0.26955,0.85271,0.92862,-0.0691986438780187,0.787682155269,0
"MRGPRX2",0.553275897290154,0.776396412622974,0.00250781733789821,0.016596922707496,-2.60070409943296,-2.60070409943296,0.60187,0.098186,0.45798,-1.00795043233726,0.82561,0.098186,0.45798,-1.00795043233726,0.787682155269,0
"MRGPRX4",0.23803576319294,0.46115627852576,0.231250992240975,0.478703845708624,-0.63591639513442,-0.63591639513442,0.22325,0.30477,0.56058,-0.516027784956066,0.44699,0.30477,0.56058,-0.516027784956066,0.787682155269,0
"MROH6",0.170713125474235,0.472681020509982,0.736802446515179,0.873062936158997,-0.132648940755998,-0.132648940755998,0.14408,0.59301,0.76884,-0.226937983013139,0.44689,0.59301,0.76884,-0.226937983013139,0.987656758422,1
"MRPL11",-2.38926167783069,-2.05721359435082,8.72104876007986e-09,1.44943830392527e-07,8.059431285328,8.059431285328,-2.8538,4.6199e-06,0.00014405,5.33536742485907,-2.5208,4.6199e-06,0.00014405,5.33536742485907,1.05719254283,1
"MRPL12",-1.64633970957956,-1.33175050337683,1.29014841211141e-09,2.49328681503391e-08,8.88936032779871,8.88936032779871,-1.7747,0.0013494,0.017137,2.86985929418072,-1.4593,0.0013494,0.017137,2.86985929418072,1.0172423198,1
"MRPL13",-2.91512412606388,-2.58960841620603,3.80744578660711e-15,3.79369979637915e-13,14.4193662717726,14.4193662717726,-2.4432,1.3892e-05,0.00035977,4.85723522536128,-2.1167,1.3892e-05,0.00035977,4.85723522536128,1.04237407941,1
"MRPL14",-2.04515507635809,-1.80672550604431,6.20790190527952e-08,8.83481974055156e-07,7.20705515423898,7.20705515423898,-1.7345,0.00038603,0.005851,3.4133789431827,-1.4954,0.00038603,0.005851,3.4133789431827,0.828739266687,1
"MRPL15",-2.53797132759808,-2.21245561774023,1.79024223755297e-15,2.00098829744736e-13,14.7470882006878,14.7470882006878,-2.3925,1.4208e-05,0.00036697,4.84746705156547,-2.0661,1.4208e-05,0.00036697,4.84746705156547,1.04237407941,1
"MRPL16",-1.53150046534346,-1.19945238186359,8.70550298734892e-05,0.000781165627216901,4.06020613111537,4.06020613111537,-1.497,0.036977,0.25239,1.43206832671651,-1.164,0.036977,0.25239,1.43206832671651,1.05719254283,1
"MRPL17",-1.63447356385902,-1.4113530485262,9.15503246227335e-14,5.69967867919969e-12,13.0383401114211,13.0383401114211,-1.7432,0.00082244,0.011236,3.08489577559001,-1.5195,0.00082244,0.011236,3.08489577559001,0.787682155269,1
"MRPL18",-2.07567022883881,-1.83724065852503,5.45114676145999e-11,1.44705233405257e-09,10.2635121252858,10.2635121252858,-1.9289,2.3508e-06,8.1691e-05,5.62878431795764,-1.6898,2.3508e-06,8.1691e-05,5.62878431795764,0.828739266687,1
"MRPL19",-1.6846928083886,-1.31237047133519,1.47672750122968e-08,2.34035594784434e-07,7.83069963713938,7.83069963713938,-1.4356,0.0015946,0.019629,2.79734824024266,-1.0623,0.0015946,0.019629,2.79734824024266,1.14533730473,1
"MRPL20",-3.57704444338668,-3.25875480953966,2.66337046655051e-11,7.59776115331043e-10,10.5745684203473,10.5745684203473,-3.2669,3.1796e-08,2.6062e-06,7.49762751168831,-2.9478,3.1796e-08,2.6062e-06,7.49762751168831,1.02580269292,1
"MRPL21",-1.36304541804252,-1.03099733456265,2.38644836235154e-11,6.89005854223941e-10,10.6222479584016,10.6222479584016,-1.3935,0.004488,0.046746,2.3479471517519,-1.0606,0.004488,0.046746,2.3479471517519,1.05719254283,1
"MRPL22",-1.41355255028738,-1.08738004580657,6.2599509669019e-07,7.61594161873941e-06,6.20342906852876,6.20342906852876,-1.443,0.0033266,0.036373,2.47799941681573,-1.1159,0.0033266,0.036373,2.47799941681573,1.04387089653,1
"MRPL27",-1.69661745861228,-1.37834084116793,9.39320180874633e-10,1.86623977308283e-08,9.02718634694018,9.02718634694018,-1.426,0.00043265,0.0064704,3.36386329194895,-1.1069,0.00043265,0.0064704,3.36386329194895,1.02577267031,1
"MRPL28",-1.53127605433693,-1.21609579626315,4.12996290417697e-09,7.26850653660537e-08,8.3840538492113,8.3840538492113,-1.7792,6.5814e-05,0.0013124,4.18168171313351,-1.4632,6.5814e-05,0.0013124,4.18168171313351,1.01861304105,1
"MRPL34",-1.56981358475773,-1.15782391273072,8.13828925408678e-08,1.1353804563019e-06,7.08946687835331,7.08946687835331,-1.2004,0.0014016,0.017647,2.85337591117599,-0.78729,0.0014016,0.017647,2.85337591117599,1.22718838396,1
"MRPL37",-3.16995399811811,-2.85166436427109,8.9085287346496e-10,1.77919236891701e-08,9.05019401483892,9.05019401483892,-3.1116,3.7573e-08,2.9432e-06,7.42512412749636,-2.7924,3.7573e-08,2.9432e-06,7.42512412749636,1.02580269292,1
"MRPL38",-1.85027769742432,-1.53568849122159,2.74783808377605e-09,4.99709127452062e-08,8.56100886163954,8.56100886163954,-2.0468,0.00020792,0.0034377,3.68210373350704,-1.7313,0.00020792,0.0034377,3.68210373350704,1.0172423198,1
"MRPL39",-2.58306212107281,-2.36098339893951,6.01437873290244e-05,0.000553722643169385,4.2208092273112,4.2208092273112,-1.8408,0.0025624,0.029309,2.59135307434423,-1.6181,0.0025624,0.029309,2.59135307434423,0.784845263169,1
"MRPL4",-2.0156217522964,-1.70992437567473,3.02973833479701e-11,8.52833413740431e-10,10.5185948779864,10.5185948779864,-1.8399,7.6992e-05,0.0014949,4.11355439867627,-1.5334,7.6992e-05,0.0014949,4.11355439867627,0.996462348026,1
"MRPL40",-2.31426101183578,-2.10089724924475,3.2166771987763e-10,6.99487401821845e-09,9.49259251939775,9.49259251939775,-2.0136,4.4452e-05,0.00094717,4.35210869432428,-1.7996,4.4452e-05,0.00094717,4.35210869432428,0.760892590018,1
"MRPL41",-2.83874584549753,-2.54612852416088,2.46451641647355e-06,2.7659602036441e-05,5.60826828460598,5.60826828460598,-2.3329,4.8433e-05,0.0010172,4.31485862938225,-2.0394,4.8433e-05,0.0010172,4.31485862938225,0.965340111692,1
"MRPL43",-2.78321756841361,-2.45751588608741,3.85136591018452e-05,0.000367321140924934,4.41438521801067,4.41438521801067,-1.8041,0.0034514,0.037524,2.46200470523304,-1.4775,0.0034514,0.037524,2.46200470523304,1.04279806325,1
"MRPL44",-2.81205171815725,-2.56373107975788,4.95326932947439e-15,4.75737872835397e-13,14.3051080570116,14.3051080570116,-2.7066,2.6428e-08,2.3201e-06,7.57793570186372,-2.4576,2.6428e-08,2.3201e-06,7.57793570186372,0.85465784459,1
"MRPL45",-1.79153258462803,-1.47325596718368,5.16924251938111e-07,6.35368053202129e-06,6.28657309206171,6.28657309206171,-1.3669,0.0018608,0.022298,2.73030030261563,-1.0477,0.0018608,0.022298,2.73030030261563,1.02577267031,1
"MRPL46",-2.25350289392415,-1.93833989421684,5.9663808878759e-09,1.01726528019601e-07,8.22428902515723,8.22428902515723,-2.1929,6.7711e-06,0.00019758,5.1693407722124,-1.8769,6.7711e-06,0.00019758,5.1693407722124,1.01857303525,1
"MRPL47",-1.10780884772097,-0.890603568042755,1.02463388548794e-07,1.40890844987993e-06,6.98943128574536,6.98943128574536,-1.1249,0.0018031,0.021727,2.74398018661988,-0.90709,0.0018031,0.021727,2.74398018661988,0.771499871013,1
"MRPL51",-2.07552886956114,-1.75552526151332,7.99103055303061e-16,9.91769915325157e-14,15.097397208842,15.097397208842,-2.0437,7.4283e-05,0.0014577,4.12911056512159,-1.7228,7.4283e-05,0.0014577,4.12911056512159,1.02975056327,1
"MRPL53",-1.76018013890014,-1.38785780184673,6.2030224350547e-13,2.91298200985751e-11,12.2073966480785,12.2073966480785,-1.6142,3.5101e-05,0.00078375,4.45468051064826,-1.2409,3.5101e-05,0.00078375,4.45468051064826,1.14533730473,1
"MRPL9",-0.429661542621316,-0.00602231875485087,0.0135288040134531,0.0673024547394924,1.86874059463045,1.86874059463045,-0.50089,0.10723,0.45798,0.969683694011415,-0.076066,0.10723,0.45798,0.969683694011415,1.25037007804,1
"MRPS10",-2.34611727771149,-2.10768770739771,3.3847330419654e-11,9.43037939228639e-10,10.470475578965,10.470475578965,-2.0155,0.00018657,0.0031199,3.72915818846681,-1.7764,0.00018657,0.0031199,3.72915818846681,0.828739266687,1
"MRPS11",-1.06897214630997,-0.753809146602658,6.96114909400186e-07,8.42612049611511e-06,6.15731906441349,6.15731906441349,-0.95173,0.0020695,0.024431,2.68413456926322,-0.63569,0.0020695,0.024431,2.68413456926322,1.01857303525,1
"MRPS12",-1.83271674301659,-1.51540010437162,4.03010799985956e-12,1.40049916729665e-10,11.3946833153689,11.3946833153689,-1.8864,0.00012487,0.0022431,3.90354188828255,-1.5682,0.00012487,0.0022431,3.90354188828255,1.02355673479,1
"MRPS14",-2.96668170389419,-2.53550890350964,1.08371832936348e-07,1.4826849269237e-06,6.96508358117309,6.96508358117309,-2.3573,2.2895e-05,0.00054699,4.64025935213628,-1.925,2.2895e-05,0.00054699,4.64025935213628,1.26516537946,1
"MRPS15",-0.174751801234375,0.143537832612649,0.0785182025886953,0.244376877719872,1.10502965067603,-1.10502965067603,-0.44857,0.61727,0.78449,0.209524829708834,-0.12939,0.61727,0.78449,0.209524829708834,1.02580269292,1
"MRPS18A",-2.37332573007301,-2.13489615975923,1.95418501953767e-12,7.78132047467157e-11,11.7090343202691,11.7090343202691,-2.1517,2.5501e-06,8.7821e-05,5.59344278874383,-1.9126,2.5501e-06,8.7821e-05,5.59344278874383,0.828739266687,1
"MRPS18B",-3.03104161929417,-2.79261204898039,2.99428063643015e-11,8.45342478642385e-10,10.5237074982009,10.5237074982009,-2.4346,5.7702e-06,0.00017341,5.23880913357025,-2.1955,5.7702e-06,0.00017341,5.23880913357025,0.828739266687,1
"MRPS18C",-2.29422125713624,-2.13257544046055,3.99320554632748e-11,1.10132954699794e-09,10.398678334349,10.398678334349,-1.98,4.9249e-06,0.00015133,5.30760258341796,-1.8179,4.9249e-06,0.00015133,5.30760258341796,0.609931911609,1
"MRPS2",-1.94170756786297,-1.64909024652632,8.39211270531547e-11,2.12730039969091e-09,10.0761286922397,10.0761286922397,-1.9868,3.1076e-06,0.00010438,5.50757488722391,-1.6933,3.1076e-06,0.00010438,5.50757488722391,0.965340111692,1
"MRPS22",-2.73514430656153,-2.409482129698,2.31269889761435e-16,3.42655922713977e-14,15.6358809066227,15.6358809066227,-2.2363,6.5474e-06,0.00019223,5.18393112593516,-1.9098,6.5474e-06,0.00019223,5.18393112593516,1.04270800831,1
"MRPS23",-1.75646152214644,-1.43818490470209,2.47382422898126e-07,3.21210614731785e-06,6.60663116125314,6.60663116125314,-1.3973,0.0059927,0.059874,2.2223774629352,-1.0782,0.0059927,0.059874,2.2223774629352,1.02577267031,1
"MRPS24",-1.88332380819531,-1.56010387526919,1.74038466153021e-09,3.2967266636102e-08,8.75935475291445,8.75935475291445,-1.4087,0.00037714,0.0057345,3.4234974032666,-1.0846,0.00037714,0.0057345,3.4234974032666,1.03712983103,1
"MRPS25",-3.01989681060433,-2.6942346337408,2.67637871902199e-09,4.88573318592811e-08,8.57245243203131,8.57245243203131,-2.4888,1.8583e-05,0.00046272,4.73088417310488,-2.1622,1.8583e-05,0.00046272,4.73088417310488,1.04270800831,1
"MRPS26",-0.518848874089409,-0.19906123568027,0.0101096405463198,0.0537185320438727,1.99526428570722,1.99526428570722,-0.47055,0.083821,0.44158,1.07664716225795,-0.14987,0.083821,0.44158,1.07664716225795,1.02925370559,1
"MRPS27",-2.55088781612471,-2.2247153116439,1.48934511085003e-08,2.35839710883816e-07,7.8270046559272,7.8270046559272,-2.0526,0.0012731,0.016276,2.89513748185892,-1.7255,0.0012731,0.016276,2.89513748185892,1.04387089653,1
"MRPS28",-0.627697079789636,-0.302181369931783,0.0115545351036527,0.0595864110618449,1.93724752365783,1.93724752365783,-0.6374,0.067736,0.39403,1.1691804532364,-0.31098,0.067736,0.39403,1.1691804532364,1.04237407941,1
"MRPS30",-1.11942801307159,-0.793255508590783,1.66393894868471e-05,0.00016624602784219,4.77886261238168,4.77886261238168,-1.1598,0.0043531,0.045639,2.36120135605663,-0.83272,0.0043531,0.045639,2.36120135605663,1.04387089653,1
"MRPS34",-1.13439337027587,-0.819213112202089,3.03603996699562e-06,3.35809212321685e-05,5.51769251560548,5.51769251560548,-1.1817,0.013346,0.11594,1.87464887948525,-0.86567,0.013346,0.11594,1.87464887948525,1.01861304105,1
"MRPS35",-1.88104694556714,-1.56104333751932,2.99976473009801e-08,4.47227014714222e-07,7.52291280542264,7.52291280542264,-1.8719,5.4382e-05,0.0011237,4.26454482446107,-1.551,5.4382e-05,0.0011237,4.26454482446107,1.02975056327,1
"MRPS5",-3.35205386019154,-3.10528383352381,3.23019685936056e-10,7.01576733783618e-09,9.49077100945566,9.49077100945566,-2.3535,2.3799e-05,0.00056365,4.62344129099416,-2.106,2.3799e-05,0.00056365,4.62344129099416,0.850625268501,1
"MRPS6",-2.08493659532184,-1.86285787318854,4.74475246473721e-08,6.87539453059305e-07,7.32378643992855,7.32378643992855,-2.2823,6.639e-05,0.0013218,4.17789733135308,-2.0596,6.639e-05,0.0013218,4.17789733135308,0.784845263169,1
"MRPS7",-1.57749390978457,-1.26290470358184,1.12187386470922e-14,9.32277181573361e-13,13.9500559692297,13.9500559692297,-1.7631,6.3063e-05,0.0012661,4.2002253730671,-1.4476,6.3063e-05,0.0012661,4.2002253730671,1.0172423198,1
"MRPS9",-2.12408942021488,-1.87731939354715,8.68785027978963e-16,1.05764893246891e-13,15.0610876720118,15.0610876720118,-1.9563,2.1729e-05,0.00052838,4.66296026007962,-1.7089,2.1729e-05,0.00052838,4.66296026007962,0.850625268501,1
"MRTO4",-2.46519778489057,-2.14690815104355,7.140022931106e-13,3.29631058652727e-11,12.1463003934288,12.1463003934288,-2.288,5.9437e-08,4.1354e-06,7.22594311910491,-1.9688,5.9437e-08,4.1354e-06,7.22594311910491,1.02580269292,1
"MS4A10",0.129104462111849,0.461152545591722,0.313049648474375,0.566011142074676,-0.504386779550882,-0.504386779550882,0.32514,0.36593,0.60483,-0.436601984335826,0.65811,0.36593,0.60483,-0.436601984335826,1.05719254283,0
"MS4A13",-0.398718206542414,-0.0666701230625407,0.00715278343215753,0.040659032216084,2.14552492407381,2.14552492407381,-0.44181,0.1759,0.47255,0.754734160542539,-0.10883,0.1759,0.47255,0.754734160542539,1.05719254283,0
"MS4A5",-0.321254700639549,0.0107933828403244,0.0851490031891588,0.258202903054798,1.06982043181156,-1.06982043181156,-0.32058,0.094706,0.45798,1.02362250585051,0.012399,0.094706,0.45798,-1.02362250585051,1.05719254283,0
"MSGN1",0.837446068409755,1.20394072685022,0.00108475519893232,0.00794060747498793,-2.96466825974016,-2.96466825974016,0.82892,0.16004,0.46646,-0.795771457293041,1.1964,0.16004,0.46646,-0.795771457293041,1.13291122865,0
"MT1B",0.0893467589676193,0.4045270170414,0.963804814391966,0.984393051243728,-0.0160109086442287,-0.0160109086442287,-0.03126,0.92323,0.96419,0.0346900917286695,0.2848,0.92323,0.96419,-0.0346900917286695,1.01861304105,0
"MTHFD1",-2.34814761409328,-2.11776814198358,4.14170276152284e-20,2.08316749686806e-17,19.3828210724301,19.3828210724301,-2.0165,4.948e-07,2.301e-05,6.30557030904292,-1.7855,4.948e-07,2.301e-05,6.30557030904292,0.807295566234,1
"MTIF2",-1.21370724124586,-0.841384904192446,3.24104335869378e-08,4.80574567220436e-07,7.48931515893524,7.48931515893524,-1.4047,0.01042,0.094657,1.98213228103649,-1.0314,0.01042,0.094657,1.98213228103649,1.14533730473,1
"MTNR1B",-0.082912788239298,0.249135295240575,0.925865533217818,0.966106228774521,0.0334520828882436,-0.0334520828882436,0.053587,0.77989,0.88817,-0.107966648286305,0.38656,0.77989,0.88817,-0.107966648286305,1.05719254283,0
"MTOR",-2.22670757792736,-1.90841794408034,7.48998345717712e-11,1.93193055083706e-09,10.1255191415081,10.1255191415081,-1.9825,5.5682e-05,0.0011382,4.25428517401954,-1.6633,5.5682e-05,0.0011382,4.25428517401954,1.02580269292,1
"MTPAP",-3.55557367176304,-3.33746212140855,0.000473317165688992,0.00370910659606958,3.32484774478444,3.32484774478444,-1.8379,0.019503,0.15583,1.70989857924086,-1.6192,0.019503,0.15583,1.70989857924086,0.773990956641,1
"MUC17",0.424645979202956,0.75085985996317,0.380629620481445,0.628236091214324,-0.419497418069247,-0.419497418069247,0.27161,0.36256,0.60216,-0.440620111816697,0.59874,0.36256,0.60216,-0.440620111816697,1.04396513997,0
"MUC7",-0.00628473343648456,0.224549176091386,0.677352962989377,0.839999334077139,0.169184965092369,-0.169184965092369,-0.040329,0.83833,0.92193,0.0765849921481747,0.19115,0.83833,0.92193,-0.0765849921481747,0.808514614036,0
"MVD",-1.96206864648625,-1.64688838841247,0.000752247914078019,0.00565383970970239,3.12363900784931,3.12363900784931,-1.8868,0.0056739,0.057298,2.24611832272256,-1.5707,0.0056739,0.057298,2.24611832272256,1.01861304105,1
"MVK",-3.36695511258742,-3.0469515045396,9.66798196591957e-12,3.05934005487783e-10,11.0146641683708,11.0146641683708,-2.7328,2.5514e-07,1.3004e-05,6.59322144880903,-2.4119,2.5514e-07,1.3004e-05,6.59322144880903,1.02975056327,1
"MYBBP1A",-1.21167163190401,-0.893395014459659,2.24056001006497e-08,3.42590587778973e-07,7.64964341966388,7.64964341966388,-1.0548,0.0020901,0.024629,2.67983293474577,-0.73559,0.0020901,0.024629,2.67983293474577,1.02577267031,1
"MYBL2",-0.666933067358203,-0.245151463871909,0.000111720877689991,0.000984926722919191,3.95186566109829,3.95186566109829,-0.70362,0.028879,0.21051,1.53941784926033,-0.28066,0.028879,0.21051,1.53941784926033,1.24669843105,1
"MYBPC3",-0.171244645893697,0.160803437586176,0.397045976894984,0.640154732614571,0.401159200149608,-0.401159200149608,-0.097509,0.64813,0.80416,0.188337875888433,0.23547,0.64813,0.80416,-0.188337875888433,1.05719254283,0
"MYC",-1.4563310671603,-1.13081535730245,4.90703996811368e-07,6.05476145323155e-06,6.30918040465195,6.30918040465195,-1.3634,0.00025816,0.0041529,3.58811104760415,-1.037,0.00025816,0.0041529,3.58811104760415,1.04237407941,1
"MYF5",0.419415689471776,0.739419297519592,0.297850685334081,0.551235738389786,-0.526001396282051,-0.526001396282051,0.25064,0.17242,0.47088,-0.763412359243005,0.57154,0.17242,0.47088,-0.763412359243005,1.02975056327,0
"N6AMT1",-2.41556319741836,-2.19348447528506,6.28702353837996e-10,1.2838021462506e-08,9.20155491366454,9.20155491366454,-2.0534,1.2079e-05,0.00032249,4.91796901873299,-1.8307,1.2079e-05,0.00032249,4.91796901873299,0.784845263169,1
"NAA10",0.24199267396799,0.462423527605997,0.652187470137427,0.824312351016594,-0.185627549140069,-0.185627549140069,0.22671,0.165,0.46871,-0.782516055786094,0.44776,0.165,0.46871,-0.782516055786094,0.780346554575,1
"NAA15",-2.55439946174496,-2.33030093387865,6.31552233363873e-19,2.46344037475178e-16,18.1995907247229,18.1995907247229,-2.4357,2.8619e-07,1.4357e-05,6.54334554535155,-2.211,2.8619e-07,1.4357e-05,6.54334554535155,0.790340300119,1
"NAA20",-3.65992176632175,-3.34013412791261,1.14007326363691e-12,4.90770727204779e-11,11.94306723904,11.94306723904,-3.4883,2.5838e-09,3.8283e-07,8.58774110610186,-3.1677,2.5838e-09,3.8283e-07,8.58774110610186,1.02925370559,1
"NAA25",-3.14369536201826,-2.82369175397044,3.41975410484211e-14,2.39420367054385e-12,13.4660051204788,13.4660051204788,-3.1987,1.5188e-11,8.7965e-09,10.8184994115322,-2.8778,1.5188e-11,8.7965e-09,10.8184994115322,1.02975056327,1
"NAA30",-0.991422487500099,-0.761043015390397,0.000112520999086258,0.000991066292873569,3.94876642034151,3.94876642034151,-0.93506,0.0060241,0.060061,2.22010782746344,-0.70404,0.0060241,0.060061,2.22010782746344,0.807295566234,1
"NAA35",-1.87519349360525,-1.55796174319973,2.7344221860696e-06,3.04385621679373e-05,5.56313443090753,5.56313443090753,-1.5638,0.0067236,0.065767,2.17239813148481,-1.2457,0.0067236,0.065767,2.17239813148481,1.02336062192,1
"NAA38",-0.0702042039034389,0.248072413540912,0.162082801798554,0.387429788741341,0.790263064610063,-0.790263064610063,-0.2539,0.32797,0.5774,0.484165880161261,0.065268,0.32797,0.5774,-0.484165880161261,1.02577267031,1
"NAA50",-3.74392568295357,-3.41826350609004,1.96910399150951e-11,5.78928485080146e-10,10.7057313474748,10.7057313474748,-3.5212,8.6659e-10,1.781e-07,9.06218632680623,-3.1947,8.6659e-10,1.781e-07,9.06218632680623,1.04270800831,1
"NAE1",-2.31687777002581,-2.00169751195203,2.22844122972907e-14,1.65728393866971e-12,13.6519988149953,13.6519988149953,-2.5238,2.6533e-08,2.3201e-06,7.57621364297709,-2.2078,2.6533e-08,2.3201e-06,7.57621364297709,1.01861304105,1
"NAF1",-0.811294927948219,-0.587196400081909,0.00162803236991229,0.0113896715542217,2.7883369643519,2.7883369643519,-1.1535,0.069039,0.39805,1.16090550781468,-0.92882,0.069039,0.39805,1.16090550781468,0.790340300119,1
"NANOGNB",-0.935228604394405,-0.615224996346589,0.00459810025396772,0.0280688247058719,2.33742156389094,2.33742156389094,-1.4028,0.026539,0.19674,1.57611544555086,-1.0819,0.026539,0.19674,1.57611544555086,1.02975056327,0
"NANOS2",0.119048060989011,0.43636469963398,0.481790713063749,0.708766729675958,-0.317141575661958,-0.317141575661958,-0.087007,0.62687,0.79119,0.202822513613284,0.2312,0.62687,0.79119,-0.202822513613284,1.02355673479,0
"NAPA",-2.08508740568308,-1.76777076703811,2.72435807777166e-16,3.81030306948391e-14,15.5647358112306,15.5647358112306,-2.1235,4.5646e-07,2.1489e-05,6.340597274078,-1.8053,4.5646e-07,2.1489e-05,6.340597274078,1.02355673479,1
"NAPG",-0.111170447030441,0.114329199430497,0.557099047247983,0.760884620083006,0.254067584271301,-0.254067584271301,-0.065141,0.82266,0.91364,0.084779618776948,0.16099,0.82266,0.91364,-0.084779618776948,0.794139893033,1
"NARS",-3.04208820051098,-2.81658855405004,5.63880068174792e-13,2.66768310470911e-11,12.2488132564219,12.2488132564219,-3.0137,3.5249e-08,2.8071e-06,7.45285319925818,-2.7876,3.5249e-08,2.8071e-06,7.45285319925818,0.794139893033,1
"NARS2",-1.78999655434283,-1.45794847086296,1.14889757264283e-12,4.93457961930839e-11,11.9397186881254,11.9397186881254,-1.65,0.0002875,0.0045753,3.54136215097435,-1.317,0.0002875,0.0045753,3.54136215097435,1.05719254283,1
"NAT10",-2.82060391121305,-2.48855582773318,3.92192871772238e-10,8.40356766612421e-09,9.40650030403416,9.40650030403416,-2.3282,6.3691e-07,2.8244e-05,6.19592193228764,-1.9952,6.3691e-07,2.8244e-05,6.19592193228764,1.05719254283,1
"NBAS",0.268869171971872,0.635363830412338,0.850434084980839,0.930930729484613,-0.0703593418261953,-0.0703593418261953,-0.046484,0.94447,0.9745,0.0248118323862745,0.32104,0.94447,0.9745,-0.0248118323862745,1.13291122865,1
"NCAPD2",-1.92147311606124,-1.60146950801342,8.52406284528279e-11,2.1553034846471e-09,10.0693533570269,10.0693533570269,-2.0012,7.708e-05,0.0014949,4.11305829401658,-1.6803,7.708e-05,0.0014949,4.11305829401658,1.02975056327,1
"NCAPD3",-2.02135449079354,-1.68485573473316,1.33921135218625e-13,7.78004455146984e-12,12.8731508779209,12.8731508779209,-1.9277,1.15e-05,0.00030969,4.93930215964639,-1.5903,1.15e-05,0.00030969,4.93930215964639,1.06720226046,1
"NCAPG",-2.03364180690844,-1.69992920409402,8.02758186629233e-07,9.60746225488073e-06,6.09541525674898,6.09541525674898,-1.8598,0.00033276,0.0051834,3.47786888437451,-1.5252,0.00033276,0.0051834,3.47786888437451,1.06094423934,1
"NCAPG2",-2.44786632374014,-2.07973865912631,5.8537724052989e-12,1.9732478303788e-10,11.2325641669457,11.2325641669457,-2.1122,0.00048743,0.0071941,3.31208774467632,-1.743,0.00048743,0.0071941,3.31208774467632,1.13640401541,1
"NCAPH",-1.1848600996687,-0.938090073000974,9.17729951098067e-05,0.00081812371993178,4.03728509439966,4.03728509439966,-1.2364,0.009349,0.086574,2.02923484021923,-0.98893,0.009349,0.086574,2.02923484021923,0.850625268501,1
"NCAPH2",-0.273709608727553,-0.0675042004560608,0.0687934916207299,0.223234296323771,1.16245264732998,1.16245264732998,-0.46956,0.35797,0.59922,0.446153368273412,-0.26278,0.35797,0.59922,0.446153368273412,0.740916278882,1
"NCBP1",-3.14621802492253,-2.82898627451701,5.25701865290134e-14,3.48879852475359e-12,13.2792604820195,13.2792604820195,-2.7413,5.218e-08,3.7634e-06,7.2824959252358,-2.4231,5.218e-08,3.7634e-06,7.2824959252358,1.02336062192,1
"NCBP2",-2.61042828461511,-2.3932230049369,2.94731537559094e-12,1.08131860249047e-10,11.5305733902612,11.5305733902612,-2.4153,3.0102e-05,0.00068821,4.5214046485886,-2.1975,3.0102e-05,0.00068821,4.5214046485886,0.771499871013,1
"NCKAP1",-0.797751554778913,-0.549430916379547,0.000444539157488898,0.00351305650737058,3.35208997792809,3.35208997792809,-0.86139,0.0029057,0.032596,2.53674922660722,-0.61238,0.0029057,0.032596,2.53674922660722,0.85465784459,1
"NCL",-3.4026775497733,-3.15435691137393,2.58887610516454e-12,9.72125520589586e-11,11.5868887329297,11.5868887329297,-2.943,3.7133e-08,2.9207e-06,7.43023996241365,-2.694,3.7133e-08,2.9207e-06,7.43023996241365,0.85465784459,1
"NCR2",0.542329790324017,0.780759360637798,0.0107404373348477,0.0562416380221767,-1.9689780344424,-1.9689780344424,0.51013,0.19054,0.4795,-0.720013839118427,0.74923,0.19054,0.4795,-0.720013839118427,0.828739266687,0
"NDC80",-2.06362504010641,-1.83812539364547,6.21198910401288e-20,2.96824369362496e-17,19.2067693147064,19.2067693147064,-2.1671,1.766e-05,0.00044354,4.75300930075845,-1.9409,1.766e-05,0.00044354,4.75300930075845,0.794139893033,1
"NDOR1",-3.15796513002893,-2.86534780869228,2.05420811259536e-12,8.09527415588352e-11,11.6873555599728,11.6873555599728,-2.9161,2.549e-10,7.1645e-08,9.59363016453073,-2.6226,2.549e-10,7.1645e-08,9.59363016453073,0.965340111692,1
"NDST4",0.0782094068794616,0.302307934745772,0.681682080549855,0.842591321577273,-0.166418122197236,-0.166418122197236,0.14573,0.4596,0.67602,-0.337619979983752,0.37045,0.4596,0.67602,-0.337619979983752,0.790340300119,0
"NDUFA11",-0.684808668575782,-0.379111291954115,0.00525578170679305,0.0315099610294654,2.27936268102513,2.27936268102513,-0.67848,0.018242,0.14819,1.73892754860918,-0.37193,0.018242,0.14819,1.73892754860918,0.996462348026,1
"NDUFA13",-0.497256369611371,-0.0852666975843598,0.0194843469675104,0.0891345915725291,1.71031414533238,1.71031414533238,-0.51748,0.051914,0.32758,1.28471550722208,-0.10433,0.051914,0.32758,1.28471550722208,1.22718838396,1
"NDUFA2",-0.699398372300769,-0.373225867819962,0.000406997935510289,0.00324935319189982,3.39040779372014,3.39040779372014,-0.69969,0.0094201,0.087105,2.02594448688677,-0.37261,0.0094201,0.087105,2.02594448688677,1.04387089653,1
"NDUFAB1",-0.819136966795039,-0.503956708721258,0.000608610871880789,0.00466227639048398,3.21566029391728,3.21566029391728,-0.87703,0.042844,0.28403,1.36810998936138,-0.56097,0.042844,0.28403,1.36810998936138,1.01861304105,1
"NDUFB5",-0.897508570603135,-0.68030329092492,0.00118456091024718,0.0085597401427427,2.9264426028989,2.9264426028989,-0.86929,0.01028,0.093741,1.98800688534074,-0.65148,0.01028,0.093741,1.98800688534074,0.771499871013,1
"NDUFB6",-0.69205165451216,-0.377132355583323,0.000118604289224023,0.00104128790993971,3.92589960479434,3.92589960479434,-0.92638,0.0054376,0.055281,2.26459274308579,-0.61058,0.0054376,0.055281,2.26459274308579,1.01800800558,1
"NDUFB7",-0.864583915064597,-0.452594243037586,3.65142962571126e-06,3.98116226105073e-05,5.43753706513339,5.43753706513339,-0.85027,0.0012794,0.016335,2.89299365361846,-0.43713,0.0012794,0.016335,2.89299365361846,1.22718838396,1
"NDUFB8",-0.642845790160027,-0.317144107833829,0.00505637875120505,0.0304673918889603,2.2961604024081,2.2961604024081,-0.6818,0.038108,0.25862,1.41898384345445,-0.35518,0.038108,0.25862,1.41898384345445,1.04279806325,1
"NDUFC2",-0.855433597163054,-0.523385513683181,0.0144400246477766,0.0706947210791378,1.84043206546553,1.84043206546553,-0.54461,0.1101,0.45798,0.958212681028248,-0.21163,0.1101,0.45798,0.958212681028248,1.05719254283,1
"NDUFS2",-1.1452265866258,-0.721587362759335,0.00210041339682232,0.014251047658312,2.6776952203662,2.6776952203662,-0.89835,0.0037881,0.040653,2.42157856481265,-0.47352,0.0037881,0.040653,2.42157856481265,1.25037007804,1
"NDUFV1",-0.606687902571884,-0.274639819092011,0.00163750757316336,0.0114392113471752,2.78581668280155,2.78581668280155,-0.59821,0.021536,0.16787,1.66683495745612,-0.26524,0.021536,0.16787,1.66683495745612,1.05719254283,1
"NEDD1",-1.8000511535572,-1.48004754550938,6.79693181402838e-09,1.14457936353766e-07,8.16768708684392,8.16768708684392,-1.8725,3.4049e-05,0.00076383,4.46789563854883,-1.5516,3.4049e-05,0.00076383,4.46789563854883,1.02975056327,1
"NELFA",-1.66377564109231,-1.34077071405008,2.04564903043593e-07,2.68349278783266e-06,6.6891688756189,6.6891688756189,-1.5002,0.0010516,0.013825,2.97814942256568,-1.1763,0.0010516,0.013825,2.97814942256568,1.03663771495,1
"NELFB",-2.19262058706645,-1.90000326572979,1.85226321773853e-08,2.88762698863267e-07,7.73229729741184,7.73229729741184,-2.1279,1.2847e-05,0.00033822,4.89119827587797,-1.8344,1.2847e-05,0.00033822,4.89119827587797,0.965340111692,1
"NELFCD",-1.91641728770246,-1.49463568421617,6.97832171577173e-12,2.29223165386256e-10,11.1562490125085,11.1562490125085,-1.851,0.00022883,0.0037318,3.64048703940537,-1.428,0.00022883,0.0037318,3.64048703940537,1.24669843105,1
"NEMF",-0.850320476835258,-0.619941004725556,0.00160830575752072,0.0112722948087618,2.79363138333576,2.79363138333576,-0.72728,0.0084727,0.079733,2.0719781707501,-0.49625,0.0084727,0.079733,2.0719781707501,0.807295566234,1
"NEUROD2",0.0644042001448633,0.382680817589215,0.771118256604766,0.890043070720813,-0.112879014617498,-0.112879014617498,0.1337,0.40265,0.63289,-0.395072296571554,0.45287,0.40265,0.63289,-0.395072296571554,1.02577267031,0
"NEUROD4",0.307077191475734,0.62708079952355,0.300681561581088,0.554615584491347,-0.521893202924118,-0.521893202924118,0.27827,0.30283,0.55941,-0.518801103448445,0.59917,0.30283,0.55941,-0.518801103448445,1.02975056327,0
"NEUROD6",0.104201903203604,0.427421836129722,0.712436359502925,0.859556264481725,-0.14725392423331,-0.14725392423331,0.11877,0.37759,0.61426,-0.422979515969115,0.4429,0.37759,0.61426,-0.422979515969115,1.03712983103,0
"NEUROG1",0.105877439781818,0.432049944262625,0.7732383284435,0.89153068537978,-0.111686626683127,-0.111686626683127,-0.0040891,0.99064,0.99522,0.00408414008407648,0.323,0.99064,0.99522,-0.00408414008407648,1.04387089653,0
"NFS1",-3.52466635142478,-3.10288474793849,1.78963431336225e-13,9.9723850237005e-12,12.7472357019328,12.7472357019328,-3.0282,5.8811e-06,0.00017536,5.23054143595607,-2.6053,5.8811e-06,0.00017536,5.23054143595607,1.24669843105,1
"NGDN",-2.94301467890678,-2.71263520679708,9.15784331306506e-05,0.000817533205243402,4.03820679134483,4.03820679134483,-1.7108,0.023517,0.17929,1.62861808083335,-1.4797,0.023517,0.17929,1.62861808083335,0.807295566234,1
"NHLRC2",-2.13469403996788,-1.80899235764168,2.83447687910489e-15,2.96040199947169e-13,14.5475270812089,14.5475270812089,-2.2174,1.4721e-06,5.5824e-05,5.83206268729942,-1.8907,1.4721e-06,5.5824e-05,5.83206268729942,1.04279806325,1
"NHP2",-2.69301158708254,-2.36683908260173,9.40322978960147e-15,8.09567256615554e-13,14.0267229507748,14.0267229507748,-2.4232,6.4358e-08,4.3504e-06,7.19139746057145,-2.0961,6.4358e-08,4.3504e-06,7.19139746057145,1.04387089653,1
"NIP7",-2.46793550385731,-2.15275524578353,1.93073604658717e-14,1.48713693496716e-12,13.7142770951207,13.7142770951207,-2.2283,9.1565e-08,5.6273e-06,7.03827050025786,-1.9123,9.1565e-08,5.6273e-06,7.03827050025786,1.01861304105,1
"NKAP",-0.66276175314755,-0.436585702744214,0.00722683968813669,0.0409506631957772,2.14105157906224,2.14105157906224,-0.60004,0.02507,0.18835,1.60084566604178,-0.37323,0.02507,0.18835,1.60084566604178,0.795970608931,1
"NKX2-1",0.604288006393998,0.8346674785037,0.226460752353337,0.472939724620774,-0.64500705419559,-0.64500705419559,0.4183,0.54476,0.73573,-0.263794788791743,0.64933,0.54476,0.73573,-0.263794788791743,0.807295566234,0
"NKX2-2",0.178237657333413,0.498025295742552,0.387866455028061,0.634239745177641,-0.411317779116548,-0.411317779116548,0.25237,0.28381,0.54354,-0.546972306312278,0.57305,0.28381,0.54354,-0.546972306312278,1.02925370559,0
"NLE1",-3.71437540343813,-3.39609878599378,2.04840698942505e-10,4.70918423292113e-09,9.68858375096713,9.68858375096713,-3.4951,3.362e-10,9.0505e-08,9.47340229089655,-3.176,3.362e-10,9.0505e-08,9.47340229089655,1.02577267031,1
"NLRP4",0.102146249969874,0.432659514237735,0.41296297042798,0.652870816543249,-0.384088888924187,-0.384088888924187,0.19269,0.46105,0.67726,-0.336251973641605,0.52413,0.46105,0.67726,-0.336251973641605,1.05372451338,0
"NLRP5",0.316513354215884,0.647026618483745,0.756154088314222,0.882535964827786,-0.121389695390706,-0.121389695390706,0.23214,0.46486,0.67909,-0.33267782212548,0.56358,0.46486,0.67909,-0.33267782212548,1.05372451338,0
"NLRP8",-0.124633354950545,0.205879909317316,0.876919425431173,0.944614464554825,0.0570403093685326,-0.0570403093685326,0.10239,0.65188,0.8067,-0.185832343124379,0.43383,0.65188,0.8067,-0.185832343124379,1.05372451338,0
"NLRP9",-0.314231463687096,0.0162818005807651,0.556707194293728,0.760676623143839,0.25437316629522,-0.25437316629522,-0.14573,0.31741,0.56909,0.498379394920786,0.18571,0.31741,0.56909,-0.498379394920786,1.05372451338,0
"NMS",-0.16615405098408,0.0806159756836456,0.523209317716401,0.740638400941606,0.281324530362719,-0.281324530362719,-0.039914,0.78875,0.89367,0.103060627747809,0.20755,0.78875,0.89367,-0.103060627747809,0.850625268501,0
"NMT1",-0.226172891299668,0.0921037261446832,0.467337197091678,0.69781943968366,0.330369650499881,-0.330369650499881,-0.17073,0.46579,0.67964,0.331809839527053,0.14844,0.46579,0.67964,-0.331809839527053,1.02577267031,1
"NOB1",-2.21087270190106,-1.89569244382728,1.63245557608503e-12,6.69552004843629e-11,11.7871586283216,11.7871586283216,-1.8536,4.6611e-05,0.0009844,4.33151157954278,-1.5375,4.6611e-05,0.0009844,4.33151157954278,1.01861304105,1
"NOBOX",-0.029023007184324,0.344827158289793,0.403029817675283,0.644935440826163,0.394662821916472,-0.394662821916472,0.15648,0.27472,0.53716,-0.561109722183159,0.53137,0.27472,0.53716,-0.561109722183159,1.14857738865,0
"NOC2L",-2.59532891565281,-2.27703928180579,1.14669359319535e-08,1.86208620618035e-07,7.94055261397471,7.94055261397471,-2.0799,0.00056505,0.0081447,3.24791312074105,-1.7607,0.00056505,0.0081447,3.24791312074105,1.02580269292,1
"NOC3L",-1.59231617265571,-1.26661449032951,7.87242446489876e-08,1.10150548168089e-06,7.10389149768221,7.10389149768221,-1.3376,0.0031988,0.035198,2.49501291265477,-1.011,0.0031988,0.035198,2.49501291265477,1.04279806325,1
"NOC4L",-2.32097878329331,-2.00097517524549,2.76018286312121e-10,6.13434593753904e-09,9.55906214481386,9.55906214481386,-2.6401,6.3168e-08,4.3119e-06,7.19950287334648,-2.3192,6.3168e-08,4.3119e-06,7.19950287334648,1.02975056327,1
"NOL10",-3.67899931909623,-3.31250466065576,6.89696990862952e-09,1.1593824614216e-07,8.16134166882687,8.16134166882687,-3.333,4.1275e-10,1.0114e-07,9.38431291806517,-2.9655,4.1275e-10,1.0114e-07,9.38431291806517,1.13291122865,1
"NOL12",-2.55626818294452,-2.34431594909418,2.87294465179906e-10,6.3553924918791e-09,9.54167274075006,9.54167274075006,-2.0403,0.00012218,0.0022108,3.91299987920401,-1.8277,0.00012218,0.0022108,3.91299987920401,0.756975369415,1
"NOL6",-3.40254122685264,-3.0876219279238,6.36566135523919e-17,1.22895843921906e-14,16.1961564689922,16.1961564689922,-2.9139,1.4342e-07,8.1343e-06,6.8433902818343,-2.5981,1.4342e-07,8.1343e-06,6.8433902818343,1.01800800558,1
"NOL7",-1.46788092837524,-1.19016456756667,2.92407043293587e-06,3.2455144125844e-05,5.53401217061055,5.53401217061055,-1.3985,0.0012986,0.016536,2.88652460146326,-1.12,0.0012986,0.016536,2.88652460146326,0.929047400627,1
"NOL8",-1.1782464207465,-0.861014670340977,2.66638885695662e-07,3.43877801774709e-06,6.57407651429366,6.57407651429366,-1.0912,0.0008504,0.011527,3.07037674848476,-0.77311,0.0008504,0.011527,3.07037674848476,1.02336062192,1
"NOL9",-2.88592027357734,-2.56763063973032,3.89102371458145e-17,8.26323736186614e-15,16.4099361222982,16.4099361222982,-2.7546,1.1374e-07,6.7932e-06,6.94408677608385,-2.4354,1.1374e-07,6.7932e-06,6.94408677608385,1.02580269292,1
"NOLC1",-0.805298553102371,-0.479596870776173,0.000145183393338692,0.00125447115591429,3.83808305714717,3.83808305714717,-1.104,0.031984,0.22666,1.49506722322596,-0.77739,0.031984,0.22666,1.49506722322596,1.04279806325,1
"NOM1",-2.15012459514169,-1.78199693052786,4.19497882248986e-05,0.000397711459495281,4.37727022727843,4.37727022727843,-1.7128,0.0064463,0.063444,2.19068948701592,-1.3437,0.0064463,0.063444,2.19068948701592,1.13640401541,1
"NOP10",-2.39327470229641,-2.0781117025891,7.37564560222367e-15,6.55677741373493e-13,14.1321999591855,14.1321999591855,-2.0992,5.047e-07,2.3357e-05,6.29696669526631,-1.7831,5.047e-07,2.3357e-05,6.29696669526631,1.01857303525,1
"NOP14",-2.47997078488072,-2.1462581820663,8.16260296666219e-12,2.64426831359007e-10,11.0881713273008,11.0881713273008,-2.0277,7.6536e-05,0.0014919,4.11613423904543,-1.693,7.6536e-05,0.0014919,4.11613423904543,1.06094423934,1
"NOP16",-2.39218464887787,-2.06601214439706,9.24843711523586e-17,1.65201288395797e-14,16.0339316520801,16.0339316520801,-2.3713,4.2623e-08,3.2457e-06,7.37035598593122,-2.0442,4.2623e-08,3.2457e-06,7.37035598593122,1.04387089653,1
"NOP2",-2.57673358073802,-2.2567299726902,1.0576550876544e-13,6.41744815566303e-12,12.9756559371689,12.9756559371689,-2.7176,5.7982e-06,0.0001737,5.2367068084018,-2.3967,5.7982e-06,0.0001737,5.2367068084018,1.02975056327,1
"NOP56",-3.09767905458405,-2.77789141617491,8.71273169895729e-12,2.79876371364993e-10,11.0598456594832,11.0598456594832,-2.9582,2.4481e-07,1.2612e-05,6.61117084610116,-2.6375,2.4481e-07,1.2612e-05,6.61117084610116,1.02925370559,1
"NOP58",-2.76942209426466,-2.52110145586529,2.07736414727258e-10,4.76075071304806e-09,9.68248736803436,9.68248736803436,-3.0325,2.4191e-05,0.00057082,4.61634617853744,-2.7835,2.4191e-05,0.00057082,4.61634617853744,0.85465784459,1
"NOP9",-1.89275745580131,-1.66237798369161,9.0451907571863e-06,9.33985580454359e-05,5.04358226971961,5.04358226971961,-1.2296,0.035901,0.24638,1.44489345425084,-0.99854,0.035901,0.24638,1.44489345425084,0.807295566234,1
"NOTO",-0.0608206873074841,0.31150164974593,0.992204155569368,0.997473148196072,0.00339895837515456,-0.00339895837515456,0.27298,0.43217,0.65519,-0.364345383881882,0.64634,0.43217,0.65519,-0.364345383881882,1.14533730473,0
"NOX3",0.563756665432731,0.802186235746512,0.000506651314136371,0.00395572980681718,-3.29529082655162,-3.29529082655162,0.73483,0.11353,0.45798,-0.944889362145854,0.97393,0.11353,0.45798,-0.944889362145854,0.828739266687,0
"NPAT",-1.19366960462212,-0.965602848126593,8.13127201092027e-09,1.35495206577785e-07,8.08984151048072,8.08984151048072,-1.2134,0.0004115,0.006188,3.38563016045171,-0.9847,0.0004115,0.006188,3.38563016045171,0.801075596883,1
"NPFFR1",0.473462340099919,0.691573890454411,0.0525817352463034,0.185937965913524,-1.27916508587022,-1.27916508587022,0.46019,0.16509,0.46871,-0.782279232469181,0.67891,0.16509,0.46871,-0.782279232469181,0.773990956641,0
"NPHS2",-0.398737468325762,0.0324353320587914,0.257404307010825,0.509075434782188,0.589384190549792,-0.589384190549792,-0.28308,0.22416,0.50082,0.649441882058301,0.1493,0.22416,0.50082,-0.649441882058301,1.26516537946,0
"NPLOC4",-1.66854776317868,-1.35395855697595,2.84820521348196e-06,3.16498524681865e-05,5.54542872294526,5.54542872294526,-1.9055,0.0007689,0.01058,3.11413013909609,-1.59,0.0007689,0.01058,3.11413013909609,1.0172423198,1
"NPM3",0.371704143673727,0.697405825999925,0.0862803532015035,0.26055875979465,-1.06408808571657,-1.06408808571657,0.45111,0.12203,0.45798,-0.913533388728417,0.77772,0.12203,0.45798,-0.913533388728417,1.04279806325,1
"NPSR1",0.13441883630124,0.457638769227358,0.327609317087336,0.579977166008791,-0.484643755562173,-0.484643755562173,0.24488,0.2448,0.51489,-0.611188586526476,0.56901,0.2448,0.51489,-0.611188586526476,1.03712983103,0
"NPVF",-0.318277088079035,0.00494284484708296,0.337806894397534,0.58938089424928,0.471331491034252,-0.471331491034252,-0.078921,0.73484,0.86159,0.133807211502779,0.2452,0.73484,0.86159,-0.133807211502779,1.03712983103,0
"NR2C2AP",-1.18594302338463,-0.773953351357619,1.35290274153112e-06,1.56905522444686e-05,5.86873342316185,5.86873342316185,-1.113,0.0060683,0.060439,2.21693295703429,-0.69984,0.0060683,0.060439,2.21693295703429,1.22718838396,1
"NR2E1",-0.300449224368357,-0.0620196540545759,0.123180581711571,0.324875418020607,0.909457749315995,0.909457749315995,-0.26828,0.27526,0.5376,0.560256894460007,-0.029186,0.27526,0.5376,0.560256894460007,0.828739266687,0
"NRBP1",-1.77478202199352,-1.40828736355305,1.89270460619989e-09,3.56055739550182e-08,8.72291716094787,8.72291716094787,-1.6556,9.6922e-05,0.0018055,4.01357763271033,-1.288,9.6922e-05,0.0018055,4.01357763271033,1.13291122865,1
"NRDE2",-1.38195913273786,-1.15157966062816,1.4074471777297e-07,1.89440407802449e-06,6.85156789548265,6.85156789548265,-1.5714,6.4163e-05,0.0012855,4.19271533841176,-1.3404,6.4163e-05,0.0012855,4.19271533841176,0.807295566234,1
"NRF1",-0.11209698463455,0.183152015028883,0.132510513369888,0.341008946013015,0.877749663482685,-0.877749663482685,-0.8675,0.26293,0.52827,0.580159858583095,-0.57143,0.26293,0.52827,0.580159858583095,0.971656020039,1
"NSA2",-2.95741247924513,-2.63123997476432,5.86369387022599e-15,5.44042625930239e-13,14.2318287112766,14.2318287112766,-2.6779,4.6804e-06,0.00014546,5.32971702932559,-2.3509,4.6804e-06,0.00014546,5.32971702932559,1.04387089653,1
"NSF",-3.47405738298712,-3.15578076554277,2.41214730484444e-10,5.44313712367082e-09,9.61759617425673,9.61759617425673,-2.8506,2.5863e-08,2.3099e-06,7.58732110018732,-2.5315,2.5863e-08,2.3099e-06,7.58732110018732,1.02577267031,1
"NSL1",-1.75063001261481,-1.32107998298653,1.39717039170653e-07,1.88455311903225e-06,6.85475062633722,6.85475062633722,-1.4369,0.0011103,0.014476,2.95455966018523,-1.0062,0.0011103,0.014476,2.95455966018523,1.26199119289,1
"NSMCE1",-1.76331749129317,-1.44813723321939,2.69859495242166e-11,7.68677277580257e-10,10.5688622962991,10.5688622962991,-1.4902,8.2819e-05,0.0015909,4.08187001770111,-1.1742,8.2819e-05,0.0015909,4.08187001770111,1.01861304105,1
"NSMCE2",-1.5021855647864,-1.17666985492855,6.75189532230696e-07,8.19358573303193e-06,6.17057429939438,6.17057429939438,-1.4569,0.0020856,0.024591,2.68076898183973,-1.1304,0.0020856,0.024591,2.68076898183973,1.04237407941,1
"NSMCE4A",-1.38863256009612,-1.06293087776992,0.00207048998851011,0.014053009641475,2.68392686511105,2.68392686511105,-0.95602,0.32124,0.57182,0.493170382765442,-0.62941,0.32124,0.57182,0.493170382765442,1.04279806325,1
"NSRP1",-1.05707100677259,-0.738794389328239,1.01347656996569e-05,0.000104095932601736,4.99418628708171,4.99418628708171,-0.90236,0.015921,0.13311,1.79802965765095,-0.5832,0.015921,0.13311,1.79802965765095,1.02577267031,1
"NUBP1",-3.03281284152636,-2.71763258345258,6.00845426399763e-08,8.5637275427134e-07,7.22123724030323,7.22123724030323,-3.7628,9.9238e-07,4.0454e-05,6.00332199689596,-3.4468,9.9238e-07,4.0454e-05,6.00332199689596,1.01861304105,1
"NUDC",-1.33076620857223,-1.01247657472521,6.47577755703123e-06,6.81936839931339e-05,5.18870807767856,5.18870807767856,-1.248,0.034984,0.24218,1.4561305356632,-0.92879,0.034984,0.24218,1.4561305356632,1.02580269292,1
"NUDCD3",-1.73045577437735,-1.40723584145123,5.70018067840672e-14,3.73108059268451e-12,13.2441113782939,13.2441113782939,-1.5753,1.3919e-05,0.00036,4.8563919651624,-1.2511,1.3919e-05,0.00036,4.8563919651624,1.03712983103,1
"NUDT21",-2.42709631257681,-2.11191605450303,7.03069647209985e-15,6.33857083354926e-13,14.1530016509393,14.1530016509393,-2.2831,1.979e-06,7.1369e-05,5.7035542057936,-1.9671,1.979e-06,7.1369e-05,5.7035542057936,1.01861304105,1
"NUF2",-2.6851813060422,-2.25400850565765,3.93284695554588e-09,6.96004665382855e-08,8.40529295357885,8.40529295357885,-3.0787,3.5003e-08,2.8065e-06,7.45589473200369,-2.6463,3.5003e-08,2.8065e-06,7.45589473200369,1.26516537946,1
"NUFIP1",-0.574080042530844,-0.239796073246273,0.00762641201933545,0.0428968843218241,2.11767973553099,2.11767973553099,-0.49843,0.08234,0.43923,1.08438913733853,-0.16322,0.08234,0.43923,1.08438913733853,1.06222980875,1
"NUMA1",-0.20918361907752,0.122864464402353,0.868961742599716,0.940560803086878,0.060999343624498,-0.060999343624498,0.026161,0.9067,0.95619,-0.0425363842700687,0.35914,0.9067,0.95619,-0.0425363842700687,1.05719254283,1
"NUP107",-0.866031727429862,-0.546028119382046,0.000156911592434548,0.00134849427437118,3.80434497008815,3.80434497008815,-0.97199,0.032711,0.23076,1.48530617896143,-0.6511,0.032711,0.23076,1.48530617896143,1.02975056327,1
"NUP133",-1.84806374282864,-1.41851371320036,1.26490538606318e-10,3.05910944435697e-09,9.89794195816199,9.89794195816199,-1.624,0.0002397,0.0038924,3.62033196596635,-1.1933,0.0002397,0.0038924,3.62033196596635,1.26199119289,1
"NUP153",-0.87335079761874,-0.595634436810171,0.00011247948065868,0.000991066292873569,3.9489266975482,3.9489266975482,-0.74039,0.039908,0.2682,1.39894003645372,-0.46189,0.039908,0.2682,1.39894003645372,0.929047400627,1
"NUP155",-2.70035830961473,-2.37418580513392,1.0376759564386e-13,6.37165022601964e-12,12.9839382460076,12.9839382460076,-2.4798,4.6842e-07,2.1944e-05,6.32936457025167,-2.1528,4.6842e-07,2.1944e-05,6.32936457025167,1.04387089653,1
"NUP160",-2.56393107170285,-2.23188298822298,5.17322926165453e-14,3.44515438599314e-12,13.286238274565,13.286238274565,-2.5991,1.1868e-07,7.0013e-06,6.9256224623552,-2.2661,1.1868e-07,7.0013e-06,6.9256224623552,1.05719254283,1
"NUP205",-2.51763758199731,-2.22238858233388,9.78549854743502e-09,1.61790859634192e-07,8.00941704319102,8.00941704319102,-2.15,5.5042e-05,0.0011336,4.25930579400977,-1.8539,5.5042e-05,0.0011336,4.25930579400977,0.971656020039,1
"NUP214",-1.98703272390363,-1.69441540256698,1.40233230248422e-07,1.89018175580966e-06,6.85314906195076,6.85314906195076,-1.5496,0.0039293,0.041932,2.40568481176577,-1.2562,0.0039293,0.041932,2.40568481176577,0.965340111692,1
"NUP43",-1.18762900233527,-0.949199432021489,1.85856779656832e-06,2.12005446176077e-05,5.73082159214776,5.73082159214776,-1.2405,0.0048537,0.050064,2.31392707027251,-1.0014,0.0048537,0.050064,2.31392707027251,0.828739266687,1
"NUP62",-0.980953368450693,-0.663636729805724,3.84370862938922e-05,0.000366773854386002,4.41524954125441,4.41524954125441,-0.86424,0.013591,0.1175,1.86674858752768,-0.54604,0.013591,0.1175,1.86674858752768,1.02355673479,1
"NUP85",-3.48896316770597,-3.17437396150324,1.42316583693653e-13,8.11969213175159e-12,12.8467444900281,12.8467444900281,-3.2395,3.9302e-08,3.0532e-06,7.40558534868658,-2.924,3.9302e-08,3.0532e-06,7.40558534868658,1.0172423198,1
"NUP88",-2.31283758204894,-1.99456096460459,7.05408199828336e-11,1.83185691892921e-09,10.1515594962995,10.1515594962995,-2.2037,2.8176e-06,9.5485e-05,5.5501206613768,-1.8845,2.8176e-06,9.5485e-05,5.5501206613768,1.02577267031,1
"NUP93",-2.78896300960916,-2.47378275153538,9.796131112704e-08,1.35186609355315e-06,7.0089454108541,7.0089454108541,-2.5334,2.2394e-06,7.8535e-05,5.64986832612746,-2.2173,2.2394e-06,7.8535e-05,5.64986832612746,1.01861304105,1
"NUP98",-2.71683823967201,-2.49371772433919,6.91735807650559e-13,3.20901613874396e-11,12.1600597425192,12.1600597425192,-2.3587,2.3658e-07,1.2388e-05,6.62602197254313,-2.135,2.3658e-07,1.2388e-05,6.62602197254313,0.787682155269,1
"NUTM1",-0.0635124288249543,0.251650570882358,0.998762262646225,0.999651399557881,0.000537875445766422,-0.000537875445766422,0.069633,0.66435,0.81527,-0.17760306065956,0.38568,0.66435,0.81527,-0.17760306065956,1.01857303525,0
"NVL",-2.75388592104581,-2.32433589141753,6.29388526811052e-08,8.93058865103165e-07,7.20108117814994,7.20108117814994,-1.7859,0.0044129,0.046114,2.35527591391702,-1.3551,0.0044129,0.046114,2.35527591391702,1.26199119289,1
"NXF1",-1.54780768414831,-1.21575960066844,3.78452092127315e-09,6.7224487331128e-08,8.42198908958955,8.42198908958955,-1.6965,0.00034367,0.0053187,3.46385837709497,-1.3635,0.00034367,0.0053187,3.46385837709497,1.05719254283,1
"NXT1",-1.50461570082264,-1.1848280624135,2.51671382936806e-14,1.84298664447172e-12,13.5991661644246,13.5991661644246,-1.4201,4.7918e-05,0.0010098,4.31950131681011,-1.0994,4.7918e-05,0.0010098,4.31950131681011,1.02925370559,1
"NYX",0.163530471073354,0.345464722178584,0.423326532708253,0.662548314743927,-0.373324510529853,-0.373324510529853,0.16372,0.28005,0.541,-0.55276442299524,0.34616,0.28005,0.541,-0.55276442299524,0.67104857236,0
"OC90",0.103063531440636,0.428579241298489,0.359215396013401,0.609795173994505,-0.444645057694122,-0.444645057694122,0.21771,0.27363,0.53631,-0.562836289553496,0.54414,0.27363,0.53631,-0.562836289553496,1.04237407941,0
"OGDH",-2.98056732070294,-2.65435343994273,1.9784259011755e-12,7.86146657986847e-11,11.7036802109088,11.7036802109088,-2.2728,3.8592e-05,0.00084395,4.41350271387596,-1.9457,3.8592e-05,0.00084395,4.41350271387596,1.04396513997,1
"OGT",-2.51346039475594,-2.28709849168462,3.01577442526862e-14,2.15076479814026e-12,13.5206011460665,13.5206011460665,-2.6042,1.6151e-07,8.9889e-06,6.7918005828662,-2.3772,1.6151e-07,8.9889e-06,6.7918005828662,0.796473220463,1
"OIP5",-0.567817698277059,-0.252654698569747,0.0038957517848691,0.0243093385126357,2.40940872168453,2.40940872168453,-0.97013,0.10649,0.45798,0.972691172964454,-0.65408,0.10649,0.45798,0.972691172964454,1.01857303525,1
"OLIG2",0.529014038724298,0.751092760857599,0.0254852032744594,0.109373651452922,-1.59371189805236,-1.59371189805236,0.55237,0.11999,0.45798,-0.920854946667251,0.77507,0.11999,0.45798,-0.920854946667251,0.784845263169,0
"OLIG3",0.397273072197658,0.635702642511439,0.0342500005765685,0.136606899211175,-1.46533941686059,-1.46533941686059,0.51121,0.097478,0.45798,-1.01109339001126,0.75031,0.097478,0.45798,-1.01109339001126,0.828739266687,0
"OOSP2",-0.0173377787304043,0.314710304749469,0.764292502816173,0.886941263286309,0.116740400524323,-0.116740400524323,0.11952,0.39157,0.62461,-0.407190588915744,0.4525,0.39157,0.62461,-0.407190588915744,1.05719254283,0
"OPA1",-2.76996619429857,-2.55276091462036,1.03841984183674e-14,8.82103041645581e-13,13.9836270220866,13.9836270220866,-2.5207,2.8698e-09,4.1554e-07,8.54214836874439,-2.3029,2.8698e-09,4.1554e-07,8.54214836874439,0.771499871013,1
"OPALIN",0.0603846510296736,0.386086333355872,0.682810353503329,0.842867898486477,-0.165699902268385,-0.165699902268385,0.14765,0.49227,0.69981,-0.307796630267163,0.47426,0.49227,0.69981,-0.307796630267163,1.04279806325,0
"OPN1LW",0.456680968265289,0.677111821903296,0.15695029006144,0.379864618708915,-0.804237877339114,-0.804237877339114,0.29715,0.22188,0.49918,-0.653881842793202,0.51819,0.22188,0.49918,-0.653881842793202,0.780346554575,0
"OPN5",0.18445617282352,0.422885743137301,0.890439695583196,0.950515157871076,-0.0503954875003201,-0.0503954875003201,0.036968,0.81777,0.91116,-0.0873688256396388,0.27606,0.81777,0.91116,-0.0873688256396388,0.828739266687,0
"OR10A2",0.383537611343535,0.606658126676355,0.101439855685525,0.288365341397509,-0.993791377315506,-0.993791377315506,0.34281,0.11481,0.45798,-0.940020283055838,0.56656,0.11481,0.45798,-0.940020283055838,0.787682155269,0
"OR10A4",-0.184045501032582,0.0390750143002381,0.909267029430792,0.959640744371118,0.041308556406255,-0.041308556406255,0.086619,0.6159,0.78373,-0.210489795909746,0.31036,0.6159,0.78373,-0.210489795909746,0.787682155269,0
"OR10A5",0.575748159677118,0.798868675009938,0.0184621522469866,0.08570976825277,-1.73371767197178,-1.73371767197178,0.52733,0.13492,0.45877,-0.869923667482836,0.75107,0.13492,0.45877,-0.869923667482836,0.787682155269,0
"OR10H1",0.0624186094875995,0.474408281514611,0.158834873058563,0.38262333147085,-0.799054139728971,-0.799054139728971,-0.49877,0.32077,0.57177,0.49380625586075,-0.085626,0.32077,0.57177,0.49380625586075,1.22718838396,0
"OR10H2",0.380007498410334,0.791997170437345,0.0131971627257204,0.0661563851256038,-1.8795194282647,-1.8795194282647,0.45546,0.09189,0.455,-1.03673174847376,0.8686,0.09189,0.455,-1.03673174847376,1.22718838396,0
"OR10H3",0.132376866531064,0.544366538558075,0.39745071579977,0.640404276772973,-0.400716716524989,-0.400716716524989,-0.18152,0.47376,0.68502,0.324441609954776,0.23162,0.47376,0.68502,-0.324441609954776,1.22718838396,0
"OR10J1",-0.340146591159853,0.0834926327066121,0.168968933799307,0.398154448119442,0.772193136331593,-0.772193136331593,-0.37642,0.1712,0.47043,0.766496239658866,0.048404,0.1712,0.47043,-0.766496239658866,1.25037007804,0
"OR10R2",0.0123382644434099,0.435977488309875,0.906779377085896,0.958750651954673,-0.0424983656073235,-0.0424983656073235,0.025321,0.89651,0.95141,-0.0474448617954988,0.45014,0.89651,0.95141,-0.0474448617954988,1.25037007804,0
"OR10S1",0.248783871693165,0.585282627753544,0.256391010367657,0.508188737662734,-0.591097206205342,-0.591097206205342,0.34465,0.096522,0.45798,-1.01537368779967,0.68209,0.096522,0.45798,-1.01537368779967,1.06720226046,0
"OR10X1",-0.241485824592512,0.182153399273953,0.71296294093711,0.859919844152149,0.146933043731303,-0.146933043731303,-0.022802,0.85721,0.93066,0.0669127712285675,0.40202,0.85721,0.93066,-0.0669127712285675,1.25037007804,0
"OR10Z1",0.196319019717567,0.619958243584032,0.372477275106479,0.620892914626735,-0.428900218477877,-0.428900218477877,0.23202,0.27609,0.53809,-0.558949323253779,0.65684,0.27609,0.53809,-0.558949323253779,1.25037007804,0
"OR11A1",0.401118814033794,0.639548384347575,0.208311462092826,0.450696963434479,-0.68128683285249,-0.68128683285249,0.35424,0.14508,0.46177,-0.838392453091603,0.59333,0.14508,0.46177,-0.838392453091603,0.828739266687,0
"OR12D2",0.399042526690436,0.637472097004217,0.000540289559339533,0.0041960805963659,-3.2673734247707,-3.2673734247707,0.62393,0.19428,0.48149,-0.711571905199001,0.86303,0.19428,0.48149,-0.711571905199001,0.828739266687,0
"OR12D3",0.27838946430689,0.516819034620671,0.631558899077465,0.811771460652733,-0.199586140989057,-0.199586140989057,0.17478,0.49532,0.70138,-0.305114135748058,0.41388,0.49532,0.70138,-0.305114135748058,0.828739266687,0
"OR13C3",-0.0195860565388001,0.297645693866723,0.809142836860001,0.910227071307769,0.0919748062190428,-0.0919748062190428,-0.0074906,0.96674,0.98558,0.0146903115923996,0.31063,0.96674,0.98558,-0.0146903115923996,1.02336062192,0
"OR13D1",0.146306724577119,0.463538474982642,0.970128673312279,0.98769878724858,-0.0131706591323564,-0.0131706591323564,0.064831,0.69132,0.83263,-0.160320878725848,0.38295,0.69132,0.83263,-0.160320878725848,1.02336062192,0
"OR14A16",-0.306384990641035,0.128362340675603,0.0560011661068744,0.194150242662922,1.25180292962758,-1.25180292962758,-0.3124,0.45374,0.67113,0.343192933289552,0.12357,0.45374,0.67113,-0.343192933289552,1.2721327282,0
"OR1A1",0.410671016521898,0.728947633966249,0.196960482037662,0.435454678216984,-0.705620901526689,-0.705620901526689,0.34792,0.28209,0.54204,-0.549612309171809,0.66708,0.28209,0.54204,-0.549612309171809,1.02577267031,0
"OR1A2",-0.237695349143645,0.0805812683007062,0.306732741987005,0.559887584528472,0.513239863061135,-0.513239863061135,-0.16793,0.15028,0.46278,0.823098813608653,0.15123,0.15028,0.46278,-0.823098813608653,1.02577267031,0
"OR1B1",0.244413657724763,0.537030979061418,0.801153143651749,0.906307903086874,-0.0962844588399644,-0.0962844588399644,0.089845,0.76458,0.87959,-0.116577066509563,0.38328,0.76458,0.87959,-0.116577066509563,0.965340111692,0
"OR1D2",0.334172686781392,0.652449304225743,0.755733145817108,0.882441116918374,-0.121631529575547,-0.121631529575547,-0.00080881,0.99782,0.99865,0.000947795443350619,0.31836,0.99782,0.99865,-0.000947795443350619,1.02577267031,0
"OR1E1",0.0178889423110345,0.336165559755386,0.877363468758874,0.944788324885253,-0.056820452500859,-0.056820452500859,0.096622,0.51369,0.71463,-0.289298888601321,0.41579,0.51369,0.71463,-0.289298888601321,1.02577267031,0
"OR1E2",0.719319931069162,1.03759654851351,4.62645667399931e-05,0.000434950646385385,-4.33475150057339,-4.33475150057339,0.73942,0.13679,0.45979,-0.863945650448944,1.0586,0.13679,0.45979,-0.863945650448944,1.02577267031,0
"OR1G1",0.123860022391484,0.442136639835835,0.236901217601984,0.484837024523688,-0.625432707126691,-0.625432707126691,0.3422,0.26658,0.5312,-0.574172436375485,0.66136,0.26658,0.5312,-0.574172436375485,1.02577267031,0
"OR1L6",-0.100034992057638,0.192582329279017,0.921337162015329,0.963892712790976,0.0355814112721956,-0.0355814112721956,0.047784,0.74986,0.87088,-0.125019812478905,0.34122,0.74986,0.87088,-0.125019812478905,0.965340111692,0
"OR1N2",0.285451898571054,0.578069219907709,0.612795361697948,0.798769538848318,-0.212684530576187,-0.212684530576187,-0.031488,0.9028,0.95428,0.0444084495942756,0.26195,0.9028,0.95428,-0.0444084495942756,0.965340111692,0
"OR1S1",-0.532336547752079,-0.200288464272206,0.240752532553971,0.489834272376415,0.618429135694894,0.618429135694894,-0.22582,0.20966,0.49086,0.678484418539467,0.10715,0.20966,0.49086,-0.678484418539467,1.05719254283,0
"OR1S2",-0.252250158839281,0.0797979246405924,0.721253925608648,0.864849573788883,0.141911810071173,-0.141911810071173,-0.023808,0.89267,0.94982,0.0493090603346691,0.30917,0.89267,0.94982,-0.0493090603346691,1.05719254283,0
"OR2AK2",-0.483478592155954,-0.0487312608393158,0.183824184184521,0.41856424528697,0.735597352759714,0.735597352759714,-0.2518,0.13436,0.45873,0.871730004830373,0.18416,0.13436,0.45873,-0.871730004830373,1.2721327282,0
"OR2AT4",0.0728287519770864,0.40487683545696,0.612069531236349,0.798514413590594,-0.21319923910116,-0.21319923910116,0.23803,0.42582,0.65083,-0.370773944387469,0.57101,0.42582,0.65083,-0.370773944387469,1.05719254283,0
"OR2C1",0.114818838486449,0.42999909656023,0.156710044237725,0.379523451028339,-0.804903166791007,-0.804903166791007,0.3187,0.16799,0.46949,-0.774716569905557,0.63477,0.16799,0.46949,-0.774716569905557,1.01861304105,0
"OR2C3",0.288346537020947,0.723093868337585,0.756084407599294,0.882535964827786,-0.121429718112111,-0.121429718112111,0.28137,0.55653,0.74478,-0.254511419858854,0.71733,0.55653,0.74478,-0.254511419858854,1.2721327282,0
"OR2D2",0.270112158918518,0.493232674251338,0.351212636575367,0.602296899155484,-0.454429866637739,-0.454429866637739,0.2757,0.14615,0.46234,-0.835201180306545,0.49944,0.14615,0.46234,-0.835201180306545,0.787682155269,0
"OR2D3",-0.126258762477216,0.0968617528556041,0.86944471279407,0.940659843520495,0.0607580291780665,-0.0607580291780665,0.10204,0.6646,0.81541,-0.177439663057308,0.32578,0.6646,0.81541,-0.177439663057308,0.787682155269,0
"OR2F1",-0.0566535110245645,0.317196654449553,0.508103662818712,0.729020399489831,0.294047674335481,-0.294047674335481,0.091512,0.57652,0.75773,-0.239185622039749,0.46641,0.57652,0.75773,-0.239185622039749,1.14857738865,0
"OR2G2",-0.195634659445116,0.239112671871522,0.448121579074838,0.682357213261423,0.348604142345651,-0.348604142345651,-0.10244,0.63926,0.79828,0.194322469541986,0.33352,0.63926,0.79828,-0.194322469541986,1.2721327282,0
"OR2G3",-0.141313149701079,0.293434181615559,0.320847074911669,0.573187907280319,0.493701915716758,-0.493701915716758,-0.18015,0.50872,0.71102,0.293521188024443,0.25581,0.50872,0.71102,-0.293521188024443,1.2721327282,0
"OR2H1",-0.0523774454957939,0.186052124817987,0.973122469812505,0.989060875593002,0.0118324992828162,-0.0118324992828162,0.087459,0.64936,0.8052,-0.187514467040951,0.32655,0.64936,0.8052,-0.187514467040951,0.828739266687,0
"OR2J2",0.0216217025283713,0.260051272842152,0.649742945374135,0.822528607427198,-0.187258427181652,-0.187258427181652,-0.04122,0.79117,0.89529,0.101730188905153,0.19788,0.79117,0.89529,-0.101730188905153,0.828739266687,0
"OR2L3",-0.559706328809524,-0.124958997492886,0.0134717826179775,0.0670833961623525,1.87057493360679,1.87057493360679,-0.5064,0.028853,0.21041,1.53980902425142,-0.070433,0.028853,0.21041,1.53980902425142,1.2721327282,0
"OR2T1",-0.260148523627708,0.17459880768893,0.572221404988242,0.771505905300527,0.242435900647484,-0.242435900647484,-0.073631,0.6625,0.81408,0.178814117391155,0.36233,0.6625,0.81408,-0.178814117391155,1.2721327282,0
"OR2T10",-0.0958921295862413,0.338855201730397,0.286685365448818,0.538891664454114,0.542594476104935,-0.542594476104935,-0.12947,0.41067,0.63918,0.386507021788014,0.30649,0.41067,0.63918,-0.386507021788014,1.2721327282,0
"OR2T12",0.097048310509933,0.531795641826571,0.101009410376992,0.287804540926572,-0.99563816399537,-0.99563816399537,0.14535,0.68068,0.82574,-0.167057009814445,0.58132,0.68068,0.82574,-0.167057009814445,1.2721327282,0
"OR2T2",-0.728695563484058,-0.29394823216742,0.00107094274297033,0.00784851558527296,2.97023374772721,2.97023374772721,-0.61951,0.0069809,0.067866,2.15608858313087,-0.18355,0.0069809,0.067866,2.15608858313087,1.2721327282,0
"OR2T27",-0.425482764728005,0.00926456658863323,0.144522662811947,0.361647244609158,0.840064045208905,-0.840064045208905,-0.42161,0.053095,0.33316,1.27494637486299,0.01435,0.053095,0.33316,-1.27494637486299,1.2721327282,0
"OR2T33",-0.353380945395853,0.0813663859207852,0.0271079914587603,0.114525871076765,1.56690265987036,-1.56690265987036,-0.46805,0.17815,0.47321,0.749214173312966,-0.032086,0.17815,0.47321,0.749214173312966,1.2721327282,0
"OR2T4",0.263226312295865,0.697973643612503,0.235901033664009,0.484041093070084,-0.62727015613182,-0.62727015613182,0.22353,0.35571,0.59739,-0.448903925413679,0.65949,0.35571,0.59739,-0.448903925413679,1.2721327282,0
"OR2T5",-0.141716690919525,0.293030640397113,0.375265427439718,0.623311733262825,0.425661444549807,-0.425661444549807,-0.096672,0.41104,0.63949,0.386115913077729,0.33929,0.41104,0.63949,-0.386115913077729,1.2721327282,0
"OR2W1",0.195972511169367,0.434402081483148,0.0891783958899799,0.266073474968028,-1.04974034385449,-1.04974034385449,0.33605,0.10592,0.45798,-0.975022027904375,0.57515,0.10592,0.45798,-0.975022027904375,0.828739266687,0
"OR3A1",0.396975516761739,0.71525213420609,0.220435864554684,0.465957827829426,-0.656717745069574,-0.656717745069574,0.34097,0.18197,0.47512,-0.740000204918113,0.66014,0.18197,0.47512,-0.740000204918113,1.02577267031,0
"OR3A2",0.195238029367363,0.513514646811714,0.605782486852083,0.794906303187925,-0.217683286258103,-0.217683286258103,0.17427,0.35771,0.59898,-0.446468918715683,0.49343,0.35771,0.59898,-0.446468918715683,1.02577267031,0
"OR3A3",-0.160125792700106,0.158150824744245,0.778082503077984,0.894741043338518,0.108974350655797,-0.108974350655797,-0.016741,0.8945,0.95049,0.0484196550966082,0.30243,0.8945,0.95049,-0.0484196550966082,1.02577267031,0
"OR4C11",0.575104326261123,0.907152409740996,0.0054479676028408,0.0324484277946701,-2.26376548368508,-2.26376548368508,0.61271,0.097449,0.45798,-1.01122261315703,0.94569,0.097449,0.45798,-1.01122261315703,1.05719254283,0
"OR4C3",0.211614261485818,0.543662344965691,0.289837060776811,0.542123120164555,-0.537846083109885,-0.537846083109885,0.24819,0.35243,0.59547,-0.452927130112678,0.58117,0.35243,0.59547,-0.452927130112678,1.05719254283,0
"OR4D1",0.118633577950208,0.433222784152934,0.52868072393748,0.743541751593652,-0.276806523981494,-0.276806523981494,0.16815,0.32223,0.57254,-0.491834028696633,0.48362,0.32223,0.57254,-0.491834028696633,1.0172423198,0
"OR4D10",0.0399113942484838,0.371959477728357,0.755420386778948,0.882377916794355,-0.121811298902022,-0.121811298902022,0.013341,0.9407,0.97266,-0.0265488559750653,0.34632,0.9407,0.97266,-0.0265488559750653,1.05719254283,0
"OR4D11",0.106280502438328,0.438328585918201,0.38471089963925,0.631705122901111,-0.414865509076279,-0.414865509076279,-0.027873,0.95379,0.97857,0.0205472352336528,0.3051,0.95379,0.97857,-0.0205472352336528,1.05719254283,0
"OR4D9",-0.323345304237174,0.00870277924269935,0.31728425310191,0.569795392443823,0.498551481510209,-0.498551481510209,-0.1654,0.4972,0.70268,0.303468880030393,0.16757,0.4972,0.70268,-0.303468880030393,1.05719254283,0
"OR4K17",0.256571735527576,0.486951207637278,0.34578651599505,0.59684223918946,-0.461191946120282,-0.461191946120282,0.19635,0.40796,0.63733,-0.389382416887791,0.42738,0.40796,0.63733,-0.389382416887791,0.807295566234,0
"OR51B6",-0.100032675628465,0.123087839704355,0.753392491950808,0.881355318606013,0.122978712139894,-0.122978712139894,0.11258,0.56777,0.75258,-0.245827558584839,0.33633,0.56777,0.75258,-0.245827558584839,0.787682155269,0
"OR51D1",0.253189450486573,0.476309965819393,0.0749374016709586,0.236505706429497,-1.1253013694158,-1.1253013694158,0.33619,0.27077,0.53429,-0.567399455039317,0.55993,0.27077,0.53429,-0.567399455039317,0.787682155269,0
"OR51F2",0.186372906221377,0.409493421554197,0.321431533088913,0.573678297873602,-0.492911520308349,-0.492911520308349,0.24853,0.091662,0.45447,-1.03781067098947,0.47228,0.091662,0.45447,-1.03781067098947,0.787682155269,0
"OR51T1",0.12056504325408,0.3436855585869,0.175265982587748,0.406552762369053,-0.756302368036496,-0.756302368036496,0.20931,0.14644,0.46234,-0.834340279790507,0.43306,0.14644,0.46234,-0.834340279790507,0.787682155269,0
"OR51V1",0.116428357597879,0.339548872930699,0.758946193269498,0.883944107792974,-0.119789013030056,-0.119789013030056,0.078377,0.82929,0.91696,-0.0812935715295365,0.30212,0.82929,0.91696,-0.0812935715295365,0.787682155269,0
"OR52A1",0.362962489189146,0.586083004521966,0.224090733096912,0.47040595076126,-0.649576102626425,-0.649576102626425,0.20294,0.24201,0.51293,-0.616166688337374,0.42668,0.24201,0.51293,-0.616166688337374,0.787682155269,0
"OR52A5",-0.171623504835329,0.0514970104974911,0.244726343478017,0.494288767081828,0.611319278660704,-0.611319278660704,-0.2197,0.34207,0.588,0.465885012356193,0.0040449,0.34207,0.588,-0.465885012356193,0.787682155269,0
"OR52B2",0.553688501785483,0.776809017118303,0.0223649771892147,0.0990641504096083,-1.65043154044251,-1.65043154044251,0.58169,0.099111,0.45798,-1.0038781419407,0.80543,0.099111,0.45798,-1.0038781419407,0.787682155269,0
"OR52B6",0.0345133071149255,0.257633822447746,0.687741886670237,0.845591300377434,-0.162574524304516,-0.162574524304516,-0.026639,0.90814,0.95669,0.0418471949363721,0.19711,0.90814,0.95669,-0.0418471949363721,0.787682155269,0
"OR52E8",-0.128569651607033,0.0945508637257871,0.371194966104091,0.619577439512917,0.430397922022248,-0.430397922022248,-0.12665,0.51435,0.71528,0.288741255829375,0.097093,0.51435,0.71528,-0.288741255829375,0.787682155269,0
"OR52I2",-0.00183509341648663,0.221285421916333,0.436520300402213,0.673627061531882,0.359995554598375,-0.359995554598375,-0.11819,0.60028,0.77362,0.221646126133271,0.10555,0.60028,0.77362,-0.221646126133271,0.787682155269,0
"OR52K2",0.136196719391272,0.359317234724092,0.838236166578309,0.925010114210972,-0.0766336050071404,-0.0766336050071404,0.087672,0.58681,0.76485,-0.231502493827027,0.31142,0.58681,0.76485,-0.231502493827027,0.787682155269,0
"OR52L1",-0.070320035862208,0.152800479470612,0.819127314422128,0.91507278979193,0.0866485919467296,-0.0866485919467296,0.13049,0.6093,0.7798,-0.215168821875531,0.35424,0.6093,0.7798,-0.215168821875531,0.787682155269,0
"OR52M1",0.392772512541071,0.615893027873891,0.041815066772943,0.158447932440773,-1.37866720536974,-1.37866720536974,0.34002,0.072292,0.40909,-1.14090976007875,0.56377,0.072292,0.40909,-1.14090976007875,0.787682155269,0
"OR52R1",0.136108479626705,0.359228994959525,0.31809735837262,0.570449785408513,-0.497439937459622,-0.497439937459622,0.21164,0.14203,0.4612,-0.847619912952397,0.43539,0.14203,0.4612,-0.847619912952397,0.787682155269,0
"OR52W1",0.179203234644167,0.402323749976987,0.245993020288754,0.495590238935275,-0.609077215226226,-0.609077215226226,0.26799,0.12081,0.45798,-0.917897115672906,0.49174,0.12081,0.45798,-0.917897115672906,0.787682155269,0
"OR56A1",0.275305068927585,0.498425584260405,0.562823900744648,0.764498131968763,-0.249627468200486,-0.249627468200486,0.27092,0.13366,0.45873,-0.873998543212326,0.49467,0.13366,0.45873,-0.873998543212326,0.787682155269,0
"OR56A4",0.0107946959011927,0.233915211234013,0.383288644193158,0.630447147716336,-0.416474047527035,-0.416474047527035,0.36215,0.33568,0.58272,-0.474074533486536,0.58589,0.33568,0.58272,-0.474074533486536,0.787682155269,0
"OR56B1",-0.0906260499051469,0.132494465427673,0.537946489362512,0.748459754471374,0.26926092234547,-0.26926092234547,-0.11761,0.40866,0.6375,0.388637869333748,0.10613,0.40866,0.6375,-0.388637869333748,0.787682155269,0
"OR5AU1",-0.439349744533502,-0.2089702724238,0.0915565396123812,0.270550423873136,1.03831062988617,1.03831062988617,-0.27267,0.074602,0.41796,1.12724952939971,-0.04165,0.074602,0.41796,1.12724952939971,0.807295566234,0
"OR5C1",0.209119261055534,0.501736582392189,0.428972579066585,0.667533013171839,-0.367570468049962,-0.367570468049962,0.23999,0.34494,0.5906,-0.462256440970381,0.53343,0.34494,0.5906,-0.462256440970381,0.965340111692,0
"OR5I1",-0.124898574006503,0.20714950947337,0.613535252713567,0.799134474929426,0.212160478382583,-0.212160478382583,-0.063158,0.81726,0.91086,0.0876397566842728,0.26982,0.81726,0.91086,-0.0876397566842728,1.05719254283,0
"OR5M1",-0.594347338639611,-0.262299255159738,0.0267741896449921,0.113466759797059,1.57228366477376,1.57228366477376,-0.50575,0.092847,0.45584,1.03223212428278,-0.17278,0.092847,0.45584,1.03223212428278,1.05719254283,0
"OR5M10",-0.167166247478528,0.164881836001345,0.579242322826868,0.776371564950205,0.237139713560469,-0.237139713560469,-0.1709,0.625,0.79,0.204119982655925,0.16207,0.625,0.79,-0.204119982655925,1.05719254283,0
"OR5P2",0.298890586266747,0.522011101599567,0.490835891244794,0.716135089476411,-0.309063687999529,-0.309063687999529,0.31156,0.2248,0.50095,-0.648203693102977,0.5353,0.2248,0.50095,-0.648203693102977,0.787682155269,0
"OR5P3",0.268065988341197,0.491186503674017,0.554494837175834,0.759832267831805,-0.256102493151403,-0.256102493151403,0.2145,0.38318,0.6184,-0.416597166911638,0.43824,0.38318,0.6184,-0.416597166911638,0.787682155269,0
"OR5R1",-0.339241529550638,-0.00719344607076466,0.0935661493427715,0.274465944159433,1.02888124327725,1.02888124327725,-0.26823,0.17378,0.47121,0.760000207113129,0.064748,0.17378,0.47121,-0.760000207113129,1.05719254283,0
"OR5T1",-0.157664233690497,0.174383849789376,0.125626962893551,0.328971529342428,0.900917139427053,-0.900917139427053,-0.40303,0.20511,0.48771,0.6880131653803,-0.070051,0.20511,0.48771,0.6880131653803,1.05719254283,0
"OR5T2",0.119292813940816,0.451340897420689,0.723546928759692,0.865873923706934,-0.140533295587906,-0.140533295587906,0.1176,0.53663,0.72996,-0.270325051995303,0.45058,0.53663,0.72996,-0.270325051995303,1.05719254283,0
"OR5T3",-0.22782497993861,0.104223103541263,0.279068699375631,0.531797508196417,0.554288871683193,-0.554288871683193,-0.18107,0.26272,0.52815,0.580506864560653,0.15191,0.26272,0.52815,-0.580506864560653,1.05719254283,0
"OR5V1",0.632307358879829,0.87073692919361,0.00609938820447422,0.0355311206193587,-2.21471372445577,-2.21471372445577,0.60424,0.13043,0.45857,-0.884622505720883,0.84333,0.13043,0.45857,-0.884622505720883,0.828739266687,0
"OR5W2",0.355155009577808,0.687203093057681,0.00267256118988949,0.0175173738073929,-2.57307234257302,-2.57307234257302,0.50256,0.091379,0.45435,-1.03915359892704,0.83554,0.091379,0.45435,-1.03915359892704,1.05719254283,0
"OR6A2",-0.412483243940373,-0.189362728607553,0.323246000544232,0.575608502449205,0.490466839849938,0.490466839849938,-0.15977,0.52975,0.72533,0.275929034617168,0.063976,0.52975,0.72533,-0.275929034617168,0.787682155269,0
"OR6K6",-0.551456319396641,-0.127817095530176,0.0601096272501765,0.203304778912161,1.22105596515555,1.22105596515555,-0.36624,0.24392,0.51435,0.612752588642676,0.05858,0.24392,0.51435,-0.612752588642676,1.25037007804,0
"OR6S1",-0.0823632433208535,0.148016228788849,0.915815492236131,0.962001020319139,0.0381920140778612,-0.0381920140778612,0.066282,0.63799,0.7976,-0.195186128455726,0.29731,0.63799,0.7976,-0.195186128455726,0.807295566234,0
"OR6V1",0.146671845034851,0.493803798595404,0.752335152669789,0.881035584399098,-0.123588645406861,-0.123588645406861,-0.0030647,0.9859,0.99332,0.00616713338601386,0.34504,0.9859,0.99332,-0.00616713338601386,1.09083922719,0
"OR7A17",-0.369489909984457,0.0424997620425542,0.0607719985836092,0.204730934613356,1.21629648095463,-1.21629648095463,-0.2805,0.60608,0.7775,0.217470047012839,0.13264,0.60608,0.7775,-0.217470047012839,1.22718838396,0
"OR7C2",0.243651924061541,0.655641596088552,0.486446649306297,0.713377948913624,-0.312964783725344,-0.312964783725344,0.13868,0.42715,0.652,-0.369419589301019,0.55182,0.42715,0.652,-0.369419589301019,1.22718838396,0
"OR7D4",0.215614461115345,0.521311837737012,0.784878641047031,0.898490537603356,-0.105197489239578,-0.105197489239578,0.056696,0.86047,0.93242,-0.0652642666049595,0.36325,0.86047,0.93242,-0.0652642666049595,0.996462348026,0
"OR7G2",0.0172841517260154,0.322981528347682,0.856947035646261,0.93417148761233,-0.0670460191939371,-0.0670460191939371,0.1079,0.61884,0.7856,-0.20842162254566,0.41446,0.61884,0.7856,-0.20842162254566,0.996462348026,0
"OR8A1",-0.513512640131229,-0.17701388407085,0.120763818296142,0.320488594708992,0.918063163960226,0.918063163960226,-0.24696,0.34615,0.59137,0.460735664052545,0.090482,0.34615,0.59137,-0.460735664052545,1.06720226046,0
"OR8B8",-0.204024204113016,0.132474551947363,0.812776722147905,0.91211193570828,0.0900287430368796,-0.0900287430368796,0.0055441,0.9843,0.99262,-0.00687251489428989,0.34298,0.9843,0.99262,-0.00687251489428989,1.06720226046,0
"OR8G5",0.0438822467292645,0.380381002789644,0.548171411767814,0.755549159379696,-0.261083617529158,-0.261083617529158,0.21144,0.26536,0.52974,-0.576164541488574,0.54888,0.26536,0.52974,-0.576164541488574,1.06720226046,0
"OR8I2",-0.570201621290148,-0.238153537810275,0.0212399797741698,0.0951170884310466,1.67284590114851,1.67284590114851,-0.41826,0.092722,0.4555,1.03281720927487,-0.085283,0.092722,0.4555,1.03281720927487,1.05719254283,1
"OR8U1",-0.839598720319827,-0.507550636839954,0.0916785199008732,0.270827133054929,1.03773240676491,1.03773240676491,-0.39081,0.0642,0.38054,1.19246497193115,-0.05783,0.0642,0.38054,1.19246497193115,1.05719254283,0
"OR9Q2",0.278267921027392,0.610316004507265,0.116123709798891,0.313175175022748,-0.935079098232616,-0.935079098232616,0.29652,0.084703,0.44286,-1.07210120761058,0.62949,0.084703,0.44286,-1.07210120761058,1.05719254283,0
"ORAI3",0.368733497871762,0.683913755945543,0.162057939715722,0.387418811980812,-0.790329686691283,-0.790329686691283,0.29519,0.14758,0.46234,-0.830972493991068,0.61125,0.14758,0.46234,-0.830972493991068,1.01861304105,1
"ORC1",-1.33927289485002,-1.020983261003,1.08362182579969e-08,1.77474412652181e-07,7.96512225619617,7.96512225619617,-1.5631,0.00029565,0.0046778,3.52922211666488,-1.2439,0.00029565,0.0046778,3.52922211666488,1.02580269292,1
"ORC2",-0.516340528157968,-0.268019889758602,0.000286406003018895,0.00233735180858247,3.54301788353367,3.54301788353367,-0.66614,0.02138,0.16726,1.66999229912724,-0.41713,0.02138,0.16726,1.66999229912724,0.85465784459,1
"ORC3",-1.57684020698652,-1.33841063667274,1.55229528354771e-09,2.96987184729203e-08,8.80902566206144,8.80902566206144,-1.6837,0.0011794,0.015242,2.92833887655821,-1.4446,0.0011794,0.015242,2.92833887655821,0.828739266687,1
"ORC4",-1.55954141882741,-1.30465452869251,8.00204304762744e-07,9.58289779256286e-06,6.09679911662901,6.09679911662901,-1.5348,0.00050412,0.0073946,3.29746607241438,-1.2792,0.00050412,0.0073946,3.29746607241438,0.871610435975,1
"ORC5",-3.12024192617839,-2.79402804541818,0.0393885268003641,0.151414503768174,1.40463026225857,1.40463026225857,0.15099,0.092563,0.4555,-1.03356257818842,0.47811,0.092563,0.4555,-1.03356257818842,1.04396513997,1
"ORC6",-2.35254062012249,-2.03736036204871,9.45628865665036e-12,2.99731418067261e-10,11.0242792792635,11.0242792792635,-2.0854,6.1607e-06,0.00018256,5.21036993899376,-1.7693,6.1607e-06,0.00018256,5.21036993899376,1.01861304105,1
"OSBP",-2.74148705334749,-2.40943896986762,5.23394216869247e-07,6.42494134041228e-06,6.28117108031221,6.28117108031221,-1.8377,0.0051555,0.052778,2.28772920880709,-1.5047,0.0051555,0.052778,2.28772920880709,1.05719254283,1
"OSGEP",-1.76352706877431,-1.53314759666461,1.03706194116166e-05,0.000106337794428234,4.98419530349395,4.98419530349395,-1.2309,0.0067232,0.065767,2.17242396927414,-0.99989,0.0067232,0.065767,2.17242396927414,0.807295566234,1
"OTOP1",0.0693818172755362,0.403094420089958,0.847390170398097,0.928998986280764,-0.0719165780582119,-0.0719165780582119,0.1066,0.41831,0.64477,-0.378501753174789,0.44125,0.41831,0.64477,-0.378501753174789,1.06094423934,0
"OTOP3",0.178984813830331,0.493574020033057,0.692659609449565,0.847771715894565,-0.15948013631957,-0.15948013631957,0.14429,0.55482,0.74368,-0.255847891987572,0.45976,0.55482,0.74368,-0.255847891987572,1.0172423198,0
"OTOR",0.0826273715701466,0.402415009979286,0.624254088524927,0.806204998959681,-0.204638604574531,-0.204638604574531,0.087804,0.62783,0.79169,-0.202157935970845,0.40849,0.62783,0.79169,-0.202157935970845,1.02925370559,0
"OTP",0.184173094973668,0.510345599454475,0.489752556351521,0.715870902909577,-0.310023288449179,-0.310023288449179,0.16645,0.52807,0.72478,-0.277308504362553,0.49353,0.52807,0.72478,-0.277308504362553,1.04387089653,0
"OTUD6A",0.180496846646464,0.406858749717789,0.251485033544465,0.502575642632305,-0.599487855707294,-0.599487855707294,0.46143,0.35004,0.59416,-0.455882324830643,0.68843,0.35004,0.59416,-0.455882324830643,0.796473220463,0
"OTX2",0.438543860693781,0.668923332803483,0.0259576434292428,0.110828030782249,-1.58573473760863,-1.58573473760863,0.57838,0.20553,0.48788,-0.687124777760954,0.8094,0.20553,0.48788,-0.687124777760954,0.807295566234,0
"OXA1L",-0.86806914932755,-0.637689677217848,1.33517680731498e-05,0.00013502240380006,4.87446122017438,4.87446122017438,-0.7679,0.008105,0.07684,2.09124698081547,-0.53688,0.008105,0.07684,2.09124698081547,0.807295566234,1
"OXSM",-3.27944115155432,-2.95377897469079,1.63349692757545e-14,1.27955027773564e-12,13.786881678047,13.786881678047,-2.8662,9.8039e-10,1.9318e-07,9.00860112721083,-2.5397,9.8039e-10,1.9318e-07,9.00860112721083,1.04270800831,1
"PABPN1",-0.49946518848282,-0.269085716373118,0.0800907835917426,0.248059495509476,1.09641745726833,1.09641745726833,-0.37207,0.18285,0.47512,0.737905035325937,-0.14105,0.18285,0.47512,0.737905035325937,0.807295566234,1
"PAF1",-0.61324530625175,-0.295928667606781,0.000951947332795225,0.00703579635410484,3.02138707862092,3.02138707862092,-0.81505,0.40285,0.63305,0.394856632019933,-0.49684,0.40285,0.63305,0.394856632019933,1.02355673479,1
"PAFAH1B1",-3.46730025780387,-3.14902364035952,1.52985705329706e-11,4.58309684320796e-10,10.8153491468717,10.8153491468717,-2.8771,5.4885e-07,2.4917e-05,6.26054633145771,-2.5579,5.4885e-07,2.4917e-05,6.26054633145771,1.02577267031,1
"PAGE3",0.0535495685859232,0.279911471657248,0.957448823225193,0.981172281814374,-0.0188844302939475,-0.0188844302939475,0.060774,0.55005,0.73984,-0.259597830983716,0.28777,0.55005,0.73984,-0.259597830983716,0.796473220463,0
"PAK1IP1",-2.7242234051247,-2.44650704431613,7.48350543209577e-12,2.43666506513878e-10,11.1258949217612,11.1258949217612,-2.7457,1.357e-08,1.3369e-06,7.86742015234026,-2.4672,1.357e-08,1.3369e-06,7.86742015234026,0.929047400627,1
"PANX3",0.353175681553258,0.689674437613637,0.100403524700298,0.286650429674854,-0.998251040866093,-0.998251040866093,0.42168,0.18235,0.47512,-0.7390942323502,0.75912,0.18235,0.47512,-0.7390942323502,1.06720226046,0
"PARN",-1.21922468052617,-0.904044422452389,1.09100521957543e-05,0.000111569731202489,4.9621731716597,4.9621731716597,-1.1534,0.004349,0.045621,2.36161059233466,-0.83736,0.004349,0.045621,2.36161059233466,1.01861304105,1
"PARS2",-2.41759097605142,-2.0993013422044,2.62111293088029e-15,2.76780836728812e-13,14.5815142670345,14.5815142670345,-2.4984,3.4831e-07,1.7114e-05,6.45803405674338,-2.1793,3.4831e-07,1.7114e-05,6.45803405674338,1.02580269292,1
"PASD1",0.0447444659551776,0.267067152246082,0.357352521042467,0.60809105543845,-0.446903149701138,-0.446903149701138,0.28849,0.2731,0.53607,-0.563678299860267,0.51144,0.2731,0.53607,-0.563678299860267,0.785510098849,0
"PAX1",0.309105910315563,0.628893548724702,0.146873767619683,0.364825288013977,-0.833055764423112,-0.833055764423112,0.3641,0.22874,0.5046,-0.640657883227632,0.68478,0.22874,0.5046,-0.640657883227632,1.02925370559,0
"PAX4",0.113782896272793,0.439996777033007,0.996156883059776,0.998795805500426,-0.00167225988777469,-0.00167225988777469,0.030834,0.82568,0.91528,-0.0831882349569934,0.35796,0.82568,0.91528,-0.0831882349569934,1.04396513997,0
"PAXBP1",-1.76986975329855,-1.54779103116525,3.9744810477992e-09,7.02052966541774e-08,8.40071956959631,8.40071956959631,-1.7146,0.00075589,0.010439,3.12154140009251,-1.4919,0.00075589,0.010439,3.12154140009251,0.784845263169,1
"PBOV1",0.0695168780730915,0.307946448386873,0.920201341432115,0.96354613896077,-0.0361171379739169,-0.0361171379739169,0.20391,0.50167,0.70617,-0.299581869121767,0.44301,0.50167,0.70617,-0.299581869121767,0.828739266687,0
"PCBP1",-1.40251996923137,-1.03019763217796,2.37717514973702e-07,3.08871166804376e-06,6.62393881837197,6.62393881837197,-1.5891,0.0028709,0.03224,2.54198193470815,-1.2157,0.0028709,0.03224,2.54198193470815,1.14533730473,1
"PCF11",-1.83656852024432,-1.50452043676445,2.97215002932294e-12,1.08825102510439e-10,11.5269292718756,11.5269292718756,-1.6858,3.5677e-05,0.00079475,4.44761167162278,-1.3528,3.5677e-05,0.00079475,4.44761167162278,1.05719254283,1
"PCID2",-3.95840881317249,-3.57626725201653,2.01324748223262e-10,4.64164042556237e-09,9.69610283536389,9.69610283536389,-3.2823,1.5039e-09,2.5896e-07,8.82278104066728,-2.8991,1.5039e-09,2.5896e-07,8.82278104066728,1.16603526461,1
"PCNA",-3.63741610449821,-3.31762846608907,1.04106134391746e-07,1.42944004786598e-06,6.98252367919271,6.98252367919271,-3.5148,2.7386e-06,9.3635e-05,5.56247139617932,-3.1941,2.7386e-06,9.3635e-05,5.56247139617932,1.02925370559,1
"PCYT1A",-0.726406042263487,-0.509200762585272,0.000114808721177788,0.00100982010486473,3.94002512051358,3.94002512051358,-0.73031,0.0043017,0.045225,2.36635988053331,-0.5125,0.0043017,0.045225,2.36635988053331,0.771499871013,1
"PDCD11",-1.11050228071481,-0.784800598388612,1.17307435996983e-05,0.000119323950197463,4.93067445753409,4.93067445753409,-1.3245,0.0056385,0.05702,2.24883641523051,-0.99793,0.0056385,0.05702,2.24883641523051,1.04279806325,1
"PDCD5",-1.21665915908965,-0.899342520444681,7.27610610478256e-12,2.3772344612087e-10,11.1381009764055,11.1381009764055,-1.2812,0.00017945,0.0030273,3.74605653733074,-0.96301,0.00017945,0.0030273,3.74605653733074,1.02355673479,1
"PDCD7",-0.991187829473733,-0.676024829766421,0.000321157503992923,0.0026064897553362,3.49328192604083,3.49328192604083,-1.0014,0.0039243,0.041902,2.40623779961921,-0.68532,0.0039243,0.041902,2.40623779961921,1.01857303525,1
"PDCL",-0.467263510877948,-0.174646189541293,0.000416093926530816,0.00331090891664591,3.38080862329238,3.38080862329238,-0.53432,0.027684,0.20309,1.55777115943128,-0.24088,0.027684,0.20309,1.55777115943128,0.965340111692,1
"PDCL2",-0.673369576803147,-0.339656973988725,0.00254374223951812,0.0167881717623998,2.59452689837993,2.59452689837993,-0.49096,0.053389,0.33424,1.27254821359703,-0.15631,0.053389,0.33424,1.27254821359703,1.06094423934,0
"PDE4DIP",-0.990782833671296,-0.567143609804831,0.000589989284442998,0.00453781295515454,3.22915587606894,3.22915587606894,-0.75928,0.0088161,0.082397,2.0547234923124,-0.33445,0.0088161,0.082397,2.0547234923124,1.25037007804,1
"PDE6H",0.11026911480908,0.430272722856896,0.933090669183764,0.969482736348534,-0.0300761534528872,-0.0300761534528872,0.062117,0.64098,0.79942,-0.19315552122244,0.38302,0.64098,0.79942,-0.19315552122244,1.02975056327,0
"PDILT",-0.138554569094353,0.176625688979428,0.398257408349727,0.641085964505871,0.39983613674345,-0.39983613674345,-0.12667,0.63797,0.7976,0.195199743129601,0.1894,0.63797,0.7976,-0.195199743129601,1.01861304105,0
"PDPK1",-3.51070451753881,-3.19552425946503,9.40429309838433e-07,1.11781252480982e-05,6.02667384392105,6.02667384392105,-2.6712,8.9744e-06,0.00025151,5.04699457733456,-2.3551,8.9744e-06,0.00025151,5.04699457733456,1.01861304105,1
"PDRG1",-1.54261997498009,-1.22283233657095,4.91643314528517e-08,7.11877172013905e-07,7.30834986209143,7.30834986209143,-2.0531,0.0012188,0.015687,2.91406755444936,-1.7324,0.0012188,0.015687,2.91406755444936,1.02925370559,1
"PDX1",0.382134733671265,0.715364937449536,0.354540306846874,0.605407744551443,-0.450334383764161,-0.450334383764161,0.17767,0.5291,0.72526,-0.276462238467943,0.51183,0.5291,0.72526,-0.276462238467943,1.05985795326,0
"PDYN",0.158594581000598,0.478382219409737,0.831774073098765,0.921472229928739,-0.0799946209819367,-0.0799946209819367,0.2652,0.6973,0.83657,-0.156580334795082,0.58589,0.6973,0.83657,-0.156580334795082,1.02925370559,0
"PELO",-1.97021444834754,-1.64404194386673,8.42631820393427e-13,3.79840141112726e-11,12.0743621445916,12.0743621445916,-1.8628,8.1179e-07,3.4176e-05,6.09055630282357,-1.5357,8.1179e-07,3.4176e-05,6.09055630282357,1.04387089653,1
"PELP1",-1.94740759773249,-1.62913098028814,7.96237005762358e-10,1.60701984066905e-08,9.09895764209364,9.09895764209364,-1.8226,0.00016384,0.0028211,3.78558006070426,-1.5034,0.00016384,0.0028211,3.78558006070426,1.02577267031,1
"PES1",-3.20163641353087,-2.98968417968053,3.94208272244609e-13,1.94689992439566e-11,12.4042742665292,12.4042742665292,-3.0281,1.2212e-08,1.2316e-06,7.91321320437338,-2.8156,1.2212e-08,1.2316e-06,7.91321320437338,0.756975369415,1
"PET117",-1.68197140776341,-1.36218376935427,1.77643203851561e-08,2.77393346014288e-07,7.75045140278891,7.75045140278891,-1.5923,2.9099e-05,0.00066768,4.53612193547953,-1.2716,2.9099e-05,0.00066768,4.53612193547953,1.02925370559,1
"PEX16",-0.0232977980380507,0.308750285441823,0.762759063337729,0.885934787770515,0.117612623234323,-0.117612623234323,0.0042721,0.98809,0.99433,-0.00520349597591066,0.33725,0.98809,0.99433,-0.00520349597591066,1.05719254283,1
"PFAS",-1.2741801901694,-0.955903572725049,4.04781708207156e-05,0.000384905113878774,4.3927791211786,4.3927791211786,-1.2527,0.00091448,0.012309,3.03882578825713,-0.93351,0.00091448,0.012309,3.03882578825713,1.02577267031,1
"PFDN1",-2.17650756572241,-1.8503350612416,1.32438168219674e-13,7.71734972311775e-12,12.8779868346973,12.8779868346973,-2.0708,8.6774e-07,3.6133e-05,6.06161038251952,-1.7437,8.6774e-07,3.6133e-05,6.06161038251952,1.04387089653,1
"PFDN2",-3.85500638627444,-3.43136716240797,4.56285300847964e-16,6.0985880804945e-14,15.3407635217236,15.3407635217236,-3.1995,3.9272e-10,9.8765e-08,9.40591698090819,-2.7747,3.9272e-10,9.8765e-08,9.40591698090819,1.25037007804,1
"PFDN6",-1.86910603084733,-1.63067646053355,1.11809364787256e-10,2.75388194481807e-09,9.95152181983866,9.95152181983866,-1.7149,0.00086347,0.011696,3.06375274675986,-1.4758,0.00086347,0.011696,3.06375274675986,0.828739266687,1
"PGD",-3.08512557406083,-2.76683594021381,1.82108276956987e-17,4.52030584088168e-15,16.7396703147484,16.7396703147484,-3.0281,3.9458e-08,3.0532e-06,7.40386493152621,-2.7089,3.9458e-08,3.0532e-06,7.40386493152621,1.02580269292,1
"PGGT1B",-2.48983466284365,-2.16366215836284,3.6846749843774e-13,1.84843026184791e-11,12.4336008141052,12.4336008141052,-2.1161,9.9737e-05,0.0018525,4.00114369911184,-1.789,9.9737e-05,0.0018525,4.00114369911184,1.04387089653,1
"PGK1",-2.11796038562015,-1.89159848254883,1.03513105287255e-17,2.74784164077125e-15,16.985004662829,16.985004662829,-1.8784,6.1916e-06,0.00018319,5.20819710843047,-1.6514,6.1916e-06,0.00018319,5.20819710843047,0.796473220463,1
"PGK2",-0.564433371318789,-0.326003801005008,0.0820671242722571,0.252199363535106,1.08583078449526,1.08583078449526,-0.43156,0.20186,0.48646,0.694949731082777,-0.19246,0.20186,0.48646,0.694949731082777,0.828739266687,0
"PGLS",-0.330723734384488,0.0812659376425232,0.22057861995447,0.466001897113937,0.656436584759733,-0.656436584759733,-0.20575,0.54847,0.73881,0.260847122311282,0.20739,0.54847,0.73881,-0.260847122311282,1.22718838396,1
"PGLYRP2",0.175193375768795,0.587183047795806,0.109275244092016,0.302132810322349,-0.961478214738128,-0.961478214738128,0.36112,0.1848,0.47581,-0.733298033115912,0.77426,0.1848,0.47581,-0.733298033115912,1.22718838396,0
"PGLYRP3",0.10096234882992,0.524601572696385,0.772582011838489,0.891092637895609,-0.112055407827529,-0.112055407827529,0.12252,0.40377,0.63378,-0.393865952154303,0.54734,0.40377,0.63378,-0.393865952154303,1.25037007804,0
"PGM3",-1.99643554488447,-1.75800597457069,9.24430652547517e-10,1.83856847680964e-08,9.03412566248811,9.03412566248811,-2.1692,0.00011579,0.0021177,3.93632894606928,-1.9301,0.00011579,0.0021177,3.93632894606928,0.828739266687,1
"PGS1",-3.35027283527992,-3.03568362907719,8.02670559209282e-15,7.03735889824175e-13,14.0954626660221,14.0954626660221,-3.2582,3.6491e-07,1.7792e-05,6.43781423505872,-2.9427,3.6491e-07,1.7792e-05,6.43781423505872,1.0172423198,1
"PHAX",-1.59274059396796,-1.26656808948715,2.44355077169022e-09,4.50372091603811e-08,8.61197863284378,8.61197863284378,-1.9106,0.00031371,0.0049107,3.50347163726145,-1.5835,0.00031371,0.0049107,3.50347163726145,1.04387089653,1
"PHB",-3.28150764954858,-2.96323103210423,3.71267865939289e-14,2.56174827498109e-12,13.4303126383019,13.4303126383019,-3.098,5.308e-09,6.5033e-07,8.2750690858076,-2.7788,5.308e-09,6.5033e-07,8.2750690858076,1.02577267031,1
"PHB2",-2.56293990108057,-2.24293629303275,5.90845323762644e-12,1.98467955590077e-10,11.2285261973394,11.2285261973394,-2.8145,2.5175e-06,8.7167e-05,5.59903052077434,-2.4936,2.5175e-06,8.7167e-05,5.59903052077434,1.02975056327,1
"PI4KA",-0.61719698022767,-0.403833217636645,0.00116475816205906,0.00844217775936094,2.93376423754444,2.93376423754444,-0.75765,0.013426,0.11659,1.8720533571511,-0.54369,0.013426,0.11659,1.8720533571511,0.760892590018,1
"PIGS",0.358333932686525,0.676610550130876,0.161852194098078,0.387169084580297,-0.790881408845718,-0.790881408845718,0.35718,0.2476,0.51669,-0.60624935965192,0.67634,0.2476,0.51669,-0.60624935965192,1.02577267031,1
"PIGV",0.0363985473966267,0.354688181243651,0.789620473491822,0.900932086694476,-0.102581599688405,-0.102581599688405,0.10806,0.43479,0.65728,-0.361720453074155,0.42724,0.43479,0.65728,-0.361720453074155,1.02580269292,1
"PIK3C3",-1.69161829419853,-1.46611864773759,2.75639131595647e-13,1.44336732114729e-11,12.5596591270051,12.5596591270051,-1.9167,2.7e-05,0.00062779,4.56863623584101,-1.6906,2.7e-05,0.00062779,4.56863623584101,0.794139893033,1
"PISD",-1.66373473106294,-1.4517824972126,8.2540949571059e-05,0.000743101822492535,4.08333053920104,4.08333053920104,-1.2236,0.0041048,0.043441,2.38670799835267,-1.011,0.0041048,0.043441,2.38670799835267,0.756975369415,1
"PIWIL1",-0.126170498666013,0.193833109381803,0.820061249429574,0.91559508220744,0.0861537094505681,-0.0861537094505681,0.080793,0.66602,0.81653,-0.176512729149186,0.40169,0.66602,0.81653,-0.176512729149186,1.02975056327,0
"PIWIL3",0.252494631712698,0.464446865563038,0.247812231613163,0.497629248037654,-0.605877261353819,-0.605877261353819,0.31256,0.20934,0.49073,-0.679147780168246,0.52511,0.20934,0.49073,-0.679147780168246,0.756975369415,0
"PKD1L3",-0.191252597568546,0.123927660505235,0.556492697717193,0.760676623143839,0.254540530092859,-0.254540530092859,-0.040254,0.81339,0.90877,0.0897011712128617,0.27581,0.81339,0.90877,-0.0897011712128617,1.01861304105,0
"PKM",-1.72096323498293,-1.40580023527562,7.39374786393879e-07,8.89903670802658e-06,6.13113536349609,6.13113536349609,-1.5876,0.010374,0.094376,1.98405375634243,-1.2716,0.010374,0.094376,1.98405375634243,1.01857303525,1
"PKMYT1",-3.09358711177201,-2.77840685369823,3.78784713281875e-07,4.75670974044446e-06,6.42160755625612,6.42160755625612,-1.9021,0.0076942,0.073603,2.11383652900302,-1.5861,0.0076942,0.073603,2.11383652900302,1.01861304105,1
"PLA2G2E",0.232523666709608,0.550813300556632,0.177470498856487,0.409515419984754,-0.750873829925345,-0.750873829925345,0.24178,0.13925,0.4612,-0.856204796154233,0.56096,0.13925,0.4612,-0.856204796154233,1.02580269292,0
"PLA2G2F",0.0123845979502461,0.330674231797271,0.699577181729982,0.851480471003068,-0.155164364445462,-0.155164364445462,0.08275,0.85346,0.92884,-0.0688168286047372,0.40193,0.85346,0.92884,-0.0688168286047372,1.02580269292,0
"PLA2G4E",-0.42421643357068,-0.109053433863368,0.0932079683016851,0.273990141210413,1.0305469584451,1.0305469584451,-0.28887,0.22172,0.49918,0.654195130079576,0.027175,0.22172,0.49918,-0.654195130079576,1.01857303525,0
"PLK1",-2.45546399560161,-2.14028373752783,1.77286249876513e-17,4.51796279185307e-15,16.7513249464878,16.7513249464878,-2.2095,1.2098e-05,0.00032249,4.91728641982867,-1.8934,1.2098e-05,0.00032249,4.91728641982867,1.01861304105,1
"PLK4",-2.21877302910111,-1.9946745012348,2.39619017624844e-10,5.41992696315225e-09,9.62047871665932,9.62047871665932,-1.9143,0.0011129,0.014499,2.95354385758741,-1.6895,0.0011129,0.014499,2.95354385758741,0.790340300119,1
"PLRG1",-1.48574122007436,-1.26164269220805,1.75753225372928e-11,5.21610465303225e-10,10.7550966961869,10.7550966961869,-1.5571,0.00015614,0.0027081,3.80648582497133,-1.3324,0.00015614,0.0027081,3.80648582497133,0.790340300119,1
"PMF1",-2.48172627956105,-2.05808705569458,7.98693593484343e-11,2.04083297490191e-09,10.0976197991353,10.0976197991353,-2.2049,0.00025724,0.004142,3.58966149908927,-1.78,0.00025724,0.004142,3.58966149908927,1.25037007804,1
"PMPCA",-2.61235015193658,-2.31973283059992,1.17888400321343e-13,7.01931774249788e-12,12.9285289253906,12.9285289253906,-2.3383,2.2827e-06,7.976e-05,5.64155116117979,-2.0449,2.2827e-06,7.976e-05,5.64155116117979,0.965340111692,1
"PMPCB",-2.37214843038382,-2.04593454962361,2.45174853021054e-12,9.27926131839883e-11,11.6105240763814,11.6105240763814,-2.1648,3.2329e-06,0.00010746,5.49040772876916,-1.8377,3.2329e-06,0.00010746,5.49040772876916,1.04396513997,1
"PMVK",-2.13173988732821,-1.70810066346175,2.81258832653859e-11,7.97581612539052e-10,10.5508938300802,10.5508938300802,-2.1523,3.7203e-05,0.00081826,4.42942203778173,-1.7275,3.7203e-05,0.00081826,4.42942203778173,1.25037007804,1
"PNISR",-1.2247769625552,-0.986347392241419,0.0130677831665954,0.0656756612314325,1.88379808037447,1.88379808037447,-1.1513,0.18384,0.47554,0.73555998865579,-0.91222,0.18384,0.47554,0.73555998865579,0.828739266687,1
"PNKP",-0.991289893612534,-0.673973254967565,0.00324873121522988,0.020772445815996,2.48828621865541,2.48828621865541,-1.2022,0.037594,0.25571,1.42488146291331,-0.88398,0.037594,0.25571,1.42488146291331,1.02355673479,1
"PNLIP",0.60597437028832,0.931676052614518,0.0714550699351661,0.229336414627234,-1.14596695138315,-1.14596695138315,0.58903,0.1256,0.45798,-0.901010360598823,0.91565,0.1256,0.45798,-0.901010360598823,1.04279806325,0
"PNLIPRP1",-0.147772695536064,0.177928986790134,0.871300137224745,0.941654482486659,0.0598322175670441,-0.0598322175670441,0.020044,0.91295,0.95933,-0.0395530070426068,0.34666,0.91295,0.95933,-0.0395530070426068,1.04279806325,0
"PNLIPRP2",0.377203026687817,0.702904709014015,0.121179383310201,0.321056494761279,-0.916571261986859,-0.916571261986859,0.31721,0.23858,0.51097,-0.622365965752408,0.64382,0.23858,0.51097,-0.622365965752408,1.04279806325,0
"PNN",-1.39675084772607,-1.16637137561637,7.04989227391028e-07,8.50660296914439e-06,6.15181751920772,6.15181751920772,-1.3112,0.00015725,0.0027249,3.80340934588269,-1.0802,0.00015725,0.0027249,3.80340934588269,0.807295566234,1
"PNO1",-2.68554676897547,-2.31322443192206,1.62356435235979e-12,6.67337321863496e-11,11.7895304927966,11.7895304927966,-2.7003,4.2349e-08,3.2448e-06,7.37315684034176,-2.3269,4.2349e-08,3.2448e-06,7.37315684034176,1.14533730473,1
"PNPLA5",0.341295430053402,0.547500838324894,0.102869679509854,0.291108703652921,-0.987712613206308,-0.987712613206308,0.41042,0.1337,0.45873,-0.873868592738016,0.6172,0.1337,0.45873,-0.873868592738016,0.740916278882,0
"PNPT1",-3.66929407828157,-3.29697174122816,1.18818052169129e-13,7.05270009661045e-12,12.9251175714605,12.9251175714605,-3.225,2.0224e-09,3.1946e-07,8.69413294339771,-2.8516,2.0224e-09,3.1946e-07,8.69413294339771,1.14533730473,1
"POLA1",-2.20701859091109,-1.97687597229557,1.78968702191274e-11,5.28690696287763e-10,10.7472229112216,10.7472229112216,-1.9689,5.0612e-05,0.0010584,4.29574650063229,-1.7382,5.0612e-05,0.0010584,4.29574650063229,0.806659788028,1
"POLA2",-3.00554338493238,-2.67349530145251,2.80402958990324e-13,1.46300291718537e-11,12.5522174077297,12.5522174077297,-2.6578,4.1548e-09,5.3741e-07,8.38144987705121,-2.3248,4.1548e-09,5.3741e-07,8.38144987705121,1.05719254283,1
"POLD1",-3.14842569423734,-2.83110905559237,3.9920206327559e-08,5.84658678083169e-07,7.39880722272813,7.39880722272813,-2.8069,5.6248e-06,0.00016957,5.2498929150727,-2.4887,5.6248e-06,0.00016957,5.2498929150727,1.02355673479,1
"POLD2",-2.63174775804173,-2.30852782511561,1.72684305764752e-12,7.00746313393142e-11,11.7627471310457,11.7627471310457,-2.3444,3.663e-05,0.00080949,4.43616308133546,-2.0203,3.663e-05,0.00080949,4.43616308133546,1.03712983103,1
"POLD3",-1.57731585770657,-1.2452677742267,4.71050549450105e-11,1.27163688582484e-09,10.326932485293,10.326932485293,-1.3731,0.0039006,0.041696,2.40886858357688,-1.0402,0.0039006,0.041696,2.40886858357688,1.05719254283,1
"POLE",-2.42905382194682,-2.109050213899,2.82278408626545e-10,6.25891789336328e-09,9.54932233961065,9.54932233961065,-2.5406,5.2621e-06,0.00015964,5.27884090291783,-2.2197,5.2621e-06,0.00015964,5.27884090291783,1.02975056327,1
"POLE2",-2.58197653172818,-2.35159705961848,2.90518314313129e-07,3.71168218012488e-06,6.53682648442882,6.53682648442882,-2.0661,0.0002936,0.0046647,3.53224394875597,-1.835,0.0002936,0.0046647,3.53224394875597,0.807295566234,1
"POLE3",-2.28714477137295,-1.96991302096743,2.51495490944655e-09,4.62640357885005e-08,8.59946979699139,8.59946979699139,-2.1184,3.2645e-06,0.00010832,5.48618332705952,-1.8003,3.2645e-06,0.00010832,5.48618332705952,1.02336062192,1
"POLG",-1.01675265770784,-0.701589658000528,4.47176106294902e-06,4.82874402238105e-05,5.34952140991033,5.34952140991033,-0.96639,0.0032092,0.035292,2.49360321646954,-0.65035,0.0032092,0.035292,2.49360321646954,1.01857303525,1
"POLR1A",-4.00494903457098,-3.63262669751757,1.26602604012262e-10,3.05910944435697e-09,9.89755736148671,9.89755736148671,-3.4988,4.6161e-07,2.1678e-05,6.33572479149492,-3.1254,4.6161e-07,2.1678e-05,6.33572479149492,1.14533730473,1
"POLR1B",-3.30116291257938,-3.05439288591165,8.89989652134484e-11,2.24115576037502e-09,10.0506150428461,10.0506150428461,-2.9258,2.1129e-07,1.1249e-05,6.67512105688801,-2.6784,2.1129e-07,1.1249e-05,6.67512105688801,0.850625268501,1
"POLR1C",-3.75921598439697,-3.52078641408319,1.77276092453306e-07,2.35133792856352e-06,6.75134982963144,6.75134982963144,-3.98,1.0794e-12,1.2894e-09,11.9668175862708,-3.7409,1.0794e-12,1.2894e-09,11.9668175862708,0.828739266687,1
"POLR1E",-2.4180285422335,-2.10310924330466,1.32577126276447e-11,4.04783804236697e-10,10.8775313989239,10.8775313989239,-2.1726,7.1133e-05,0.0014074,4.14792887475539,-1.8568,7.1133e-05,0.0014074,4.14792887475539,1.01800800558,1
"POLR2A",-1.99541566689157,-1.67713904944722,4.97995542619161e-06,5.34129562630754e-05,5.30277454443821,5.30277454443821,-2.3248,0.00044697,0.0066585,3.34972162512687,-2.0056,0.00044697,0.0066585,3.34972162512687,1.02577267031,1
"POLR2B",-3.68468968374775,-3.35097708093333,6.92921257057138e-06,7.26085744853787e-05,5.15931611541502,5.15931611541502,-2.6377,1.5237e-05,0.00039143,4.81710053245174,-2.3031,1.5237e-05,0.00039143,4.81710053245174,1.06094423934,1
"POLR2C",-2.00432370015781,-1.68914344208403,7.42669825278378e-05,0.00067465058795369,4.12920422113801,4.12920422113801,-2.3065,0.0010552,0.013861,2.97666521746169,-1.9904,0.0010552,0.013861,2.97666521746169,1.01861304105,1
"POLR2D",-2.53998632748423,-2.2932163008165,1.86189003376089e-15,2.05701180435097e-13,14.7300459727323,14.7300459727323,-2.3065,3.9354e-06,0.00012706,5.40501111871432,-2.059,3.9354e-06,0.00012706,5.40501111871432,0.850625268501,1
"POLR2E",-1.79186094289376,-1.59748870533739,7.29028951181704e-06,7.62250018814874e-05,5.13725522464664,5.13725522464664,-1.4919,0.0031317,0.03474,2.50421984769482,-1.297,0.0031317,0.03474,2.50421984769482,0.707275421882,1
"POLR2G",-4.12048441906399,-3.78843633558412,2.9594744788007e-07,3.77851941972731e-06,6.52878540083956,6.52878540083956,-4.2053,1.0301e-09,1.9646e-07,8.98712061282871,-3.8724,1.0301e-09,1.9646e-07,8.98712061282871,1.05719254283,1
"POLR2H",-1.16548971900749,-0.948284439329275,2.41356617559071e-06,2.71355825376854e-05,5.61734078911797,5.61734078911797,-1.4977,0.0082607,0.07793,2.08298314962194,-1.2799,0.0082607,0.07793,2.08298314962194,0.771499871013,1
"POLR2I",-3.69907236440404,-3.38175572575907,7.72731827161913e-10,1.56453637844763e-08,9.11197119973099,9.11197119973099,-2.8179,1.3938e-06,5.3455e-05,5.85579953981612,-2.4997,1.3938e-06,5.3455e-05,5.85579953981612,1.02355673479,1
"POLR2L",-4.77004914138446,-4.54692862605164,3.00967400404412e-09,5.43190738803544e-08,8.52148054291515,8.52148054291515,-3.9495,2.5481e-12,2.1175e-09,11.5937835321467,-3.7258,2.5481e-12,2.1175e-09,11.5937835321467,0.787682155269,1
"POLR3A",-3.48243163703749,-3.15672995471129,1.72319307019869e-10,4.03125938197156e-09,9.76366606055289,9.76366606055289,-2.798,4.5284e-06,0.00014165,5.34405521827735,-2.4714,4.5284e-06,0.00014165,5.34405521827735,1.04279806325,1
"POLR3B",-2.88025197913794,-2.56024837109012,1.52181741693143e-12,6.30943520386342e-11,11.8176374497834,11.8176374497834,-2.435,6.4437e-06,0.00018947,5.19086468727477,-2.1141,6.4437e-06,0.00018947,5.19086468727477,1.02975056327,1
"POLR3C",-1.76231454058297,-1.3386753167165,7.12150332825051e-07,8.58217484948625e-06,6.14742831840703,6.14742831840703,-1.7876,0.0017419,0.021179,2.75897678084086,-1.3627,0.0017419,0.021179,2.75897678084086,1.25037007804,1
"POLR3D",-1.31024121501902,-1.09566544559151,3.95393617593003e-08,5.79536672780297e-07,7.4029703453069,7.4029703453069,-1.5133,0.0004269,0.0063945,3.36967384519605,-1.2981,0.0004269,0.0063945,3.36967384519605,0.764247638684,1
"POLR3F",-2.23364907367673,-1.91386143526759,2.3296379288462e-10,5.29445537860136e-09,9.63271157155897,9.63271157155897,-1.7172,0.0018109,0.021796,2.7421055312692,-1.3966,0.0018109,0.021796,2.7421055312692,1.02925370559,1
"POLR3H",-2.43944257174114,-2.23323716346965,2.11574371757659e-09,3.93750824479468e-08,8.67453694003151,8.67453694003151,-2.393,6.1352e-06,0.00018208,5.21217127523842,-2.1862,6.1352e-06,0.00018208,5.21217127523842,0.740916278882,1
"POLR3K",-3.13566854624482,-2.82048828817104,2.41590418144829e-15,2.5941110460686e-13,14.6169202945101,14.6169202945101,-2.6061,3.7833e-07,1.84e-05,6.42212921959048,-2.29,3.7833e-07,1.84e-05,6.42212921959048,1.01861304105,1
"POLRMT",-2.18156286076742,-1.93503047624831,2.27445810887739e-12,8.67698958781906e-11,11.6431220576254,11.6431220576254,-2.3042,0.00015205,0.0026492,3.81801357551985,-2.057,0.00015205,0.0026492,3.81801357551985,0.850006250543,1
"POM121L12",0.215356883984634,0.541570764744848,0.0865271803071357,0.26089193835152,-1.06284744856746,-1.06284744856746,0.34749,0.15681,0.46511,-0.804626245182587,0.67461,0.15681,0.46511,-0.804626245182587,1.04396513997,0
"POP1",-2.19641205575876,-1.87089634590091,5.04529072623158e-14,3.37170075700924e-12,13.2971138032308,13.2971138032308,-2.0342,5.2366e-07,2.4002e-05,6.28095059860708,-1.7077,5.2366e-07,2.4002e-05,6.28095059860708,1.04237407941,1
"POP4",-0.84859762137741,-0.531280982732441,0.0023533521499868,0.0157051744562492,2.62831308117377,2.62831308117377,-1.2622,0.12858,0.45798,0.890826578574528,-0.94398,0.12858,0.45798,0.890826578574528,1.02355673479,1
"POP5",-2.03210945954092,-1.7121058514931,2.96212181798662e-07,3.77937478686103e-06,6.52839708498041,6.52839708498041,-2.1169,0.00078195,0.010737,3.1068210160173,-1.796,0.00078195,0.010737,3.1068210160173,1.02975056327,1
"POP7",-1.51399379701531,-1.1877799162551,2.53265279731524e-09,4.65448008798906e-08,8.59642434378444,8.59642434378444,-1.5171,0.0010517,0.013825,2.97810812608089,-1.1899,0.0010517,0.013825,2.97810812608089,1.04396513997,1
"POTEA",-0.123741586617733,0.090834182809773,0.974547436157274,0.989877512210979,0.0111970167208544,-0.0111970167208544,0.057497,0.72473,0.85508,-0.139823760808407,0.27267,0.72473,0.85508,-0.139823760808407,0.764247638684,0
"POTED",-0.0261776146867359,0.195901107446566,0.676390771370749,0.839540539688641,0.16980232651797,-0.16980232651797,-0.02532,0.84881,0.92701,0.0711895125666164,0.19738,0.84881,0.92701,-0.0711895125666164,0.784845263169,0
"POTEG",-0.961721199819134,-0.731341727709432,0.0132299379071875,0.0661947128848364,1.87844219410646,1.87844219410646,-0.6212,0.11384,0.45798,0.943705112923772,-0.39017,0.11384,0.45798,0.943705112923772,0.807295566234,0
"POTEH",-0.45478096071043,-0.241417198119405,0.0631032673803439,0.210267215732307,1.19994815314071,1.19994815314071,-0.37249,0.27678,0.5386,0.55786529500809,-0.15853,0.27678,0.5386,0.55786529500809,0.760892590018,0
"POU3F4",0.65877827559871,0.885140178670035,0.000219555002223525,0.00183889340819379,-3.65845666371411,-3.65845666371411,0.658,0.10526,0.45798,-0.977736634318741,0.885,0.10526,0.45798,-0.977736634318741,0.796473220463,0
"POU4F2",-0.203256840774818,0.0208416870914923,0.505920523697154,0.727589087240309,0.295917702193279,-0.295917702193279,-0.07169,0.75591,0.87438,0.121529909300557,0.15303,0.75591,0.87438,-0.121529909300557,0.790340300119,0
"POU4F3",-0.0405671895262588,0.285605314954549,0.462620899771013,0.694040287074048,0.334774751050498,-0.334774751050498,0.11014,0.42595,0.65095,-0.370641377419659,0.43723,0.42595,0.65095,-0.370641377419659,1.04387089653,0
"POU5F2",0.345168262344668,0.671340766825475,0.251864832181964,0.503124220055798,-0.598832468689103,-0.598832468689103,0.28808,0.27177,0.53521,-0.565798485622438,0.61516,0.27177,0.53521,-0.565798485622438,1.04387089653,0
"PPAN",-3.20441471567352,-2.89871733905185,1.01473137172685e-10,2.51224879634912e-09,9.99364891264482,9.99364891264482,-3.2312,2.5391e-08,2.2892e-06,7.59532019452093,-2.9247,2.5391e-08,2.2892e-06,7.59532019452093,0.996462348026,1
"PPIL2",-3.28816534377578,-3.07480158118475,5.60666870540164e-15,5.2273297056752e-13,14.2512951053366,14.2512951053366,-2.9258,2.1222e-07,1.1267e-05,6.6732136898016,-2.7119,2.1222e-07,1.1267e-05,6.6732136898016,0.760892590018,1
"PPIL4",-2.61507679597754,-2.37664722566376,4.48258210228365e-13,2.16352504345827e-11,12.3484717472221,12.3484717472221,-2.4814,2.76e-07,1.3919e-05,6.55909091793478,-2.2423,2.76e-07,1.3919e-05,6.55909091793478,0.828739266687,1
"PPM1D",-0.780418814952208,-0.465829608749482,0.00504362632402804,0.030438447314225,2.29725709724254,2.29725709724254,-0.57066,0.066677,0.39007,1.17602394862741,-0.25519,0.066677,0.39007,1.17602394862741,1.0172423198,1
"PPP1CA",-0.535383110053308,-0.203335026573435,0.00793478511073099,0.0442560405703215,2.10046483028121,2.10046483028121,-0.47172,0.012953,0.1131,1.88762963447417,-0.13875,0.012953,0.1131,1.88762963447417,1.05719254283,1
"PPP1R10",-1.298955479809,-1.06052590949522,2.9299141233023e-14,2.10524243002544e-12,13.5331451087662,13.5331451087662,-1.3511,0.00099149,0.013151,3.00371166165709,-1.112,0.00099149,0.013151,3.00371166165709,0.828739266687,1
"PPP1R15B",-1.25490616793398,-0.835581363855633,7.09738198044223e-05,0.000646887276071494,4.14890182045323,4.14890182045323,-0.97108,0.0022649,0.026348,2.64495096822374,-0.55059,0.0022649,0.026348,2.64495096822374,1.24182809129,1
"PPP1R35",-0.928890633953955,-0.602676753193741,0.00127869281678383,0.00916029078230485,2.89323377451969,2.89323377451969,-0.87138,0.029807,0.21514,1.52568173242123,-0.54425,0.029807,0.21514,1.52568173242123,1.04396513997,1
"PPP1R7",-2.09514269250084,-1.86148522073557,2.61604637365941e-07,3.38069603378988e-06,6.58235456170638,6.58235456170638,-1.5098,0.047817,0.30855,1.32041767465094,-1.2755,0.047817,0.30855,1.32041767465094,0.816065944226,1
"PPP1R8",-2.42273599461134,-2.10444636076432,1.10732565792412e-09,2.16847492826883e-08,8.95572463689876,8.95572463689876,-2.2301,3.9844e-06,0.00012821,5.3996370685735,-1.911,3.9844e-06,0.00012821,5.3996370685735,1.02580269292,1
"PPP2CA",-2.80772164125323,-2.48154913677242,1.41127373529798e-09,2.7082002914408e-08,8.85038874088823,8.85038874088823,-2.3457,4.8125e-05,0.001013,4.31762925748344,-2.0186,4.8125e-05,0.001013,4.31762925748344,1.04387089653,1
"PPP2R1A",-2.8651098776027,-2.54779323895773,3.32387253979069e-13,1.68512402793155e-11,12.4783556384159,12.4783556384159,-2.4583,2.5943e-07,1.3188e-05,6.58597980434634,-2.1401,2.5943e-07,1.3188e-05,6.58597980434634,1.02355673479,1
"PPP3R1",-0.300544949267124,0.0717773877862902,0.0756895283558791,0.23793650583321,1.12096420097332,-1.12096420097332,-0.24185,0.18926,0.47834,0.722941164244893,0.13151,0.18926,0.47834,-0.722941164244893,1.14533730473,1
"PPP3R2",-0.318279460083503,-0.00104770967798024,0.329903325975474,0.582225249347799,0.48161330602024,0.48161330602024,-0.15274,0.34414,0.58989,0.463264845630564,0.16537,0.34414,0.58989,-0.463264845630564,1.02336062192,0
"PPP4C",-3.2952313512195,-2.98005109314572,9.99384604782259e-10,1.97326838338877e-08,9.00026734501712,9.00026734501712,-3.5962,8.6316e-10,1.781e-07,9.06390869365159,-3.2801,8.6316e-10,1.781e-07,9.06390869365159,1.01861304105,1
"PPP6C",-2.19301855328031,-1.90040123194365,1.70256643665537e-08,2.66294208705352e-07,7.76889593227282,7.76889593227282,-3.0048,3.6635e-05,0.00080949,4.43610380412498,-2.7114,3.6635e-05,0.00080949,4.43610380412498,0.965340111692,1
"PPRC1",-0.810739147029019,-0.485037464702821,0.000890752950347534,0.00660914600005886,3.05024273050652,3.05024273050652,-1.077,0.017813,0.14568,1.74926293209621,-0.75044,0.017813,0.14568,1.74926293209621,1.04279806325,1
"PPWD1",-2.31555358934196,-1.98938108486115,3.46680327842159e-12,1.23011247215621e-10,11.4600708014125,11.4600708014125,-2.0181,4.7075e-06,0.00014606,5.3272096713113,-1.691,4.7075e-06,0.00014606,5.3272096713113,1.04387089653,1
"PRAMEF1",-1.23446681268019,-0.916177178833166,3.45971867678004e-07,4.37200087225835e-06,6.46095921394979,6.46095921394979,-1.1138,0.0027238,0.030878,2.56482478445572,-0.79461,0.0027238,0.030878,2.56482478445572,1.02580269292,0
"PRAMEF19",0.348329408876862,0.666619042723887,0.266392588375846,0.518763853311573,-0.574477862355525,-0.574477862355525,0.28932,0.24181,0.51291,-0.616525742949949,0.6085,0.24181,0.51291,-0.616525742949949,1.02580269292,0
"PRAMEF2",0.0431717047519683,0.361461338598993,0.71052909727637,0.85848300374507,-0.148418132334943,-0.148418132334943,-0.028316,0.8849,0.94551,0.0531058048976732,0.29086,0.8849,0.94551,-0.0531058048976732,1.02580269292,0
"PRAMEF4",0.00254642856874875,0.320836062415773,0.724154298513685,0.866401321282758,-0.140168887044014,-0.140168887044014,-0.00027406,0.99817,0.99879,0.000795486994686988,0.31891,0.99817,0.99879,-0.000795486994686988,1.02580269292,0
"PRAMEF7",-0.0615205440337082,0.256769089813316,0.507954996393005,0.728975900062031,0.294174763471928,-0.294174763471928,-0.059476,0.79881,0.89932,0.0975565069990878,0.2597,0.79881,0.89932,-0.0975565069990878,1.02580269292,0
"PRB1",-0.861809868919999,-0.541806260872183,0.000209490348021317,0.00176231911167757,3.67883598175566,3.67883598175566,-0.70041,0.03478,0.24111,1.45867042233331,-0.37951,0.03478,0.24111,1.45867042233331,1.02975056327,0
"PRB4",-0.417804063901419,-0.0978004558536033,0.0248162735839643,0.10709267035681,1.60526343167783,1.60526343167783,-0.42095,0.13299,0.45873,0.876181013981003,-0.10006,0.13299,0.45873,0.876181013981003,1.02975056327,0
"PRC1",-3.54435444433798,-3.22919144463067,6.99777179446444e-13,3.23846034643096e-11,12.155040224474,12.155040224474,-2.9259,6.4342e-08,4.3504e-06,7.19150544365997,-2.6099,6.4342e-08,4.3504e-06,7.19150544365997,1.01857303525,1
"PRDM13",0.443280755981863,0.681710326295644,0.0106452343215138,0.0558528443865443,-1.97284477448678,-1.97284477448678,0.50645,0.12489,0.45798,-0.90347233439356,0.74555,0.12489,0.45798,-0.90347233439356,0.828739266687,0
"PRDM14",0.490971261139587,0.81648697099744,0.120551165473812,0.320190998568783,-0.918828586560701,-0.918828586560701,0.38422,0.10081,0.45798,-0.996496385257464,0.71065,0.10081,0.45798,-0.996496385257464,1.04237407941,0
"PRDM7",0.17980280993868,0.494983068012461,0.670007439072687,0.835782024735431,-0.173920375313677,-0.173920375313677,0.16739,0.45214,0.67035,-0.34472707002647,0.48345,0.45214,0.67035,-0.34472707002647,1.01861304105,0
"PRDM9",0.067716141068845,0.393888645549652,0.628396294871748,0.809499115985962,-0.201766384296447,-0.201766384296447,0.1171,0.53844,0.73102,-0.268862684419301,0.44419,0.53844,0.73102,-0.268862684419301,1.04387089653,0
"PREB",-2.50747144404259,-2.14097678560212,8.21383430395044e-08,1.14508399016342e-06,7.08545406233041,7.08545406233041,-2.224,6.156e-05,0.0012411,4.21070138884056,-1.8565,6.156e-05,0.0012411,4.21070138884056,1.13291122865,1
"PRG3",0.178066570445571,0.510114653925444,0.612873640338665,0.798817095457781,-0.21262905722783,-0.21262905722783,0.16044,0.62297,0.78874,-0.205532866901285,0.49341,0.62297,0.78874,-0.205532866901285,1.05719254283,0
"PRIM1",-2.46452628392174,-2.14452267587392,3.00373551396504e-17,6.67562754400161e-15,16.5223383106434,16.5223383106434,-2.1872,7.6079e-06,0.00021735,5.1187352045004,-1.8663,7.6079e-06,0.00021735,5.1187352045004,1.02975056327,1
"PRKAR1A",-0.677477883495889,-0.362888677293163,0.037469061631197,0.146103198581858,1.42632718316711,1.42632718316711,-0.52754,0.037751,0.25659,1.42307153969758,-0.21207,0.037751,0.25659,1.42307153969758,1.0172423198,1
"PRKDC",-1.62909945180037,-1.30358374194252,6.87515412562676e-15,6.25737241919544e-13,14.1627175614746,14.1627175614746,-1.5546,1.9086e-05,0.00047313,4.71928508050899,-1.2282,1.9086e-05,0.00047313,4.71928508050899,1.04237407941,1
"PRKRA",-0.831553467366727,-0.583232828967361,3.35920372279446e-05,0.000322797691069736,4.47376365706856,4.47376365706856,-0.79332,0.045313,0.29598,1.3437771838964,-0.5443,0.045313,0.29598,1.3437771838964,0.85465784459,1
"PRKRIP1",-1.81263693437877,-1.48642305361856,4.85992842922318e-11,1.30827904320764e-09,10.3133701264213,10.3133701264213,-1.7996,0.00091552,0.012314,3.03833216387483,-1.4724,0.00091552,0.012314,3.03833216387483,1.04396513997,1
"PRLH",0.340414321573844,0.58873495997321,0.216307629417934,0.46100442919993,-0.66492816222677,-0.66492816222677,0.30566,0.2337,0.50798,-0.631341287607773,0.55467,0.2337,0.50798,-0.631341287607773,0.85465784459,0
"PRLHR",0.162201183063323,0.487902865389521,0.0856492347953274,0.259144186266122,-1.0672765127411,-1.0672765127411,0.41325,0.11244,0.45798,-0.949079163064597,0.73986,0.11244,0.45798,-0.949079163064597,1.04279806325,0
"PRMT1",-3.16346674282165,-2.84615010417668,1.75083681285214e-16,2.78157968078142e-14,15.7567543305473,15.7567543305473,-3.1219,1.3738e-12,1.3328e-09,11.8620764879596,-2.8037,1.3738e-12,1.3328e-09,11.8620764879596,1.02355673479,1
"PRMT5",-3.31508649053691,-3.08470701842721,1.78104182227748e-22,2.83675436243246e-19,21.7493258823497,21.7493258823497,-3.134,1.0775e-09,2.0021e-07,8.96758272116723,-2.903,1.0775e-09,2.0021e-07,8.96758272116723,0.807295566234,1
"PROP1",0.576800536500086,0.902973040980893,0.00784012434215183,0.0438281066251968,-2.10567704947345,-2.10567704947345,0.35997,0.21476,0.49529,-0.6680466047088,0.68705,0.21476,0.49529,-0.6680466047088,1.04387089653,0
"PRPF18",-0.444353566401128,-0.226242016046636,0.04417870655818,0.164887252186388,1.35478700333258,1.35478700333258,-0.33804,0.49706,0.7026,0.303591184513865,-0.11932,0.49706,0.7026,0.303591184513865,0.773990956641,1
"PRPF19",-4.53468461886597,-4.2026365353861,9.45774483857014e-07,1.12346722871095e-05,6.02421240703616,6.02421240703616,-4.9352,3.807e-11,1.7325e-08,10.4194171231856,-4.6023,3.807e-11,1.7325e-08,10.4194171231856,1.05719254283,1
"PRPF3",-1.81564607299816,-1.3920068491317,5.9661094148631e-17,1.1635739719008e-14,16.224308786201,16.224308786201,-1.8937,1.4731e-06,5.5824e-05,5.83176777048658,-1.4689,1.4731e-06,5.5824e-05,5.83176777048658,1.25037007804,1
"PRPF31",-1.48694858712629,-1.16963194848132,3.21507048117819e-10,6.99487401821845e-09,9.49280950197732,9.49280950197732,-1.6885,0.0005577,0.0080509,3.25359935550844,-1.3703,0.0005577,0.0080509,3.25359935550844,1.02355673479,1
"PRPF38B",-1.21019251131609,-0.878385086052867,3.67445087964761e-07,4.61734251562819e-06,6.4348075539288,6.4348075539288,-1.5668,0.0082101,0.077529,2.08565155308961,-1.2341,0.0082101,0.077529,2.08565155308961,1.05664930986,1
"PRPF39",-0.521525012715094,-0.291145540605392,0.00606219147721639,0.0353683350744923,2.21737035035289,2.21737035035289,-0.40101,0.019087,0.15315,1.71926232649532,-0.16999,0.019087,0.15315,1.71926232649532,0.807295566234,1
"PRPF4",-1.19800278569655,-0.880771035291027,1.72582830417639e-05,0.00017206967333189,4.76300241270992,4.76300241270992,-1.7362,0.0058727,0.058945,2.23116218401526,-1.4181,0.0058727,0.058945,2.23116218401526,1.02336062192,1
"PRPF40A",-3.4334300247846,-3.1785431346497,3.42313606772859e-10,7.39281352118605e-09,9.46557583755823,9.46557583755823,-2.6316,4.3045e-06,0.0001366,5.36607728784612,-2.376,4.3045e-06,0.0001366,5.36607728784612,0.871610435975,1
"PRPF4B",-1.64012224369999,-1.36240588289142,1.67619794635344e-10,3.92612393978595e-09,9.77567469576971,9.77567469576971,-1.604,0.00038524,0.0058437,3.41426862581184,-1.3255,0.00038524,0.0058437,3.41426862581184,0.929047400627,1
"PRPF6",-1.37173781474215,-0.971841448548905,0.000131138207892389,0.00114084868795959,3.88227075560747,3.88227075560747,-1.2828,0.056228,0.34802,1.25004736383919,-0.8818,0.056228,0.34802,1.25004736383919,1.20272299885,1
"PRPF8",-3.15322898702879,-2.83495236958444,6.57236095288025e-13,3.06384231444879e-11,12.1822785932072,12.1822785932072,-3.0504,9.1964e-09,9.987e-07,8.03638214723152,-2.7312,9.1964e-09,9.987e-07,8.03638214723152,1.02577267031,1
"PRR27",0.384320722528194,0.615154632056064,0.0379429448693758,0.147549034646669,-1.42086896520046,-1.42086896520046,0.34931,0.16438,0.46835,-0.784151023888546,0.58079,0.16438,0.46835,-0.784151023888546,0.808514614036,0
"PRSS33",0.125745275646639,0.44092553372042,0.733763455160268,0.871623425635687,-0.134443921930659,-0.134443921930659,0.17202,0.14727,0.46234,-0.831885713180468,0.48808,0.14727,0.46234,-0.831885713180468,1.01861304105,1
"PRSS37",0.282263603797461,0.629395557358014,0.0248932790593687,0.1073280493259,-1.60391789231899,-1.60391789231899,0.38273,0.09127,0.45424,-1.03967194946986,0.73084,0.09127,0.45424,-1.03967194946986,1.09083922719,0
"PRSS38",0.295911706629802,0.725461736258081,0.766073167414709,0.888037145123565,-0.115729749052844,-0.115729749052844,0.14789,0.70659,0.84275,-0.150832513201132,0.57864,0.70659,0.84275,-0.150832513201132,1.26199119289,0
"PRSS41",-0.185320509830932,0.129859748242849,0.879409608434917,0.945922553019166,0.055808793586147,-0.055808793586147,-0.005694,0.97844,0.99077,0.00946580104108828,0.31037,0.97844,0.99077,-0.00946580104108828,1.01861304105,0
"PRSS55",0.255460194405171,0.470035963832677,0.644673691656463,0.81946274503192,-0.190660052453009,-0.190660052453009,-0.016289,0.94585,0.97499,0.0241777318197068,0.19889,0.94585,0.97499,-0.0241777318197068,0.764247638684,0
"PRSS58",-0.105175186133409,0.241956767427144,0.981335027973994,0.992514084064537,0.00818269908227304,-0.00818269908227304,-0.045555,0.75039,0.87134,0.124712962173977,0.30255,0.75039,0.87134,-0.124712962173977,1.09083922719,0
"PSKH2",-0.0101991287038779,0.315316581153975,0.69820613168406,0.850540432225399,0.156016341507433,-0.156016341507433,-0.029514,0.88033,0.94299,0.0553544979478165,0.29691,0.88033,0.94299,-0.0553544979478165,1.04237407941,0
"PSMA1",-3.04686487096292,-2.8237443556301,5.4324529892717e-05,0.000504766523986145,4.26500402323813,4.26500402323813,-2.3654,9.0853e-06,0.00025387,5.04166072755314,-2.1416,9.0853e-06,0.00025387,5.04166072755314,0.787682155269,1
"PSMA2",-2.95333483895311,-2.63011490602699,1.10272562908905e-07,1.50545678205565e-06,6.9575325316172,6.9575325316172,-2.4437,7.0214e-06,0.00020364,5.15357628507038,-2.1196,7.0214e-06,0.00020364,5.15357628507038,1.03712983103,1
"PSMA3",-1.92554828949066,-1.69516881738096,2.74513129733768e-05,0.0002663334745483,4.5614368787747,4.5614368787747,-1.7186,0.015829,0.13246,1.80054652090517,-1.4876,0.015829,0.13246,1.80054652090517,0.807295566234,1
"PSMA4",-3.08093257598723,-2.76576957627992,3.81096824624494e-15,3.79369979637915e-13,14.4189646698419,14.4189646698419,-2.8493,7.6236e-08,4.8248e-06,7.11783989861711,-2.5332,7.6236e-08,4.8248e-06,7.11783989861711,1.01857303525,1
"PSMA5",-3.56767604894838,-3.23586862368516,7.03974457388003e-19,2.63824780471704e-16,18.152443098268,18.152443098268,-3.4299,6.6492e-15,1.8155e-11,14.1772306037925,-3.0972,6.6492e-15,1.8155e-11,14.1772306037925,1.05664930986,1
"PSMA7",-2.62535521776727,-2.22545885157403,1.35930306261488e-09,2.61635039635028e-08,8.86668370460101,8.86668370460101,-2.9247,8.3576e-07,3.509e-05,6.07791841830245,-2.5237,8.3576e-07,3.509e-05,6.07791841830245,1.20272299885,1
"PSMB1",-3.47901724997631,-3.24058767966253,4.11512697408083e-15,4.01287866610239e-13,14.3856167598948,14.3856167598948,-3.2774,9.1995e-11,3.0847e-08,10.0362357762568,-3.0383,9.1995e-11,3.0847e-08,10.0362357762568,0.828739266687,1
"PSMB2",-2.987483869609,-2.66919423576198,2.63835745963078e-11,7.53765711897207e-10,10.578666364124,10.578666364124,-2.592,1.1323e-05,0.0003061,4.9460384926855,-2.2728,1.1323e-05,0.0003061,4.9460384926855,1.02580269292,1
"PSMB3",-2.62703157401781,-2.30875495657346,3.83183985225166e-22,5.63368885354507e-19,21.4165926500989,21.4165926500989,-2.5346,4.7077e-08,3.5148e-06,7.32719122053035,-2.2154,4.7077e-08,3.5148e-06,7.32719122053035,1.02577267031,1
"PSMB4",-3.24123909052181,-2.81759986665534,3.76264198037968e-20,1.94365881543235e-17,19.4245071033231,19.4245071033231,-2.9054,3.1978e-09,4.4783e-07,8.49514870181947,-2.4806,3.1978e-09,4.4783e-07,8.49514870181947,1.25037007804,1
"PSMB5",-1.91886246689826,-1.68848299478856,3.82500497170521e-13,1.90383645896359e-11,12.4173679960181,12.4173679960181,-2.1751,9.4574e-05,0.0017687,4.0242282421238,-1.9441,9.4574e-05,0.0017687,4.0242282421238,0.807295566234,1
"PSMB6",-1.81170166677441,-1.49342504933006,1.38860098157881e-06,1.60558563586907e-05,5.85742253208385,5.85742253208385,-1.3406,0.0094899,0.087708,2.02273836393488,-1.0214,0.0094899,0.087708,2.02273836393488,1.02577267031,1
"PSMB7",-4.14673664870446,-3.8541193273678,1.59953485877586e-10,3.78522141448634e-09,9.7960062908665,9.7960062908665,-3.9009,1.3387e-11,8.254e-09,10.8733167366117,-3.6075,1.3387e-11,8.254e-09,10.8733167366117,0.965340111692,1
"PSMC2",-1.98170483337827,-1.65549095261806,3.2169174185183e-10,6.99487401821845e-09,9.49256008772786,9.49256008772786,-1.9291,3.8878e-05,0.00084922,4.4102960845715,-1.602,3.8878e-05,0.00084922,4.4102960845715,1.04396513997,1
"PSMC3",-3.26145506983858,-2.92940698635871,2.95148775684393e-09,5.33697119172735e-08,8.52995901394919,8.52995901394919,-2.7787,9.3899e-07,3.8794e-05,6.02733903283287,-2.4458,9.3899e-07,3.8794e-05,6.02733903283287,1.05719254283,1
"PSMC4",-2.12997676649673,-1.81266012785176,4.34958863244492e-09,7.6129750487106e-08,8.36155181502402,8.36155181502402,-2.2999,0.00018091,0.0030437,3.74253742636967,-1.9817,0.00018091,0.0030437,3.74253742636967,1.02355673479,1
"PSMC5",-2.60172444065051,-2.28713523444778,1.79282012870303e-09,3.38598528852778e-08,8.74646328044913,8.74646328044913,-2.4323,2.0812e-06,7.4153e-05,5.681686182776,-2.1168,2.0812e-06,7.4153e-05,5.681686182776,1.0172423198,1
"PSMC6",-4.24828245790963,-4.01790298579993,2.00539679488013e-09,3.75407923021978e-08,8.69779968350401,8.69779968350401,-3.4911,6.2567e-07,2.7813e-05,6.20365466833526,-3.26,6.2567e-07,2.7813e-05,6.20365466833526,0.807295566234,1
"PSMD1",-2.06031650360197,-1.8119958652026,5.04803075977975e-08,7.28926034182863e-07,7.29687800741648,7.29687800741648,-1.7496,0.00021016,0.0034688,3.67744994022199,-1.5006,0.00021016,0.0034688,3.67744994022199,0.85465784459,1
"PSMD11",-2.14902435415843,-1.83074773671408,7.24396274661859e-12,2.3747302321697e-10,11.1400237917897,11.1400237917897,-1.9594,0.00010596,0.0019529,3.97485805037481,-1.6402,0.00010596,0.0019529,3.97485805037481,1.02577267031,1
"PSMD12",-1.55803260912897,-1.24344340292624,5.15120341492266e-09,8.87781342375264e-08,8.28809130000601,8.28809130000601,-1.592,0.0016247,0.019931,2.78922681952983,-1.2766,0.0016247,0.019931,2.78922681952983,1.0172423198,1
"PSMD13",-1.28186014944213,-1.05873963410931,1.21697281545243e-05,0.000123526295388965,4.9147191228635,4.9147191228635,-1.93,0.0033829,0.036884,2.47071083995665,-1.7063,0.0033829,0.036884,2.47071083995665,0.787682155269,1
"PSMD14",-2.57200532569383,-2.31711843555893,4.66960233542128e-22,6.37500781692193e-19,21.3307201024929,21.3307201024929,-2.6088,5.598e-09,6.7719e-07,8.25196710586986,-2.3532,5.598e-09,6.7719e-07,8.25196710586986,0.871610435975,1
"PSMD2",-1.15246209594401,-0.935256816265795,5.31772826879202e-06,5.68125994418233e-05,5.27427385850112,5.27427385850112,-2.0491,0.0026625,0.030309,2.57471038355321,-1.8313,0.0026625,0.030309,2.57471038355321,0.771499871013,1
"PSMD3",-2.37705253348628,-2.05877591604193,1.60592796636946e-14,1.26313173749875e-12,13.7942739388269,13.7942739388269,-2.3645,4.3332e-07,2.045e-05,6.36319126552555,-2.0453,4.3332e-07,2.045e-05,6.36319126552555,1.02577267031,1
"PSMD4",-2.81394745510201,-2.39030823123555,1.62854717147435e-10,3.83802985060287e-09,9.78819965741577,9.78819965741577,-2.9284,2.8298e-08,2.4473e-06,7.54824425774982,-2.5036,2.8298e-08,2.4473e-06,7.54824425774982,1.25037007804,1
"PSMD6",-1.96004035076601,-1.63437817390248,7.11419387947542e-15,6.38373650790675e-13,14.1478743033843,14.1478743033843,-1.8849,7.5543e-05,0.0014794,4.12180577225439,-1.5584,7.5543e-05,0.0014794,4.12180577225439,1.04270800831,1
"PSMD7",-3.05085931217928,-2.7356790541055,2.83790256852222e-13,1.46300291718537e-11,12.5470025189136,12.5470025189136,-2.7218,2.3821e-07,1.2405e-05,6.62304001088993,-2.4057,2.3821e-07,1.2405e-05,6.62304001088993,1.01861304105,1
"PSMD8",-1.82360070803922,-1.50628406939425,6.63047616991279e-06,6.9707530822631e-05,5.17845528146857,5.17845528146857,-1.6604,0.0038117,0.040837,2.41888128785313,-1.3422,0.0038117,0.040837,2.41888128785313,1.02355673479,1
"PSMG1",-2.29950628945583,-2.07742756732253,1.45344241831289e-16,2.43374327468774e-14,15.8376021691941,15.8376021691941,-2.0826,1.152e-05,0.00030969,4.93854752091281,-1.8599,1.152e-05,0.00030969,4.93854752091281,0.784845263169,1
"PSMG2",-2.38898957782173,-2.16348993136079,2.6876199491767e-12,1.0048044052389e-10,11.5706321439682,11.5706321439682,-2.0902,6.4741e-05,0.0012957,4.18882059669854,-1.8641,6.4741e-05,0.0012957,4.18882059669854,0.794139893033,1
"PSMG3",-2.89820989514794,-2.57498996222182,7.82523279653377e-13,3.56953876945465e-11,12.1065027335584,12.1065027335584,-3.1083,4.9308e-08,3.6387e-06,7.3070826126905,-2.7842,4.9308e-08,3.6387e-06,7.3070826126905,1.03712983103,1
"PSTK",-0.981694866624301,-0.655993184298103,1.41398989351114e-11,4.28977600550452e-10,10.8495536946466,10.8495536946466,-1.1441,0.00053298,0.0077584,3.27328908750739,-0.81745,0.00053298,0.0077584,3.27328908750739,1.04279806325,1
"PTCD3",-2.40865652706362,-2.03633419001021,2.05158164654627e-20,1.30706266701463e-17,19.6879111947883,19.6879111947883,-2.4345,7.0542e-09,8.1714e-07,8.15155223141859,-2.0612,7.0542e-09,8.1714e-07,8.15155223141859,1.14533730473,1
"PTF1A",0.690345251150815,0.908456801505307,0.00425014102758176,0.0262804741055226,-2.37159665901218,-2.37159665901218,0.78906,0.15929,0.46626,-0.797811487733948,1.0078,0.15929,0.46626,-0.797811487733948,0.773990956641,0
"PTK2",-1.04933589222131,-0.747367997185563,1.60417860664932e-08,2.52975789677298e-07,7.79474727971524,7.79474727971524,-1.0233,0.0012331,0.015849,2.9090017022468,-0.72049,0.0012331,0.015849,2.9090017022468,0.987656758422,1
"PTPMT1",-2.60597738294561,-2.27392929946574,1.26913610954017e-13,7.44079707412306e-12,12.8964917991406,12.8964917991406,-2.4877,1.4725e-06,5.5824e-05,5.83194469654086,-2.1548,1.4725e-06,5.5824e-05,5.83194469654086,1.05719254283,1
"PTPN11",-1.11911991880386,-0.799116310756044,0.000221780442245107,0.00185671905064859,3.65407675484841,3.65407675484841,-0.88163,0.042445,0.28224,1.37217346208207,-0.56074,0.042445,0.28224,1.37217346208207,1.02975056327,1
"PTPN23",-1.14228327730061,-0.816621100437084,3.91015317290683e-07,4.89742841374628e-06,6.40780622960023,6.40780622960023,-1.332,0.0077691,0.074239,2.10962928849283,-1.0055,0.0077691,0.074239,2.10962928849283,1.04270800831,1
"PUF60",-2.93747931008361,-2.63551141504786,3.5866002445339e-14,2.50185001729111e-12,13.4453170262423,13.4453170262423,-2.5354,2.6908e-07,1.3642e-05,6.57011858098924,-2.2326,2.6908e-07,1.3642e-05,6.57011858098924,0.987656758422,1
"QARS",-3.95344907578664,-3.62778689892311,6.05335958263033e-05,0.000556775080379276,4.21800352729118,4.21800352729118,-2.8512,5.2782e-06,0.00015988,5.27751415764557,-2.5246,5.2782e-06,0.00015988,5.27751415764557,1.04270800831,1
"QRICH1",0.220693587835852,0.546355764699378,0.415018902752579,0.655089422656989,-0.381932122145304,-0.381932122145304,0.22256,0.37314,0.61067,-0.428128192802833,0.54913,0.37314,0.61067,-0.428128192802833,1.04270800831,1
"QRSL1",-2.68495518010256,-2.44652560978878,2.07570417978768e-11,6.06619785753545e-10,10.6828345401493,10.6828345401493,-2.1782,2.5548e-06,8.7822e-05,5.59264309251405,-1.9391,2.5548e-06,8.7822e-05,5.59264309251405,0.828739266687,1
"RABGGTA",-1.99475800416286,-1.76437853205316,6.44563944468326e-11,1.69131230014897e-09,10.1907339916509,10.1907339916509,-1.9437,0.00010497,0.0019385,3.97893480279743,-1.7126,0.00010497,0.0019385,3.97893480279743,0.807295566234,1
"RABGGTB",-3.81796270136206,-3.49967306751504,2.104319920527e-11,6.13107723186471e-10,10.6768882335499,10.6768882335499,-3.4272,1.5429e-07,8.6479e-06,6.81166222095925,-3.108,1.5429e-07,8.6479e-06,6.81166222095925,1.02580269292,1
"RAC1",-2.36545479115082,-2.0422348582247,3.1434760049849e-14,2.21702054919839e-12,13.5025898503901,13.5025898503901,-2.1016,3.5709e-06,0.00011707,5.4472223116824,-1.7775,3.5709e-06,0.00011707,5.4472223116824,1.03712983103,1
"RACGAP1",-1.30511584621649,-0.985112238168674,1.8416200653163e-06,2.10268126095522e-05,5.73479996184598,5.73479996184598,-1.1272,0.0011557,0.015006,2.93715488672295,-0.80626,0.0011557,0.015006,2.93715488672295,1.02975056327,1
"RAD21",-1.75495692812066,-1.42944121826281,1.29108669837898e-08,2.07889975283213e-07,7.88904459323835,7.88904459323835,-1.5838,0.0034918,0.037941,2.45695063936047,-1.2574,0.0034918,0.037941,2.45695063936047,1.04237407941,1
"RAD51",-2.63544925757234,-2.32028625786503,2.76539817879186e-17,6.36807896280106e-15,16.558242327505,16.558242327505,-2.7069,1.3314e-05,0.00034779,4.87569144738435,-2.3908,1.3314e-05,0.00034779,4.87569144738435,1.01857303525,1
"RAD51C",-2.2613175808332,-1.94672837463047,2.82034929526017e-08,4.23784088681664e-07,7.54969710174803,7.54969710174803,-2.8544,7.1951e-07,3.1184e-05,6.14296316570981,-2.5389,7.1951e-07,3.1184e-05,6.14296316570981,1.0172423198,1
"RAD51D",-1.42695979165693,-1.10868317421258,6.23778900080223e-08,8.87074859913192e-07,7.20496931975795,7.20496931975795,-1.4137,0.0013586,0.01722,2.86690838974529,-1.0945,0.0013586,0.01722,2.86690838974529,1.02577267031,1
"RAD9A",-2.41653046894789,-2.08448238546802,5.35372998736761e-08,7.71106565550544e-07,7.27134353601673,7.27134353601673,-2.0622,9.7715e-07,4.0071e-05,6.01003876363848,-1.7292,9.7715e-07,4.0071e-05,6.01003876363848,1.05719254283,1
"RAE1",-3.24929133708748,-2.82750973360119,3.21326188325229e-12,1.16537143025808e-10,11.4930538776802,11.4930538776802,-2.9402,5.4978e-08,3.9209e-06,7.25981106305134,-2.5172,5.4978e-08,3.9209e-06,7.25981106305134,1.24669843105,1
"RAF1",-0.589471410516283,-0.263809233652757,0.0295100514049231,0.12195148378428,1.53003003398174,1.53003003398174,-0.48478,0.027653,0.20297,1.55825774635675,-0.15821,0.027653,0.20297,1.55825774635675,1.04270800831,1
"RAN",-3.57180067072071,-3.25179706267289,1.08237589692812e-06,1.26937157841656e-05,5.96562188746334,5.96562188746334,-3.0893,1.2967e-06,5.0183e-05,5.88716048915489,-2.7684,1.2967e-06,5.0183e-05,5.88716048915489,1.02975056327,1
"RANBP2",-0.800292266070718,-0.553522239402992,0.00260031796926428,0.0171142828328334,2.58497354285475,2.58497354285475,-0.74153,0.079117,0.43106,1.10173018890515,-0.49407,0.079117,0.43106,1.10173018890515,0.850625268501,1
"RANGAP1",-2.33041906232426,-2.12421365405277,1.13477923004976e-14,9.38919282421692e-13,13.9450886217283,13.9450886217283,-2.0624,9.6738e-06,0.0002668,5.0144028956321,-1.8556,9.6738e-06,0.0002668,5.0144028956321,0.740916278882,1
"RARS",-1.11248038461084,-0.786307880130033,0.0539955503500683,0.189187342592274,1.26764202791841,1.26764202791841,-0.81765,0.2253,0.50154,0.647238808276169,-0.49056,0.2253,0.50154,0.647238808276169,1.04387089653,1
"RARS2",-2.10800171437589,-1.86957214406211,8.88253032121181e-13,3.96663088853555e-11,12.0514633013379,12.0514633013379,-2.2814,5.2371e-06,0.00015914,5.28090913336726,-2.0423,5.2371e-06,0.00015914,5.28090913336726,0.828739266687,1
"RAX",-0.0471693792025874,0.17833026725835,0.157017726110112,0.379931611487856,0.804051316270713,-0.804051316270713,-0.22191,0.22657,0.50288,0.644797595341947,0.0042213,0.22657,0.50288,-0.644797595341947,0.794139893033,0
"RAX2",0.359759240326798,0.665456616948465,0.0984709133483987,0.282976179044947,-1.00669203384523,-1.00669203384523,0.38132,0.092706,0.4555,-1.03289215708996,0.68787,0.092706,0.4555,-1.03289215708996,0.996462348026,0
"RBBP4",-2.84358330753852,-2.5252936736915,1.21999421232824e-12,5.2048547723727e-11,11.9136422296202,11.9136422296202,-2.8764,4.7401e-07,2.2151e-05,6.32421249609172,-2.5572,4.7401e-07,2.2151e-05,6.32421249609172,1.02580269292,1
"RBBP5",-2.9022237577971,-2.48289895371875,6.86429237405413e-11,1.78742806737461e-09,10.163404226655,10.163404226655,-2.9209,6.477e-08,4.359e-06,7.18862610294611,-2.5004,6.477e-08,4.359e-06,7.18862610294611,1.24182809129,1
"RBBP6",-2.42828142771029,-2.11310116963651,3.99499939086809e-08,5.84658678083169e-07,7.39848328256842,7.39848328256842,-2.152,4.5964e-06,0.00014355,5.33758218402342,-1.8359,4.5964e-06,0.00014355,5.33758218402342,1.01861304105,1
"RBBP8",-1.45170689340935,-1.22620724694841,3.4665969242472e-11,9.63038764725824e-10,10.4600966526476,10.4600966526476,-1.5376,0.00030474,0.0047898,3.51607053678776,-1.3114,0.00030474,0.0047898,3.51607053678776,0.794139893033,1
"RBM12",-0.219311024356172,0.202470579130122,0.366509134891619,0.616399055523479,0.435915196511031,-0.435915196511031,-0.13679,0.3565,0.59796,0.447940465812116,0.28617,0.3565,0.59796,-0.447940465812116,1.24669843105,1
"RBM14",-0.449721067718674,-0.117672984238801,0.0665862528091333,0.21818327617709,1.17661542466454,1.17661542466454,-0.39064,0.15388,0.46445,0.812817822365222,-0.057662,0.15388,0.46445,0.812817822365222,1.05719254283,1
"RBM17",-1.97883399782968,-1.76072244747519,2.36544668801295e-12,8.97039336269671e-11,11.6260868355515,11.6260868355515,-2.059,4.4131e-06,0.00013896,5.3552562314116,-1.8403,4.4131e-06,0.00013896,5.3552562314116,0.773990956641,1
"RBM19",-1.82788239074179,-1.50787878269397,3.7871441989387e-14,2.58513168122555e-12,13.4216881584094,13.4216881584094,-1.8102,7.4002e-06,0.00021217,5.13075654273894,-1.4893,7.4002e-06,0.00021217,5.13075654273894,1.02975056327,1
"RBM25",-3.05161528044086,-2.82123580833116,5.04565724373061e-16,6.65087219996021e-14,15.2970822548514,15.2970822548514,-2.8874,3.8166e-08,2.9774e-06,7.41832335403982,-2.6563,3.8166e-08,2.9774e-06,7.41832335403982,0.807295566234,1
"RBM28",-0.746893396002599,-0.451644396339166,9.80748885096499e-05,0.00087145762161085,4.00844217689887,4.00844217689887,-0.79067,0.024184,0.18306,1.61647186583024,-0.49459,0.024184,0.18306,1.61647186583024,0.971656020039,1
"RBM33",0.693228138541871,1.0613558031557,0.00186356056800049,0.0128374706917249,-2.72965648757828,-2.72965648757828,0.78452,0.12274,0.45798,-0.911013881052087,1.1537,0.12274,0.45798,-0.911013881052087,1.13640401541,1
"RBM34",-0.82295707336506,-0.393407043736781,5.42924953532375e-07,6.6518747672207e-06,6.26526019715006,6.26526019715006,-0.75461,0.0013401,0.017042,2.8728627928085,-0.32386,0.0013401,0.017042,2.8728627928085,1.26199119289,1
"RBM46",-0.386670652000094,-0.162572124133784,0.0834920465186587,0.254861992549045,1.07835489358915,1.07835489358915,-0.30214,0.14829,0.46234,0.828888134819561,-0.077413,0.14829,0.46234,0.828888134819561,0.790340300119,0
"RBM48",-1.36510815616876,-1.03889427540855,2.85658357901701e-13,1.46768499854172e-11,12.5441530646632,12.5441530646632,-1.413,2.3135e-05,0.00055135,4.63573049616408,-1.0858,2.3135e-05,0.00055135,4.63573049616408,1.04396513997,1
"RBMX",-1.08156703249104,-0.855390982087704,7.82012875353708e-11,2.00088515216003e-09,10.1067860964938,10.1067860964938,-1.5127,0.0019738,0.02349,2.70469685536285,-1.2859,0.0019738,0.02349,2.70469685536285,0.795970608931,1
"RBMXL2",0.374431084686554,0.597551600019374,0.671160375743578,0.836663116337581,-0.17317369148789,-0.17317369148789,0.16948,0.47283,0.68432,-0.325294976244561,0.39323,0.47283,0.68432,-0.325294976244561,0.787682155269,0
"RBP3",-0.477573201804228,-0.259461651449736,0.0311827111671406,0.126996624448659,1.50608612796241,1.50608612796241,-0.36916,0.052234,0.32884,1.28204671528093,-0.15044,0.052234,0.32884,1.28204671528093,0.773990956641,0
"RBPJL",0.0972649253551651,0.519046528841459,0.601855644710126,0.792131966355123,-0.220507661937622,-0.220507661937622,0.19215,0.24723,0.51642,-0.606898831140113,0.61511,0.24723,0.51642,-0.606898831140113,1.24669843105,0
"RCC1",-2.11630363176909,-1.79801399792207,9.61155410304805e-10,1.90566009929001e-08,9.01720638508803,9.01720638508803,-1.9912,2.2296e-05,0.00053603,4.65177304429475,-1.672,2.2296e-05,0.00053603,4.65177304429475,1.02580269292,1
"RCL1",-1.98046231138572,-1.53745602486483,2.16241020234297e-10,4.94379739203123e-09,9.66506191828473,9.66506191828473,-2.2854,8.9414e-05,0.0016942,4.04859447620717,-1.8411,8.9414e-05,0.0016942,4.04859447620717,1.2881032575,1
"RD3",0.317662772613709,0.747212802241988,0.637488614529387,0.814632682058484,-0.195527567272386,-0.195527567272386,0.15447,0.60531,0.77698,-0.218022151283309,0.58522,0.60531,0.77698,-0.218022151283309,1.26199119289,0
"RDH8",0.498776279776609,0.804473656398276,0.0138367722674538,0.0684957856378774,-1.8589652068388,-1.8589652068388,0.60555,0.19406,0.48149,-0.712063972955298,0.9121,0.19406,0.48149,-0.712063972955298,0.996462348026,0
"REG3A",-0.059547842472582,0.312774494580832,0.718925923442562,0.863647333275234,0.143315856067039,-0.143315856067039,-0.038386,0.83014,0.91722,0.0808486593103976,0.33498,0.83014,0.91722,-0.0808486593103976,1.14533730473,0
"RESP18",0.282789661522523,0.531110299921889,0.181420322611267,0.415466885462394,-0.741314065106294,-0.741314065106294,0.3321,0.17568,0.47243,-0.755277677230002,0.58112,0.17568,0.47243,-0.755277677230002,0.85465784459,0
"RETNLB",0.136246581042366,0.461908757905892,0.993166786962824,0.997510657952888,-0.00297781235544616,-0.00297781235544616,0.078431,0.66403,0.81509,-0.177812299336591,0.405,0.66403,0.81509,-0.177812299336591,1.04270800831,0
"REXO2",-0.326955546541921,0.00954320951845816,0.0183984201263207,0.085496961797804,1.73521946828825,-1.73521946828825,-0.32311,0.071393,0.40657,1.1463443682015,0.014332,0.071393,0.40657,-1.1463443682015,1.06720226046,1
"RFC1",-1.93318599039201,-1.59947338757759,2.23944000746967e-07,2.91172903828352e-06,6.64986056741169,6.64986056741169,-1.9254,0.0002009,0.0033418,3.69702006325175,-1.5907,0.0002009,0.0033418,3.69702006325175,1.06094423934,1
"RFC2",-3.9161739465855,-3.58996006582529,8.91654646718953e-13,3.97253968828423e-11,12.0498033228284,12.0498033228284,-3.3158,1.5899e-09,2.6956e-07,8.79863019065688,-2.9887,1.5899e-09,2.6956e-07,8.79863019065688,1.04396513997,1
"RFC3",-4.40076458035194,-4.06648061106737,4.57270606027627e-09,7.94528463000549e-08,8.33982671475816,8.33982671475816,-4.1392,1.8755e-14,4.4809e-11,13.7268829315133,-3.804,1.8755e-14,4.4809e-11,13.7268829315133,1.06222980875,1
"RFC4",-1.03394879664194,-0.816743516963725,5.81802309727051e-06,6.16407291896515e-05,5.23522455895743,5.23522455895743,-1.2477,0.003426,0.03729,2.46521264137051,-1.0299,0.003426,0.03729,2.46521264137051,0.771499871013,1
"RFC5",-3.10381920348949,-2.78381559544167,2.28341934800596e-11,6.61257484824816e-10,10.6414143233758,10.6414143233758,-3.0153,5.1973e-11,1.9478e-08,10.2842222139864,-2.6944,5.1973e-11,1.9478e-08,10.2842222139864,1.02975056327,1
"RFPL3",-0.208828776626513,0.00312345722382745,0.186766804092445,0.422531440680974,0.728700312691671,-0.728700312691671,-0.24648,0.30985,0.56359,0.508848499514302,-0.033936,0.30985,0.56359,0.508848499514302,0.756975369415,0
"RFPL4B",-0.335640207698342,-0.0972106373845609,0.971063600761638,0.988019089771477,0.0127523246179917,0.0127523246179917,0.037884,0.83665,0.92092,-0.0774561846092937,0.27698,0.83665,0.92092,-0.0774561846092937,0.828739266687,0
"RFT1",-1.65775383497796,-1.33209165811443,3.32921884025101e-10,7.19811761241148e-09,9.47765765633337,9.47765765633337,-1.9053,0.00019566,0.0032632,3.7084979508104,-1.5788,0.00019566,0.0032632,3.7084979508104,1.04270800831,1
"RFWD3",-0.955615082842132,-0.640434824768351,0.000226817334876786,0.00189473764051574,3.64432375686185,3.64432375686185,-0.98071,0.0012108,0.015621,2.91692758771546,-0.66465,0.0012108,0.015621,2.91692758771546,1.01861304105,1
"RFX6",-0.247865629163691,-0.00943605884990992,0.670335644976047,0.835982208613087,0.17370768646214,0.17370768646214,-0.018317,0.90961,0.95746,0.0411447737810226,0.22078,0.90961,0.95746,-0.0411447737810226,0.828739266687,0
"RHO",0.488500191967357,0.814162368830883,0.115472868869206,0.311904033733344,-0.937520044209232,-0.937520044209232,0.43399,0.17541,0.47226,-0.755945651443054,0.76056,0.17541,0.47226,-0.755945651443054,1.04270800831,0
"RHPN1",0.00229457965378194,0.304262474689529,0.35123744247303,0.602296899155484,-0.45439919381187,-0.45439919381187,-0.18053,0.3995,0.63089,0.39848321634999,0.12228,0.3995,0.63089,-0.39848321634999,0.987656758422,1
"RIC8A",-0.219744952808079,0.00337556252474105,0.500832090034025,0.724147981588009,0.300307852165416,-0.300307852165416,-0.13434,0.63448,0.79541,0.197582063130402,0.089403,0.63448,0.79541,-0.197582063130402,0.787682155269,1
"RICTOR",0.0449644851710204,0.371136989651828,0.82901865463484,0.919793205776969,-0.0814356968154431,-0.0814356968154431,0.072389,0.83811,0.92184,-0.0766989774820575,0.39947,0.83811,0.92184,-0.0766989774820575,1.04387089653,1
"RINT1",-0.993861083871955,-0.667647203111741,6.15867309457034e-05,0.000565644972880937,4.21051284786496,4.21051284786496,-0.82181,0.015369,0.12954,1.813354389404,-0.49469,0.015369,0.12954,1.813354389404,1.04396513997,1
"RIOK1",-2.23158281445833,-1.95386645364976,7.90383317385867e-10,1.59689179124694e-08,9.10216223497372,9.10216223497372,-2.0703,2.7287e-05,0.00063218,4.56404420911076,-1.7918,2.7287e-05,0.00063218,4.56404420911076,0.929047400627,1
"RIOK2",-0.163169216448047,0.16300328803276,0.027448885639795,0.115681334235242,1.56147528219063,-1.56147528219063,-0.66867,0.21944,0.49877,0.658684205403527,-0.34158,0.21944,0.49877,0.658684205403527,1.04387089653,1
"RNASE10",0.191028642769496,0.421408114879198,0.100577981333096,0.286917456301413,-0.997497085206392,-0.997497085206392,0.28835,0.093797,0.45709,-1.02781105185847,0.51937,0.093797,0.45709,-1.02781105185847,0.807295566234,0
"RNASE11",-0.325351707797541,-0.0949722356878389,0.209572493099648,0.452389795125147,0.678665720156726,0.678665720156726,-0.25099,0.31462,0.56661,0.502213673278032,-0.019964,0.31462,0.56661,0.502213673278032,0.807295566234,0
"RNASE12",0.37935954520902,0.609739017318722,0.0159063790107578,0.0765439580322197,-1.79842867356693,-1.79842867356693,0.53269,0.1681,0.46951,-0.774432286560529,0.76372,0.1681,0.46951,-0.774432286560529,0.807295566234,0
"RNASE13",0.294506728310112,0.524886200419814,0.169513899347727,0.398710208987585,-0.770794685882524,-0.770794685882524,0.38311,0.17943,0.47373,-0.74610494286823,0.61414,0.17943,0.47373,-0.74610494286823,0.807295566234,0
"RNASE8",-0.059849230459513,0.170530241650189,0.520224571769859,0.738272367109988,0.2838091386222,-0.2838091386222,0.20249,0.40139,0.63235,-0.396433451477127,0.43351,0.40139,0.63235,-0.396433451477127,0.807295566234,0
"RNASE9",-0.284313522246693,-0.0539340501369909,0.588311248335555,0.782453813841157,0.230392847952242,0.230392847952242,-0.027009,0.93161,0.96863,0.0307658583495616,0.20401,0.93161,0.96863,-0.0307658583495616,0.807295566234,0
"RNASEH2A",-1.5778488618524,-1.16585918982539,3.29737998308505e-10,7.13735261797333e-09,9.48183100279675,9.48183100279675,-1.6311,4.3338e-05,0.00093173,4.36313113475607,-1.2179,4.3338e-05,0.00093173,4.36313113475607,1.22718838396,1
"RNASEH2B",-1.17420632826001,-0.839922358975439,6.40731022342157e-06,6.75471154441569e-05,5.19332424821689,5.19332424821689,-1.1155,0.00024958,0.0040323,3.60279021962122,-0.78029,0.00024958,0.0040323,3.60279021962122,1.06222980875,1
"RND2",-0.0234699290533386,0.294806688391013,0.969250009255763,0.987498539417763,0.0135641861734973,-0.0135641861734973,0.069954,0.72207,0.85358,-0.14142069835818,0.38912,0.72207,0.85358,-0.14142069835818,1.02577267031,0
"RNF113A",-1.39829659525798,-1.17212054485464,3.653767295096e-07,4.59437199415592e-06,6.43725911589808,6.43725911589808,-1.4115,0.0024897,0.02858,2.60385298069298,-1.1847,0.0024897,0.02858,2.60385298069298,0.795970608931,1
"RNF113B",0.521318088037747,0.813965834986891,0.0609362846990126,0.205084558804759,-1.21512402835268,-1.21512402835268,0.51858,0.27202,0.53524,-0.56539916372198,0.81204,0.27202,0.53524,-0.56539916372198,0.965413289992,0
"RNF168",-0.111506325247985,0.10569895443023,0.203213833323065,0.444244080556301,0.692046731765149,-0.692046731765149,-0.35848,0.29252,0.54965,0.53384443524779,-0.14067,0.29252,0.54965,0.53384443524779,0.771499871013,1
"RNF17",-0.0761569277757164,0.257073276002555,0.688324984643238,0.845760711991769,0.16220646625077,-0.16220646625077,-0.042974,0.76366,0.87898,0.117099956856128,0.29119,0.76366,0.87898,-0.117099956856128,1.05985795326,0
"RNF20",-1.73578239682116,-1.41855064641564,1.53072694296869e-08,2.41991596864852e-07,7.81510227353318,7.81510227353318,-1.5553,0.00014941,0.0026175,3.82562033425101,-1.2371,0.00014941,0.0026175,3.82562033425101,1.02336062192,1
"RNF40",-1.01463387274468,-0.699453614670899,1.30035573306767e-06,1.51178218528725e-05,5.88593782325132,5.88593782325132,-0.87763,0.0055516,0.056261,2.25558183290819,-0.56157,0.0055516,0.056261,2.25558183290819,1.01861304105,1
"RNF8",-1.12340349316529,-0.884973922851509,6.97223131735944e-07,8.4288587709482e-06,6.15662821275736,6.15662821275736,-1.3837,0.0010085,0.013321,2.99632409745122,-1.1446,0.0010085,0.013321,2.99632409745122,0.828739266687,1
"RNGTT",-3.69081519427432,-3.45238562396054,1.01778852569666e-10,2.51655783850456e-09,9.99234244956679,9.99234244956679,-2.8982,6.7535e-08,4.451e-06,7.17047109579997,-2.6592,6.7535e-08,4.451e-06,7.17047109579997,0.828739266687,1
"RNMT",-1.63722962256696,-1.41172997610602,0.000140028100424682,0.00121321717289979,3.85378480264477,3.85378480264477,-1.591,0.030755,0.2201,1.51208426864023,-1.3649,0.030755,0.2201,1.51208426864023,0.794139893033,1
"RNPC3",-1.39231156519548,-1.06050413993226,5.29141814018488e-10,1.09967733921566e-08,9.27642791815048,9.27642791815048,-2.0123,7.6716e-05,0.0014931,4.11511404951851,-1.6796,7.6716e-05,0.0014931,4.11511404951851,1.05664930986,1
"ROMO1",-1.16360621595107,-0.741824612464776,6.57821857133851e-05,0.000601864488051665,4.18189170051752,4.18189170051752,-1.5877,0.0037472,0.040287,2.42629312660773,-1.1647,0.0037472,0.040287,2.42629312660773,1.24669843105,1
"RP1",0.212647269138633,0.538162978996486,0.262948751908743,0.515062214474333,-0.580128886232658,-0.580128886232658,0.31339,0.27814,0.53978,-0.555736549682849,0.63982,0.27814,0.53978,-0.555736549682849,1.04237407941,0
"RP1L1",0.53399104609419,0.748566815521696,0.0687900845868649,0.223234296323771,-1.16247415652531,-1.16247415652531,0.60241,0.21919,0.49856,-0.659179263344081,0.81758,0.21919,0.49856,-0.659179263344081,0.764247638684,0
"RPA1",-2.6021855559137,-2.28390893846935,1.17218295846341e-16,2.071532628154e-14,15.9310045968079,15.9310045968079,-2.3493,1.7745e-06,6.4975e-05,5.75092399631639,-2.0301,1.7745e-06,6.4975e-05,5.75092399631639,1.02577267031,1
"RPA2",-1.33364359078504,-1.01535395693802,1.81747616443185e-06,2.08133145181462e-05,5.74053127605275,5.74053127605275,-1.2401,0.0037121,0.039971,2.43038033286718,-0.92097,0.0037121,0.039971,2.43038033286718,1.02580269292,1
"RPAIN",-2.39392922229735,-2.075652604853,4.91787356346205e-10,1.0295215489425e-08,9.30822264098905,9.30822264098905,-2.2612,1.9123e-05,0.00047344,4.71844397496563,-1.942,1.9123e-05,0.00047344,4.71844397496563,1.02577267031,1
"RPAP1",-1.83525132599172,-1.52008832628441,2.86958490029254e-07,3.67356839914879e-06,6.54218092157633,6.54218092157633,-1.5351,0.00033136,0.0051658,3.47969991845062,-1.219,0.00033136,0.0051658,3.47969991845062,1.01857303525,1
"RPAP2",-2.18850288937868,-1.96495589145959,5.00152519755989e-11,1.34261448175509e-09,10.3008975388884,10.3008975388884,-2.3145,0.00013226,0.0023516,3.87857148163204,-2.0903,0.00013226,0.0023516,3.87857148163204,0.788841896528,1
"RPE65",0.216710613074802,0.535000246921826,0.309958060311934,0.562658220794187,-0.508697065544122,-0.508697065544122,0.29061,0.12383,0.45798,-0.90717412707602,0.60979,0.12383,0.45798,-0.90717412707602,1.02580269292,0
"RPF1",-2.33918174876853,-2.11075348451358,3.19077067409916e-10,6.9697371307494e-09,9.49610440813875,9.49610440813875,-1.8812,5.5335e-05,0.0011372,4.25700008571752,-1.6521,5.5335e-05,0.0011372,4.25700008571752,0.802049629625,1
"RPF2",-2.73504248996476,-2.49661291965098,1.15926429899436e-15,1.36771719423946e-13,14.9358175385755,14.9358175385755,-2.4688,9.7759e-05,0.0018193,4.00984324958007,-2.2297,9.7759e-05,0.0018193,4.00984324958007,0.828739266687,1
"RPIA",-3.4778450209645,-3.10552268391109,9.78471053429889e-07,1.15870614895945e-05,6.00945201775419,6.00945201775419,-2.2008,0.00048473,0.0071597,3.31450010090594,-1.8274,0.00048473,0.0071597,3.31450010090594,1.14533730473,1
"RPL10",-2.67782334199304,-2.45739248835503,2.32856984926042e-10,5.29445537860136e-09,9.63291073016269,9.63291073016269,-2.6141,7.7388e-07,3.309e-05,6.11132637701503,-2.3931,7.7388e-07,3.309e-05,6.11132637701503,0.780346554575,1
"RPL10A",-2.51832980638649,-2.27990023607271,3.20523685273126e-10,6.993343831764e-09,9.49413987253096,9.49413987253096,-2.9366,1.2934e-07,7.5368e-06,6.8882671433889,-2.6975,1.2934e-07,7.5368e-06,6.8882671433889,0.828739266687,1
"RPL11",-3.37945015564059,-3.06116052179357,1.3119857041042e-07,1.7771780838089e-06,6.88207089717262,6.88207089717262,-3.7867,3.9687e-07,1.9059e-05,6.40135172882496,-3.4675,3.9687e-07,1.9059e-05,6.40135172882496,1.02580269292,1
"RPL12",-3.88351500160702,-3.59089768027036,1.58015216479066e-08,2.49392636875672e-07,7.80130108953485,7.80130108953485,-3.5745,1.0036e-09,1.9376e-07,8.99843934735743,-3.2811,1.0036e-09,1.9376e-07,8.99843934735743,0.965340111692,1
"RPL13",-3.26403926865321,-2.94885901057943,4.41934041717974e-10,9.35402584646249e-09,9.35464254389855,9.35464254389855,-2.9312,8.8596e-09,9.6762e-07,8.05258588552991,-2.6151,8.8596e-09,9.6762e-07,8.05258588552991,1.01861304105,1
"RPL18",-4.18090631199173,-3.86358967334676,4.81949095693728e-09,8.35130831005823e-08,8.31699883028147,8.31699883028147,-3.2643,1.4779e-06,5.5824e-05,5.83035495086505,-2.9461,1.4779e-06,5.5824e-05,5.83035495086505,1.02355673479,1
"RPL19",-3.90845783058216,-3.59018121313781,4.36262390543798e-19,1.7741027809497e-16,18.3602522252055,18.3602522252055,-3.4348,6.9056e-11,2.3998e-08,10.1607985813332,-3.1157,6.9056e-11,2.3998e-08,10.1607985813332,1.02577267031,1
"RPL22L1",-0.240663918780501,-0.0234586391022864,0.543665788741007,0.752431876915775,0.264667994988849,0.264667994988849,-0.04929,0.83925,0.92229,0.0761086500799499,0.16852,0.83925,0.92229,-0.0761086500799499,0.771499871013,1
"RPL23A",-3.95728076550775,-3.6390041480634,2.15386361388797e-11,6.26587446761657e-10,10.6667818003933,10.6667818003933,-3.8022,1.2054e-10,3.7158e-08,9.91886881286811,-3.483,1.2054e-10,3.7158e-08,9.91886881286811,1.02577267031,1
"RPL27A",-2.90536146840162,-2.6822409530688,3.97626085520576e-15,3.90003785499303e-13,14.4005251322575,14.4005251322575,-3.1249,3.21e-09,4.4783e-07,8.49349496759513,-2.9012,3.21e-09,4.4783e-07,8.49349496759513,0.787682155269,1
"RPL29",-2.05238585676345,-1.72672367989992,3.36257619119222e-06,3.68303259267948e-05,5.473327866383,5.473327866383,-1.7627,0.0064404,0.063418,2.19108715866534,-1.4361,0.0064404,0.063418,2.19108715866534,1.04270800831,1
"RPL3",-2.38813808215966,-2.18193267388817,1.08849334155205e-08,1.78119633879147e-07,7.96317422324764,7.96317422324764,-2.59,2.1564e-05,0.00052505,4.6662706768434,-2.3832,2.1564e-05,0.00052505,4.6662706768434,0.740916278882,1
"RPL31",-4.0224873572118,-3.77571733054407,2.20381311524035e-12,8.50938991345228e-11,11.6568252367082,11.6568252367082,-3.7023,1.3162e-13,2.5156e-10,12.880678113536,-3.4548,1.3162e-13,2.5156e-10,12.880678113536,0.850625268501,1
"RPL36A",0.228539414594463,0.454901317665788,0.299331057601183,0.552871521446793,-0.523848219861953,-0.523848219861953,0.277,0.3051,0.56082,-0.515557792357593,0.50399,0.3051,0.56082,-0.515557792357593,0.796473220463,1
"RPL38",-1.98890233375015,-1.67431312754742,7.82526392143371e-10,1.58269068074458e-08,9.10650100615347,9.10650100615347,-2.2327,7.2966e-05,0.0014362,4.13687946114137,-1.9173,7.2966e-05,0.0014362,4.13687946114137,1.0172423198,1
"RPL4",-3.19221552273737,-2.87705252303006,4.99879409946098e-09,8.63851280497267e-08,8.30113475148696,8.30113475148696,-3.6881,1.4287e-07,8.127e-06,6.84505895526967,-3.3721,1.4287e-07,8.127e-06,6.84505895526967,1.01857303525,1
"RPL7",-3.61247726485842,-3.28696155500057,3.71472476734781e-21,3.08693628166603e-18,20.430073358606,20.430073358606,-3.3636,2.1004e-10,6.176e-08,9.67769799038498,-3.0372,2.1004e-10,6.176e-08,9.67769799038498,1.04237407941,1
"RPL8",-2.93540047172848,-2.63343257669273,1.20718022935818e-14,9.86018620671916e-13,13.9182278858492,13.9182278858492,-2.7169,1.0909e-06,4.371e-05,5.96221505824636,-2.4141,1.0909e-06,4.371e-05,5.96221505824636,0.987656758422,1
"RPL9",-1.66512244681819,-1.33140984400377,2.2752164523632e-06,2.57010709539113e-05,5.64297728050346,5.64297728050346,-2.2364,0.001178,0.015233,2.92885470954892,-1.9018,0.001178,0.015233,2.92885470954892,1.06094423934,1
"RPLP0",-3.52861427237597,-3.20861066432815,9.05558999088475e-19,3.32845175953424e-16,18.043083249222,18.043083249222,-3.366,4.9714e-11,1.9055e-08,10.3035212920201,-3.0451,4.9714e-11,1.9055e-08,10.3035212920201,1.02975056327,1
"RPLP2",-2.72798698656119,-2.50486647122837,1.62215043243395e-13,9.11887094562061e-12,12.7899088733391,12.7899088733391,-2.6494,1.767e-07,9.6227e-06,6.75276345049324,-2.4256,1.767e-07,9.6227e-06,6.75276345049324,0.787682155269,1
"RPN1",-1.48921512721015,-1.16355295034662,1.12806577909642e-06,1.32193263248743e-05,5.94766557529445,5.94766557529445,-1.705,0.00071701,0.010003,3.14447478726869,-1.3785,0.00071701,0.010003,3.14447478726869,1.04270800831,1
"RPN2",-1.678954053366,-1.25717244987971,3.18177123758933e-07,4.04612066959712e-06,6.49733104839279,6.49733104839279,-1.4385,0.0027935,0.031463,2.55385132430382,-1.0155,0.0027935,0.031463,2.55385132430382,1.24669843105,1
"RPP14",-2.03457773676649,-1.70891555990296,8.65447555111411e-22,1.10275327472296e-18,21.062759244618,21.062759244618,-1.7947,6.8497e-06,0.00019957,5.16432844912037,-1.4681,6.8497e-06,0.00019957,5.16432844912037,1.04270800831,1
"RPP21",-3.36065371558226,-3.12222414526848,7.91136516953049e-13,3.59719790437377e-11,12.1017485690387,12.1017485690387,-3.7954,6.6477e-09,7.8219e-07,8.17732858779259,-3.5563,6.6477e-09,7.8219e-07,8.17732858779259,0.828739266687,1
"RPP25L",0.41778119978073,0.732700498709567,0.0232671716096834,0.102137218873651,-1.63325640695669,-1.63325640695669,0.46301,0.14798,0.46234,-0.829796977014336,0.77881,0.14798,0.46234,-0.829796977014336,1.01800800558,1
"RPP30",-3.40001083825442,-3.07430915592822,3.03083405507203e-12,1.10761627714324e-10,11.5184378415735,11.5184378415735,-2.8412,1.7543e-08,1.6599e-06,7.75589613662349,-2.5145,1.7543e-08,1.6599e-06,7.75589613662349,1.04279806325,1
"RPP38",-1.33211822401616,-1.11400667366167,1.99772320862214e-07,2.62422568291374e-06,6.69946468492652,6.69946468492652,-1.1886,0.009988,0.091559,2.00052146632069,-0.96985,0.009988,0.091559,2.00052146632069,0.773990956641,1
"RPP40",-1.39523090977734,-1.11751454896877,3.43319919050873e-08,5.07884954552581e-07,7.46430099854652,7.46430099854652,-1.4244,0.00090448,0.012191,3.04360103188396,-1.1459,0.00090448,0.012191,3.04360103188396,0.929047400627,1
"RPS11",-2.26741615988164,-1.95009952123667,9.2576906221071e-11,2.31903330092179e-09,10.0334973367695,10.0334973367695,-2.2622,3.3158e-05,0.00074911,4.47941167278879,-1.944,3.3158e-05,0.00074911,4.47941167278879,1.02355673479,1
"RPS13",-4.67373239640697,-4.45061188107415,0.000127528117730807,0.00111347329479187,3.89439405029641,3.89439405029641,-4.939,6.0123e-16,3.8304e-12,15.2209593572445,-4.7153,6.0123e-16,3.8304e-12,15.2209593572445,0.787682155269,1
"RPS15A",-3.49641298165036,-3.18123272357658,0.000767110009756613,0.00575648748193095,3.11514235025661,3.11514235025661,-4.8111,4.7002e-08,3.5148e-06,7.32788366184122,-4.495,4.7002e-08,3.5148e-06,7.32788366184122,1.01861304105,1
"RPS18",-2.96766980588006,-2.72924023556628,4.01927620935005e-17,8.44180507574807e-15,16.395852147559,16.395852147559,-2.8474,1.6009e-09,2.6956e-07,8.795635795379,-2.6083,1.6009e-09,2.6956e-07,8.795635795379,0.828739266687,1
"RPS19BP1",-0.995273735483854,-0.789068327212362,3.03990985954609e-06,3.36042782796439e-05,5.51713929404984,5.51713929404984,-1.0928,0.0024526,0.028205,2.61037327607327,-0.886,0.0024526,0.028205,2.61037327607327,0.740916278882,1
"RPS2",-1.45104769727809,-1.13586743920431,0.000362962625589897,0.00292097038437882,3.44013809214219,3.44013809214219,-1.9235,0.0032845,0.035996,2.48353073379622,-1.6074,0.0032845,0.035996,2.48353073379622,1.01861304105,1
"RPS21",-1.87455048549343,-1.47465411930019,9.41558167323495e-10,1.86874363988099e-08,9.02615284509256,9.02615284509256,-2.0198,2.6074e-05,0.00060999,4.58379233880977,-1.6188,2.6074e-05,0.00060999,4.58379233880977,1.20272299885,1
"RPS27",-3.70431468551219,-3.28067546164572,3.77404262275605e-10,8.10486254480184e-09,9.42319319936896,9.42319319936896,-3.1069,1.6406e-07,9.0627e-06,6.78499729278505,-2.6821,1.6406e-07,9.0627e-06,6.78499729278505,1.25037007804,1
"RPS29",-3.46222995837531,-3.23185048626561,1.35354294972804e-12,5.69829656346959e-11,11.8685279589301,11.8685279589301,-3.4507,1.7268e-12,1.5716e-09,11.7627579600158,-3.2197,1.7268e-12,1.5716e-09,11.7627579600158,0.807295566234,1
"RPS4X",-3.60467261947007,-3.37831071639875,2.08841674842701e-15,2.28090910358203e-13,14.680182832546,14.680182832546,-3.205,9.8552e-09,1.0523e-06,8.00633455778586,-2.978,9.8552e-09,1.0523e-06,8.00633455778586,0.796473220463,1
"RPS5",-2.7381863562389,-2.40767309197104,9.4682344981507e-07,1.12401469542332e-05,6.02373099451231,6.02373099451231,-2.4499,3.7178e-06,0.00012064,5.42971397691825,-2.1185,3.7178e-06,0.00012064,5.42971397691825,1.05372451338,1
"RPS9",-3.19024959118275,-2.87293295253778,6.42985357351789e-09,1.0885189667905e-07,8.19179891711268,8.19179891711268,-3.0099,9.3977e-07,3.8794e-05,6.02697842294619,-2.6917,9.3977e-07,3.8794e-05,6.02697842294619,1.02355673479,1
"RPTN",-0.352502691243151,0.0711365326233142,0.43301688630191,0.670413264308498,0.363495167192262,-0.363495167192262,-0.17117,0.49358,0.70039,0.306642446352475,0.25366,0.49358,0.70039,-0.306642446352475,1.25037007804,0
"RPTOR",-2.53735455428795,-2.22276534808522,1.19275818193071e-10,2.91524132113064e-09,9.92344759564083,9.92344759564083,-2.1262,6.0296e-05,0.0012182,4.21971149773627,-1.8107,6.0296e-05,0.0012182,4.21971149773627,1.0172423198,1
"RPUSD4",-2.0067848283028,-1.67028607224242,9.1792287002642e-13,4.08006042204999e-11,12.0371938095713,12.0371938095713,-1.9767,0.00014336,0.0025254,3.84357200768195,-1.6392,0.00014336,0.0025254,3.84357200768195,1.06720226046,1
"RRM1",-3.48565539457534,-3.26253487924252,2.94039502510937e-09,5.32194792754881e-08,8.53159432071001,8.53159432071001,-2.9684,6.5992e-07,2.8995e-05,6.18050870940418,-2.7447,6.5992e-07,2.8995e-05,6.18050870940418,0.787682155269,1
"RRM2",-1.71999811304276,-1.35350345460229,0.000137790801778719,0.00119654502244283,3.86077977277728,3.86077977277728,-1.6127,0.020888,0.16423,1.68010314118511,-1.2451,0.020888,0.16423,1.68010314118511,1.13291122865,1
"RRP1",-2.25280309354118,-2.0434514605294,1.32062303170723e-08,2.12109815168237e-07,7.87922113288753,7.87922113288753,-2.5812,5.6672e-07,2.5487e-05,6.24663146049002,-2.3713,5.6672e-07,2.5487e-05,6.24663146049002,0.749730313025,1
"RRP12",-2.5308141498321,-2.2051124675059,3.24950646692275e-06,3.5735222728593e-05,5.48818259439592,5.48818259439592,-1.7759,0.0086672,0.081204,2.06212118175687,-1.4493,0.0086672,0.081204,2.06212118175687,1.04279806325,1
"RRP15",-1.00965222552411,-0.580102195895831,2.86473086336423e-06,3.18149918602444e-05,5.54291617301463,5.54291617301463,-1.1405,0.0037924,0.040676,2.42108586209582,-0.70978,0.0037924,0.040676,2.42108586209582,1.26199119289,1
"RRP36",-0.995287327601472,-0.756857757287691,0.00878464376069027,0.0481091393117688,2.05627584554073,2.05627584554073,-0.87341,0.20358,0.48685,0.691264889971239,-0.63431,0.20358,0.48685,0.691264889971239,0.828739266687,1
"RRP9",-3.78489177455866,-3.45922959769513,6.39956038376419e-09,1.08435104268515e-07,8.19384985874469,8.19384985874469,-2.5681,0.00011032,0.0020295,3.95734574683221,-2.2415,0.00011032,0.0020295,3.95734574683221,1.04270800831,1
"RRS1",-1.23043994136674,-0.904924231508887,2.37346437134766e-06,2.67476559726226e-05,5.62461728319704,5.62461728319704,-1.337,0.0018538,0.022243,2.73193712217732,-1.0106,0.0018538,0.022243,2.73193712217732,1.04237407941,1
"RS1",0.470223001394667,0.692201997186652,0.00466337325882167,0.0284037772772016,-2.33129982199802,-2.33129982199802,0.52767,0.088316,0.44912,-1.05396060919444,0.75027,0.088316,0.44912,-1.05396060919444,0.784573407015,0
"RSAD1",0.161610274486957,0.479886891931308,0.484697864874407,0.711413783700242,-0.314528893368442,-0.314528893368442,0.2047,0.15446,0.46506,-0.811183969497647,0.52387,0.15446,0.46506,-0.811183969497647,1.02577267031,1
"RSL1D1",-2.36295630894841,-2.04777605087463,1.87070975959789e-17,4.58395841476852e-15,16.7279935880119,16.7279935880119,-2.4322,3.1316e-06,0.00010501,5.50423371560732,-2.1161,3.1316e-06,0.00010501,5.50423371560732,1.01861304105,1
"RSRC2",-0.63151242150804,-0.311508813460224,0.0108330075370136,0.0566332803760782,1.96525095469508,1.96525095469508,-0.53492,0.14009,0.4612,0.853592864712947,-0.21402,0.14009,0.4612,0.853592864712947,1.02975056327,1
"RTEL1",-1.89291538317519,-1.49301901698195,5.0896597534373e-10,1.06315482915243e-08,9.29331124951859,9.29331124951859,-1.8523,0.00013433,0.0023861,3.87182698525027,-1.4513,0.00013433,0.0023861,3.87182698525027,1.20272299885,1
"RTF1",-2.99646257140596,-2.68129957169865,3.55482265658276e-09,6.33799677567782e-08,8.44918206052877,8.44918206052877,-2.4377,2.0191e-05,0.00049475,4.69484217121351,-2.1216,2.0191e-05,0.00049475,4.69484217121351,1.01857303525,1
"RTP1",0.807624124527223,1.02482940420544,0.00505079398226692,0.0304625513988853,-2.29664034564116,-2.29664034564116,0.83602,0.14212,0.4612,-0.84734480118271,1.0538,0.14212,0.4612,-0.84734480118271,0.771499871013,0
"RTP2",0.331618065627319,0.548823345305534,0.156215768346912,0.378858855443395,-0.806275130763336,-0.806275130763336,0.42297,0.12611,0.45798,-0.89925047431014,0.64078,0.12611,0.45798,-0.89925047431014,0.771499871013,0
"RTTN",-1.12949138667854,-0.903991740217602,6.15427878033089e-06,6.49871438278808e-05,5.21082283470261,5.21082283470261,-1.071,0.0078626,0.074914,2.10443381796359,-0.84484,0.0078626,0.074914,2.10443381796359,0.794139893033,1
"RUVBL1",-3.33124757170215,-3.00558539483862,1.08200976900386e-09,2.12324976539741e-08,8.96576881815245,8.96576881815245,-3.1483,5.9918e-08,4.1354e-06,7.22244269136099,-2.8217,5.9918e-08,4.1354e-06,7.22244269136099,1.04270800831,1
"RUVBL2",-3.20560433613004,-2.88828769748507,3.09989138513838e-16,4.20200170525886e-14,15.5086535228307,15.5086535228307,-3.0078,7.3936e-09,8.3714e-07,8.13114404882537,-2.6896,7.3936e-09,8.3714e-07,8.13114404882537,1.02355673479,1
"RXFP2",0.521262373994678,0.855546343279249,0.0151699214944302,0.0736455955100442,-1.8190166667165,-1.8190166667165,0.64194,0.11823,0.45798,-0.927272310414734,0.97716,0.11823,0.45798,-0.927272310414734,1.06222980875,0
"RXFP3",-0.106533773393238,0.219638731087569,0.991011565423071,0.996767556135026,0.00392127712914277,-0.00392127712914277,0.054412,0.74587,0.86847,-0.127336860466348,0.3815,0.74587,0.86847,-0.127336860466348,1.04387089653,0
"S100A7A",-0.146673153255169,0.276966070611296,0.527782181619974,0.742984520682225,0.277545276023412,-0.277545276023412,-0.12911,0.57319,0.75606,0.241701395006554,0.29572,0.57319,0.75606,-0.241701395006554,1.25037007804,0
"S100G",0.0683522279919517,0.290331223783937,0.703549738514378,0.853630590256908,-0.152705194037692,-0.152705194037692,0.13242,0.34795,0.59264,-0.458483159168966,0.35502,0.34795,0.59264,-0.458483159168966,0.784573407015,0
"SACM1L",-2.62109625481303,-2.2954340779495,3.28392153798365e-09,5.89348285027995e-08,8.48360722793135,8.48360722793135,-2.4204,7.3765e-07,3.1825e-05,6.13214965325034,-2.0938,7.3765e-07,3.1825e-05,6.13214965325034,1.04270800831,1
"SAE1",-2.23133390003835,-1.91401726139338,7.57775641769542e-17,1.39263133087897e-14,16.1204593589648,16.1204593589648,-1.8904,2.2132e-05,0.00053515,4.65497933845788,-1.5722,2.2132e-05,0.00053515,4.65497933845788,1.02355673479,1
"SAGE1",0.0209684001352445,0.247144450538581,0.751909840460119,0.880699398254336,-0.123834231400514,-0.123834231400514,0.12514,0.32084,0.57177,-0.493711492331959,0.35195,0.32084,0.57177,-0.493711492331959,0.795970608931,0
"SAMD4B",-0.755242125492031,-0.437925486847062,5.16559091849826e-05,0.00048255102260634,4.28687999012428,4.28687999012428,-0.78874,0.021481,0.16758,1.66794550489181,-0.47054,0.021481,0.16758,1.66794550489181,1.02355673479,1
"SAMD7",0.445523021194625,0.66272830087284,0.158850841585371,0.38262333147085,-0.799010479956038,-0.799010479956038,0.43896,0.19973,0.485,-0.699556697993972,0.65677,0.19973,0.485,-0.699556697993972,0.771499871013,0
"SAMHD1",-0.307650678214261,0.114130925272033,0.0244555308586131,0.105918550034143,1.61162290546735,-1.61162290546735,-0.32581,0.094223,0.45755,1.02584307221937,0.097147,0.094223,0.45755,-1.02584307221937,1.24669843105,1
"SAMM50",-2.66598351640011,-2.45977810812862,1.34474744321642e-13,7.78853269157437e-12,12.8713592727744,12.8713592727744,-2.614,2.9987e-08,2.5249e-06,7.52306698034304,-2.4073,2.9987e-08,2.5249e-06,7.52306698034304,0.740916278882,1
"SAP130",-0.809257992809867,-0.562487966142141,0.000231107860660861,0.00192851001787348,3.63618528263176,3.63618528263176,-0.70995,0.010728,0.097234,1.96948123515646,-0.46249,0.010728,0.097234,1.96948123515646,0.850625268501,1
"SAP18",-2.61773236713823,-2.28450216335996,1.60019824355411e-10,3.78522141448634e-09,9.79582621062638,9.79582621062638,-2.5585,2.6059e-06,8.9419e-05,5.58404225411901,-2.2244,2.6059e-06,8.9419e-05,5.58404225411901,1.05985795326,1
"SARS",-3.18398414857758,-2.85217672331436,4.3153829621564e-07,5.36629242392292e-06,6.36498065742936,6.36498065742936,-2.5205,4.6713e-06,0.00014541,5.3305622405776,-2.1878,4.6713e-06,0.00014541,5.3305622405776,1.05664930986,1
"SARS2",-1.96441004241833,-1.64709340377336,8.24869729424689e-11,2.09650733224655e-09,10.0836146335825,10.0836146335825,-1.6176,0.00049699,0.0073126,3.30365234967414,-1.2994,0.00049699,0.0073126,3.30365234967414,1.02355673479,1
"SART1",-0.590264471346712,-0.258216387866839,0.00341150392404581,0.0216696824527376,2.46705412484122,2.46705412484122,-0.53227,0.022707,0.17507,1.6438402400431,-0.19929,0.022707,0.17507,1.6438402400431,1.05719254283,1
"SART3",-1.65278905797824,-1.33278544993042,6.41078756665949e-10,1.3062833983109e-08,9.19308861403128,9.19308861403128,-1.5357,0.00035741,0.0055046,3.44683330050395,-1.2148,0.00035741,0.0055046,3.44683330050395,1.02975056327,1
"SBNO1",-1.29600554301264,-0.976001934964824,1.83224425203761e-06,2.09382017673092e-05,5.73701663206481,5.73701663206481,-1.452,0.10407,0.45798,0.982674445438278,-1.1311,0.10407,0.45798,0.982674445438278,1.02975056327,1
"SCD",-0.27900394406767,0.046697738258528,0.0636579504914306,0.21152545336278,1.19614734787949,-1.19614734787949,-0.34027,0.25042,0.51962,0.60133098878918,-0.01366,0.25042,0.51962,0.60133098878918,1.04279806325,1
"SCFD1",-1.30870931714336,-1.07832984503366,2.86483279219041e-05,0.000276861254732202,4.54290072083383,4.54290072083383,-1.2936,0.064189,0.38054,1.19253939013384,-1.0626,0.064189,0.38054,1.19253939013384,0.807295566234,1
"SCGB1C1",-0.583528336988314,-0.360407821655494,0.00856419409337993,0.0471042997717325,2.0673134986956,2.0673134986956,-0.47411,0.022048,0.17106,1.65663079977247,-0.25037,0.022048,0.17106,1.65663079977247,0.787682155269,1
"SCGB1D1",-0.210890746733433,0.12115733674644,0.842173603862195,0.926415199460037,0.0745983747379371,-0.0745983747379371,0.010834,0.96573,0.98486,-0.0151442772080746,0.34381,0.96573,0.98486,-0.0151442772080746,1.05719254283,0
"SCN10A",0.0355272927425601,0.361189469606086,0.769521887655857,0.889069203818316,-0.113779022937151,-0.113779022937151,0.14403,0.18181,0.47511,-0.740382233185666,0.4706,0.18181,0.47511,-0.740382233185666,1.04270800831,0
"SCO1",-1.43656238514498,-1.11828576770063,2.74906568153566e-05,0.000266579869970528,4.5608148837332,4.5608148837332,-1.2118,0.00083457,0.011345,3.07853723077771,-0.8926,0.00083457,0.011345,3.07853723077771,1.02577267031,1
"SCO2",-1.0585976849344,-0.852392276662908,0.0040814472482703,0.0254100004091825,2.38918581228061,2.38918581228061,-0.70016,0.032982,0.23202,1.48172301265063,-0.49338,0.032982,0.23202,1.48172301265063,0.740916278882,1
"SCP2D1",0.311176476350906,0.630964114760045,0.104599334423257,0.294130804594925,-0.980471078922153,-0.980471078922153,0.39758,0.17146,0.47053,-0.765837180609285,0.71826,0.17146,0.47053,-0.765837180609285,1.02925370559,0
"SCRT2",0.527876463514999,0.847664101924138,0.0132061634514222,0.0661563851256038,-1.87922333180847,-1.87922333180847,0.49772,0.13673,0.45978,-0.86413618620013,0.81841,0.13673,0.45978,-0.86413618620013,1.02925370559,0
"SCYL2",-0.0313619773873884,0.288641630660427,0.739777511968124,0.874479641226287,0.130898874665114,-0.130898874665114,-0.066685,0.736,0.8622,0.133122185662501,0.25421,0.736,0.8622,-0.133122185662501,1.02975056327,1
"SDAD1",-3.68422233986599,-3.5225765231903,1.80544525231295e-08,2.81693674346591e-07,7.74341567643066,7.74341567643066,-3.7898,4.8586e-13,6.6842e-10,12.3134888541668,-3.6277,4.8586e-13,6.6842e-10,12.3134888541668,0.609931911609,1
"SDHA",-3.55106135908276,-3.25000112267325,9.95281949872277e-10,1.96719999047661e-08,9.0020538720905,9.0020538720905,-2.78,5.7969e-06,0.0001737,5.23680419140476,-2.4781,5.7969e-06,0.0001737,5.23680419140476,0.985505550893,1
"SDR9C7",-0.307249084790524,0.0127545232572917,0.151707935292245,0.372076705664145,0.818991702248851,-0.818991702248851,-0.31053,0.22293,0.49967,0.651831483974838,0.010369,0.22293,0.49967,-0.651831483974838,1.02975056327,0
"SEC13",-1.89424548508917,-1.56858330822564,7.18483948429221e-13,3.30900812200667e-11,12.1435829299466,12.1435829299466,-1.8477,0.00012985,0.0023129,3.88655804603468,-1.5211,0.00012985,0.0023129,3.88655804603468,1.04270800831,1
"SEC14L3",0.170485181206684,0.382437415057024,0.635795032855279,0.813546927961635,-0.196682869330918,-0.196682869330918,0.13664,0.42853,0.65268,-0.368018769123763,0.34919,0.42853,0.65268,-0.368018769123763,0.756975369415,0
"SEC16A",-0.876277718597559,-0.583660397260904,0.00217859593383309,0.0147188066749211,2.661823311277,2.661823311277,-0.79959,0.033044,0.23228,1.48090738650964,-0.50616,0.033044,0.23228,1.48090738650964,0.965340111692,1
"SEC61A1",-2.92949456382335,-2.60383238695982,9.11995310040478e-14,5.69639423555675e-12,13.0400073950365,13.0400073950365,-2.8031,5.0595e-06,0.00015448,5.29589239975512,-2.4765,5.0595e-06,0.00015448,5.29589239975512,1.04270800831,1
"SEC63",-0.849526363337934,-0.611096793024153,1.68109657810729e-07,2.24220508704569e-06,6.77440733585605,6.77440733585605,-0.88582,0.017285,0.14246,1.76233061612157,-0.64673,0.017285,0.14246,1.76233061612157,0.828739266687,1
"SEH1L",-2.57929660874522,-2.35379696228428,9.04283505455612e-10,1.80413054694918e-08,9.04369539081638,9.04369539081638,-2.4095,6.2573e-07,2.7813e-05,6.20361302270807,-2.1833,6.2573e-07,2.7813e-05,6.20361302270807,0.794139893033,1
"SEMG2",0.00519512620698119,0.426976729693275,0.0309991521662752,0.126518640904125,-1.50865018405423,-1.50865018405423,-0.6812,0.12854,0.45798,0.890961704425619,-0.25824,0.12854,0.45798,0.890961704425619,1.24669843105,0
"SENP6",-3.27821570308337,-3.03978613276959,9.91830620404403e-13,4.33795392397926e-11,12.0035624880318,12.0035624880318,-2.8622,2.1891e-06,7.7054e-05,5.65973439902767,-2.6231,2.1891e-06,7.7054e-05,5.65973439902767,0.828739266687,1
"SEPSECS",-0.953443680803017,-0.619731077988595,2.21626587529563e-05,0.000218460493421998,4.65437814049262,4.65437814049262,-0.95626,0.0037321,0.040164,2.42804672803745,-0.62162,0.0037321,0.040164,2.42804672803745,1.06094423934,1
"SERPINA12",-0.119861026551081,0.110518445558621,0.142593717759002,0.358327616617465,0.845899607742916,-0.845899607742916,-0.235,0.31329,0.56618,0.504053467276387,-0.0039795,0.31329,0.56618,0.504053467276387,0.807295566234,0
"SERPINA7",-0.252713821373075,-0.0276911797665874,0.187634856744013,0.423158114094198,0.72668648000066,0.72668648000066,-0.22976,0.20088,0.48568,0.697063300295134,-0.0041071,0.20088,0.48568,0.697063300295134,0.79284746099,0
"SERPINA9",0.247989135748906,0.478368607858608,0.253020815988804,0.504729844915343,-0.596843748005242,-0.596843748005242,0.25852,0.12306,0.45798,-0.90988308924799,0.48955,0.12306,0.45798,-0.90988308924799,0.807295566234,0
"SERPINB12",-0.114599938663701,0.110899707797237,0.232856485038718,0.48068504517787,0.63291166248834,-0.63291166248834,-0.17464,0.39006,0.62347,0.408868583576876,0.051488,0.39006,0.62347,-0.408868583576876,0.794139893033,0
"SETD1A",-1.96174763162415,-1.64656737355037,5.34141038403407e-09,9.17254058131565e-08,8.27234405362146,8.27234405362146,-1.8826,0.0002033,0.0033788,3.69186262136196,-1.5666,0.0002033,0.0033788,3.69186262136196,1.01861304105,1
"SF1",-2.52987229140219,-2.19782420792232,1.26598823867751e-11,3.89643046792967e-10,10.8975703289957,10.8975703289957,-1.974,4.5674e-05,0.00096781,4.34033095244255,-1.641,4.5674e-05,0.00096781,4.34033095244255,1.05719254283,1
"SF3A1",-2.17143487842514,-1.9594826445748,5.48568584988664e-07,6.71241444615131e-06,6.2607690668677,6.2607690668677,-1.6506,0.0091418,0.08486,2.03896828423314,-1.438,0.0091418,0.08486,2.03896828423314,0.756975369415,1
"SF3A2",-1.10078059267771,-0.906408355121336,0.053980414878568,0.189171508155405,1.26776378189917,1.26776378189917,-1.195,0.16751,0.46949,0.775959261372306,-1.0001,0.16751,0.46949,0.775959261372306,0.707275421882,1
"SF3A3",-1.66243168478733,-1.34414205094031,3.80151478422046e-07,4.77073880963925e-06,6.42004331618791,6.42004331618791,-1.4991,0.001804,0.021727,2.74376346679408,-1.1799,0.001804,0.021727,2.74376346679408,1.02580269292,1
"SF3B1",-3.01232735686331,-2.76400671846394,4.84987260606846e-17,1.00756103391072e-14,16.3142696690695,16.3142696690695,-3.1311,5.0226e-10,1.1851e-07,9.29907140768756,-2.8821,5.0226e-10,1.1851e-07,9.29907140768756,0.85465784459,1
"SF3B2",-2.23133127820272,-1.89928319472285,1.38469042929244e-10,3.33319750315698e-09,9.85864730954367,9.85864730954367,-1.8031,4.3272e-05,0.00093138,4.36379303156599,-1.4702,4.3272e-05,0.00093138,4.36379303156599,1.05719254283,1
"SF3B3",-2.68818391438412,-2.37300365631034,2.68049920427357e-16,3.79499120676153e-14,15.5717843173623,15.5717843173623,-2.5013,5.322e-08,3.8097e-06,7.27392512978463,-2.1852,5.322e-08,3.8097e-06,7.27392512978463,1.01861304105,1
"SF3B4",-2.64318818532588,-2.21954896145941,6.06208376953897e-11,1.5959312270964e-09,10.2173780665832,10.2173780665832,-2.3553,5.1777e-05,0.0010768,4.28586311653518,-1.9305,5.1777e-05,0.0010768,4.28586311653518,1.25037007804,1
"SF3B5",-3.21437088208168,-2.9759413117679,2.97238001938375e-13,1.52308577239897e-11,12.5268956667248,12.5268956667248,-2.6026,6.5506e-07,2.8848e-05,6.18371891912958,-2.3635,6.5506e-07,2.8848e-05,6.18371891912958,0.828739266687,1
"SFPQ",-2.8399404516621,-2.52165081781508,3.14205036430067e-05,0.000302844218925258,4.50278685788212,4.50278685788212,-2.7105,4.0324e-05,0.00087781,4.3944363939295,-2.3913,4.0324e-05,0.00087781,4.3944363939295,1.02580269292,1
"SFSWAP",-1.72814030040537,-1.40813669235755,2.691675066616e-12,1.0048044052389e-10,11.5699773684053,11.5699773684053,-1.4412,0.0006781,0.0095438,3.16870625562299,-1.1203,0.0006781,0.0095438,3.16870625562299,1.02975056327,1
"SHCBP1L",-0.2936937650771,0.137479035307453,0.0935465351024923,0.274465944159433,1.02897229382657,-1.02897229382657,-0.39043,0.035896,0.24638,1.44495394347498,0.041946,0.035896,0.24638,-1.44495394347498,1.26516537946,0
"SHOC2",-0.326516154881138,-0.000814472554939993,0.276714022212372,0.529624985634395,0.557968832853416,0.557968832853416,-0.1763,0.48368,0.6927,0.315441870166258,0.15031,0.48368,0.6927,-0.315441870166258,1.04279806325,1
"SHOX",0.116570209225861,0.341888615404324,0.844438685457285,0.927305750941975,-0.0734318789932521,-0.0734318789932521,0.073697,0.71382,0.84794,-0.146411288030743,0.29965,0.71382,0.84794,-0.146411288030743,0.793648963654,0
"SHQ1",-0.711488710886626,-0.3858265340231,0.0138974839465858,0.0686895812441411,1.85706381895612,1.85706381895612,-1.9472,0.006828,0.066584,2.1657064875573,-1.6206,0.006828,0.066584,2.1657064875573,1.04270800831,1
"SI",0.072523579968241,0.289728859646456,0.844361789634853,0.927305750941975,-0.0734714282850473,-0.0734714282850473,0.016802,0.93727,0.97105,-0.0281352835850298,0.23461,0.93727,0.97105,-0.0281352835850298,0.771499871013,0
"SIGLECL1",-0.344893438034367,-0.0275767993893979,0.0735760634520715,0.2337749541883,1.13326345198705,1.13326345198705,-0.45923,0.26696,0.53133,0.573553806353264,-0.14102,0.26696,0.53133,0.573553806353264,1.02355673479,0
"SIN3A",-1.66527593825117,-1.35011293854386,3.10674988581628e-17,6.82520811121914e-15,16.5076937089536,16.5076937089536,-1.6358,1.3114e-05,0.00034383,4.8822648206695,-1.3197,1.3114e-05,0.00034383,4.8822648206695,1.01857303525,1
"SIX6",0.267223215072084,0.497602687181786,0.258134627969842,0.510030535565775,-0.588153732273347,-0.588153732273347,0.3838,0.3686,0.60704,-0.433444669116945,0.61482,0.3686,0.60704,-0.433444669116945,0.807295566234,0
"SKA1",-1.43022570083168,-1.20472605437074,1.32775506297241e-08,2.12540892115507e-07,7.87688203386154,7.87688203386154,-1.3259,0.00019872,0.0033084,3.70175842150351,-1.0998,0.00019872,0.0033084,3.70175842150351,0.794139893033,1
"SKA2",-3.16278614884121,-2.84819694263848,5.11931765435145e-20,2.50885944429793e-17,19.2907879215824,19.2907879215824,-2.9645,3.188e-09,4.4783e-07,8.49648168727592,-2.6491,3.188e-09,4.4783e-07,8.49648168727592,1.0172423198,1
"SKA3",-0.845549420592717,-0.512319216814446,6.94448268749844e-06,7.27287110170727e-05,5.15836010044222,5.15836010044222,-0.84198,0.0020631,0.024371,2.68547972093832,-0.50782,0.0020631,0.024371,2.68547972093832,1.05985795326,1
"SKP2",-0.458145714039394,-0.131973209558587,0.084092346723754,0.256136577359539,1.07524352770847,1.07524352770847,-0.33463,0.075384,0.42023,1.12272082188989,-0.0075423,0.075384,0.42023,1.12272082188989,1.04387089653,1
"SLC10A2",0.0480583575318699,0.340706104481014,0.931732300915427,0.969168477229636,-0.0307088483061016,-0.0307088483061016,0.055625,0.83784,0.92175,-0.0768389094742151,0.34909,0.83784,0.92175,-0.0768389094742151,0.965413289992,0
"SLC13A1",0.227928268203174,0.554142148963388,0.188395358778135,0.424222489670888,-0.724929800491514,-0.724929800491514,0.38803,0.21602,0.49654,-0.665506038258614,0.71516,0.21602,0.49654,-0.665506038258614,1.04396513997,0
"SLC17A2",0.0286168789346982,0.306333239743267,0.588809011046712,0.782608249522657,-0.230025552240671,-0.230025552240671,0.15158,0.47323,0.68464,-0.324927731454351,0.43007,0.47323,0.68464,-0.324927731454351,0.929047400627,0
"SLC17A6",0.123549050401681,0.346669565734501,0.46348039018962,0.694729879828579,-0.333968636088203,-0.333968636088203,0.15914,0.29934,0.5559,-0.523835245677175,0.38288,0.29934,0.5559,-0.523835245677175,0.787682155269,0
"SLC18A3",0.1228786381403,0.340990188494792,0.714888321868489,0.8611369821562,-0.145761797337992,-0.145761797337992,0.12823,0.66667,0.81687,-0.1760890875887,0.34695,0.66667,0.81687,-0.1760890875887,0.773990956641,0
"SLC22A12",0.290238052869817,0.62228613634969,0.168870662735101,0.398079054866304,-0.772445792222477,-0.772445792222477,0.37566,0.19817,0.48423,-0.70296209062064,0.70863,0.19817,0.48423,-0.70296209062064,1.05719254283,0
"SLC22A13",0.674660790180001,1.00032296704353,0.0204561325984709,0.0926172791851366,-1.68917646983714,-1.68917646983714,0.63896,0.15508,0.46507,-0.809444207664828,0.96553,0.15508,0.46507,-0.809444207664828,1.04270800831,0
"SLC22A24",0.0822065622652277,0.414254645745101,0.45524415424037,0.688213360752684,-0.341755622243531,-0.341755622243531,0.088018,0.59646,0.77109,-0.224418675818885,0.42099,0.59646,0.77109,-0.224418675818885,1.05719254283,0
"SLC22A25",0.185523646406216,0.517571729886089,0.67252664673634,0.837343125360132,-0.172290503442598,-0.172290503442598,0.13338,0.48156,0.6909,-0.317349594218536,0.46636,0.48156,0.6909,-0.317349594218536,1.05719254283,0
"SLC22A6",-0.179929264303482,0.152118819176391,0.80456246494166,0.907715152141547,0.0944402323277186,-0.0944402323277186,-0.053674,0.82101,0.91275,0.085651553089609,0.2793,0.82101,0.91275,-0.085651553089609,1.05719254283,0
"SLC22A8",-0.46578691908629,-0.133738835606417,0.110342786230034,0.30352799161102,0.957256054010219,0.957256054010219,-0.43435,0.019819,0.15764,1.70291826233501,-0.10137,0.019819,0.15764,1.70291826233501,1.05719254283,0
"SLC22A9",-0.120267838849556,0.211780244630317,0.251941073921887,0.503196925893116,0.598701023754493,-0.598701023754493,-0.30276,0.15819,0.46617,0.800820973948873,0.030217,0.15819,0.46617,-0.800820973948873,1.05719254283,0
"SLC25A10",-0.199977956980181,0.114611249222545,0.629855814119869,0.810716257978856,0.20075885737009,-0.20075885737009,-0.031757,0.86058,0.93249,0.0652087512009045,0.28371,0.86058,0.93249,-0.0652087512009045,1.0172423198,1
"SLC25A2",0.344948046853013,0.67112055133382,0.509266755239093,0.729830833532738,-0.293054673494857,-0.293054673494857,0.2201,0.28574,0.54453,-0.544028959605692,0.54718,0.28574,0.54453,-0.544028959605692,1.04387089653,0
"SLC25A26",-1.52438794414587,-1.19872576728234,3.27138029237261e-08,4.84696833551299e-07,7.48526896694844,7.48526896694844,-1.4378,0.0018592,0.022292,2.73067388928976,-1.1113,0.0018592,0.022292,2.73067388928976,1.04270800831,1
"SLC25A28",-0.0819565416565533,0.243745140669645,0.49844194060165,0.722281418577142,0.302385421795265,-0.302385421795265,-0.10481,0.53546,0.72914,0.271272966341209,0.2218,0.53546,0.72914,-0.271272966341209,1.04279806325,1
"SLC25A31",-0.181956307096622,0.0421422207696883,0.448409010023624,0.682465953054327,0.348325669573432,-0.348325669573432,-0.12294,0.51112,0.71265,0.291477124875916,0.10179,0.51112,0.71265,-0.291477124875916,0.790340300119,0
"SLC25A45",-0.256033835696384,0.0760142477834894,0.490874577890988,0.716135089476411,0.309029459176465,-0.309029459176465,-0.063055,0.37303,0.61067,0.428256239744831,0.26992,0.37303,0.61067,-0.428256239744831,1.05719254283,1
"SLC2A2",0.165976500977573,0.383181780655788,0.160980235781368,0.385855937608389,-0.793227440850044,-0.793227440850044,0.3257,0.16357,0.46804,-0.786296346319821,0.54352,0.16357,0.46804,-0.786296346319821,0.771499871013,0
"SLC2A7",-0.106862150804549,0.211427483042475,0.749489379224788,0.879234428229466,0.125234517020837,-0.125234517020837,-0.011134,0.95094,0.97767,0.0218468842097546,0.30805,0.95094,0.97767,-0.0218468842097546,1.02580269292,0
"SLC30A9",-1.74805390690237,-1.41434130408795,7.55192882712132e-09,1.26614048835763e-07,8.12194211168326,8.12194211168326,-1.9021,0.00012449,0.0022404,3.90486553306016,-1.5675,0.00012449,0.0022404,3.90486553306016,1.06094423934,1
"SLC32A1",-0.142275190013954,0.27950641347234,0.396156477566254,0.639781601372419,0.40213323851745,-0.40213323851745,-0.073937,0.48519,0.69407,0.314088158732039,0.34902,0.48519,0.69407,-0.314088158732039,1.24669843105,0
"SLC34A1",-0.119336290277359,0.206836214203448,0.474346922551864,0.702914617051773,0.323903912671745,-0.323903912671745,-0.065766,0.66454,0.8154,0.177478872875584,0.26132,0.66454,0.8154,-0.177478872875584,1.04387089653,0
"SLC35B1",-1.82635492649531,-1.50807830905096,2.69754876560266e-09,4.91968030123699e-08,8.56903069550855,8.56903069550855,-2.1215,5.4828e-05,0.0011304,4.26099759589667,-1.8024,5.4828e-05,0.0011304,4.26099759589667,1.02577267031,1
"SLC36A3",0.0846370515760193,0.410809556056827,0.950537311809376,0.978121010046979,-0.022030830934382,-0.022030830934382,0.015242,0.94138,0.97284,-0.026235032693861,0.34233,0.94138,0.97284,-0.026235032693861,1.04387089653,0
"SLC39A12",0.499540408229031,0.717651958583523,0.00323477845488448,0.0207155960709866,-2.49015545815322,-2.49015545815322,0.5683,0.17173,0.47059,-0.765153830078636,0.78702,0.17173,0.47059,-0.765153830078636,0.773990956641,0
"SLC39A7",-1.08744872295792,-0.849019152644139,2.17338273383231e-07,2.83161991763715e-06,6.66286378746001,6.66286378746001,-0.94391,0.0045205,0.047034,2.34481352642059,-0.70481,0.0045205,0.047034,2.34481352642059,0.828739266687,1
"SLC51B",0.359633014041897,0.674796013749209,0.0838675209574846,0.255655490918725,-1.07640619411616,-1.07640619411616,0.28656,0.18493,0.47581,-0.732992630335645,0.6026,0.18493,0.47581,-0.732992630335645,1.01857303525,1
"SLC6A18",0.0636373411439995,0.364697577553506,0.942430920499137,0.97436282403037,-0.0257504734251197,-0.0257504734251197,0.071688,0.74737,0.86942,-0.126464339047188,0.37359,0.74737,0.86942,-0.126464339047188,0.985505550893,0
"SLC6A5",0.665327968728068,0.888448484060888,0.0167402401424631,0.0797100672254355,-1.77623831624727,-1.77623831624727,0.62509,0.11448,0.45798,-0.94127037924828,0.84883,0.11448,0.45798,-0.94127037924828,0.787682155269,0
"SLC6A7",0.189494443862857,0.515666948343664,0.281258176768938,0.53393797502828,-0.550894842839657,-0.550894842839657,0.25066,0.20022,0.4853,-0.698492542961564,0.57775,0.20022,0.4853,-0.698492542961564,1.04387089653,0
"SLC7A13",-0.213815209061455,0.111700500796398,0.0848863346765485,0.257856407290666,1.07116221849862,-1.07116221849862,-0.19999,0.2143,0.4951,0.668977828958171,0.12644,0.2143,0.4951,-0.668977828958171,1.04237407941,0
"SLC7A6OS",-0.595537779825587,-0.280357521751806,4.82032504096241e-06,5.18462985413138e-05,5.31692367571616,5.31692367571616,-0.74858,0.0071837,0.06952,2.14365181262486,-0.43252,0.0071837,0.06952,2.14365181262486,1.01861304105,1
"SLCO1B1",0.0281548992370783,0.348158507284894,0.54640329294652,0.754426264918176,-0.262486692005526,-0.262486692005526,0.075356,0.65857,0.81166,-0.18139805669609,0.39625,0.65857,0.81166,-0.18139805669609,1.02975056327,0
"SLCO6A1",-0.125083836434662,0.201088668046145,0.327369244924531,0.579889562395047,0.484962123295963,-0.484962123295963,-0.077637,0.68562,0.8288,0.163916522235748,0.24945,0.68562,0.8288,-0.163916522235748,1.04387089653,0
"SLITRK1",0.121348449782476,0.506858687060601,0.95912401706309,0.98209243212937,-0.0181252338680205,-0.0181252338680205,0.052242,0.68911,0.831,-0.161711447787666,0.43883,0.68911,0.831,-0.161711447787666,1.17306823842,0
"SLU7",-2.97361982087948,-2.64744731639867,1.40635234176752e-08,2.23624062464249e-07,7.85190585931956,7.85190585931956,-2.5878,1.5748e-05,0.00040187,4.80277459388181,-2.2608,1.5748e-05,0.00040187,4.80277459388181,1.04387089653,1
"SMARCA5",-1.62859399466889,-1.40449546680258,2.08390631478957e-12,8.1495697933283e-11,11.6811218093094,11.6811218093094,-1.6623,5.0786e-05,0.0010597,4.29425599166712,-1.4375,5.0786e-05,0.0010597,4.29425599166712,0.790340300119,1
"SMARCB1",-0.779623749598588,-0.567671515748248,7.6917187005752e-05,0.000697399523359078,4.1139766070417,4.1139766070417,-0.70634,0.018552,0.14986,1.73160926437007,-0.49379,0.018552,0.14986,1.73160926437007,0.756975369415,1
"SMC1A",-0.878170227932763,-0.649266783570087,6.96995193135851e-07,8.4288587709482e-06,6.15677021702649,6.15677021702649,-1.1812,0.10352,0.45798,0.984975736675375,-0.95169,0.10352,0.45798,0.984975736675375,0.803328937333,1
"SMC2",-2.75094561677628,-2.43371386637076,1.66619503962022e-10,3.91709542340237e-09,9.77827416278938,9.77827416278938,-2.9226,1.8944e-07,1.0257e-05,6.72252831495717,-2.6045,1.8944e-07,1.0257e-05,6.72252831495717,1.02336062192,1
"SMC3",-1.76916041096894,-1.44345872864274,1.85560639503664e-08,2.89048125740305e-07,7.73151413942751,7.73151413942751,-1.6983,0.00038177,0.0058003,3.41819820204595,-1.3717,0.00038177,0.0058003,3.41819820204595,1.04279806325,1
"SMC4",-1.74498637169098,-1.41932419482745,3.47799978048415e-09,6.21261773872836e-08,8.45867044974404,8.45867044974404,-1.9813,8.2385e-05,0.0015841,4.08415185396112,-1.6548,8.2385e-05,0.0015841,4.08415185396112,1.04270800831,1
"SMC5",-2.00324973781123,-1.68601798740571,9.85448529732653e-12,3.09784173499674e-10,11.0063660541211,11.0063660541211,-1.9038,2.5075e-05,0.00059021,4.60075905830754,-1.5857,2.5075e-05,0.00059021,4.60075905830754,1.02336062192,1
"SMC6",-2.57196438751522,-2.20546972907475,3.6750975605195e-12,1.29598043679353e-10,11.4347311274824,11.4347311274824,-2.3377,4.389e-05,0.00093938,4.35763441915503,-1.9702,4.389e-05,0.00093938,4.35763441915503,1.13291122865,1
"SMG1",-1.50664314995477,-1.19146289188099,8.0801765415495e-09,1.34878964400555e-07,8.09257915034136,8.09257915034136,-1.6143,0.00015502,0.002691,3.80961226744709,-1.2982,0.00015502,0.002691,3.80961226744709,1.01861304105,1
"SMG5",-1.09211753200647,-0.668478308140005,1.20375098275089e-05,0.00012224916330137,4.91946334530615,4.91946334530615,-1.0171,0.0024266,0.02794,2.6150018067376,-0.59227,0.0024266,0.02794,2.6150018067376,1.25037007804,1
"SMG6",-1.06022507025471,-0.741948452810359,3.62020002091417e-07,4.55816093542376e-06,6.44126743345041,6.44126743345041,-0.99285,0.0031576,0.034924,2.50064288661254,-0.67368,0.0031576,0.034924,2.50064288661254,1.02577267031,1
"SMNDC1",-1.0613424096305,-0.735640727304302,1.08678685931874e-07,1.48581954521882e-06,6.96385562141339,6.96385562141339,-0.98221,0.0006101,0.0086957,3.21459897500761,-0.6556,0.0006101,0.0086957,3.21459897500761,1.04279806325,1
"SNAPC2",-1.42261042303233,-1.11691304641066,1.45084331278612e-08,2.30315350807982e-07,7.8383794876772,7.8383794876772,-1.5052,0.0029922,0.033417,2.52400938139799,-1.1987,0.0029922,0.033417,2.52400938139799,0.996462348026,1
"SNAPC3",-0.723248678757191,-0.280242392236301,0.0300159968910016,0.123481650576348,1.5226472282844,1.5226472282844,-1.1257,0.19203,0.48039,0.716630918084547,-0.68141,0.19203,0.48039,0.716630918084547,1.2881032575,1
"SNAPC4",-0.890000179964673,-0.597382858628018,0.00125599671438831,0.00901459451825154,2.90101149668552,2.90101149668552,-0.82171,0.090095,0.45252,1.04529931038235,-0.52827,0.090095,0.45252,1.04529931038235,0.965340111692,1
"SNCB",0.00146245094173315,0.327634955422541,0.841451165243718,0.926342909578402,-0.0749710838243468,-0.0749710838243468,0.094841,0.51483,0.71563,-0.288336153968809,0.42193,0.51483,0.71563,-0.288336153968809,1.04387089653,1
"SNF8",-1.07592545446765,-0.757648837023299,1.06962687094697e-06,1.25653216867913e-05,5.97076769535209,5.97076769535209,-1.1476,0.00045283,0.0067301,3.34406480884525,-0.82846,0.00045283,0.0067301,3.34406480884525,1.02577267031,1
"SNIP1",-0.885056219803478,-0.566766585956454,3.42545399065377e-07,4.3358080876401e-06,6.46528186137752,6.46528186137752,-1.7585,0.00059368,0.008506,3.22644758141914,-1.4393,0.00059368,0.008506,3.22644758141914,1.02580269292,1
"SNRNP200",-2.36761061569126,-2.12084058902353,6.08676289880963e-10,1.24690567293621e-08,9.21561361524127,9.21561361524127,-2.1561,0.0014374,0.018039,2.84242235947927,-1.9086,0.0014374,0.018039,2.84242235947927,0.850625268501,1
"SNRNP25",-3.02929717765675,-2.71411691958297,1.43343311908486e-14,1.14632666129996e-12,13.8436225654939,13.8436225654939,-2.9144,2.5384e-07,1.2973e-05,6.59543994090764,-2.5983,2.5384e-07,1.2973e-05,6.59543994090764,1.01861304105,1
"SNRNP35",-2.31619607606585,-1.99619246801803,1.16084346633386e-14,9.5634487810513e-13,13.9352263386514,13.9352263386514,-2.3054,2.5325e-06,8.7531e-05,5.59645054596768,-1.9845,2.5325e-06,8.7531e-05,5.59645054596768,1.02975056327,1
"SNRNP48",-1.61313206218919,-1.33541570138062,3.09698578680511e-09,5.56845619409277e-08,8.50906078777407,8.50906078777407,-1.5298,5.106e-05,0.0010642,4.29191918953177,-1.2513,5.106e-05,0.0010642,4.29191918953177,0.929047400627,1
"SNRNP70",-1.34874427375084,-1.03142763510587,2.00001518581812e-06,2.26996972960462e-05,5.69896670679003,5.69896670679003,-1.3538,0.0016808,0.020554,2.7744839606021,-1.0355,0.0016808,0.020554,2.7744839606021,1.02355673479,1
"SNRPB",-1.38142854764067,-1.06164090923153,6.2256617002256e-05,0.000571522920635984,4.20581448238736,4.20581448238736,-1.7102,0.01276,0.11194,1.89414932561486,-1.3895,0.01276,0.11194,1.89414932561486,1.02925370559,1
"SNRPC",-1.38992606430366,-1.15149649398988,1.01133007686072e-05,0.000103978223555885,4.99510707669053,4.99510707669053,-1.4945,0.031744,0.22529,1.49833834952592,-1.2554,0.031744,0.22529,1.49833834952592,0.828739266687,1
"SNRPD2",-3.0704938938662,-2.75317725522123,7.39899064145823e-17,1.37297969058438e-14,16.1308275219911,16.1308275219911,-3.0717,7.1852e-08,4.6395e-06,7.14356113877714,-2.7535,7.1852e-08,4.6395e-06,7.14356113877714,1.02355673479,1
"SNRPD3",-2.46515430166961,-2.25320206781927,1.00066480875741e-07,1.37793274422049e-06,6.99971137315533,6.99971137315533,-3.0394,2.1439e-06,7.5601e-05,5.66879547572415,-2.8269,2.1439e-06,7.5601e-05,5.66879547572415,0.756975369415,1
"SNRPE",-1.91000049527794,-1.49067569119959,3.21927626662183e-11,8.99561802396827e-10,10.4922417521367,10.4922417521367,-1.6553,7.6439e-05,0.0014919,4.11668500316232,-1.2348,7.6439e-05,0.0014919,4.11668500316232,1.24182809129,1
"SNRPF",-3.42386141578351,-3.10385780773569,2.9786600081289e-08,4.44774443245059e-07,7.52597906543892,7.52597906543892,-3.8132,6.5231e-08,4.3593e-06,7.18554596363368,-3.4923,6.5231e-08,4.3593e-06,7.18554596363368,1.02975056327,1
"SNUPN",-1.86179557098658,-1.54663257127927,1.23369618842541e-19,5.12600766290756e-17,18.9087917770413,18.9087917770413,-1.8752,1.0417e-05,0.00028442,4.9822573358385,-1.5592,1.0417e-05,0.00028442,4.9822573358385,1.01857303525,1
"SNW1",-2.65431361881377,-2.42393414670407,2.3267906924285e-15,2.52681536956739e-13,14.6332426821244,14.6332426821244,-2.3674,1.3727e-07,7.9266e-06,6.86242436631796,-2.1364,1.3727e-07,7.9266e-06,6.86242436631796,0.807295566234,1
"SNX22",-0.124605378740681,0.190557620966631,0.945466151362698,0.97542343468613,0.0243540147190362,-0.0243540147190362,0.025188,0.88135,0.9436,-0.0548515911531185,0.34123,0.88135,0.9436,-0.0548515911531185,1.01857303525,1
"SOD1",-3.58323015334293,-3.36115143120963,6.3288952124747e-10,1.29097304371429e-08,9.19867209488016,9.19867209488016,-3.3668,1.7241e-06,6.3372e-05,5.76343754814664,-3.1441,1.7241e-06,6.3372e-05,5.76343754814664,0.784845263169,1
"SOD2",-2.72043722159816,-2.48200765128438,2.51405013408779e-14,1.84298664447172e-12,13.5996260660532,13.5996260660532,-2.657,2.647e-08,2.3201e-06,7.57724605869865,-2.4179,2.647e-08,2.3201e-06,7.57724605869865,0.828739266687,1
"SOHLH1",0.0404710235508223,0.333088344887477,0.993544205276468,0.997510657952888,-0.00281280527228509,-0.00281280527228509,0.064951,0.78677,0.89272,-0.104152208339448,0.35839,0.78677,0.89272,-0.104152208339448,0.965340111692,0
"SON",-1.69377942351924,-1.47170070138594,5.44241932300126e-13,2.58758608260008e-11,12.2642080001068,12.2642080001068,-1.6486,1.2819e-05,0.00033795,4.89214585246314,-1.4259,1.2819e-05,0.00033795,4.89214585246314,0.784845263169,1
"SOS1",0.183395514260112,0.555717851313526,0.993704680131827,0.99761936922784,-0.00274266474300368,-0.00274266474300368,0.051954,0.69822,0.83694,-0.156007715296637,0.42532,0.69822,0.83694,-0.156007715296637,1.14533730473,1
"SOX1",-0.0978944467463151,0.284247114409647,0.849232268063455,0.930111531688546,0.0709735124150632,-0.0709735124150632,0.12107,0.52852,0.72478,-0.276938573682397,0.50428,0.52852,0.72478,-0.276938573682397,1.16603526461,0
"SOX14",0.423513884598392,0.749176061461918,0.0654025501270655,0.215523955272173,-1.18440531766165,-1.18440531766165,0.46289,0.1283,0.45798,-0.891773343625071,0.78946,0.1283,0.45798,-0.891773343625071,1.04270800831,0
"SP8",-0.0057701832793316,0.317449749646786,0.69884433380694,0.851098796915869,0.155619551718614,-0.155619551718614,0.11145,0.40158,0.63235,-0.396227924612856,0.43557,0.40158,0.63235,-0.396227924612856,1.03712983103,0
"SPACA1",0.0797895728569274,0.318219143170708,0.869046563117735,0.940560803086878,-0.0609569536280453,-0.0609569536280453,0.0010386,0.99465,0.99663,-0.00232971303230988,0.24013,0.99465,0.99663,-0.00232971303230988,0.828739266687,0
"SPACA5",0.656810614037498,0.894801144688009,0.0014105007313896,0.0100256230862958,-2.85062668431302,-2.85062668431302,0.52203,0.11968,0.45798,-0.921978419479614,0.76069,0.11968,0.45798,-0.921978419479614,0.827577942438,0
"SPACA7",-0.439054610474096,-0.056913049318134,0.211359615190474,0.454513537931541,0.674977990422232,0.674977990422232,-0.27366,0.094481,0.45786,1.02465551873722,0.10955,0.094481,0.45786,-1.02465551873722,1.16603526461,0
"SPATA16",0.265055662887033,0.482260942565248,0.105141828885376,0.294788877143347,-0.978224472933735,-0.978224472933735,0.35676,0.23826,0.51097,-0.622948862552473,0.57457,0.23826,0.51097,-0.622948862552473,0.771499871013,0
"SPATA21",-0.309575911714884,0.00871372213214044,0.169328699155075,0.398617985829651,0.771269428019913,-0.771269428019913,-0.24387,0.17878,0.47343,0.747681067058347,0.075313,0.17878,0.47343,-0.747681067058347,1.02580269292,0
"SPATA31A7",-0.524931555865751,-0.210012256936914,0.110473656710284,0.303635749310277,0.956741270479477,0.956741270479477,-0.17898,0.56066,0.74759,0.251300427313226,0.13682,0.56066,0.74759,-0.251300427313226,1.01800800558,0
"SPATA31D1",0.199964592125511,0.517196342531034,0.737841999523592,0.873753044417249,-0.132036627447255,-0.132036627447255,0.13242,0.4367,0.65868,-0.35981680807866,0.45054,0.4367,0.65868,-0.35981680807866,1.02336062192,0
"SPATA32",-0.170887624016436,0.147388993427915,0.410200364744423,0.650934218432106,0.387003957798906,-0.387003957798906,-0.11285,0.44733,0.66706,0.349371975072233,0.20631,0.44733,0.66706,-0.349371975072233,1.02577267031,0
"SPATA5",-2.48296596503178,-2.25886743716547,1.7122221817086e-09,3.24659747609091e-08,8.76643988099693,8.76643988099693,-2.1738,0.00020572,0.0034131,3.68672348435095,-1.9491,0.00020572,0.0034131,3.68672348435095,0.790340300119,1
"SPATA5L1",-2.45453300877148,-2.13937000906417,1.9152823899438e-07,2.52286645892459e-06,6.7177671844354,6.7177671844354,-2.4265,0.00011751,0.0021452,3.92992517373247,-2.1105,0.00011751,0.0021452,3.92992517373247,1.01857303525,1
"SPC24",-2.85800950108205,-2.44601982905504,1.19991444463003e-09,2.33305847204617e-08,8.92084971857711,8.92084971857711,-2.3172,1.2964e-05,0.00034036,4.88726097763983,-1.9041,1.2964e-05,0.00034036,4.88726097763983,1.22718838396,1
"SPC25",-2.89916068717847,-2.77105076907147,3.98839135646651e-12,1.39106065686395e-10,11.3992022336064,11.3992022336064,-2.5794,2.6125e-08,2.3201e-06,7.58294370088089,-2.451,2.6125e-08,2.3201e-06,7.58294370088089,0.502861744951,1
"SPCS3",-1.08763813856319,-0.75672440406672,8.59505807129255e-06,8.91842263390958e-05,5.06575118471786,5.06575118471786,-1.0996,0.0089253,0.083093,2.04937717732727,-0.76774,0.0089253,0.083093,2.04937717732727,1.05463020751,1
"SPDL1",-2.00969004788946,-1.68351754340865,3.18288065583782e-11,8.90693967423548e-10,10.4971796452253,10.4971796452253,-1.9835,4.1099e-05,0.00089162,4.3861687450282,-1.6564,4.1099e-05,0.00089162,4.3861687450282,1.04387089653,1
"SPEM1",-0.026611700530847,0.291664916913504,0.587002698428705,0.782027433274142,0.231359902312858,-0.231359902312858,-0.005714,0.9808,0.99165,0.00841954282566018,0.31345,0.9808,0.99165,-0.00841954282566018,1.02577267031,0
"SPHAR",-1.04673242221844,-0.617182392590161,0.00651833561020924,0.0375708529909316,2.18586328273101,2.18586328273101,-0.9543,0.018767,0.15129,1.72660514600286,-0.52355,0.018767,0.15129,1.72660514600286,1.26199119289,0
"SPINK14",-0.114831903869584,0.211340600611223,0.915430699359489,0.961926165926817,0.0383745274135642,-0.0383745274135642,0.06632,0.82028,0.91215,-0.0860378772525478,0.3934,0.82028,0.91215,-0.0860378772525478,1.04387089653,0
"SPO11",-0.366905795133006,0.0548758083532881,0.1870541762049,0.422825392037437,0.728032591221475,-0.728032591221475,-0.20016,0.23421,0.50827,0.63039456591565,0.2228,0.23421,0.50827,-0.63039456591565,1.24669843105,0
"SPPL2C",0.174863139326679,0.49313975677103,0.852636515486655,0.931810950911798,-0.0692360719530535,-0.0692360719530535,0.057498,0.79437,0.89724,-0.0999771656713812,0.37666,0.79437,0.89724,-0.0999771656713812,1.02577267031,0
"SPRR4",0.501986334057894,0.925625557924359,0.619248615150292,0.80312809807746,-0.208134955970642,-0.208134955970642,0.17598,0.53105,0.72641,-0.274864586824729,0.6008,0.53105,0.72641,-0.274864586824729,1.25037007804,0
"SPTSSA",-0.251808054180093,-0.0214285820703909,0.489242720023389,0.715512757323719,0.310475627963662,0.310475627963662,-0.10554,0.53936,0.7318,0.268121264823103,0.12549,0.53936,0.7318,-0.268121264823103,0.807295566234,1
"SRBD1",-2.70457553782901,-2.3322532007756,3.43850832056151e-15,3.49575582611128e-13,14.4636299204074,14.4636299204074,-2.7425,8.5346e-09,9.3748e-07,8.06881682860474,-2.3691,8.5346e-09,9.3748e-07,8.06881682860474,1.14533730473,1
"SRCAP",-0.479890050602423,-0.164709792528642,0.00120052050745594,0.00866196619819006,2.92063041686569,2.92063041686569,-0.71359,0.072857,0.41126,1.13752871547496,-0.39753,0.072857,0.41126,1.13752871547496,1.01861304105,1
"SRF",-1.42265861202666,-1.18422904171288,2.78610651375798e-09,5.06186823169736e-08,8.55500228437541,8.55500228437541,-1.7601,5.3698e-05,0.0011107,4.2700418894427,-1.521,5.3698e-05,0.0011107,4.2700418894427,0.828739266687,1
"SRFBP1",-1.62126667563902,-1.29509417115821,3.76207074568571e-08,5.53537014336343e-07,7.42457304180743,7.42457304180743,-1.3455,0.0018626,0.022306,2.7298804013811,-1.0185,0.0018626,0.022306,2.7298804013811,1.04387089653,1
"SRP54",-3.31635038306731,-3.08597091095761,1.64064923228789e-11,4.89200136922284e-10,10.7849842603639,10.7849842603639,-3.4109,1.0813e-09,2.0021e-07,8.96605379700964,-3.1799,1.0813e-09,2.0021e-07,8.96605379700964,0.807295566234,1
"SRP68",-0.0208342614131034,0.293754944789622,0.367030645973538,0.616630959924514,0.435297671929006,-0.435297671929006,-0.13626,0.61487,0.78311,0.211216696014216,0.17921,0.61487,0.78311,-0.211216696014216,1.0172423198,1
"SRP72",-1.4043375322088,-1.07062492939438,1.97489338289256e-11,5.78928485080146e-10,10.7044563453394,10.7044563453394,-1.3997,9.6553e-05,0.0018022,4.01523422770329,-1.065,9.6553e-05,0.0018022,4.01523422770329,1.06094423934,1
"SRPRB",-1.3105819620096,-0.984919785146074,1.94034890572107e-07,2.55412456164234e-06,6.71212016996411,6.71212016996411,-1.107,0.016113,0.13448,1.79282359290484,-0.78041,0.016113,0.13448,1.79282359290484,1.04270800831,1
"SRRM1",-0.883592914119682,-0.565303280272658,1.58963427191061e-05,0.000159071622193861,4.79870278257337,4.79870278257337,-1.0651,0.0053687,0.054697,2.27013086349527,-0.74589,0.0053687,0.054697,2.27013086349527,1.02580269292,1
"SRRT",-1.95050841751357,-1.62429453675336,4.8508892814128e-09,8.39810206844592e-08,8.3141786377673,8.3141786377673,-1.6664,0.0015762,0.019436,2.80238867683029,-1.3393,0.0015762,0.019436,2.80238867683029,1.04396513997,1
"SRSF1",-3.20613358506693,-2.8915443788642,1.43336213913937e-16,2.42441155445759e-14,15.8436440711794,15.8436440711794,-2.8311,1.0979e-08,1.1593e-06,7.95943721491869,-2.5156,1.0979e-08,1.1593e-06,7.95943721491869,1.0172423198,1
"SRSF11",-2.45677943529704,-2.13848980145002,1.67385468202754e-16,2.71121902860953e-14,15.7762822485728,15.7762822485728,-2.0485,1.0809e-05,0.00029303,4.96621448315777,-1.7293,1.0809e-05,0.00029303,4.96621448315777,1.02580269292,1
"SRSF2",-2.20557580622382,-1.89098660002109,0.00461133005734094,0.028122639242488,2.33617379190944,2.33617379190944,1.77,0.59009,0.7675,-0.22908174509938,2.0854,0.59009,0.7675,-0.22908174509938,1.0172423198,1
"SRSF7",-3.38759701430857,-3.01527467725516,1.13776101261394e-10,2.79053447427885e-09,9.94394895217901,9.94394895217901,-3.3414,1.4504e-11,8.6631e-09,10.8385122089125,-2.9681,1.4504e-11,8.6631e-09,10.8385122089125,1.14533730473,1
"SS18L2",-1.1910022178716,-0.865340041008074,2.4377782234103e-08,3.71260997482399e-07,7.61300580681041,7.61300580681041,-1.829,0.0014637,0.018284,2.83454792716807,-1.5024,0.0014637,0.018284,2.83454792716807,1.04270800831,1
"SSBP4",0.289296820842958,0.701286492869969,0.266304723533814,0.518763853311573,-0.574621130269744,-0.574621130269744,0.33232,0.15826,0.46617,-0.80062883860851,0.74546,0.15826,0.46617,-0.80062883860851,1.22718838396,1
"SSRP1",-1.7726863145648,-1.44063823108493,1.27919519146191e-07,1.73511371117036e-06,6.89306318178643,6.89306318178643,-1.6084,0.012705,0.11164,1.89602533061361,-1.2755,0.012705,0.11164,1.89602533061361,1.05719254283,1
"SSTR4",0.416550584533918,0.736338222943057,0.279174313295273,0.531797508196417,-0.554124543453304,-0.554124543453304,0.33925,0.31359,0.56618,-0.503637794884487,0.65993,0.31359,0.56618,-0.503637794884487,1.02925370559,0
"SSU72",-2.73559639723904,-2.41730676339202,2.81772892899849e-09,5.10960654838218e-08,8.5501007891907,8.5501007891907,-2.5094,2.2148e-05,0.00053515,4.6546654851601,-2.1903,2.2148e-05,0.00053515,4.6546654851601,1.02580269292,1
"SSX3",0.0278258746275157,0.265816405278026,0.759067234925678,0.883944107792974,-0.119719754455007,-0.119719754455007,0.087427,0.64301,0.80039,-0.191782272937289,0.32608,0.64301,0.80039,-0.191782272937289,0.827577942438,0
"SSX5",-0.328764772455484,-0.0907742418049733,0.154140161210791,0.375775625155849,0.81208419113358,0.81208419113358,-0.2604,0.25097,0.52031,0.600378189328264,-0.021746,0.25097,0.52031,0.600378189328264,0.827577942438,0
"SSX7",0.0497393799769585,0.278642824339634,0.563687906666829,0.765019311235042,-0.248961282412742,-0.248961282412742,0.16742,0.43237,0.65527,-0.364144447203578,0.39696,0.43237,0.65527,-0.364144447203578,0.803328937333,0
"STATH",0.105790853064541,0.336624762592411,0.827491011284962,0.919390838502646,-0.0822367150997272,-0.0822367150997272,0.020093,0.85989,0.93206,-0.0655571016035033,0.25157,0.85989,0.93206,-0.0655571016035033,0.808514614036,0
"STRIP1",-1.42972554091522,-1.097918115652,1.01293727420747e-08,1.67187134040823e-07,7.99441744734358,7.99441744734358,-1.353,0.0001017,0.0018872,3.99267904707726,-1.0202,0.0001017,0.0018872,3.99267904707726,1.05664930986,1
"STRN3",0.0191005568113589,0.249480028921061,0.630207027373236,0.810957174589959,-0.200516758362269,-0.200516758362269,-0.033161,0.86157,0.93303,0.0647094316475023,0.19786,0.86157,0.93303,-0.0647094316475023,0.807295566234,1
"STX18",-1.60782176057342,-1.274109157759,2.45791226105809e-15,2.62447357796667e-13,14.6094336239794,14.6094336239794,-1.5953,0.00012936,0.0023085,3.88819999310166,-1.2606,0.00012936,0.0023085,3.88819999310166,1.06094423934,1
"STX5",-0.837543942289901,-0.505495858810028,0.00700647168622747,0.040010365503097,2.15450062867545,2.15450062867545,-0.58111,0.022422,0.17329,1.64932565176672,-0.24813,0.022422,0.17329,1.64932565176672,1.05719254283,1
"SUDS3",-1.00956584268971,-0.689562234641894,2.81480632374522e-05,0.000272678120961695,4.55055148195736,4.55055148195736,-1.1174,0.00084209,0.011439,3.07464148995573,-0.79654,0.00084209,0.011439,3.07464148995573,1.02975056327,1
"SUGT1",-1.41026347904219,-1.07597950975762,0.00225373229643502,0.0151408032976318,2.64709767173522,2.64709767173522,-1.0911,0.17725,0.47321,0.751413756144896,-0.75586,0.17725,0.47321,0.751413756144896,1.06222980875,1
"SULT6B1",-0.279626000183,0.0926963368704142,0.0712799346294197,0.22924063902179,1.14703270726096,-1.14703270726096,-0.32371,0.18466,0.47581,0.733627168775397,0.049649,0.18466,0.47581,-0.733627168775397,1.14533730473,0
"SUN5",0.543905869524898,0.863693507934037,0.0295069892730598,0.12195148378428,-1.53007510120155,-1.53007510120155,0.52664,0.095733,0.45798,-1.01893833131945,0.84732,0.095733,0.45798,-1.01893833131945,1.02925370559,0
"SUPT4H1",-2.87964566758309,-2.56505646138036,8.27360896527744e-08,1.15257644426638e-06,7.08230500897052,7.08230500897052,-3.1062,2.2865e-05,0.00054699,4.6408287942833,-2.7908,2.2865e-05,0.00054699,4.6408287942833,1.0172423198,1
"SUPT5H",-1.60634983666984,-1.28903319802487,2.63894432130095e-07,3.40798262250169e-06,6.57856977279884,6.57856977279884,-1.9234,0.00016462,0.0028219,3.78351740264754,-1.6052,0.00016462,0.0028219,3.78351740264754,1.02355673479,1
"SUPT6H",-1.44322644930958,-1.12494983186523,6.76285991769592e-07,8.20168411211435e-06,6.16986960822773,6.16986960822773,-1.1057,0.0055602,0.056318,2.25490958659524,-0.7865,0.0055602,0.056318,2.25490958659524,1.02577267031,1
"SUPV3L1",-2.86902170583769,-2.6509101554832,4.58411132790058e-10,9.67065340068033e-09,9.33874484380991,9.33874484380991,-2.8618,9.0043e-08,5.5665e-06,7.04555004386098,-2.6431,9.0043e-08,5.5665e-06,7.04555004386098,0.773990956641,1
"SURF1",-0.466399934766831,-0.173782613430176,0.0372439479949437,0.145511769833884,1.42894428844422,1.42894428844422,-0.49643,0.064863,0.38306,1.18800296850123,-0.203,0.064863,0.38306,1.18800296850123,0.965340111692,1
"SURF6",-1.9000031789273,-1.60738585759065,4.48923978480695e-09,7.82158979097678e-08,8.34782719690681,8.34782719690681,-1.8462,1.1393e-05,0.00030755,4.94336190262035,-1.5528,1.1393e-05,0.00030755,4.94336190262035,0.965340111692,1
"SYMPK",-1.63183217845587,-1.3145155398109,1.75464057064701e-09,3.32044012146301e-08,8.75581183314204,8.75581183314204,-1.9778,3.896e-05,0.00085004,4.40938105179342,-1.6596,3.896e-05,0.00085004,4.40938105179342,1.02355673479,1
"SYS1",-1.73898445237622,-1.31720284888993,5.94044377077198e-07,7.23643733529412e-06,6.22618111057459,6.22618111057459,-1.5176,6.5449e-05,0.0013085,4.1840969846793,-1.0947,6.5449e-05,0.0013085,4.1840969846793,1.24669843105,1
"SYVN1",-1.74592379436964,-1.41387571088977,6.74836646155678e-11,1.7596388564766e-09,10.1708013416267,10.1708013416267,-1.496,0.00021314,0.0035149,3.67133503855847,-1.163,0.00021314,0.0035149,3.67133503855847,1.05719254283,1
"TAAR1",-0.403484082584532,-0.165054512270751,0.287415495991716,0.539626041239532,0.541489820605859,0.541489820605859,-0.1615,0.38022,0.61612,0.419965042491117,0.077592,0.38022,0.61612,-0.419965042491117,0.828739266687,0
"TAAR2",0.0621016578753059,0.300531228189087,0.655353022045733,0.826019672273812,-0.183524693557159,-0.183524693557159,-0.0085774,0.97498,0.98905,0.0110042929975917,0.23052,0.97498,0.98905,-0.0110042929975917,0.828739266687,0
"TAAR5",0.603732571010541,0.842162141324322,0.043853450998805,0.16402563775737,-1.35799622462941,-1.35799622462941,0.62551,0.1901,0.47912,-0.721017883134557,0.86461,0.1901,0.47912,-0.721017883134557,0.828739266687,0
"TAAR6",0.0988760730017907,0.337305643315572,0.751729902104895,0.880542600902792,-0.123938174164086,-0.123938174164086,-0.017412,0.94562,0.97499,0.0242833509744701,0.22168,0.94562,0.97499,-0.0242833509744701,0.828739266687,0
"TAAR8",0.204591695758442,0.443021266072223,0.899615198786862,0.95529447716058,-0.0459432158714585,-0.0459432158714585,0.071294,0.72443,0.85486,-0.140003573039537,0.31039,0.72443,0.85486,-0.140003573039537,0.828739266687,0
"TAAR9",0.409965176445929,0.64839474675971,0.0145279072527796,0.0710703586696639,-1.83779694138181,-1.83779694138181,0.28608,0.17069,0.47043,-0.767791921603684,0.52518,0.17069,0.47043,-0.767791921603684,0.828739266687,0
"TACC3",-1.49506841801661,-1.17206349097438,4.25650885445916e-08,6.21027891108991e-07,7.3709464588442,7.3709464588442,-1.3248,0.00048024,0.0070989,3.31854166965218,-1.0009,0.00048024,0.0070989,3.31854166965218,1.03663771495,1
"TAF1",-2.15728084423589,-1.93091894116457,3.43411377705869e-09,6.13996413666257e-08,8.46418532014476,8.46418532014476,-1.8972,4.2455e-06,0.00013502,5.37207115478315,-1.6702,4.2455e-06,0.00013502,5.37207115478315,0.796473220463,1
"TAF10",-1.06117983635557,-0.83805932102275,3.42600574456275e-05,0.000328886227000642,4.46521191316566,4.46521191316566,-1.1073,0.045246,0.29586,1.34441980882814,-0.88354,0.045246,0.29586,1.34441980882814,0.787682155269,1
"TAF12",-0.621948061683,-0.303658427835976,0.00898445641987101,0.0489154854595138,2.04650819356801,2.04650819356801,-0.50601,0.083138,0.4407,1.08020042726078,-0.18683,0.083138,0.4407,1.08020042726078,1.02580269292,1
"TAF13",-1.3570873963416,-1.02527997107838,5.55820472525733e-12,1.88024720201493e-10,11.255065460903,11.255065460903,-1.3461,5.734e-05,0.0011671,4.24154231138953,-1.0134,5.734e-05,0.0011671,4.24154231138953,1.05664930986,1
"TAF1A",-1.32804747828356,-0.898497448655281,5.13639346248621e-05,0.000480292995344906,4.28934171546071,4.28934171546071,-1.2075,0.031377,0.22294,1.50338858228283,-0.77679,0.031377,0.22294,1.50338858228283,1.26199119289,1
"TAF1B",-2.04902678945593,-1.68253213101546,4.56973211112722e-11,1.23888354382943e-09,10.3401092585886,10.3401092585886,-1.6575,0.0010014,0.013243,2.99939241293711,-1.29,0.0010014,0.013243,2.99939241293711,1.13291122865,1
"TAF1C",-2.37006474196235,-2.05488448388857,2.12102456677948e-20,1.30771427564052e-17,19.6734543012359,19.6734543012359,-2.0722,4.3419e-06,0.00013694,5.36232018317278,-1.7561,4.3419e-06,0.00013694,5.36232018317278,1.01861304105,1
"TAF2",-2.03693228570198,-1.71141657584413,3.22658083290486e-12,1.16798559582028e-10,11.4912574503942,11.4912574503942,-2.7594,1.0905e-06,4.371e-05,5.96237433008528,-2.433,1.0905e-06,4.371e-05,5.96237433008528,1.04237407941,1
"TAF4",-1.35043867574574,-0.950542309552495,5.53240757118974e-11,1.46658676710332e-09,10.2570858330098,10.2570858330098,-1.1759,0.00054883,0.0079529,3.2605621573626,-0.77489,0.00054883,0.0079529,3.2605621573626,1.20272299885,1
"TAF5",-1.28455804920713,-0.958856366880932,0.000139516124351413,0.00121042745561896,3.85537559660426,3.85537559660426,-1.0908,0.016229,0.13522,1.78970823974628,-0.76421,0.016229,0.13522,1.78970823974628,1.04279806325,1
"TAF6",-2.83273594528498,-2.50652206452477,1.32490989531505e-09,2.55787907365218e-08,8.87781365629176,8.87781365629176,-2.2025,8.4242e-05,0.001615,4.07447133105983,-1.8754,8.4242e-05,0.001615,4.07447133105983,1.04396513997,1
"TAF6L",0.691858633722638,1.02390671720251,4.34163089454266e-05,0.00040978563598713,-4.36234710102835,-4.36234710102835,0.6256,0.157,0.46523,-0.804100347590766,0.95857,0.157,0.46523,-0.804100347590766,1.05719254283,1
"TANGO6",-3.24648382203813,-2.93130356396435,3.49954071630404e-12,1.23864299464295e-10,11.4559889492106,11.4559889492106,-2.6374,4.1083e-06,0.00013109,5.38633785047217,-2.3213,4.1083e-06,0.00013109,5.38633785047217,1.01861304105,1
"TARBP2",-0.382701765358649,-0.0626981573108333,6.84880160676111e-05,0.000626021736537661,4.16438541406997,4.16438541406997,-0.48797,0.035633,0.24537,1.44814761215366,-0.16707,0.035633,0.24537,1.44814761215366,1.02975056327,1
"TARS",-1.39092020826406,-1.06474770378325,0.000236662475721495,0.00197009141919205,3.62587059665049,3.62587059665049,-1.0105,0.11485,0.45798,0.939869000468955,-0.68344,0.11485,0.45798,0.939869000468955,1.04387089653,1
"TARS2",-2.41811810127512,-1.99447887740866,7.01662773611004e-19,2.63824780471704e-16,18.1538715641498,18.1538715641498,-2.3533,4.2654e-07,2.0229e-05,6.37004023538812,-1.9285,4.2654e-07,2.0229e-05,6.37004023538812,1.25037007804,1
"TAS1R2",-0.125015267294785,0.193274366552239,0.261487810008231,0.513544647830591,0.58254855218698,-0.58254855218698,-0.13062,0.36238,0.60203,0.440835779343248,0.18856,0.36238,0.60203,-0.440835779343248,1.02580269292,0
"TAS2R1",0.016326944440423,0.317387180849929,0.784046692480004,0.898156209244473,-0.105658072924513,-0.105658072924513,0.0048764,0.98645,0.99337,-0.00592492285417303,0.30678,0.98645,0.99337,-0.00592492285417303,0.985505550893,0
"TAS2R13",-0.137775095756043,0.182228512291773,0.421884041998982,0.661139452767796,0.374806901740321,-0.374806901740321,-0.10826,0.68511,0.82856,0.164239693386873,0.21264,0.68511,0.82856,-0.164239693386873,1.02975056327,0
"TAS2R16",-0.261815320755111,0.0643985600051027,0.143695618860371,0.360332506334067,0.842556472880187,-0.842556472880187,-0.24556,0.11588,0.45798,0.935991513468276,0.081562,0.11588,0.45798,-0.935991513468276,1.04396513997,0
"TAS2R39",0.214865056411493,0.561997009972046,0.316631918996834,0.569254818749216,-0.499445306954845,-0.499445306954845,0.26848,0.18166,0.47502,-0.740740690147637,0.61659,0.18166,0.47502,-0.740740690147637,1.09083922719,0
"TAS2R40",0.307766335859667,0.65489828942022,0.20416102050686,0.445256122700131,-0.690027172115522,-0.690027172115522,0.3724,0.17722,0.47321,-0.7514872677791,0.7205,0.17722,0.47321,-0.7514872677791,1.09083922719,0
"TAS2R41",-0.623789400333582,-0.276657446773029,0.0421660213502391,0.159241091892337,1.37503737567837,1.37503737567837,-0.45947,0.061599,0.37046,1.2104263381279,-0.11137,0.061599,0.37046,1.2104263381279,1.09083922719,0
"TAS2R42",-0.184724460507006,0.13527914754081,0.386773383911464,0.633236224661625,0.412543419847826,-0.412543419847826,-0.10975,0.486,0.69478,0.313363730737707,0.21115,0.486,0.69478,-0.313363730737707,1.02975056327,0
"TAS2R43",0.696477405917641,1.01648101396546,0.00604115280999477,0.0352671208483293,-2.21888017872209,-2.21888017872209,0.63578,0.12349,0.45798,-0.908368209373192,0.95668,0.12349,0.45798,-0.908368209373192,1.02975056327,0
"TAS2R46",-0.793636679414114,-0.473633071366298,0.0240752492429476,0.104698575376668,1.61842920807564,1.61842920807564,-0.46519,0.058025,0.35489,1.23638485087204,-0.14429,0.058025,0.35489,1.23638485087204,1.02975056327,0
"TAS2R50",0.168761134057133,0.488764742104949,0.821425191213933,0.91598014467164,-0.0854319824691651,-0.0854319824691651,0.11915,0.32236,0.57266,-0.491658852899885,0.44005,0.32236,0.57266,-0.491658852899885,1.02975056327,0
"TAS2R60",0.14837114243634,0.495503095996893,0.46302584839896,0.694375287599005,-0.334394763833693,-0.334394763833693,0.24486,0.46181,0.67751,-0.335536667136041,0.59296,0.46181,0.67751,-0.335536667136041,1.09083922719,0
"TAS2R7",-0.14598599920803,0.174017608839786,0.333402772773743,0.585369024069866,0.477030792644399,-0.477030792644399,-0.081777,0.47121,0.6832,0.326785501542823,0.23912,0.47121,0.6832,-0.326785501542823,1.02975056327,0
"TAS2R8",-0.357597574182986,-0.0375939661351703,0.29427347916325,0.547629358672052,0.531248876099685,0.531248876099685,-0.2157,0.31098,0.56445,0.507267540776825,0.1052,0.31098,0.56445,-0.507267540776825,1.02975056327,0
"TAS2R9",0.473955198070005,0.793958806117821,0.146907596725667,0.364825288013977,-0.832955745865744,-0.832955745865744,0.42942,0.23816,0.51097,-0.623131178361332,0.75032,0.23816,0.51097,-0.623131178361332,1.02975056327,0
"TBC1D21",-0.0393887585264777,0.275774241180835,0.828866711199595,0.919793205776969,0.0815153020728789,-0.0815153020728789,-0.022724,0.92209,0.96377,0.0352266878446323,0.29332,0.92209,0.96377,-0.0352266878446323,1.01857303525,0
"TBCA",-1.67802774707294,-1.35185524259213,6.32423116394935e-07,7.68925128731323e-06,6.19899226407304,6.19899226407304,-1.6025,0.0024774,0.028456,2.60600386674165,-1.2754,0.0024774,0.028456,2.60600386674165,1.04387089653,1
"TBCC",-2.37848741389201,-2.14005784357823,3.24443461332659e-13,1.64922549905615e-11,12.4888609739656,12.4888609739656,-1.9324,3.2468e-05,0.00073527,4.48854446270493,-1.6933,3.2468e-05,0.00073527,4.48854446270493,0.828739266687,1
"TBCD",-2.04406279522509,-1.72947358902236,2.2215341662102e-11,6.45291527640965e-10,10.6533470031152,10.6533470031152,-2.2522,0.00017127,0.002915,3.76631870227365,-1.9367,0.00017127,0.002915,3.76631870227365,1.0172423198,1
"TBCE",-2.3510331012392,-1.92148307161092,5.30019065374704e-10,1.09967733921566e-08,9.27570850806316,9.27570850806316,-2.3468,8.5339e-06,0.00024022,5.06885245049741,-1.916,8.5339e-06,0.00024022,5.06885245049741,1.26199119289,1
"TBL3",-2.34211007974733,-2.02692982167355,2.59876504979186e-09,4.75768164719079e-08,8.58523298259645,8.58523298259645,-3.1877,4.3325e-06,0.00013687,5.36326142861405,-2.8716,4.3325e-06,0.00013687,5.36326142861405,1.01861304105,1
"TBP",-1.86127950592401,-1.62284993561023,0.0186201865770448,0.0862869022018118,1.73001597163743,1.73001597163743,-1.4872,0.13948,0.4612,0.855488061296061,-1.2481,0.13948,0.4612,0.855488061296061,0.828739266687,1
"TBPL2",0.204496423453639,0.434875895563341,0.413420184731444,0.653203353984682,-0.383608323297788,-0.383608323297788,0.24379,0.33859,0.58516,-0.470325872597288,0.47481,0.33859,0.58516,-0.470325872597288,0.807295566234,0
"TBR1",0.137238774823337,0.392125664958235,0.901262907345544,0.956034962154256,-0.0451485025234932,-0.0451485025234932,0.11394,0.6634,0.81468,-0.178224532816536,0.36954,0.6634,0.81468,-0.178224532816536,0.871610435975,0
"TBX10",0.168291090360951,0.500339173840824,0.768603041633735,0.888759751633225,-0.114297901211596,-0.114297901211596,0.11773,0.44329,0.6639,-0.353312065663905,0.45071,0.44329,0.6639,-0.353312065663905,1.05719254283,0
"TCHHL1",-0.160151841425303,0.263487382441162,0.221924139653,0.467759962011821,0.653795455100608,-0.653795455100608,-0.15362,0.29833,0.55493,0.525303071883171,0.27121,0.29833,0.55493,-0.525303071883171,1.25037007804,0
"TCP1",-3.04070110133387,-2.80227153102009,1.29297810664996e-08,2.08019280744114e-07,7.88840882874807,7.88840882874807,-3.2147,1.1435e-11,7.3747e-09,10.9417638310572,-2.9756,1.1435e-11,7.3747e-09,10.9417638310572,0.828739266687,1
"TCP10L2",-0.30439048020684,-0.0659609098930589,0.215150703503307,0.459155170278369,0.667257229515868,0.667257229515868,-0.13901,0.64455,0.80147,0.190743387260416,0.10008,0.64455,0.80147,-0.190743387260416,0.828739266687,0
"TEDDM1",-0.0897983153910574,0.341374484993496,0.55827033898592,0.761731582716363,0.253155445688775,-0.253155445688775,-0.04616,0.81432,0.90917,0.0892048986432762,0.38622,0.81432,0.90917,-0.0892048986432762,1.26516537946,0
"TEFM",-1.78727450348344,-1.46899788603909,4.43948047663321e-11,1.20528111292458e-09,10.3526678495549,10.3526678495549,-1.6337,2.0591e-05,0.00050326,4.68632256139868,-1.3145,2.0591e-05,0.00050326,4.68632256139868,1.02577267031,1
"TEN1",-1.18530526699961,-0.870716060796884,5.03770306921014e-06,5.39415231158619e-05,5.29776743413919,5.29776743413919,-1.0821,0.0010884,0.014258,2.96321146689228,-0.76666,0.0010884,0.014258,2.96321146689228,1.0172423198,1
"TERF2",-3.07015836831953,-2.75497811024575,1.77937719213105e-07,2.35847685667134e-06,6.74973198047289,6.74973198047289,-3.7507,6.4534e-10,1.443e-07,9.19021141525722,-3.4346,6.4534e-10,1.443e-07,9.19021141525722,1.01861304105,1
"TEX10",-1.54218638711958,-1.22495463671406,1.69678218889219e-09,3.22051618433926e-08,8.77037390325295,8.77037390325295,-1.5196,0.00033437,0.0052034,3.47577269480634,-1.2015,0.00033437,0.0052034,3.47577269480634,1.02336062192,1
"TEX101",0.117336615806431,0.4346532544514,0.830784013066924,0.920741845869666,-0.0805118692669578,-0.0805118692669578,0.038621,0.82751,0.91582,-0.0822267493122704,0.35682,0.82751,0.91582,-0.0822267493122704,1.02355673479,0
"TEX13A",0.28512034722438,0.511482250295705,0.0962615173317139,0.279272371093055,-1.01654729699486,-1.01654729699486,0.33571,0.10906,0.45798,-0.962334506649198,0.56271,0.10906,0.45798,-0.962334506649198,0.796473220463,0
"TEX28",0.300013603928076,0.520444457566083,0.126284974639123,0.330279792046737,-0.898648318641023,-0.898648318641023,0.44802,0.16615,0.46946,-0.77949965438527,0.66907,0.16615,0.46946,-0.77949965438527,0.780346554575,0
"TFAM",-3.59072910814134,-3.37261755778685,9.96530369779609e-12,3.12240737009798e-10,11.0015094614123,11.0015094614123,-3.0289,1.023e-07,6.1878e-06,6.99012436628784,-2.8102,1.023e-07,6.1878e-06,6.99012436628784,0.773990956641,1
"TFAP2D",0.269720796682657,0.508150366996438,0.107822633975133,0.299362870884184,-0.967290063094532,-0.967290063094532,0.32926,0.20139,0.48606,-0.695962098095417,0.56835,0.20139,0.48606,-0.695962098095417,0.828739266687,0
"TFB1M",-1.75251995190285,-1.51409038158907,0.000390820004422958,0.00312672362684638,3.40802321468675,3.40802321468675,-1.2825,0.1157,0.45798,0.93666664104825,-1.0435,0.1157,0.45798,0.93666664104825,0.828739266687,1
"TFDP3",0.497238245047006,0.723414295450342,0.0376156201671896,0.146574382926706,-1.42463177359043,-1.42463177359043,0.52706,0.12441,0.45798,-0.90514470991632,0.75387,0.12441,0.45798,-0.90514470991632,0.795970608931,0
"TGIF2LX",0.24663453138116,0.472996434452485,0.083060048622522,0.253934938015877,-1.08060781899442,-1.08060781899442,0.38378,0.32764,0.57738,-0.484603082739414,0.61077,0.32764,0.57738,-0.484603082739414,0.796473220463,0
"TGM6",0.387780318548731,0.70756795695787,0.0350833260749277,0.139031227715135,-1.45489924006333,-1.45489924006333,0.40061,0.084638,0.44284,-1.07243460758708,0.72129,0.084638,0.44284,-1.07243460758708,1.02925370559,0
"THAP1",-2.48831292335578,-2.27373715392827,5.3132496381089e-14,3.51391489042129e-12,13.2746397786873,13.2746397786873,-2.3954,2.8391e-07,1.428e-05,6.54681931029791,-2.1802,2.8391e-07,1.428e-05,6.54681931029791,0.764247638684,1
"THAP11",-0.331435209681495,-0.0162549516077144,0.0121838546454244,0.0621026357097189,1.91421529081668,1.91421529081668,-0.56064,0.047078,0.3046,1.32718199543382,-0.24458,0.047078,0.3046,1.32718199543382,1.01861304105,1
"THG1L",-2.60787516284553,-2.28170265836472,7.46220309947772e-07,8.97577645313516e-06,6.12713293490091,6.12713293490091,-1.8038,0.0080943,0.076777,2.09182070333831,-1.4767,0.0080943,0.076777,2.09182070333831,1.04387089653,1
"THOC1",-1.40485245443189,-1.17935280797095,2.26668796851261e-08,3.46308610249253e-07,7.64460826058813,7.64460826058813,-1.3576,0.0020399,0.024162,2.6903911220411,-1.1314,0.0020399,0.024162,2.6903911220411,0.794139893033,1
"THOC2",-1.51308254318485,-1.28690649278151,8.4003967482805e-13,3.79566863002092e-11,12.0757002018524,12.0757002018524,-1.5382,6.0221e-05,0.001218,4.22025203708503,-1.3114,6.0221e-05,0.001218,4.22025203708503,0.795970608931,1
"THOC5",-1.09577024371778,-0.88381800986744,5.8111432256942e-07,7.09127733841294e-06,6.23573842048927,6.23573842048927,-1.1934,0.0043444,0.045599,2.36207019497648,-0.9809,0.0043444,0.045599,2.36207019497648,0.756975369415,1
"THOC7",-1.22517060599215,-0.899508429128624,0.000360471637334807,0.00290336890197226,3.44312890080188,3.44312890080188,-1.2081,0.050012,0.31937,1.300925777494,-0.88149,0.050012,0.31937,1.300925777494,1.04270800831,1
"TICRR",-3.09330957275439,-2.77814657304708,7.75105964649719e-13,3.54416275175839e-11,12.1106389210849,12.1106389210849,-2.6118,3.5888e-06,0.00011745,5.44505074376111,-2.2957,3.5888e-06,0.00011745,5.44505074376111,1.01857303525,1
"TIGD3",-0.261304095955878,0.0707439875239954,0.14498559498468,0.36233128621106,0.838675144864596,-0.838675144864596,-0.34795,0.17288,0.47089,0.762255246124815,-0.014971,0.17288,0.47089,0.762255246124815,1.05719254283,1
"TIMELESS",-2.6814684223895,-2.36146481434168,4.0051282092373e-12,1.39435365142354e-10,11.3973835770396,11.3973835770396,-2.6159,3.8667e-07,1.8757e-05,6.41265952159093,-2.295,3.8667e-07,1.8757e-05,6.41265952159093,1.02975056327,1
"TIMM10",-3.397665869791,-3.06561778631113,2.18297279649146e-09,4.05079214168363e-08,8.66095167629602,8.66095167629602,-2.5099,6.995e-06,0.00020319,5.15521228117215,-2.1769,6.995e-06,0.00020319,5.15521228117215,1.05719254283,1
"TIMM13",-2.37034346701411,-2.17597122945774,1.48486055055968e-14,1.17759915779449e-12,13.8283143308358,13.8283143308358,-1.9502,1.3695e-05,0.00035564,4.86343796341002,-1.7553,1.3695e-05,0.00035564,4.86343796341002,0.707275421882,1
"TIMM22",-0.599866510048214,-0.281589892603863,0.0257721621509669,0.110271621936743,1.58884914486222,1.58884914486222,-0.52884,0.14195,0.4612,0.847864603138124,-0.20967,0.14195,0.4612,0.847864603138124,1.02577267031,1
"TIMM23",-2.62567002899083,-2.40755847863634,1.36860105044131e-07,1.84993436188718e-06,6.86372313100587,6.86372313100587,-1.8469,0.0017369,0.021145,2.76022518483348,-1.6282,0.0017369,0.021145,2.76022518483348,0.773990956641,1
"TIMM44",-1.77813876739462,-1.47244139077295,0.000705217754125562,0.0053360359994465,3.15167676270609,3.15167676270609,-1.4142,0.056507,0.34883,1.24789774911744,-1.1077,0.056507,0.34883,1.24789774911744,0.996462348026,1
"TIMM50",-1.03021290794911,-0.712896269304141,0.000734988139734511,0.0055415496310634,3.13371966892861,3.13371966892861,-0.85996,0.23719,0.51035,0.624903624904603,-0.54176,0.23719,0.51035,0.624903624904603,1.02355673479,1
"TINF2",-1.17537781859704,-0.944998346487338,6.89161128120981e-05,0.000629332854361028,4.16167922675311,4.16167922675311,-0.9626,0.046159,0.30008,1.33574360841355,-0.73158,0.046159,0.30008,1.33574360841355,0.807295566234,1
"TKT",-1.48451986566957,-1.15885768880604,2.83284501493752e-13,1.46300291718537e-11,12.5477771850979,12.5477771850979,-1.3602,0.00014799,0.0025998,3.8297676298182,-1.0337,0.00014799,0.0025998,3.8297676298182,1.04270800831,1
"TKTL2",-0.0281923069468995,0.195906220919411,0.645465667350774,0.819845414920392,0.190126853129008,-0.190126853129008,-0.023551,0.92046,0.96251,0.0359950796822145,0.20117,0.92046,0.96251,-0.0359950796822145,0.790340300119,0
"TLCD1",-0.869582415780575,-0.551305798336224,8.2169100292365e-05,0.000740451680286644,4.08529146829229,4.08529146829229,-1.0044,0.019956,0.1584,1.69992650473286,-0.68528,0.019956,0.1584,1.69992650473286,1.02577267031,1
"TLDC2",0.403604856405946,0.82538645989224,0.00166708926133751,0.0116161418344673,-2.77804114602173,-2.77804114602173,0.47379,0.096036,0.45798,-1.01756593705842,0.89675,0.096036,0.45798,-1.01756593705842,1.24669843105,1
"TLN1",-0.823287051839269,-0.508367752910432,0.000602531078935213,0.00462497048662198,3.22002054699051,3.22002054699051,-0.79068,0.014408,0.12304,1.84139630018852,-0.47488,0.014408,0.12304,1.84139630018852,1.01800800558,1
"TLX1",0.456214463302463,0.781916145628661,0.1506700787578,0.37020463386742,-0.821972984716433,-0.821972984716433,0.4116,0.35843,0.59944,-0.445595647756576,0.73821,0.35843,0.59944,-0.445595647756576,1.04279806325,0
"TMED10",-3.02416107090775,-2.79378159879805,7.72713069269275e-14,4.874212835955e-12,13.1119817422606,13.1119817422606,-2.9257,1.2243e-08,1.2316e-06,7.91211215050707,-2.6947,1.2243e-08,1.2316e-06,7.91211215050707,0.807295566234,1
"TMED2",-2.34654862463118,-2.02654501658336,1.40670686267302e-12,5.88323594447907e-11,11.8517963938141,11.8517963938141,-2.081,5.3988e-07,2.4627e-05,6.26770276078681,-1.7601,5.3988e-07,2.4627e-05,6.26770276078681,1.02975056327,1
"TMEM132D",0.216278157963008,0.536281766010824,0.291645976322639,0.544411519235725,-0.535144010912105,-0.535144010912105,0.30413,0.24927,0.51871,-0.603329986311489,0.62503,0.24927,0.51871,-0.603329986311489,1.02975056327,0
"TMEM174",0.240540185505779,0.566712689986586,0.780209668599571,0.896024616197076,-0.107788672079311,-0.107788672079311,0.11196,0.4994,0.70415,-0.301551461984671,0.43904,0.4994,0.70415,-0.301551461984671,1.04387089653,0
"TMEM199",-1.65198465462607,-1.33370803718172,1.91229256746007e-09,3.59033868780592e-08,8.71844566294208,8.71844566294208,-1.3956,0.0004347,0.0064961,3.36181035980916,-1.0765,0.0004347,0.0064961,3.36181035980916,1.02577267031,1
"TMEM207",0.461880938724363,0.679086218402578,0.0909644673283011,0.269592784004624,-1.0411282192923,-1.0411282192923,0.34747,0.24439,0.51489,-0.611916568616351,0.56528,0.24439,0.51489,-0.611916568616351,0.771499871013,0
"TMEM225",0.232137061227341,0.56863581728772,0.100979062398737,0.287760969081119,-0.99576866609196,-0.99576866609196,0.32747,0.12204,0.45798,-0.913497801029631,0.66491,0.12204,0.45798,-0.913497801029631,1.06720226046,0
"TMEM258",-1.33911888464349,-1.00707080116362,6.25080318914817e-08,8.8826469408319e-07,7.20406417494338,7.20406417494338,-1.456,0.0012339,0.01585,2.90872003577116,-1.123,0.0012339,0.01585,2.90872003577116,1.05719254283,1
"TMEM41B",-0.780068016059357,-0.556947500726537,3.06541664057809e-06,3.38666521684214e-05,5.51351048936522,5.51351048936522,-0.62386,0.012757,0.11194,1.89425144447301,-0.40012,0.012757,0.11194,1.89425144447301,0.787682155269,1
"TMIGD1",-0.515738456211766,-0.197461838767415,0.024591242359508,0.106313597651499,1.60921952997419,1.60921952997419,-0.45837,0.051372,0.32523,1.28927352611807,-0.1392,0.051372,0.32523,1.28927352611807,1.02577267031,0
"TMPRSS11A",-0.328304496509022,-0.0941848230417316,0.276860125448188,0.529745477794696,0.55773958865607,0.55773958865607,-0.19023,0.36782,0.60627,0.434364659944356,0.044542,0.36782,0.60627,-0.434364659944356,0.817298299824,0
"TMPRSS11B",-0.00767578849657086,0.226443884970719,0.69885128021753,0.851098796915869,0.15561523491636,-0.15561523491636,-0.024035,0.83782,0.92175,0.0768492766007665,0.21074,0.83782,0.92175,-0.0768492766007665,0.817298299824,0
"TMPRSS11F",0.440770796258481,0.674890469725771,0.247611318740559,0.497330300030297,-0.60622950684815,-0.60622950684815,0.33126,0.44474,0.66502,-0.351893808266284,0.56604,0.44474,0.66502,-0.351893808266284,0.817298299824,0
"TMPRSS12",-0.313246613961868,0.00675699408594771,0.292690805022124,0.545828798554773,0.533590920855848,-0.533590920855848,-0.13691,0.46753,0.68068,0.330190516521009,0.18399,0.46753,0.68068,-0.330190516521009,1.02975056327,0
"TMPRSS15",0.0317657540974054,0.253844476230707,0.819015081283558,0.915000891312407,-0.0867081010992566,-0.0867081010992566,0.09547,0.6934,0.834,-0.159016162679622,0.31817,0.6934,0.834,-0.159016162679622,0.784845263169,0
"TNPO1",-2.03704026199576,-1.71086775751495,3.24791510505454e-14,2.28225740451866e-12,13.4883953309974,13.4883953309974,-2.1191,1.6901e-05,0.00042787,4.77208759824825,-1.792,1.6901e-05,0.00042787,4.77208759824825,1.04387089653,1
"TNPO3",-2.40977075328148,-2.11452175361805,1.54588132081197e-14,1.22092684647435e-12,13.8108238504532,13.8108238504532,-2.6979,3.9555e-07,1.9043e-05,6.40279861115088,-2.4019,3.9555e-07,1.9043e-05,6.40279861115088,0.971656020039,1
"TNR",0.016363268992174,0.447536069376727,0.605643341456481,0.794906303187925,-0.21778305312182,-0.21778305312182,0.226,0.50156,0.70615,-0.299677106292108,0.65838,0.50156,0.70615,-0.299677106292108,1.26516537946,0
"TOE1",-0.123083048108026,0.195206585738998,0.881588620338893,0.946671346735055,0.0547340243860305,-0.0547340243860305,0.039223,0.83798,0.92175,-0.0767663465168476,0.3584,0.83798,0.92175,-0.0767663465168476,1.02580269292,1
"TOMM40",-1.80530337623736,-1.48798673759239,2.83981626262633e-13,1.46300291718537e-11,12.5467097580899,12.5467097580899,-1.7442,0.00016751,0.0028617,3.77595926137231,-1.426,0.00016751,0.0028617,3.77595926137231,1.02355673479,1
"TONSL",-0.785126676300164,-0.483158781264417,0.00141424401016663,0.0100484928499311,2.8494756519774,2.8494756519774,-0.86055,0.014215,0.12193,1.84725313597354,-0.55774,0.014215,0.12193,1.84725313597354,0.987656758422,1
"TOP1",-1.24168631416458,-0.819904710678286,7.331876324559e-14,4.64585931583147e-12,13.1347848694074,13.1347848694074,-1.3332,0.00071599,0.0099961,3.14509304329989,-0.91028,0.00071599,0.0099961,3.14509304329989,1.24669843105,1
"TOP2A",-5.17134676467075,-4.8530701472264,1.8278168323091e-06,2.09190557890986e-05,5.73806732758639,5.73806732758639,-3.5049,2.4291e-06,8.4262e-05,5.61455460600416,-3.1857,2.4291e-06,8.4262e-05,5.61455460600416,1.02577267031,1
"TOP3A",-1.46856578191415,-1.1502891644698,6.32880438825048e-15,5.78767647237471e-13,14.1986783273648,14.1986783273648,-1.7052,0.00016579,0.0028393,3.78044166845278,-1.386,0.00016579,0.0028393,3.78044166845278,1.02577267031,1
"TOPBP1",-1.96345328160595,-1.63779110474242,1.9154513201196e-10,4.43220594206367e-09,9.71772888083678,9.71772888083678,-2.1141,2.3587e-05,0.00056011,4.62732729295494,-1.7875,2.3587e-05,0.00056011,4.62732729295494,1.04270800831,1
"TP53RK",-2.98826212686595,-2.56648052337966,2.47496573618534e-12,9.34862057622737e-11,11.6064308091299,11.6064308091299,-2.7657,7.6503e-08,4.8258e-06,7.11632153402416,-2.3427,7.6503e-08,4.8258e-06,7.11632153402416,1.24669843105,1
"TPD52L3",0.0250110474607677,0.468017333981658,0.317384197015168,0.569860418745975,-0.498414701147554,-0.498414701147554,0.29247,0.098371,0.45798,-1.0071329137256,0.73671,0.098371,0.45798,-1.0071329137256,1.2881032575,0
"TPH2",0.0514810837012742,0.37148469174909,0.899085610913611,0.955050479708322,-0.0461989527860596,-0.0461989527860596,0.096896,0.56787,0.75258,-0.245751074050475,0.41779,0.56787,0.75258,-0.245751074050475,1.02975056327,0
"TPR",-1.46977137920789,-1.03859857882334,3.66717152067637e-13,1.84449077038651e-11,12.4356687767748,12.4356687767748,-1.3241,4.5039e-05,0.00095755,4.3464112606812,-0.89176,4.5039e-05,0.00095755,4.3464112606812,1.26516537946,1
"TPRX1",0.436894519199178,0.754211157844147,0.00122371463468676,0.00880581255410903,-2.91231984610388,-2.91231984610388,0.53404,0.09666,0.45798,-1.01475320919714,0.85224,0.09666,0.45798,-1.01475320919714,1.02355673479,0
"TPTE",-0.847583406647016,-0.625504684513715,0.00715712956478901,0.0406641549856755,2.14526112072603,2.14526112072603,-0.68835,0.011432,0.10234,1.94187778421709,-0.46565,0.011432,0.10234,1.94187778421709,0.784845263169,0
"TPX2",-1.36460072680263,-1.04481308839349,3.23154379706309e-06,3.55786270698542e-05,5.49058995371503,5.49058995371503,-1.1736,0.0025883,0.02957,2.58698538766575,-0.85295,0.0025883,0.02957,2.58698538766575,1.02925370559,1
"TRAIP",-2.36767999625235,-2.04201781938882,1.8882246341291e-13,1.04607644730752e-11,12.7239463407797,12.7239463407797,-2.288,7.9122e-06,0.00022537,5.10170274342824,-1.9614,7.9122e-06,0.00022537,5.10170274342824,1.04270800831,1
"TRAPPC1",-3.03882132277573,-2.72054470533138,3.53046642675227e-12,1.24727920174706e-10,11.452167914107,11.452167914107,-2.6081,4.5031e-06,0.0001411,5.34648840858538,-2.2889,4.5031e-06,0.0001411,5.34648840858538,1.02577267031,1
"TRAPPC11",-1.91074923781365,-1.57983550331718,1.61796398739732e-15,1.86290034283885e-13,14.7910311491321,14.7910311491321,-2.4207,7.8913e-07,3.3517e-05,6.10285144592623,-2.0889,7.8913e-07,3.3517e-05,6.10285144592623,1.05463020751,1
"TRAPPC13",-1.08686440862155,-0.760691904140743,5.09484319386692e-06,5.45228096105143e-05,5.2928691779159,5.2928691779159,-1.198,0.0041962,0.044335,2.37714382056752,-0.87094,0.0041962,0.044335,2.37714382056752,1.04387089653,1
"TRAPPC3",-3.12483902132174,-2.80654938747472,1.04012427113371e-05,0.000106594612301226,4.98291476931334,4.98291476931334,-2.4831,3.2277e-05,0.00073181,4.49110683776634,-2.1639,3.2277e-05,0.00073181,4.49110683776634,1.02580269292,1
"TRAPPC4",-0.996108623752316,-0.659609867691937,1.5341151435992e-06,1.76529456590076e-05,5.81414204302518,5.81414204302518,-1.1321,0.016061,0.13416,1.79422741790158,-0.79468,0.016061,0.13416,1.79422741790158,1.06720226046,1
"TRAPPC5",-1.54495888768436,-1.23926151106269,1.73265374515583e-07,2.30453799799328e-06,6.76128821835523,6.76128821835523,-1.4259,0.0016827,0.020563,2.77399330527082,-1.1193,0.0016827,0.020563,2.77399330527082,0.996462348026,1
"TRAPPC8",-1.99494135432186,-1.76944170786092,1.27054871291853e-11,3.90417967041993e-10,10.8960086794163,10.8960086794163,-1.8114,2.3927e-05,0.00056529,4.62111175040959,-1.5853,2.3927e-05,0.00056529,4.62111175040959,0.794139893033,1
"TREML4",-0.280214803513778,-0.0417852331999969,0.0982467080735973,0.28258680683381,1.00768199249883,1.00768199249883,-0.23294,0.28816,0.54639,0.540366304524542,0.0061603,0.28816,0.54639,-0.540366304524542,0.828739266687,0
"TRHR",0.128755231483158,0.454270941341011,0.387619992053179,0.634160681484753,-0.411593831687141,-0.411593831687141,0.20514,0.20383,0.4871,-0.690731895522877,0.53157,0.20383,0.4871,-0.690731895522877,1.04237407941,0
"TRIAP1",-3.8295439391949,-3.50954033114708,2.78327197213346e-08,4.1854191348062e-07,7.55544435377172,7.55544435377172,-3.6299,3.4472e-10,9.1509e-08,9.46253351891969,-3.309,3.4472e-10,9.1509e-08,9.46253351891969,1.02975056327,1
"TRIM28",-0.497176325467289,-0.166663061199428,0.125760957348173,0.329142003943964,0.900454165249909,0.900454165249909,-0.32597,0.10063,0.45798,0.99727252731017,0.0054711,0.10063,0.45798,-0.99727252731017,1.05372451338,1
"TRIM40",0.0811422815975741,0.319571851911355,0.863880567278227,0.937718609858516,-0.0635462952032125,-0.0635462952032125,0.10938,0.59601,0.7709,-0.224746453500728,0.34848,0.59601,0.7709,-0.224746453500728,0.828739266687,0
"TRIM42",0.427184368268654,0.75284654513218,0.0998633983561433,0.285646383235703,-1.00059365896779,-1.00059365896779,0.53695,0.20507,0.48771,-0.68809786858051,0.86353,0.20507,0.48771,-0.68809786858051,1.04270800831,0
"TRIM43",-1.25396412059604,-1.00719409392831,8.8947680614321e-08,1.23281872340937e-06,7.05086537202676,7.05086537202676,-1.2287,0.0014863,0.018494,2.8278935222075,-0.98119,0.0014863,0.018494,2.8278935222075,0.850625268501,0
"TRIM48",-1.28057407935484,-0.948525995874967,0.00199069401802901,0.0136275554321592,2.70099548858824,2.70099548858824,-0.90502,0.36097,0.60144,0.442528890548224,-0.57205,0.36097,0.60144,0.442528890548224,1.05719254283,0
"TRIM49",-0.741135342269765,-0.409087258789892,0.00280054937187005,0.0182396433556763,2.55275676659755,2.55275676659755,-0.97862,0.2422,0.51297,0.615825861192967,-0.64564,0.2422,0.51297,0.615825861192967,1.05719254283,0
"TRIM51",-0.323683629739777,0.00836445374009637,0.220222922242308,0.465765266439884,0.657137478800969,-0.657137478800969,-0.24593,0.25755,0.52536,0.589138445783402,0.087044,0.25755,0.52536,-0.589138445783402,1.05719254283,0
"TRIM60",-0.155141234514367,0.0689572933519433,0.608978841350681,0.797040754786816,0.215397796438187,-0.215397796438187,-0.017361,0.92423,0.96463,0.0342199386273112,0.20736,0.92423,0.96463,-0.0342199386273112,0.790340300119,0
"TRIM67",0.532163921305226,0.961713950933505,0.230062910439264,0.47715739483268,-0.638153390413938,-0.638153390413938,0.41705,0.19999,0.48514,-0.698991719603,0.8478,0.19999,0.48514,-0.698991719603,1.26199119289,0
"TRIML1",0.0957700098285639,0.426683744325034,0.900112064320901,0.95553193977598,-0.0457034173535531,-0.0457034173535531,0.13258,0.53856,0.73107,-0.26876590570427,0.46442,0.53856,0.73107,-0.26876590570427,1.05463020751,0
"TRIP13",-0.899886582305438,-0.598826345895932,0.00509155862110485,0.0306310859065713,2.29314925166546,2.29314925166546,-0.6368,0.096137,0.45798,1.01710943435813,-0.3349,0.096137,0.45798,1.01710943435813,0.985505550893,1
"TRMT112",-2.71582119293679,-2.38377310945692,2.9819536653879e-11,8.43107698321877e-10,10.5254991090462,10.5254991090462,-2.308,1.7167e-06,6.3221e-05,5.76530559285778,-1.975,1.7167e-06,6.3221e-05,5.76530559285778,1.05719254283,1
"TRMT5",-3.07025495856222,-2.83987548645252,1.39728249115653e-23,4.45104337557913e-20,22.8547157828994,22.8547157828994,-2.8742,2.2491e-09,3.4667e-07,8.64799123443422,-2.6432,2.2491e-09,3.4667e-07,8.64799123443422,0.807295566234,1
"TRMT6",-1.56288994423763,-1.24310230582849,2.0215722985125e-09,3.78065668703224e-08,8.69431072215937,8.69431072215937,-1.3884,0.00050544,0.0074077,3.29633039143893,-1.0678,0.00050544,0.0074077,3.29633039143893,1.02925370559,1
"TRMT61A",-2.84979408880007,-2.62257198706294,1.44770063188115e-11,4.36433788283034e-10,10.8393212360421,10.8393212360421,-2.4301,8.0629e-06,0.00022864,5.09350872649824,-2.2022,8.0629e-06,0.00022864,5.09350872649824,0.798797224728,1
"TRNAU1AP",-0.4222174228128,-0.103927788965776,0.0133710845993199,0.0667611128387673,1.87383336338909,1.87383336338909,-0.47917,0.12914,0.45814,0.888939217930179,-0.15999,0.12914,0.45814,0.888939217930179,1.02580269292,1
"TRPC5",0.0170052087159788,0.243181259119315,0.982393074217707,0.992991635069176,-0.00771470792892035,-0.00771470792892035,0.1121,0.51638,0.71679,-0.287030586811975,0.33891,0.51638,0.71679,-0.287030586811975,0.795970608931,0
"TRPC7",0.0212827171738989,0.347455221654706,0.916126420376488,0.962218001346051,-0.0380445919614801,-0.0380445919614801,0.04144,0.79555,0.89769,-0.0993325199247535,0.36852,0.79555,0.89769,-0.0993325199247535,1.04387089653,0
"TRPM1",0.0718631611344605,0.387026160841773,0.688719741720147,0.845883330952764,-0.161957468056873,-0.161957468056873,0.15181,0.46578,0.67964,-0.331819163452939,0.46785,0.46578,0.67964,-0.331819163452939,1.01857303525,0
"TRPV5",0.277274620234566,0.624406573795119,0.2348985879468,0.482707592105643,-0.629119593902497,-0.629119593902497,0.3166,0.25401,0.52287,-0.595149185508683,0.6647,0.25401,0.52287,-0.595149185508683,1.09083922719,0
"TRRAP",-2.53997744488712,-2.21376356412691,3.00169411346369e-18,9.2033301701845e-16,17.5226335664576,17.5226335664576,-2.9678,6.6606e-08,4.4253e-06,7.17648664696301,-2.6407,6.6606e-08,4.4253e-06,7.17648664696301,1.04396513997,1
"TRUB2",-1.20038755251452,-0.907770231177865,4.94330557444317e-05,0.000462917194729703,4.30598254244381,4.30598254244381,-1.0516,0.01467,0.12467,1.83356988615672,-0.75813,0.01467,0.12467,1.83356988615672,0.965340111692,1
"TSEN2",-1.02434352250564,-0.698681345642114,2.16067106081293e-08,3.31702056106968e-07,7.66541134479999,7.66541134479999,-0.91811,0.0016097,0.019788,2.79325505594625,-0.59154,0.0016097,0.019788,2.79325505594625,1.04270800831,1
"TSEN54",-0.785786058240733,-0.471196852038007,2.54832431270685e-07,3.29987280411694e-06,6.59374530229581,6.59374530229581,-0.96939,0.0019352,0.023103,2.71327414464618,-0.65392,0.0019352,0.023103,2.71327414464618,1.0172423198,1
"TSFM",-2.58234019930465,-2.26233659125683,5.77904081611916e-07,7.05781515134092e-06,6.23814423819451,6.23814423819451,-2.3359,3.7581e-05,0.00082466,4.425031667857,-2.015,3.7581e-05,0.00082466,4.425031667857,1.02975056327,1
"TSG101",-0.869032891474291,-0.645912376141471,5.55696266056763e-05,0.000515333465945798,4.2551625214014,4.2551625214014,-0.97726,0.029982,0.216,1.52313940017377,-0.75352,0.029982,0.216,1.52313940017377,0.787682155269,1
"TSGA13",-0.288599772981933,0.00664922668149998,0.0940066711764972,0.275142296912182,1.02684132563077,-1.02684132563077,-0.21924,0.34003,0.58619,0.468482764546894,0.07683,0.34003,0.58619,-0.468482764546894,0.971656020039,0
"TSHB",-0.0969016731474262,0.234905752115797,0.154575586992835,0.376453006395776,0.810859095615017,-0.810859095615017,-0.16046,0.69006,0.8317,0.161113146167038,0.17228,0.69006,0.8317,-0.161113146167038,1.05664930986,0
"TSPAN16",-0.389814667732638,0.0221750042943732,0.149418695363266,0.368303596747407,0.825595059915955,-0.825595059915955,-0.23446,0.1233,0.45798,0.909036923404268,0.17868,0.1233,0.45798,-0.909036923404268,1.22718838396,0
"TSPO2",0.46330213013726,0.701731700451041,0.0138155739586553,0.0684383317433323,-1.85963106790281,-1.85963106790281,0.38305,0.13113,0.45873,-0.882297938790685,0.62214,0.13113,0.45873,-0.882297938790685,0.828739266687,0
"TSPYL6",0.349192092618048,0.721514429671462,0.00431368134769255,0.026630294443943,-2.36515193944906,-2.36515193944906,0.42508,0.10624,0.45798,-0.973711937976058,0.79844,0.10624,0.45798,-0.973711937976058,1.14533730473,0
"TSR1",-1.80975190228546,-1.49147528484111,3.6838190853124e-09,6.54965899326288e-08,8.43370170642845,8.43370170642845,-1.6975,9.0133e-05,0.0017023,4.04511617357168,-1.3784,9.0133e-05,0.0017023,4.04511617357168,1.02577267031,1
"TSR2",-4.7926516695351,-4.68364350673441,1.89731949103343e-08,2.953051093821e-07,7.72185953178408,7.72185953178408,-4.1058,1.9281e-09,3.071e-07,8.71487044536994,-3.9965,1.9281e-09,3.071e-07,8.71487044536994,0.438124436432,1
"TSSK1B",-0.2589469374143,0.0672255670665073,0.188816098025677,0.425002125573378,0.72396098151209,-0.72396098151209,-0.17027,0.45644,0.67343,0.340616303302753,0.15682,0.45644,0.67343,-0.340616303302753,1.04387089653,0
"TSSK2",-0.00401426110407671,0.209349501486948,0.829009820825962,0.919793205776969,0.0814403245700407,-0.0814403245700407,-0.0089402,0.954,0.97864,0.0204516252959049,0.20502,0.954,0.97864,-0.0204516252959049,0.760892590018,0
"TTC1",-1.94810094294666,-1.62192843846585,1.32465234192293e-11,4.04783804236697e-10,10.8778980883657,10.8778980883657,-2.1163,2.004e-05,0.00049168,4.69810228280479,-1.7893,2.004e-05,0.00049168,4.69810228280479,1.04387089653,1
"TTC27",-3.5905002660024,-3.21817792894899,1.25539096160797e-10,3.04882940904869e-09,9.90122100244802,9.90122100244802,-2.7877,2.6942e-08,2.3407e-06,7.56957016820012,-2.4144,2.6942e-08,2.3407e-06,7.56957016820012,1.14533730473,1
"TTF1",-0.968228845709114,-0.675611524372459,8.30357150480198e-06,8.63472046633734e-05,5.08073507012923,5.08073507012923,-0.95876,0.0017983,0.021713,2.7451378557194,-0.66533,0.0017983,0.021713,2.7451378557194,0.965340111692,1
"TTF2",-0.293115660259304,0.0386917650039195,0.2272382544874,0.473735248474878,0.643518555380528,-0.643518555380528,-0.16892,0.57492,0.75673,0.24039258309423,0.16381,0.57492,0.75673,-0.24039258309423,1.05664930986,1
"TTI1",-1.96061531555623,-1.53883371206994,3.08617683002769e-08,4.59393284675383e-07,7.5105791935985,7.5105791935985,-1.7992,0.0010862,0.014239,2.96409020154339,-1.3762,0.0010862,0.014239,2.96409020154339,1.24669843105,1
"TTI2",-2.2209407210497,-2.00636495162219,5.31852707917358e-05,0.000495385029552849,4.27420862521551,4.27420862521551,-1.5884,0.018244,0.14819,1.7388799364311,-1.3732,0.018244,0.14819,1.7388799364311,0.764247638684,1
"TTK",-2.72816559351046,-2.48973602319668,1.04845891282074e-06,1.23470087496875e-05,5.97944858406832,5.97944858406832,-1.9974,0.0031903,0.035145,2.49616847612196,-1.7583,0.0031903,0.035145,2.49616847612196,0.828739266687,1
"TUBD1",-1.73134297178739,-1.41675376558466,9.71814907679195e-09,1.60955791425238e-07,8.01241644312735,8.01241644312735,-1.5772,0.0076401,0.073196,2.11690095697876,-1.2617,0.0076401,0.073196,2.11690095697876,1.0172423198,1
"TUBE1",-1.20342603644239,-0.964996466128609,1.41217930422549e-10,3.39509220649833e-09,9.85011015746844,9.85011015746844,-1.3513,0.0007905,0.010839,3.10209812573177,-1.1122,0.0007905,0.010839,3.10209812573177,0.828739266687,1
"TUBG1",-2.03651375578346,-1.71823713833911,1.47842089675504e-06,1.70531433914781e-05,5.83020190754086,5.83020190754086,-1.3728,0.0063399,0.06259,2.19791759224298,-1.0536,0.0063399,0.06259,2.19791759224298,1.02577267031,1
"TUBGCP2",-2.93595609739878,-2.61025441507258,3.49128350414975e-10,7.52298778070059e-09,9.45701488355802,9.45701488355802,-2.3703,3.5391e-06,0.00011642,5.45110716586358,-2.0437,3.5391e-06,0.00011642,5.45110716586358,1.04279806325,1
"TUBGCP3",-1.78382000384038,-1.40167844268442,1.97028311646661e-14,1.50031956992137e-12,13.7054713641507,13.7054713641507,-1.9707,0.00020635,0.0034176,3.68539552678657,-1.5875,0.00020635,0.0034176,3.68539552678657,1.16603526461,1
"TUBGCP4",-1.99859919869872,-1.68343619899141,3.28214379357136e-12,1.1836153646515e-10,11.4838423960475,11.4838423960475,-2.2164,5.5931e-05,0.0011421,4.25234741577636,-1.9004,5.5931e-05,0.0011421,4.25234741577636,1.01857303525,1
"TUBGCP5",-1.07278255483495,-0.757619555127638,2.69195208743412e-06,3.00074349817212e-05,5.56993267414648,5.56993267414648,-0.97917,0.00083324,0.011335,3.0792298897537,-0.66313,0.00083324,0.011335,3.0792298897537,1.01857303525,1
"TUBGCP6",-1.13700552499223,-0.930800116720738,1.02106283563968e-06,1.20392189867866e-05,5.99094753084954,5.99094753084954,-1.2213,0.099593,0.45798,1.00177118535349,-1.0145,0.099593,0.45798,1.00177118535349,0.740916278882,1
"TUFM",-2.87030374470425,-2.55512348663047,5.99214358644282e-10,1.2314821544912e-08,9.22241778842397,9.22241778842397,-3.4313,6.3986e-09,7.596e-07,8.19391503832638,-3.1152,6.3986e-09,7.596e-07,8.19391503832638,1.01861304105,1
"TUT1",-3.78145537290432,-3.44940728942445,1.33575694321554e-14,1.07722879559825e-12,13.8742725596924,13.8742725596924,-3.7457,1.0376e-11,7.0829e-09,10.983970036924,-3.4127,1.0376e-11,7.0829e-09,10.983970036924,1.05719254283,1
"TWISTNB",-1.50970924960319,-1.18648931667707,4.91814601214882e-07,6.06454998259357e-06,6.3081985818744,6.3081985818744,-1.385,0.0031164,0.03461,2.50634680432307,-1.0608,0.0031164,0.03461,2.50634680432307,1.03712983103,1
"TXN2",-1.33437861728753,-1.12242638343719,0.000252766255694692,0.0020904895911262,3.59728090485076,3.59728090485076,-1.2132,0.020838,0.1639,1.68114396630559,-1.0007,0.020838,0.1639,1.68114396630559,0.756975369415,1
"TXNDC8",-0.566633387794906,-0.249401637389383,0.0328065993262294,0.132090274472767,1.48403878547487,1.48403878547487,-0.44446,0.070075,0.401,1.15443689356768,-0.12634,0.070075,0.401,1.15443689356768,1.02336062192,0
"TXNL4B",-3.12814667881943,-2.81296642074565,1.11980585721959e-14,9.32277181573361e-13,13.9508572652287,13.9508572652287,-2.8307,5.0305e-07,2.3337e-05,6.29838884666394,-2.5147,5.0305e-07,2.3337e-05,6.29838884666394,1.01861304105,1
"TXNRD1",-1.18369694088989,-0.863693332842074,1.55424820172706e-07,2.08465585120066e-06,6.8084796264404,6.8084796264404,-1.0305,0.006003,0.059922,2.22163165664413,-0.7096,0.006003,0.059922,2.22163165664413,1.02975056327,1
"TYR",0.0159823518322134,0.348030435312087,0.589579333644444,0.783087547181811,-0.229457748082317,-0.229457748082317,-0.037744,0.79782,0.89894,0.0980950808605151,0.29523,0.79782,0.89894,-0.0980950808605151,1.05719254283,0
"U2AF2",-2.5624795339946,-2.23196626972674,3.57299637258506e-07,4.50169279296099e-06,6.44696742470635,6.44696742470635,-2.2042,0.00061643,0.0087598,3.21011623348799,-1.8728,0.00061643,0.0087598,3.21011623348799,1.05372451338,1
"U2SURP",-3.07620744336652,-2.75054526650299,4.69575036214205e-14,3.16020692505708e-12,13.3282949993299,13.3282949993299,-2.7712,6.8143e-08,4.4757e-06,7.16657875050449,-2.4447,6.8143e-08,4.4757e-06,7.16657875050449,1.04270800831,1
"UBA1",-3.33876433406487,-3.10077380341436,8.4328994539033e-10,1.69482657478921e-08,9.07402307776792,9.07402307776792,-3.0531,2.253e-06,7.8866e-05,5.64723880827617,-2.8144,2.253e-06,7.8866e-05,5.64723880827617,0.827577942438,1
"UBA2",-2.88833240255187,-2.5710157639069,5.82131937054702e-16,7.56890320607246e-14,15.2349785736989,15.2349785736989,-2.7017,2.2913e-06,7.9917e-05,5.63991804489403,-2.3835,2.2913e-06,7.9917e-05,5.63991804489403,1.02355673479,1
"UBA3",-3.96306704357592,-3.63740486671239,2.22860465830612e-12,8.55184738586698e-11,11.6519669660393,11.6519669660393,-3.9147,1.2408e-12,1.3328e-09,11.9062982151945,-3.5881,1.2408e-12,1.3328e-09,11.9062982151945,1.04270800831,1
"UBE2I",-3.94117693836196,-3.62599668028818,9.64417830166472e-09,1.60007968645588e-07,8.01573476897964,8.01573476897964,-3.4887,2.8885e-08,2.4607e-06,7.53932762812257,-3.1726,2.8885e-08,2.4607e-06,7.53932762812257,1.01861304105,1
"UBL5",-3.32182736603759,-3.01612998941592,1.85793773701446e-14,1.43768275172297e-12,13.7309688441229,13.7309688441229,-3.0951,1.1718e-09,2.1252e-07,8.9311465063285,-2.7886,1.1718e-09,2.1252e-07,8.9311465063285,0.996462348026,1
"UBQLN3",-0.256129927217119,-0.033009411884299,0.423212384971671,0.662477445018659,0.373441631506537,0.373441631506537,-0.0938,0.52946,0.72532,0.276166844688634,0.12994,0.52946,0.72532,-0.276166844688634,0.787682155269,0
"UBR4",-1.64452286678925,-1.32623323294223,1.10845886409544e-14,9.30902678867406e-13,13.9552804193089,13.9552804193089,-1.7113,1.6659e-05,0.00042229,4.77835107180777,-1.3921,1.6659e-05,0.00042229,4.77835107180777,1.02580269292,1
"UBTF",-1.84360767105403,-1.52533105360968,5.33335603640742e-06,5.69349831851955e-05,5.27299942335146,5.27299942335146,-1.3734,0.017487,0.14376,1.75728468996089,-1.0543,0.017487,0.14376,1.75728468996089,1.02577267031,1
"UFSP1",0.0924602026806784,0.418674083440892,0.588406250527858,0.782453813841157,-0.230322722492197,-0.230322722492197,-0.06715,0.78051,0.8885,0.107621528326102,0.25998,0.78051,0.8885,-0.107621528326102,1.04396513997,1
"UMOD",0.390854511133718,0.706034769207499,0.00434864823508004,0.0267942339513491,-2.36164572127058,-2.36164572127058,0.47759,0.097673,0.45798,-1.01022547283782,0.79365,0.097673,0.45798,-1.01022547283782,1.01861304105,0
"UMPS",-2.13049691500323,-1.8048347381397,1.93093468725849e-13,1.06602696456068e-11,12.7142324157302,12.7142324157302,-2.1052,4.4721e-06,0.00014035,5.34948849381514,-1.7786,4.4721e-06,0.00014035,5.34948849381514,1.04270800831,1
"UNC119",-0.158174253085946,0.160102364358405,0.21267048629617,0.456049703195185,0.672292775861576,-0.672292775861576,-0.22791,0.17471,0.47184,0.757682236284805,0.091257,0.17471,0.47184,-0.757682236284805,1.02577267031,1
"UNC45A",-0.221201074663447,0.0939619250438653,0.231200081000931,0.478703845708624,0.636012018096442,-0.636012018096442,-0.1854,0.34253,0.58843,0.465301385444885,0.13065,0.34253,0.58843,-0.465301385444885,1.01857303525,1
"UPF1",-0.89071222894063,-0.478722556913619,0.00274426953852397,0.017919789439634,2.56157323504082,2.56157323504082,-0.69702,0.13496,0.45877,0.869794930418931,-0.28388,0.13496,0.45877,0.869794930418931,1.22718838396,1
"UPF2",-1.62012083988825,-1.40200928953376,1.65888687383061e-15,1.86507675408967e-13,14.7801832292537,14.7801832292537,-1.5506,8.2962e-05,0.001592,4.08112078677217,-1.3319,8.2962e-05,0.001592,4.08112078677217,0.773990956641,1
"UQCRB",-2.64446638095887,-2.31895067110102,4.05264078100764e-11,1.11130736366426e-09,10.3922618896558,10.3922618896558,-2.3639,7.7123e-06,0.00022001,5.11281608519826,-2.0375,7.7123e-06,0.00022001,5.11281608519826,1.04237407941,1
"UQCRC1",-1.51684442496817,-1.19118224810464,1.13650149908374e-12,4.90337542934254e-11,11.9444299870896,11.9444299870896,-1.646,7.7933e-05,0.0015092,4.10827860544479,-1.3194,7.7933e-05,0.0015092,4.10827860544479,1.04270800831,1
"UQCRFS1",-3.16113844135237,-2.8438218027074,4.42051893168814e-07,5.48988813134213e-06,6.35452674514414,6.35452674514414,-2.2556,0.00017426,0.0029605,3.75880229030194,-1.9374,0.00017426,0.0029605,3.75880229030194,1.02355673479,1
"UQCRQ",-1.22691352540875,-0.900741020927943,9.02686634488872e-06,9.32597278107341e-05,5.04446298781687,5.04446298781687,-1.2896,0.00037038,0.005651,3.43135247264925,-0.96247,0.00037038,0.005651,3.43135247264925,1.04387089653,1
"URB1",-1.82294698864722,-1.60086826651392,5.63564935074041e-09,9.65180699289439e-08,8.24905603645977,8.24905603645977,-1.835,3.9456e-05,0.00085988,4.40388694508436,-1.6123,3.9456e-05,0.00085988,4.40388694508436,0.784845263169,1
"URB2",-2.38052189043404,-1.95097186080576,6.72353572588649e-11,1.75555926678782e-09,10.1724022831337,10.1724022831337,-2.4214,1.978e-05,0.00048747,4.70377371273884,-1.9907,1.978e-05,0.00048747,4.70377371273884,1.26199119289,1
"URI1",-1.98546490478458,-1.66814826613961,2.40615432012673e-20,1.43715086001819e-17,19.6186765223701,19.6186765223701,-1.9214,1.0598e-05,0.00028813,4.97477608482169,-1.6031,1.0598e-05,0.00028813,4.97477608482169,1.02355673479,1
"URM1",-2.5466753856184,-2.25405806428174,1.05593619885702e-07,1.44882329998235e-06,6.97636232168991,6.97636232168991,-2.0915,5.9814e-05,0.0012124,4.22319715361798,-1.7981,5.9814e-05,0.0012124,4.22319715361798,0.965340111692,1
"UROC1",0.138130757579763,0.463792934443289,0.640037118319317,0.816034461370408,-0.193794838807038,-0.193794838807038,0.25932,0.41867,0.64512,-0.378128157573636,0.58589,0.41867,0.64512,-0.378128157573636,1.04270800831,0
"UROD",-1.46199790433664,-1.14370827048962,2.60423385181101e-08,3.93476060155445e-07,7.58432002010728,7.58432002010728,-1.531,0.00040855,0.0061485,3.38875478516517,-1.2118,0.00040855,0.0061485,3.38875478516517,1.02580269292,1
"USE1",-0.20613614952675,0.205853522500261,0.238106759924241,0.48636059757725,0.623228274666008,-0.623228274666008,-0.18738,0.36803,0.6065,0.43411677832806,0.22576,0.36803,0.6065,-0.43411677832806,1.22718838396,1
"USO1",-2.52713804932208,-2.36549223264639,4.13302402583253e-11,1.13010712740683e-09,10.3837320700979,10.3837320700979,-2.2406,4.4114e-05,0.00094206,4.35542356114776,-2.0785,4.4114e-05,0.00094206,4.35542356114776,0.609931911609,1
"USP17L2",0.0801079672196328,0.294683736647139,0.814282831952099,0.912579293594113,-0.089224721620116,-0.089224721620116,0.10275,0.56849,0.75315,-0.245277170348306,0.31792,0.56849,0.75315,-0.245277170348306,0.764247638684,0
"USP26",0.356008478344959,0.582184528748295,0.224938128448795,0.471462881260259,-0.647936922637245,-0.647936922637245,0.35687,0.22446,0.50082,-0.648861041418151,0.58368,0.22446,0.50082,-0.648861041418151,0.795970608931,0
"USP29",-0.390712634055037,-0.0601993697871759,0.0491363578588731,0.17723324189309,1.30859703793357,1.30859703793357,-0.35883,0.2598,0.52679,0.585360853262991,-0.027394,0.2598,0.52679,0.585360853262991,1.05372451338,0
"USP36",-0.870783254928659,-0.556194048725933,6.83851916884727e-06,7.17762860374398e-05,5.16503793138286,5.16503793138286,-0.85782,0.01984,0.15774,1.70245833218184,-0.54235,0.01984,0.15774,1.70245833218184,1.0172423198,1
"USP37",-2.66535082481193,-2.41703018641256,2.47377984804248e-13,1.31702936589515e-11,12.6066389526594,12.6066389526594,-2.572,1.627e-07,9.0136e-06,6.78861244706314,-2.323,1.627e-07,9.0136e-06,6.78861244706314,0.85465784459,1
"USP39",-2.36644352768024,-1.99412119062683,2.81068840869417e-18,8.95344792589528e-16,17.5511872973614,17.5511872973614,-2.1349,3.4412e-07,1.6951e-05,6.46329008577133,-1.7616,3.4412e-07,1.6951e-05,6.46329008577133,1.14533730473,1
"USP5",-1.24839705161653,-0.928393443568714,1.21073137943436e-06,1.41360469487654e-05,5.91695220150595,5.91695220150595,-1.1334,0.0023716,0.027438,2.62495855832707,-0.81248,0.0023716,0.027438,2.62495855832707,1.02975056327,1
"USP7",-2.63083751743837,-2.31565725936459,3.43300550565816e-11,9.5509511251302e-10,10.464325500077,10.464325500077,-2.3927,1.9566e-07,1.0564e-05,6.7084979508104,-2.0766,1.9566e-07,1.0564e-05,6.7084979508104,1.01861304105,1
"USP8",-1.94558605029402,-1.63042305058671,0.000339999752179411,0.00274542258698989,3.4685213995082,3.4685213995082,-1.2059,0.16363,0.46804,0.786137069613181,-0.88986,0.16363,0.46804,0.786137069613181,1.01857303525,1
"USPL1",-1.47008769787728,-1.13685749409901,5.7239517795739e-07,6.99500577768516e-06,6.24230403353441,6.24230403353441,-1.3549,0.00020834,0.0034417,3.68122734017452,-1.0207,0.00020834,0.0034417,3.68122734017452,1.05985795326,1
"UTP14A",-0.495987842283042,-0.269811791879706,0.00155210367122494,0.0109144067211635,2.80907927383992,2.80907927383992,-0.5939,0.13744,0.45987,0.861886853512833,-0.36709,0.13744,0.45987,0.861886853512833,0.795970608931,1
"UTP15",-3.80522883288649,-3.47905632840568,1.41936027332792e-10,3.40806946031615e-09,9.84790735446567,9.84790735446567,-3.3926,6.4914e-10,1.443e-07,9.1876616288229,-3.0655,6.4914e-10,1.443e-07,9.1876616288229,1.04387089653,1
"UTP18",-2.61108858631107,-2.29281196886672,1.65826745047644e-16,2.70892869922702e-14,15.7803454237864,15.7803454237864,-2.4149,1.8568e-06,6.747e-05,5.73123487255214,-2.0958,1.8568e-06,6.747e-05,5.73123487255214,1.02577267031,1
"UTP20",-2.71556086769921,-2.39555725965139,7.2267060143606e-15,6.45439402114366e-13,14.1410596122168,14.1410596122168,-2.4042,4.1205e-07,1.9591e-05,6.38505008152376,-2.0833,4.1205e-07,1.9591e-05,6.38505008152376,1.02975056327,1
"UTP23",-2.2961983786017,-1.97068266874385,2.21224168133896e-12,8.51147069388836e-11,11.655167429294,11.655167429294,-1.7953,0.00031125,0.0048762,3.50689063989621,-1.4689,0.00031125,0.0048762,3.50689063989621,1.04237407941,1
"UTP3",-2.01998031884092,-1.78914640931305,1.50032642984275e-11,4.50876400213591e-10,10.823814240107,10.823814240107,-1.9522,0.00041791,0.0062746,3.37891723667437,-1.7207,0.00041791,0.0062746,3.37891723667437,0.808514614036,1
"UTP6",-3.98414912101182,-3.66587250356747,1.1489908076878e-07,1.56526452653862e-06,6.93968344579947,6.93968344579947,-2.9114,6.9484e-07,3.0255e-05,6.15811518838377,-2.5922,6.9484e-07,3.0255e-05,6.15811518838377,1.02577267031,1
"UTS2R",0.095682773031959,0.410271979234685,0.386493458592834,0.632994813546259,-0.412857852123604,-0.412857852123604,0.16947,0.37408,0.61108,-0.427035510518254,0.48494,0.37408,0.61108,-0.427035510518254,1.0172423198,0
"UVRAG",-0.627549342158009,-0.295501258678136,0.000659893195384402,0.00501891708849267,3.18052634992586,3.18052634992586,-0.72167,0.039546,0.26671,1.40289743797618,-0.38869,0.039546,0.26671,1.40289743797618,1.05719254283,1
"UXT",-3.03263865207043,-2.79464812141992,4.16675296881231e-11,1.13770213561299e-09,10.3802022464738,10.3802022464738,-2.5771,2.4347e-07,1.2611e-05,6.61355454425272,-2.3384,2.4347e-07,1.2611e-05,6.61355454425272,0.827577942438,1
"VARS",-2.89190544928419,-2.65347587897041,4.69270003213073e-11,1.26862200444292e-09,10.3285772059737,10.3285772059737,-3.0863,2.832e-09,4.1319e-07,8.54790675098227,-2.8473,2.832e-09,4.1319e-07,8.54790675098227,0.828739266687,1
"VARS2",-2.52363031874937,-2.28520074843559,2.95245192187072e-06,3.27313389631873e-05,5.52981716576737,5.52981716576737,-2.2137,0.00035931,0.005516,3.44453069572498,-1.9746,0.00035931,0.005516,3.44453069572498,0.828739266687,1
"VAX1",0.3385402766951,0.664241959021298,0.316505877895721,0.569159394732475,-0.499618220199634,-0.499618220199634,0.23398,0.38017,0.6161,-0.420022157193116,0.5606,0.38017,0.6161,-0.420022157193116,1.04279806325,0
"VCP",-3.64517252325446,-3.33025322432562,4.07926604634224e-10,8.68229531667476e-09,9.38941796943395,9.38941796943395,-3.4034,1.1786e-09,2.1252e-07,8.92863356324087,-3.0876,1.1786e-09,2.1252e-07,8.92863356324087,1.01800800558,1
"VCX3A",0.356158576366207,0.358568083982582,0.880257814021116,0.94595792021505,-0.0553901110221183,-0.0553901110221183,0.056823,0.87837,0.94193,-0.0563225056090893,0.059239,0.87837,0.94193,-0.0563225056090893,0.0112714814995,0
"VHL",-2.43519363235614,-2.10953145549261,2.93287840000495e-05,0.00028325469863211,4.5327059429184,4.5327059429184,-1.9253,0.0021852,0.02553,2.66050880815746,-1.5988,0.0021852,0.02553,2.66050880815746,1.04270800831,1
"VHLL",-0.258752343701331,0.164886880165134,0.214136056438314,0.457893296265202,0.669310199619272,-0.669310199619272,-0.18851,0.17488,0.47204,0.757259855394372,0.23632,0.17488,0.47204,-0.757259855394372,1.25037007804,0
"VMP1",-2.31979902198462,-2.00520981578189,2.49237570356989e-06,2.79558549426827e-05,5.60338649103024,5.60338649103024,-2.5885,1.7217e-05,0.00043413,4.76404252053338,-2.2731,1.7217e-05,0.00043413,4.76404252053338,1.0172423198,1
"VN1R2",0.356687659031518,0.674004297676487,0.196033620976345,0.434491928186841,-0.707669438070484,-0.707669438070484,0.3453,0.22007,0.49918,-0.657439156549168,0.66351,0.22007,0.49918,-0.657439156549168,1.02355673479,0
"VN1R4",0.179874180324579,0.497190818969548,0.436890130003098,0.673627061531882,-0.359627766536963,-0.359627766536963,0.16623,0.32711,0.57698,-0.48530617896143,0.48443,0.32711,0.57698,-0.48530617896143,1.02355673479,0
"VN1R5",-0.208219509302915,0.226527822013723,0.112616978334715,0.307422343500981,0.948396129544863,-0.948396129544863,-0.24374,0.41804,0.64475,0.378782160932755,0.19222,0.41804,0.64475,-0.378782160932755,1.2721327282,0
"VPREB1",-0.181055311184774,0.0308969226655665,0.401895881787902,0.643983567120404,0.395886443984509,-0.395886443984509,-0.07398,0.60368,0.7758,0.21919321214308,0.13856,0.60368,0.7758,-0.21919321214308,0.756975369415,0
"VPS13D",-2.23997675707131,-1.92168712322429,4.55527902930408e-12,1.56873960517277e-10,11.3414850155789,11.3414850155789,-2.0466,1.5579e-05,0.00039861,4.80746042268528,-1.7275,1.5579e-05,0.00039861,4.80746042268528,1.02580269292,1
"VPS18",-1.62219458941942,-1.30703158971211,1.76051508089207e-10,4.10851339940052e-09,9.75436025033242,9.75436025033242,-1.4225,5.0695e-05,0.0010589,4.29503487260929,-1.1064,5.0695e-05,0.0010589,4.29503487260929,1.01857303525,1
"VPS25",-3.48990190077754,-3.17162528333319,3.90655537414216e-08,5.73471527388472e-07,7.40820601532882,7.40820601532882,-2.6117,4.2166e-05,0.00090963,4.37503759557802,-2.2925,4.2166e-05,0.00090963,4.37503759557802,1.02577267031,1
"VPS28",-0.833192907927681,-0.531225012891934,1.45110126860202e-05,0.000146050018677148,4.83830227821673,4.83830227821673,-1.6491,0.01649,0.13697,1.78277934435548,-1.3463,0.01649,0.13697,1.78277934435548,0.987656758422,1
"VPS54",-0.674301192380568,-0.301978855327154,0.00169147941733324,0.0117603659889015,2.77173328253044,2.77173328253044,-0.70492,0.015671,0.1316,1.80490328938814,-0.33155,0.015671,0.1316,1.80490328938814,1.14533730473,1
"VPS72",-1.72026185337976,-1.29662262951329,3.3652572024395e-07,4.2624361106843e-06,6.47298173758221,6.47298173758221,-1.4325,9.0996e-05,0.0017152,4.04097769796581,-1.0077,9.0996e-05,0.0017152,4.04097769796581,1.25037007804,1
"VRK1",-2.80218391367245,-2.57180444156275,8.70467532340855e-20,3.78119226037063e-17,19.0602474230397,19.0602474230397,-2.7296,3.386e-08,2.7422e-06,7.47031304622708,-2.4986,3.386e-08,2.7422e-06,7.47031304622708,0.807295566234,1
"VRTN",-0.0879229665113998,0.142456505598302,0.591130615583451,0.784275638748887,0.22831654727498,-0.22831654727498,-0.093088,0.66032,0.81257,0.180245548466659,0.13794,0.66032,0.81257,-0.180245548466659,0.807295566234,0
"VSX2",0.31107252742152,0.541451999531222,0.404322624426356,0.64573756511429,-0.393271956443685,-0.393271956443685,0.25148,0.36181,0.60164,-0.441519433925068,0.4825,0.36181,0.60164,-0.441519433925068,0.807295566234,0
"WARS",-1.07906416612015,-0.848684694010448,0.0084404622696182,0.0465711764893801,2.0736337671603,2.0736337671603,-0.29467,0.80831,0.90536,0.0924220482978804,-0.063649,0.80831,0.90536,0.0924220482978804,0.807295566234,1
"WARS2",-2.36508165248623,-2.03327422722301,1.25975013519992e-13,7.40849364125417e-12,12.8997155863625,12.8997155863625,-2.0086,1.9848e-05,0.00048823,4.70228324873585,-1.6758,1.9848e-05,0.00048823,4.70228324873585,1.05664930986,1
"WDHD1",-2.69726840098523,-2.46688892887553,2.90886686689694e-12,1.071236462948e-10,11.5362761551005,11.5362761551005,-2.7042,2.5551e-08,2.2927e-06,7.59259209803482,-2.4732,2.5551e-08,2.2927e-06,7.59259209803482,0.807295566234,1
"WDR12",-2.63447170853987,-2.3861510701405,2.02860429183722e-12,8.027476983413e-11,11.6928026600301,11.6928026600301,-2.4814,3.9586e-06,0.00012759,5.40245837967472,-2.2323,3.9586e-06,0.00012759,5.40245837967472,0.85465784459,1
"WDR18",-2.8767704753246,-2.68239823776823,2.07111417585589e-16,3.11694529473493e-14,15.6837959587708,15.6837959587708,-2.8574,6.6707e-09,7.8219e-07,8.17582859034341,-2.6624,6.6707e-09,7.8219e-07,8.17582859034341,0.707275421882,1
"WDR25",-0.863945480198365,-0.633566008088663,0.000241451120654524,0.00200558681837024,3.6171707745546,3.6171707745546,-0.86603,0.042402,0.28208,1.37261365830163,-0.63501,0.042402,0.28208,1.37261365830163,0.807295566234,1
"WDR3",-2.8015607595132,-2.46975333424998,1.34074973597878e-10,3.23557445754577e-09,9.87265227988641,9.87265227988641,-2.4695,1.0088e-06,4.1023e-05,5.99619492643497,-2.1368,1.0088e-06,4.1023e-05,5.99619492643497,1.05664930986,1
"WDR33",-2.23595343790653,-1.9891834112388,6.01350643538433e-10,1.23454509666488e-08,9.22087221993111,9.22087221993111,-2.1922,6.0192e-05,0.001218,4.22046122612972,-1.9447,6.0192e-05,0.001218,4.22046122612972,0.850625268501,1
"WDR36",-2.52148626472041,-2.1953137602396,7.55444114081351e-11,1.94593037094836e-09,10.1217976581864,10.1217976581864,-2.6761,7.4193e-07,3.1938e-05,6.12963706783124,-2.349,7.4193e-07,3.1938e-05,6.12963706783124,1.04387089653,1
"WDR4",-0.305158429063216,-0.0958067960514398,0.127053464740132,0.331519900558,0.896013487268445,0.896013487268445,-0.23264,0.33072,0.57922,0.480539540716787,-0.022704,0.33072,0.57922,0.480539540716787,0.749730313025,1
"WDR43",-3.56494977118955,-3.19845511274908,1.77461248104967e-13,9.9175930848837e-12,12.7508964683643,12.7508964683643,-3.3746,3.2708e-07,1.6238e-05,6.48534601091993,-3.007,3.2708e-07,1.6238e-05,6.48534601091993,1.13291122865,1
"WDR46",-2.54730342373139,-2.30887385341761,1.00242127037815e-09,1.97696124367223e-08,8.998949726621,8.998949726621,-1.9998,0.0022608,0.026315,2.64573785549552,-1.7607,0.0022608,0.026315,2.64573785549552,0.828739266687,1
"WDR5",-2.97118702120726,-2.67856969987061,4.81169303238072e-12,1.64813421017729e-10,11.317702086776,11.317702086776,-2.3508,1.548e-05,0.0003966,4.81022904365313,-2.0574,1.548e-05,0.0003966,4.81022904365313,0.965340111692,1
"WDR55",-2.98177077970701,-2.6555982752262,5.76192051080247e-09,9.84160739257977e-08,8.23943273737077,8.23943273737077,-2.8162,3.6869e-08,2.9119e-06,7.43333864162826,-2.4891,3.6869e-08,2.9119e-06,7.43333864162826,1.04387089653,1
"WDR61",-1.27686600934213,-0.961703009634818,4.25329994684817e-07,5.29253397683002e-06,6.37127398933684,6.37127398933684,-1.1455,0.0051432,0.05268,2.28876658724657,-0.82941,0.0051432,0.05268,2.28876658724657,1.01857303525,1
"WDR7",-2.19366673495356,-1.96816708849262,1.15939418874252e-11,3.59732161192139e-10,10.9357688807838,10.9357688807838,-1.9542,7.2584e-05,0.0014317,4.13915910213078,-1.7281,7.2584e-05,0.0014317,4.13915910213078,0.794139893033,1
"WDR70",-2.03435070894215,-1.70817820446134,4.63660337382568e-09,8.04168786605537e-08,8.33380005310703,8.33380005310703,-2.0473,1.2063e-05,0.00032249,4.91854467217743,-1.7202,1.2063e-05,0.00032249,4.91854467217743,1.04387089653,1
"WDR73",-1.75038370682668,-1.43522070711937,8.80956274562106e-08,1.22189530302653e-06,7.05504564685203,7.05504564685203,-2.2623,0.00020526,0.0034085,3.68769567543129,-1.9462,0.00020526,0.0034085,3.68769567543129,1.01857303525,1
"WDR74",-2.96887842329253,-2.63683033981266,2.0850414005847e-12,8.1495697933283e-11,11.6808853172528,11.6808853172528,-2.5166,2.5444e-06,8.7783e-05,5.59441461309551,-2.1836,2.5444e-06,8.7783e-05,5.59441461309551,1.05719254283,1
"WDR75",-3.48652314172219,-3.23820250332282,6.54539434055719e-11,1.71372769905575e-09,10.1840641833731,10.1840641833731,-3.0655,1.5531e-07,8.6794e-06,6.80880058029848,-2.8165,1.5531e-07,8.6794e-06,6.80880058029848,0.85465784459,1
"WDR77",-2.69741798075921,-2.36561055549599,5.17076245480832e-11,1.38029026255239e-09,10.2864454132888,10.2864454132888,-1.9811,0.00011066,0.0020336,3.95600933412187,-1.6483,0.00011066,0.0020336,3.95600933412187,1.05664930986,1
"WDR82",-3.15884455008348,-2.83318237321995,5.87407450936876e-11,1.54856808410435e-09,10.2310605489943,10.2310605489943,-2.8799,1.8297e-06,6.6611e-05,5.73762011192264,-2.5533,1.8297e-06,6.6611e-05,5.73762011192264,1.04270800831,1
"WDR83",-1.12519081343735,-0.713201141410339,2.37685129280411e-06,2.67700405181879e-05,5.62399798896381,5.62399798896381,-1.0314,0.0027426,0.031018,2.56183752832703,-0.61826,0.0027426,0.031018,2.56183752832703,1.22718838396,1
"WDR92",-1.59708696303443,-1.22476462598102,5.23615765671254e-12,1.77444470377211e-10,11.2809872856489,11.2809872856489,-1.5403,0.0010588,0.013899,2.97518606737069,-1.1669,0.0010588,0.013899,2.97518606737069,1.14533730473,1
"WEE1",-1.39078295784512,-1.1676624425123,7.10844318518984e-10,1.44382225928303e-08,9.14822550336501,9.14822550336501,-1.4301,5.0056e-05,0.001049,4.30054385803053,-1.2064,5.0056e-05,0.001049,4.30054385803053,0.787682155269,1
"WFDC10A",0.464521451609774,0.886303055096068,0.123690793495362,0.325768518131026,-0.907662624404505,-0.907662624404505,0.3702,0.15901,0.46626,-0.798575562420088,0.79316,0.15901,0.46626,-0.798575562420088,1.24669843105,0
"WFDC11",0.246024948760677,0.667806552246971,0.198446243252213,0.437625827538888,-0.702357118224578,-0.702357118224578,0.25868,0.22309,0.49968,-0.65151989651201,0.68164,0.22309,0.49968,-0.65151989651201,1.24669843105,0
"WFDC9",0.26831947563001,0.690101079116304,0.984942353479162,0.994091562033901,-0.00658918706434244,-0.00658918706434244,0.11988,0.44138,0.6624,-0.35518734966649,0.54284,0.44138,0.6624,-0.35518734966649,1.24669843105,0
"WNK1",-0.659546031178157,-0.339542423130341,0.0548163857000627,0.191291871441537,1.261089602913,1.261089602913,-1.7023,0.036447,0.24953,1.43833821321885,-1.3814,0.036447,0.24953,1.43833821321885,1.02975056327,1
"WRAP53",-1.24905587498201,-0.930779257537659,7.09310962204915e-05,0.000646806317777793,4.1491633281984,4.1491633281984,-1.0545,0.028513,0.208,1.54495708592092,-0.73533,0.028513,0.208,1.54495708592092,1.02577267031,1
"WRB",-2.04765993903677,-1.82558121690347,8.90865850892733e-12,2.83797317020538e-10,11.050187688335,11.050187688335,-2.0917,1.639e-05,0.00041657,4.7854210464295,-1.869,1.639e-05,0.00041657,4.7854210464295,0.784845263169,1
"XAB2",-2.93375115251015,-2.62805377588848,2.14514201950673e-14,1.60784703603264e-12,13.6685439499845,13.6685439499845,-2.7053,3.4454e-09,4.7037e-07,8.46276035061896,-2.3987,3.4454e-09,4.7037e-07,8.46276035061896,0.996462348026,1
"XAGE2",-0.0251364445850134,0.203766999777662,0.772881275842497,0.891280308023268,0.111887213981408,-0.111887213981408,0.16458,0.61997,0.7865,-0.207629325259296,0.39412,0.61997,0.7865,-0.207629325259296,0.803328937333,0
"XAGE5",0.0523717216942524,0.281275166056928,0.721466030560732,0.864917533846031,-0.141784112369974,-0.141784112369974,0.23451,0.30942,0.5635,-0.509451618209642,0.46405,0.30942,0.5635,-0.509451618209642,0.803328937333,0
"XKR7",-0.0614689976188436,0.258318640790296,0.853917226421008,0.932503200201127,0.0685842251550742,-0.0685842251550742,0.029319,0.78573,0.892,-0.104726664717233,0.35,0.78573,0.892,-0.104726664717233,1.02925370559,0
"XPO1",-3.78161661077741,-3.409294273724,4.1972756655044e-05,0.000397731927589418,4.37703250658649,4.37703250658649,-4.0506,1.3679e-09,2.3986e-07,8.86394565044894,-3.6772,1.3679e-09,2.3986e-07,8.86394565044894,1.14533730473,1
"XPO5",-2.39578276190243,-2.15735319158865,9.61924268000596e-18,2.58947303299935e-15,17.0168591184862,17.0168591184862,-2.2413,2.3614e-07,1.2388e-05,6.62683044109628,-2.0022,2.3614e-07,1.2388e-05,6.62683044109628,0.828739266687,1
"XRCC2",-2.27168378363051,-1.90355611901668,8.89270792631268e-12,2.83797317020538e-10,11.0509659714956,11.0509659714956,-2.351,7.8268e-07,3.3392e-05,6.10641576366397,-1.9819,7.8268e-07,3.3392e-05,6.10641576366397,1.13640401541,1
"XRCC3",-3.10758330600102,-2.88036120426389,1.48379112528125e-13,8.41534118026725e-12,12.8286272308106,12.8286272308106,-2.7395,1.8665e-09,3.0233e-07,8.72897200573768,-2.5116,1.8665e-09,3.0233e-07,8.72897200573768,0.798797224728,1
"XRCC5",-4.03541130502791,-3.78709066662854,1.90685844755314e-05,0.000188936161265336,4.71968154488177,4.71968154488177,-4.2482,5.2458e-13,6.6842e-10,12.280188271228,-3.9992,5.2458e-13,6.6842e-10,12.280188271228,0.85465784459,1
"XRN1",-2.95332599581262,-2.62766381894909,2.59997244448452e-16,3.72021198828353e-14,15.585031254826,15.585031254826,-2.7335,1.5292e-08,1.4837e-06,7.81553571065301,-2.4069,1.5292e-08,1.4837e-06,7.81553571065301,1.04270800831,1
"XRN2",-2.39354799507788,-2.07376035666874,6.46944273707566e-10,1.31683129961371e-08,9.18913312684847,9.18913312684847,-2.0675,0.00018203,0.0030545,3.73985703091179,-1.7468,0.00018203,0.0030545,3.73985703091179,1.02925370559,1
"XYLT2",-0.131063181748152,0.187213435696199,0.438202169873358,0.674977885438198,0.358325476246576,-0.358325476246576,-0.078388,0.7553,0.87417,0.121880515302833,0.24078,0.7553,0.87417,-0.121880515302833,1.02577267031,1
"YAP1",0.182334894909736,0.514382978389609,0.552426398951153,0.758569276755038,-0.257725575848528,-0.257725575848528,0.21686,0.32922,0.57782,-0.482513789420277,0.54984,0.32922,0.57782,-0.482513789420277,1.05719254283,1
"YARS",-3.10219911620454,-2.78390948235752,6.79133406402208e-14,4.36075581495422e-12,13.168044906171,13.168044906171,-2.9543,1.9101e-09,3.0678e-07,8.7189438954165,-2.6351,1.9101e-09,3.0678e-07,8.7189438954165,1.02580269292,1
"YARS2",-3.63154713906713,-3.31154353101931,4.27947860940082e-13,2.08657333320097e-11,12.3686091400648,12.3686091400648,-2.895,1.3831e-07,7.9485e-06,6.85914641867728,-2.5741,1.3831e-07,7.9485e-06,6.85914641867728,1.02975056327,1
"YBEY",-0.515556601413021,-0.313847361630743,0.0384278847892829,0.148980154559344,1.41535352002757,1.41535352002757,-0.42328,0.040089,0.26923,1.39697477687241,-0.22101,0.040089,0.26923,1.39697477687241,0.728226223201,1
"YEATS2",-1.31184994579122,-1.09464466611301,2.30893027631459e-06,2.60511123796935e-05,5.63658918144793,5.63658918144793,-1.269,0.00016424,0.0028219,3.78452106363746,-1.0511,0.00016424,0.0028219,3.78452106363746,0.771499871013,1
"YEATS4",-2.14628566829358,-1.82628206024576,2.86083558595175e-12,1.05558205703274e-10,11.5435071006588,11.5435071006588,-1.9389,5.9816e-05,0.0012124,4.22318263236138,-1.618,5.9816e-05,0.0012124,4.22318263236138,1.02975056327,1
"YKT6",-1.26740932041645,-0.944189387490332,1.24130910181927e-07,1.68502420902498e-06,6.90612006016188,6.90612006016188,-1.6549,0.00036997,0.005651,3.43183349042674,-1.3308,0.00036997,0.005651,3.43183349042674,1.03712983103,1
"YRDC",-2.87773117933701,-2.55944154548999,9.03697891578099e-07,1.07616061069983e-05,6.04397673097269,6.04397673097269,-3.4387,5.707e-08,4.0198e-06,7.24359212745104,-3.1195,5.707e-08,4.0198e-06,7.24359212745104,1.02580269292,1
"YTHDC1",-1.77249839544991,-1.53837872198262,1.70938701442875e-11,5.08110637741474e-10,10.7671595995364,10.7671595995364,-1.6615,8.6075e-05,0.0016419,4.06512296862329,-1.4267,8.6075e-05,0.0016419,4.06512296862329,0.817298299824,1
"YY1",-1.11872021009921,-0.888340737989508,0.00672260612201711,0.0385737528700429,2.17246233334525,2.17246233334525,-0.8818,0.0095817,0.088343,2.01855743088804,-0.65078,0.0095817,0.088343,2.01855743088804,0.807295566234,1
"ZAN",0.14063694035932,0.466850821119534,0.633150182350513,0.812447091994989,-0.198493263710845,-0.198493263710845,0.15002,0.51601,0.7166,-0.287341881894617,0.47715,0.51601,0.7166,-0.287341881894617,1.04396513997,0
"ZBTB11",-1.96981974839898,-1.64415757153545,7.41829731080072e-16,9.26705336610027e-14,15.1296957649879,15.1296957649879,-1.6804,4.6096e-05,0.00097566,4.33633675906366,-1.3538,4.6096e-05,0.00097566,4.33633675906366,1.04270800831,1
"ZBTB17",-1.45415180449053,-1.13586217064351,2.15603830691699e-07,2.8133059736889e-06,6.66634352718898,6.66634352718898,-1.6861,0.00082197,0.011236,3.08514403291277,-1.3669,0.00082197,0.011236,3.08514403291277,1.02580269292,1
"ZC3H18",-0.415654366729228,-0.100474108655447,0.0204168081108727,0.0925145693274323,1.69001215295369,1.69001215295369,-0.39367,0.08833,0.44912,1.05389176956309,-0.077611,0.08833,0.44912,1.05389176956309,1.01861304105,1
"ZC3H3",-0.0283523410950857,0.273615553940661,0.987480910833591,0.995361036670614,0.00547129104303719,-0.00547129104303719,0.21896,0.48124,0.69054,-0.317638281878126,0.52177,0.48124,0.69054,-0.317638281878126,0.987656758422,1
"ZC3H8",-1.72082588642026,-1.47405585975253,8.77977017789305e-08,1.21864740312324e-06,7.05651685217809,7.05651685217809,-1.5565,8.1538e-05,0.001571,4.08863994531968,-1.3091,8.1538e-05,0.001571,4.08863994531968,0.850625268501,1
"ZCCHC13",-0.143260065289755,0.0831018377815695,0.633890339924711,0.812796596469945,0.197985866542206,-0.197985866542206,-0.038539,0.81019,0.90643,0.0914131215222417,0.18846,0.81019,0.90643,-0.0914131215222417,0.796473220463,0
"ZCCHC9",-1.41935608221115,-1.09318357773034,1.88901478290685e-10,4.38164314874982e-09,9.72376464339646,9.72376464339646,-1.4236,0.00093542,0.012546,3.02899334877776,-1.0965,0.00093542,0.012546,3.02899334877776,1.04387089653,1
"ZFC3H1",-1.18966741120996,-0.869663803162144,7.04451135274984e-08,9.90741320714552e-07,7.15214912663758,7.15214912663758,-0.98482,0.0012126,0.015628,2.91628243610105,-0.66392,0.0012126,0.015628,2.91628243610105,1.02975056327,1
"ZG16",0.196348221053241,0.511528479127022,0.327924105765517,0.580119718020763,-0.484226657084379,-0.484226657084379,0.30406,0.27853,0.54018,-0.555128020839355,0.62012,0.27853,0.54018,-0.555128020839355,1.01861304105,0
"ZIC3",0.1521549638699,0.378331014273236,0.28455032561755,0.537979322799259,-0.545840913082104,-0.545840913082104,0.22405,0.25297,0.52195,-0.596930979247023,0.45086,0.25297,0.52195,-0.596930979247023,0.795970608931,0
"ZIM3",0.0712071808175637,0.401720445085425,0.580962132775446,0.777669867208887,-0.235852174085777,-0.235852174085777,-0.01125,0.95203,0.97804,0.0213493660806778,0.32019,0.95203,0.97804,-0.0213493660806778,1.05372451338,0
"ZMAT2",-2.29027892447992,-1.96410641999911,2.33870392287102e-17,5.57778889385002e-15,16.6310247558746,16.6310247558746,-2.4059,1.2006e-08,1.2271e-06,7.92060166098014,-2.0788,1.2006e-08,1.2271e-06,7.92060166098014,1.04387089653,1
"ZMAT5",-1.78303496758345,-1.57108273373311,1.581904321927e-10,3.7558928329181e-09,9.8008197874096,9.8008197874096,-1.8439,4.5129e-05,0.00095839,4.34554428977464,-1.6313,4.5129e-05,0.00095839,4.34554428977464,0.756975369415,1
"ZNF131",-1.09128172714021,-0.765109222659403,8.42814136174727e-07,1.00553723999423e-05,6.0742681887602,6.0742681887602,-1.1686,0.047842,0.30861,1.32019067327533,-0.84148,0.047842,0.30861,1.32019067327533,1.04387089653,1
"ZNF207",-2.01065297449137,-1.69237635704702,2.07627608448795e-12,8.1495697933283e-11,11.6827148984163,11.6827148984163,-2.0963,2.3213e-05,0.00055252,4.63426872859832,-1.7772,2.3213e-05,0.00055252,4.63426872859832,1.02577267031,1
"ZNF283",-0.0844111439169348,0.232905494728034,0.989397328573698,0.996005771904748,0.00462926658884588,-0.00462926658884588,0.073336,0.75365,0.87328,-0.122830296515921,0.39154,0.75365,0.87328,-0.122830296515921,1.02355673479,1
"ZNF407",-0.878792392440538,-0.6532927459796,0.000670737433661018,0.0050973378010191,3.17344745513429,3.17344745513429,-0.80204,0.013287,0.11554,1.87657306499558,-0.57591,0.013287,0.11554,1.87657306499558,0.794139893033,1
"ZNF408",-0.195296758807398,0.136751324672475,0.317735805076709,0.570125516031036,0.497933842550699,-0.497933842550699,-0.18057,0.42002,0.64594,0.376730029404867,0.15241,0.42002,0.64594,-0.376730029404867,1.05719254283,1
"ZNF574",-1.02174023198295,-0.704423593337981,1.21957250399989e-06,1.42305795292734e-05,5.91379237562818,5.91379237562818,-1.1111,0.0013126,0.016704,2.8818676000791,-0.79286,0.0013126,0.016704,2.8818676000791,1.02355673479,1
"ZNF622",-0.628360364371052,-0.302187859890245,1.29127290791871e-05,0.000130720863819123,4.88898196077189,4.88898196077189,-0.88311,0.054591,0.33976,1.26287895019845,-0.55603,0.054591,0.33976,1.26287895019845,1.04387089653,1
"ZNF648",-0.464971255364985,-0.0337984549804316,0.0803387947568803,0.248545708026587,1.09507468784411,1.09507468784411,-0.41059,0.057367,0.35233,1.24133786089867,0.021787,0.057367,0.35233,-1.24133786089867,1.26516537946,0
"ZNF679",-1.01486414757015,-0.688650266809936,8.34815236633422e-08,1.16211388330478e-06,7.07840963300688,7.07840963300688,-1.1222,0.001852,0.022234,2.73235901765408,-0.79512,0.001852,0.022234,2.73235901765408,1.04396513997,0
"ZNF804B",0.120403054728855,0.446616935489069,0.53084456269654,0.744389737844385,-0.275032626649994,-0.275032626649994,0.13092,0.51157,0.71292,-0.291094931778361,0.45805,0.51157,0.71292,-0.291094931778361,1.04396513997,0
"ZNF830",-1.39122129892351,-1.07294468147916,9.60433058503294e-07,1.13847700401973e-05,6.01753289976196,6.01753289976196,-1.6362,0.0023352,0.02705,2.63167591802004,-1.317,0.0023352,0.02705,2.63167591802004,1.02577267031,1
"ZNHIT2",-1.56348247917535,-1.23143439569548,3.75460270041323e-05,0.000358450156908082,4.42543601182811,4.42543601182811,-1.7838,0.010374,0.094376,1.98405375634243,-1.4508,0.010374,0.094376,1.98405375634243,1.05719254283,1
"ZNHIT6",-0.583325190049888,-0.354896925794938,0.0525629439002663,0.185937965913524,1.27932031917436,1.27932031917436,-1.2421,0.11328,0.45798,0.945846759654306,-1.013,0.11328,0.45798,0.945846759654306,0.802049629625,1
"ZNRD1",-1.49337470638725,-1.25494513607347,3.23034112059785e-08,4.79359548431574e-07,7.49075161421039,7.49075161421039,-1.5519,0.00054326,0.0078832,3.26499227070491,-1.3128,0.00054326,0.0078832,3.26499227070491,0.828739266687,1
"ZNRF4",0.0750430729420168,0.380740449563683,0.226098983504729,0.472700689504913,-0.645701390150347,-0.645701390150347,0.33379,0.22741,0.50364,-0.643190441806021,0.64034,0.22741,0.50364,-0.643190441806021,0.996462348026,0
"ZP2",0.380084173542605,0.695264431616386,0.604847190685452,0.794506318898973,-0.21835433216498,-0.21835433216498,0.13697,0.62673,0.79114,-0.202919516210156,0.45303,0.62673,0.79114,-0.202919516210156,1.01861304105,0
"ZP4",-0.0382686485985658,0.428907030929662,0.885728998509752,0.948334731846285,0.0526991364144377,-0.0526991364144377,0.027838,0.83833,0.92193,-0.0765849921481747,0.49632,0.83833,0.92193,-0.0765849921481747,1.33384942107,0
"ZRANB1",-0.366520852831515,-0.040819170505317,0.0182563405232535,0.0849606614124531,1.73858627224714,1.73858627224714,-0.32537,0.056457,0.34876,1.24828220302334,0.0012396,0.056457,0.34876,-1.24828220302334,1.04279806325,1
"ZSWIM2",0.388146382656492,0.636467021055858,0.233734829175531,0.481578288150849,-0.631276567917128,-0.631276567917128,0.28014,0.33368,0.581,-0.476669823162225,0.52915,0.33368,0.581,-0.476669823162225,0.85465784459,0
"ZWILCH",-1.79508224776682,-1.47991924805951,1.05372195390609e-05,0.000107901289016978,4.97727397149026,4.97727397149026,-1.3303,0.027609,0.2028,1.55894932325378,-1.0143,0.027609,0.2028,1.55894932325378,1.01857303525,1
"ZZZ3",-0.77956592010427,-0.461276286257245,0.000686832768950089,0.00520516840322881,3.16314899272675,3.16314899272675,-0.72561,0.074938,0.41892,1.12529790185544,-0.40643,0.074938,0.41892,1.12529790185544,1.02580269292,1
