guide	gene	R01_input	R01_low	R01_bulk	R01_high	R02_input	R02_low	R02_bulk	R02_high	R03_input	R03_low	R03_bulk	R03_high	R04_input	R04_low	R04_bulk	R04_high
g00001	GENE0001	53	53	59	100	52	38	51	47	42	26	53	42	47	50	51	60
g00002	GENE0001	58	62	71	90	50	58	54	22	50	74	61	64	55	53	49	64
g00003	GENE0001	83	100	72	54	64	107	75	48	95	127	93	108	100	84	77	97
g00004	GENE0001	18	10	19	27	19	18	16	20	14	17	23	21	15	22	15	4
g00005	GENE0001	143	171	121	158	150	153	166	169	157	131	133	147	145	121	132	196
g00006	GENE0002	65	77	77	51	66	55	60	56	81	68	75	66	84	69	71	60
g00007	GENE0002	20	16	31	32	41	25	26	34	31	28	29	19	25	35	34	30
g00008	GENE0002	60	44	63	27	62	53	58	52	70	65	72	70	66	92	68	92
g00009	GENE0002	32	13	31	18	17	28	21	14	14	27	28	21	38	26	23	29
g00010	GENE0002	49	60	60	53	75	50	56	57	69	73	56	35	43	51	54	52
g00011	GENE0003	44	70	38	26	56	43	53	53	53	53	47	54	53	62	58	68
g00012	GENE0003	52	36	56	44	11	4	29	15	38	28	41	44	43	50	37	30
g00013	GENE0003	31	10	23	20	20	15	16	20	21	33	27	27	20	28	28	30
g00014	GENE0003	11	15	9	19	13	11	5	19	3	0	6	0	15	4	12	23
g00015	GENE0003	52	51	46	38	38	42	41	41	60	54	53	38	65	58	40	35
g00016	GENE0004	11	21	10	12	32	17	31	37	33	30	29	15	20	24	40	34
g00017	GENE0004	22	11	9	27	32	32	26	20	23	15	26	17	25	14	23	19
g00018	GENE0004	15	35	26	6	15	29	18	23	20	17	17	24	18	5	17	16
g00019	GENE0004	91	109	72	69	100	89	101	75	113	123	90	119	115	103	119	86
g00020	GENE0004	30	25	19	30	32	23	27	40	33	25	35	38	21	11	24	46
g00021	GENE0005	64	87	103	84	86	78	92	78	99	75	78	90	91	86	84	88
g00022	GENE0005	51	72	60	51	50	44	45	43	59	31	39	50	59	76	76	77
g00023	GENE0005	57	46	71	59	45	34	46	32	51	53	36	48	41	42	53	37
g00024	GENE0005	20	20	19	20	19	24	16	15	29	34	22	17	12	11	7	24
g00025	GENE0005	84	70	83	60	55	70	73	81	96	85	82	120	81	80	85	104
g00026	GENE0006	47	55	56	69	44	70	52	34	50	37	57	29	85	73	62	67
g00027	GENE0006	86	77	85	62	65	59	65	57	63	78	65	38	55	53	75	70
g00028	GENE0006	34	21	33	30	29	42	34	29	31	30	29	38	33	32	41	28
g00029	GENE0006	39	54	18	33	35	46	46	49	26	10	29	25	39	32	48	34
g00030	GENE0006	60	68	53	31	27	19	30	18	46	33	46	44	30	30	38	24
g00031	GENE0007	22	26	22	33	15	10	13	33	19	17	24	5	25	7	31	37
g00032	GENE0007	81	103	119	86	93	79	97	85	70	70	103	107	94	126	83	77
g00033	GENE0007	27	12	23	42	51	27	28	38	20	15	23	7	31	21	23	40
g00034	GENE0007	22	25	21	31	19	40	14	41	15	25	23	14	23	24	19	18
g00035	GENE0007	119	154	124	112	133	87	124	159	92	67	105	97	125	88	121	164
g00036	GENE0008	26	11	23	37	16	29	20	7	18	32	15	22	22	35	20	20
g00037	GENE0008	46	32	50	24	71	56	69	63	42	58	40	54	35	54	45	46
g00038	GENE0008	34	32	33	18	35	40	25	28	33	32	30	55	22	15	15	24
g00039	GENE0008	159	134	176	130	149	123	148	125	159	144	152	97	145	141	132	154
g00040	GENE0008	18	21	16	3	16	11	12	8	11	0	7	16	11	15	8	13
g00041	GENE0009	5	6	9	2	5	11	1	1	9	4	5	13	4	15	7	5
g00042	GENE0009	20	38	21	21	25	7	39	25	21	40	37	14	21	23	12	2
g00043	GENE0009	37	25	39	47	21	18	35	31	29	34	28	17	34	31	34	28
g00044	GENE0009	39	28	36	48	30	14	33	22	40	44	42	50	21	23	32	27
g00045	GENE0009	54	49	63	58	68	47	56	84	63	81	50	59	56	53	54	39
g00046	GENE0010	34	27	22	25	32	42	43	30	35	28	34	55	11	21	15	8
g00047	GENE0010	15	23	12	16	38	19	23	21	10	10	24	21	17	24	17	20
g00048	GENE0010	53	28	41	25	56	25	34	58	35	49	36	57	42	50	48	74
g00049	GENE0010	30	50	35	35	29	57	46	15	39	27	39	40	36	41	26	11
g00050	GENE0010	14	27	34	14	32	34	28	37	30	34	35	27	20	33	32	18
g00051	GENE0011	20	40	25	21	20	19	21	25	11	11	8	28	22	29	25	18
g00052	GENE0011	38	40	27	36	38	40	43	53	42	27	28	27	57	48	46	40
g00053	GENE0011	70	61	74	67	70	72	85	70	91	103	105	83	77	84	74	77
g00054	GENE0011	36	20	37	50	19	21	28	22	25	22	24	26	27	29	37	9
g00055	GENE0011	41	38	39	46	46	48	46	32	43	50	43	50	26	22	48	50
g00056	GENE0012	41	30	36	65	39	45	51	51	47	41	31	23	48	81	48	51
g00057	GENE0012	121	133	162	181	172	157	148	165	111	103	134	171	170	161	161	145
g00058	GENE0012	62	67	68	80	49	45	43	55	65	45	71	80	90	86	82	66
g00059	GENE0012	43	37	55	42	39	51	54	54	65	34	34	46	53	48	59	30
g00060	GENE0012	43	21	26	31	44	30	34	12	45	51	31	32	50	29	48	51
g00061	GENE0013	74	44	59	128	69	100	64	61	46	39	69	52	57	55	63	94
g00062	GENE0013	60	41	51	97	54	54	65	75	58	55	59	89	46	25	62	67
g00063	GENE0013	61	36	52	67	60	34	53	76	88	54	76	111	60	62	49	69
g00064	GENE0013	34	20	41	59	19	18	29	52	21	18	30	41	21	30	32	27
g00065	GENE0013	36	25	34	47	22	32	30	32	31	24	49	54	51	39	42	75
g00066	GENE0014	46	36	42	31	26	55	28	33	24	37	26	14	27	16	30	38
g00067	GENE0014	63	85	64	45	83	56	62	75	89	69	81	68	70	87	76	79
g00068	GENE0014	26	52	41	23	10	19	11	8	39	40	40	40	26	19	30	45
g00069	GENE0014	27	8	20	50	31	19	26	32	25	24	35	23	39	55	34	39
g00070	GENE0014	17	14	21	23	28	15	19	31	23	28	16	19	27	12	23	22
g00071	GENE0015	60	70	59	56	80	76	87	82	59	45	68	55	74	112	68	41
g00072	GENE0015	19	14	14	18	13	3	17	12	8	22	20	11	18	19	9	35
g00073	GENE0015	6	15	7	3	14	5	14	5	14	27	12	2	8	12	7	9
g00074	GENE0015	51	72	47	45	47	83	61	44	56	54	55	41	63	64	39	71
g00075	GENE0015	16	21	15	8	16	9	12	16	17	12	14	12	7	19	10	4
g00076	GENE0016	34	30	45	70	50	35	63	33	37	33	60	54	49	37	31	50
g00077	GENE0016	35	34	36	93	40	25	39	55	36	47	47	51	37	19	42	78
g00078	GENE0016	20	17	32	43	16	30	30	46	27	17	30	36	26	18	18	21
g00079	GENE0016	50	45	41	56	40	25	50	59	33	36	47	37	33	33	29	30
g00080	GENE0016	12	5	15	40	25	29	28	31	34	14	30	48	19	21	21	28
g00081	GENE0017	45	66	48	60	56	85	58	52	87	111	99	68	95	69	93	72
g00082	GENE0017	15	12	13	18	27	21	27	32	13	19	12	10	7	13	6	6
g00083	GENE0017	44	33	29	26	54	49	54	48	31	39	39	21	25	32	37	8
g00084	GENE0017	29	23	25	20	41	40	36	28	50	43	42	48	30	33	32	28
g00085	GENE0017	52	44	56	33	67	53	56	38	56	51	58	64	68	82	69	43
g00086	GENE0018	15	22	21	13	21	22	26	22	14	8	15	20	28	32	28	9
g00087	GENE0018	47	77	52	31	43	53	43	38	40	61	30	40	44	38	52	49
g00088	GENE0018	24	32	9	26	35	33	40	20	27	28	18	14	19	17	24	18
g00089	GENE0018	33	32	32	39	39	50	22	44	22	20	28	21	26	39	29	23
g00090	GENE0018	76	61	68	70	56	101	70	57	72	110	75	103	61	49	75	76
g00091	GENE0019	36	19	26	37	22	11	12	20	35	18	20	24	23	25	25	11
g00092	GENE0019	10	13	2	8	15	17	12	18	17	12	21	24	11	7	4	8
g00093	GENE0019	40	49	41	40	33	67	41	54	36	35	33	24	31	47	41	28
g00094	GENE0019	18	0	10	9	6	4	5	7	5	10	3	0	9	21	7	6
g00095	GENE0019	14	27	14	0	14	16	14	22	20	18	22	11	10	11	8	10
g00096	GENE0020	63	26	73	74	82	76	92	57	90	71	66	96	48	65	77	63
g00097	GENE0020	66	58	75	75	55	67	83	77	64	91	66	104	69	32	57	57
g00098	GENE0020	25	15	19	13	36	32	42	42	23	21	31	26	37	25	22	16
g00099	GENE0020	37	52	32	25	42	50	64	37	42	41	47	27	51	43	46	32
g00100	GENE0020	76	78	69	90	67	49	77	78	44	40	42	64	66	56	72	93
g00101	GENE0021	54	68	57	45	55	59	73	34	50	40	59	60	77	84	69	63
g00102	GENE0021	35	11	32	25	55	52	35	49	56	37	60	58	39	22	36	34
g00103	GENE0021	17	23	14	15	19	18	14	10	9	9	14	26	13	18	11	9
g00104	GENE0021	192	200	178	178	157	193	179	100	174	178	182	214	209	243	177	172
g00105	GENE0021	35	64	17	12	41	22	25	53	17	20	14	5	18	19	19	14
g00106	GENE0022	335	380	340	323	333	414	314	315	334	373	320	366	377	347	388	375
g00107	GENE0022	20	22	16	10	18	17	12	31	13	10	8	0	23	21	22	11
g00108	GENE0022	22	30	26	10	30	40	24	9	36	63	44	26	33	12	26	37
g00109	GENE0022	109	132	122	76	85	92	98	88	105	123	107	107	102	87	100	101
g00110	GENE0022	40	44	28	34	28	38	35	20	51	48	47	53	46	40	40	54
g00111	GENE0023	26	21	21	13	12	15	23	5	34	25	27	19	22	20	27	19
g00112	GENE0023	32	28	23	28	25	38	19	19	35	28	33	32	39	35	50	48
g00113	GENE0023	34	18	25	22	26	18	26	48	28	52	32	10	28	16	30	36
g00114	GENE0023	75	71	69	46	69	66	53	58	64	91	78	57	71	77	56	65
g00115	GENE0023	56	41	45	50	43	34	45	44	39	30	36	54	48	27	27	15
g00116	GENE0024	68	54	78	83	61	75	68	44	77	78	74	71	67	44	50	61
g00117	GENE0024	40	38	39	54	39	20	26	26	32	43	52	58	37	39	48	43
g00118	GENE0024	36	41	34	45	28	34	31	30	53	71	54	52	40	39	45	46
g00119	GENE0024	41	47	47	50	42	20	31	43	50	65	46	38	48	40	32	38
g00120	GENE0024	9	12	5	8	11	1	10	7	12	31	14	8	10	9	10	15
g00121	GENE0025	59	48	63	75	71	52	81	56	55	60	65	64	60	56	59	52
g00122	GENE0025	19	10	21	18	19	25	19	15	10	7	15	38	19	10	16	26
g00123	GENE0025	6	8	4	0	10	13	5	11	16	10	7	4	4	12	8	4
g00124	GENE0025	6	9	6	4	16	24	17	10	7	3	5	9	14	18	23	22
g00125	GENE0025	41	34	39	47	31	21	39	47	39	39	42	30	37	34	35	24
g00126	GENE0026	55	57	57	48	48	45	44	25	46	88	46	60	48	50	46	37
g00127	GENE0026	9	26	8	9	5	8	8	9	11	5	8	12	5	3	4	17
g00128	GENE0026	185	195	157	153	155	144	137	149	158	171	142	125	167	158	160	152
g00129	GENE0026	18	8	14	20	19	47	16	15	23	21	15	26	26	24	31	5
g00130	GENE0026	60	88	77	53	66	71	82	73	56	61	63	54	65	67	64	46
g00131	GENE0027	4	6	5	9	5	1	7	6	8	6	7	0	9	4	7	11
g00132	GENE0027	57	29	60	60	62	66	54	76	65	57	59	56	69	78	69	78
g00133	GENE0027	75	83	75	68	74	59	60	69	81	86	82	54	59	88	88	38
g00134	GENE0027	27	23	20	24	31	9	33	18	34	32	23	12	25	25	33	32
g00135	GENE0027	75	66	69	48	84	69	67	63	67	71	41	84	69	63	65	64
g00136	GENE0028	37	18	19	26	33	20	39	43	26	26	32	38	48	50	37	35
g00137	GENE0028	14	6	19	27	21	32	28	15	9	10	20	10	4	14	9	4
g00138	GENE0028	128	114	102	125	133	141	133	131	116	128	146	97	120	72	110	104
g00139	GENE0028	35	33	21	41	35	32	41	48	34	9	29	39	47	32	43	44
g00140	GENE0028	44	49	46	41	52	56	50	44	29	27	35	39	71	53	58	39
g00141	GENE0029	59	58	54	33	32	27	27	26	51	38	40	40	41	31	30	41
g00142	GENE0029	34	11	35	45	31	40	40	26	19	24	31	37	48	53	42	52
g00143	GENE0029	44	58	39	55	58	38	52	48	68	37	60	73	72	67	80	71
g00144	GENE0029	54	66	58	55	65	51	60	84	49	43	40	48	44	48	41	76
g00145	GENE0029	29	35	32	25	27	20	26	38	39	45	42	28	35	13	33	88
g00146	GENE0030	14	15	18	3	12	17	16	28	17	11	12	18	22	40	22	14
g00147	GENE0030	37	47	25	35	18	19	22	24	21	10	18	25	13	19	7	15
g00148	GENE0030	18	23	22	36	15	18	9	16	22	29	33	23	22	17	27	20
g00149	GENE0030	64	51	52	57	44	38	46	37	55	65	66	55	58	37	51	48
g00150	GENE0030	7	0	6	9	20	16	20	30	13	0	14	23	10	14	12	14
g00151	GENE0031	29	24	34	14	25	29	28	19	29	40	42	43	44	50	34	26
g00152	GENE0031	70	140	60	62	56	55	59	64	52	62	65	63	54	71	63	33
g00153	GENE0031	183	196	169	156	182	251	181	171	166	214	149	101	158	258	159	85
g00154	GENE0031	25	48	29	12	22	32	17	13	33	26	26	24	25	41	26	6
g00155	GENE0031	18	22	18	11	13	17	16	10	18	35	26	2	22	27	17	4
g00156	GENE0032	23	41	21	16	28	33	29	28	19	42	29	7	18	42	21	11
g00157	GENE0032	70	79	81	56	71	99	73	48	91	103	76	31	43	78	86	46
g00158	GENE0032	33	48	35	19	26	59	24	13	34	23	29	37	37	37	35	39
g00159	GENE0032	37	47	26	23	34	36	38	57	37	33	45	63	57	37	41	77
g00160	GENE0032	54	52	46	39	45	49	39	28	39	58	38	22	45	75	55	38
g00161	GENE0033	27	26	34	29	20	37	27	14	19	27	22	14	36	40	23	69
g00162	GENE0033	27	11	24	30	27	9	31	26	30	9	25	17	26	13	16	27
g00163	GENE0033	95	113	97	75	92	65	87	57	74	85	83	77	70	68	82	62
g00164	GENE0033	53	33	59	57	34	28	34	33	39	12	33	44	44	43	35	29
g00165	GENE0033	99	94	87	109	92	109	88	82	97	116	81	110	101	70	97	107
g00166	GENE0034	27	44	31	33	33	42	29	34	22	25	19	46	25	19	37	31
g00167	GENE0034	32	32	23	49	38	24	29	42	51	53	44	69	49	16	27	37
g00168	GENE0034	32	40	27	14	7	2	10	27	15	19	19	32	14	18	16	27
g00169	GENE0034	63	31	68	52	56	33	75	92	73	61	76	100	70	38	70	73
g00170	GENE0034	19	16	20	29	20	10	13	30	18	3	22	30	26	3	14	25
g00171	GENE0035	16	14	6	21	11	1	21	29	9	26	22	17	26	13	20	27
g00172	GENE0035	173	182	187	219	177	171	197	169	191	171	164	176	191	188	205	157
g00173	GENE0035	54	54	48	28	70	78	64	41	72	72	55	41	72	94	68	38
g00174	GENE0035	16	9	20	30	34	36	32	29	44	41	34	55	39	35	31	50
g00175	GENE0035	16	22	20	17	27	30	18	11	24	32	24	12	9	24	20	14
g00176	GENE0036	121	82	123	154	116	104	133	138	125	161	114	143	101	111	111	122
g00177	GENE0036	83	84	77	72	77	71	69	82	89	86	89	67	82	101	80	48
g00178	GENE0036	19	8	20	10	20	16	16	33	26	21	23	45	18	20	23	38
g00179	GENE0036	59	44	59	73	46	30	44	44	45	55	43	52	54	66	38	29
g00180	GENE0036	46	48	47	43	31	17	23	55	37	26	36	26	37	68	41	18
g00181	GENE0037	53	19	37	61	40	32	47	39	44	55	44	67	42	29	42	22
g00182	GENE0037	39	40	36	15	43	59	34	29	38	49	45	41	36	14	40	51
g00183	GENE0037	90	111	98	84	114	97	106	89	110	106	107	97	115	94	92	116
g00184	GENE0037	72	90	76	50	53	51	58	72	70	38	59	52	62	72	69	57
g00185	GENE0037	20	12	18	28	19	30	48	28	11	14	19	12	33	21	17	41
g00186	GENE0038	41	41	48	65	41	64	52	54	39	32	54	33	44	39	44	44
g00187	GENE0038	18	28	21	0	8	16	15	10	10	9	11	22	19	8	12	24
g00188	GENE0038	50	96	46	44	46	39	33	47	40	55	35	3	32	38	17	15
g00189	GENE0038	43	85	41	51	43	47	39	39	35	44	38	40	46	64	46	45
g00190	GENE0038	24	47	36	5	27	36	41	39	26	31	27	25	35	23	29	32
g00191	GENE0039	18	32	19	20	11	1	16	0	25	19	24	26	19	26	19	29
g00192	GENE0039	34	39	32	13	19	42	22	9	35	43	21	14	20	19	22	17
g00193	GENE0039	62	56	68	70	56	75	74	69	66	68	59	81	44	35	47	42
g00194	GENE0039	22	16	13	27	19	12	31	46	15	20	14	20	28	35	18	7
g00195	GENE0039	53	56	57	72	58	44	54	56	59	55	57	46	59	36	61	68
g00196	GENE0040	45	41	40	35	28	22	23	23	63	51	50	66	32	35	32	29
g00197	GENE0040	67	75	65	97	67	67	70	31	99	128	78	88	62	99	74	65
g00198	GENE0040	8	14	6	8	10	9	15	23	5	6	15	14	7	8	15	14
g00199	GENE0040	37	30	38	19	27	37	27	25	39	34	40	29	22	36	19	5
g00200	GENE0040	60	43	73	53	52	31	43	45	66	89	74	73	59	30	61	72
g00201	GENE0041	167	156	195	237	230	166	212	217	203	188	186	160	206	232	250	187
g00202	GENE0041	54	45	43	41	57	52	45	25	35	37	18	25	32	36	37	37
g00203	GENE0041	80	89	90	85	95	98	96	112	92	125	98	94	82	115	101	88
g00204	GENE0041	28	30	23	24	45	45	47	49	30	26	31	38	25	25	30	21
g00205	GENE0041	3	4	4	7	20	7	14	13	8	6	6	4	19	4	15	39
g00206	GENE0042	36	38	30	30	42	31	44	51	30	40	32	24	31	56	39	38
g00207	GENE0042	28	39	49	41	31	17	24	32	26	33	43	46	27	42	36	19
g00208	GENE0042	75	74	80	65	72	79	68	42	73	97	68	61	79	92	61	33
g00209	GENE0042	32	21	37	55	50	50	38	26	40	31	31	27	43	37	47	26
g00210	GENE0042	103	140	133	112	92	95	88	66	86	75	79	76	71	143	62	67
g00211	GENE0043	38	15	35	50	36	20	36	47	18	24	32	41	40	31	34	31
g00212	GENE0043	37	24	28	58	37	37	51	55	33	15	28	37	27	12	29	62
g00213	GENE0043	12	10	13	38	7	6	16	20	27	0	14	46	19	15	22	29
g00214	GENE0043	33	18	33	45	46	15	58	46	22	31	42	39	32	23	38	33
g00215	GENE0043	48	26	65	56	61	32	56	96	76	69	66	91	60	56	59	110
g00216	GENE0044	64	79	55	75	67	53	58	60	75	92	72	108	87	93	79	43
g00217	GENE0044	131	153	158	140	131	139	154	117	130	184	146	138	136	135	153	158
g00218	GENE0044	37	39	31	35	24	21	13	32	21	22	26	28	32	23	21	14
g00219	GENE0044	20	31	22	21	16	25	19	14	12	9	13	5	13	7	9	17
g00220	GENE0044	22	33	27	20	25	23	12	31	27	15	25	22	25	11	35	33
g00221	GENE0045	19	10	14	9	23	27	31	30	17	24	20	7	21	14	33	26
g00222	GENE0045	84	74	99	72	72	83	75	68	78	93	83	84	69	86	64	57
g00223	GENE0045	44	41	45	39	57	52	61	47	33	60	62	52	48	44	55	69
g00224	GENE0045	25	18	23	30	21	37	29	28	31	22	35	25	35	49	51	21
g00225	GENE0045	49	31	53	43	53	46	57	40	40	51	43	37	44	29	52	26
g00226	GENE0046	29	25	25	18	21	32	26	27	25	28	37	20	31	14	22	30
g00227	GENE0046	54	51	46	74	65	76	64	74	46	32	40	46	47	38	49	40
g00228	GENE0046	18	18	16	7	21	15	14	6	17	8	12	8	16	18	21	18
g00229	GENE0046	67	50	59	80	63	72	59	59	59	49	50	81	37	48	51	41
g00230	GENE0046	29	16	31	43	34	48	41	39	53	45	36	35	36	38	42	23
g00231	GENE0047	21	26	14	25	21	28	18	11	28	17	33	26	20	19	21	20
g00232	GENE0047	20	23	15	16	11	22	15	9	13	16	23	12	24	17	19	18
g00233	GENE0047	51	42	46	23	38	47	29	39	33	68	40	33	32	8	30	57
g00234	GENE0047	63	84	44	73	62	102	64	79	83	68	78	65	68	75	71	49
g00235	GENE0047	111	60	120	103	95	126	115	107	105	105	86	84	82	99	104	116
g00236	GENE0048	38	36	23	26	35	42	23	30	26	43	27	30	33	25	32	28
g00237	GENE0048	51	62	62	42	54	62	46	34	61	49	46	52	42	33	52	48
g00238	GENE0048	50	56	53	35	70	59	58	88	49	53	37	62	59	59	46	36
g00239	GENE0048	25	23	37	15	17	14	25	22	19	20	20	20	28	10	20	12
g00240	GENE0048	258	262	277	296	299	283	286	288	259	223	298	262	249	247	299	272
g00241	GENE0049	17	20	21	32	17	10	14	28	32	35	19	15	22	28	22	21
g00242	GENE0049	158	101	129	138	160	109	142	177	152	172	139	174	112	134	110	143
g00243	GENE0049	18	4	9	3	21	8	17	20	7	9	3	9	17	20	16	17
g00244	GENE0049	35	47	26	43	34	25	36	30	36	24	27	54	40	46	50	31
g00245	GENE0049	2	0	5	6	1	5	1	0	22	20	20	13	4	11	1	0
g00246	GENE0050	50	70	51	26	50	64	42	23	41	93	47	46	38	41	48	54
g00247	GENE0050	53	39	35	54	58	84	53	39	33	38	60	46	29	43	35	32
g00248	GENE0050	118	107	109	83	87	86	87	128	97	83	111	98	114	96	106	90
g00249	GENE0050	49	31	58	61	47	45	44	18	27	24	35	35	38	33	46	41
g00250	GENE0050	58	61	56	86	92	106	62	94	89	87	76	68	73	64	88	86
g00251	GENE0051	14	19	29	14	10	8	11	23	31	28	30	24	23	15	18	17
g00252	GENE0051	24	19	29	10	24	14	32	25	36	16	29	30	31	61	28	7
g00253	GENE0051	35	54	35	31	25	32	30	26	37	19	27	20	24	48	22	20
g00254	GENE0051	42	31	48	46	60	38	68	47	54	54	62	50	48	33	31	60
g00255	GENE0051	21	5	17	47	26	36	35	42	44	32	26	10	36	39	30	40
g00256	GENE0052	18	11	16	29	19	21	20	19	27	18	36	45	22	15	22	12
g00257	GENE0052	14	11	11	13	13	2	18	29	22	6	17	37	14	44	15	22
g00258	GENE0052	81	84	108	77	70	75	82	82	70	64	59	59	77	78	81	113
g00259	GENE0052	38	48	38	68	41	49	30	41	30	30	36	27	29	53	40	42
g00260	GENE0052	22	19	14	40	26	38	25	47	25	36	24	28	30	12	28	17
g00261	GENE0053	44	25	44	38	23	38	27	2	37	56	35	47	51	41	33	20
g00262	GENE0053	32	50	29	12	35	37	32	15	44	63	39	34	56	59	48	41
g00263	GENE0053	15	41	32	20	46	52	33	58	36	49	40	46	41	52	34	19
g00264	GENE0053	32	21	25	30	20	23	27	27	24	26	23	27	31	41	37	24
g00265	GENE0053	43	57	50	24	34	41	33	20	38	51	30	24	41	37	35	38
g00266	GENE0054	18	11	24	18	14	17	10	18	8	17	16	15	30	25	28	31
g00267	GENE0054	12	15	16	6	13	7	11	9	9	17	9	7	12	11	13	8
g00268	GENE0054	97	99	70	70	87	83	82	118	65	79	84	99	78	99	71	64
g00269	GENE0054	22	13	37	9	29	6	26	29	35	22	28	17	33	34	33	37
g00270	GENE0054	10	15	10	22	16	16	11	13	11	15	11	8	15	4	12	10
g00271	GENE0055	17	14	23	28	23	33	28	17	11	39	20	4	21	14	28	20
g00272	GENE0055	37	49	34	16	23	28	29	34	28	31	30	31	17	26	29	26
g00273	GENE0055	53	56	69	69	64	64	61	59	65	70	62	53	56	63	63	60
g00274	GENE0055	7	17	16	10	18	24	11	25	8	13	26	13	13	13	4	10
g00275	GENE0055	6	9	11	15	10	11	15	8	7	19	7	31	1	9	1	7
g00276	GENE0056	35	43	23	24	12	22	15	0	8	4	13	4	7	4	9	14
g00277	GENE0056	39	46	47	36	27	45	25	29	20	26	36	36	32	30	30	38
g00278	GENE0056	54	47	59	70	54	56	60	36	79	40	76	59	50	77	56	47
g00279	GENE0056	80	95	91	85	98	53	70	71	59	59	70	79	93	97	76	99
g00280	GENE0056	31	19	33	19	29	28	20	24	30	26	26	29	32	24	26	25
g00281	GENE0057	13	25	27	19	26	40	29	10	19	11	12	15	22	16	25	37
g00282	GENE0057	18	19	14	8	16	16	13	18	17	19	17	12	12	21	12	11
g00283	GENE0057	67	56	71	103	61	69	61	68	51	81	49	62	58	49	53	66
g00284	GENE0057	48	50	47	56	53	44	70	93	43	60	57	45	61	49	62	66
g00285	GENE0057	58	57	61	60	63	53	65	59	68	82	65	35	68	85	69	71
g00286	GENE0058	59	62	66	95	75	80	76	67	98	85	92	86	66	78	70	53
g00287	GENE0058	21	10	20	4	22	28	29	9	13	9	15	13	10	10	16	47
g00288	GENE0058	23	24	22	39	26	28	30	27	37	48	34	49	14	20	20	23
g00289	GENE0058	27	28	31	21	13	32	10	9	27	17	15	27	30	29	28	25
g00290	GENE0058	76	100	81	76	66	48	71	86	76	80	89	65	64	74	59	58
g00291	GENE0059	19	23	15	23	20	20	23	14	30	23	20	20	26	31	30	23
g00292	GENE0059	43	34	44	42	45	42	37	55	59	50	45	33	42	56	47	70
g00293	GENE0059	73	63	87	100	67	68	60	69	76	73	93	63	70	113	57	47
g00294	GENE0059	56	42	41	43	42	33	53	41	59	61	41	41	44	50	40	39
g00295	GENE0059	128	116	130	177	143	163	138	117	140	103	121	145	115	142	123	114
g00296	GENE0060	25	28	29	19	30	49	36	32	25	3	22	31	44	26	39	43
g00297	GENE0060	133	112	128	128	84	109	129	119	147	143	140	108	141	162	144	86
g00298	GENE0060	59	78	60	25	40	50	36	50	45	58	47	55	57	69	63	60
g00299	GENE0060	21	17	17	17	16	5	15	23	11	9	11	13	15	17	15	24
g00300	GENE0060	30	37	43	51	35	60	39	45	56	49	42	49	33	42	32	22
g00301	GENE0061	37	73	36	21	46	43	26	36	25	32	20	44	32	11	31	44
g00302	GENE0061	80	98	80	81	91	82	64	84	79	98	82	56	64	101	79	60
g00303	GENE0061	109	81	110	89	76	57	88	94	108	73	74	114	95	113	85	74
g00304	GENE0061	51	39	42	34	35	54	40	29	52	38	43	43	39	43	48	47
g00305	GENE0061	15	11	15	29	27	30	29	26	8	15	9	8	15	25	13	16
g00306	GENE0062	122	120	109	121	103	142	129	100	118	123	98	106	109	129	131	128
g00307	GENE0062	78	62	70	48	62	46	68	36	80	73	67	58	95	78	74	113
g00308	GENE0062	83	61	106	100	65	58	63	79	70	55	75	70	54	44	94	89
g00309	GENE0062	83	75	79	107	100	59	90	88	117	70	97	135	94	131	98	114
g00310	GENE0062	37	31	34	61	47	36	51	23	33	26	49	28	44	55	40	53
g00311	GENE0063	19	21	13	27	17	21	13	15	12	26	10	9	18	18	15	9
g00312	GENE0063	43	45	50	49	40	42	46	62	44	52	59	62	53	25	61	68
g00313	GENE0063	59	55	58	64	55	42	53	55	39	43	40	37	33	19	56	56
g00314	GENE0063	42	36	43	69	28	46	25	40	46	15	56	55	45	34	46	46
g00315	GENE0063	1	0	1	6	5	0	3	6	4	0	1	0	3	0	4	7
g00316	GENE0064	90	130	80	57	104	152	86	35	92	92	86	73	91	141	118	62
g00317	GENE0064	28	21	30	7	29	35	39	30	30	55	32	14	25	44	24	20
g00318	GENE0064	48	89	53	43	35	65	34	44	31	49	28	38	50	74	41	39
g00319	GENE0064	18	27	21	18	20	15	35	27	21	23	25	36	24	13	17	33
g00320	GENE0064	32	36	29	11	51	37	51	44	37	53	34	27	29	28	32	17
g00321	GENE0065	14	15	17	10	25	24	26	24	14	21	20	19	13	12	15	25
g00322	GENE0065	177	266	240	148	221	204	256	236	230	219	221	255	237	231	252	300
g00323	GENE0065	36	24	27	39	26	10	14	44	20	15	22	24	16	33	20	10
g00324	GENE0065	10	22	12	2	19	16	8	10	12	22	21	5	20	28	20	10
g00325	GENE0065	29	17	17	26	15	12	15	11	15	26	14	21	9	15	16	16
g00326	GENE0066	16	11	18	9	18	7	20	28	30	22	21	30	17	20	8	6
g00327	GENE0066	65	36	56	55	54	87	75	101	50	38	48	54	40	52	42	34
g00328	GENE0066	7	11	6	6	1	7	5	13	14	12	16	11	5	2	3	7
g00329	GENE0066	8	12	12	0	14	14	21	21	17	18	14	37	13	9	18	22
g00330	GENE0066	27	25	27	38	38	19	32	57	29	28	25	37	32	21	31	15
g00331	GENE0067	47	39	45	48	42	62	52	35	43	48	41	31	36	22	38	34
g00332	GENE0067	61	64	52	88	55	50	46	31	52	45	54	44	63	47	55	49
g00333	GENE0067	48	30	47	43	44	30	53	45	61	60	50	84	55	50	48	60
g00334	GENE0067	89	111	96	94	81	86	90	52	93	112	98	85	99	80	78	104
g00335	GENE0067	52	63	59	58	64	100	48	44	62	53	63	62	62	63	60	57
g00336	GENE0068	146	105	140	115	134	168	133	94	173	261	191	128	144	164	144	127
g00337	GENE0068	17	35	23	36	36	4	26	27	19	11	21	18	31	43	24	15
g00338	GENE0068	85	53	101	94	65	72	61	40	84	83	62	58	65	54	72	46
g00339	GENE0068	46	46	38	42	45	58	52	29	42	69	44	38	65	38	61	47
g00340	GENE0068	13	22	17	6	13	31	16	15	9	20	13	35	20	17	21	15
g00341	GENE0069	116	136	104	87	121	181	130	84	120	167	107	87	89	128	100	103
g00342	GENE0069	14	23	11	4	7	5	6	10	8	13	4	0	7	15	3	0
g00343	GENE0069	78	100	68	63	56	67	45	43	81	91	66	67	46	73	68	45
g00344	GENE0069	38	36	30	28	36	41	34	34	24	44	24	28	36	36	38	37
g00345	GENE0069	21	22	22	12	8	22	21	11	3	9	4	0	8	5	14	18
g00346	GENE0070	33	30	34	53	36	30	34	26	27	14	33	34	42	29	28	27
g00347	GENE0070	107	125	116	98	119	118	123	149	124	98	123	135	141	166	126	126
g00348	GENE0070	61	24	59	74	62	78	62	52	49	50	54	50	60	45	57	37
g00349	GENE0070	128	148	150	97	142	146	155	148	106	120	99	120	129	134	129	155
g00350	GENE0070	80	64	72	93	80	69	80	117	76	87	75	80	75	141	77	51
g00351	GENE0071	75	95	72	73	75	88	81	91	81	115	97	63	72	54	63	100
g00352	GENE0071	15	14	20	13	10	14	10	22	19	26	20	2	16	17	20	27
g00353	GENE0071	54	52	48	51	58	46	48	56	57	53	39	30	43	49	54	57
g00354	GENE0071	63	41	51	31	65	81	80	71	61	70	55	84	60	54	41	66
g00355	GENE0071	21	29	17	26	47	60	40	30	18	39	26	16	37	36	38	35
g00356	GENE0072	34	63	35	35	40	48	41	44	24	54	38	43	40	39	57	36
g00357	GENE0072	60	59	45	47	49	57	60	56	84	74	84	93	60	38	74	49
g00358	GENE0072	40	66	60	45	42	61	41	41	35	21	41	43	52	92	46	38
g00359	GENE0072	50	42	63	87	44	25	55	34	58	62	69	47	57	20	48	76
g00360	GENE0072	23	26	21	7	30	42	19	16	17	37	10	19	22	17	25	33
g00361	GENE0073	16	21	17	12	15	24	24	4	10	8	13	9	19	21	20	20
g00362	GENE0073	116	81	99	92	124	87	115	168	90	69	89	109	94	97	117	119
g00363	GENE0073	51	46	59	67	40	44	38	35	49	35	48	59	55	50	68	44
g00364	GENE0073	33	60	41	39	46	39	32	43	61	65	57	36	55	50	48	41
g00365	GENE0073	37	19	37	10	49	10	36	39	23	22	35	22	38	42	45	45
g00366	GENE0074	21	9	17	30	10	19	12	8	14	18	19	10	19	4	20	27
g00367	GENE0074	32	20	29	22	23	42	27	30	36	45	36	19	25	27	23	23
g00368	GENE0074	12	20	7	13	11	19	14	7	22	20	23	30	7	18	10	2
g00369	GENE0074	17	25	21	12	18	11	26	33	27	18	37	53	31	38	38	28
g00370	GENE0074	19	8	10	3	13	16	19	13	18	6	15	2	10	6	9	3
g00371	GENE0075	12	9	14	23	19	8	16	29	15	5	10	9	19	11	18	27
g00372	GENE0075	51	46	43	42	43	82	51	47	59	69	59	59	60	77	57	53
g00373	GENE0075	61	67	66	51	40	71	58	55	57	58	64	50	60	29	50	63
g00374	GENE0075	42	41	44	59	44	19	30	52	42	16	28	31	26	8	29	25
g00375	GENE0075	43	77	70	57	69	71	59	61	63	113	82	75	84	78	73	75
g00376	GENE0076	23	36	29	43	32	33	23	19	30	32	29	18	26	33	21	34
g00377	GENE0076	103	89	101	132	97	86	98	113	105	142	120	94	78	99	78	111
g00378	GENE0076	27	37	24	17	35	30	26	34	22	26	16	19	17	15	21	24
g00379	GENE0076	39	27	42	46	25	33	38	29	28	12	37	48	23	29	25	28
g00380	GENE0076	72	96	66	52	56	58	60	83	43	32	48	28	71	42	61	40
g00381	GENE0077	41	26	49	28	37	38	45	22	27	21	39	6	30	32	30	37
g00382	GENE0077	41	38	30	31	34	34	40	31	56	58	48	53	30	27	31	34
g00383	GENE0077	117	136	126	98	116	85	134	102	106	92	138	121	129	156	116	160
g00384	GENE0077	41	50	56	34	37	53	32	27	36	91	49	35	45	42	52	50
g00385	GENE0077	46	41	40	56	42	61	58	50	38	33	39	24	38	46	33	34
g00386	GENE0078	97	58	93	109	106	99	92	109	112	99	133	117	104	70	111	138
g00387	GENE0078	43	46	31	52	43	42	33	22	41	51	55	41	48	27	58	62
g00388	GENE0078	30	22	32	42	32	25	25	39	33	35	24	19	14	28	30	28
g00389	GENE0078	61	41	52	38	49	45	52	53	39	37	49	70	65	41	55	46
g00390	GENE0078	72	97	67	49	74	71	77	55	69	52	48	69	59	79	53	49
g00391	GENE0079	31	6	28	29	13	38	15	28	37	52	36	22	31	34	29	22
g00392	GENE0079	40	53	44	9	57	42	65	61	36	45	41	32	32	35	40	44
g00393	GENE0079	51	18	28	48	43	38	45	30	44	19	42	43	54	66	42	30
g00394	GENE0079	99	65	76	93	95	98	87	79	80	87	79	93	94	131	74	91
g00395	GENE0079	36	31	32	36	31	29	41	28	14	6	21	17	27	20	21	15
g00396	GENE0080	28	21	27	43	29	17	55	59	19	28	29	19	17	0	16	28
g00397	GENE0080	66	37	63	96	71	58	94	81	69	76	69	49	46	32	72	86
g00398	GENE0080	48	15	42	63	52	62	62	57	44	15	56	43	46	51	29	27
g00399	GENE0080	9	25	22	12	15	9	25	15	22	12	30	27	31	16	24	17
g00400	GENE0080	50	60	42	55	80	67	52	71	37	34	41	61	56	70	66	41
g00401	GENE0081	17	11	9	11	17	23	18	6	15	29	31	22	14	19	12	7
g00402	GENE0081	19	15	18	25	26	24	18	19	13	13	27	39	15	7	16	14
g00403	GENE0081	65	33	56	64	58	52	56	40	58	51	60	47	54	80	85	37
g00404	GENE0081	29	37	33	28	29	15	22	32	26	29	34	26	31	21	34	55
g00405	GENE0081	32	46	25	25	24	25	31	33	37	24	31	42	30	30	29	26
g00406	GENE0082	21	17	22	25	20	15	26	15	16	10	24	31	34	43	29	22
g00407	GENE0082	11	2	5	12	16	8	14	7	11	0	9	13	17	11	14	23
g00408	GENE0082	16	18	23	29	18	16	13	19	14	7	11	17	17	7	23	25
g00409	GENE0082	13	12	14	9	8	11	9	1	13	18	14	15	14	4	11	6
g00410	GENE0082	19	24	13	7	14	21	20	44	17	12	14	24	25	22	18	24
g00411	GENE0083	31	68	32	42	38	34	32	14	34	28	21	30	28	47	37	37
g00412	GENE0083	115	137	137	102	135	129	134	148	115	112	129	148	147	134	122	114
g00413	GENE0083	49	54	37	52	36	41	32	41	35	39	50	42	46	42	39	40
g00414	GENE0083	70	105	101	68	69	76	89	77	66	62	71	70	69	61	69	57
g00415	GENE0083	87	76	82	51	85	118	99	65	80	60	86	87	85	82	79	74
g00416	GENE0084	105	123	112	108	135	116	113	126	93	118	116	103	121	96	103	117
g00417	GENE0084	31	25	33	17	15	9	13	20	28	22	30	20	30	17	44	25
g00418	GENE0084	51	41	52	47	36	15	32	39	32	33	37	52	41	69	57	36
g00419	GENE0084	20	18	22	9	18	17	19	32	16	22	13	2	19	14	12	27
g00420	GENE0084	17	21	7	9	16	26	32	23	17	39	15	17	17	19	14	13
g00421	GENE0085	3	7	9	7	5	2	5	0	6	9	3	0	6	0	2	3
g00422	GENE0085	42	45	47	24	26	23	34	19	39	43	35	38	31	45	36	32
g00423	GENE0085	43	31	37	39	67	40	74	56	55	54	39	18	50	31	33	47
g00424	GENE0085	37	14	25	26	40	51	29	35	44	35	52	48	35	57	27	28
g00425	GENE0085	16	30	24	14	36	28	22	23	17	36	27	19	19	10	22	29
g00426	GENE0086	57	64	43	23	60	76	55	23	54	51	62	44	59	52	75	93
g00427	GENE0086	25	36	19	7	19	27	41	22	28	63	22	15	35	39	32	23
g00428	GENE0086	29	32	28	18	33	14	24	30	12	9	16	7	13	23	20	25
g00429	GENE0086	29	10	21	16	14	29	13	2	25	24	35	40	23	7	20	20
g00430	GENE0086	182	153	164	157	161	173	157	121	172	206	174	166	158	172	145	111
g00431	GENE0087	58	46	57	51	44	42	43	35	59	42	42	49	48	48	35	48
g00432	GENE0087	41	21	34	28	27	36	26	38	41	39	27	21	26	15	26	23
g00433	GENE0087	13	22	18	22	15	16	14	10	15	36	16	9	22	19	15	17
g00434	GENE0087	80	46	90	109	98	89	89	78	63	47	59	94	70	82	60	95
g00435	GENE0087	169	131	159	144	221	274	225	206	195	243	180	172	217	176	201	185
g00436	GENE0088	30	33	27	40	39	27	44	63	47	44	43	50	57	32	50	38
g00437	GENE0088	14	3	8	17	23	14	12	23	17	7	10	27	7	9	3	15
g00438	GENE0088	15	25	19	6	18	9	14	14	8	33	12	3	11	10	14	6
g00439	GENE0088	15	22	20	5	14	22	13	5	8	5	5	23	4	4	9	14
g00440	GENE0088	31	44	30	33	32	21	28	39	31	46	32	38	19	32	20	33
g00441	GENE0089	152	174	176	143	138	112	158	137	153	186	145	113	172	191	193	142
g00442	GENE0089	83	83	72	112	62	78	54	29	60	49	55	61	84	97	88	59
g00443	GENE0089	130	100	128	111	95	127	94	115	109	105	124	127	123	130	131	86
g00444	GENE0089	59	67	63	81	64	85	66	48	72	86	66	47	70	71	76	61
g00445	GENE0089	5	7	8	1	2	2	5	10	13	16	14	29	5	5	2	4
g00446	GENE0090	111	136	116	124	112	139	111	135	118	96	118	126	105	101	123	125
g00447	GENE0090	15	11	14	7	17	23	10	9	31	34	21	16	25	6	31	25
g00448	GENE0090	50	59	61	47	76	45	48	61	56	40	47	80	47	84	59	28
g00449	GENE0090	42	31	37	19	42	37	42	47	59	40	53	42	31	27	32	34
g00450	GENE0090	18	12	15	8	23	9	19	31	12	20	6	0	23	18	31	20
g00451	GENE0091	71	66	61	67	75	80	77	85	57	78	58	43	65	55	79	78
g00452	GENE0091	28	57	21	8	18	20	16	25	13	13	9	11	15	20	19	15
g00453	GENE0091	14	15	18	16	13	12	13	12	19	12	19	12	18	15	15	12
g00454	GENE0091	33	38	42	53	34	31	30	34	25	12	27	23	21	36	34	49
g00455	GENE0091	49	65	76	65	70	43	73	80	60	69	62	53	67	63	72	94
g00456	GENE0092	39	27	30	31	27	19	32	30	30	29	21	18	24	28	23	20
g00457	GENE0092	4	2	9	12	8	11	9	7	8	5	6	11	3	0	3	4
g00458	GENE0092	50	24	31	52	46	29	40	47	49	56	44	18	46	36	47	33
g00459	GENE0092	32	43	36	43	46	45	37	16	33	56	41	57	36	34	42	30
g00460	GENE0092	49	65	51	41	54	28	43	60	56	58	52	44	45	37	36	34
g00461	GENE0093	7	7	11	6	23	24	26	32	24	12	25	20	29	47	32	27
g00462	GENE0093	44	24	38	61	46	29	48	50	36	17	43	26	36	33	41	59
g00463	GENE0093	127	97	99	90	112	114	93	106	126	121	147	106	128	108	111	134
g00464	GENE0093	31	32	23	26	17	25	10	5	9	3	8	6	24	8	12	16
g00465	GENE0093	99	92	85	80	86	113	103	118	81	76	73	87	75	50	89	87
g00466	GENE0094	110	96	99	151	99	113	128	128	115	119	108	63	104	80	109	111
g00467	GENE0094	23	9	28	40	50	26	45	23	42	33	40	62	32	34	27	12
g00468	GENE0094	99	116	108	92	90	96	104	90	91	106	86	75	82	81	80	80
g00469	GENE0094	171	174	167	164	155	145	179	161	151	208	150	147	143	187	165	174
g00470	GENE0094	100	106	88	86	96	75	86	103	98	112	98	110	79	97	99	56
g00471	GENE0095	87	72	89	83	110	126	102	86	84	105	107	103	99	139	93	86
g00472	GENE0095	34	26	30	13	14	2	25	12	22	23	26	22	28	6	23	19
g00473	GENE0095	14	17	10	15	7	3	4	0	15	20	14	6	6	1	11	10
g00474	GENE0095	23	11	19	12	30	33	32	31	26	30	33	27	28	21	25	25
g00475	GENE0095	70	66	62	64	64	77	53	43	46	84	66	35	62	56	56	60
g00476	GENE0096	6	0	10	15	26	30	22	18	15	8	18	37	16	30	15	16
g00477	GENE0096	68	35	62	53	51	38	41	24	49	43	53	77	55	43	52	59
g00478	GENE0096	130	112	117	107	113	116	124	111	159	175	126	129	129	137	135	149
g00479	GENE0096	60	88	77	100	72	93	80	91	78	64	73	63	63	44	78	54
g00480	GENE0096	72	54	75	59	50	43	63	64	76	74	71	85	55	119	72	54
g00481	GENE0097	76	81	58	42	46	33	51	33	73	36	60	41	43	51	47	43
g00482	GENE0097	58	41	50	100	33	41	37	35	59	27	57	89	42	47	49	36
g00483	GENE0097	47	42	69	89	42	31	26	21	80	48	63	40	54	50	48	55
g00484	GENE0097	23	49	32	43	35	29	32	48	30	33	27	27	25	25	29	11
g00485	GENE0097	7	23	10	22	11	0	8	23	23	19	14	10	15	19	23	26
g00486	GENE0098	50	55	64	71	45	68	47	30	75	88	66	31	76	94	71	37
g00487	GENE0098	26	29	28	29	30	27	25	27	35	26	41	56	46	27	27	40
g00488	GENE0098	38	22	26	52	27	14	16	27	32	20	33	26	37	28	24	25
g00489	GENE0098	45	34	43	71	40	36	54	61	38	30	34	35	41	38	50	47
g00490	GENE0098	105	107	98	61	82	81	94	79	105	156	122	100	96	119	118	109
g00491	GENE0099	16	19	17	39	29	19	27	41	38	27	35	36	17	28	12	29
g00492	GENE0099	42	39	44	37	29	65	25	30	27	14	42	43	39	37	36	32
g00493	GENE0099	53	57	49	69	74	105	72	68	73	73	78	39	89	79	84	68
g00494	GENE0099	22	34	26	22	17	13	21	17	25	33	22	16	10	23	18	5
g00495	GENE0099	17	8	22	22	18	9	20	24	12	14	11	18	16	18	15	8
g00496	GENE0100	23	23	11	20	15	4	14	15	14	10	14	13	17	16	9	8
g00497	GENE0100	18	25	24	20	15	11	15	18	22	19	23	19	15	14	4	18
g00498	GENE0100	27	19	28	52	22	18	23	18	35	29	31	43	44	20	34	71
g00499	GENE0100	29	29	31	50	30	38	34	31	37	20	36	60	42	14	37	57
g00500	GENE0100	50	35	48	37	63	37	48	76	31	34	39	35	43	16	37	62
g00501	GENE0101	33	12	25	24	38	40	38	55	27	35	32	30	42	48	36	25
g00502	GENE0101	116	115	98	108	100	111	116	80	111	115	101	129	117	94	126	130
g00503	GENE0101	8	9	8	6	15	13	7	2	9	9	14	7	13	6	6	24
g00504	GENE0101	16	27	20	23	16	16	18	7	21	6	17	17	21	6	22	29
g00505	GENE0101	12	5	28	20	23	20	23	35	18	21	20	17	16	13	15	1
g00506	GENE0102	93	84	67	91	80	59	77	75	94	76	83	82	100	80	89	95
g00507	GENE0102	21	33	23	19	17	5	28	32	24	11	17	21	15	3	12	18
g00508	GENE0102	39	13	41	37	27	44	31	25	30	38	32	29	32	51	34	34
g00509	GENE0102	140	89	150	127	127	124	154	196	144	148	119	163	148	180	135	128
g00510	GENE0102	33	25	41	23	25	17	27	25	31	38	36	36	32	51	40	33
g00511	GENE0103	8	5	10	0	22	0	10	17	6	0	12	12	15	1	13	17
g00512	GENE0103	117	71	94	175	90	73	77	141	127	60	120	155	119	87	103	137
g00513	GENE0103	63	20	75	74	62	42	51	68	55	25	68	74	47	50	55	61
g00514	GENE0103	54	38	46	62	59	35	54	52	58	32	48	77	70	51	55	61
g00515	GENE0103	56	43	64	48	78	72	79	90	53	53	54	59	56	87	54	47
g00516	GENE0104	51	55	55	46	31	32	38	31	37	46	38	37	28	7	39	47
g00517	GENE0104	79	98	87	79	71	90	92	102	74	56	60	95	79	72	102	72
g00518	GENE0104	31	42	33	16	39	23	48	29	35	24	36	41	38	37	24	18
g00519	GENE0104	21	12	17	38	16	22	17	19	23	22	21	20	31	31	27	30
g00520	GENE0104	18	19	20	21	12	3	8	12	11	18	14	10	15	12	9	16
g00521	GENE0105	44	32	52	89	46	22	39	65	43	48	52	39	47	57	53	41
g00522	GENE0105	93	31	92	84	81	112	100	47	60	79	61	81	76	89	63	67
g00523	GENE0105	46	52	54	52	35	31	38	33	53	61	40	55	44	46	48	36
g00524	GENE0105	23	24	17	18	21	30	28	22	19	33	16	2	13	11	8	16
g00525	GENE0105	67	36	46	57	59	40	47	49	58	51	57	59	75	45	57	88
g00526	GENE0106	4	0	4	3	9	10	7	25	14	4	2	2	7	6	13	20
g00527	GENE0106	13	13	10	19	29	24	27	35	19	19	25	12	25	23	22	28
g00528	GENE0106	10	3	9	27	8	0	16	12	18	14	29	12	17	18	27	14
g00529	GENE0106	11	3	13	33	8	9	11	14	12	19	14	8	11	6	12	18
g00530	GENE0106	9	10	9	0	16	4	12	13	18	18	10	16	17	5	15	18
g00531	GENE0107	31	37	32	15	29	37	44	34	40	32	34	52	43	34	43	35
g00532	GENE0107	21	29	24	26	19	41	20	23	25	16	20	27	30	42	25	25
g00533	GENE0107	13	19	13	5	9	7	6	2	15	25	19	10	10	17	9	3
g00534	GENE0107	18	31	30	14	31	20	30	40	13	17	31	21	22	21	35	15
g00535	GENE0107	26	63	40	31	29	37	26	30	45	21	41	37	32	28	34	39
g00536	GENE0108	31	41	29	14	21	7	17	20	17	16	13	21	22	17	14	28
g00537	GENE0108	61	66	61	68	58	69	54	78	70	55	76	103	71	90	67	79
g00538	GENE0108	39	43	44	44	22	20	24	34	35	31	50	63	34	14	25	30
g00539	GENE0108	25	20	23	35	32	66	53	20	34	41	23	25	23	20	34	38
g00540	GENE0108	20	5	23	14	21	16	16	21	6	23	10	12	35	44	27	6
g00541	GENE0109	3	0	4	0	7	9	2	0	6	11	10	9	10	2	4	10
g00542	GENE0109	53	53	53	56	62	55	74	88	57	76	64	48	65	81	67	67
g00543	GENE0109	97	125	116	129	110	80	96	95	100	83	118	141	88	83	120	110
g00544	GENE0109	31	22	16	18	18	14	20	16	27	22	25	31	21	12	26	10
g00545	GENE0109	30	24	11	8	31	33	25	19	15	9	20	9	19	18	23	13
g00546	GENE0110	46	65	40	38	31	50	30	40	29	38	28	17	33	25	38	66
g00547	GENE0110	30	21	22	25	26	13	32	27	39	28	36	47	44	58	48	37
g00548	GENE0110	44	65	44	47	33	69	43	33	39	64	37	23	29	65	45	5
g00549	GENE0110	12	19	20	26	18	16	15	7	21	25	10	10	17	27	14	6
g00550	GENE0110	27	17	18	19	8	4	6	9	17	15	15	18	13	23	15	0
g00551	GENE0111	25	24	18	35	19	23	21	9	19	52	25	16	12	15	11	10
g00552	GENE0111	31	39	36	33	38	43	34	28	40	34	30	29	38	41	28	22
g00553	GENE0111	52	42	24	30	42	41	27	44	39	23	34	32	37	34	45	40
g00554	GENE0111	18	24	10	5	7	2	12	9	7	6	9	16	11	18	19	6
g00555	GENE0111	38	43	37	53	36	58	41	29	29	50	28	31	43	62	47	21
g00556	GENE0112	23	25	11	14	8	6	11	11	18	3	11	23	13	12	10	2
g00557	GENE0112	15	19	15	17	9	4	8	7	14	24	23	22	14	14	20	17
g00558	GENE0112	52	40	49	45	49	37	41	56	48	39	38	68	50	58	44	49
g00559	GENE0112	98	96	90	76	96	86	123	79	84	81	94	126	69	60	98	119
g00560	GENE0112	156	110	148	177	102	81	134	137	134	127	136	179	161	160	127	163
g00561	GENE0113	54	49	51	37	46	55	42	48	48	56	38	24	54	77	44	69
g00562	GENE0113	10	10	17	16	13	23	15	0	19	5	21	20	7	10	16	15
g00563	GENE0113	18	9	11	10	20	24	23	19	9	25	22	8	9	17	14	10
g00564	GENE0113	49	66	75	64	55	32	88	64	53	48	55	52	61	52	49	50
g00565	GENE0113	77	64	68	72	65	93	70	88	33	55	68	80	56	80	67	54
g00566	GENE0114	30	16	20	33	31	23	30	49	38	47	38	37	28	45	36	29
g00567	GENE0114	66	51	60	58	53	47	57	107	51	78	63	55	56	76	60	48
g00568	GENE0114	85	38	95	92	63	79	70	48	88	81	86	74	70	75	59	36
g00569	GENE0114	68	49	66	76	63	49	51	73	38	44	50	51	69	91	62	56
g00570	GENE0114	45	42	44	33	68	50	53	60	53	64	57	73	34	37	38	52
g00571	GENE0115	63	45	51	71	66	30	75	100	66	37	69	93	70	62	62	51
g00572	GENE0115	29	15	33	31	37	30	35	28	51	53	45	54	42	30	39	39
g00573	GENE0115	26	16	28	45	30	24	38	41	30	33	35	36	24	24	38	41
g00574	GENE0115	52	42	66	91	43	44	58	65	28	46	52	41	40	43	47	44
g00575	GENE0115	127	80	97	127	119	92	109	148	118	87	116	168	143	109	130	185
g00576	GENE0116	34	25	31	41	44	41	45	35	44	30	43	43	49	10	51	83
g00577	GENE0116	72	50	89	51	78	82	69	46	69	45	66	102	62	39	60	63
g00578	GENE0116	68	65	72	37	44	68	52	66	51	27	51	62	50	34	40	34
g00579	GENE0116	135	81	118	149	117	86	133	169	113	100	127	136	173	182	127	172
g00580	GENE0116	59	64	54	82	63	36	67	59	92	64	61	133	65	34	79	77
g00581	GENE0117	75	105	73	35	60	56	62	30	46	90	56	51	66	102	81	68
g00582	GENE0117	148	165	145	105	141	181	130	76	140	204	161	100	115	125	131	135
g00583	GENE0117	28	55	46	12	40	57	37	29	34	38	27	36	18	42	32	21
g00584	GENE0117	130	193	105	54	114	121	140	122	138	276	137	58	127	134	108	111
g00585	GENE0117	42	43	44	10	32	33	28	26	33	66	33	21	52	41	45	57
g00586	GENE0118	30	45	20	19	26	32	22	29	26	31	33	24	28	28	31	34
g00587	GENE0118	37	52	44	38	45	46	31	34	36	27	22	22	36	39	34	37
g00588	GENE0118	28	36	28	16	15	13	18	13	26	32	26	41	30	31	23	19
g00589	GENE0118	46	52	63	82	51	50	50	49	56	64	53	27	84	59	58	62
g00590	GENE0118	48	48	51	35	55	37	50	47	40	47	52	56	44	26	39	53
g00591	GENE0119	22	30	14	10	38	36	42	57	37	23	36	62	32	23	32	38
g00592	GENE0119	59	68	57	72	29	24	28	32	28	23	32	22	32	50	25	20
g00593	GENE0119	74	71	66	54	91	85	93	75	56	38	70	72	60	49	76	54
g00594	GENE0119	33	19	35	30	25	13	30	17	22	25	27	18	32	41	16	27
g00595	GENE0119	46	54	38	29	31	39	35	28	40	35	54	48	28	32	39	33
g00596	GENE0120	115	160	129	121	112	64	94	89	92	102	81	79	100	87	83	109
g00597	GENE0120	85	119	92	72	126	180	104	76	112	149	107	82	95	86	109	74
g00598	GENE0120	36	48	40	57	33	32	37	39	25	27	22	25	36	21	36	36
g00599	GENE0120	26	25	31	40	28	26	33	39	43	19	25	43	33	29	38	60
g00600	GENE0120	18	11	6	10	18	29	19	20	19	13	14	16	23	24	24	26
g00601	GENE0121	8	8	10	10	19	15	12	13	19	19	12	28	20	3	12	11
g00602	GENE0121	57	45	43	60	47	40	61	17	41	17	33	34	30	39	29	29
g00603	GENE0121	81	57	76	96	53	29	65	45	64	60	89	63	59	70	60	48
g00604	GENE0121	54	39	43	59	54	46	62	54	68	37	63	63	50	40	46	63
g00605	GENE0121	71	80	65	86	74	59	68	77	74	95	72	49	80	102	74	50
g00606	GENE0122	22	31	24	26	39	15	16	39	28	30	35	28	9	2	17	8
g00607	GENE0122	52	50	73	44	49	51	48	43	50	17	54	33	64	72	66	60
g00608	GENE0122	20	40	23	17	33	11	31	23	26	39	27	26	50	40	43	47
g00609	GENE0122	16	14	14	38	14	21	6	20	7	10	23	13	23	36	22	22
g00610	GENE0122	41	44	47	73	53	60	67	70	71	45	52	59	55	43	57	46
g00611	GENE0123	10	8	15	8	6	13	6	11	5	12	5	0	5	4	0	0
g00612	GENE0123	31	23	30	12	24	21	22	24	13	27	7	14	30	44	38	45
g00613	GENE0123	44	56	39	41	38	56	54	58	38	46	52	37	44	44	31	63
g00614	GENE0123	126	88	120	123	139	130	128	153	111	98	111	65	103	142	102	131
g00615	GENE0123	24	15	33	30	31	14	35	34	27	29	27	12	28	10	21	38
g00616	GENE0124	25	11	11	29	12	8	9	0	12	19	16	15	9	16	16	4
g00617	GENE0124	32	21	27	20	36	39	25	33	37	38	43	36	34	18	27	45
g00618	GENE0124	55	81	52	60	52	64	54	49	54	40	41	45	62	49	56	68
g00619	GENE0124	74	69	54	37	57	54	45	50	60	45	50	52	48	72	58	31
g00620	GENE0124	16	43	29	36	26	28	22	15	25	20	21	9	19	42	25	21
g00621	GENE0125	55	47	62	56	60	53	52	47	59	27	65	32	47	61	54	41
g00622	GENE0125	92	83	82	88	75	61	93	71	65	115	89	87	98	123	106	125
g00623	GENE0125	60	48	57	77	53	95	70	32	36	35	44	38	47	49	49	45
g00624	GENE0125	67	49	64	69	69	42	50	70	57	56	58	56	51	56	48	35
g00625	GENE0125	15	15	17	6	15	13	16	7	27	34	24	19	28	37	39	30
g00626	GENE0126	74	63	57	40	61	59	40	51	40	33	40	32	40	45	40	55
g00627	GENE0126	34	43	25	38	41	35	36	52	50	53	36	14	29	27	45	51
g00628	GENE0126	19	16	23	22	32	22	22	32	25	21	35	26	36	39	37	14
g00629	GENE0126	17	15	16	31	12	18	10	9	17	23	35	21	14	15	21	23
g00630	GENE0126	179	200	187	184	214	185	187	182	159	192	162	140	209	194	206	211
g00631	GENE0127	47	49	66	47	14	34	24	9	48	37	53	74	41	41	36	57
g00632	GENE0127	182	178	200	194	203	213	202	189	203	234	211	236	200	166	204	265
g00633	GENE0127	48	55	34	32	41	26	52	46	43	43	41	69	33	7	26	42
g00634	GENE0127	3	8	6	1	16	3	14	17	18	5	8	17	14	14	12	11
g00635	GENE0127	37	32	29	50	36	38	38	33	36	40	36	28	36	52	53	55
g00636	GENE0128	57	54	51	52	33	14	39	46	55	71	60	38	35	36	35	33
g00637	GENE0128	39	49	50	45	34	48	26	21	33	49	45	15	33	52	32	34
g00638	GENE0128	71	69	58	47	39	50	40	33	68	53	55	47	66	68	43	44
g00639	GENE0128	18	27	18	18	39	19	35	26	36	18	30	19	26	25	24	47
g00640	GENE0128	28	15	24	16	30	30	18	16	29	42	20	28	44	28	43	31
g00641	GENE0129	6	13	14	9	14	10	12	18	4	5	5	0	4	4	8	4
g00642	GENE0129	15	20	7	17	18	5	18	8	16	13	15	17	14	3	11	17
g00643	GENE0129	51	44	36	59	38	51	54	73	50	61	55	48	43	40	59	91
g00644	GENE0129	66	60	76	101	86	95	74	95	90	71	77	106	76	74	71	72
g00645	GENE0129	16	11	17	16	25	19	21	22	21	30	24	14	25	28	19	24
g00646	GENE0130	72	84	95	92	86	86	92	64	94	109	96	62	139	98	106	104
g00647	GENE0130	49	47	39	38	44	34	33	39	51	39	39	40	39	63	46	35
g00648	GENE0130	29	20	26	44	34	19	33	27	27	25	28	20	19	40	25	14
g00649	GENE0130	68	60	73	44	67	85	77	65	76	114	60	74	94	82	68	80
g00650	GENE0130	45	55	45	52	49	61	39	39	40	25	37	52	38	36	33	32
g00651	GENE0131	118	128	88	71	105	55	103	95	115	134	90	117	111	110	96	118
g00652	GENE0131	58	40	56	65	43	45	47	55	46	42	41	32	27	22	44	20
g00653	GENE0131	43	33	27	48	21	17	22	28	53	33	54	50	30	58	27	23
g00654	GENE0131	15	24	18	12	20	14	22	22	19	13	14	3	15	28	15	8
g00655	GENE0131	73	107	75	58	75	64	83	105	95	120	78	98	73	80	76	78
g00656	GENE0132	10	12	10	3	19	12	21	11	13	22	22	19	10	2	10	13
g00657	GENE0132	8	13	15	14	18	15	30	17	22	8	13	38	25	34	22	25
g00658	GENE0132	26	36	34	7	15	21	26	14	24	28	25	12	18	30	9	1
g00659	GENE0132	12	10	8	10	10	10	18	40	17	11	18	6	18	10	25	21
g00660	GENE0132	37	40	44	31	43	51	60	77	42	30	44	44	30	57	31	23
g00661	GENE0133	26	27	28	36	14	1	26	10	23	16	26	19	20	25	19	10
g00662	GENE0133	30	23	34	15	26	31	31	25	36	39	21	32	21	36	21	13
g00663	GENE0133	33	48	43	62	32	37	42	32	16	33	26	20	47	40	63	62
g00664	GENE0133	108	94	122	77	90	120	93	101	91	149	102	80	109	128	126	102
g00665	GENE0133	9	13	8	2	21	12	12	29	7	1	7	4	16	2	14	11
g00666	GENE0134	19	11	19	14	34	33	27	32	22	15	16	23	17	31	25	20
g00667	GENE0134	102	108	97	85	92	143	130	125	115	101	116	123	83	104	99	86
g00668	GENE0134	50	65	53	49	42	54	47	42	52	69	62	71	59	63	47	35
g00669	GENE0134	20	30	22	6	12	15	9	12	27	5	20	11	16	53	11	6
g00670	GENE0134	22	24	20	22	15	14	15	10	24	10	20	18	18	16	16	10
g00671	GENE0135	82	109	80	62	94	120	91	85	100	118	113	58	100	124	95	90
g00672	GENE0135	103	126	81	45	106	144	103	48	107	127	123	100	98	164	104	70
g00673	GENE0135	171	221	153	128	163	219	141	104	153	217	162	105	170	197	181	136
g00674	GENE0135	31	34	32	20	54	70	64	15	34	33	41	26	55	58	41	53
g00675	GENE0135	50	66	42	35	40	39	42	42	38	37	37	24	49	49	46	47
g00676	GENE0136	71	66	72	58	59	75	88	75	66	80	56	69	93	110	72	80
g00677	GENE0136	15	27	16	29	13	6	7	11	15	24	21	7	10	16	16	9
g00678	GENE0136	63	38	60	93	78	72	84	69	69	102	86	62	65	91	72	77
g00679	GENE0136	60	65	62	81	44	31	38	54	51	33	47	39	42	12	42	42
g00680	GENE0136	76	55	84	88	58	69	68	98	54	66	63	69	60	45	73	58
g00681	GENE0137	33	33	38	61	47	25	59	57	65	29	49	62	54	22	36	28
g00682	GENE0137	27	10	38	35	50	35	58	91	46	23	59	49	59	49	78	52
g00683	GENE0137	22	34	29	31	12	11	17	19	21	17	23	12	13	15	16	16
g00684	GENE0137	31	26	22	55	38	10	32	51	23	27	28	45	36	20	28	39
g00685	GENE0137	66	33	57	110	60	51	53	54	55	21	55	88	69	28	44	64
g00686	GENE0138	210	249	206	213	230	242	203	248	206	230	205	234	213	177	199	198
g00687	GENE0138	82	72	99	83	71	61	48	69	53	71	76	53	83	91	75	97
g00688	GENE0138	135	88	118	126	128	100	112	135	114	108	107	97	115	100	93	131
g00689	GENE0138	101	97	86	74	94	107	104	83	86	68	97	112	113	68	119	108
g00690	GENE0138	24	34	27	9	46	32	35	17	28	40	21	30	31	30	42	29
g00691	GENE0139	12	21	13	0	11	7	10	10	19	19	11	15	18	12	15	11
g00692	GENE0139	95	90	113	124	138	106	107	103	89	108	99	89	81	92	83	101
g00693	GENE0139	125	180	124	124	103	114	130	117	132	100	123	107	117	147	135	118
g00694	GENE0139	51	53	57	50	64	58	75	57	60	53	66	72	86	70	68	72
g00695	GENE0139	22	30	19	29	38	29	41	36	36	37	41	50	43	73	38	43
g00696	GENE0140	64	68	48	46	46	44	37	48	51	42	46	50	42	37	47	45
g00697	GENE0140	57	45	46	53	23	25	16	16	37	41	44	29	38	68	42	60
g00698	GENE0140	39	32	33	31	63	52	42	43	41	45	60	46	41	35	28	47
g00699	GENE0140	32	35	29	22	35	25	31	69	46	21	31	62	25	14	14	18
g00700	GENE0140	33	22	27	27	59	38	47	37	37	27	40	52	43	41	42	41
g00701	GENE0141	49	47	40	30	40	49	45	11	23	43	39	20	41	54	46	35
g00702	GENE0141	97	146	93	30	82	121	78	46	82	113	71	81	49	85	55	54
g00703	GENE0141	110	101	135	149	168	176	137	144	147	124	125	131	122	146	154	118
g00704	GENE0141	20	40	22	28	21	37	13	2	24	44	26	27	33	32	24	31
g00705	GENE0141	115	222	114	49	132	189	137	114	115	174	117	68	144	174	150	121
g00706	GENE0142	5	16	2	0	2	6	3	0	6	0	4	12	5	5	2	0
g00707	GENE0142	109	121	97	138	103	131	113	132	101	115	120	150	96	108	118	111
g00708	GENE0142	28	24	22	49	27	20	38	25	47	53	48	28	40	52	42	47
g00709	GENE0142	121	97	132	118	126	100	113	147	113	67	113	106	106	91	94	118
g00710	GENE0142	57	40	44	42	69	59	48	94	67	47	70	72	43	45	36	17
g00711	GENE0143	66	70	59	73	83	75	90	64	87	74	105	87	84	66	80	79
g00712	GENE0143	78	80	71	67	49	56	64	71	44	43	53	52	45	53	52	60
g00713	GENE0143	14	29	21	22	28	34	32	35	43	57	38	33	35	48	42	50
g00714	GENE0143	83	79	72	52	81	90	70	85	65	40	65	76	70	72	90	77
g00715	GENE0143	120	115	136	133	164	173	157	149	151	140	146	183	161	123	155	189
g00716	GENE0144	36	42	43	19	36	30	44	38	36	41	44	38	35	29	37	28
g00717	GENE0144	78	77	59	100	97	81	107	91	74	39	78	64	87	55	53	118
g00718	GENE0144	129	136	140	157	120	120	112	141	130	101	145	153	117	99	130	138
g00719	GENE0144	129	111	141	160	141	130	148	154	124	147	134	167	132	157	177	191
g00720	GENE0144	17	31	31	12	13	10	10	21	27	35	21	23	16	36	15	27
g00721	GENE0145	50	58	40	45	49	62	49	72	49	29	42	32	43	34	40	64
g00722	GENE0145	131	101	131	112	124	137	147	152	118	125	142	115	142	109	127	128
g00723	GENE0145	64	77	81	60	75	94	86	65	85	54	90	89	83	102	71	80
g00724	GENE0145	33	38	46	39	31	16	30	39	29	24	28	37	35	23	29	43
g00725	GENE0145	3	2	0	4	12	18	15	17	13	6	11	0	7	9	9	2
g00726	GENE0146	47	34	35	69	38	57	38	13	58	65	62	80	38	52	29	26
g00727	GENE0146	191	252	183	205	170	201	203	178	169	179	169	157	203	194	186	218
g00728	GENE0146	14	18	17	26	23	29	12	17	28	21	18	18	29	26	20	24
g00729	GENE0146	20	20	31	32	21	19	25	8	28	22	34	17	39	25	19	30
g00730	GENE0146	124	107	106	133	127	159	137	132	89	85	119	86	139	141	111	107
g00731	GENE0147	87	70	106	115	97	79	97	75	89	106	88	130	66	37	87	101
g00732	GENE0147	340	267	368	379	292	270	302	247	300	279	319	325	315	319	331	338
g00733	GENE0147	61	57	53	45	70	37	69	84	53	57	54	52	68	66	73	46
g00734	GENE0147	31	39	30	12	42	29	38	25	38	19	25	36	30	14	31	27
g00735	GENE0147	12	17	11	4	25	36	18	16	12	18	18	7	9	14	16	11
g00736	GENE0148	67	111	67	74	61	31	47	82	69	80	68	68	54	35	67	38
g00737	GENE0148	85	87	83	84	83	92	83	66	84	64	66	54	58	75	79	68
g00738	GENE0148	11	21	9	3	6	13	4	0	7	20	7	7	15	32	12	10
g00739	GENE0148	29	47	41	48	38	20	41	35	44	15	36	49	20	17	37	6
g00740	GENE0148	9	9	13	2	9	7	15	0	10	1	4	9	7	5	6	10
g00741	GENE0149	75	88	64	88	89	96	83	84	75	62	69	49	83	97	95	120
g00742	GENE0149	57	27	46	52	46	77	54	39	30	34	39	22	39	19	33	51
g00743	GENE0149	118	133	156	123	147	170	162	124	159	160	145	189	132	117	113	118
g00744	GENE0149	32	49	27	31	28	35	24	33	22	13	18	29	27	26	20	14
g00745	GENE0149	14	11	13	16	13	2	16	23	19	17	18	12	11	17	10	7
g00746	GENE0150	46	33	32	15	38	20	22	51	28	22	42	25	33	22	28	28
g00747	GENE0150	22	27	36	21	38	35	24	18	29	16	19	22	19	34	31	40
g00748	GENE0150	50	68	51	44	57	33	44	67	39	60	58	73	49	60	68	63
g00749	GENE0150	34	47	25	33	66	49	60	44	62	42	56	79	40	42	62	42
g00750	GENE0150	39	55	48	35	43	41	44	30	49	47	43	27	34	29	36	28
g00751	GENE0151	26	31	28	25	31	16	16	39	32	46	38	18	24	56	25	36
g00752	GENE0151	70	82	95	85	89	86	77	91	93	93	108	105	99	73	99	106
g00753	GENE0151	10	11	12	18	17	24	20	10	15	19	24	0	15	12	26	10
g00754	GENE0151	14	18	11	8	11	27	7	7	7	2	4	1	12	3	15	11
g00755	GENE0151	20	21	16	10	29	29	21	30	19	6	17	38	22	13	21	12
g00756	GENE0152	98	107	85	60	81	69	87	118	62	73	62	60	112	99	121	100
g00757	GENE0152	102	129	104	91	118	152	122	93	104	98	106	144	120	105	107	121
g00758	GENE0152	75	77	72	111	87	77	89	57	52	39	61	50	74	60	70	43
g00759	GENE0152	11	11	18	17	13	19	15	8	22	11	16	4	14	30	17	21
g00760	GENE0152	21	28	24	29	22	36	20	32	14	23	24	6	29	24	36	24
g00761	GENE0153	17	23	26	30	21	18	17	14	18	11	14	24	16	15	12	9
g00762	GENE0153	47	52	54	27	35	35	27	22	35	28	27	37	50	74	28	22
g00763	GENE0153	45	61	39	67	55	43	45	59	33	49	53	41	39	59	53	21
g00764	GENE0153	10	15	10	4	10	13	6	2	1	7	8	7	13	15	9	7
g00765	GENE0153	32	43	30	20	49	78	50	19	33	35	29	31	41	35	32	44
g00766	GENE0154	39	50	47	30	52	32	35	79	53	25	35	74	36	38	33	21
g00767	GENE0154	35	46	42	55	70	53	59	84	62	80	52	62	64	68	56	62
g00768	GENE0154	57	75	54	73	59	63	70	53	73	71	71	76	91	70	94	67
g00769	GENE0154	27	49	33	11	39	31	45	36	38	18	34	45	40	50	41	32
g00770	GENE0154	10	0	14	19	8	16	7	0	18	11	16	15	24	19	32	28
g00771	GENE0155	25	25	35	20	23	10	16	45	18	27	17	12	23	12	13	14
g00772	GENE0155	103	80	85	94	72	91	70	66	77	61	80	107	76	73	74	97
g00773	GENE0155	46	78	38	24	35	36	50	44	46	40	42	40	42	34	52	48
g00774	GENE0155	40	29	40	39	18	20	21	27	25	17	18	5	47	34	40	51
g00775	GENE0155	106	86	94	122	93	79	90	89	121	101	98	124	104	107	88	83
g00776	GENE0156	22	23	32	27	25	22	22	19	13	31	18	13	23	17	29	37
g00777	GENE0156	67	83	67	49	82	78	79	80	49	48	64	89	63	45	85	81
g00778	GENE0156	63	72	58	57	49	79	56	64	62	74	63	52	46	49	39	50
g00779	GENE0156	15	12	14	2	19	22	21	21	30	34	28	27	16	10	11	12
g00780	GENE0156	46	30	52	77	40	31	36	38	30	26	36	49	32	50	36	13
g00781	GENE0157	40	34	43	30	47	32	39	50	37	37	33	28	39	19	44	58
g00782	GENE0157	18	14	23	26	16	6	15	28	31	15	36	24	33	21	31	39
g00783	GENE0157	33	32	35	56	34	23	32	19	35	40	43	42	41	33	40	30
g00784	GENE0157	30	30	18	22	24	21	19	7	21	33	16	29	34	37	25	20
g00785	GENE0157	37	31	33	35	33	54	34	25	31	44	43	33	47	51	30	56
g00786	GENE0158	30	27	30	27	26	14	32	39	26	12	29	9	24	33	27	20
g00787	GENE0158	30	30	33	22	36	27	47	23	22	20	29	26	33	20	47	54
g00788	GENE0158	78	60	76	43	61	49	57	40	74	89	66	53	65	65	61	71
g00789	GENE0158	33	35	22	19	44	45	44	48	36	56	32	35	35	40	30	38
g00790	GENE0158	24	16	18	26	34	19	19	32	17	16	19	35	20	24	9	9
g00791	GENE0159	141	124	122	144	85	89	90	105	89	100	90	93	103	127	110	105
g00792	GENE0159	18	14	16	10	22	13	17	27	20	44	24	22	23	8	13	40
g00793	GENE0159	42	48	36	33	42	48	41	57	48	62	50	49	21	46	28	26
g00794	GENE0159	140	160	144	166	145	117	137	134	109	96	136	129	131	108	116	139
g00795	GENE0159	35	60	32	29	55	53	40	58	46	23	46	43	47	53	49	64
g00796	GENE0160	73	59	78	80	58	109	63	39	64	71	81	65	72	52	74	48
g00797	GENE0160	6	2	11	9	18	13	13	4	14	17	17	19	10	15	16	10
g00798	GENE0160	228	235	246	221	265	204	250	217	222	223	198	233	246	317	259	273
g00799	GENE0160	24	23	12	23	23	23	31	18	22	15	20	18	16	20	17	28
g00800	GENE0160	90	82	108	101	93	103	82	52	94	102	113	94	84	89	84	92
g00801	GENE0161	9	8	13	7	7	12	9	19	9	1	10	12	13	17	17	7
g00802	GENE0161	17	11	19	14	26	22	23	24	27	13	27	29	26	4	10	43
g00803	GENE0161	42	25	34	38	25	22	26	46	27	25	40	17	28	19	26	16
g00804	GENE0161	52	25	46	38	67	58	65	61	52	50	50	58	64	58	76	47
g00805	GENE0161	12	12	13	30	16	24	20	25	12	8	13	27	22	20	15	7
g00806	GENE0162	41	37	50	44	30	56	35	33	34	59	33	32	45	41	35	40
g00807	GENE0162	52	15	31	23	59	54	60	65	55	57	45	60	45	66	39	52
g00808	GENE0162	65	61	87	134	89	106	79	115	89	45	79	107	80	79	83	98
g00809	GENE0162	8	11	6	5	6	1	6	8	16	6	9	3	5	13	2	3
g00810	GENE0162	35	19	33	47	51	53	53	47	68	54	48	58	54	42	59	62
g00811	GENE0163	132	80	159	186	135	68	136	195	149	126	150	160	137	105	138	175
g00812	GENE0163	28	27	22	23	35	35	43	43	33	16	30	54	25	4	31	55
g00813	GENE0163	73	37	62	132	109	51	95	173	77	65	71	121	73	46	81	64
g00814	GENE0163	23	11	27	38	24	15	25	30	21	26	23	31	26	30	28	22
g00815	GENE0163	28	16	17	39	28	37	29	68	28	30	20	26	16	17	20	24
g00816	GENE0164	24	32	28	13	41	25	31	27	47	32	45	69	34	37	38	46
g00817	GENE0164	68	119	89	65	72	56	85	67	85	61	82	88	64	59	59	45
g00818	GENE0164	27	20	36	22	13	23	14	22	27	14	26	36	25	28	24	17
g00819	GENE0164	36	29	38	24	41	24	38	47	44	33	33	40	27	52	32	7
g00820	GENE0164	7	14	14	26	22	29	13	17	33	36	29	28	16	31	18	29
g00821	GENE0165	105	63	110	87	84	136	102	99	92	125	78	56	90	90	98	100
g00822	GENE0165	19	14	18	24	21	14	24	14	12	22	19	21	16	31	19	4
g00823	GENE0165	158	110	145	158	133	145	139	138	155	170	150	143	158	119	153	202
g00824	GENE0165	14	3	20	13	20	6	17	14	11	12	13	24	24	10	17	8
g00825	GENE0165	42	11	36	58	38	45	29	20	28	36	26	17	35	51	33	46
g00826	GENE0166	91	102	96	111	89	118	103	104	110	147	124	85	128	101	111	124
g00827	GENE0166	117	122	122	95	121	140	114	132	144	136	149	107	91	102	90	91
g00828	GENE0166	37	36	27	36	30	41	29	18	22	24	28	17	38	45	38	37
g00829	GENE0166	38	15	34	31	55	41	60	40	37	40	40	56	57	39	51	58
g00830	GENE0166	95	132	95	98	64	92	102	109	96	42	80	92	95	88	97	81
g00831	GENE0167	27	19	30	32	46	36	32	20	33	14	30	37	33	26	36	2
g00832	GENE0167	33	39	27	17	23	36	15	29	21	33	14	6	21	34	20	23
g00833	GENE0167	50	55	49	41	37	33	35	16	47	44	60	61	57	84	49	68
g00834	GENE0167	84	78	89	116	53	45	51	45	64	73	70	63	50	64	55	54
g00835	GENE0167	48	23	34	54	41	32	40	27	66	31	48	66	39	58	40	39
g00836	GENE0168	93	117	80	71	73	77	75	67	85	64	86	91	55	62	63	57
g00837	GENE0168	107	95	82	71	86	95	92	44	95	118	103	112	79	80	100	49
g00838	GENE0168	45	56	31	47	46	45	41	42	27	57	34	9	53	45	38	33
g00839	GENE0168	9	10	8	3	14	28	13	9	18	26	24	25	13	16	14	16
g00840	GENE0168	88	139	109	88	81	97	91	129	77	103	101	84	117	119	128	90
g00841	GENE0169	66	35	56	33	92	76	71	94	67	67	69	81	73	94	69	35
g00842	GENE0169	18	18	20	47	26	30	24	21	22	26	20	32	20	16	19	22
g00843	GENE0169	63	60	74	66	53	61	52	61	42	48	40	29	60	35	66	52
g00844	GENE0169	33	56	36	47	34	27	46	34	36	27	29	28	48	35	56	30
g00845	GENE0169	123	106	118	99	99	104	96	100	98	151	105	118	87	94	114	132
g00846	GENE0170	23	49	47	42	28	65	30	6	41	54	44	38	34	35	31	29
g00847	GENE0170	125	120	115	105	86	63	87	118	107	113	101	65	102	69	91	83
g00848	GENE0170	129	112	121	164	101	129	109	110	110	132	116	145	132	160	145	117
g00849	GENE0170	12	6	11	13	6	10	5	0	7	0	9	2	11	7	12	13
g00850	GENE0170	68	54	71	71	49	53	42	50	67	40	54	64	42	44	44	50
g00851	GENE0171	22	21	20	21	29	39	28	17	28	29	36	11	22	32	23	4
g00852	GENE0171	19	42	21	9	23	16	17	9	30	19	27	25	9	12	27	16
g00853	GENE0171	38	30	34	92	51	24	29	28	55	46	46	48	33	30	46	48
g00854	GENE0171	99	48	97	130	105	122	124	109	92	136	94	104	89	82	88	127
g00855	GENE0171	18	9	14	13	16	10	14	13	8	10	8	11	17	7	10	0
g00856	GENE0172	47	48	36	34	12	27	25	12	36	38	41	41	33	24	25	52
g00857	GENE0172	54	19	31	49	44	61	42	68	45	31	38	43	45	39	30	37
g00858	GENE0172	17	11	11	27	13	12	10	15	13	0	9	18	13	17	11	4
g00859	GENE0172	6	0	6	1	6	18	4	0	6	8	8	14	14	13	18	16
g00860	GENE0172	11	25	10	13	35	26	23	23	21	27	17	24	29	39	29	11
g00861	GENE0173	27	34	30	26	50	60	32	32	42	28	34	29	33	30	43	26
g00862	GENE0173	34	27	34	47	31	16	21	22	41	43	52	26	29	34	37	35
g00863	GENE0173	100	87	79	112	87	87	86	108	91	62	88	67	106	94	82	108
g00864	GENE0173	62	65	56	77	50	48	56	68	51	36	65	56	58	74	48	83
g00865	GENE0173	20	25	14	15	21	16	20	12	8	3	9	11	19	36	30	5
g00866	GENE0174	32	66	29	37	36	49	35	33	25	39	23	8	56	45	45	39
g00867	GENE0174	24	38	33	22	26	41	19	11	30	51	46	30	43	69	37	13
g00868	GENE0174	31	54	26	11	36	55	38	34	45	44	38	38	38	54	28	24
g00869	GENE0174	21	45	35	25	29	39	33	8	29	56	32	12	38	22	44	32
g00870	GENE0174	26	69	26	25	45	91	41	40	28	20	53	34	39	48	49	37
g00871	GENE0175	35	45	31	20	39	35	24	24	41	35	33	59	34	38	31	51
g00872	GENE0175	38	51	45	24	34	53	45	47	40	62	46	32	39	68	24	42
g00873	GENE0175	64	77	77	69	79	56	63	66	47	85	68	39	49	56	61	51
g00874	GENE0175	170	158	178	155	146	206	187	156	195	305	168	79	189	194	176	172
g00875	GENE0175	48	46	47	27	37	47	40	43	47	58	38	7	27	59	40	36
g00876	GENE0176	55	31	53	73	41	35	44	42	48	44	50	67	55	72	41	39
g00877	GENE0176	67	64	82	94	93	81	88	73	97	82	100	90	126	121	121	121
g00878	GENE0176	30	10	28	29	45	44	35	25	39	33	36	44	42	46	34	20
g00879	GENE0176	78	50	51	62	54	50	75	71	41	54	57	44	45	63	45	61
g00880	GENE0176	54	76	53	60	53	45	55	64	63	46	67	54	45	39	39	66
g00881	GENE0177	41	33	32	30	30	19	32	18	36	39	33	49	45	47	29	26
g00882	GENE0177	22	18	27	22	25	18	13	33	12	13	20	16	22	21	19	29
g00883	GENE0177	80	62	66	93	71	97	87	51	63	91	86	64	81	69	94	105
g00884	GENE0177	199	145	171	175	184	163	214	195	181	194	165	163	170	174	160	160
g00885	GENE0177	28	31	23	22	24	16	25	13	24	34	13	34	30	48	20	31
g00886	GENE0178	27	49	33	22	28	45	44	60	40	23	39	41	38	48	42	44
g00887	GENE0178	63	89	73	41	63	70	78	55	72	71	49	75	65	72	65	86
g00888	GENE0178	35	40	21	25	23	25	20	26	21	5	23	55	23	27	18	15
g00889	GENE0178	52	43	51	59	61	39	58	81	54	37	52	27	69	39	61	50
g00890	GENE0178	71	61	61	47	48	36	42	72	33	55	43	38	46	39	55	41
g00891	GENE0179	48	41	49	55	47	54	46	42	37	18	36	32	43	61	52	25
g00892	GENE0179	59	82	58	54	69	81	64	106	69	58	74	70	76	42	58	54
g00893	GENE0179	39	59	49	31	88	63	61	99	52	59	62	27	52	46	53	61
g00894	GENE0179	66	65	60	66	85	50	79	116	64	47	57	80	53	87	53	74
g00895	GENE0179	25	15	15	16	27	25	20	29	28	20	28	32	25	10	21	47
g00896	GENE0180	18	17	19	5	10	28	22	12	21	19	19	19	16	5	12	19
g00897	GENE0180	123	83	105	130	127	112	114	152	121	97	119	102	97	102	97	86
g00898	GENE0180	89	94	78	104	94	78	87	124	95	105	100	106	119	114	107	134
g00899	GENE0180	88	98	96	96	107	71	93	81	87	94	99	66	95	110	101	106
g00900	GENE0180	23	23	19	5	23	11	18	16	12	11	14	3	22	21	23	18
g00901	GENE0181	24	16	33	26	32	19	44	45	35	25	40	55	20	55	33	14
g00902	GENE0181	47	57	37	31	33	55	46	59	39	24	39	37	33	25	38	19
g00903	GENE0181	72	73	57	77	63	88	54	37	96	58	106	79	70	53	52	72
g00904	GENE0181	49	35	47	41	25	27	34	25	38	60	39	8	36	43	28	35
g00905	GENE0181	153	139	169	115	159	132	140	148	174	155	159	180	152	165	152	122
g00906	GENE0182	72	50	77	56	70	79	67	72	41	40	49	37	57	40	55	50
g00907	GENE0182	79	57	77	89	50	54	56	39	63	88	59	53	84	42	66	55
g00908	GENE0182	35	54	39	33	18	48	23	21	34	22	31	25	27	52	38	36
g00909	GENE0182	242	224	237	224	216	225	230	225	252	244	234	243	237	248	273	259
g00910	GENE0182	4	6	3	4	4	7	4	2	11	2	8	0	5	2	6	8
g00911	GENE0183	65	33	68	48	42	31	59	48	40	37	35	47	57	62	60	77
g00912	GENE0183	22	21	23	35	27	27	23	12	33	26	25	16	25	25	31	37
g00913	GENE0183	109	59	85	83	92	68	85	98	75	68	82	83	71	61	81	70
g00914	GENE0183	60	45	75	59	59	64	70	63	70	35	58	85	59	111	91	64
g00915	GENE0183	25	30	24	31	35	61	25	23	27	21	36	22	23	28	23	25
g00916	GENE0184	2	11	6	7	15	15	11	16	9	6	4	17	3	7	3	4
g00917	GENE0184	54	66	53	43	45	55	58	37	67	55	61	67	63	72	75	105
g00918	GENE0184	63	60	60	76	89	43	69	49	42	40	41	43	73	49	64	72
g00919	GENE0184	51	25	41	65	37	41	36	57	35	33	23	50	28	27	47	47
g00920	GENE0184	198	237	187	198	198	230	221	188	229	253	211	181	229	284	222	276
g00921	GENE0185	79	78	81	100	78	68	58	86	67	62	59	61	59	53	68	112
g00922	GENE0185	107	105	108	136	102	64	93	84	67	87	60	72	52	54	54	40
g00923	GENE0185	19	30	23	12	12	16	17	23	17	5	24	37	14	7	9	18
g00924	GENE0185	137	157	122	113	117	115	101	142	98	144	106	126	134	126	118	129
g00925	GENE0185	52	42	41	55	65	40	58	48	44	48	52	55	63	84	57	40
g00926	GENE0186	111	141	111	117	117	104	100	99	131	114	129	113	128	124	111	100
g00927	GENE0186	20	23	18	7	34	24	30	42	47	57	36	36	33	43	48	35
g00928	GENE0186	35	46	56	36	40	38	41	46	32	34	27	31	37	21	44	47
g00929	GENE0186	71	98	82	84	80	103	68	103	92	97	92	53	70	52	87	72
g00930	GENE0186	24	30	24	6	33	23	26	27	28	30	30	21	26	42	42	27
g00931	GENE0187	41	70	41	54	34	39	39	34	33	39	43	18	29	17	39	41
g00932	GENE0187	49	57	44	46	49	48	63	43	40	16	43	36	49	55	62	44
g00933	GENE0187	34	14	32	32	23	22	21	22	37	33	27	33	13	28	20	9
g00934	GENE0187	18	22	15	15	11	7	21	50	18	14	17	23	23	18	24	23
g00935	GENE0187	6	9	7	9	0	4	2	6	7	11	2	6	5	12	11	4
g00936	GENE0188	42	26	26	32	33	22	36	32	45	37	43	54	39	39	33	35
g00937	GENE0188	118	113	138	143	114	104	122	109	120	105	139	127	114	94	134	127
g00938	GENE0188	36	26	34	69	33	25	47	30	39	22	49	36	26	24	47	20
g00939	GENE0188	13	18	17	7	16	9	10	16	7	4	5	10	7	4	6	14
g00940	GENE0188	15	15	8	7	9	0	8	5	15	18	7	8	8	1	8	7
g00941	GENE0189	145	150	145	157	134	150	155	176	127	189	140	151	157	133	148	212
g00942	GENE0189	7	12	5	4	10	0	9	5	9	5	5	4	6	14	9	4
g00943	GENE0189	18	14	21	6	36	29	39	53	41	25	32	48	35	51	42	42
g00944	GENE0189	94	95	94	63	101	67	99	124	68	108	77	83	79	98	107	112
g00945	GENE0189	26	27	27	15	40	30	30	37	31	46	24	29	32	20	23	33
g00946	GENE0190	25	37	27	20	26	20	22	21	38	38	34	19	29	27	38	27
g00947	GENE0190	35	44	41	49	23	26	32	52	35	48	49	53	31	38	46	42
g00948	GENE0190	103	99	91	90	111	106	117	117	114	114	97	122	89	133	113	90
g00949	GENE0190	38	77	43	32	67	58	55	58	32	46	40	34	56	50	61	80
g00950	GENE0190	41	38	22	32	30	20	24	23	32	72	28	22	32	31	30	38
g00951	GENE0191	22	28	16	20	22	29	32	27	27	26	30	29	18	27	30	25
g00952	GENE0191	25	45	37	16	30	22	32	37	29	42	32	30	39	27	48	38
g00953	GENE0191	178	197	191	178	177	188	201	177	197	143	188	179	186	231	197	168
g00954	GENE0191	49	66	55	34	31	54	28	41	37	34	35	44	47	34	44	50
g00955	GENE0191	27	31	24	17	46	44	33	30	41	46	40	28	32	14	32	27
g00956	GENE0192	24	35	20	7	21	35	29	31	20	20	17	0	27	30	30	20
g00957	GENE0192	56	49	55	32	38	51	52	35	47	35	46	39	48	24	30	20
g00958	GENE0192	16	15	17	26	9	10	13	25	15	4	15	17	13	11	17	24
g00959	GENE0192	183	146	187	122	142	97	143	130	177	152	168	121	159	147	134	157
g00960	GENE0192	71	77	65	39	41	56	52	55	67	85	74	50	59	42	67	39
g00961	GENE0193	98	138	118	158	139	127	129	82	121	108	106	111	122	85	126	106
g00962	GENE0193	21	12	14	22	15	19	21	10	18	24	25	18	13	8	14	12
g00963	GENE0193	27	25	44	48	27	30	27	36	38	51	38	57	36	38	44	35
g00964	GENE0193	44	30	46	40	25	15	24	27	40	46	31	23	47	54	41	47
g00965	GENE0193	23	18	17	19	14	16	13	7	20	18	27	29	24	12	19	11
g00966	GENE0194	97	107	106	58	92	96	96	76	73	116	83	135	96	103	110	117
g00967	GENE0194	24	25	31	42	31	23	27	27	29	35	28	38	16	28	17	22
g00968	GENE0194	44	51	31	22	24	30	27	29	28	20	26	29	19	12	23	24
g00969	GENE0194	19	25	26	8	18	6	22	13	27	29	18	34	19	7	16	32
g00970	GENE0194	31	43	35	25	42	16	28	39	20	9	21	15	32	20	27	9
g00971	GENE0195	17	19	19	9	21	11	25	34	29	32	23	18	12	12	13	25
g00972	GENE0195	43	55	51	65	42	28	43	40	47	97	56	37	64	56	53	50
g00973	GENE0195	20	31	28	14	16	35	21	14	23	23	23	25	16	14	13	15
g00974	GENE0195	52	82	51	50	36	57	54	48	53	68	59	34	53	27	50	16
g00975	GENE0195	106	98	86	94	90	88	87	85	116	99	119	158	113	156	130	150
g00976	GENE0196	30	35	40	39	27	33	24	19	25	37	19	34	42	41	39	35
g00977	GENE0196	17	24	15	18	10	15	14	15	15	9	24	16	25	11	19	20
g00978	GENE0196	22	22	25	36	20	16	24	37	24	28	26	21	17	28	26	21
g00979	GENE0196	34	45	27	24	28	18	21	22	42	22	22	28	23	15	27	27
g00980	GENE0196	31	26	49	30	26	32	36	65	35	31	36	33	32	29	39	31
g00981	GENE0197	39	28	24	32	26	17	28	33	41	27	50	50	23	15	22	32
g00982	GENE0197	30	29	23	27	20	51	21	24	29	32	29	23	23	21	34	34
g00983	GENE0197	39	40	42	14	57	72	64	66	42	23	31	28	47	28	38	46
g00984	GENE0197	111	115	134	118	131	122	133	95	113	142	126	110	117	109	118	115
g00985	GENE0197	95	60	77	70	63	66	56	93	113	84	79	123	99	127	101	83
g00986	GENE0198	45	45	53	59	46	27	45	70	52	50	52	71	32	26	33	38
g00987	GENE0198	31	16	32	38	31	26	20	35	43	22	32	37	31	22	37	33
g00988	GENE0198	22	22	12	18	10	7	10	20	18	21	23	12	13	10	17	29
g00989	GENE0198	16	16	22	22	23	25	23	42	33	36	23	27	25	27	31	9
g00990	GENE0198	67	80	67	50	66	53	46	58	70	102	65	46	76	73	71	75
g00991	GENE0199	119	104	127	113	119	145	122	110	134	192	115	113	117	136	137	142
g00992	GENE0199	97	90	104	147	119	105	91	101	84	109	96	79	108	117	76	93
g00993	GENE0199	215	183	208	219	159	192	170	160	211	205	223	192	215	186	197	211
g00994	GENE0199	32	36	38	18	33	22	30	44	53	32	57	40	35	58	26	43
g00995	GENE0199	84	64	63	57	70	56	70	66	95	71	85	94	73	46	67	101
g00996	GENE0200	20	16	16	9	18	19	30	23	22	18	22	23	16	19	15	19
g00997	GENE0200	17	25	29	30	22	20	19	23	25	24	32	33	19	19	21	21
g00998	GENE0200	99	130	105	94	99	94	85	103	105	124	113	99	92	82	95	78
g00999	GENE0200	18	24	24	32	26	22	31	23	5	19	6	10	11	5	5	10
g01000	GENE0200	61	78	73	58	57	105	72	57	75	61	75	102	51	51	56	71
g01001	GENE0201	92	130	83	52	75	95	84	89	93	65	88	78	78	87	66	74
g01002	GENE0201	12	11	9	24	22	10	13	18	7	16	13	25	19	35	18	17
g01003	GENE0201	21	13	27	29	32	41	31	21	18	11	17	16	16	13	11	14
g01004	GENE0201	23	26	24	32	32	42	25	36	22	41	26	27	20	18	18	29
g01005	GENE0201	36	36	33	3	29	28	21	19	23	31	26	9	23	29	27	6
g01006	GENE0202	36	62	53	36	44	59	37	66	58	97	44	54	48	66	47	49
g01007	GENE0202	45	59	52	21	22	18	49	52	42	30	42	24	24	33	38	38
g01008	GENE0202	4	0	8	0	7	0	4	18	14	8	7	15	7	7	13	13
g01009	GENE0202	39	21	30	20	38	40	41	44	28	50	47	47	41	32	33	47
g01010	GENE0202	25	36	26	17	11	10	16	15	23	16	27	26	24	6	19	18
g01011	GENE0203	2	0	2	1	3	10	2	12	3	0	3	5	3	4	2	0
g01012	GENE0203	23	4	10	13	16	25	18	13	12	4	10	30	15	15	18	33
g01013	GENE0203	12	10	11	48	14	14	21	11	11	7	18	36	10	7	20	24
g01014	GENE0203	38	47	32	99	34	12	39	82	45	33	35	50	44	46	33	57
g01015	GENE0203	28	35	33	48	29	44	25	42	52	24	47	35	30	45	36	42
g01016	GENE0204	27	20	19	10	13	11	24	29	22	12	18	32	30	6	31	33
g01017	GENE0204	25	29	27	38	41	42	28	39	31	28	23	16	21	22	24	30
g01018	GENE0204	17	7	16	13	10	5	5	20	15	35	14	25	15	13	12	6
g01019	GENE0204	63	66	59	60	56	77	59	90	55	33	38	73	49	52	50	45
g01020	GENE0204	100	73	92	88	76	57	75	85	77	87	71	85	58	62	80	124
g01021	GENE0205	20	38	21	39	26	26	24	22	21	27	34	30	27	37	22	35
g01022	GENE0205	29	7	28	44	20	33	26	14	36	21	38	40	37	27	35	28
g01023	GENE0205	77	117	82	59	86	85	90	69	89	76	78	99	87	116	76	77
g01024	GENE0205	37	35	36	23	60	80	74	44	63	66	61	89	67	42	52	64
g01025	GENE0205	109	138	99	104	108	94	116	108	115	106	124	106	94	101	96	119
g01026	GENE0206	38	54	52	42	53	30	39	44	47	38	41	63	36	53	48	22
g01027	GENE0206	10	15	18	25	6	7	6	8	17	8	17	21	9	10	10	3
g01028	GENE0206	51	62	44	50	33	34	42	54	44	42	37	80	51	52	46	73
g01029	GENE0206	91	89	87	63	89	78	75	118	67	97	77	92	78	114	92	108
g01030	GENE0206	114	156	115	121	125	152	114	137	117	93	116	128	134	110	134	158
g01031	GENE0207	27	27	19	35	18	19	16	19	23	46	16	23	26	28	32	8
g01032	GENE0207	84	96	94	87	100	113	88	96	83	95	67	92	78	126	93	66
g01033	GENE0207	173	163	176	123	165	159	175	124	122	112	127	132	150	163	159	129
g01034	GENE0207	22	43	30	39	22	14	18	32	33	17	28	41	27	46	30	8
g01035	GENE0207	61	87	56	50	36	48	47	25	33	51	45	45	46	33	52	49
g01036	GENE0208	63	61	53	54	69	54	72	104	64	76	65	48	81	26	63	94
g01037	GENE0208	17	13	14	18	16	0	17	14	5	4	5	11	19	9	12	37
g01038	GENE0208	30	9	26	55	27	31	20	27	26	24	28	17	25	20	28	25
g01039	GENE0208	43	48	56	46	58	38	46	55	45	54	47	47	43	47	35	50
g01040	GENE0208	70	84	75	92	60	76	71	76	62	58	45	58	48	38	52	63
g01041	GENE0209	46	42	41	71	46	71	56	54	37	50	48	35	46	42	44	77
g01042	GENE0209	16	7	23	24	13	25	16	36	15	14	25	16	22	17	25	36
g01043	GENE0209	49	49	76	71	28	51	38	42	38	23	34	29	41	48	44	49
g01044	GENE0209	54	50	55	61	65	59	50	46	62	48	63	65	79	71	69	64
g01045	GENE0209	55	54	55	37	64	76	74	65	89	62	77	57	50	78	59	48
g01046	GENE0210	6	4	13	12	7	6	6	5	3	7	3	3	5	11	4	4
g01047	GENE0210	25	29	25	11	26	51	17	8	10	17	12	13	12	8	8	27
g01048	GENE0210	14	8	20	12	16	38	13	7	35	18	30	30	22	19	19	42
g01049	GENE0210	31	21	31	40	29	19	28	15	28	27	29	32	44	21	23	58
g01050	GENE0210	24	10	27	29	22	11	22	18	29	15	29	25	24	29	22	21
g01051	GENE0211	40	50	37	37	45	30	39	36	51	39	51	68	67	41	53	83
g01052	GENE0211	60	36	50	62	48	29	55	56	27	27	45	84	40	44	53	68
g01053	GENE0211	129	93	134	193	167	113	144	168	158	126	160	222	134	111	149	166
g01054	GENE0211	66	33	82	134	85	70	75	115	60	61	83	88	66	21	77	108
g01055	GENE0211	49	54	41	59	48	16	36	76	42	43	48	84	63	37	48	69
g01056	GENE0212	106	83	85	75	91	88	64	92	76	34	68	92	90	82	112	98
g01057	GENE0212	214	115	213	283	158	182	158	170	163	103	158	204	177	100	149	253
g01058	GENE0212	94	93	107	106	74	30	99	110	131	78	134	102	90	100	93	108
g01059	GENE0212	46	14	44	54	37	22	50	58	33	30	35	56	42	36	33	22
g01060	GENE0212	107	61	104	120	86	94	98	138	104	90	85	122	83	53	69	96
g01061	GENE0213	33	42	48	58	64	64	46	42	51	59	56	49	38	42	47	41
g01062	GENE0213	64	54	83	74	72	66	70	83	68	31	79	75	66	48	78	102
g01063	GENE0213	39	57	37	33	39	37	39	29	31	25	30	37	31	40	41	37
g01064	GENE0213	13	14	19	12	13	23	23	4	15	6	11	13	12	12	8	10
g01065	GENE0213	71	69	81	51	59	69	60	66	68	73	88	46	83	65	74	55
g01066	GENE0214	8	14	5	0	11	0	9	15	13	6	7	7	7	6	2	7
g01067	GENE0214	16	15	8	24	12	8	16	24	21	24	17	9	16	10	16	22
g01068	GENE0214	20	22	20	19	29	41	32	31	35	11	31	29	31	10	20	29
g01069	GENE0214	96	87	83	76	74	109	63	87	79	132	91	77	109	73	92	98
g01070	GENE0214	29	36	37	37	34	43	42	30	27	14	30	43	28	43	38	49
g01071	GENE0215	5	24	10	23	18	5	16	25	16	6	16	40	17	0	18	19
g01072	GENE0215	97	86	94	87	70	71	65	81	79	83	74	91	97	79	108	89
g01073	GENE0215	17	23	27	18	33	29	37	24	34	48	32	25	40	17	37	57
g01074	GENE0215	18	13	12	21	13	4	10	4	32	26	18	22	18	21	24	38
g01075	GENE0215	45	57	45	49	72	67	90	84	54	86	46	65	69	93	56	37
g01076	GENE0216	59	36	56	51	63	44	44	48	60	67	60	78	43	62	56	45
g01077	GENE0216	52	16	36	54	63	52	61	73	62	41	73	82	65	31	66	79
g01078	GENE0216	141	76	136	246	114	74	120	185	161	126	145	190	147	81	130	204
g01079	GENE0216	85	61	86	139	80	38	86	125	69	61	62	82	69	38	59	89
g01080	GENE0216	19	9	19	18	17	0	15	23	10	4	14	27	8	19	15	25
g01081	GENE0217	15	11	20	33	33	35	27	29	29	29	24	27	23	17	18	24
g01082	GENE0217	17	15	6	16	24	40	23	11	12	6	14	25	15	21	18	35
g01083	GENE0217	30	27	37	36	29	44	32	27	36	46	24	9	48	30	30	51
g01084	GENE0217	32	32	23	35	26	5	29	39	19	38	25	13	30	32	38	21
g01085	GENE0217	53	60	35	27	52	37	40	50	32	40	50	42	22	32	39	45
g01086	GENE0218	32	21	28	43	19	35	34	30	38	40	45	49	35	28	34	54
g01087	GENE0218	20	18	19	22	25	51	27	42	35	17	24	40	20	20	17	28
g01088	GENE0218	94	105	88	102	87	61	99	125	121	107	116	79	68	72	95	89
g01089	GENE0218	75	92	83	52	77	53	53	38	82	116	96	55	61	99	71	77
g01090	GENE0218	43	50	41	38	35	23	37	36	52	40	60	52	51	45	39	70
g01091	GENE0219	23	27	39	32	28	42	34	55	45	37	33	44	37	29	34	18
g01092	GENE0219	12	18	15	15	12	15	18	11	13	7	15	17	16	15	9	11
g01093	GENE0219	49	42	30	32	35	45	43	37	46	71	42	28	44	45	38	49
g01094	GENE0219	23	24	36	29	48	50	38	42	34	25	44	33	41	30	33	43
g01095	GENE0219	54	64	41	33	38	45	40	30	29	39	31	42	32	32	35	32
g01096	GENE0220	65	88	69	87	58	57	72	95	63	60	55	66	70	95	78	102
g01097	GENE0220	97	104	90	92	106	121	108	116	88	57	81	103	87	95	86	106
g01098	GENE0220	51	26	41	33	51	57	41	37	39	35	49	49	36	37	35	30
g01099	GENE0220	48	44	30	52	50	53	49	31	63	73	60	72	25	50	35	33
g01100	GENE0220	23	14	19	27	21	10	17	20	22	20	15	34	23	20	25	31
g01101	GENE0221	27	23	26	26	27	37	36	56	36	22	32	12	38	37	42	29
g01102	GENE0221	45	53	43	47	52	54	53	44	41	23	51	49	50	57	41	53
g01103	GENE0221	41	34	33	33	45	50	43	47	50	29	36	37	40	30	43	24
g01104	GENE0221	100	84	86	104	121	109	102	49	71	120	80	80	103	99	83	97
g01105	GENE0221	10	8	5	10	7	12	7	9	14	24	13	5	5	8	11	17
g01106	GENE0222	11	20	11	5	12	18	12	11	9	14	4	6	12	18	12	10
g01107	GENE0222	44	18	38	27	35	33	41	42	27	25	22	25	37	28	31	43
g01108	GENE0222	47	61	54	53	42	35	44	43	51	73	56	54	47	72	55	70
g01109	GENE0222	37	17	39	27	17	36	15	12	26	29	32	31	31	36	50	28
g01110	GENE0222	8	8	7	6	14	10	19	11	6	20	7	14	15	24	14	0
g01111	GENE0223	32	35	42	24	30	26	20	27	48	31	38	11	21	19	26	25
g01112	GENE0223	19	31	19	8	40	56	44	45	20	3	15	16	35	50	35	33
g01113	GENE0223	55	31	49	63	82	101	75	93	83	87	86	66	58	48	47	64
g01114	GENE0223	69	58	86	51	67	82	64	44	75	50	62	64	69	68	73	50
g01115	GENE0223	35	41	33	18	26	9	15	39	33	32	31	29	28	34	25	23
g01116	GENE0224	10	9	5	11	11	6	13	10	7	20	12	13	18	24	19	7
g01117	GENE0224	73	44	59	90	33	56	60	44	48	37	47	32	73	65	84	83
g01118	GENE0224	29	22	28	29	21	12	24	23	22	35	28	29	14	7	12	14
g01119	GENE0224	25	33	39	27	49	34	50	65	25	32	32	29	43	24	35	44
g01120	GENE0224	24	25	43	30	37	43	24	40	27	28	28	24	26	33	21	23
g01121	GENE0225	25	17	28	50	41	23	46	44	36	44	37	39	33	31	38	60
g01122	GENE0225	40	50	41	41	29	24	38	40	45	17	40	44	38	44	28	50
g01123	GENE0225	22	9	24	37	35	29	45	68	25	14	18	40	15	21	24	12
g01124	GENE0225	45	43	45	48	51	28	55	41	39	40	45	44	52	51	52	46
g01125	GENE0225	29	21	39	53	48	27	27	53	25	34	32	60	40	24	45	58
g01126	GENE0226	42	37	28	26	31	37	35	31	49	27	34	22	37	21	36	41
g01127	GENE0226	27	45	35	20	30	22	24	24	26	43	23	23	34	15	31	58
g01128	GENE0226	35	41	40	40	39	40	41	44	38	41	39	37	37	34	29	41
g01129	GENE0226	39	21	45	65	24	12	20	34	30	44	36	44	43	61	53	57
g01130	GENE0226	87	101	82	97	58	80	60	78	76	85	80	69	88	85	81	63
g01131	GENE0227	65	51	73	91	59	86	71	55	74	86	83	69	93	79	91	94
g01132	GENE0227	10	25	4	20	25	13	17	27	11	18	11	13	17	24	7	6
g01133	GENE0227	25	17	24	16	29	25	23	17	15	17	19	2	28	13	27	29
g01134	GENE0227	66	60	67	53	58	67	60	28	50	61	57	45	75	57	81	89
g01135	GENE0227	48	41	41	56	31	48	43	42	36	56	43	46	39	17	27	34
g01136	GENE0228	24	52	26	25	16	14	27	25	31	47	35	16	36	1	24	38
g01137	GENE0228	59	97	71	59	49	52	43	54	55	58	65	74	56	72	55	50
g01138	GENE0228	10	8	17	11	46	42	29	50	31	29	23	34	30	50	26	18
g01139	GENE0228	36	17	42	27	32	24	44	30	37	48	40	35	36	33	37	18
g01140	GENE0228	55	56	57	39	51	58	66	49	55	55	51	70	36	29	39	38
g01141	GENE0229	31	38	24	16	22	11	23	21	14	13	20	18	22	35	43	25
g01142	GENE0229	51	37	50	38	21	17	18	43	49	36	47	55	42	15	49	44
g01143	GENE0229	35	54	40	46	32	45	48	60	53	47	58	46	49	42	50	37
g01144	GENE0229	66	60	68	60	74	88	71	72	59	71	76	75	69	78	80	59
g01145	GENE0229	59	71	60	53	43	57	50	32	44	34	40	59	21	36	29	18
g01146	GENE0230	37	37	38	27	58	50	51	77	42	31	29	41	45	30	43	53
g01147	GENE0230	22	23	18	25	17	20	18	8	20	6	15	19	24	22	20	32
g01148	GENE0230	15	20	27	22	32	18	28	35	30	38	42	42	27	20	24	48
g01149	GENE0230	122	98	106	131	140	117	143	173	103	111	118	128	124	83	106	165
g01150	GENE0230	106	94	121	118	91	65	98	96	104	53	95	103	111	95	123	130
g01151	GENE0231	11	25	18	30	18	32	30	39	20	38	21	14	22	36	24	21
g01152	GENE0231	16	19	24	26	14	15	20	15	19	16	20	17	26	31	10	9
g01153	GENE0231	120	84	105	108	124	137	111	129	105	133	102	123	132	116	110	151
g01154	GENE0231	59	65	77	68	77	78	72	90	80	64	68	113	61	59	66	92
g01155	GENE0231	31	26	38	30	19	16	27	21	34	41	36	28	21	16	19	21
g01156	GENE0232	30	18	24	20	21	38	27	17	28	58	28	17	20	33	20	21
g01157	GENE0232	68	73	54	46	61	71	56	78	64	77	67	64	64	49	52	51
g01158	GENE0232	49	20	36	62	40	37	38	30	46	70	47	50	38	56	53	39
g01159	GENE0232	122	122	108	121	94	120	102	114	131	126	123	129	91	126	119	86
g01160	GENE0232	38	28	31	44	43	58	42	30	34	38	54	40	48	54	39	27
g01161	GENE0233	66	61	74	63	63	69	60	69	100	108	79	72	71	96	72	53
g01162	GENE0233	82	84	89	104	90	107	96	63	97	75	78	61	73	76	82	76
g01163	GENE0233	8	4	14	28	7	19	15	6	6	10	17	9	6	5	8	0
g01164	GENE0233	55	47	66	62	67	63	63	64	65	97	65	51	68	77	73	80
g01165	GENE0233	27	22	13	28	37	41	41	35	26	30	27	42	24	25	25	20
g01166	GENE0234	40	34	19	26	54	36	40	51	32	51	32	21	35	48	45	21
g01167	GENE0234	46	30	33	48	47	64	42	25	57	51	57	23	64	48	57	61
g01168	GENE0234	27	34	32	30	26	31	30	36	20	8	28	24	22	12	20	28
g01169	GENE0234	60	23	41	20	30	27	47	53	38	43	49	48	48	53	43	44
g01170	GENE0234	34	32	28	28	29	38	40	28	27	26	30	33	24	44	24	26
g01171	GENE0235	46	53	33	23	27	21	33	37	31	57	43	20	29	55	34	21
g01172	GENE0235	75	104	97	76	62	65	71	73	79	97	74	68	91	69	101	81
g01173	GENE0235	10	8	13	6	14	30	14	12	11	9	9	24	10	5	12	13
g01174	GENE0235	5	3	6	14	10	3	9	23	13	20	15	20	11	22	16	21
g01175	GENE0235	16	30	13	32	17	15	18	25	16	28	14	3	19	25	8	0
g01176	GENE0236	39	42	47	36	39	24	37	49	68	57	57	40	49	44	44	55
g01177	GENE0236	19	9	4	3	23	5	18	5	29	15	21	35	14	10	9	5
g01178	GENE0236	39	26	38	23	36	30	38	43	42	23	44	19	41	28	30	57
g01179	GENE0236	63	66	73	68	63	81	75	65	83	87	73	65	52	81	70	51
g01180	GENE0236	18	23	17	8	22	27	23	0	30	28	22	20	22	49	27	40
g01181	GENE0237	46	54	46	58	59	48	36	59	57	64	49	37	50	57	42	38
g01182	GENE0237	20	20	30	30	23	26	26	44	31	38	33	33	24	31	29	13
g01183	GENE0237	52	54	54	52	60	47	53	40	63	48	66	73	50	55	42	17
g01184	GENE0237	42	45	44	41	47	51	52	22	60	72	46	76	59	75	55	46
g01185	GENE0237	28	26	30	29	43	29	38	31	31	38	30	29	36	38	27	45
g01186	GENE0238	20	28	21	17	21	4	22	8	18	27	19	10	10	17	10	16
g01187	GENE0238	39	41	45	46	52	82	59	49	46	42	44	38	36	49	62	41
g01188	GENE0238	47	25	55	59	50	45	40	53	72	43	81	71	67	104	97	55
g01189	GENE0238	42	28	31	45	33	30	28	30	25	24	23	28	21	25	29	22
g01190	GENE0238	15	32	17	19	25	15	29	37	61	53	39	50	24	15	22	3
g01191	GENE0239	27	26	29	10	26	40	17	13	23	6	29	44	26	24	27	24
g01192	GENE0239	82	71	82	75	65	51	68	65	96	71	75	68	78	88	72	96
g01193	GENE0239	10	14	12	10	7	11	6	6	14	0	9	23	13	32	16	21
g01194	GENE0239	61	47	66	82	86	114	93	55	79	47	74	114	79	78	63	125
g01195	GENE0239	20	17	29	20	41	37	46	24	27	27	30	23	45	45	36	34
g01196	GENE0240	18	15	9	23	14	30	26	10	21	29	28	18	28	12	22	19
g01197	GENE0240	68	66	87	62	68	62	79	69	66	29	69	92	67	61	81	86
g01198	GENE0240	8	6	7	3	4	0	4	15	18	20	12	3	7	18	5	13
g01199	GENE0240	42	34	33	42	48	20	41	61	36	38	31	29	21	36	33	39
g01200	GENE0240	9	12	20	5	11	3	18	13	9	11	16	7	8	6	12	3
g01201	GENE0241	39	32	32	49	47	46	44	58	34	49	39	66	45	25	49	37
g01202	GENE0241	47	39	41	75	43	19	41	27	43	37	45	58	39	26	37	60
g01203	GENE0241	75	56	76	90	60	75	73	62	68	51	66	121	66	48	60	88
g01204	GENE0241	19	11	13	28	20	17	22	27	23	16	25	24	27	23	28	27
g01205	GENE0241	35	14	28	35	15	16	11	24	19	10	17	25	28	30	28	25
g01206	GENE0242	11	17	14	2	16	19	23	21	16	29	23	25	19	32	12	19
g01207	GENE0242	60	50	63	83	60	64	54	67	52	52	56	48	68	69	70	71
g01208	GENE0242	42	67	47	24	35	41	34	39	56	35	63	59	46	31	40	48
g01209	GENE0242	57	47	25	63	31	31	45	57	33	26	18	21	40	69	41	39
g01210	GENE0242	167	201	181	156	198	186	170	223	198	190	183	179	181	207	192	206
g01211	GENE0243	44	61	62	58	49	48	61	68	54	49	69	96	65	65	56	80
g01212	GENE0243	7	9	4	10	14	5	13	12	11	17	15	11	8	13	9	8
g01213	GENE0243	16	13	30	54	33	17	28	22	13	7	18	26	20	22	23	19
g01214	GENE0243	30	26	27	43	29	26	52	54	27	13	28	41	42	35	58	44
g01215	GENE0243	70	73	60	50	77	60	72	79	53	63	63	71	54	56	64	32
g01216	GENE0244	42	41	46	56	21	37	28	21	36	60	33	28	53	38	31	45
g01217	GENE0244	18	22	20	12	15	13	13	34	20	22	20	7	32	23	24	22
g01218	GENE0244	64	43	63	41	66	53	52	37	45	58	59	40	43	76	59	46
g01219	GENE0244	119	91	106	114	98	90	118	122	87	100	96	127	131	93	150	141
g01220	GENE0244	38	44	28	28	28	11	26	15	27	40	23	9	23	27	31	33
g01221	GENE0245	50	37	50	66	50	58	48	34	44	47	41	49	57	55	37	42
g01222	GENE0245	51	85	44	42	50	58	43	35	41	42	36	44	46	44	44	41
g01223	GENE0245	38	24	31	40	26	11	16	38	24	31	23	4	24	36	25	15
g01224	GENE0245	105	96	105	111	116	170	111	138	116	87	105	99	118	117	118	91
g01225	GENE0245	42	64	49	26	57	53	58	49	61	45	62	44	57	54	62	47
g01226	GENE0246	61	47	68	67	104	102	94	123	56	72	77	56	82	99	83	63
g01227	GENE0246	4	6	6	13	15	14	12	13	17	17	7	13	8	19	8	10
g01228	GENE0246	59	26	57	59	61	75	53	42	62	37	52	57	68	50	61	66
g01229	GENE0246	205	211	237	255	203	184	223	248	288	241	268	358	214	205	225	223
g01230	GENE0246	96	89	99	121	104	85	87	132	83	66	95	88	109	124	104	127
g01231	GENE0247	54	50	65	51	63	58	47	37	57	50	58	40	66	73	77	59
g01232	GENE0247	81	60	76	73	74	89	69	73	94	86	86	119	74	57	63	62
g01233	GENE0247	79	82	92	75	91	89	61	74	85	69	102	91	69	82	80	52
g01234	GENE0247	18	24	22	16	25	13	17	35	21	27	22	21	23	25	15	26
g01235	GENE0247	10	7	17	16	19	12	19	16	10	21	27	19	16	21	9	13
g01236	GENE0248	67	67	83	90	72	68	67	101	62	88	75	76	65	75	71	82
g01237	GENE0248	17	9	9	30	11	10	11	5	9	12	6	4	7	0	6	0
g01238	GENE0248	15	9	12	1	13	3	16	28	10	17	18	4	16	11	15	0
g01239	GENE0248	81	78	74	94	48	62	61	34	65	66	82	32	61	69	60	77
g01240	GENE0248	25	39	23	29	29	34	29	45	27	25	42	26	25	31	28	17
g01241	GENE0249	24	31	20	18	20	7	19	12	21	11	15	20	31	29	27	36
g01242	GENE0249	28	38	20	37	20	21	23	25	11	39	19	15	27	27	19	30
g01243	GENE0249	53	39	70	68	62	88	56	61	84	95	75	88	57	62	74	79
g01244	GENE0249	31	52	39	48	31	61	38	47	44	49	50	69	35	24	38	34
g01245	GENE0249	18	19	28	18	25	28	35	30	27	22	23	12	36	31	44	36
g01246	GENE0250	46	36	50	76	61	86	71	66	48	29	43	51	30	50	42	36
g01247	GENE0250	46	52	58	35	40	27	56	53	43	51	46	53	38	48	41	46
g01248	GENE0250	15	6	14	16	8	13	19	8	11	10	19	29	20	20	20	25
g01249	GENE0250	157	169	161	137	183	147	175	196	182	175	178	200	164	185	163	131
g01250	GENE0250	35	28	37	40	34	26	32	31	19	12	34	37	30	31	21	20
g01251	GENE0251	60	75	62	42	60	49	82	86	79	47	74	95	63	81	67	76
g01252	GENE0251	15	23	26	23	23	13	25	22	18	3	19	12	12	12	18	7
g01253	GENE0251	45	50	54	74	74	67	71	70	55	52	69	58	70	67	53	44
g01254	GENE0251	152	133	157	151	156	179	132	123	127	151	130	160	156	156	130	125
g01255	GENE0251	24	39	28	28	33	32	28	22	39	19	25	27	32	33	26	17
g01256	GENE0252	55	66	64	54	46	45	29	46	33	46	42	51	49	44	41	41
g01257	GENE0252	37	45	43	52	41	38	43	50	50	45	66	40	38	61	58	43
g01258	GENE0252	5	0	4	7	8	6	8	14	6	0	5	5	5	12	6	7
g01259	GENE0252	36	28	28	40	47	71	45	28	33	14	31	42	51	59	52	37
g01260	GENE0252	1	0	4	3	10	18	9	3	7	12	10	6	10	7	8	12
g01261	GENE0253	55	36	49	49	37	50	46	26	42	28	47	37	47	50	47	35
g01262	GENE0253	23	20	19	43	18	32	25	22	25	26	24	17	23	33	34	41
g01263	GENE0253	58	78	71	67	68	98	83	87	53	28	53	75	44	50	45	56
g01264	GENE0253	81	105	72	71	64	97	65	49	59	85	59	56	84	54	78	95
g01265	GENE0253	25	8	20	11	32	42	32	24	22	48	27	6	43	65	45	46
g01266	GENE0254	93	91	93	118	104	107	112	111	105	117	113	102	100	114	118	107
g01267	GENE0254	26	45	33	40	32	14	37	35	34	33	23	35	26	43	39	21
g01268	GENE0254	34	54	29	23	30	38	32	56	29	29	22	16	26	31	32	14
g01269	GENE0254	6	9	9	5	21	5	13	26	18	14	15	19	13	9	16	11
g01270	GENE0254	12	17	9	5	17	23	20	12	16	19	22	23	14	25	14	17
g01271	GENE0255	69	75	77	45	33	52	32	25	58	83	57	42	52	54	57	60
g01272	GENE0255	51	27	64	74	54	43	41	28	55	66	50	45	58	42	64	69
g01273	GENE0255	98	98	105	69	92	80	94	117	99	129	77	90	95	89	97	61
g01274	GENE0255	90	83	81	119	78	62	99	111	98	92	108	104	90	106	91	53
g01275	GENE0255	34	9	32	31	46	60	30	38	22	6	23	10	23	28	25	24
g01276	GENE0256	77	89	65	44	66	78	58	56	62	46	50	43	81	92	80	64
g01277	GENE0256	114	85	121	84	97	88	89	112	122	123	131	83	118	135	116	117
g01278	GENE0256	36	38	37	29	25	20	21	13	23	16	21	17	33	24	39	28
g01279	GENE0256	55	72	64	79	33	54	35	42	38	44	25	34	40	44	49	53
g01280	GENE0256	59	56	58	88	58	63	66	61	51	51	47	45	61	53	69	46
g01281	GENE0257	49	64	56	47	30	27	52	38	44	78	55	48	39	39	40	20
g01282	GENE0257	58	82	64	80	51	114	59	36	62	84	70	90	64	36	75	88
g01283	GENE0257	21	18	23	29	15	23	16	15	21	39	20	15	16	15	18	10
g01284	GENE0257	16	23	15	21	16	23	20	4	17	26	11	16	19	13	9	7
g01285	GENE0257	66	60	78	44	56	68	53	36	56	74	64	58	54	47	56	52
g01286	GENE0258	73	80	63	56	64	114	61	20	52	80	54	38	55	90	52	15
g01287	GENE0258	40	62	38	24	45	51	50	51	30	23	25	45	34	56	32	31
g01288	GENE0258	12	16	12	0	15	21	6	0	13	26	9	12	12	32	16	12
g01289	GENE0258	28	56	42	11	22	29	37	4	38	33	40	22	35	37	28	25
g01290	GENE0258	71	109	84	47	100	145	102	80	117	197	98	99	112	155	83	44
g01291	GENE0259	20	35	29	31	35	58	31	13	23	43	20	15	20	24	23	25
g01292	GENE0259	56	80	51	28	52	78	52	46	61	51	63	54	37	73	45	21
g01293	GENE0259	32	92	38	35	27	85	36	26	55	64	47	24	47	36	57	17
g01294	GENE0259	73	62	54	41	64	70	75	69	68	113	76	49	52	83	50	45
g01295	GENE0259	12	5	18	12	12	7	15	17	3	9	1	0	3	2	6	1
g01296	GENE0260	89	94	103	83	74	63	69	84	77	83	90	98	62	65	53	68
g01297	GENE0260	2	0	4	6	3	0	1	4	3	0	11	3	4	0	2	14
g01298	GENE0260	23	25	29	37	40	51	27	27	42	41	29	22	24	47	19	19
g01299	GENE0260	35	40	38	24	43	44	45	30	54	51	43	77	38	17	36	41
g01300	GENE0260	29	37	28	26	39	20	14	12	13	0	11	11	30	20	29	47
g01301	GENE0261	77	79	56	57	65	56	76	63	57	69	55	55	53	50	76	77
g01302	GENE0261	74	65	55	70	54	80	57	62	54	50	50	34	61	88	66	60
g01303	GENE0261	9	15	10	4	14	19	13	16	12	10	12	14	11	27	16	5
g01304	GENE0261	85	61	87	103	74	49	68	81	94	91	95	80	90	83	105	76
g01305	GENE0261	21	13	25	6	28	16	16	24	17	11	25	32	27	32	30	20
g01306	GENE0262	18	9	20	41	15	19	6	21	16	21	17	15	15	9	11	8
g01307	GENE0262	25	21	17	25	23	13	19	25	22	16	24	18	18	14	19	36
g01308	GENE0262	89	89	100	81	67	53	97	86	93	71	96	100	78	46	67	114
g01309	GENE0262	26	5	46	64	49	55	41	25	40	26	33	58	51	22	40	107
g01310	GENE0262	60	41	59	79	51	53	66	57	42	50	30	43	41	32	63	66
g01311	GENE0263	42	45	62	45	68	91	67	46	57	48	54	61	47	47	49	42
g01312	GENE0263	16	8	16	14	17	13	22	6	13	8	16	8	9	11	9	15
g01313	GENE0263	436	441	446	390	408	477	416	438	425	505	411	373	430	369	403	468
g01314	GENE0263	41	25	31	72	54	52	41	68	58	53	83	46	71	27	48	70
g01315	GENE0263	12	6	11	6	15	32	17	12	11	20	27	10	13	20	10	9
g01316	GENE0264	160	123	169	165	144	83	138	164	139	118	156	185	128	122	138	189
g01317	GENE0264	27	18	40	60	45	33	31	56	41	38	35	30	32	24	36	48
g01318	GENE0264	125	94	138	139	121	97	132	138	124	91	109	164	103	89	121	149
g01319	GENE0264	31	15	34	57	36	28	43	72	38	29	37	65	33	37	38	48
g01320	GENE0264	13	7	13	6	11	5	18	23	10	17	16	11	7	0	2	12
g01321	GENE0265	26	34	25	27	27	49	30	11	17	21	20	22	24	42	31	9
g01322	GENE0265	24	23	24	12	19	40	18	23	21	43	28	14	34	45	39	23
g01323	GENE0265	75	115	82	51	70	142	55	40	64	112	75	45	76	64	70	44
g01324	GENE0265	82	97	85	85	63	105	81	31	76	141	76	42	83	73	69	61
g01325	GENE0265	111	152	140	103	96	162	87	87	85	151	104	57	91	146	76	91
g01326	GENE0266	52	74	62	77	71	58	79	85	97	56	70	94	61	104	88	77
g01327	GENE0266	29	26	40	23	29	33	28	22	24	26	26	13	44	54	33	23
g01328	GENE0266	60	67	59	74	61	71	37	26	40	35	54	46	53	61	41	77
g01329	GENE0266	34	23	46	13	41	47	33	40	27	36	29	27	37	45	39	18
g01330	GENE0266	12	9	16	9	24	36	29	20	26	40	22	22	34	30	17	13
g01331	GENE0267	123	155	121	120	130	111	147	117	124	176	133	140	142	154	133	124
g01332	GENE0267	39	21	34	44	36	53	35	28	41	55	40	33	42	27	35	53
g01333	GENE0267	114	87	100	111	120	101	97	116	78	103	85	91	93	126	106	93
g01334	GENE0267	26	16	33	26	22	35	23	36	17	19	22	12	23	37	27	30
g01335	GENE0267	67	74	68	74	71	97	79	75	63	85	68	51	86	62	87	71
g01336	GENE0268	9	12	9	31	18	11	12	10	22	21	25	11	11	9	15	10
g01337	GENE0268	112	115	108	131	128	130	89	110	120	86	98	134	97	123	102	129
g01338	GENE0268	17	12	20	15	18	6	14	37	19	10	25	11	10	3	16	6
g01339	GENE0268	13	14	12	18	14	5	10	13	9	0	12	3	11	19	11	4
g01340	GENE0268	31	21	40	35	25	19	31	39	57	40	43	37	27	27	29	21
g01341	GENE0269	34	33	29	29	22	20	31	38	41	41	48	43	30	26	31	30
g01342	GENE0269	76	78	88	102	89	88	84	93	69	106	82	68	66	47	75	91
g01343	GENE0269	78	64	79	74	79	90	84	78	83	105	89	90	101	97	99	85
g01344	GENE0269	29	22	25	42	32	46	41	13	42	46	50	52	32	14	33	20
g01345	GENE0269	9	6	2	9	15	33	30	2	30	27	16	13	14	39	13	29
g01346	GENE0270	18	20	15	6	18	17	29	7	25	21	26	15	19	24	17	23
g01347	GENE0270	58	41	62	50	58	79	63	67	56	59	50	68	59	37	55	42
g01348	GENE0270	23	11	28	24	43	13	41	51	26	26	30	41	49	41	54	52
g01349	GENE0270	57	44	60	24	56	38	67	72	50	35	63	60	60	53	60	65
g01350	GENE0270	21	35	28	25	30	25	31	18	30	29	32	17	21	30	29	33
g01351	GENE0271	8	11	10	3	23	17	24	40	14	23	23	15	12	9	16	12
g01352	GENE0271	22	17	19	20	18	8	13	13	8	11	7	4	20	16	16	20
g01353	GENE0271	57	75	64	42	42	61	41	52	48	26	38	53	64	39	68	56
g01354	GENE0271	18	6	10	18	18	22	12	7	19	28	22	49	12	23	16	25
g01355	GENE0271	150	206	157	167	168	232	165	177	128	141	145	142	117	146	115	154
g01356	GENE0272	108	111	100	76	77	79	73	77	102	60	87	74	105	92	107	82
g01357	GENE0272	33	46	40	22	34	34	37	31	22	26	25	11	38	31	32	9
g01358	GENE0272	12	9	22	15	20	23	16	2	15	15	19	13	12	3	10	12
g01359	GENE0272	49	33	35	64	58	33	44	54	67	46	46	61	59	28	54	64
g01360	GENE0272	20	24	26	27	30	27	22	13	23	20	32	27	27	8	40	41
g01361	GENE0273	46	61	24	37	46	83	53	25	58	73	73	43	90	122	74	38
g01362	GENE0273	92	73	83	72	98	85	61	57	79	84	78	42	84	84	62	44
g01363	GENE0273	23	15	16	11	11	37	23	11	15	26	11	5	12	3	3	13
g01364	GENE0273	69	121	57	38	69	77	58	47	65	131	67	10	69	77	72	19
g01365	GENE0273	37	36	28	18	28	36	22	13	24	44	21	1	24	46	23	6
g01366	GENE0274	41	53	32	36	38	55	30	29	43	33	45	52	51	46	57	52
g01367	GENE0274	13	18	28	15	40	25	39	16	30	24	24	39	17	20	19	10
g01368	GENE0274	16	17	14	0	24	16	19	29	24	7	26	28	19	16	21	20
g01369	GENE0274	17	21	17	3	17	3	11	20	14	6	18	14	22	30	26	24
g01370	GENE0274	31	35	37	50	34	48	48	43	31	55	39	24	22	11	27	13
g01371	GENE0275	165	141	150	166	157	155	155	153	147	179	160	154	147	168	156	101
g01372	GENE0275	63	46	46	45	73	42	65	70	62	42	48	74	53	44	68	49
g01373	GENE0275	45	57	45	27	57	55	53	51	56	48	52	43	53	43	55	57
g01374	GENE0275	30	13	28	43	39	32	36	35	32	21	32	54	26	27	28	8
g01375	GENE0275	84	67	67	79	70	64	41	35	62	72	67	44	63	48	49	43
g01376	GENE0276	25	30	35	43	40	66	44	42	27	38	31	15	31	43	41	35
g01377	GENE0276	53	76	62	45	58	43	67	90	74	71	80	70	64	102	66	51
g01378	GENE0276	39	21	34	33	30	38	25	22	26	19	18	28	37	25	30	49
g01379	GENE0276	46	62	47	54	49	60	51	37	48	44	52	49	43	41	41	61
g01380	GENE0276	37	16	34	56	48	36	43	63	46	55	54	41	43	43	44	44
g01381	GENE0277	24	36	23	16	10	27	15	6	48	57	37	26	31	39	38	38
g01382	GENE0277	31	26	25	23	43	33	24	40	28	6	42	60	23	41	18	30
g01383	GENE0277	28	35	25	22	27	45	16	21	9	28	17	12	26	34	31	52
g01384	GENE0277	51	90	51	25	56	73	59	54	40	88	57	20	35	56	43	17
g01385	GENE0277	45	32	49	22	31	45	21	15	38	33	38	55	32	27	23	21
g01386	GENE0278	97	103	113	66	100	94	95	120	140	134	127	124	133	138	102	119
g01387	GENE0278	70	60	71	75	60	33	60	55	74	28	64	59	73	92	69	75
g01388	GENE0278	40	55	45	43	20	25	28	10	36	36	32	13	35	35	41	26
g01389	GENE0278	111	139	91	80	79	102	90	76	73	85	99	97	83	117	101	70
g01390	GENE0278	5	7	12	25	6	11	8	8	5	3	3	6	14	12	11	11
g01391	GENE0279	38	19	20	27	54	44	38	51	46	39	39	21	56	42	50	54
g01392	GENE0279	157	156	165	139	161	187	188	188	173	160	153	185	146	193	150	162
g01393	GENE0279	40	34	31	36	39	52	36	37	31	13	34	39	37	30	34	29
g01394	GENE0279	37	57	39	45	39	48	50	50	44	68	42	55	39	48	36	40
g01395	GENE0279	7	0	2	0	9	26	13	2	13	15	9	8	10	13	11	8
g01396	GENE0280	35	10	34	54	30	26	30	24	32	42	33	22	15	29	24	16
g01397	GENE0280	32	43	39	23	51	44	48	37	50	39	66	43	54	53	51	49
g01398	GENE0280	55	56	61	70	63	43	62	87	58	40	43	51	58	44	50	62
g01399	GENE0280	56	52	43	53	51	65	65	55	63	49	40	44	34	35	26	20
g01400	GENE0280	40	31	41	26	38	20	32	35	18	34	20	15	41	25	24	31
g01401	GENE0281	36	38	49	23	46	22	44	34	42	17	37	45	53	57	72	63
g01402	GENE0281	26	39	24	14	25	46	20	26	39	18	31	53	31	32	29	29
g01403	GENE0281	28	26	26	30	27	10	23	28	22	22	23	24	23	25	42	26
g01404	GENE0281	26	26	25	29	34	29	29	19	33	22	29	29	29	21	18	14
g01405	GENE0281	16	21	21	22	26	18	12	23	20	21	11	17	23	28	28	31
g01406	GENE0282	72	90	86	80	118	80	111	120	112	115	101	68	116	166	119	120
g01407	GENE0282	59	66	59	92	64	65	65	65	84	84	80	106	55	59	59	54
g01408	GENE0282	34	35	32	34	49	29	44	36	31	37	42	23	34	41	22	45
g01409	GENE0282	77	79	72	55	63	51	56	54	49	33	47	52	56	87	45	35
g01410	GENE0282	22	27	34	27	20	31	23	27	16	21	11	9	28	13	23	19
g01411	GENE0283	62	30	39	57	31	38	28	36	55	36	47	51	36	28	35	60
g01412	GENE0283	41	44	36	35	33	46	27	19	41	33	28	45	47	58	53	57
g01413	GENE0283	84	98	103	90	103	70	97	95	124	94	96	122	105	81	111	114
g01414	GENE0283	51	43	27	42	34	51	50	12	42	37	31	33	26	14	34	21
g01415	GENE0283	11	23	11	15	6	3	6	4	12	14	8	0	4	15	6	8
g01416	GENE0284	70	79	81	112	76	99	77	65	99	146	115	136	104	103	100	98
g01417	GENE0284	28	38	34	42	32	20	20	62	36	50	30	33	24	22	32	28
g01418	GENE0284	31	43	34	28	52	35	42	41	61	61	41	37	34	46	41	51
g01419	GENE0284	60	48	65	90	71	53	67	44	72	99	73	53	64	65	66	65
g01420	GENE0284	24	9	19	29	17	23	21	33	16	4	20	16	22	36	25	7
g01421	GENE0285	54	68	65	60	49	48	71	57	64	42	49	54	64	48	58	66
g01422	GENE0285	40	20	36	19	36	46	20	47	29	33	41	61	57	36	47	55
g01423	GENE0285	26	46	36	23	28	22	13	15	20	19	35	27	35	42	24	53
g01424	GENE0285	27	8	25	20	21	20	17	36	30	24	30	27	19	15	26	22
g01425	GENE0285	16	16	27	24	13	24	14	22	18	36	14	26	27	35	22	12
g01426	GENE0286	47	44	41	23	46	57	44	27	41	51	38	10	26	26	37	28
g01427	GENE0286	31	38	38	24	36	41	37	47	33	31	38	31	23	31	37	27
g01428	GENE0286	83	86	87	103	81	73	79	60	72	87	90	113	87	68	95	103
g01429	GENE0286	101	80	109	115	73	86	79	46	112	118	102	122	98	112	113	88
g01430	GENE0286	97	69	92	114	94	111	126	116	91	114	86	96	96	110	94	91
g01431	GENE0287	69	91	77	43	74	82	87	48	60	78	64	58	91	48	78	79
g01432	GENE0287	49	55	42	75	58	52	56	51	68	47	55	60	38	73	54	46
g01433	GENE0287	40	49	34	38	56	33	44	64	38	29	36	36	56	32	47	51
g01434	GENE0287	15	27	17	10	32	34	30	34	28	23	29	21	25	41	26	2
g01435	GENE0287	12	11	12	18	5	0	2	7	0	0	1	0	5	4	6	15
g01436	GENE0288	42	43	37	33	60	75	68	58	50	75	73	58	54	57	81	77
g01437	GENE0288	13	25	12	18	18	15	22	4	15	11	16	28	7	16	25	30
g01438	GENE0288	34	38	20	16	60	49	51	45	31	30	35	38	20	36	29	26
g01439	GENE0288	26	15	36	40	24	9	25	9	29	11	28	24	30	25	33	45
g01440	GENE0288	48	52	45	53	44	29	62	41	57	65	76	58	71	66	56	30
g01441	GENE0289	52	45	50	32	45	35	38	60	49	38	37	63	54	75	50	51
g01442	GENE0289	45	56	44	36	52	48	44	55	49	41	46	38	55	48	50	59
g01443	GENE0289	18	15	19	18	22	34	38	30	46	20	42	43	26	48	26	12
g01444	GENE0289	148	150	153	172	177	215	184	131	135	165	125	157	139	147	141	147
g01445	GENE0289	23	41	33	35	44	18	42	30	41	31	35	40	40	30	40	35
g01446	GENE0290	187	177	193	190	163	186	153	177	194	150	151	186	199	231	178	150
g01447	GENE0290	28	47	27	27	40	22	37	41	14	24	21	22	23	21	37	22
g01448	GENE0290	68	53	46	52	58	83	83	89	62	48	64	82	65	93	66	68
g01449	GENE0290	38	30	30	40	21	15	16	37	26	13	14	28	18	12	12	14
g01450	GENE0290	40	46	39	53	42	45	53	51	56	30	47	78	46	62	38	35
g01451	GENE0291	57	46	71	69	72	50	81	77	81	66	76	81	70	60	58	64
g01452	GENE0291	69	71	57	65	65	81	77	68	71	92	68	79	82	68	75	101
g01453	GENE0291	59	42	48	46	48	45	38	37	62	56	59	94	61	77	61	50
g01454	GENE0291	20	23	15	21	16	17	20	12	3	10	4	0	11	8	8	22
g01455	GENE0291	33	46	58	35	39	36	38	67	56	37	57	98	43	40	51	60
g01456	GENE0292	41	29	33	20	39	51	30	18	29	46	20	17	42	37	39	17
g01457	GENE0292	144	159	133	125	136	177	187	119	131	227	137	65	139	192	141	81
g01458	GENE0292	22	20	28	31	39	29	46	26	25	22	9	22	36	35	33	19
g01459	GENE0292	31	31	25	21	47	52	31	44	30	43	30	25	46	62	44	32
g01460	GENE0292	43	69	44	27	42	56	38	38	60	85	52	55	40	45	41	19
g01461	GENE0293	16	5	21	20	15	13	24	19	13	7	22	19	12	32	14	12
g01462	GENE0293	43	30	30	35	24	38	24	21	23	22	29	14	34	20	29	50
g01463	GENE0293	77	91	98	51	104	103	82	93	95	103	88	95	111	71	102	88
g01464	GENE0293	27	18	34	54	19	19	26	23	20	29	32	27	28	19	37	24
g01465	GENE0293	20	6	13	3	19	2	16	20	16	32	22	5	18	9	12	9
g01466	GENE0294	14	11	18	12	12	8	13	12	14	7	13	18	14	20	14	4
g01467	GENE0294	68	47	63	78	89	63	95	96	64	54	62	39	77	69	72	77
g01468	GENE0294	82	90	83	83	101	100	86	128	87	114	91	61	100	88	84	92
g01469	GENE0294	9	15	14	19	18	13	14	7	21	12	22	16	11	16	12	1
g01470	GENE0294	48	48	43	42	60	45	52	37	49	39	50	53	37	22	33	30
g01471	GENE0295	78	114	97	66	123	113	104	122	105	82	99	73	107	103	95	89
g01472	GENE0295	97	100	91	88	69	53	98	117	88	98	102	115	78	115	93	102
g01473	GENE0295	6	9	6	3	11	8	7	16	11	12	13	11	14	5	18	10
g01474	GENE0295	191	210	208	212	197	206	208	236	242	227	230	218	217	212	211	255
g01475	GENE0295	52	52	65	72	54	57	40	50	49	47	32	26	39	41	56	36
g01476	GENE0296	25	24	19	18	27	19	20	7	24	33	23	36	15	9	11	26
g01477	GENE0296	213	237	205	202	138	195	170	172	172	152	194	182	172	166	172	171
g01478	GENE0296	24	10	27	26	17	4	15	12	15	4	18	37	22	19	17	12
g01479	GENE0296	51	84	58	58	42	44	39	17	23	15	31	19	53	26	50	58
g01480	GENE0296	218	229	194	170	160	151	146	159	174	216	167	163	173	114	141	139
g01481	GENE0297	40	40	41	54	61	62	58	45	44	53	35	34	82	77	66	61
g01482	GENE0297	21	19	20	19	35	9	30	25	28	27	29	12	22	31	28	37
g01483	GENE0297	42	37	37	28	31	22	30	38	32	46	51	61	41	26	26	57
g01484	GENE0297	28	32	35	25	29	40	45	14	35	53	42	35	43	26	21	19
g01485	GENE0297	93	79	98	127	127	153	109	130	148	140	166	132	103	167	135	129
g01486	GENE0298	71	95	73	70	44	43	47	56	53	32	39	42	62	56	53	54
g01487	GENE0298	46	65	47	26	48	35	44	36	47	75	60	66	38	31	54	72
g01488	GENE0298	34	37	34	38	29	16	19	38	40	21	38	36	42	16	48	67
g01489	GENE0298	73	110	75	60	69	70	78	71	58	18	63	45	69	51	65	69
g01490	GENE0298	36	17	23	25	29	19	17	29	16	17	30	8	27	31	24	24
g01491	GENE0299	64	62	78	44	69	74	78	77	68	96	52	56	78	50	62	99
g01492	GENE0299	53	51	46	43	59	75	63	52	30	19	42	28	32	37	39	46
g01493	GENE0299	77	70	66	113	73	50	71	48	73	58	63	57	89	85	103	71
g01494	GENE0299	29	10	22	41	14	27	20	18	18	11	20	18	25	16	24	20
g01495	GENE0299	35	42	40	35	31	36	32	23	30	20	36	34	43	38	28	30
g01496	GENE0300	58	70	65	52	45	42	43	31	73	54	54	51	51	59	63	76
g01497	GENE0300	15	15	16	12	21	20	21	42	21	23	24	27	13	29	26	4
g01498	GENE0300	88	93	82	94	102	105	90	64	73	62	86	78	88	97	83	105
g01499	GENE0300	90	120	98	69	119	124	108	125	99	109	108	70	95	92	73	86
g01500	GENE0300	55	13	66	47	52	73	57	45	61	52	67	48	55	49	50	65
g01501	GENE0301	80	81	88	65	84	64	93	81	89	60	81	81	79	106	82	77
g01502	GENE0301	52	59	40	36	61	72	44	65	55	49	64	73	60	61	45	64
g01503	GENE0301	40	27	41	28	41	25	34	38	29	31	30	30	39	24	36	31
g01504	GENE0301	10	4	8	6	15	13	12	8	3	11	9	0	6	4	6	7
g01505	GENE0301	41	53	31	41	18	31	18	13	29	13	23	26	33	39	27	32
g01506	GENE0302	10	10	10	19	14	11	25	9	25	37	29	17	17	20	25	12
g01507	GENE0302	53	53	51	56	52	37	50	64	70	78	82	63	73	81	84	66
g01508	GENE0302	20	43	14	2	19	51	20	23	11	1	21	16	32	42	25	45
g01509	GENE0302	34	49	45	26	42	41	42	29	51	84	54	51	43	46	46	78
g01510	GENE0302	32	20	25	26	24	20	27	19	19	22	27	16	22	28	22	33
g01511	GENE0303	50	44	54	50	22	32	36	33	48	48	43	42	43	65	43	48
g01512	GENE0303	33	13	24	13	43	31	35	40	28	30	20	30	28	32	24	23
g01513	GENE0303	34	42	25	40	32	26	27	21	22	43	27	13	24	18	28	21
g01514	GENE0303	10	16	11	1	13	17	13	5	11	29	11	15	9	20	13	12
g01515	GENE0303	24	37	21	31	30	22	27	37	32	27	39	40	28	44	34	32
g01516	GENE0304	31	26	23	28	18	20	20	23	30	11	22	26	16	11	9	13
g01517	GENE0304	63	43	72	103	80	64	72	73	62	51	73	138	79	33	83	103
g01518	GENE0304	13	4	16	24	10	0	21	32	20	17	22	26	10	17	12	14
g01519	GENE0304	51	57	48	27	26	35	29	44	47	49	41	46	28	31	39	35
g01520	GENE0304	40	29	48	54	42	29	39	41	36	26	36	40	32	14	41	60
g01521	GENE0305	62	100	74	50	75	90	82	39	57	72	48	34	70	100	63	66
g01522	GENE0305	23	47	26	15	30	27	27	26	27	28	14	4	32	38	25	33
g01523	GENE0305	63	72	60	20	81	65	74	52	71	132	56	44	46	79	45	51
g01524	GENE0305	98	107	81	61	101	139	138	92	88	144	75	71	99	120	98	53
g01525	GENE0305	123	177	108	77	144	189	152	102	157	150	150	125	126	153	117	83
g01526	GENE0306	35	43	46	42	33	21	41	36	49	27	35	71	37	46	59	32
g01527	GENE0306	37	39	36	14	39	48	38	27	50	44	46	53	47	54	36	36
g01528	GENE0306	30	22	27	24	34	12	25	40	42	27	40	51	22	25	17	19
g01529	GENE0306	22	35	22	18	34	35	29	21	29	17	22	25	24	31	23	26
g01530	GENE0306	32	13	13	23	19	8	20	16	23	20	30	19	14	12	15	27
g01531	GENE0307	37	41	50	33	40	32	48	45	32	24	22	45	45	33	33	13
g01532	GENE0307	39	53	38	46	50	33	51	38	63	78	36	61	56	33	53	46
g01533	GENE0307	60	53	79	58	51	59	56	47	60	58	60	76	62	72	56	32
g01534	GENE0307	102	83	96	110	99	99	91	102	98	130	98	66	88	55	73	59
g01535	GENE0307	8	1	9	4	20	31	13	16	17	14	11	16	20	18	16	23
g01536	GENE0308	21	20	14	16	10	15	6	26	2	10	8	7	14	12	11	21
g01537	GENE0308	41	20	50	49	60	50	60	40	49	96	50	49	43	42	56	42
g01538	GENE0308	24	6	42	34	16	17	21	21	14	33	17	15	20	19	19	28
g01539	GENE0308	87	91	86	70	82	95	103	74	60	123	81	83	85	99	77	85
g01540	GENE0308	67	54	66	73	75	106	72	54	56	36	44	41	47	51	58	41
g01541	GENE0309	42	43	46	32	41	46	54	58	57	38	53	48	35	37	36	41
g01542	GENE0309	42	43	52	64	52	52	50	82	42	41	44	48	53	58	54	52
g01543	GENE0309	31	60	35	24	37	30	37	37	57	35	52	97	31	53	36	23
g01544	GENE0309	40	44	36	37	40	35	25	27	16	34	39	33	22	29	31	16
g01545	GENE0309	217	205	205	221	228	286	228	190	185	208	219	179	216	247	239	191
g01546	GENE0310	52	84	80	44	50	47	67	79	57	59	67	58	42	54	55	40
g01547	GENE0310	36	18	41	33	38	33	46	43	45	41	46	79	40	69	51	27
g01548	GENE0310	42	40	28	29	39	40	36	40	30	21	35	41	27	23	28	29
g01549	GENE0310	44	56	48	42	41	33	52	42	56	61	48	48	47	54	44	71
g01550	GENE0310	35	29	36	48	43	29	54	43	49	14	37	51	38	19	38	56
g01551	GENE0311	56	47	44	82	41	34	28	44	42	26	44	52	54	68	58	33
g01552	GENE0311	23	23	39	34	37	27	34	27	35	27	36	17	36	20	31	29
g01553	GENE0311	32	32	43	26	32	36	26	18	24	31	9	26	39	40	47	32
g01554	GENE0311	51	35	39	56	48	61	48	71	69	40	65	72	58	73	47	37
g01555	GENE0311	39	26	33	35	30	53	33	15	31	37	27	35	23	35	27	22
g01556	GENE0312	93	101	86	66	98	113	94	80	107	94	83	57	76	43	64	86
g01557	GENE0312	9	25	20	16	22	23	20	26	19	10	18	1	29	25	19	19
g01558	GENE0312	17	27	27	12	42	36	28	66	36	33	42	49	38	38	42	33
g01559	GENE0312	20	28	22	17	24	32	18	17	14	10	24	5	34	30	33	10
g01560	GENE0312	19	18	41	58	35	33	34	23	37	32	36	24	44	26	55	55
g01561	GENE0313	30	13	34	47	31	28	26	32	34	27	37	45	35	52	36	27
g01562	GENE0313	48	101	56	54	73	121	60	43	68	66	63	55	72	84	61	85
g01563	GENE0313	52	32	54	71	46	53	37	40	34	36	42	43	40	50	43	45
g01564	GENE0313	67	74	63	64	66	94	87	84	83	98	82	88	83	72	59	43
g01565	GENE0313	9	16	14	13	21	19	16	17	5	18	13	11	12	5	10	10
g01566	GENE0314	64	75	86	89	99	81	93	87	72	75	80	70	86	92	93	93
g01567	GENE0314	58	76	61	53	33	61	59	32	67	54	52	47	48	44	49	53
g01568	GENE0314	25	33	28	34	42	11	39	51	32	40	24	51	20	20	25	35
g01569	GENE0314	37	10	54	62	45	33	50	56	36	29	52	70	34	33	45	67
g01570	GENE0314	17	0	18	44	27	6	25	20	14	4	14	19	21	26	26	3
g01571	GENE0315	33	42	35	30	25	23	32	28	17	38	19	4	33	34	36	35
g01572	GENE0315	32	25	24	40	28	34	43	32	52	51	32	41	29	23	26	16
g01573	GENE0315	18	20	15	27	23	11	21	21	22	13	14	12	13	11	7	12
g01574	GENE0315	41	20	29	24	26	34	25	33	28	36	25	29	15	25	17	33
g01575	GENE0315	34	26	28	39	36	52	47	50	27	33	39	19	41	30	40	47
g01576	GENE0316	92	98	83	111	103	110	110	117	68	65	68	73	119	91	96	91
g01577	GENE0316	33	42	35	33	28	25	40	26	29	36	29	48	14	38	19	11
g01578	GENE0316	41	38	59	37	61	46	50	49	39	62	56	77	59	83	60	48
g01579	GENE0316	42	49	52	39	41	71	42	51	45	32	43	49	28	51	49	32
g01580	GENE0316	22	28	20	11	29	13	43	22	14	36	14	22	25	35	30	16
g01581	GENE0317	29	51	44	44	60	82	67	65	39	33	38	35	60	42	66	53
g01582	GENE0317	11	0	9	6	13	12	18	15	16	17	14	10	14	14	18	6
g01583	GENE0317	101	94	94	117	118	104	98	70	119	131	111	96	128	102	107	127
g01584	GENE0317	74	61	69	82	67	57	58	55	59	64	62	63	69	61	60	80
g01585	GENE0317	89	102	104	84	92	104	81	127	104	113	93	102	113	105	133	126
g01586	GENE0318	13	9	8	3	29	24	30	33	13	18	20	15	32	34	37	17
g01587	GENE0318	27	14	23	12	24	26	19	25	33	53	47	37	26	48	27	0
g01588	GENE0318	85	81	81	80	73	63	79	86	66	65	75	49	70	76	70	81
g01589	GENE0318	17	25	24	5	6	4	4	2	20	10	17	11	24	22	24	8
g01590	GENE0318	99	128	96	128	115	120	97	60	119	101	116	109	104	132	106	60
g01591	GENE0319	90	67	61	76	69	68	66	77	56	69	76	63	62	58	99	29
g01592	GENE0319	26	31	25	19	15	21	29	21	22	41	32	25	22	13	38	46
g01593	GENE0319	52	43	43	62	51	59	56	57	60	75	52	74	46	48	44	32
g01594	GENE0319	8	4	8	11	7	13	5	2	6	4	4	0	10	22	10	8
g01595	GENE0319	22	26	30	37	44	26	39	42	44	20	42	37	37	51	38	27
g01596	GENE0320	6	12	3	0	11	6	5	25	3	0	3	3	3	0	0	0
g01597	GENE0320	24	21	25	44	29	30	32	46	16	22	18	9	32	15	27	28
g01598	GENE0320	22	18	22	26	12	3	10	13	15	2	11	8	15	11	23	6
g01599	GENE0320	39	27	31	24	33	36	35	23	34	39	38	25	16	25	24	8
g01600	GENE0320	25	37	23	34	41	30	30	25	36	17	28	27	28	16	30	31
g01601	GENE0321	24	20	15	22	23	7	18	21	23	20	21	41	31	6	22	28
g01602	GENE0321	14	32	27	23	22	16	27	15	18	8	23	25	27	35	41	24
g01603	GENE0321	19	29	21	19	34	45	38	35	31	8	30	43	13	20	18	15
g01604	GENE0321	20	19	15	13	23	11	16	18	34	12	24	27	32	40	28	36
g01605	GENE0321	54	19	46	48	52	31	55	61	50	16	39	58	48	38	42	69
g01606	GENE0322	94	103	90	90	82	66	68	116	72	29	68	107	62	92	88	78
g01607	GENE0322	36	14	26	34	20	39	34	30	34	61	41	49	43	3	30	27
g01608	GENE0322	47	34	46	59	54	52	33	58	50	14	47	57	40	32	51	55
g01609	GENE0322	35	30	24	29	44	23	40	33	29	29	28	8	31	20	23	30
g01610	GENE0322	24	22	32	23	29	26	36	33	22	27	20	37	17	18	13	27
g01611	GENE0323	153	144	131	85	149	144	143	151	198	128	180	194	171	123	166	182
g01612	GENE0323	34	35	35	30	30	27	31	53	46	57	34	47	24	27	36	26
g01613	GENE0323	29	30	37	40	35	24	36	23	25	48	24	24	32	54	24	11
g01614	GENE0323	27	20	18	22	18	0	17	24	6	16	16	18	16	12	19	9
g01615	GENE0323	34	48	33	14	24	21	25	26	32	36	42	24	20	37	31	15
g01616	GENE0324	34	36	56	28	46	56	47	20	52	30	34	27	48	59	39	33
g01617	GENE0324	59	90	66	70	53	47	61	61	42	88	61	37	51	54	66	39
g01618	GENE0324	65	50	56	24	65	92	76	57	44	72	38	34	68	52	75	49
g01619	GENE0324	20	17	21	16	30	24	29	19	19	10	20	4	42	32	31	6
g01620	GENE0324	39	70	42	24	23	48	37	6	28	32	29	27	38	48	34	23
g01621	GENE0325	34	27	33	27	37	45	31	46	34	51	35	26	39	49	41	49
g01622	GENE0325	55	72	59	45	54	52	55	78	76	62	74	60	58	30	63	78
g01623	GENE0325	10	15	14	10	13	6	10	14	9	10	12	9	8	8	3	18
g01624	GENE0325	18	7	24	18	7	10	9	7	8	0	7	15	13	14	13	18
g01625	GENE0325	34	44	25	38	22	29	34	24	48	39	49	53	37	39	36	32
g01626	GENE0326	18	14	18	32	27	17	32	44	27	13	31	42	37	11	24	29
g01627	GENE0326	22	33	25	26	24	28	28	17	26	8	24	39	25	36	29	23
g01628	GENE0326	10	6	12	8	24	24	12	14	6	4	8	9	9	23	15	3
g01629	GENE0326	40	41	22	54	41	32	36	50	45	32	45	58	42	47	39	39
g01630	GENE0326	42	38	44	51	65	79	62	64	59	50	56	69	41	42	42	42
g01631	GENE0327	36	29	27	41	26	46	20	23	15	13	19	16	21	31	20	22
g01632	GENE0327	11	7	8	20	17	33	17	25	20	5	20	30	20	20	15	13
g01633	GENE0327	13	45	23	10	29	34	37	43	36	29	32	26	24	15	22	16
g01634	GENE0327	15	26	10	4	15	21	14	0	10	15	15	21	27	30	26	26
g01635	GENE0327	50	71	46	60	50	35	42	48	44	53	42	50	35	22	29	40
g01636	GENE0328	18	10	18	28	27	17	28	35	21	9	22	8	17	1	20	25
g01637	GENE0328	18	23	10	16	11	15	10	4	20	3	14	9	26	14	22	12
g01638	GENE0328	75	48	95	99	81	70	75	80	125	92	96	104	82	87	87	56
g01639	GENE0328	329	334	317	265	332	317	286	285	330	327	341	306	299	313	329	294
g01640	GENE0328	21	35	18	21	21	18	23	29	19	17	24	14	11	15	20	21
g01641	GENE0329	25	32	18	6	34	47	20	5	20	25	36	42	30	40	33	29
g01642	GENE0329	75	70	56	62	62	48	55	66	54	73	45	69	62	77	58	86
g01643	GENE0329	96	131	84	99	95	86	103	90	107	86	78	73	105	88	120	108
g01644	GENE0329	81	66	83	80	79	75	65	36	49	59	54	35	63	79	62	37
g01645	GENE0329	59	111	62	45	65	87	76	77	61	76	66	67	78	88	94	114
g01646	GENE0330	12	4	18	6	25	15	27	35	22	17	18	7	22	41	30	36
g01647	GENE0330	59	46	63	83	48	29	49	62	35	38	40	9	38	35	33	8
g01648	GENE0330	47	41	39	42	66	65	54	41	49	54	43	29	47	47	44	57
g01649	GENE0330	8	9	12	30	12	16	12	16	20	18	20	20	26	17	26	26
g01650	GENE0330	38	25	39	28	24	11	17	18	29	27	28	65	14	28	18	20
g01651	GENE0331	16	16	14	36	29	23	21	19	22	18	25	38	10	10	15	13
g01652	GENE0331	20	11	15	25	14	11	22	24	14	23	10	7	15	25	15	20
g01653	GENE0331	42	43	38	51	35	28	38	39	44	35	38	54	47	30	33	49
g01654	GENE0331	28	35	26	19	26	16	25	20	26	18	27	38	21	10	26	31
g01655	GENE0331	26	16	19	20	24	25	20	34	13	14	16	5	17	18	14	22
g01656	GENE0332	116	135	115	103	129	100	120	137	94	107	110	87	120	112	85	112
g01657	GENE0332	18	18	28	28	29	14	37	38	24	31	26	35	28	47	25	25
g01658	GENE0332	49	51	59	80	60	53	56	67	73	75	69	57	53	46	56	45
g01659	GENE0332	72	46	84	63	70	51	76	100	61	68	66	67	66	49	61	93
g01660	GENE0332	42	27	44	25	41	46	38	6	23	19	31	35	44	50	38	39
g01661	GENE0333	84	128	85	54	74	57	90	62	66	81	83	58	64	50	73	63
g01662	GENE0333	70	75	67	81	62	86	51	71	67	72	68	48	48	43	56	58
g01663	GENE0333	34	45	27	24	32	29	27	28	20	26	21	20	31	22	32	45
g01664	GENE0333	84	66	71	95	73	71	78	68	82	59	61	108	69	101	78	72
g01665	GENE0333	22	14	29	21	19	20	22	22	30	34	27	18	29	34	26	18
g01666	GENE0334	60	49	52	32	60	31	58	87	36	55	48	42	25	43	39	54
g01667	GENE0334	139	116	107	138	161	155	146	157	146	117	133	116	188	198	179	166
g01668	GENE0334	30	46	29	23	28	45	26	7	29	39	22	10	18	19	17	20
g01669	GENE0334	22	25	16	10	8	16	9	8	9	5	15	0	21	29	20	11
g01670	GENE0334	48	37	47	34	43	58	56	68	36	49	32	61	37	25	35	27
g01671	GENE0335	20	34	18	16	20	6	25	28	19	19	23	33	21	11	26	20
g01672	GENE0335	146	191	148	153	137	158	154	158	174	243	167	146	164	138	142	179
g01673	GENE0335	12	10	9	7	25	14	16	15	14	22	12	15	6	3	5	7
g01674	GENE0335	25	39	21	12	29	14	28	25	17	18	15	19	18	7	22	12
g01675	GENE0335	60	68	71	45	79	99	81	60	72	50	77	86	71	67	82	46
g01676	GENE0336	60	58	63	54	45	37	28	42	68	41	62	75	60	35	51	63
g01677	GENE0336	30	61	33	33	57	62	52	57	52	64	39	66	30	35	40	37
g01678	GENE0336	67	55	75	87	55	28	47	79	47	36	44	59	56	70	54	52
g01679	GENE0336	31	30	41	39	45	57	38	23	26	35	34	35	17	11	15	25
g01680	GENE0336	14	18	12	9	16	7	21	13	13	7	10	23	23	15	16	31
g01681	GENE0337	65	84	78	74	80	79	78	69	92	96	90	88	72	71	72	55
g01682	GENE0337	13	18	22	25	16	29	18	10	18	28	12	7	14	19	10	12
g01683	GENE0337	52	50	49	58	33	38	58	73	28	33	34	25	50	41	43	58
g01684	GENE0337	34	32	39	27	42	50	35	18	46	25	29	57	23	24	26	14
g01685	GENE0337	68	80	61	43	62	69	79	96	88	64	73	66	80	58	58	63
g01686	GENE0338	17	20	14	6	9	3	15	17	16	17	12	15	21	27	24	13
g01687	GENE0338	40	45	50	45	47	73	50	61	52	54	44	27	41	56	48	46
g01688	GENE0338	22	12	14	24	15	41	31	9	39	41	27	38	25	10	18	4
g01689	GENE0338	15	14	16	14	12	8	13	5	14	11	9	13	12	16	6	6
g01690	GENE0338	95	123	95	88	120	166	93	73	88	98	76	91	94	90	102	92
g01691	GENE0339	104	91	109	104	99	90	67	72	95	57	117	121	101	83	99	141
g01692	GENE0339	104	72	97	118	96	65	82	123	84	98	75	89	75	74	86	104
g01693	GENE0339	10	1	10	11	21	24	30	14	18	23	22	40	28	19	28	21
g01694	GENE0339	43	33	47	61	70	55	55	56	42	23	39	54	43	28	44	36
g01695	GENE0339	37	25	42	80	51	29	57	75	47	32	49	82	40	37	44	67
g01696	GENE0340	199	136	161	264	205	175	208	250	213	208	218	258	127	119	148	132
g01697	GENE0340	68	62	54	50	89	62	99	79	98	78	89	106	108	63	99	138
g01698	GENE0340	40	32	38	69	42	33	44	58	38	25	38	46	42	52	50	50
g01699	GENE0340	11	16	9	10	4	14	8	10	19	11	16	24	16	13	17	11
g01700	GENE0340	33	22	33	38	20	14	13	22	14	24	23	8	26	22	28	40
g01701	GENE0341	52	64	88	74	92	112	95	85	67	51	67	76	57	93	66	62
g01702	GENE0341	86	84	72	73	74	120	85	55	76	72	65	45	82	98	63	90
g01703	GENE0341	36	53	39	24	25	5	20	25	44	52	47	46	38	43	44	25
g01704	GENE0341	45	61	43	19	25	19	34	54	33	20	35	29	24	45	22	32
g01705	GENE0341	180	225	195	119	194	198	182	172	199	194	178	159	185	195	207	175
g01706	GENE0342	12	20	9	4	24	38	21	10	25	32	20	24	18	12	20	19
g01707	GENE0342	87	73	83	84	92	58	64	78	74	67	84	86	44	46	66	58
g01708	GENE0342	18	15	15	11	33	32	23	35	13	24	14	19	14	9	16	31
g01709	GENE0342	18	5	15	12	8	10	10	14	13	24	15	21	19	11	13	22
g01710	GENE0342	24	18	20	23	36	37	39	43	27	14	23	19	21	17	21	44
g01711	GENE0343	63	41	52	37	40	52	32	39	40	52	57	81	60	36	53	55
g01712	GENE0343	51	54	62	46	38	27	48	60	65	49	59	51	48	52	52	63
g01713	GENE0343	13	30	12	9	7	6	17	7	16	15	11	3	1	5	4	5
g01714	GENE0343	14	21	18	8	25	15	20	15	20	17	23	26	21	24	15	24
g01715	GENE0343	45	24	50	49	46	72	34	22	36	42	39	34	45	33	49	52
g01716	GENE0344	28	23	29	20	12	25	20	15	19	25	20	24	24	25	10	38
g01717	GENE0344	32	41	30	23	26	5	23	33	30	34	20	12	29	36	29	39
g01718	GENE0344	21	24	15	27	20	11	26	25	32	10	33	38	27	30	12	33
g01719	GENE0344	81	103	107	81	94	102	99	77	93	77	97	92	93	135	97	105
g01720	GENE0344	40	56	56	58	55	51	58	42	49	52	49	12	45	39	38	36
g01721	GENE0345	17	22	31	34	19	18	27	32	22	16	19	12	28	47	26	24
g01722	GENE0345	45	50	45	47	39	51	50	46	34	51	45	47	44	26	45	38
g01723	GENE0345	88	94	75	71	76	109	84	56	58	68	58	78	81	87	67	77
g01724	GENE0345	4	3	5	11	6	18	5	2	13	3	2	9	2	0	2	7
g01725	GENE0345	34	15	27	19	23	26	16	18	20	30	20	29	17	19	19	17
g01726	GENE0346	49	18	46	77	30	32	19	24	32	33	45	64	39	33	39	37
g01727	GENE0346	32	17	38	75	19	14	32	25	40	27	36	37	29	22	29	37
g01728	GENE0346	140	114	143	217	153	116	167	228	129	67	107	154	129	95	143	164
g01729	GENE0346	13	13	14	28	27	14	25	35	10	26	22	17	8	3	9	15
g01730	GENE0346	27	17	31	31	35	46	35	23	40	34	37	38	19	10	14	25
g01731	GENE0347	51	69	48	32	38	45	44	29	58	58	66	22	51	69	48	73
g01732	GENE0347	16	22	18	19	20	31	19	34	27	12	21	20	28	10	14	14
g01733	GENE0347	94	119	106	69	97	98	85	73	101	115	103	101	87	96	96	136
g01734	GENE0347	208	217	175	136	184	192	169	199	187	184	176	160	197	160	163	186
g01735	GENE0347	82	81	55	122	54	36	51	62	72	97	75	65	58	66	56	57
g01736	GENE0348	20	23	20	19	22	17	30	24	27	16	22	28	23	8	12	23
g01737	GENE0348	62	49	68	79	69	46	69	69	78	64	63	90	66	72	77	69
g01738	GENE0348	25	12	27	36	25	26	17	14	35	37	33	23	26	17	30	30
g01739	GENE0348	34	34	41	23	42	37	38	56	37	46	29	43	54	20	37	21
g01740	GENE0348	30	61	31	46	15	7	19	8	55	36	53	49	30	29	32	23
g01741	GENE0349	27	38	36	58	40	19	43	35	45	30	37	37	52	17	33	33
g01742	GENE0349	109	82	109	110	99	50	96	179	84	60	75	115	121	104	119	167
g01743	GENE0349	19	4	23	20	19	2	26	23	19	4	21	27	15	12	7	5
g01744	GENE0349	58	23	48	88	63	27	57	82	58	33	67	103	42	41	37	60
g01745	GENE0349	108	38	99	156	95	80	104	101	76	37	90	122	88	75	78	107
g01746	GENE0350	190	184	212	204	186	203	187	152	201	136	172	209	231	173	187	187
g01747	GENE0350	23	16	15	13	28	8	25	37	20	20	22	25	20	19	29	18
g01748	GENE0350	53	92	50	52	60	44	66	58	69	48	63	86	55	68	42	46
g01749	GENE0350	22	0	19	47	29	16	27	34	18	34	19	13	40	39	36	22
g01750	GENE0350	79	72	72	82	78	82	58	58	71	77	65	60	71	68	63	68
g01751	GENE0351	17	28	13	10	28	3	16	26	15	2	13	17	20	11	15	26
g01752	GENE0351	50	31	49	66	43	53	51	56	38	18	27	55	46	31	35	31
g01753	GENE0351	24	6	27	27	34	19	22	37	25	21	42	46	18	18	22	24
g01754	GENE0351	72	71	101	118	71	34	63	96	95	55	77	110	85	45	108	113
g01755	GENE0351	37	46	44	64	43	50	41	40	22	39	34	22	49	48	44	73
g01756	GENE0352	12	16	12	14	4	0	2	5	4	13	5	0	10	5	11	3
g01757	GENE0352	11	12	12	28	8	13	6	7	27	16	19	24	21	36	13	6
g01758	GENE0352	52	59	41	36	34	44	39	15	46	26	47	47	60	60	54	64
g01759	GENE0352	56	44	45	34	36	29	37	61	51	51	52	45	38	65	44	37
g01760	GENE0352	10	0	7	14	10	38	14	13	11	9	16	16	21	13	21	23
g01761	GENE0353	67	73	59	41	53	59	59	67	58	56	55	71	61	73	54	67
g01762	GENE0353	40	24	37	22	31	43	48	14	56	23	37	53	55	47	42	47
g01763	GENE0353	36	18	52	49	44	23	49	49	62	44	54	48	54	21	27	42
g01764	GENE0353	166	193	151	168	147	148	161	177	156	165	157	158	145	114	134	169
g01765	GENE0353	33	28	38	38	34	22	23	18	23	12	23	4	28	33	27	24
g01766	GENE0354	36	21	37	56	23	16	23	43	22	35	27	46	34	35	39	34
g01767	GENE0354	108	58	84	117	64	38	56	124	96	53	100	131	76	46	82	110
g01768	GENE0354	40	25	53	83	38	51	61	59	45	32	54	94	47	44	43	58
g01769	GENE0354	13	0	12	31	25	20	17	37	28	21	20	5	9	0	10	10
g01770	GENE0354	64	60	67	73	76	56	70	83	64	65	57	77	47	41	45	51
g01771	GENE0355	50	56	45	64	58	104	75	46	66	68	61	39	59	65	67	44
g01772	GENE0355	34	15	30	27	41	26	51	45	26	24	36	25	17	13	19	13
g01773	GENE0355	13	14	26	16	25	33	19	24	25	29	35	35	32	39	36	33
g01774	GENE0355	29	39	38	63	41	9	45	50	36	69	33	19	37	33	32	39
g01775	GENE0355	5	9	5	9	18	2	16	16	7	11	9	13	18	17	17	33
g01776	GENE0356	14	19	21	19	13	10	11	11	7	6	6	14	9	18	14	24
g01777	GENE0356	52	43	49	71	55	55	42	57	42	53	50	45	47	50	47	39
g01778	GENE0356	91	71	69	75	72	65	68	73	101	79	93	71	60	59	75	63
g01779	GENE0356	8	9	13	5	12	9	8	23	15	14	24	22	19	12	20	21
g01780	GENE0356	57	42	58	84	59	54	66	69	56	47	44	49	51	49	42	42
g01781	GENE0357	11	28	10	25	8	1	13	15	13	18	12	12	20	34	18	15
g01782	GENE0357	32	47	27	26	26	14	27	14	41	48	28	31	27	17	23	24
g01783	GENE0357	89	85	77	50	84	90	80	47	81	96	101	59	99	132	80	58
g01784	GENE0357	19	33	17	16	20	32	25	13	14	28	19	19	27	44	28	39
g01785	GENE0357	67	103	78	49	84	110	64	75	87	82	83	62	82	100	73	62
g01786	GENE0358	43	51	48	25	40	71	51	73	53	68	47	55	75	67	66	76
g01787	GENE0358	52	80	60	73	76	82	58	74	81	74	61	75	61	46	55	65
g01788	GENE0358	13	22	14	25	14	0	17	32	25	14	30	32	17	10	13	14
g01789	GENE0358	2	2	9	12	14	24	10	6	4	4	8	6	11	1	3	2
g01790	GENE0358	29	42	36	27	35	34	25	39	55	38	52	39	53	38	40	54
g01791	GENE0359	32	24	25	42	29	22	22	14	20	27	26	10	28	37	31	7
g01792	GENE0359	23	16	17	8	21	34	29	17	15	19	9	18	12	10	7	10
g01793	GENE0359	41	43	32	33	25	27	19	7	24	37	26	16	16	7	17	10
g01794	GENE0359	30	22	26	5	23	34	26	16	21	36	11	20	33	44	31	17
g01795	GENE0359	49	67	62	47	42	46	56	53	38	22	39	18	24	45	22	15
g01796	GENE0360	68	62	57	80	89	87	88	76	85	82	83	84	76	54	79	57
g01797	GENE0360	117	81	125	211	112	65	117	174	129	105	146	200	126	103	124	176
g01798	GENE0360	22	20	36	25	42	45	42	79	35	35	37	67	32	13	28	29
g01799	GENE0360	32	23	47	76	25	9	29	45	41	7	35	29	40	14	36	51
g01800	GENE0360	20	8	17	27	14	8	22	41	23	8	24	12	25	20	22	53
g01801	GENE0361	21	54	29	24	44	60	38	16	45	58	45	58	53	58	57	41
g01802	GENE0361	39	32	37	68	54	45	51	34	49	28	42	35	38	30	40	35
g01803	GENE0361	42	47	44	35	27	33	34	21	38	47	30	27	43	63	42	41
g01804	GENE0361	42	42	56	47	54	59	54	64	36	30	35	30	47	71	36	30
g01805	GENE0361	20	18	12	12	35	33	30	35	23	25	21	27	24	20	22	38
g01806	GENE0362	82	75	72	57	86	90	68	84	50	38	59	78	109	107	95	44
g01807	GENE0362	70	85	67	77	44	28	63	33	43	46	35	30	53	38	57	50
g01808	GENE0362	40	45	52	44	60	58	52	29	52	29	43	55	34	50	57	31
g01809	GENE0362	39	5	24	7	31	22	28	25	41	25	29	38	25	35	25	19
g01810	GENE0362	67	94	62	71	94	75	88	75	87	72	88	104	76	58	70	89
g01811	GENE0363	48	51	51	45	70	55	53	91	65	30	73	90	51	31	53	70
g01812	GENE0363	24	13	25	58	17	24	19	30	36	28	40	49	36	19	39	39
g01813	GENE0363	38	34	40	49	36	38	46	69	31	36	22	27	41	31	43	34
g01814	GENE0363	32	26	15	26	42	39	41	72	27	27	32	39	31	21	44	38
g01815	GENE0363	147	163	141	146	147	145	172	158	107	102	99	131	155	136	144	141
g01816	GENE0364	24	25	20	31	13	15	21	24	32	10	27	48	15	24	15	20
g01817	GENE0364	25	27	23	33	19	5	21	21	25	20	27	36	26	18	21	26
g01818	GENE0364	53	29	61	63	38	57	45	41	51	42	60	80	41	22	48	69
g01819	GENE0364	116	96	141	156	127	80	121	185	111	70	106	127	145	79	104	166
g01820	GENE0364	27	16	28	30	23	13	34	19	32	19	36	26	24	17	18	12
g01821	GENE0365	23	40	28	19	34	28	30	25	41	33	29	21	50	54	53	38
g01822	GENE0365	23	21	20	34	26	5	32	23	24	34	23	22	36	53	40	41
g01823	GENE0365	25	44	27	34	24	12	21	42	22	16	19	30	39	20	30	24
g01824	GENE0365	42	39	44	50	37	42	55	13	39	63	48	22	36	60	38	49
g01825	GENE0365	116	99	94	98	109	106	104	121	78	52	67	120	98	75	95	98
g01826	GENE0366	33	54	36	37	47	24	42	35	43	35	38	47	62	53	51	37
g01827	GENE0366	45	26	43	72	65	68	74	70	40	35	46	20	68	79	68	71
g01828	GENE0366	8	12	8	0	16	4	7	7	11	10	10	23	13	0	4	13
g01829	GENE0366	46	60	57	67	58	49	43	42	48	39	49	51	67	51	54	57
g01830	GENE0366	31	12	29	31	26	12	22	31	31	28	25	21	15	20	19	3
g01831	GENE0367	21	17	18	19	33	42	27	26	17	25	22	23	22	19	19	23
g01832	GENE0367	51	87	48	65	64	70	66	72	52	38	49	57	49	41	57	82
g01833	GENE0367	57	60	55	51	39	64	34	39	49	41	46	26	51	41	50	66
g01834	GENE0367	59	33	39	27	55	73	53	59	44	53	60	61	32	23	42	22
g01835	GENE0367	21	9	21	18	19	15	20	8	22	38	20	13	29	42	22	17
g01836	GENE0368	30	37	53	46	33	15	32	28	45	27	52	48	47	20	45	83
g01837	GENE0368	48	14	42	73	54	36	52	81	37	11	36	61	27	20	43	24
g01838	GENE0368	25	14	25	42	35	21	31	39	29	11	30	30	28	17	20	45
g01839	GENE0368	81	46	69	125	65	57	81	98	71	45	75	99	79	35	82	101
g01840	GENE0368	29	14	25	28	16	1	18	32	38	27	32	37	29	35	38	36
g01841	GENE0369	44	47	42	36	29	56	39	27	48	43	44	38	27	20	36	41
g01842	GENE0369	64	76	68	66	60	79	69	69	62	52	51	39	64	68	64	48
g01843	GENE0369	19	20	18	10	23	31	17	19	21	13	26	18	23	23	21	17
g01844	GENE0369	17	31	23	16	38	50	36	42	28	42	19	41	34	24	34	46
g01845	GENE0369	17	27	29	29	18	34	19	11	22	32	42	10	18	13	15	25
g01846	GENE0370	36	35	33	15	33	30	37	68	39	15	23	33	21	23	25	20
g01847	GENE0370	36	40	33	29	21	23	17	16	23	38	23	53	32	33	26	27
g01848	GENE0370	49	50	35	57	41	7	22	17	28	33	46	62	36	49	38	39
g01849	GENE0370	29	22	21	39	19	32	28	16	25	10	29	38	22	22	23	55
g01850	GENE0370	72	78	61	62	84	103	94	93	58	67	67	56	76	64	73	71
g01851	GENE0371	77	108	95	73	93	75	99	67	75	103	86	56	75	118	104	84
g01852	GENE0371	63	63	54	66	58	89	54	52	48	69	57	23	65	72	78	74
g01853	GENE0371	15	28	15	8	27	23	19	14	28	46	23	10	16	16	16	4
g01854	GENE0371	54	94	53	28	47	76	43	20	35	69	36	24	39	37	28	23
g01855	GENE0371	50	94	61	13	23	54	31	16	31	32	38	25	50	47	28	40
g01856	GENE0372	192	198	210	187	206	214	214	233	212	165	210	173	233	210	238	233
g01857	GENE0372	101	88	100	68	103	104	101	91	59	75	69	62	104	93	71	77
g01858	GENE0372	35	17	22	17	28	60	34	9	7	2	13	21	28	15	29	23
g01859	GENE0372	104	73	102	81	89	118	84	75	89	110	81	107	83	77	84	114
g01860	GENE0372	93	89	96	107	82	77	86	99	75	82	89	34	94	44	102	95
g01861	GENE0373	23	26	32	17	20	17	33	41	12	7	12	24	16	20	15	19
g01862	GENE0373	26	35	33	32	22	17	31	29	43	49	34	28	28	22	24	26
g01863	GENE0373	59	71	47	53	55	70	52	45	52	34	53	60	57	45	73	49
g01864	GENE0373	31	32	37	40	25	16	18	25	28	31	25	15	25	26	26	15
g01865	GENE0373	85	86	68	63	74	46	69	90	56	57	52	51	49	73	64	79
g01866	GENE0374	99	94	106	143	101	93	81	95	104	105	95	87	106	103	101	100
g01867	GENE0374	8	12	10	15	2	0	3	4	7	10	2	2	4	19	5	7
g01868	GENE0374	33	27	45	23	16	26	31	35	63	39	44	57	19	38	31	26
g01869	GENE0374	46	49	54	45	42	31	43	48	39	30	57	30	53	58	50	43
g01870	GENE0374	70	83	72	78	71	78	62	46	76	65	77	105	65	84	92	56
g01871	GENE0375	142	133	135	135	146	137	166	177	169	143	150	169	134	172	128	158
g01872	GENE0375	98	77	90	52	75	96	86	57	86	64	74	129	91	78	76	89
g01873	GENE0375	54	38	41	53	56	37	45	60	71	31	38	50	63	90	68	66
g01874	GENE0375	99	132	94	124	133	105	112	96	127	88	104	125	113	103	109	83
g01875	GENE0375	29	24	26	34	33	47	32	34	48	31	42	38	28	30	19	28
g01876	GENE0376	72	77	78	56	91	92	79	93	74	72	65	70	120	117	121	153
g01877	GENE0376	109	138	122	137	121	120	111	96	119	81	98	107	121	95	142	184
g01878	GENE0376	56	38	54	67	53	66	48	49	50	45	60	76	52	39	56	47
g01879	GENE0376	207	233	200	178	199	193	201	188	185	179	171	158	216	188	191	177
g01880	GENE0376	21	44	34	35	23	29	20	13	31	24	32	27	40	38	29	53
g01881	GENE0377	52	44	62	43	56	87	39	47	63	59	79	69	36	42	55	33
g01882	GENE0377	69	77	62	66	61	44	60	82	59	62	60	48	51	61	51	55
g01883	GENE0377	26	27	30	18	16	23	26	21	20	34	18	0	23	25	20	18
g01884	GENE0377	17	21	13	23	26	10	26	19	14	11	19	6	17	1	20	16
g01885	GENE0377	27	27	26	22	29	13	22	38	30	40	20	13	24	31	28	15
g01886	GENE0378	33	40	21	16	28	31	25	20	28	42	21	26	31	42	33	28
g01887	GENE0378	30	17	26	47	18	11	16	18	22	25	21	18	17	14	13	20
g01888	GENE0378	28	28	27	43	20	47	22	22	17	37	23	13	27	19	20	26
g01889	GENE0378	146	137	148	176	158	172	110	157	151	181	163	140	187	152	162	178
g01890	GENE0378	68	88	79	54	86	76	69	47	73	80	67	59	78	76	85	31
g01891	GENE0379	17	32	16	14	21	30	19	21	25	14	22	28	38	31	36	12
g01892	GENE0379	42	14	46	54	25	21	39	18	31	15	38	22	51	39	32	44
g01893	GENE0379	20	28	20	30	20	19	15	19	14	24	19	27	22	13	22	27
g01894	GENE0379	97	119	116	92	108	110	126	105	95	107	113	120	94	74	96	70
g01895	GENE0379	34	42	30	49	26	38	19	25	19	14	18	18	40	27	40	22
g01896	GENE0380	11	8	15	10	25	11	27	32	10	18	7	8	21	24	14	15
g01897	GENE0380	65	41	50	51	65	83	57	45	56	66	49	35	66	58	49	58
g01898	GENE0380	51	41	48	48	49	43	37	27	35	28	34	72	45	59	37	34
g01899	GENE0380	88	91	92	100	101	56	99	78	87	71	111	117	97	87	97	58
g01900	GENE0380	75	55	61	65	62	106	103	78	53	32	70	108	84	89	74	46
g01901	GENE0381	55	72	69	79	69	98	71	41	67	77	66	44	65	102	53	41
g01902	GENE0381	17	13	22	2	14	13	12	9	14	29	21	14	24	27	32	21
g01903	GENE0381	40	60	36	30	51	33	56	40	51	62	30	52	32	62	44	17
g01904	GENE0381	77	100	85	56	78	93	70	62	101	153	103	69	86	120	82	45
g01905	GENE0381	55	82	77	41	34	48	35	24	43	48	47	37	54	52	44	44
g01906	GENE0382	14	5	10	13	2	7	5	0	9	14	12	8	3	3	3	5
g01907	GENE0382	14	11	20	22	10	8	10	9	6	10	11	0	9	10	8	3
g01908	GENE0382	60	55	55	60	68	49	46	39	59	44	59	54	63	58	49	38
g01909	GENE0382	24	21	35	17	22	35	19	21	21	35	18	20	37	41	23	20
g01910	GENE0382	8	24	22	21	15	3	16	23	2	20	4	5	13	16	13	20
g01911	GENE0383	67	66	72	60	71	81	64	35	48	58	52	49	46	55	51	81
g01912	GENE0383	71	71	53	60	82	71	63	51	32	44	37	45	49	43	54	66
g01913	GENE0383	85	98	81	76	72	70	74	85	61	72	57	39	66	46	65	52
g01914	GENE0383	37	38	31	54	33	29	31	41	33	34	17	19	24	29	35	37
g01915	GENE0383	26	7	16	37	18	12	20	27	17	13	9	16	29	33	27	5
g01916	GENE0384	12	4	14	18	24	25	14	12	12	11	19	14	16	8	16	22
g01917	GENE0384	102	142	108	98	116	100	109	81	103	103	106	119	112	106	105	100
g01918	GENE0384	52	71	63	27	57	30	52	56	61	52	68	47	49	39	61	58
g01919	GENE0384	118	94	86	108	100	91	98	69	82	70	80	113	71	74	83	96
g01920	GENE0384	53	46	63	80	49	49	59	62	59	61	77	59	51	45	57	61
g01921	GENE0385	41	60	41	18	50	38	35	50	52	43	42	54	40	52	36	29
g01922	GENE0385	58	46	52	52	56	39	62	65	34	44	42	38	48	53	45	34
g01923	GENE0385	32	34	27	37	26	33	18	7	40	37	36	46	18	25	14	5
g01924	GENE0385	55	91	63	42	47	52	64	67	56	87	53	42	39	63	46	33
g01925	GENE0385	58	58	53	82	59	73	46	61	66	57	65	65	38	52	46	42
g01926	GENE0386	23	11	22	9	40	42	30	21	30	58	36	31	35	17	23	37
g01927	GENE0386	100	74	78	90	103	139	101	55	103	66	92	101	126	157	140	104
g01928	GENE0386	30	44	25	14	32	35	40	27	49	36	59	36	32	33	19	31
g01929	GENE0386	52	33	59	39	56	91	64	68	69	69	67	88	47	47	60	56
g01930	GENE0386	60	48	45	53	42	45	57	79	64	49	56	34	54	34	57	70
g01931	GENE0387	56	60	45	41	39	32	39	27	51	60	54	58	44	24	57	80
g01932	GENE0387	24	18	18	42	24	6	20	24	15	13	19	46	25	16	27	19
g01933	GENE0387	42	46	39	30	41	46	36	48	53	31	52	58	50	32	51	71
g01934	GENE0387	56	48	58	53	51	33	32	81	63	49	39	40	35	16	30	57
g01935	GENE0387	122	126	151	143	110	113	143	157	120	117	111	145	120	114	125	175
g01936	GENE0388	66	89	54	58	57	84	66	75	88	102	93	71	87	46	62	88
g01937	GENE0388	51	71	62	70	66	63	59	75	63	61	60	81	71	80	59	85
g01938	GENE0388	97	93	87	131	90	72	94	78	85	79	78	78	99	81	90	105
g01939	GENE0388	34	32	40	32	30	38	28	32	34	51	38	38	17	21	34	34
g01940	GENE0388	17	17	19	17	18	32	19	16	28	23	27	13	6	6	13	15
g01941	GENE0389	12	17	11	13	18	19	11	0	17	13	17	12	17	25	12	19
g01942	GENE0389	90	106	67	112	81	85	85	54	106	121	94	90	72	71	60	57
g01943	GENE0389	26	27	28	34	46	53	38	50	24	46	44	17	26	20	9	36
g01944	GENE0389	36	48	33	23	36	47	49	48	49	28	44	54	35	55	55	32
g01945	GENE0389	28	32	43	38	60	57	51	38	47	47	37	27	53	49	57	54
g01946	GENE0390	111	90	123	99	94	83	112	117	107	84	105	104	119	156	127	125
g01947	GENE0390	6	3	12	0	10	3	11	2	4	5	7	26	11	5	29	18
g01948	GENE0390	36	45	35	16	25	12	19	6	17	23	24	14	26	28	31	23
g01949	GENE0390	68	62	71	50	66	51	75	53	79	66	76	56	61	55	56	70
g01950	GENE0390	40	17	43	51	31	31	38	24	26	41	43	23	52	65	44	42
g01951	GENE0391	6	20	3	1	7	7	5	19	16	11	22	17	16	20	16	14
g01952	GENE0391	65	42	52	34	63	31	46	47	41	30	40	62	49	79	57	32
g01953	GENE0391	118	77	90	113	80	42	72	90	88	94	117	91	67	66	58	54
g01954	GENE0391	19	11	13	26	16	11	16	25	6	18	11	2	15	26	18	15
g01955	GENE0391	20	35	40	14	32	29	31	19	29	26	27	43	19	38	15	16
g01956	GENE0392	39	13	35	21	51	61	44	53	47	37	44	16	48	20	37	28
g01957	GENE0392	30	9	22	32	4	7	3	12	11	7	12	16	14	11	12	17
g01958	GENE0392	85	75	86	88	73	48	69	59	63	86	91	58	63	43	60	61
g01959	GENE0392	28	14	25	9	31	13	36	16	33	20	36	75	39	52	44	42
g01960	GENE0392	43	69	59	37	48	48	43	55	29	20	29	25	34	31	21	42
g01961	GENE0393	32	39	24	30	30	59	26	39	39	44	38	23	40	51	32	43
g01962	GENE0393	23	16	18	15	23	31	21	35	14	8	21	15	36	13	27	17
g01963	GENE0393	35	22	50	32	35	35	33	33	55	27	33	37	29	26	28	42
g01964	GENE0393	21	13	34	19	20	10	23	17	20	20	17	36	36	36	31	29
g01965	GENE0393	20	18	20	29	23	20	18	26	11	24	29	24	5	14	14	12
g01966	GENE0394	164	147	197	217	169	153	155	176	173	166	170	175	171	136	156	153
g01967	GENE0394	10	20	12	0	17	22	12	9	14	23	16	2	20	10	17	11
g01968	GENE0394	47	39	31	61	35	52	40	54	48	43	59	60	56	43	47	76
g01969	GENE0394	52	38	52	60	33	13	23	41	42	38	39	31	56	58	67	59
g01970	GENE0394	123	111	130	143	121	131	134	99	106	122	105	91	76	95	85	106
g01971	GENE0395	148	174	168	201	154	163	137	117	164	247	209	125	153	173	178	161
g01972	GENE0395	61	68	75	63	70	92	61	65	61	55	71	105	67	134	68	78
g01973	GENE0395	185	191	194	184	194	187	191	187	201	150	188	170	197	191	153	175
g01974	GENE0395	58	68	38	65	66	66	66	35	45	33	45	55	60	47	43	37
g01975	GENE0395	85	107	89	59	63	95	45	57	54	30	34	56	51	40	52	63
g01976	GENE0396	22	32	27	13	43	36	34	40	41	57	32	42	35	43	35	29
g01977	GENE0396	48	73	58	23	41	33	43	26	33	68	41	35	58	87	55	26
g01978	GENE0396	71	92	42	24	76	137	89	73	91	89	106	73	85	92	67	49
g01979	GENE0396	59	56	42	23	59	61	68	59	32	50	35	21	50	20	47	38
g01980	GENE0396	145	203	115	65	129	126	131	82	88	133	84	52	117	135	103	52
g01981	GENE0397	4	3	12	14	6	12	6	8	10	5	19	14	18	12	14	24
g01982	GENE0397	45	49	58	68	61	32	61	63	68	58	66	108	93	40	80	114
g01983	GENE0397	103	117	123	116	91	60	81	112	69	92	84	77	111	111	117	134
g01984	GENE0397	48	55	56	60	75	75	78	74	79	83	63	58	80	74	80	53
g01985	GENE0397	27	20	27	25	55	41	46	51	38	26	38	24	32	22	33	36
g01986	GENE0398	39	53	46	36	52	60	27	30	24	17	32	43	30	38	34	31
g01987	GENE0398	15	2	15	50	8	26	9	11	23	18	19	23	16	24	18	0
g01988	GENE0398	18	14	17	7	13	16	14	16	14	14	12	16	13	15	14	9
g01989	GENE0398	91	105	67	50	90	70	73	85	64	89	73	43	66	55	59	51
g01990	GENE0398	56	71	51	34	61	59	52	88	50	50	42	73	54	45	51	82
g01991	GENE0399	29	39	29	29	37	39	30	14	34	57	40	21	41	32	41	30
g01992	GENE0399	67	101	84	68	86	80	73	86	60	67	69	57	69	55	67	52
g01993	GENE0399	50	62	53	38	37	69	37	45	47	23	67	52	28	16	31	48
g01994	GENE0399	105	143	82	48	94	124	108	84	70	44	65	88	93	84	102	104
g01995	GENE0399	27	26	26	25	18	14	30	22	20	30	25	4	22	31	19	18
g01996	GENE0400	26	22	14	36	29	21	27	31	21	11	17	22	19	15	8	7
g01997	GENE0400	154	108	162	190	165	144	170	208	218	206	210	245	170	101	168	227
g01998	GENE0400	26	7	29	33	21	3	16	16	22	0	18	53	19	20	11	7
g01999	GENE0400	32	22	37	26	50	22	54	59	44	39	55	36	52	55	48	46
g02000	GENE0400	41	15	44	112	46	46	44	64	70	43	63	77	59	42	60	85
