guide	barcode_id	gene	gene_id	class	behavior	knockdown	theoretical_phenotype	library_frequency
g00001	1	GENE0001	1	increasing	linear	1.0	0.11509949233959721	0.0005312265832291426
g00002	2	GENE0001	1	increasing	linear	1.0	0.11509949233959721	0.000623136977598881
g00003	3	GENE0001	1	increasing	linear	0.13333189693437753	0.01534643364982235	0.0008511710871874886
g00004	4	GENE0001	1	increasing	linear	1.0	0.11509949233959721	0.0001857010460110948
g00005	5	GENE0001	1	increasing	linear	1.0	0.11509949233959721	0.0015173974377169438
g00006	6	GENE0002	2	inactive	linear	1.0	0.0	0.0006614860771093778
g00007	7	GENE0002	2	inactive	linear	1.0	0.0	0.000268088201030534
g00008	8	GENE0002	2	inactive	linear	1.0	0.0	0.0006870464055850993
g00009	9	GENE0002	2	inactive	linear	1.0	0.0	0.00026935385641045645
g00010	10	GENE0002	2	inactive	linear	0.08971257689105452	0.0	0.0005175014887323038
g00011	11	GENE0003	3	inactive	linear	1.0	0.0	0.00045957111080610846
g00012	12	GENE0003	3	inactive	linear	0.016596863858396406	0.0	0.0003951316745892437
g00013	13	GENE0003	3	inactive	linear	1.0	0.0	0.0002701597388524105
g00014	14	GENE0003	3	inactive	linear	0.04852002874681787	0.0	8.291229321740567e-5
g00015	15	GENE0003	3	inactive	linear	1.0	0.0	0.0004559981886182771
g00016	16	GENE0004	4	inactive	sigmoidal	1.0	0.0	0.0002564968417780783
g00017	17	GENE0004	4	inactive	sigmoidal	1.0	0.0	0.00021061520872923804
g00018	18	GENE0004	4	inactive	sigmoidal	1.0	0.0	0.0001596721788069572
g00019	19	GENE0004	4	inactive	sigmoidal	0.046771653398369445	0.0	0.0009459986847043669
g00020	20	GENE0004	4	inactive	sigmoidal	1.0	0.0	0.0003064983507053045
g00021	21	GENE0005	5	negcontrol	linear	1.0	0.0	0.0008377669700505365
g00022	22	GENE0005	5	negcontrol	linear	1.0	0.0	0.0005957962580194692
g00023	23	GENE0005	5	negcontrol	linear	1.0	0.0	0.0005003158434018823
g00024	24	GENE0005	5	negcontrol	linear	1.0	0.0	0.00021585505321741906
g00025	25	GENE0005	5	negcontrol	linear	1.0	0.0	0.0007780873428372682
g00026	26	GENE0006	6	inactive	linear	0.09356594209430025	0.0	0.0005367052644669189
g00027	27	GENE0006	6	inactive	linear	0.044813502002041705	0.0	0.0006477716693206225
g00028	28	GENE0006	6	inactive	linear	1.0	0.0	0.0002803481888846122
g00029	29	GENE0006	6	inactive	linear	1.0	0.0	0.00036336209128879087
g00030	30	GENE0006	6	inactive	linear	1.0	0.0	0.0004417871101362842
g00031	31	GENE0007	7	inactive	sigmoidal	1.0	0.0	0.0002473689117058496
g00032	32	GENE0007	7	inactive	sigmoidal	1.0	0.0	0.0009266382543647149
g00033	33	GENE0007	7	inactive	sigmoidal	1.0	0.0	0.0002454803394340185
g00034	34	GENE0007	7	inactive	sigmoidal	1.0	0.0	0.0002084926817415392
g00035	35	GENE0007	7	inactive	sigmoidal	1.0	0.0	0.0012518884064912166
g00036	36	GENE0008	8	inactive	linear	1.0	0.0	0.0002139369638998679
g00037	37	GENE0008	8	inactive	linear	0.09199096030364322	0.0	0.0004912922204749867
g00038	38	GENE0008	8	inactive	linear	1.0	0.0	0.00028444320506465466
g00039	39	GENE0008	8	inactive	linear	1.0	0.0	0.00154990488731058
g00040	40	GENE0008	8	inactive	linear	1.0	0.0	0.00013628920788873967
g00041	41	GENE0009	9	inactive	linear	1.0	0.0	6.860078114849032e-5
g00042	42	GENE0009	9	inactive	linear	1.0	0.0	0.0002599705427070252
g00043	43	GENE0009	9	inactive	linear	1.0	0.0	0.0003263821020584816
g00044	44	GENE0009	9	inactive	linear	1.0	0.0	0.00037314390941078695
g00045	45	GENE0009	9	inactive	linear	1.0	0.0	0.0005319838357989683
g00046	46	GENE0010	10	inactive	linear	1.0	0.0	0.0002992934397604105
g00047	47	GENE0010	10	inactive	linear	0.06333312989713888	0.0	0.00017891008554655414
g00048	48	GENE0010	10	inactive	linear	1.0	0.0	0.00038673116757875146
g00049	49	GENE0010	10	inactive	linear	1.0	0.0	0.00044871266371220665
g00050	50	GENE0010	10	inactive	linear	1.0	0.0	0.00021644459502974365
g00051	51	GENE0011	11	inactive	linear	1.0	0.0	0.0001859916568133379
g00052	52	GENE0011	11	inactive	linear	1.0	0.0	0.00041626920559016667
g00053	53	GENE0011	11	inactive	linear	1.0	0.0	0.0008017932366697413
g00054	54	GENE0011	11	inactive	linear	1.0	0.0	0.0002922487557403606
g00055	55	GENE0011	11	inactive	linear	1.0	0.0	0.0003427799129202717
g00056	56	GENE0012	12	inactive	linear	1.0	0.0	0.0005206413492844751
g00057	57	GENE0012	12	inactive	linear	1.0	0.0	0.0014497937399779804
g00058	58	GENE0012	12	inactive	linear	1.0	0.0	0.0007468591677937584
g00059	59	GENE0012	12	inactive	linear	1.0	0.0	0.00044686321001707207
g00060	60	GENE0012	12	inactive	linear	1.0	0.0	0.0003738353026358538
g00061	61	GENE0013	13	increasing	sigmoidal	1.0	0.7663589551059186	0.0005666696662041404
g00062	62	GENE0013	13	increasing	sigmoidal	1.0	0.7663589551059186	0.000599368175702821
g00063	63	GENE0013	13	increasing	sigmoidal	1.0	0.7663589551059186	0.0006185558452461151
g00064	64	GENE0013	13	increasing	sigmoidal	1.0	0.7663589551059186	0.00029076387447538087
g00065	65	GENE0013	13	increasing	sigmoidal	1.0	0.7663589551059186	0.00029383434188236804
g00066	66	GENE0014	14	inactive	linear	1.0	0.0	0.00029489830421797577
g00067	67	GENE0014	14	inactive	linear	1.0	0.0	0.0006230446802316246
g00068	68	GENE0014	14	inactive	linear	1.0	0.0	0.00019859932250879743
g00069	69	GENE0014	14	inactive	linear	1.0	0.0	0.0003035988840708856
g00070	70	GENE0014	14	inactive	linear	1.0	0.0	0.00021770449646759229
g00071	71	GENE0015	15	inactive	linear	0.009744336448684936	0.0	0.0006668499982772223
g00072	72	GENE0015	15	inactive	linear	1.0	0.0	0.0001863413874288805
g00073	73	GENE0015	15	inactive	linear	1.0	0.0	0.0001085864429984952
g00074	74	GENE0015	15	inactive	linear	1.0	0.0	0.0005805948120435687
g00075	75	GENE0015	15	inactive	linear	1.0	0.0	0.00013784250341277438
g00076	76	GENE0016	16	increasing	sigmoidal	0.0893774454325641	0.0	0.00042007280001351004
g00077	77	GENE0016	16	increasing	sigmoidal	1.0	0.7902645527089208	0.00043741061226518083
g00078	78	GENE0016	16	increasing	sigmoidal	1.0	0.7902645527089208	0.00031210847008463996
g00079	79	GENE0016	16	increasing	sigmoidal	1.0	0.7902645527089208	0.0003892896599810777
g00080	80	GENE0016	16	increasing	sigmoidal	1.0	0.7902645527089208	0.00021031210248685195
g00081	81	GENE0017	17	decreasing	linear	1.0	-0.37021846531264735	0.0007629109126361837
g00082	82	GENE0017	17	decreasing	linear	1.0	-0.37021846531264735	0.00016835717329477024
g00083	83	GENE0017	17	decreasing	linear	1.0	-0.37021846531264735	0.0003470681187638307
g00084	84	GENE0017	17	decreasing	linear	1.0	-0.37021846531264735	0.00037267800045458427
g00085	85	GENE0017	17	decreasing	linear	0.07817017690706463	-0.02894004292775161	0.0005814239990576187
g00086	86	GENE0018	18	decreasing	linear	1.0	-0.42825323185676184	0.00024161377226089795
g00087	87	GENE0018	18	decreasing	linear	1.0	-0.42825323185676184	0.0005219250586341775
g00088	88	GENE0018	18	decreasing	linear	1.0	-0.42825323185676184	0.0002784293226999903
g00089	89	GENE0018	18	decreasing	linear	1.0	-0.42825323185676184	0.00030641740195230826
g00090	90	GENE0018	18	decreasing	linear	1.0	-0.42825323185676184	0.0006950743972583165
g00091	91	GENE0019	19	decreasing	linear	1.0	-0.47664659141040383	0.00024386290055532778
g00092	92	GENE0019	19	decreasing	linear	0.014619772137679371	-0.006968464556621665	0.00013397101441392555
g00093	93	GENE0019	19	decreasing	linear	1.0	-0.47664659141040383	0.0003644486343597379
g00094	94	GENE0019	19	decreasing	linear	1.0	-0.47664659141040383	8.405741626452285e-5
g00095	95	GENE0019	19	decreasing	linear	1.0	-0.47664659141040383	0.00014362295403455702
g00096	96	GENE0020	20	inactive	linear	1.0	0.0	0.0007852474331980107
g00097	97	GENE0020	20	inactive	linear	1.0	0.0	0.0006964862433435823
g00098	98	GENE0020	20	inactive	linear	1.0	0.0	0.0003062681659292866
g00099	99	GENE0020	20	inactive	linear	1.0	0.0	0.00047152171808346696
g00100	100	GENE0020	20	inactive	linear	1.0	0.0	0.0005719877799915935
g00101	101	GENE0021	21	inactive	sigmoidal	1.0	0.0	0.0005412340638139609
g00102	102	GENE0021	21	inactive	sigmoidal	1.0	0.0	0.0004909050125983217
g00103	103	GENE0021	21	inactive	sigmoidal	1.0	0.0	0.0001147674423781108
g00104	104	GENE0021	21	inactive	sigmoidal	0.10408262244347	0.0	0.0018454421080586398
g00105	105	GENE0021	21	inactive	sigmoidal	1.0	0.0	0.00022526281769216842
g00106	106	GENE0022	22	inactive	linear	1.0	0.0	0.00347519650509551
g00107	107	GENE0022	22	inactive	linear	1.0	0.0	0.0001900291136789787
g00108	108	GENE0022	22	inactive	linear	1.0	0.0	0.0002740131843509141
g00109	109	GENE0022	22	inactive	linear	1.0	0.0	0.0010938932581280526
g00110	110	GENE0022	22	inactive	linear	1.0	0.0	0.0004625156194156221
g00111	111	GENE0023	23	negcontrol	linear	1.0	0.0	0.00017675767705893004
g00112	112	GENE0023	23	negcontrol	linear	1.0	0.0	0.0002593818131767848
g00113	113	GENE0023	23	negcontrol	linear	1.0	0.0	0.0002603208414946668
g00114	114	GENE0023	23	negcontrol	linear	1.0	0.0	0.0007076345413508102
g00115	115	GENE0023	23	negcontrol	linear	1.0	0.0	0.0003919476747143868
g00116	116	GENE0024	24	inactive	linear	1.0	0.0	0.0006693987880016364
g00117	117	GENE0024	24	inactive	linear	1.0	0.0	0.00040718961054265156
g00118	118	GENE0024	24	inactive	linear	1.0	0.0	0.00044133555525364444
g00119	119	GENE0024	24	inactive	linear	1.0	0.0	0.0004141833678597585
g00120	120	GENE0024	24	inactive	linear	1.0	0.0	6.92555951827198e-5
g00121	121	GENE0025	25	negcontrol	sigmoidal	1.0	0.0	0.0005816237581882837
g00122	122	GENE0025	25	negcontrol	sigmoidal	1.0	0.0	0.00021260056469819618
g00123	123	GENE0025	25	negcontrol	sigmoidal	1.0	0.0	9.865728748115633e-5
g00124	124	GENE0025	25	negcontrol	sigmoidal	1.0	0.0	0.00014410395001890352
g00125	125	GENE0025	25	negcontrol	sigmoidal	1.0	0.0	0.00038236843044152813
g00126	126	GENE0026	26	inactive	linear	1.0	0.0	0.0005118466439956671
g00127	127	GENE0026	26	inactive	linear	1.0	0.0	7.393539592133379e-5
g00128	128	GENE0026	26	inactive	linear	1.0	0.0	0.001562463851185633
g00129	129	GENE0026	26	inactive	linear	1.0	0.0	0.0001725465504091066
g00130	130	GENE0026	26	inactive	linear	1.0	0.0	0.0006147959654178794
g00131	131	GENE0027	27	inactive	linear	0.044568466034200505	0.0	8.388591060509557e-5
g00132	132	GENE0027	27	inactive	linear	0.04599188275643982	0.0	0.0006379129902321316
g00133	133	GENE0027	27	inactive	linear	0.06993909450438603	0.0	0.0007025012319155327
g00134	134	GENE0027	27	inactive	linear	1.0	0.0	0.0002562277690119683
g00135	135	GENE0027	27	inactive	linear	1.0	0.0	0.0006631216140368546
g00136	136	GENE0028	28	inactive	linear	1.0	0.0	0.0003516265587099695
g00137	137	GENE0028	28	inactive	linear	1.0	0.0	0.00015443802332296768
g00138	138	GENE0028	28	inactive	linear	1.0	0.0	0.0011785659623642798
g00139	139	GENE0028	28	inactive	linear	1.0	0.0	0.00034919882085505103
g00140	140	GENE0028	28	inactive	linear	0.11134003527092715	0.0	0.00045737005302492166
g00141	141	GENE0029	29	inactive	linear	1.0	0.0	0.00041475731020884464
g00142	142	GENE0029	29	inactive	linear	1.0	0.0	0.0004047642669879676
g00143	143	GENE0029	29	inactive	linear	1.0	0.0	0.0005380015889867109
g00144	144	GENE0029	29	inactive	linear	0.09108549259611892	0.0	0.0005331289210439607
g00145	145	GENE0029	29	inactive	linear	1.0	0.0	0.0003763831821805999
g00146	146	GENE0030	30	inactive	linear	1.0	0.0	0.00016556916303901118
g00147	147	GENE0030	30	inactive	linear	0.06652393354398424	0.0	0.0001686712043090506
g00148	148	GENE0030	30	inactive	linear	1.0	0.0	0.00019800796074092734
g00149	149	GENE0030	30	inactive	linear	1.0	0.0	0.0005308875586955107
g00150	150	GENE0030	30	inactive	linear	1.0	0.0	0.00013045592935389798
g00151	151	GENE0031	31	decreasing	sigmoidal	1.0	-0.8069093205350519	0.00037861155568603744
g00152	152	GENE0031	31	decreasing	sigmoidal	1.0	-0.8069093205350519	0.0006290869543068763
g00153	153	GENE0031	31	decreasing	sigmoidal	1.0	-0.8069093205350519	0.0015589004743743469
g00154	154	GENE0031	31	decreasing	sigmoidal	1.0	-0.8069093205350519	0.00028418109212199525
g00155	155	GENE0031	31	decreasing	sigmoidal	1.0	-0.8069093205350519	0.00013816215388101104
g00156	156	GENE0032	32	decreasing	linear	1.0	-0.619781475626329	0.0002736273275213583
g00157	157	GENE0032	32	decreasing	linear	1.0	-0.619781475626329	0.0006217311627389432
g00158	158	GENE0032	32	decreasing	linear	1.0	-0.619781475626329	0.0003383757048091239
g00159	159	GENE0032	32	decreasing	linear	0.05285399693512101	-0.03275792821319877	0.00037092685333031173
g00160	160	GENE0032	32	decreasing	linear	1.0	-0.619781475626329	0.0003949221140973304
g00161	161	GENE0033	33	inactive	sigmoidal	1.0	0.0	0.0002902372252923971
g00162	162	GENE0033	33	inactive	sigmoidal	1.0	0.0	0.0002661116529550673
g00163	163	GENE0033	33	inactive	sigmoidal	1.0	0.0	0.0007528897972462985
g00164	164	GENE0033	33	inactive	sigmoidal	1.0	0.0	0.00042100104551619927
g00165	165	GENE0033	33	inactive	sigmoidal	1.0	0.0	0.0008858653765901181
g00166	166	GENE0034	34	increasing	linear	1.0	0.33625448301613126	0.00026857543772957113
g00167	167	GENE0034	34	increasing	linear	1.0	0.33625448301613126	0.00031689669463947414
g00168	168	GENE0034	34	increasing	linear	1.0	0.33625448301613126	0.00020629723198174746
g00169	169	GENE0034	34	increasing	linear	1.0	0.33625448301613126	0.0006192427100766556
g00170	170	GENE0034	34	increasing	linear	1.0	0.33625448301613126	0.0002660446036646075
g00171	171	GENE0035	35	inactive	linear	1.0	0.0	0.00015018162334825728
g00172	172	GENE0035	35	inactive	linear	1.0	0.0	0.001837335417187878
g00173	173	GENE0035	35	inactive	linear	1.0	0.0	0.0006513486057203219
g00174	174	GENE0035	35	inactive	linear	1.0	0.0	0.00033211348930284454
g00175	175	GENE0035	35	inactive	linear	1.0	0.0	0.00020564176448215106
g00176	176	GENE0036	36	inactive	linear	1.0	0.0	0.0013085268974351244
g00177	177	GENE0036	36	inactive	linear	1.0	0.0	0.0008734170848011198
g00178	178	GENE0036	36	inactive	linear	1.0	0.0	0.00020709407498761457
g00179	179	GENE0036	36	inactive	linear	1.0	0.0	0.0005169791798604245
g00180	180	GENE0036	36	inactive	linear	1.0	0.0	0.0004217420494288678
g00181	181	GENE0037	37	inactive	linear	0.09401239165697439	0.0	0.00048089287267727416
g00182	182	GENE0037	37	inactive	linear	1.0	0.0	0.000403776479396105
g00183	183	GENE0037	37	inactive	linear	1.0	0.0	0.0010350610485268148
g00184	184	GENE0037	37	inactive	linear	0.001283734775577694	0.0	0.000734687097103933
g00185	185	GENE0037	37	inactive	linear	1.0	0.0	0.00021360076827151193
g00186	186	GENE0038	38	inactive	linear	1.0	0.0	0.0004472674753051607
g00187	187	GENE0038	38	inactive	linear	1.0	0.0	0.0001738128947677276
g00188	188	GENE0038	38	inactive	linear	1.0	0.0	0.000478528733110716
g00189	189	GENE0038	38	inactive	linear	1.0	0.0	0.00038145091287473455
g00190	190	GENE0038	38	inactive	linear	1.0	0.0	0.0002957291755243871
g00191	191	GENE0039	39	inactive	sigmoidal	1.0	0.0	0.0001851605721124259
g00192	192	GENE0039	39	inactive	sigmoidal	1.0	0.0	0.00026112934849157975
g00193	193	GENE0039	39	inactive	sigmoidal	1.0	0.0	0.0005868189788449096
g00194	194	GENE0039	39	inactive	sigmoidal	1.0	0.0	0.00022928416394622135
g00195	195	GENE0039	39	inactive	sigmoidal	1.0	0.0	0.0005799041448963789
g00196	196	GENE0040	40	inactive	linear	1.0	0.0	0.0004012961105441281
g00197	197	GENE0040	40	inactive	linear	1.0	0.0	0.0007417375248696406
g00198	198	GENE0040	40	inactive	linear	0.1294545437410839	0.0	0.00012283780638186034
g00199	199	GENE0040	40	inactive	linear	1.0	0.0	0.0002878510632990812
g00200	200	GENE0040	40	inactive	linear	1.0	0.0	0.000621252265954372
g00201	201	GENE0041	41	inactive	linear	1.0	0.0	0.0019646868419141653
g00202	202	GENE0041	41	inactive	linear	1.0	0.0	0.00035674516195902166
g00203	203	GENE0041	41	inactive	linear	1.0	0.0	0.0008678978277803618
g00204	204	GENE0041	41	inactive	linear	1.0	0.0	0.00033362876548870306
g00205	205	GENE0041	41	inactive	linear	1.0	0.0	9.726102935250864e-5
g00206	206	GENE0042	42	decreasing	linear	1.0	-0.2955448382281826	0.00040557049742979734
g00207	207	GENE0042	42	decreasing	linear	1.0	-0.2955448382281826	0.00037326443665392845
g00208	208	GENE0042	42	decreasing	linear	1.0	-0.2955448382281826	0.0006839349769558808
g00209	209	GENE0042	42	decreasing	linear	1.0	-0.2955448382281826	0.0003763627389688591
g00210	210	GENE0042	42	decreasing	linear	1.0	-0.2955448382281826	0.0009589900014627142
g00211	211	GENE0043	43	increasing	sigmoidal	1.0	0.7252212894892126	0.0003718493731706431
g00212	212	GENE0043	43	increasing	sigmoidal	1.0	0.7252212894892126	0.00030731680092941456
g00213	213	GENE0043	43	increasing	sigmoidal	1.0	0.7252212894892126	0.00017814826469529337
g00214	214	GENE0043	43	increasing	sigmoidal	1.0	0.7252212894892126	0.0003331287990858186
g00215	215	GENE0043	43	increasing	sigmoidal	1.0	0.7252212894892126	0.0005430742872866278
g00216	216	GENE0044	44	inactive	linear	1.0	0.0	0.0006620741363816477
g00217	217	GENE0044	44	inactive	linear	1.0	0.0	0.0014068637508422852
g00218	218	GENE0044	44	inactive	linear	1.0	0.0	0.00025741934779119515
g00219	219	GENE0044	44	inactive	linear	1.0	0.0	0.0001283378321541024
g00220	220	GENE0044	44	inactive	linear	1.0	0.0	0.00022183642427357718
g00221	221	GENE0045	45	inactive	linear	1.0	0.0	0.00024166048765454203
g00222	222	GENE0045	45	inactive	linear	1.0	0.0	0.0008550387795758143
g00223	223	GENE0045	45	inactive	linear	1.0	0.0	0.000473627690316565
g00224	224	GENE0045	45	inactive	linear	1.0	0.0	0.00038245753183384714
g00225	225	GENE0045	45	inactive	linear	1.0	0.0	0.0004093699035885497
g00226	226	GENE0046	46	inactive	linear	1.0	0.0	0.0002748306151937173
g00227	227	GENE0046	46	inactive	linear	1.0	0.0	0.0005094738890099961
g00228	228	GENE0046	46	inactive	linear	1.0	0.0	0.00016766854342212064
g00229	229	GENE0046	46	inactive	linear	1.0	0.0	0.000489213100822668
g00230	230	GENE0046	46	inactive	linear	1.0	0.0	0.0003779939429061127
g00231	231	GENE0047	47	inactive	sigmoidal	1.0	0.0	0.00024754474680182485
g00232	232	GENE0047	47	inactive	sigmoidal	1.0	0.0	0.00016469263673152937
g00233	233	GENE0047	47	inactive	sigmoidal	1.0	0.0	0.00035949531920886354
g00234	234	GENE0047	47	inactive	sigmoidal	1.0	0.0	0.0007300815657355574
g00235	235	GENE0047	47	inactive	sigmoidal	1.0	0.0	0.00105683208310418
g00236	236	GENE0048	48	inactive	sigmoidal	1.0	0.0	0.0003309100317446222
g00237	237	GENE0048	48	inactive	sigmoidal	0.0010826255972827409	0.0	0.00042348336131869626
g00238	238	GENE0048	48	inactive	sigmoidal	1.0	0.0	0.0005830520981861939
g00239	239	GENE0048	48	inactive	sigmoidal	0.1154848854120149	0.0	0.00022303526706716697
g00240	240	GENE0048	48	inactive	sigmoidal	1.0	0.0	0.002766974376499063
g00241	241	GENE0049	49	inactive	sigmoidal	1.0	0.0	0.00022022621056523678
g00242	242	GENE0049	49	inactive	sigmoidal	1.0	0.0	0.001262912680339566
g00243	243	GENE0049	49	inactive	sigmoidal	0.1190479950191963	0.0	0.00014227427411358002
g00244	244	GENE0049	49	inactive	sigmoidal	0.2242175526464078	0.0	0.0003999886796573882
g00245	245	GENE0049	49	inactive	sigmoidal	1.0	0.0	8.3787219195325e-5
g00246	246	GENE0050	50	inactive	linear	1.0	0.0	0.0005430018895940738
g00247	247	GENE0050	50	inactive	linear	1.0	0.0	0.0004230417227028571
g00248	248	GENE0050	50	inactive	linear	1.0	0.0	0.000985246139624003
g00249	249	GENE0050	50	inactive	linear	1.0	0.0	0.00033341477232251007
g00250	250	GENE0050	50	inactive	linear	1.0	0.0	0.000686342257600478
g00251	251	GENE0051	51	inactive	linear	1.0	0.0	0.00024985983686004465
g00252	252	GENE0051	51	inactive	linear	1.0	0.0	0.00029924791996060595
g00253	253	GENE0051	51	inactive	linear	1.0	0.0	0.0003048928066508541
g00254	254	GENE0051	51	inactive	linear	1.0	0.0	0.0005097521730175069
g00255	255	GENE0051	51	inactive	linear	1.0	0.0	0.0003037797012367344
g00256	256	GENE0052	52	inactive	linear	0.032437728980117694	0.0	0.00023386589803991715
g00257	257	GENE0052	52	inactive	linear	1.0	0.0	0.0001694039176132089
g00258	258	GENE0052	52	inactive	linear	1.0	0.0	0.0006991224964343713
g00259	259	GENE0052	52	inactive	linear	0.10816209255373531	0.0	0.0003693420426427502
g00260	260	GENE0052	52	inactive	linear	1.0	0.0	0.00028383605641481643
g00261	261	GENE0053	53	inactive	linear	1.0	0.0	0.0003230205917241115
g00262	262	GENE0053	53	inactive	linear	1.0	0.0	0.000363565918728935
g00263	263	GENE0053	53	inactive	linear	1.0	0.0	0.0003937938954421587
g00264	264	GENE0053	53	inactive	linear	1.0	0.0	0.0003371776812920808
g00265	265	GENE0053	53	inactive	linear	1.0	0.0	0.000347199377478397
g00266	266	GENE0054	54	inactive	linear	1.0	0.0	0.00016730398971296807
g00267	267	GENE0054	54	inactive	linear	1.0	0.0	0.00012304689666684586
g00268	268	GENE0054	54	inactive	linear	1.0	0.0	0.0008037616593170255
g00269	269	GENE0054	54	inactive	linear	1.0	0.0	0.00020902640922084735
g00270	270	GENE0054	54	inactive	linear	1.0	0.0	0.00012378105036466616
g00271	271	GENE0055	55	negcontrol	linear	1.0	0.0	0.00018129019037621633
g00272	272	GENE0055	55	negcontrol	linear	1.0	0.0	0.00021044812819804212
g00273	273	GENE0055	55	negcontrol	linear	1.0	0.0	0.000665100651978999
g00274	274	GENE0055	55	negcontrol	linear	1.0	0.0	0.00017269309612006733
g00275	275	GENE0055	55	negcontrol	linear	1.0	0.0	0.00010496592357807374
g00276	276	GENE0056	56	inactive	linear	1.0	0.0	0.00017361676365690494
g00277	277	GENE0056	56	inactive	linear	1.0	0.0	0.00030890932318913665
g00278	278	GENE0056	56	inactive	linear	1.0	0.0	0.0006266594403493249
g00279	279	GENE0056	56	inactive	linear	1.0	0.0	0.0007952380559165185
g00280	280	GENE0056	56	inactive	linear	0.04202690373512129	0.0	0.0002659930762739799
g00281	281	GENE0057	57	inactive	linear	1.0	0.0	0.00027849073304368315
g00282	282	GENE0057	57	inactive	linear	1.0	0.0	0.00017123055047358132
g00283	283	GENE0057	57	inactive	linear	1.0	0.0	0.0006344312359235118
g00284	284	GENE0057	57	inactive	linear	1.0	0.0	0.0004863326106014814
g00285	285	GENE0057	57	inactive	linear	1.0	0.0	0.0007447349767173186
g00286	286	GENE0058	58	inactive	linear	1.0	0.0	0.0006715520853921969
g00287	287	GENE0058	58	inactive	linear	1.0	0.0	0.00017457566041639432
g00288	288	GENE0058	58	inactive	linear	1.0	0.0	0.00027329692854348436
g00289	289	GENE0058	58	inactive	linear	1.0	0.0	0.0002227882076800715
g00290	290	GENE0058	58	inactive	linear	1.0	0.0	0.000673186700065415
g00291	291	GENE0059	59	inactive	linear	1.0	0.0	0.00021862067203169428
g00292	292	GENE0059	59	inactive	linear	0.05699801435828586	0.0	0.0004376924773636506
g00293	293	GENE0059	59	inactive	linear	0.18952617944319683	0.0	0.0006566547023488891
g00294	294	GENE0059	59	inactive	linear	1.0	0.0	0.0004079039627682172
g00295	295	GENE0059	59	inactive	linear	1.0	0.0	0.0012872738585118916
g00296	296	GENE0060	60	inactive	linear	1.0	0.0	0.00032413007918992973
g00297	297	GENE0060	60	inactive	linear	1.0	0.0	0.001217341951400039
g00298	298	GENE0060	60	inactive	linear	1.0	0.0	0.0005680342981022314
g00299	299	GENE0060	60	inactive	linear	1.0	0.0	0.00016823207027247963
g00300	300	GENE0060	60	inactive	linear	1.0	0.0	0.0004239580145793825
g00301	301	GENE0061	61	inactive	sigmoidal	1.0	0.0	0.00032477162689036575
g00302	302	GENE0061	61	inactive	sigmoidal	1.0	0.0	0.0007284017120488053
g00303	303	GENE0061	61	inactive	sigmoidal	0.021121699294264835	0.0	0.0008966270662180211
g00304	304	GENE0061	61	inactive	sigmoidal	1.0	0.0	0.00043388948331273713
g00305	305	GENE0061	61	inactive	sigmoidal	1.0	0.0	0.00023251839843058743
g00306	306	GENE0062	62	inactive	linear	1.0	0.0	0.0011687702606200208
g00307	307	GENE0062	62	inactive	linear	1.0	0.0	0.0006711825140651863
g00308	308	GENE0062	62	inactive	linear	1.0	0.0	0.0007739901404549132
g00309	309	GENE0062	62	inactive	linear	1.0	0.0	0.0009709301503515836
g00310	310	GENE0062	62	inactive	linear	1.0	0.0	0.0004397209617596768
g00311	311	GENE0063	63	increasing	linear	1.0	0.561593712928549	0.00016041429388090597
g00312	312	GENE0063	63	increasing	linear	1.0	0.561593712928549	0.0005011010337609411
g00313	313	GENE0063	63	increasing	linear	1.0	0.561593712928549	0.00047012560677915205
g00314	314	GENE0063	63	increasing	linear	1.0	0.561593712928549	0.0003715115567690645
g00315	315	GENE0063	63	increasing	linear	1.0	0.561593712928549	5.425561653080678e-5
g00316	316	GENE0064	64	decreasing	linear	1.0	-0.8374319960779519	0.0009374797210635684
g00317	317	GENE0064	64	decreasing	linear	1.0	-0.8374319960779519	0.0003718866089714216
g00318	318	GENE0064	64	decreasing	linear	1.0	-0.8374319960779519	0.00042326371899956616
g00319	319	GENE0064	64	decreasing	linear	0.10585055066877593	-0.08864263793250342	0.00023480496110760813
g00320	320	GENE0064	64	decreasing	linear	1.0	-0.8374319960779519	0.00039985781632027395
g00321	321	GENE0065	65	inactive	sigmoidal	1.0	0.0	0.00017085037063400743
g00322	322	GENE0065	65	inactive	sigmoidal	1.0	0.0	0.002289798340065633
g00323	323	GENE0065	65	inactive	sigmoidal	1.0	0.0	0.00022442936481777275
g00324	324	GENE0065	65	inactive	sigmoidal	1.0	0.0	0.00015369468921341373
g00325	325	GENE0065	65	inactive	sigmoidal	1.0	0.0	0.0001446044777823363
g00326	326	GENE0066	66	inactive	sigmoidal	1.0	0.0	0.0002006823485523742
g00327	327	GENE0066	66	inactive	sigmoidal	1.0	0.0	0.0004900691267972801
g00328	328	GENE0066	66	inactive	sigmoidal	1.0	0.0	9.610083285633707e-5
g00329	329	GENE0066	66	inactive	sigmoidal	1.0	0.0	0.00017678262322861447
g00330	330	GENE0066	66	inactive	sigmoidal	1.0	0.0	0.00027898333852159027
g00331	331	GENE0067	67	inactive	linear	1.0	0.0	0.0004057112675275474
g00332	332	GENE0067	67	inactive	linear	1.0	0.0	0.0005484357712189252
g00333	333	GENE0067	67	inactive	linear	1.0	0.0	0.0004977445799799344
g00334	334	GENE0067	67	inactive	linear	1.0	0.0	0.0008795185405677306
g00335	335	GENE0067	67	inactive	linear	1.0	0.0	0.0006142345714737404
g00336	336	GENE0068	68	inactive	sigmoidal	1.0	0.0	0.0013835695778164462
g00337	337	GENE0068	68	inactive	sigmoidal	1.0	0.0	0.00021100130253150402
g00338	338	GENE0068	68	inactive	sigmoidal	1.0	0.0	0.0007181194731629421
g00339	339	GENE0068	68	inactive	sigmoidal	1.0	0.0	0.0004036808405994786
g00340	340	GENE0068	68	inactive	sigmoidal	0.09061943831879207	0.0	0.00019091854162323947
g00341	341	GENE0069	69	decreasing	linear	1.0	-0.4390545961938238	0.0011537542076023516
g00342	342	GENE0069	69	decreasing	linear	1.0	-0.4390545961938238	0.00011072879332140191
g00343	343	GENE0069	69	decreasing	linear	1.0	-0.4390545961938238	0.0006543867462479089
g00344	344	GENE0069	69	decreasing	linear	1.0	-0.4390545961938238	0.0003060311763129827
g00345	345	GENE0069	69	decreasing	linear	1.0	-0.4390545961938238	0.00013656746012025855
g00346	346	GENE0070	70	inactive	linear	0.11562122224324317	0.0	0.0003694263662421631
g00347	347	GENE0070	70	inactive	linear	1.0	0.0	0.0011774183859355415
g00348	348	GENE0070	70	inactive	linear	1.0	0.0	0.0005398860850096118
g00349	349	GENE0070	70	inactive	linear	1.0	0.0	0.0012965543478477936
g00350	350	GENE0070	70	inactive	linear	1.0	0.0	0.0007911452348851023
g00351	351	GENE0071	71	inactive	sigmoidal	0.053399550437027814	0.0	0.0008253670245854687
g00352	352	GENE0071	71	inactive	sigmoidal	1.0	0.0	0.00019191066290792034
g00353	353	GENE0071	71	inactive	sigmoidal	1.0	0.0	0.000477926748505253
g00354	354	GENE0071	71	inactive	sigmoidal	1.0	0.0	0.0006248235841294652
g00355	355	GENE0071	71	inactive	sigmoidal	1.0	0.0	0.00033040339450755374
g00356	356	GENE0072	72	inactive	linear	1.0	0.0	0.00039386481447212886
g00357	357	GENE0072	72	inactive	linear	1.0	0.0	0.000599602546699964
g00358	358	GENE0072	72	inactive	linear	1.0	0.0	0.0004188436851042742
g00359	359	GENE0072	72	inactive	linear	1.0	0.0	0.0005048145130417096
g00360	360	GENE0072	72	inactive	linear	1.0	0.0	0.00018486240726177651
g00361	361	GENE0073	73	inactive	linear	1.0	0.0	0.00014188199066025867
g00362	362	GENE0073	73	inactive	linear	1.0	0.0	0.0009586148990729301
g00363	363	GENE0073	73	inactive	linear	1.0	0.0	0.0004713160647661895
g00364	364	GENE0073	73	inactive	linear	1.0	0.0	0.0004285897077883337
g00365	365	GENE0073	73	inactive	linear	1.0	0.0	0.0003379141142817534
g00366	366	GENE0074	74	inactive	sigmoidal	1.0	0.0	0.00017140982820288407
g00367	367	GENE0074	74	inactive	sigmoidal	1.0	0.0	0.00023806395031719316
g00368	368	GENE0074	74	inactive	sigmoidal	1.0	0.0	0.00016144140788698207
g00369	369	GENE0074	74	inactive	sigmoidal	1.0	0.0	0.0002283952509843965
g00370	370	GENE0074	74	inactive	sigmoidal	0.0721620654341476	0.0	0.0001063755556087597
g00371	371	GENE0075	75	inactive	linear	1.0	0.0	0.00015750075094111483
g00372	372	GENE0075	75	inactive	linear	1.0	0.0	0.0005290440223252448
g00373	373	GENE0075	75	inactive	linear	1.0	0.0	0.0004713116227596384
g00374	374	GENE0075	75	inactive	linear	1.0	0.0	0.00034418083413134264
g00375	375	GENE0075	75	inactive	linear	1.0	0.0	0.0007166504067712795
g00376	376	GENE0076	76	inactive	linear	1.0	0.0	0.00027062192343135387
g00377	377	GENE0076	76	inactive	linear	1.0	0.0	0.0009385247819345895
g00378	378	GENE0076	76	inactive	linear	1.0	0.0	0.00027070834037824716
g00379	379	GENE0076	76	inactive	linear	1.0	0.0	0.0003537279066715759
g00380	380	GENE0076	76	inactive	linear	1.0	0.0	0.0005744506612498001
g00381	381	GENE0077	77	inactive	linear	1.0	0.0	0.000332899379659267
g00382	382	GENE0077	77	inactive	linear	1.0	0.0	0.00034924082963266103
g00383	383	GENE0077	77	inactive	linear	1.0	0.0	0.0012246182415781614
g00384	384	GENE0077	77	inactive	linear	1.0	0.0	0.0004403688411657239
g00385	385	GENE0077	77	inactive	linear	1.0	0.0	0.00041184868553029624
g00386	386	GENE0078	78	inactive	linear	1.0	0.0	0.001076115091620976
g00387	387	GENE0078	78	inactive	linear	1.0	0.0	0.00040861602465390066
g00388	388	GENE0078	78	inactive	linear	1.0	0.0	0.00029320035456429044
g00389	389	GENE0078	78	inactive	linear	1.0	0.0	0.00047488294999313297
g00390	390	GENE0078	78	inactive	linear	1.0	0.0	0.0006165419242410708
g00391	391	GENE0079	79	inactive	linear	1.0	0.0	0.0002840185784690051
g00392	392	GENE0079	79	inactive	linear	1.0	0.0	0.0004406320768024854
g00393	393	GENE0079	79	inactive	linear	1.0	0.0	0.000352472121952716
g00394	394	GENE0079	79	inactive	linear	1.0	0.0	0.0009382518512163825
g00395	395	GENE0079	79	inactive	linear	1.0	0.0	0.00028446409434434744
g00396	396	GENE0080	80	inactive	linear	1.0	0.0	0.00026846244236077493
g00397	397	GENE0080	80	inactive	linear	1.0	0.0	0.0006987087554422893
g00398	398	GENE0080	80	inactive	linear	1.0	0.0	0.0005735487822025673
g00399	399	GENE0080	80	inactive	linear	1.0	0.0	0.00018438534695094827
g00400	400	GENE0080	80	inactive	linear	1.0	0.0	0.0005684213979011449
g00401	401	GENE0081	81	inactive	sigmoidal	1.0	0.0	0.0001531841670478523
g00402	402	GENE0081	81	inactive	sigmoidal	1.0	0.0	0.00024388189698330124
g00403	403	GENE0081	81	inactive	sigmoidal	1.0	0.0	0.0006358904085433004
g00404	404	GENE0081	81	inactive	sigmoidal	0.10579548059172156	0.0	0.0003272426043478366
g00405	405	GENE0081	81	inactive	sigmoidal	1.0	0.0	0.000268062838353492
g00406	406	GENE0082	82	negcontrol	linear	1.0	0.0	0.00017904983476417594
g00407	407	GENE0082	82	negcontrol	linear	1.0	0.0	0.00012350776116594112
g00408	408	GENE0082	82	negcontrol	linear	0.13336874686004518	0.0	0.00013640583211192362
g00409	409	GENE0082	82	negcontrol	linear	1.0	0.0	0.00015431264390217554
g00410	410	GENE0082	82	negcontrol	linear	1.0	0.0	0.00021289101728827497
g00411	411	GENE0083	83	inactive	sigmoidal	1.0	0.0	0.00033869082447959776
g00412	412	GENE0083	83	inactive	sigmoidal	1.0	0.0	0.0012295180753851063
g00413	413	GENE0083	83	inactive	sigmoidal	1.0	0.0	0.0004222869418041667
g00414	414	GENE0083	83	inactive	sigmoidal	1.0	0.0	0.000736068403025428
g00415	415	GENE0083	83	inactive	sigmoidal	1.0	0.0	0.0007793053635231654
g00416	416	GENE0084	84	inactive	linear	1.0	0.0	0.0010280402644955741
g00417	417	GENE0084	84	inactive	linear	0.1270259922695669	0.0	0.0002883284683672368
g00418	418	GENE0084	84	inactive	linear	1.0	0.0	0.0004140294519388264
g00419	419	GENE0084	84	inactive	linear	1.0	0.0	0.00013720318023540217
g00420	420	GENE0084	84	inactive	linear	1.0	0.0	0.0001673146563037424
g00421	421	GENE0085	85	inactive	linear	1.0	0.0	5.749826134619257e-5
g00422	422	GENE0085	85	inactive	linear	1.0	0.0	0.00034378789942914436
g00423	423	GENE0085	85	inactive	linear	0.014935086028762312	0.0	0.00038987059694042835
g00424	424	GENE0085	85	inactive	linear	1.0	0.0	0.0003225648036020729
g00425	425	GENE0085	85	inactive	linear	1.0	0.0	0.00022918121440696726
g00426	426	GENE0086	86	decreasing	linear	1.0	-0.406523382889895	0.0005916321307967153
g00427	427	GENE0086	86	decreasing	linear	1.0	-0.406523382889895	0.0002653900724153659
g00428	428	GENE0086	86	decreasing	linear	1.0	-0.406523382889895	0.00020321838877547098
g00429	429	GENE0086	86	decreasing	linear	0.040667859255566534	-0.016532435719463032	0.00023293710910189056
g00430	430	GENE0086	86	decreasing	linear	1.0	-0.406523382889895	0.0017247129795910023
g00431	431	GENE0087	87	inactive	linear	1.0	0.0	0.0004435071861264896
g00432	432	GENE0087	87	inactive	linear	1.0	0.0	0.0003167935535146907
g00433	433	GENE0087	87	inactive	linear	1.0	0.0	0.00018147472800419373
g00434	434	GENE0087	87	inactive	linear	1.0	0.0	0.0007417478129593505
g00435	435	GENE0087	87	inactive	linear	1.0	0.0	0.001985481564235045
g00436	436	GENE0088	88	inactive	sigmoidal	1.0	0.0	0.00042479691950807907
g00437	437	GENE0088	88	inactive	sigmoidal	0.09100765112568163	0.0	0.00014439397349380462
g00438	438	GENE0088	88	inactive	sigmoidal	1.0	0.0	0.00014469239401749496
g00439	439	GENE0088	88	inactive	sigmoidal	1.0	0.0	0.00014294592931666456
g00440	440	GENE0088	88	inactive	sigmoidal	1.0	0.0	0.00025795815680118166
g00441	441	GENE0089	89	inactive	sigmoidal	1.0	0.0	0.001631664878924683
g00442	442	GENE0089	89	inactive	sigmoidal	1.0	0.0	0.0006341699754813203
g00443	443	GENE0089	89	inactive	sigmoidal	1.0	0.0	0.0012662772309038602
g00444	444	GENE0089	89	inactive	sigmoidal	1.0	0.0	0.000644019781012827
g00445	445	GENE0089	89	inactive	sigmoidal	1.0	0.0	8.910339246624949e-5
g00446	446	GENE0090	90	inactive	linear	1.0	0.0	0.0012165407097642883
g00447	447	GENE0090	90	inactive	linear	1.0	0.0	0.000248526277331666
g00448	448	GENE0090	90	inactive	linear	1.0	0.0	0.0004520193884923029
g00449	449	GENE0090	90	inactive	linear	1.0	0.0	0.00043139179205029573
g00450	450	GENE0090	90	inactive	linear	1.0	0.0	0.00020074733805790047
g00451	451	GENE0091	91	inactive	sigmoidal	1.0	0.0	0.000694364821424507
g00452	452	GENE0091	91	inactive	sigmoidal	1.0	0.0	0.0001931487247191068
g00453	453	GENE0091	91	inactive	sigmoidal	1.0	0.0	0.00018607953004612254
g00454	454	GENE0091	91	inactive	sigmoidal	1.0	0.0	0.00038346354255123355
g00455	455	GENE0091	91	inactive	sigmoidal	1.0	0.0	0.0006390456516959448
g00456	456	GENE0092	92	negcontrol	linear	1.0	0.0	0.0003024524775151313
g00457	457	GENE0092	92	negcontrol	linear	1.0	0.0	6.364652508012122e-5
g00458	458	GENE0092	92	negcontrol	linear	1.0	0.0	0.00046269419305052146
g00459	459	GENE0092	92	negcontrol	linear	1.0	0.0	0.0003673983148146562
g00460	460	GENE0092	92	negcontrol	linear	1.0	0.0	0.00044696566537612807
g00461	461	GENE0093	93	inactive	linear	1.0	0.0	0.00019853769656673427
g00462	462	GENE0093	93	inactive	linear	0.07408233051611282	0.0	0.0004337015681718093
g00463	463	GENE0093	93	inactive	linear	1.0	0.0	0.0011500090186653239
g00464	464	GENE0093	93	inactive	linear	1.0	0.0	0.00016513685826895534
g00465	465	GENE0093	93	inactive	linear	1.0	0.0	0.0008925837786508558
g00466	466	GENE0094	94	inactive	linear	1.0	0.0	0.0010189817364408174
g00467	467	GENE0094	94	inactive	linear	1.0	0.0	0.00033573634707621217
g00468	468	GENE0094	94	inactive	linear	1.0	0.0	0.0008743916685623097
g00469	469	GENE0094	94	inactive	linear	0.08346860398023442	0.0	0.0016301837112616137
g00470	470	GENE0094	94	inactive	linear	1.0	0.0	0.001004565132886606
g00471	471	GENE0095	95	negcontrol	linear	1.0	0.0	0.0009905503653134134
g00472	472	GENE0095	95	negcontrol	linear	1.0	0.0	0.0002499827950191923
g00473	473	GENE0095	95	negcontrol	linear	1.0	0.0	0.0001241084849991419
g00474	474	GENE0095	95	negcontrol	linear	1.0	0.0	0.00025919226283754453
g00475	475	GENE0095	95	negcontrol	linear	1.0	0.0	0.0005874589982925863
g00476	476	GENE0096	96	inactive	linear	1.0	0.0	0.00020763182606823793
g00477	477	GENE0096	96	inactive	linear	1.0	0.0	0.0005515512098223914
g00478	478	GENE0096	96	inactive	linear	1.0	0.0	0.00132230335431912
g00479	479	GENE0096	96	inactive	linear	1.0	0.0	0.0006748696603892702
g00480	480	GENE0096	96	inactive	linear	1.0	0.0	0.0005929643560540408
g00481	481	GENE0097	97	inactive	linear	1.0	0.0	0.0005441457914269692
g00482	482	GENE0097	97	inactive	linear	1.0	0.0	0.0004962539054035241
g00483	483	GENE0097	97	inactive	linear	1.0	0.0	0.0005324949133469033
g00484	484	GENE0097	97	inactive	linear	1.0	0.0	0.000311158148908904
g00485	485	GENE0097	97	inactive	linear	1.0	0.0	0.00016831151285667052
g00486	486	GENE0098	98	inactive	linear	1.0	0.0	0.0005503979903251615
g00487	487	GENE0098	98	inactive	linear	1.0	0.0	0.00034477221162721713
g00488	488	GENE0098	98	inactive	linear	1.0	0.0	0.0002802682572007195
g00489	489	GENE0098	98	inactive	linear	1.0	0.0	0.0003908913963493297
g00490	490	GENE0098	98	inactive	linear	1.0	0.0	0.0010575424743299014
g00491	491	GENE0099	99	inactive	sigmoidal	1.0	0.0	0.0002944526329392579
g00492	492	GENE0099	99	inactive	sigmoidal	0.05479892960991932	0.0	0.00036884301313484065
g00493	493	GENE0099	99	inactive	sigmoidal	1.0	0.0	0.0007005804331402826
g00494	494	GENE0099	99	inactive	sigmoidal	1.0	0.0	0.00020335010399158169
g00495	495	GENE0099	99	inactive	sigmoidal	1.0	0.0	0.00015001364154899248
g00496	496	GENE0100	100	increasing	linear	1.0	0.39973425851770344	0.00015660720955411642
g00497	497	GENE0100	100	increasing	linear	1.0	0.39973425851770344	0.00014496774039035064
g00498	498	GENE0100	100	increasing	linear	1.0	0.39973425851770344	0.00033212276180417884
g00499	499	GENE0100	100	increasing	linear	1.0	0.39973425851770344	0.00036058898994626354
g00500	500	GENE0100	100	increasing	linear	1.0	0.39973425851770344	0.00046810328642361056
g00501	501	GENE0101	101	inactive	linear	1.0	0.0	0.0003390594824674996
g00502	502	GENE0101	101	inactive	linear	1.0	0.0	0.0010714067221336142
g00503	503	GENE0101	101	inactive	linear	1.0	0.0	0.00014955874613627488
g00504	504	GENE0101	101	inactive	linear	1.0	0.0	0.00020485960572441615
g00505	505	GENE0101	101	inactive	linear	1.0	0.0	0.0002053709264302755
g00506	506	GENE0102	102	inactive	linear	1.0	0.0	0.000863562839451876
g00507	507	GENE0102	102	inactive	linear	1.0	0.0	0.0001750197164275316
g00508	508	GENE0102	102	inactive	linear	0.004762886333078385	0.0	0.00032786536321669223
g00509	509	GENE0102	102	inactive	linear	1.0	0.0	0.0014447749009135677
g00510	510	GENE0102	102	inactive	linear	1.0	0.0	0.00030265987066185483
g00511	511	GENE0103	103	increasing	linear	1.0	0.6840425139550795	0.00012704099829112409
g00512	512	GENE0103	103	increasing	linear	1.0	0.6840425139550795	0.0010264161548109404
g00513	513	GENE0103	103	increasing	linear	1.0	0.6840425139550795	0.0005764554557167324
g00514	514	GENE0103	103	increasing	linear	1.0	0.6840425139550795	0.0005222870164590484
g00515	515	GENE0103	103	increasing	linear	0.18629873544898967	0.12743625534317918	0.0006943150635842021
g00516	516	GENE0104	104	inactive	linear	1.0	0.0	0.0003273392881376282
g00517	517	GENE0104	104	inactive	linear	1.0	0.0	0.0008852063263259915
g00518	518	GENE0104	104	inactive	linear	0.021868725850728597	0.0	0.0003596613865509059
g00519	519	GENE0104	104	inactive	linear	0.056756173759410174	0.0	0.00021926530121580182
g00520	520	GENE0104	104	inactive	linear	0.09455437763546189	0.0	0.0001562998861451127
g00521	521	GENE0105	105	inactive	linear	1.0	0.0	0.00045928923446732526
g00522	522	GENE0105	105	inactive	linear	1.0	0.0	0.0007645719672847512
g00523	523	GENE0105	105	inactive	linear	1.0	0.0	0.00045506252830209305
g00524	524	GENE0105	105	inactive	linear	1.0	0.0	0.0002240671208630543
g00525	525	GENE0105	105	inactive	linear	1.0	0.0	0.0005376273019235201
g00526	526	GENE0106	106	increasing	linear	1.0	0.5279501562849861	8.446741996714137e-5
g00527	527	GENE0106	106	increasing	linear	1.0	0.5279501562849861	0.00018663565106900488
g00528	528	GENE0106	106	increasing	linear	1.0	0.5279501562849861	0.00015548195963886716
g00529	529	GENE0106	106	increasing	linear	1.0	0.5279501562849861	0.00011031149956325381
g00530	530	GENE0106	106	increasing	linear	1.0	0.5279501562849861	0.00012537061889301838
g00531	531	GENE0107	107	inactive	linear	1.0	0.0	0.0003682646538423898
g00532	532	GENE0107	107	inactive	linear	1.0	0.0	0.00024768395734305174
g00533	533	GENE0107	107	inactive	linear	1.0	0.0	0.0001395580032685581
g00534	534	GENE0107	107	inactive	linear	0.136959226459346	0.0	0.0002124622236568907
g00535	535	GENE0107	107	inactive	linear	1.0	0.0	0.00029372331421446393
g00536	536	GENE0108	108	inactive	linear	1.0	0.0	0.00024885398212477294
g00537	537	GENE0108	108	inactive	linear	1.0	0.0	0.0006549148144456368
g00538	538	GENE0108	108	inactive	linear	1.0	0.0	0.00036120016889877604
g00539	539	GENE0108	108	inactive	linear	1.0	0.0	0.0003151289396290729
g00540	540	GENE0108	108	inactive	linear	0.003800842326147927	0.0	0.0001971877451966414
g00541	541	GENE0109	109	inactive	sigmoidal	1.0	0.0	5.3278548607099494e-5
g00542	542	GENE0109	109	inactive	sigmoidal	1.0	0.0	0.0005800176858075767
g00543	543	GENE0109	109	inactive	sigmoidal	1.0	0.0	0.0011074349781793808
g00544	544	GENE0109	109	inactive	sigmoidal	1.0	0.0	0.0002127672057681304
g00545	545	GENE0109	109	inactive	sigmoidal	1.0	0.0	0.00021560268799746167
g00546	546	GENE0110	110	inactive	linear	1.0	0.0	0.0003344883471278816
g00547	547	GENE0110	110	inactive	linear	1.0	0.0	0.0003045886063142352
g00548	548	GENE0110	110	inactive	linear	1.0	0.0	0.00042019956777746296
g00549	549	GENE0110	110	inactive	linear	1.0	0.0	0.00012830425603451863
g00550	550	GENE0110	110	inactive	linear	1.0	0.0	0.00015490587482384642
g00551	551	GENE0111	111	inactive	linear	1.0	0.0	0.00028742550219478744
g00552	552	GENE0111	111	inactive	linear	1.0	0.0	0.00033032796567602547
g00553	553	GENE0111	111	inactive	linear	1.0	0.0	0.0004118091006292208
g00554	554	GENE0111	111	inactive	linear	1.0	0.0	0.00010486815810496431
g00555	555	GENE0111	111	inactive	linear	1.0	0.0	0.00033798398337097274
g00556	556	GENE0112	112	increasing	sigmoidal	1.0	0.4243536231962398	0.00011834628561131164
g00557	557	GENE0112	112	increasing	sigmoidal	1.0	0.4243536231962398	0.0001475623793421022
g00558	558	GENE0112	112	increasing	sigmoidal	1.0	0.4243536231962398	0.00044989137923417646
g00559	559	GENE0112	112	increasing	sigmoidal	1.0	0.4243536231962398	0.0009045713718805514
g00560	560	GENE0112	112	increasing	sigmoidal	1.0	0.4243536231962398	0.0014471900302330855
g00561	561	GENE0113	113	inactive	sigmoidal	1.0	0.0	0.0004704070695391954
g00562	562	GENE0113	113	inactive	sigmoidal	1.0	0.0	0.00014345607444267
g00563	563	GENE0113	113	inactive	sigmoidal	1.0	0.0	0.0001733952352180105
g00564	564	GENE0113	113	inactive	sigmoidal	1.0	0.0	0.0005524971416980197
g00565	565	GENE0113	113	inactive	sigmoidal	1.0	0.0	0.0006570546132250812
g00566	566	GENE0114	114	inactive	linear	0.02945289079661311	0.0	0.00036109952045877724
g00567	567	GENE0114	114	inactive	linear	1.0	0.0	0.0005341514426666467
g00568	568	GENE0114	114	inactive	linear	1.0	0.0	0.0007273547494741944
g00569	569	GENE0114	114	inactive	linear	1.0	0.0	0.0005763770722630508
g00570	570	GENE0114	114	inactive	linear	1.0	0.0	0.0003902364058261747
g00571	571	GENE0115	115	increasing	sigmoidal	1.0	0.6246971855611816	0.0005692019513291716
g00572	572	GENE0115	115	increasing	sigmoidal	1.0	0.6246971855611816	0.0003394425724893403
g00573	573	GENE0115	115	increasing	sigmoidal	1.0	0.6246971855611816	0.0002756793433983139
g00574	574	GENE0115	115	increasing	sigmoidal	1.0	0.6246971855611816	0.0004808930447625193
g00575	575	GENE0115	115	increasing	sigmoidal	1.0	0.6246971855611816	0.0012717962080808136
g00576	576	GENE0116	116	increasing	sigmoidal	1.0	0.46307556634650693	0.00037600574824900426
g00577	577	GENE0116	116	increasing	sigmoidal	1.0	0.46307556634650693	0.0006546717800176726
g00578	578	GENE0116	116	increasing	sigmoidal	1.0	0.46307556634650693	0.0005654085757821756
g00579	579	GENE0116	116	increasing	sigmoidal	1.0	0.46307556634650693	0.001316911825229174
g00580	580	GENE0116	116	increasing	sigmoidal	1.0	0.46307556634650693	0.0005950106145060603
g00581	581	GENE0117	117	decreasing	linear	1.0	-0.7528519868630658	0.0006610185492587098
g00582	582	GENE0117	117	decreasing	linear	1.0	-0.7528519868630658	0.0013971900154924062
g00583	583	GENE0117	117	decreasing	linear	1.0	-0.7528519868630658	0.0003743211427058696
g00584	584	GENE0117	117	decreasing	linear	1.0	-0.7528519868630658	0.0012259772599963615
g00585	585	GENE0117	117	decreasing	linear	1.0	-0.7528519868630658	0.00039309063417962555
g00586	586	GENE0118	118	inactive	sigmoidal	1.0	0.0	0.00026455553321354594
g00587	587	GENE0118	118	inactive	sigmoidal	1.0	0.0	0.00033573582942321407
g00588	588	GENE0118	118	inactive	sigmoidal	1.0	0.0	0.00020025606034547265
g00589	589	GENE0118	118	inactive	sigmoidal	1.0	0.0	0.0005635511627326881
g00590	590	GENE0118	118	inactive	sigmoidal	1.0	0.0	0.0004356288241872895
g00591	591	GENE0119	119	inactive	linear	1.0	0.0	0.00029886194578028616
g00592	592	GENE0119	119	inactive	linear	1.0	0.0	0.00031906206408823
g00593	593	GENE0119	119	inactive	linear	1.0	0.0	0.0006967495930505581
g00594	594	GENE0119	119	inactive	linear	1.0	0.0	0.0002736456663243973
g00595	595	GENE0119	119	inactive	linear	0.04246244612570578	0.0	0.00040700324658068753
g00596	596	GENE0120	120	inactive	sigmoidal	1.0	0.0	0.0010107399527259522
g00597	597	GENE0120	120	inactive	sigmoidal	1.0	0.0	0.0009376017936540456
g00598	598	GENE0120	120	inactive	sigmoidal	1.0	0.0	0.0003962462850161864
g00599	599	GENE0120	120	inactive	sigmoidal	1.0	0.0	0.00031709812896046804
g00600	600	GENE0120	120	inactive	sigmoidal	1.0	0.0	0.00016447589375761073
g00601	601	GENE0121	121	inactive	linear	1.0	0.0	0.0001441620971158178
g00602	602	GENE0121	121	inactive	linear	1.0	0.0	0.00046225698318150114
g00603	603	GENE0121	121	inactive	linear	1.0	0.0	0.0007190828275484153
g00604	604	GENE0121	121	inactive	linear	1.0	0.0	0.0005455809403806765
g00605	605	GENE0121	121	inactive	linear	1.0	0.0	0.0007056726083865461
g00606	606	GENE0122	122	inactive	linear	0.10009548576966884	0.0	0.00023220071963309317
g00607	607	GENE0122	122	inactive	linear	0.12330125350190158	0.0	0.0005267005422714206
g00608	608	GENE0122	122	inactive	linear	1.0	0.0	0.00032055621879110475
g00609	609	GENE0122	122	inactive	linear	1.0	0.0	0.00020950336710753712
g00610	610	GENE0122	122	inactive	linear	1.0	0.0	0.0005636296861755047
g00611	611	GENE0123	123	inactive	linear	1.0	0.0	6.756629737356009e-5
g00612	612	GENE0123	123	inactive	linear	1.0	0.0	0.00026745784312851934
g00613	613	GENE0123	123	inactive	linear	1.0	0.0	0.00039899494635058384
g00614	614	GENE0123	123	inactive	linear	1.0	0.0	0.0011175467570472791
g00615	615	GENE0123	123	inactive	linear	0.1781256993352887	0.0	0.00032607334466299017
g00616	616	GENE0124	124	inactive	linear	1.0	0.0	0.0001542560957941039
g00617	617	GENE0124	124	inactive	linear	1.0	0.0	0.00035747497530809426
g00618	618	GENE0124	124	inactive	linear	1.0	0.0	0.0005370707437370372
g00619	619	GENE0124	124	inactive	linear	1.0	0.0	0.0005946069729305678
g00620	620	GENE0124	124	inactive	linear	1.0	0.0	0.00022692598261201712
g00621	621	GENE0125	125	inactive	linear	1.0	0.0	0.0005735959271623618
g00622	622	GENE0125	125	inactive	linear	1.0	0.0	0.0008181098543382042
g00623	623	GENE0125	125	inactive	linear	0.01317896616536423	0.0	0.0005850755370326043
g00624	624	GENE0125	125	inactive	linear	1.0	0.0	0.0005761537284343868
g00625	625	GENE0125	125	inactive	linear	0.015073251330725956	0.0	0.00023985834357204735
g00626	626	GENE0126	126	inactive	linear	1.0	0.0	0.0005303740943720193
g00627	627	GENE0126	126	inactive	linear	1.0	0.0	0.00035007636694055357
g00628	628	GENE0126	126	inactive	linear	1.0	0.0	0.0002629369849600156
g00629	629	GENE0126	126	inactive	linear	1.0	0.0	0.00020153530355488053
g00630	630	GENE0126	126	inactive	linear	1.0	0.0	0.0019866234992972826
g00631	631	GENE0127	127	inactive	linear	1.0	0.0	0.00040107753524342495
g00632	632	GENE0127	127	inactive	linear	1.0	0.0	0.0021376634778190306
g00633	633	GENE0127	127	inactive	linear	1.0	0.0	0.0004309976197451601
g00634	634	GENE0127	127	inactive	linear	1.0	0.0	0.00012908554260758102
g00635	635	GENE0127	127	inactive	linear	1.0	0.0	0.00038635862911899535
g00636	636	GENE0128	128	decreasing	sigmoidal	1.0	-0.31244194093136735	0.0004529151267487253
g00637	637	GENE0128	128	decreasing	sigmoidal	1.0	-0.31244194093136735	0.00037350108655291586
g00638	638	GENE0128	128	decreasing	sigmoidal	1.0	-0.31244194093136735	0.0005413397655650276
g00639	639	GENE0128	128	decreasing	sigmoidal	1.0	-0.31244194093136735	0.00029940595065867053
g00640	640	GENE0128	128	decreasing	sigmoidal	0.08688323910938964	0.0	0.000292173724208213
g00641	641	GENE0129	129	inactive	linear	0.07469960843883168	0.0	7.711433935175753e-5
g00642	642	GENE0129	129	inactive	linear	1.0	0.0	0.00013364544822104212
g00643	643	GENE0129	129	inactive	linear	1.0	0.0	0.0004804364482957231
g00644	644	GENE0129	129	inactive	linear	1.0	0.0	0.0008505516969466251
g00645	645	GENE0129	129	inactive	linear	1.0	0.0	0.00022264475362714263
g00646	646	GENE0130	130	inactive	linear	1.0	0.0	0.0009688608575694383
g00647	647	GENE0130	130	inactive	linear	1.0	0.0	0.0004367904360289671
g00648	648	GENE0130	130	inactive	linear	1.0	0.0	0.0002580258925877057
g00649	649	GENE0130	130	inactive	linear	0.006362982576060133	0.0	0.0007541972794898144
g00650	650	GENE0130	130	inactive	linear	1.0	0.0	0.00041502237176616643
g00651	651	GENE0131	131	inactive	linear	1.0	0.0	0.0010855410899468735
g00652	652	GENE0131	131	inactive	linear	1.0	0.0	0.0004361774395054395
g00653	653	GENE0131	131	inactive	linear	1.0	0.0	0.00035751600973314387
g00654	654	GENE0131	131	inactive	linear	1.0	0.0	0.0001569234985039029
g00655	655	GENE0131	131	inactive	linear	0.03748144848813399	0.0	0.0008476790398191138
g00656	656	GENE0132	132	negcontrol	linear	1.0	0.0	0.00013998071850552328
g00657	657	GENE0132	132	negcontrol	linear	1.0	0.0	0.00015427287470543723
g00658	658	GENE0132	132	negcontrol	linear	1.0	0.0	0.0002582164695189729
g00659	659	GENE0132	132	negcontrol	linear	1.0	0.0	0.00014712408569776268
g00660	660	GENE0132	132	negcontrol	linear	1.0	0.0	0.0004266550295451936
g00661	661	GENE0133	133	inactive	linear	1.0	0.0	0.00025484412771375163
g00662	662	GENE0133	133	inactive	linear	1.0	0.0	0.0002782677623695778
g00663	663	GENE0133	133	inactive	linear	1.0	0.0	0.00041458179050761864
g00664	664	GENE0133	133	inactive	linear	1.0	0.0	0.00102863193076926
g00665	665	GENE0133	133	inactive	linear	1.0	0.0	0.00011533692322139856
g00666	666	GENE0134	134	inactive	linear	1.0	0.0	0.00025484023474386355
g00667	667	GENE0134	134	inactive	linear	1.0	0.0	0.0010862141983086575
g00668	668	GENE0134	134	inactive	linear	1.0	0.0	0.0005256292510747543
g00669	669	GENE0134	134	inactive	linear	1.0	0.0	0.0001731615834209357
g00670	670	GENE0134	134	inactive	linear	1.0	0.0	0.0001837841355143008
g00671	671	GENE0135	135	decreasing	linear	1.0	-0.6955504931673445	0.0009438179660449043
g00672	672	GENE0135	135	decreasing	linear	1.0	-0.6955504931673445	0.0009647404410227356
g00673	673	GENE0135	135	decreasing	linear	1.0	-0.6955504931673445	0.0017741231194977102
g00674	674	GENE0135	135	decreasing	linear	1.0	-0.6955504931673445	0.00048332044867727055
g00675	675	GENE0135	135	decreasing	linear	1.0	-0.6955504931673445	0.0004352745515859239
g00676	676	GENE0136	136	inactive	linear	1.0	0.0	0.0007020837315652064
g00677	677	GENE0136	136	inactive	linear	1.0	0.0	0.00015819370806705458
g00678	678	GENE0136	136	inactive	linear	1.0	0.0	0.0008142284155383119
g00679	679	GENE0136	136	inactive	linear	1.0	0.0	0.0005548903705663322
g00680	680	GENE0136	136	inactive	linear	1.0	0.0	0.0007300016974190442
g00681	681	GENE0137	137	increasing	sigmoidal	1.0	0.5993813183881815	0.0004740862815041147
g00682	682	GENE0137	137	increasing	sigmoidal	1.0	0.5993813183881815	0.0004444766626123939
g00683	683	GENE0137	137	increasing	sigmoidal	1.0	0.5993813183881815	0.0002057800016862823
g00684	684	GENE0137	137	increasing	sigmoidal	1.0	0.5993813183881815	0.00029339084384215683
g00685	685	GENE0137	137	increasing	sigmoidal	1.0	0.5993813183881815	0.0006035674401075814
g00686	686	GENE0138	138	inactive	sigmoidal	1.0	0.0	0.0022313913370285592
g00687	687	GENE0138	138	inactive	sigmoidal	1.0	0.0	0.0007151696893437392
g00688	688	GENE0138	138	inactive	sigmoidal	0.03680496252112981	0.0	0.0013232866448559082
g00689	689	GENE0138	138	inactive	sigmoidal	1.0	0.0	0.0009494560573664434
g00690	690	GENE0138	138	inactive	sigmoidal	0.09547028009346722	0.0	0.00024203854642517532
g00691	691	GENE0139	139	inactive	sigmoidal	1.0	0.0	0.00011853700778832364
g00692	692	GENE0139	139	inactive	sigmoidal	1.0	0.0	0.0010065013811350432
g00693	693	GENE0139	139	inactive	sigmoidal	1.0	0.0	0.0012807592967626806
g00694	694	GENE0139	139	inactive	sigmoidal	1.0	0.0	0.00056717665016189
g00695	695	GENE0139	139	inactive	sigmoidal	1.0	0.0	0.00038722661786860357
g00696	696	GENE0140	140	inactive	linear	1.0	0.0	0.00044608588555180873
g00697	697	GENE0140	140	inactive	linear	1.0	0.0	0.000366260293552345
g00698	698	GENE0140	140	inactive	linear	1.0	0.0	0.0003844117345586273
g00699	699	GENE0140	140	inactive	linear	1.0	0.0	0.0002927123109986622
g00700	700	GENE0140	140	inactive	linear	1.0	0.0	0.0004085534526414892
g00701	701	GENE0141	141	decreasing	linear	1.0	-0.8008560431346146	0.00040443709924998513
g00702	702	GENE0141	141	decreasing	linear	1.0	-0.8008560431346146	0.0008467956786035691
g00703	703	GENE0141	141	decreasing	linear	0.02636906082648254	-0.021117821714672774	0.0014607284978364245
g00704	704	GENE0141	141	decreasing	linear	1.0	-0.8008560431346146	0.0002690621759042199
g00705	705	GENE0141	141	decreasing	linear	1.0	-0.8008560431346146	0.0013045165669583454
g00706	706	GENE0142	142	inactive	linear	1.0	0.0	6.283806624057067e-5
g00707	707	GENE0142	142	inactive	linear	1.0	0.0	0.001183125979141957
g00708	708	GENE0142	142	inactive	linear	1.0	0.0	0.00033429566485035107
g00709	709	GENE0142	142	inactive	linear	1.0	0.0	0.001057242616518127
g00710	710	GENE0142	142	inactive	linear	1.0	0.0	0.0005682784332959288
g00711	711	GENE0143	143	inactive	linear	1.0	0.0	0.0008460259945067195
g00712	712	GENE0143	143	inactive	linear	1.0	0.0	0.0005627592691226537
g00713	713	GENE0143	143	inactive	linear	1.0	0.0	0.0003086620977709227
g00714	714	GENE0143	143	inactive	linear	1.0	0.0	0.0006845080566547612
g00715	715	GENE0143	143	inactive	linear	1.0	0.0	0.0015535368495609258
g00716	716	GENE0144	144	increasing	linear	1.0	0.2823411576800608	0.00039880768292355857
g00717	717	GENE0144	144	increasing	linear	1.0	0.2823411576800608	0.0008041643372295663
g00718	718	GENE0144	144	increasing	linear	1.0	0.2823411576800608	0.0011807663711943669
g00719	719	GENE0144	144	increasing	linear	1.0	0.2823411576800608	0.001406246136692624
g00720	720	GENE0144	144	increasing	linear	1.0	0.2823411576800608	0.00017418131298831742
g00721	721	GENE0145	145	inactive	linear	1.0	0.0	0.00044857727165224424
g00722	722	GENE0145	145	inactive	linear	1.0	0.0	0.001228781526858641
g00723	723	GENE0145	145	inactive	linear	1.0	0.0	0.0007488264722602025
g00724	724	GENE0145	145	inactive	linear	0.11499857928541138	0.0	0.00031859580621534136
g00725	725	GENE0145	145	inactive	linear	1.0	0.0	9.751906557312566e-5
g00726	726	GENE0146	146	inactive	linear	1.0	0.0	0.0004624839853650973
g00727	727	GENE0146	146	inactive	linear	1.0	0.0	0.0019640221419020354
g00728	728	GENE0146	146	inactive	linear	1.0	0.0	0.00018958105734807274
g00729	729	GENE0146	146	inactive	linear	1.0	0.0	0.00024030169435995964
g00730	730	GENE0146	146	inactive	linear	0.10580470286668005	0.0	0.001249579938099277
g00731	731	GENE0147	147	inactive	linear	1.0	0.0	0.0009825098961870034
g00732	732	GENE0147	147	inactive	linear	1.0	0.0	0.0031735759962768103
g00733	733	GENE0147	147	inactive	linear	0.055468263077236776	0.0	0.0005000474227381368
g00734	734	GENE0147	147	inactive	linear	1.0	0.0	0.00032418015167296664
g00735	735	GENE0147	147	inactive	linear	1.0	0.0	0.0001530697336797193
g00736	736	GENE0148	148	inactive	linear	1.0	0.0	0.0006703965761173859
g00737	737	GENE0148	148	inactive	linear	1.0	0.0	0.0008339073864899883
g00738	738	GENE0148	148	inactive	linear	1.0	0.0	8.991366071428862e-5
g00739	739	GENE0148	148	inactive	linear	0.05313996811582516	0.0	0.0003351677800090999
g00740	740	GENE0148	148	inactive	linear	1.0	0.0	9.752788750316332e-5
g00741	741	GENE0149	149	inactive	linear	1.0	0.0	0.0008226419973341877
g00742	742	GENE0149	149	inactive	linear	0.11683681414531104	0.0	0.00036681261706303115
g00743	743	GENE0149	149	inactive	linear	1.0	0.0	0.001451287747004526
g00744	744	GENE0149	149	inactive	linear	1.0	0.0	0.0002821133245264279
g00745	745	GENE0149	149	inactive	linear	1.0	0.0	0.00012645509752204416
g00746	746	GENE0150	150	inactive	linear	0.04115631647178283	0.0	0.0003586003476216008
g00747	747	GENE0150	150	inactive	linear	1.0	0.0	0.0002710814081458212
g00748	748	GENE0150	150	inactive	linear	1.0	0.0	0.0005043675294015016
g00749	749	GENE0150	150	inactive	linear	1.0	0.0	0.00047828908172383876
g00750	750	GENE0150	150	inactive	linear	1.0	0.0	0.00036381736184325604
g00751	751	GENE0151	151	inactive	linear	1.0	0.0	0.0003291405578526905
g00752	752	GENE0151	151	inactive	linear	1.0	0.0	0.0009749909716182998
g00753	753	GENE0151	151	inactive	linear	1.0	0.0	0.0001567895921462733
g00754	754	GENE0151	151	inactive	linear	1.0	0.0	0.00012828104841617
g00755	755	GENE0151	151	inactive	linear	1.0	0.0	0.0002332108646080473
g00756	756	GENE0152	152	inactive	linear	1.0	0.0	0.0008836684714886029
g00757	757	GENE0152	152	inactive	linear	1.0	0.0	0.0012036088089958919
g00758	758	GENE0152	152	inactive	linear	1.0	0.0	0.0006416885690839803
g00759	759	GENE0152	152	inactive	linear	0.024892083392079017	0.0	0.00014761234545958011
g00760	760	GENE0152	152	inactive	linear	1.0	0.0	0.00020874641661349717
g00761	761	GENE0153	153	decreasing	sigmoidal	1.0	-0.6569206541218752	0.00016687330067734847
g00762	762	GENE0153	153	decreasing	sigmoidal	1.0	-0.6569206541218752	0.0003421953749137063
g00763	763	GENE0153	153	decreasing	sigmoidal	1.0	-0.6569206541218752	0.0004347097129861111
g00764	764	GENE0153	153	decreasing	sigmoidal	1.0	-0.6569206541218752	0.00012223155706783253
g00765	765	GENE0153	153	decreasing	sigmoidal	1.0	-0.6569206541218752	0.0004115890721333114
g00766	766	GENE0154	154	inactive	linear	1.0	0.0	0.00035480174616676257
g00767	767	GENE0154	154	inactive	linear	1.0	0.0	0.0005877775059389278
g00768	768	GENE0154	154	inactive	linear	1.0	0.0	0.0006398934242317149
g00769	769	GENE0154	154	inactive	linear	1.0	0.0	0.00030287099662574916
g00770	770	GENE0154	154	inactive	linear	0.05893777284960883	0.0	0.00017723510087648436
g00771	771	GENE0155	155	inactive	linear	1.0	0.0	0.00024904151598290265
g00772	772	GENE0155	155	inactive	linear	1.0	0.0	0.0008480416877712168
g00773	773	GENE0155	155	inactive	linear	1.0	0.0	0.0003875156226079756
g00774	774	GENE0155	155	inactive	linear	1.0	0.0	0.0003039237717479183
g00775	775	GENE0155	155	inactive	linear	1.0	0.0	0.0009491049471286078
g00776	776	GENE0156	156	inactive	linear	1.0	0.0	0.00018056004500673108
g00777	777	GENE0156	156	inactive	linear	1.0	0.0	0.0007024337519448592
g00778	778	GENE0156	156	inactive	linear	1.0	0.0	0.0005632200005118531
g00779	779	GENE0156	156	inactive	linear	1.0	0.0	0.0001877793452340475
g00780	780	GENE0156	156	inactive	linear	1.0	0.0	0.0003448146634480249
g00781	781	GENE0157	157	inactive	sigmoidal	1.0	0.0	0.0002971077676774228
g00782	782	GENE0157	157	inactive	sigmoidal	1.0	0.0	0.0002002560802295139
g00783	783	GENE0157	157	inactive	sigmoidal	1.0	0.0	0.0003325750953135131
g00784	784	GENE0157	157	inactive	sigmoidal	0.10501946195640104	0.0	0.00032400838846328805
g00785	785	GENE0157	157	inactive	sigmoidal	1.0	0.0	0.00043464306908961935
g00786	786	GENE0158	158	negcontrol	linear	1.0	0.0	0.00025426380897383336
g00787	787	GENE0158	158	negcontrol	linear	1.0	0.0	0.0003575921380085197
g00788	788	GENE0158	158	negcontrol	linear	1.0	0.0	0.0006035753681158258
g00789	789	GENE0158	158	negcontrol	linear	1.0	0.0	0.00038424682748710605
g00790	790	GENE0158	158	negcontrol	linear	1.0	0.0	0.0001780803899805853
g00791	791	GENE0159	159	inactive	sigmoidal	1.0	0.0	0.00102978466574178
g00792	792	GENE0159	159	inactive	sigmoidal	1.0	0.0	0.00027104229222927044
g00793	793	GENE0159	159	inactive	sigmoidal	1.0	0.0	0.0003737768574266899
g00794	794	GENE0159	159	inactive	sigmoidal	1.0	0.0	0.0012404636153192671
g00795	795	GENE0159	159	inactive	sigmoidal	1.0	0.0	0.00042057781137228365
g00796	796	GENE0160	160	inactive	sigmoidal	1.0	0.0	0.0006623607236487154
g00797	797	GENE0160	160	inactive	sigmoidal	1.0	0.0	0.00014444702698303657
g00798	798	GENE0160	160	inactive	sigmoidal	1.0	0.0	0.0023690633846707933
g00799	799	GENE0160	160	inactive	sigmoidal	1.0	0.0	0.00020069592435896882
g00800	800	GENE0160	160	inactive	sigmoidal	0.04100870547494207	0.0	0.0009457627219096939
g00801	801	GENE0161	161	inactive	sigmoidal	0.11206234829689318	0.0	0.00010053194128128258
g00802	802	GENE0161	161	inactive	sigmoidal	1.0	0.0	0.00022919728298108986
g00803	803	GENE0161	161	inactive	sigmoidal	0.0593286594927656	0.0	0.00032068406656549607
g00804	804	GENE0161	161	inactive	sigmoidal	1.0	0.0	0.0005196438553656077
g00805	805	GENE0161	161	inactive	sigmoidal	1.0	0.0	0.0001833428893521947
g00806	806	GENE0162	162	inactive	linear	1.0	0.0	0.00042408616971158274
g00807	807	GENE0162	162	inactive	linear	1.0	0.0	0.0004808763234065329
g00808	808	GENE0162	162	inactive	linear	1.0	0.0	0.0008359690135154327
g00809	809	GENE0162	162	inactive	linear	1.0	0.0	5.7924243453279966e-5
g00810	810	GENE0162	162	inactive	linear	1.0	0.0	0.000563867456135458
g00811	811	GENE0163	163	increasing	sigmoidal	1.0	0.6759245441005836	0.0014369258618276842
g00812	812	GENE0163	163	increasing	sigmoidal	1.0	0.6759245441005836	0.00028928198174752015
g00813	813	GENE0163	163	increasing	sigmoidal	1.0	0.6759245441005836	0.0007942034539287863
g00814	814	GENE0163	163	increasing	sigmoidal	1.0	0.6759245441005836	0.00024818410942620614
g00815	815	GENE0163	163	increasing	sigmoidal	1.0	0.6759245441005836	0.0002457389551953544
g00816	816	GENE0164	164	inactive	linear	1.0	0.0	0.00034486320529377004
g00817	817	GENE0164	164	inactive	linear	1.0	0.0	0.0007144576481685231
g00818	818	GENE0164	164	inactive	linear	1.0	0.0	0.00021169516491988103
g00819	819	GENE0164	164	inactive	linear	1.0	0.0	0.00036558040285304753
g00820	820	GENE0164	164	inactive	linear	1.0	0.0	0.0001713505214180644
g00821	821	GENE0165	165	inactive	linear	1.0	0.0	0.0010094469643895058
g00822	822	GENE0165	165	inactive	linear	1.0	0.0	0.0002205176024530111
g00823	823	GENE0165	165	inactive	linear	0.132923832187107	0.0	0.0014490035041158282
g00824	824	GENE0165	165	inactive	linear	1.0	0.0	0.00014699597790173913
g00825	825	GENE0165	165	inactive	linear	1.0	0.0	0.00032850756286816214
g00826	826	GENE0166	166	inactive	linear	1.0	0.0	0.0011591842305734052
g00827	827	GENE0166	166	inactive	linear	0.11901664384191162	0.0	0.0011586147479536529
g00828	828	GENE0166	166	inactive	linear	1.0	0.0	0.0002718555811013441
g00829	829	GENE0166	166	inactive	linear	1.0	0.0	0.0004994231241471204
g00830	830	GENE0166	166	inactive	linear	0.12035305832613037	0.0	0.0009046130558290271
g00831	831	GENE0167	167	inactive	sigmoidal	1.0	0.0	0.0002914985745515421
g00832	832	GENE0167	167	inactive	sigmoidal	1.0	0.0	0.0002472736593442907
g00833	833	GENE0167	167	inactive	sigmoidal	1.0	0.0	0.0004659510390376412
g00834	834	GENE0167	167	inactive	sigmoidal	1.0	0.0	0.0006982682544710571
g00835	835	GENE0167	167	inactive	sigmoidal	1.0	0.0	0.0004794623801107769
g00836	836	GENE0168	168	inactive	linear	1.0	0.0	0.0007370147518753788
g00837	837	GENE0168	168	inactive	linear	1.0	0.0	0.0009097014915251044
g00838	838	GENE0168	168	inactive	linear	1.0	0.0	0.00036543734369465583
g00839	839	GENE0168	168	inactive	linear	1.0	0.0	0.00015196325057087608
g00840	840	GENE0168	168	inactive	linear	1.0	0.0	0.0009919726474741178
g00841	841	GENE0169	169	inactive	linear	1.0	0.0	0.0006265203033538083
g00842	842	GENE0169	169	inactive	linear	1.0	0.0	0.00023895538972992949
g00843	843	GENE0169	169	inactive	linear	1.0	0.0	0.0005378349253012848
g00844	844	GENE0169	169	inactive	linear	1.0	0.0	0.00033348729689310297
g00845	845	GENE0169	169	inactive	linear	1.0	0.0	0.001035644139805871
g00846	846	GENE0170	170	inactive	sigmoidal	0.06416704236050708	0.0	0.0003634790242245729
g00847	847	GENE0170	170	inactive	sigmoidal	0.07700955457322306	0.0	0.0010127691603734666
g00848	848	GENE0170	170	inactive	sigmoidal	0.0662480989234864	0.0	0.001153948207993093
g00849	849	GENE0170	170	inactive	sigmoidal	1.0	0.0	8.973013706041302e-5
g00850	850	GENE0170	170	inactive	sigmoidal	1.0	0.0	0.0005530188093830703
g00851	851	GENE0171	171	inactive	linear	1.0	0.0	0.0002213374726382105
g00852	852	GENE0171	171	inactive	linear	1.0	0.0	0.00017977705731392636
g00853	853	GENE0171	171	inactive	linear	1.0	0.0	0.0004051513866325231
g00854	854	GENE0171	171	inactive	linear	1.0	0.0	0.0009863739259484187
g00855	855	GENE0171	171	inactive	linear	1.0	0.0	0.00017029745824244746
g00856	856	GENE0172	172	inactive	linear	0.039889093483228694	0.0	0.0003056893262309887
g00857	857	GENE0172	172	inactive	linear	1.0	0.0	0.00042795045648328
g00858	858	GENE0172	172	inactive	linear	0.016790035283566103	0.0	0.00012840572542655108
g00859	859	GENE0172	172	inactive	linear	1.0	0.0	8.039049806818066e-5
g00860	860	GENE0172	172	inactive	linear	1.0	0.0	0.00021697742618441331
g00861	861	GENE0173	173	inactive	linear	0.1302119578461456	0.0	0.00035888397257987905
g00862	862	GENE0173	173	inactive	linear	0.14555683699200972	0.0	0.000307907738359618
g00863	863	GENE0173	173	inactive	linear	1.0	0.0	0.0010014242792527016
g00864	864	GENE0173	173	inactive	linear	1.0	0.0	0.0005693954795341303
g00865	865	GENE0173	173	inactive	linear	1.0	0.0	0.00020873748136020006
g00866	866	GENE0174	174	decreasing	linear	1.0	-0.7228662755906817	0.0003427113341124004
g00867	867	GENE0174	174	decreasing	linear	1.0	-0.7228662755906817	0.0003375445257470253
g00868	868	GENE0174	174	decreasing	linear	1.0	-0.7228662755906817	0.000370274697225343
g00869	869	GENE0174	174	decreasing	linear	1.0	-0.7228662755906817	0.00034818211580814904
g00870	870	GENE0174	174	decreasing	linear	1.0	-0.7228662755906817	0.00035998276528076536
g00871	871	GENE0175	175	decreasing	linear	0.045554748177512955	-0.026875979386863966	0.000416281536795452
g00872	872	GENE0175	175	decreasing	linear	1.0	-0.5899709791422065	0.000412340686355728
g00873	873	GENE0175	175	decreasing	linear	0.09662540610348819	-0.05700618544888827	0.0006811519810363468
g00874	874	GENE0175	175	decreasing	linear	1.0	-0.5899709791422065	0.0016865331826964019
g00875	875	GENE0175	175	decreasing	linear	1.0	-0.5899709791422065	0.0004258567669951112
g00876	876	GENE0176	176	inactive	linear	1.0	0.0	0.0005498830158279961
g00877	877	GENE0176	176	inactive	linear	1.0	0.0	0.0009164926187134016
g00878	878	GENE0176	176	inactive	linear	1.0	0.0	0.00033026307818703315
g00879	879	GENE0176	176	inactive	linear	1.0	0.0	0.0005611211677634002
g00880	880	GENE0176	176	inactive	linear	1.0	0.0	0.0005511377811138773
g00881	881	GENE0177	177	inactive	linear	1.0	0.0	0.00028180267188142435
g00882	882	GENE0177	177	inactive	linear	1.0	0.0	0.00016188682969007874
g00883	883	GENE0177	177	inactive	linear	1.0	0.0	0.00079538090662426
g00884	884	GENE0177	177	inactive	linear	1.0	0.0	0.0015866734781644464
g00885	885	GENE0177	177	inactive	linear	1.0	0.0	0.0002840902216564795
g00886	886	GENE0178	178	inactive	linear	1.0	0.0	0.00039413616091969473
g00887	887	GENE0178	178	inactive	linear	0.07570102493959503	0.0	0.0006559774154834111
g00888	888	GENE0178	178	inactive	linear	0.039887694020913265	0.0	0.00026128131478872897
g00889	889	GENE0178	178	inactive	linear	1.0	0.0	0.0005165893456011034
g00890	890	GENE0178	178	inactive	linear	1.0	0.0	0.0004585924687333923
g00891	891	GENE0179	179	inactive	linear	1.0	0.0	0.0004564086994912651
g00892	892	GENE0179	179	inactive	linear	1.0	0.0	0.0005661970783122668
g00893	893	GENE0179	179	inactive	linear	1.0	0.0	0.0005194331149527084
g00894	894	GENE0179	179	inactive	linear	1.0	0.0	0.0006401854860515663
g00895	895	GENE0179	179	inactive	linear	1.0	0.0	0.0002688895373152962
g00896	896	GENE0180	180	inactive	sigmoidal	1.0	0.0	0.00014740049687961756
g00897	897	GENE0180	180	inactive	sigmoidal	1.0	0.0	0.0010905214611346258
g00898	898	GENE0180	180	inactive	sigmoidal	1.0	0.0	0.0009488358127890465
g00899	899	GENE0180	180	inactive	sigmoidal	1.0	0.0	0.0009367953293031234
g00900	900	GENE0180	180	inactive	sigmoidal	1.0	0.0	0.00015442765679158423
g00901	901	GENE0181	181	inactive	linear	1.0	0.0	0.00036853885277085405
g00902	902	GENE0181	181	inactive	linear	1.0	0.0	0.0003433137472914782
g00903	903	GENE0181	181	inactive	linear	1.0	0.0	0.0006874750598172716
g00904	904	GENE0181	181	inactive	linear	1.0	0.0	0.0004424859179484734
g00905	905	GENE0181	181	inactive	linear	1.0	0.0	0.0015170560902670715
g00906	906	GENE0182	182	inactive	sigmoidal	1.0	0.0	0.0006060964295474163
g00907	907	GENE0182	182	inactive	sigmoidal	1.0	0.0	0.0005994036777809851
g00908	908	GENE0182	182	inactive	sigmoidal	1.0	0.0	0.0003426844595841567
g00909	909	GENE0182	182	inactive	sigmoidal	1.0	0.0	0.0022716378933736155
g00910	910	GENE0182	182	inactive	sigmoidal	1.0	0.0	7.737941079226393e-5
g00911	911	GENE0183	183	inactive	linear	1.0	0.0	0.0004957281605876591
g00912	912	GENE0183	183	inactive	linear	1.0	0.0	0.00025413953329616565
g00913	913	GENE0183	183	inactive	linear	1.0	0.0	0.0007485742854625834
g00914	914	GENE0183	183	inactive	linear	1.0	0.0	0.0006636896306654746
g00915	915	GENE0183	183	inactive	linear	1.0	0.0	0.00026852639066819847
g00916	916	GENE0184	184	inactive	linear	1.0	0.0	0.00011588651601638611
g00917	917	GENE0184	184	inactive	linear	1.0	0.0	0.0005568851614589136
g00918	918	GENE0184	184	inactive	linear	1.0	0.0	0.000531062714255419
g00919	919	GENE0184	184	inactive	linear	0.01575220881175319	0.0	0.0003714667707460969
g00920	920	GENE0184	184	inactive	linear	0.07222244008078145	0.0	0.0020364006478521737
g00921	921	GENE0185	185	inactive	sigmoidal	1.0	0.0	0.0006905173912899192
g00922	922	GENE0185	185	inactive	sigmoidal	1.0	0.0	0.0008674668249558709
g00923	923	GENE0185	185	inactive	sigmoidal	1.0	0.0	0.00016308733759362744
g00924	924	GENE0185	185	inactive	sigmoidal	1.0	0.0	0.0011670377285901005
g00925	925	GENE0185	185	inactive	sigmoidal	1.0	0.0	0.0005206539661732989
g00926	926	GENE0186	186	negcontrol	linear	1.0	0.0	0.0011988750156232241
g00927	927	GENE0186	186	negcontrol	linear	1.0	0.0	0.0003269284964856124
g00928	928	GENE0186	186	negcontrol	linear	1.0	0.0	0.00036338471147569034
g00929	929	GENE0186	186	negcontrol	linear	1.0	0.0	0.0007433428267543128
g00930	930	GENE0186	186	negcontrol	linear	1.0	0.0	0.0002868438029983291
g00931	931	GENE0187	187	inactive	linear	1.0	0.0	0.00040381267423683653
g00932	932	GENE0187	187	inactive	linear	1.0	0.0	0.00045703367601764597
g00933	933	GENE0187	187	inactive	linear	1.0	0.0	0.00025525075229350646
g00934	934	GENE0187	187	inactive	linear	1.0	0.0	0.00021722434206989259
g00935	935	GENE0187	187	inactive	linear	1.0	0.0	5.858354969823221e-5
g00936	936	GENE0188	188	inactive	linear	1.0	0.0	0.00039076421865481635
g00937	937	GENE0188	188	inactive	linear	1.0	0.0	0.0011178495616451726
g00938	938	GENE0188	188	inactive	linear	0.1343745345709021	0.0	0.0003975843091142486
g00939	939	GENE0188	188	inactive	linear	1.0	0.0	0.00012354411591815245
g00940	940	GENE0188	188	inactive	linear	1.0	0.0	0.00013045384486696327
g00941	941	GENE0189	189	inactive	linear	0.1655907344628482	0.0	0.0015130380581174848
g00942	942	GENE0189	189	inactive	linear	1.0	0.0	9.194611481774933e-5
g00943	943	GENE0189	189	inactive	linear	1.0	0.0	0.0003099707424144149
g00944	944	GENE0189	189	inactive	linear	1.0	0.0	0.0008384316042537576
g00945	945	GENE0189	189	inactive	linear	1.0	0.0	0.00027627153989243834
g00946	946	GENE0190	190	inactive	sigmoidal	1.0	0.0	0.0002933257714058756
g00947	947	GENE0190	190	inactive	sigmoidal	1.0	0.0	0.0003678800266554207
g00948	948	GENE0190	190	inactive	sigmoidal	1.0	0.0	0.0010328244194996855
g00949	949	GENE0190	190	inactive	sigmoidal	1.0	0.0	0.0004382551929314095
g00950	950	GENE0190	190	inactive	sigmoidal	1.0	0.0	0.00031333996303408714
g00951	951	GENE0191	191	inactive	sigmoidal	1.0	0.0	0.0002102913352026953
g00952	952	GENE0191	191	inactive	sigmoidal	1.0	0.0	0.0003605468225554589
g00953	953	GENE0191	191	inactive	sigmoidal	1.0	0.0	0.0018679397843061715
g00954	954	GENE0191	191	inactive	sigmoidal	1.0	0.0	0.00041448451639734867
g00955	955	GENE0191	191	inactive	sigmoidal	1.0	0.0	0.00035778769665152887
g00956	956	GENE0192	192	inactive	linear	1.0	0.0	0.00021341323715642652
g00957	957	GENE0192	192	inactive	linear	1.0	0.0	0.0004073428906985137
g00958	958	GENE0192	192	inactive	linear	1.0	0.0	0.00013873319602269435
g00959	959	GENE0192	192	inactive	linear	1.0	0.0	0.0015656009649310033
g00960	960	GENE0192	192	inactive	linear	1.0	0.0	0.0005824339920898068
g00961	961	GENE0193	193	inactive	linear	1.0	0.0	0.0011603186586136823
g00962	962	GENE0193	193	inactive	linear	1.0	0.0	0.00020293204551359418
g00963	963	GENE0193	193	inactive	linear	0.09667623658504583	0.0	0.00038473889836780536
g00964	964	GENE0193	193	inactive	linear	1.0	0.0	0.00036052901837269844
g00965	965	GENE0193	193	inactive	linear	1.0	0.0	0.0001905361333222365
g00966	966	GENE0194	194	inactive	sigmoidal	1.0	0.0	0.0009191724419363505
g00967	967	GENE0194	194	inactive	sigmoidal	1.0	0.0	0.000256018556815957
g00968	968	GENE0194	194	inactive	sigmoidal	1.0	0.0	0.000271747425026504
g00969	969	GENE0194	194	inactive	sigmoidal	1.0	0.0	0.00021123690657601048
g00970	970	GENE0194	194	inactive	sigmoidal	1.0	0.0	0.0002602296040134647
g00971	971	GENE0195	195	inactive	linear	1.0	0.0	0.0002168057347245519
g00972	972	GENE0195	195	inactive	linear	1.0	0.0	0.0004358312895317164
g00973	973	GENE0195	195	inactive	linear	1.0	0.0	0.00020417076462355104
g00974	974	GENE0195	195	inactive	linear	1.0	0.0	0.0004938084085960651
g00975	975	GENE0195	195	inactive	linear	1.0	0.0	0.0010744519931957224
g00976	976	GENE0196	196	inactive	linear	1.0	0.0	0.0003106529161802438
g00977	977	GENE0196	196	inactive	linear	1.0	0.0	0.00019793142682548719
g00978	978	GENE0196	196	inactive	linear	1.0	0.0	0.0002311227998945702
g00979	979	GENE0196	196	inactive	linear	1.0	0.0	0.00023848078265980728
g00980	980	GENE0196	196	inactive	linear	1.0	0.0	0.00033825151533510263
g00981	981	GENE0197	197	inactive	sigmoidal	1.0	0.0	0.00030910103614737925
g00982	982	GENE0197	197	inactive	sigmoidal	1.0	0.0	0.0003328955732113239
g00983	983	GENE0197	197	inactive	sigmoidal	1.0	0.0	0.00047938197512753414
g00984	984	GENE0197	197	inactive	sigmoidal	1.0	0.0	0.0011301126012387324
g00985	985	GENE0197	197	inactive	sigmoidal	0.0907604137660501	0.0	0.0009195153854152858
g00986	986	GENE0198	198	inactive	linear	1.0	0.0	0.0004844417781285761
g00987	987	GENE0198	198	inactive	linear	1.0	0.0	0.0003738739229088142
g00988	988	GENE0198	198	inactive	linear	0.059119795695944416	0.0	0.00016175287773525284
g00989	989	GENE0198	198	inactive	linear	1.0	0.0	0.00024252039493685555
g00990	990	GENE0198	198	inactive	linear	1.0	0.0	0.0006612980589202094
g00991	991	GENE0199	199	inactive	linear	1.0	0.0	0.0014038803791683663
g00992	992	GENE0199	199	inactive	linear	1.0	0.0	0.0010327933336971638
g00993	993	GENE0199	199	inactive	linear	0.007237456449478874	0.0	0.0020371156516133184
g00994	994	GENE0199	199	inactive	linear	1.0	0.0	0.0003581002650989694
g00995	995	GENE0199	199	inactive	linear	1.0	0.0	0.0007809073988040754
g00996	996	GENE0200	200	inactive	linear	1.0	0.0	0.00022943028085889352
g00997	997	GENE0200	200	inactive	linear	1.0	0.0	0.0002247644612197913
g00998	998	GENE0200	200	inactive	linear	1.0	0.0	0.0009651312656211452
g00999	999	GENE0200	200	inactive	linear	1.0	0.0	0.00014881557715576917
g01000	1000	GENE0200	200	inactive	linear	1.0	0.0	0.000683457844786222
g01001	1001	GENE0201	201	inactive	sigmoidal	1.0	0.0	0.0008006824196789503
g01002	1002	GENE0201	201	inactive	sigmoidal	1.0	0.0	0.00017118037210800508
g01003	1003	GENE0201	201	inactive	sigmoidal	1.0	0.0	0.0002213740568064
g01004	1004	GENE0201	201	inactive	sigmoidal	1.0	0.0	0.00025567280662788024
g01005	1005	GENE0201	201	inactive	sigmoidal	1.0	0.0	0.00018973059538227255
g01006	1006	GENE0202	202	inactive	linear	1.0	0.0	0.0004961736559542765
g01007	1007	GENE0202	202	inactive	linear	1.0	0.0	0.0003964255588704098
g01008	1008	GENE0202	202	inactive	linear	1.0	0.0	8.273142232544921e-5
g01009	1009	GENE0202	202	inactive	linear	1.0	0.0	0.0003928737183938923
g01010	1010	GENE0202	202	inactive	linear	1.0	0.0	0.00015299538767964813
g01011	1011	GENE0203	203	increasing	linear	0.09884944360793083	0.09761488178789034	4.399572920142969e-5
g01012	1012	GENE0203	203	increasing	linear	1.0	0.9875106851897197	0.00014223358526029188
g01013	1013	GENE0203	203	increasing	linear	1.0	0.9875106851897197	0.00016977970227475967
g01014	1014	GENE0203	203	increasing	linear	1.0	0.9875106851897197	0.0004120918072254965
g01015	1015	GENE0203	203	increasing	linear	0.14758221665540272	0.1457390158911944	0.00035739648730830564
g01016	1016	GENE0204	204	inactive	linear	1.0	0.0	0.00022128388603443299
g01017	1017	GENE0204	204	inactive	linear	1.0	0.0	0.0002989186201385727
g01018	1018	GENE0204	204	inactive	linear	1.0	0.0	0.00015653889548824767
g01019	1019	GENE0204	204	inactive	linear	1.0	0.0	0.0006332693973181019
g01020	1020	GENE0204	204	inactive	linear	1.0	0.0	0.0008740881590478553
g01021	1021	GENE0205	205	negcontrol	sigmoidal	1.0	0.0	0.00024953170884153814
g01022	1022	GENE0205	205	negcontrol	sigmoidal	1.0	0.0	0.0002829430212115866
g01023	1023	GENE0205	205	negcontrol	sigmoidal	1.0	0.0	0.0007648107849180442
g01024	1024	GENE0205	205	negcontrol	sigmoidal	1.0	0.0	0.0005363414443783748
g01025	1025	GENE0205	205	negcontrol	sigmoidal	1.0	0.0	0.0011666985663204227
g01026	1026	GENE0206	206	inactive	sigmoidal	1.0	0.0	0.0003820865067096967
g01027	1027	GENE0206	206	inactive	sigmoidal	1.0	0.0	0.00011080831609729358
g01028	1028	GENE0206	206	inactive	sigmoidal	1.0	0.0	0.0004433178647483582
g01029	1029	GENE0206	206	inactive	sigmoidal	1.0	0.0	0.0009192802023022111
g01030	1030	GENE0206	206	inactive	sigmoidal	1.0	0.0	0.0012134099387313328
g01031	1031	GENE0207	207	decreasing	sigmoidal	1.0	-0.33935324251551036	0.0002627499494171637
g01032	1032	GENE0207	207	decreasing	sigmoidal	1.0	-0.33935324251551036	0.0008555477619170826
g01033	1033	GENE0207	207	decreasing	sigmoidal	0.015383540030233157	0.0	0.0014840988760685932
g01034	1034	GENE0207	207	decreasing	sigmoidal	1.0	-0.33935324251551036	0.0002602220886898986
g01035	1035	GENE0207	207	decreasing	sigmoidal	1.0	-0.33935324251551036	0.0004907269949749588
g01036	1036	GENE0208	208	inactive	linear	1.0	0.0	0.0007440563278894728
g01037	1037	GENE0208	208	inactive	linear	1.0	0.0	0.00010736107379943736
g01038	1038	GENE0208	208	inactive	linear	1.0	0.0	0.00019381410711795022
g01039	1039	GENE0208	208	inactive	linear	1.0	0.0	0.0005298395159272602
g01040	1040	GENE0208	208	inactive	linear	1.0	0.0	0.0005931995170196288
g01041	1041	GENE0209	209	inactive	linear	1.0	0.0	0.0004578648812338212
g01042	1042	GENE0209	209	inactive	linear	1.0	0.0	0.00017985657599189222
g01043	1043	GENE0209	209	inactive	linear	1.0	0.0	0.00040920129519358056
g01044	1044	GENE0209	209	inactive	linear	1.0	0.0	0.0005655862653057872
g01045	1045	GENE0209	209	inactive	linear	1.0	0.0	0.0006410683292674566
g01046	1046	GENE0210	210	inactive	linear	1.0	0.0	7.165877459407178e-5
g01047	1047	GENE0210	210	inactive	linear	0.08331298351694935	0.0	0.00021150340867367073
g01048	1048	GENE0210	210	inactive	linear	1.0	0.0	0.00022741179696875424
g01049	1049	GENE0210	210	inactive	linear	0.01721558049763454	0.0	0.0002961919741790049
g01050	1050	GENE0210	210	inactive	linear	1.0	0.0	0.00026999622619322127
g01051	1051	GENE0211	211	increasing	linear	1.0	0.6132985762395246	0.00044773171584026563
g01052	1052	GENE0211	211	increasing	linear	1.0	0.6132985762395246	0.0005026785203515523
g01053	1053	GENE0211	211	increasing	linear	1.0	0.6132985762395246	0.0013996538892772567
g01054	1054	GENE0211	211	increasing	linear	1.0	0.6132985762395246	0.0006985945133876676
g01055	1055	GENE0211	211	increasing	linear	1.0	0.6132985762395246	0.0004813474959134579
g01056	1056	GENE0212	212	increasing	sigmoidal	1.0	0.5567424073199183	0.0008770655817615447
g01057	1057	GENE0212	212	increasing	sigmoidal	1.0	0.5567424073199183	0.0017554445774723999
g01058	1058	GENE0212	212	increasing	sigmoidal	1.0	0.5567424073199183	0.0009934489999343828
g01059	1059	GENE0212	212	increasing	sigmoidal	1.0	0.5567424073199183	0.0004551906211006432
g01060	1060	GENE0212	212	increasing	sigmoidal	1.0	0.5567424073199183	0.000944277768360893
g01061	1061	GENE0213	213	inactive	linear	1.0	0.0	0.00048424318384702114
g01062	1062	GENE0213	213	inactive	linear	1.0	0.0	0.000734352336947138
g01063	1063	GENE0213	213	inactive	linear	1.0	0.0	0.0003496650590946304
g01064	1064	GENE0213	213	inactive	linear	1.0	0.0	0.00015516333602051132
g01065	1065	GENE0213	213	inactive	linear	1.0	0.0	0.0006122632174973306
g01066	1066	GENE0214	214	inactive	linear	0.01164327775502983	0.0	7.63355141045474e-5
g01067	1067	GENE0214	214	inactive	linear	1.0	0.0	0.0001759182420763967
g01068	1068	GENE0214	214	inactive	linear	1.0	0.0	0.00024911996858890267
g01069	1069	GENE0214	214	inactive	linear	1.0	0.0	0.0008122469096512352
g01070	1070	GENE0214	214	inactive	linear	1.0	0.0	0.0003208832439346339
g01071	1071	GENE0215	215	inactive	linear	1.0	0.0	0.000164225907002717
g01072	1072	GENE0215	215	inactive	linear	1.0	0.0	0.0009048501626179151
g01073	1073	GENE0215	215	inactive	linear	1.0	0.0	0.0003466402237268271
g01074	1074	GENE0215	215	inactive	linear	1.0	0.0	0.00014371774675556815
g01075	1075	GENE0215	215	inactive	linear	1.0	0.0	0.0006870615411752002
g01076	1076	GENE0216	216	increasing	linear	0.0694253038822146	0.06300898361451811	0.0005184653588891923
g01077	1077	GENE0216	216	increasing	linear	1.0	0.9075795148324841	0.0005999825726326957
g01078	1078	GENE0216	216	increasing	linear	1.0	0.9075795148324841	0.0013637438397536405
g01079	1079	GENE0216	216	increasing	linear	1.0	0.9075795148324841	0.000718288026099101
g01080	1080	GENE0216	216	increasing	linear	1.0	0.9075795148324841	0.00018867806983669018
g01081	1081	GENE0217	217	inactive	sigmoidal	1.0	0.0	0.00024423487307644113
g01082	1082	GENE0217	217	inactive	sigmoidal	1.0	0.0	0.0001666379412377071
g01083	1083	GENE0217	217	inactive	sigmoidal	1.0	0.0	0.0003007051803303998
g01084	1084	GENE0217	217	inactive	sigmoidal	1.0	0.0	0.00029162319685037495
g01085	1085	GENE0217	217	inactive	sigmoidal	1.0	0.0	0.0003690985178323259
g01086	1086	GENE0218	218	inactive	linear	1.0	0.0	0.00032721785590270736
g01087	1087	GENE0218	218	inactive	linear	1.0	0.0	0.0002822837280048374
g01088	1088	GENE0218	218	inactive	linear	1.0	0.0	0.001038789708924236
g01089	1089	GENE0218	218	inactive	linear	1.0	0.0	0.0007134093095725998
g01090	1090	GENE0218	218	inactive	linear	1.0	0.0	0.00047121275015991275
g01091	1091	GENE0219	219	inactive	sigmoidal	0.15538322410566274	0.0	0.00032440582713941934
g01092	1092	GENE0219	219	inactive	sigmoidal	1.0	0.0	0.00013177507127195442
g01093	1093	GENE0219	219	inactive	sigmoidal	1.0	0.0	0.0004189193886940523
g01094	1094	GENE0219	219	inactive	sigmoidal	1.0	0.0	0.000306070288378242
g01095	1095	GENE0219	219	inactive	sigmoidal	0.19199534945190067	0.0	0.00038882512603365365
g01096	1096	GENE0220	220	negcontrol	linear	1.0	0.0	0.0007510877241215031
g01097	1097	GENE0220	220	negcontrol	linear	1.0	0.0	0.0009702540080232126
g01098	1098	GENE0220	220	negcontrol	linear	0.09595694349602955	0.0	0.00043996987690111863
g01099	1099	GENE0220	220	negcontrol	linear	1.0	0.0	0.000514710209981064
g01100	1100	GENE0220	220	negcontrol	linear	1.0	0.0	0.00019345937249797194
g01101	1101	GENE0221	221	negcontrol	linear	1.0	0.0	0.0003215887803660566
g01102	1102	GENE0221	221	negcontrol	linear	1.0	0.0	0.0004760019514524257
g01103	1103	GENE0221	221	negcontrol	linear	1.0	0.0	0.00043158033914860453
g01104	1104	GENE0221	221	negcontrol	linear	1.0	0.0	0.000946070414890794
g01105	1105	GENE0221	221	negcontrol	linear	1.0	0.0	7.05705326889878e-5
g01106	1106	GENE0222	222	inactive	sigmoidal	1.0	0.0	9.872671799845698e-5
g01107	1107	GENE0222	222	inactive	sigmoidal	1.0	0.0	0.0003344872210744322
g01108	1108	GENE0222	222	inactive	sigmoidal	1.0	0.0	0.00048447182213191256
g01109	1109	GENE0222	222	inactive	sigmoidal	1.0	0.0	0.00027483958544026476
g01110	1110	GENE0222	222	inactive	sigmoidal	1.0	0.0	0.00013216848765039391
g01111	1111	GENE0223	223	inactive	sigmoidal	1.0	0.0	0.0002635865821536055
g01112	1112	GENE0223	223	inactive	sigmoidal	1.0	0.0	0.00024367040548143408
g01113	1113	GENE0223	223	inactive	sigmoidal	1.0	0.0	0.0006657702893057891
g01114	1114	GENE0223	223	inactive	sigmoidal	1.0	0.0	0.0006690434160859162
g01115	1115	GENE0223	223	inactive	sigmoidal	1.0	0.0	0.00025705828816282455
g01116	1116	GENE0224	224	inactive	linear	1.0	0.0	0.00010580925257077753
g01117	1117	GENE0224	224	inactive	linear	1.0	0.0	0.0006025417848106525
g01118	1118	GENE0224	224	inactive	linear	1.0	0.0	0.00022036060730392951
g01119	1119	GENE0224	224	inactive	linear	1.0	0.0	0.0003642382919287174
g01120	1120	GENE0224	224	inactive	linear	0.013870354769736186	0.0	0.0002962951689905273
g01121	1121	GENE0225	225	increasing	linear	1.0	0.3731888635675896	0.00037165336078565206
g01122	1122	GENE0225	225	increasing	linear	1.0	0.3731888635675896	0.00032387049814927663
g01123	1123	GENE0225	225	increasing	linear	1.0	0.3731888635675896	0.0002556546279553807
g01124	1124	GENE0225	225	increasing	linear	1.0	0.3731888635675896	0.0004449152772485248
g01125	1125	GENE0225	225	increasing	linear	1.0	0.3731888635675896	0.0003513752899493536
g01126	1126	GENE0226	226	inactive	linear	1.0	0.0	0.00029587213240893145
g01127	1127	GENE0226	226	inactive	linear	0.016828711107487612	0.0	0.000357118428622342
g01128	1128	GENE0226	226	inactive	linear	0.09005019122846639	0.0	0.00033502443210281393
g01129	1129	GENE0226	226	inactive	linear	1.0	0.0	0.00031126014795525146
g01130	1130	GENE0226	226	inactive	linear	1.0	0.0	0.0007818493326851449
g01131	1131	GENE0227	227	inactive	linear	1.0	0.0	0.0007823629791432332
g01132	1132	GENE0227	227	inactive	linear	1.0	0.0	0.0001567462301038622
g01133	1133	GENE0227	227	inactive	linear	1.0	0.0	0.0002130444853379344
g01134	1134	GENE0227	227	inactive	linear	1.0	0.0	0.0005944304255939594
g01135	1135	GENE0227	227	inactive	linear	1.0	0.0	0.00032563156655257173
g01136	1136	GENE0228	228	inactive	linear	1.0	0.0	0.0002756660348248542
g01137	1137	GENE0228	228	inactive	linear	1.0	0.0	0.0005651559924902544
g01138	1138	GENE0228	228	inactive	linear	1.0	0.0	0.0002353895815450785
g01139	1139	GENE0228	228	inactive	linear	0.1314615759730962	0.0	0.0003462076606416992
g01140	1140	GENE0228	228	inactive	linear	1.0	0.0	0.0004536624225780914
g01141	1141	GENE0229	229	inactive	linear	0.03500330037017802	0.0	0.0002760836210210007
g01142	1142	GENE0229	229	inactive	linear	0.07430684018608895	0.0	0.0003822940494987454
g01143	1143	GENE0229	229	inactive	linear	1.0	0.0	0.00042845466963736454
g01144	1144	GENE0229	229	inactive	linear	1.0	0.0	0.000689986825581295
g01145	1145	GENE0229	229	inactive	linear	1.0	0.0	0.0005059751244681166
g01146	1146	GENE0230	230	increasing	linear	1.0	0.38299056187675073	0.00036855110519933015
g01147	1147	GENE0230	230	increasing	linear	1.0	0.38299056187675073	0.00020644788655080565
g01148	1148	GENE0230	230	increasing	linear	1.0	0.38299056187675073	0.00027465308916989995
g01149	1149	GENE0230	230	increasing	linear	1.0	0.38299056187675073	0.001184192172780432
g01150	1150	GENE0230	230	increasing	linear	1.0	0.38299056187675073	0.0010489531667632092
g01151	1151	GENE0231	231	inactive	linear	1.0	0.0	0.0002372133489406462
g01152	1152	GENE0231	231	inactive	linear	1.0	0.0	0.0001973511817372625
g01153	1153	GENE0231	231	inactive	linear	1.0	0.0	0.0011996047078329367
g01154	1154	GENE0231	231	inactive	linear	1.0	0.0	0.0006618042954858972
g01155	1155	GENE0231	231	inactive	linear	1.0	0.0	0.0002688239032275926
g01156	1156	GENE0232	232	inactive	linear	1.0	0.0	0.0002444242115261139
g01157	1157	GENE0232	232	inactive	linear	1.0	0.0	0.0006655657577353509
g01158	1158	GENE0232	232	inactive	linear	1.0	0.0	0.00042032417967906554
g01159	1159	GENE0232	232	inactive	linear	1.0	0.0	0.001180787643662579
g01160	1160	GENE0232	232	inactive	linear	0.17653749197583934	0.0	0.00035016055290794205
g01161	1161	GENE0233	233	inactive	linear	1.0	0.0	0.0006207585020685513
g01162	1162	GENE0233	233	inactive	linear	1.0	0.0	0.0008980094652963357
g01163	1163	GENE0233	233	inactive	linear	1.0	0.0	0.0001343746747605967
g01164	1164	GENE0233	233	inactive	linear	1.0	0.0	0.0006544321367153278
g01165	1165	GENE0233	233	inactive	linear	1.0	0.0	0.0002623199872954643
g01166	1166	GENE0234	234	inactive	linear	1.0	0.0	0.000403806091906503
g01167	1167	GENE0234	234	inactive	linear	1.0	0.0	0.0005194559210413014
g01168	1168	GENE0234	234	inactive	linear	1.0	0.0	0.0002626645162455819
g01169	1169	GENE0234	234	inactive	linear	1.0	0.0	0.00040058346634257766
g01170	1170	GENE0234	234	inactive	linear	1.0	0.0	0.00028024630847003754
g01171	1171	GENE0235	235	inactive	linear	1.0	0.0	0.0003969025905014454
g01172	1172	GENE0235	235	inactive	linear	1.0	0.0	0.0009410841371591653
g01173	1173	GENE0235	235	inactive	linear	0.10724109649950728	0.0	0.00014629451253946705
g01174	1174	GENE0235	235	inactive	linear	1.0	0.0	0.00011209411418338963
g01175	1175	GENE0235	235	inactive	linear	0.15896646654606883	0.0	0.0001726742664705128
g01176	1176	GENE0236	236	inactive	sigmoidal	0.032200275155818026	0.0	0.00046137383953683
g01177	1177	GENE0236	236	inactive	sigmoidal	1.0	0.0	0.0001951796103761842
g01178	1178	GENE0236	236	inactive	sigmoidal	1.0	0.0	0.00032486275372178435
g01179	1179	GENE0236	236	inactive	sigmoidal	0.1923428760485616	0.0	0.0006372522790673314
g01180	1180	GENE0236	236	inactive	sigmoidal	0.007543920157893957	0.0	0.00022325508424292026
g01181	1181	GENE0237	237	inactive	linear	1.0	0.0	0.0005316472488992134
g01182	1182	GENE0237	237	inactive	linear	1.0	0.0	0.0002905730525157759
g01183	1183	GENE0237	237	inactive	linear	1.0	0.0	0.0005350507077315577
g01184	1184	GENE0237	237	inactive	linear	1.0	0.0	0.0005459117680675542
g01185	1185	GENE0237	237	inactive	linear	1.0	0.0	0.000290631428733264
g01186	1186	GENE0238	238	inactive	sigmoidal	1.0	0.0	0.00011759895248556752
g01187	1187	GENE0238	238	inactive	sigmoidal	1.0	0.0	0.0005195129972192764
g01188	1188	GENE0238	238	inactive	sigmoidal	1.0	0.0	0.0006475087681400427
g01189	1189	GENE0238	238	inactive	sigmoidal	1.0	0.0	0.000337735165120429
g01190	1190	GENE0238	238	inactive	sigmoidal	1.0	0.0	0.0002418176301739842
g01191	1191	GENE0239	239	inactive	sigmoidal	1.0	0.0	0.0002581888306664673
g01192	1192	GENE0239	239	inactive	sigmoidal	1.0	0.0	0.0007847216918282296
g01193	1193	GENE0239	239	inactive	sigmoidal	1.0	0.0	0.0001229136233823349
g01194	1194	GENE0239	239	inactive	sigmoidal	1.0	0.0	0.0007235365882240763
g01195	1195	GENE0239	239	inactive	sigmoidal	1.0	0.0	0.0003013661698764596
g01196	1196	GENE0240	240	inactive	linear	1.0	0.0	0.00021438364438759028
g01197	1197	GENE0240	240	inactive	linear	1.0	0.0	0.0007228540202226358
g01198	1198	GENE0240	240	inactive	linear	1.0	0.0	9.309326112577646e-5
g01199	1199	GENE0240	240	inactive	linear	1.0	0.0	0.0003398364187820633
g01200	1200	GENE0240	240	inactive	linear	1.0	0.0	0.00012685263492025187
g01201	1201	GENE0241	241	increasing	linear	1.0	0.370252736144734	0.0004119611077708497
g01202	1202	GENE0241	241	increasing	linear	1.0	0.370252736144734	0.00041784136521922955
g01203	1203	GENE0241	241	increasing	linear	1.0	0.370252736144734	0.0006874751574523722
g01204	1204	GENE0241	241	increasing	linear	1.0	0.370252736144734	0.00024501433515089586
g01205	1205	GENE0241	241	increasing	linear	1.0	0.370252736144734	0.0002950794626933375
g01206	1206	GENE0242	242	inactive	linear	1.0	0.0	0.00020320868721040208
g01207	1207	GENE0242	242	inactive	linear	1.0	0.0	0.0005637832465834402
g01208	1208	GENE0242	242	inactive	linear	1.0	0.0	0.00040365781642749964
g01209	1209	GENE0242	242	inactive	linear	1.0	0.0	0.00039683704561290764
g01210	1210	GENE0242	242	inactive	linear	1.0	0.0	0.0019203313815028382
g01211	1211	GENE0243	243	inactive	sigmoidal	1.0	0.0	0.0006552919496580353
g01212	1212	GENE0243	243	inactive	sigmoidal	1.0	0.0	8.81623193922802e-5
g01213	1213	GENE0243	243	inactive	sigmoidal	1.0	0.0	0.00023747251499258665
g01214	1214	GENE0243	243	inactive	sigmoidal	1.0	0.0	0.00036022623175003036
g01215	1215	GENE0243	243	inactive	sigmoidal	0.01815793295542195	0.0	0.000628521658293904
g01216	1216	GENE0244	244	inactive	linear	0.08255476529535978	0.0	0.0003582741315731804
g01217	1217	GENE0244	244	inactive	linear	1.0	0.0	0.0002225411402398617
g01218	1218	GENE0244	244	inactive	linear	1.0	0.0	0.0005115510208706642
g01219	1219	GENE0244	244	inactive	linear	1.0	0.0	0.0010727303166459955
g01220	1220	GENE0244	244	inactive	linear	1.0	0.0	0.0002327634927591763
g01221	1221	GENE0245	245	inactive	linear	1.0	0.0	0.0005229868679670739
g01222	1222	GENE0245	245	inactive	linear	1.0	0.0	0.0004543919260544655
g01223	1223	GENE0245	245	inactive	linear	1.0	0.0	0.00022706158375513342
g01224	1224	GENE0245	245	inactive	linear	1.0	0.0	0.001085880598692971
g01225	1225	GENE0245	245	inactive	linear	1.0	0.0	0.0005061357973664817
g01226	1226	GENE0246	246	increasing	linear	0.040197650913197804	0.011274701616188206	0.0008143781605377058
g01227	1227	GENE0246	246	increasing	linear	0.10071922080660149	0.028249888633083534	0.00010175140276588814
g01228	1228	GENE0246	246	increasing	linear	1.0	0.2804816042742056	0.0005354132527620534
g01229	1229	GENE0246	246	increasing	linear	1.0	0.2804816042742056	0.0023542101521199007
g01230	1230	GENE0246	246	increasing	linear	1.0	0.2804816042742056	0.0010028749533439532
g01231	1231	GENE0247	247	inactive	linear	1.0	0.0	0.0005353600343239629
g01232	1232	GENE0247	247	inactive	linear	1.0	0.0	0.0007355315622515497
g01233	1233	GENE0247	247	inactive	linear	0.12595056576530522	0.0	0.000823839351686696
g01234	1234	GENE0247	247	inactive	linear	1.0	0.0	0.00024703182473781167
g01235	1235	GENE0247	247	inactive	linear	1.0	0.0	0.00018938147697671818
g01236	1236	GENE0248	248	inactive	linear	1.0	0.0	0.0007837882884843945
g01237	1237	GENE0248	248	inactive	linear	1.0	0.0	0.00011661636931409632
g01238	1238	GENE0248	248	inactive	linear	1.0	0.0	0.00011748753544423764
g01239	1239	GENE0248	248	inactive	linear	1.0	0.0	0.0006627060387038988
g01240	1240	GENE0248	248	inactive	linear	1.0	0.0	0.00033133689732168066
g01241	1241	GENE0249	249	inactive	linear	1.0	0.0	0.00022306741224521696
g01242	1242	GENE0249	249	inactive	linear	1.0	0.0	0.00021993155662850474
g01243	1243	GENE0249	249	inactive	linear	1.0	0.0	0.0007404182101627973
g01244	1244	GENE0249	249	inactive	linear	1.0	0.0	0.00035696154789393843
g01245	1245	GENE0249	249	inactive	linear	1.0	0.0	0.00024220375379756313
g01246	1246	GENE0250	250	inactive	linear	1.0	0.0	0.000582106207626744
g01247	1247	GENE0250	250	inactive	linear	1.0	0.0	0.000516736337010325
g01248	1248	GENE0250	250	inactive	linear	1.0	0.0	0.00015313170543188555
g01249	1249	GENE0250	250	inactive	linear	1.0	0.0	0.0017191294912478755
g01250	1250	GENE0250	250	inactive	linear	0.03264167766669155	0.0	0.00033361227744898594
g01251	1251	GENE0251	251	inactive	linear	1.0	0.0	0.0006700077136629382
g01252	1252	GENE0251	251	inactive	linear	1.0	0.0	0.00014960153210314125
g01253	1253	GENE0251	251	inactive	linear	0.12280062886579392	0.0	0.0005764230343488604
g01254	1254	GENE0251	251	inactive	linear	1.0	0.0	0.0016030470078177408
g01255	1255	GENE0251	251	inactive	linear	1.0	0.0	0.0003206153228756554
g01256	1256	GENE0252	252	inactive	linear	0.05075303495870786	0.0	0.00047142676865058453
g01257	1257	GENE0252	252	inactive	linear	1.0	0.0	0.0004824565141691599
g01258	1258	GENE0252	252	inactive	linear	0.11739952184593098	0.0	7.432009349762912e-5
g01259	1259	GENE0252	252	inactive	linear	0.1413800586585089	0.0	0.0003470724097449405
g01260	1260	GENE0252	252	inactive	linear	1.0	0.0	6.591083656339642e-5
g01261	1261	GENE0253	253	inactive	linear	1.0	0.0	0.0004866252983333435
g01262	1262	GENE0253	253	inactive	linear	1.0	0.0	0.00026952765595552713
g01263	1263	GENE0253	253	inactive	linear	1.0	0.0	0.000606191136659661
g01264	1264	GENE0253	253	inactive	linear	1.0	0.0	0.0007266186145798948
g01265	1265	GENE0253	253	inactive	linear	1.0	0.0	0.00028332068624545547
g01266	1266	GENE0254	254	inactive	linear	1.0	0.0	0.0011210234484970167
g01267	1267	GENE0254	254	inactive	linear	0.06835055686202797	0.0	0.000342970898678483
g01268	1268	GENE0254	254	inactive	linear	0.016386017464894334	0.0	0.0002696053494373597
g01269	1269	GENE0254	254	inactive	linear	1.0	0.0	0.00013114685281233205
g01270	1270	GENE0254	254	inactive	linear	1.0	0.0	0.00012862527296371827
g01271	1271	GENE0255	255	inactive	sigmoidal	1.0	0.0	0.0004917393757071613
g01272	1272	GENE0255	255	inactive	sigmoidal	1.0	0.0	0.00048156813444958567
g01273	1273	GENE0255	255	inactive	sigmoidal	1.0	0.0	0.0009231949432414405
g01274	1274	GENE0255	255	inactive	sigmoidal	1.0	0.0	0.0009445597933453396
g01275	1275	GENE0255	255	inactive	sigmoidal	1.0	0.0	0.0002966700024330269
g01276	1276	GENE0256	256	inactive	linear	1.0	0.0	0.0005832335771283909
g01277	1277	GENE0256	256	inactive	linear	1.0	0.0	0.0010224212144453937
g01278	1278	GENE0256	256	inactive	linear	1.0	0.0	0.0002695404402479211
g01279	1279	GENE0256	256	inactive	linear	0.1062895257715626	0.0	0.00040864518624227086
g01280	1280	GENE0256	256	inactive	linear	0.022238461337358545	0.0	0.0005858423538701461
g01281	1281	GENE0257	257	inactive	sigmoidal	1.0	0.0	0.0004752676076507016
g01282	1282	GENE0257	257	inactive	sigmoidal	1.0	0.0	0.0007258861264040023
g01283	1283	GENE0257	257	inactive	sigmoidal	1.0	0.0	0.00019190703625456904
g01284	1284	GENE0257	257	inactive	sigmoidal	1.0	0.0	0.00020423716810726825
g01285	1285	GENE0257	257	inactive	sigmoidal	1.0	0.0	0.0005606545760124266
g01286	1286	GENE0258	258	decreasing	linear	1.0	-0.8936984023574849	0.0005382249228734686
g01287	1287	GENE0258	258	decreasing	linear	0.08906908719285349	-0.07960090092369268	0.0004110743715532737
g01288	1288	GENE0258	258	decreasing	linear	1.0	-0.8936984023574849	0.00013683187558818414
g01289	1289	GENE0258	258	decreasing	linear	1.0	-0.8936984023574849	0.0003067072241227017
g01290	1290	GENE0258	258	decreasing	linear	1.0	-0.8936984023574849	0.0009410845695962176
g01291	1291	GENE0259	259	decreasing	linear	1.0	-0.6796464957910434	0.00023480547973887817
g01292	1292	GENE0259	259	decreasing	linear	1.0	-0.6796464957910434	0.0005201641074185258
g01293	1293	GENE0259	259	decreasing	linear	1.0	-0.6796464957910434	0.0004319053528166904
g01294	1294	GENE0259	259	decreasing	linear	1.0	-0.6796464957910434	0.0006557120087013608
g01295	1295	GENE0259	259	decreasing	linear	1.0	-0.6796464957910434	8.338466188296564e-5
g01296	1296	GENE0260	260	inactive	sigmoidal	1.0	0.0	0.0008698448952222573
g01297	1297	GENE0260	260	inactive	sigmoidal	1.0	0.0	5.5914668228208526e-5
g01298	1298	GENE0260	260	inactive	sigmoidal	0.036742481558399806	0.0	0.0003447739794809951
g01299	1299	GENE0260	260	inactive	sigmoidal	1.0	0.0	0.0003780678370164601
g01300	1300	GENE0260	260	inactive	sigmoidal	1.0	0.0	0.0002170469697661121
g01301	1301	GENE0261	261	inactive	sigmoidal	1.0	0.0	0.0006341709235666139
g01302	1302	GENE0261	261	inactive	sigmoidal	1.0	0.0	0.0005601556766473405
g01303	1303	GENE0261	261	inactive	sigmoidal	1.0	0.0	0.00015935452546425057
g01304	1304	GENE0261	261	inactive	sigmoidal	1.0	0.0	0.0008222987222514854
g01305	1305	GENE0261	261	inactive	sigmoidal	1.0	0.0	0.0001959865118525842
g01306	1306	GENE0262	262	increasing	linear	1.0	0.635454376205059	0.00017221177465402454
g01307	1307	GENE0262	262	increasing	linear	1.0	0.635454376205059	0.00022008479994652078
g01308	1308	GENE0262	262	increasing	linear	1.0	0.635454376205059	0.000781467893532214
g01309	1309	GENE0262	262	increasing	linear	1.0	0.635454376205059	0.0004102571515650066
g01310	1310	GENE0262	262	increasing	linear	1.0	0.635454376205059	0.0005227122111509933
g01311	1311	GENE0263	263	inactive	linear	1.0	0.0	0.0005621963511898153
g01312	1312	GENE0263	263	inactive	linear	1.0	0.0	0.00011359626848594204
g01313	1313	GENE0263	263	inactive	linear	1.0	0.0	0.0042151843219499505
g01314	1314	GENE0263	263	inactive	linear	1.0	0.0	0.0004999699092211306
g01315	1315	GENE0263	263	inactive	linear	1.0	0.0	0.00011278079436552333
g01316	1316	GENE0264	264	increasing	linear	1.0	0.6171520597491932	0.0014089735270303228
g01317	1317	GENE0264	264	increasing	linear	1.0	0.6171520597491932	0.00031180814848983984
g01318	1318	GENE0264	264	increasing	linear	1.0	0.6171520597491932	0.0012129578152465707
g01319	1319	GENE0264	264	increasing	linear	1.0	0.6171520597491932	0.0003879992691832469
g01320	1320	GENE0264	264	increasing	linear	1.0	0.6171520597491932	0.0001224526197942973
g01321	1321	GENE0265	265	decreasing	linear	1.0	-0.85842536402969	0.00030997869041071415
g01322	1322	GENE0265	265	decreasing	linear	1.0	-0.85842536402969	0.0002816940538300461
g01323	1323	GENE0265	265	decreasing	linear	1.0	-0.85842536402969	0.0006400609495088187
g01324	1324	GENE0265	265	decreasing	linear	1.0	-0.85842536402969	0.0008394255811479633
g01325	1325	GENE0265	265	decreasing	linear	1.0	-0.85842536402969	0.000921462645356308
g01326	1326	GENE0266	266	inactive	linear	1.0	0.0	0.000779523351912697
g01327	1327	GENE0266	266	inactive	linear	1.0	0.0	0.00029639572715910216
g01328	1328	GENE0266	266	inactive	linear	1.0	0.0	0.0004966145827286474
g01329	1329	GENE0266	266	inactive	linear	1.0	0.0	0.000382924093569013
g01330	1330	GENE0266	266	inactive	linear	1.0	0.0	0.0001980072271418388
g01331	1331	GENE0267	267	inactive	linear	1.0	0.0	0.001352326133611923
g01332	1332	GENE0267	267	inactive	linear	1.0	0.0	0.0003839837138295733
g01333	1333	GENE0267	267	inactive	linear	1.0	0.0	0.00104447299633736
g01334	1334	GENE0267	267	inactive	linear	1.0	0.0	0.0002722526078368732
g01335	1335	GENE0267	267	inactive	linear	1.0	0.0	0.000763031690632545
g01336	1336	GENE0268	268	inactive	linear	0.07395663083447174	0.0	0.00014629342095998663
g01337	1337	GENE0268	268	inactive	linear	0.07859346509955008	0.0	0.0010587468513775574
g01338	1338	GENE0268	268	inactive	linear	1.0	0.0	0.00016985851872725204
g01339	1339	GENE0268	268	inactive	linear	0.12284520945702164	0.0	0.00014396153481323367
g01340	1340	GENE0268	268	inactive	linear	1.0	0.0	0.00037563018159861083
g01341	1341	GENE0269	269	inactive	sigmoidal	1.0	0.0	0.0003910378254734828
g01342	1342	GENE0269	269	inactive	sigmoidal	1.0	0.0	0.0008090998681216356
g01343	1343	GENE0269	269	inactive	sigmoidal	0.09569244354158059	0.0	0.0008348766089533512
g01344	1344	GENE0269	269	inactive	sigmoidal	1.0	0.0	0.00033038115268571035
g01345	1345	GENE0269	269	inactive	sigmoidal	0.08501196272331994	0.0	0.0001776882783243892
g01346	1346	GENE0270	270	increasing	linear	1.0	0.2102954270021734	0.00016473692196496194
g01347	1347	GENE0270	270	increasing	linear	1.0	0.2102954270021734	0.0005868156848494487
g01348	1348	GENE0270	270	increasing	linear	1.0	0.2102954270021734	0.0004420732323514882
g01349	1349	GENE0270	270	increasing	linear	1.0	0.2102954270021734	0.0005391148565221038
g01350	1350	GENE0270	270	increasing	linear	0.06309379733316292	0.013268337051366087	0.0002895153732548171
g01351	1351	GENE0271	271	inactive	linear	1.0	0.0	0.00016427121328636314
g01352	1352	GENE0271	271	inactive	linear	1.0	0.0	0.0002008143231969801
g01353	1353	GENE0271	271	inactive	linear	1.0	0.0	0.0005415811440101111
g01354	1354	GENE0271	271	inactive	linear	1.0	0.0	0.0001598818844878402
g01355	1355	GENE0271	271	inactive	linear	1.0	0.0	0.0014785053335707305
g01356	1356	GENE0272	272	inactive	linear	1.0	0.0	0.000857905639940154
g01357	1357	GENE0272	272	inactive	linear	1.0	0.0	0.0003565737108285572
g01358	1358	GENE0272	272	inactive	linear	1.0	0.0	0.00018412633974874485
g01359	1359	GENE0272	272	inactive	linear	1.0	0.0	0.0005406754548358606
g01360	1360	GENE0272	272	inactive	linear	1.0	0.0	0.00024386083738927293
g01361	1361	GENE0273	273	decreasing	linear	1.0	-0.8975346824428267	0.0005828134795388751
g01362	1362	GENE0273	273	decreasing	linear	0.06444493447578939	-0.05784156379977641	0.0007283971307514275
g01363	1363	GENE0273	273	decreasing	linear	1.0	-0.8975346824428267	0.0001517341075417194
g01364	1364	GENE0273	273	decreasing	linear	1.0	-0.8975346824428267	0.000656448923775204
g01365	1365	GENE0273	273	decreasing	linear	1.0	-0.8975346824428267	0.0002588676221945593
g01366	1366	GENE0274	274	inactive	linear	0.0802627723192848	0.0	0.00041828267297505423
g01367	1367	GENE0274	274	inactive	linear	1.0	0.0	0.00023331652743476612
g01368	1368	GENE0274	274	inactive	linear	1.0	0.0	0.00015150782581244167
g01369	1369	GENE0274	274	inactive	linear	1.0	0.0	0.00017404369932107284
g01370	1370	GENE0274	274	inactive	linear	0.11123472836263987	0.0	0.00040756901905082205
g01371	1371	GENE0275	275	inactive	sigmoidal	1.0	0.0	0.0014793460784237923
g01372	1372	GENE0275	275	inactive	sigmoidal	1.0	0.0	0.0005979012292294631
g01373	1373	GENE0275	275	inactive	sigmoidal	0.02856363089957653	0.0	0.000535767959408339
g01374	1374	GENE0275	275	inactive	sigmoidal	1.0	0.0	0.0003162218791103611
g01375	1375	GENE0275	275	inactive	sigmoidal	1.0	0.0	0.0005731545913346693
g01376	1376	GENE0276	276	inactive	linear	1.0	0.0	0.00039930586387600754
g01377	1377	GENE0276	276	inactive	linear	1.0	0.0	0.0007482862668412156
g01378	1378	GENE0276	276	inactive	linear	1.0	0.0	0.0003339737048071313
g01379	1379	GENE0276	276	inactive	linear	1.0	0.0	0.0005030994178860706
g01380	1380	GENE0276	276	inactive	linear	1.0	0.0	0.0004217292720416897
g01381	1381	GENE0277	277	decreasing	sigmoidal	1.0	-0.5432390528142643	0.00025152475443720985
g01382	1382	GENE0277	277	decreasing	sigmoidal	1.0	-0.5432390528142643	0.00030728043890379184
g01383	1383	GENE0277	277	decreasing	sigmoidal	1.0	-0.5432390528142643	0.0002270317972763071
g01384	1384	GENE0277	277	decreasing	sigmoidal	1.0	-0.5432390528142643	0.0005592510301715628
g01385	1385	GENE0277	277	decreasing	sigmoidal	1.0	-0.5432390528142643	0.00032704806918266576
g01386	1386	GENE0278	278	inactive	linear	1.0	0.0	0.0011773962869556782
g01387	1387	GENE0278	278	inactive	linear	1.0	0.0	0.0006644694751447408
g01388	1388	GENE0278	278	inactive	linear	1.0	0.0	0.00033435118687481915
g01389	1389	GENE0278	278	inactive	linear	1.0	0.0	0.0009505538624934625
g01390	1390	GENE0278	278	inactive	linear	1.0	0.0	9.353026994542741e-5
g01391	1391	GENE0279	279	inactive	linear	1.0	0.0	0.0003973439520689357
g01392	1392	GENE0279	279	inactive	linear	1.0	0.0	0.0015990417221276858
g01393	1393	GENE0279	279	inactive	linear	1.0	0.0	0.00023733247482837352
g01394	1394	GENE0279	279	inactive	linear	1.0	0.0	0.0004173098988299889
g01395	1395	GENE0279	279	inactive	linear	1.0	0.0	9.345884153953375e-5
g01396	1396	GENE0280	280	negcontrol	linear	1.0	0.0	0.0002901762515920135
g01397	1397	GENE0280	280	negcontrol	linear	1.0	0.0	0.0004753859301651283
g01398	1398	GENE0280	280	negcontrol	linear	1.0	0.0	0.0006304007887071784
g01399	1399	GENE0280	280	negcontrol	linear	1.0	0.0	0.0004067927556094753
g01400	1400	GENE0280	280	negcontrol	linear	1.0	0.0	0.00031529575884588386
g01401	1401	GENE0281	281	inactive	sigmoidal	1.0	0.0	0.00044918638272066675
g01402	1402	GENE0281	281	inactive	sigmoidal	1.0	0.0	0.0003061244427653643
g01403	1403	GENE0281	281	inactive	sigmoidal	1.0	0.0	0.000235823172838245
g01404	1404	GENE0281	281	inactive	sigmoidal	1.0	0.0	0.0002456001514344399
g01405	1405	GENE0281	281	inactive	sigmoidal	0.045781370752965	0.0	0.0002185984157956421
g01406	1406	GENE0282	282	inactive	linear	1.0	0.0	0.001026656364636187
g01407	1407	GENE0282	282	inactive	linear	1.0	0.0	0.0006692195308990274
g01408	1408	GENE0282	282	inactive	linear	1.0	0.0	0.00033452598172914043
g01409	1409	GENE0282	282	inactive	linear	1.0	0.0	0.0006025087584083482
g01410	1410	GENE0282	282	inactive	linear	1.0	0.0	0.00029220853382239614
g01411	1411	GENE0283	283	inactive	sigmoidal	1.0	0.0	0.0004706714242941671
g01412	1412	GENE0283	283	inactive	sigmoidal	1.0	0.0	0.00036070660171872874
g01413	1413	GENE0283	283	inactive	sigmoidal	1.0	0.0	0.0009612289542378596
g01414	1414	GENE0283	283	inactive	sigmoidal	1.0	0.0	0.0003778622359343266
g01415	1415	GENE0283	283	inactive	sigmoidal	1.0	0.0	9.067980026533336e-5
g01416	1416	GENE0284	284	inactive	linear	1.0	0.0	0.0009136643942408658
g01417	1417	GENE0284	284	inactive	linear	1.0	0.0	0.00030514299794182347
g01418	1418	GENE0284	284	inactive	linear	1.0	0.0	0.00041038711310763476
g01419	1419	GENE0284	284	inactive	linear	1.0	0.0	0.0006649861142301519
g01420	1420	GENE0284	284	inactive	linear	1.0	0.0	0.00023047506608707947
g01421	1421	GENE0285	285	inactive	linear	1.0	0.0	0.0005380856224112305
g01422	1422	GENE0285	285	inactive	linear	1.0	0.0	0.0004521298852351977
g01423	1423	GENE0285	285	inactive	linear	1.0	0.0	0.00030658684617270284
g01424	1424	GENE0285	285	inactive	linear	1.0	0.0	0.00024183858747271178
g01425	1425	GENE0285	285	inactive	linear	1.0	0.0	0.0002098300798753137
g01426	1426	GENE0286	286	inactive	linear	1.0	0.0	0.00044584384405352094
g01427	1427	GENE0286	286	inactive	linear	1.0	0.0	0.00033782885954648524
g01428	1428	GENE0286	286	inactive	linear	1.0	0.0	0.0008577982926252584
g01429	1429	GENE0286	286	inactive	linear	1.0	0.0	0.0008798964597834749
g01430	1430	GENE0286	286	inactive	linear	1.0	0.0	0.0009109163569360247
g01431	1431	GENE0287	287	inactive	sigmoidal	1.0	0.0	0.0008754411786819661
g01432	1432	GENE0287	287	inactive	sigmoidal	1.0	0.0	0.0005730883158075523
g01433	1433	GENE0287	287	inactive	sigmoidal	1.0	0.0	0.00036322106791088736
g01434	1434	GENE0287	287	inactive	sigmoidal	1.0	0.0	0.0002492232000623331
g01435	1435	GENE0287	287	inactive	sigmoidal	1.0	0.0	6.256796011971496e-5
g01436	1436	GENE0288	288	inactive	linear	1.0	0.0	0.0005445260884003923
g01437	1437	GENE0288	288	inactive	linear	1.0	0.0	0.00019786638023493712
g01438	1438	GENE0288	288	inactive	linear	1.0	0.0	0.0003292040124727745
g01439	1439	GENE0288	288	inactive	linear	1.0	0.0	0.0002525249288975266
g01440	1440	GENE0288	288	inactive	linear	1.0	0.0	0.0005711669708912434
g01441	1441	GENE0289	289	negcontrol	linear	1.0	0.0	0.0004943729012836894
g01442	1442	GENE0289	289	negcontrol	linear	1.0	0.0	0.0005006277575294853
g01443	1443	GENE0289	289	negcontrol	linear	0.10317995967843221	0.0	0.0003125669279978879
g01444	1444	GENE0289	289	negcontrol	linear	1.0	0.0	0.0015915483967638862
g01445	1445	GENE0289	289	negcontrol	linear	0.03894468730885857	0.0	0.00043014687680866616
g01446	1446	GENE0290	290	inactive	linear	1.0	0.0	0.0019031075993473335
g01447	1447	GENE0290	290	inactive	linear	1.0	0.0	0.0002585721810336279
g01448	1448	GENE0290	290	inactive	linear	1.0	0.0	0.0006852876845813402
g01449	1449	GENE0290	290	inactive	linear	1.0	0.0	0.0002523933569486884
g01450	1450	GENE0290	290	inactive	linear	1.0	0.0	0.0004649445214457196
g01451	1451	GENE0291	291	inactive	linear	1.0	0.0	0.0006511788278810777
g01452	1452	GENE0291	291	inactive	linear	1.0	0.0	0.0006786408196495056
g01453	1453	GENE0291	291	inactive	linear	1.0	0.0	0.0005897200562158997
g01454	1454	GENE0291	291	inactive	linear	1.0	0.0	0.00012049515704890783
g01455	1455	GENE0291	291	inactive	linear	1.0	0.0	0.000555990448719467
g01456	1456	GENE0292	292	decreasing	linear	1.0	-0.6152546260523416	0.00026972373336809713
g01457	1457	GENE0292	292	decreasing	linear	1.0	-0.6152546260523416	0.0014430921600229662
g01458	1458	GENE0292	292	decreasing	linear	1.0	-0.6152546260523416	0.00028941076405424965
g01459	1459	GENE0292	292	decreasing	linear	1.0	-0.6152546260523416	0.0004011442573872493
g01460	1460	GENE0292	292	decreasing	linear	1.0	-0.6152546260523416	0.0004566881000848811
g01461	1461	GENE0293	293	inactive	linear	1.0	0.0	0.0001395808132022822
g01462	1462	GENE0293	293	inactive	linear	1.0	0.0	0.00032972324760436504
g01463	1463	GENE0293	293	inactive	linear	1.0	0.0	0.0009460035182269474
g01464	1464	GENE0293	293	inactive	linear	1.0	0.0	0.00030858760012252544
g01465	1465	GENE0293	293	inactive	linear	1.0	0.0	0.00014386580658896713
g01466	1466	GENE0294	294	negcontrol	linear	1.0	0.0	0.00013996215912680387
g01467	1467	GENE0294	294	negcontrol	linear	0.14889031589937182	0.0	0.0006777000606898925
g01468	1468	GENE0294	294	negcontrol	linear	1.0	0.0	0.0008926293341385678
g01469	1469	GENE0294	294	negcontrol	linear	1.0	0.0	0.00016689007279613348
g01470	1470	GENE0294	294	negcontrol	linear	1.0	0.0	0.0005010804864376964
g01471	1471	GENE0295	295	inactive	linear	1.0	0.0	0.0008858324987599955
g01472	1472	GENE0295	295	inactive	linear	1.0	0.0	0.0009350760088067747
g01473	1473	GENE0295	295	inactive	linear	1.0	0.0	0.000154455359109014
g01474	1474	GENE0295	295	inactive	linear	1.0	0.0	0.0021315756006380884
g01475	1475	GENE0295	295	inactive	linear	1.0	0.0	0.0004912447203681239
g01476	1476	GENE0296	296	negcontrol	sigmoidal	1.0	0.0	0.00018001923074860792
g01477	1477	GENE0296	296	negcontrol	sigmoidal	1.0	0.0	0.0017992829733830284
g01478	1478	GENE0296	296	negcontrol	sigmoidal	0.105510696466565	0.0	0.00020930772875148173
g01479	1479	GENE0296	296	negcontrol	sigmoidal	1.0	0.0	0.00046422583195894647
g01480	1480	GENE0296	296	negcontrol	sigmoidal	1.0	0.0	0.0019306414683087942
g01481	1481	GENE0297	297	inactive	linear	0.06144791436758803	0.0	0.0004939364733249218
g01482	1482	GENE0297	297	inactive	linear	1.0	0.0	0.0002043992430697747
g01483	1483	GENE0297	297	inactive	linear	1.0	0.0	0.00041941087480928523
g01484	1484	GENE0297	297	inactive	linear	1.0	0.0	0.0003013463083422929
g01485	1485	GENE0297	297	inactive	linear	1.0	0.0	0.0012480695574033287
g01486	1486	GENE0298	298	inactive	linear	1.0	0.0	0.0005285642284236504
g01487	1487	GENE0298	298	inactive	linear	1.0	0.0	0.00045972543829100876
g01488	1488	GENE0298	298	inactive	linear	1.0	0.0	0.0003264815410375088
g01489	1489	GENE0298	298	inactive	linear	0.07047361782980444	0.0	0.0006022503331531471
g01490	1490	GENE0298	298	inactive	linear	1.0	0.0	0.00023741091332565083
g01491	1491	GENE0299	299	inactive	linear	1.0	0.0	0.0007925359843590939
g01492	1492	GENE0299	299	inactive	linear	1.0	0.0	0.00042117827203995054
g01493	1493	GENE0299	299	inactive	linear	1.0	0.0	0.0007172122102958824
g01494	1494	GENE0299	299	inactive	linear	1.0	0.0	0.00021013064801640277
g01495	1495	GENE0299	299	inactive	linear	1.0	0.0	0.00036921079526036746
g01496	1496	GENE0300	300	inactive	linear	1.0	0.0	0.0005393163433559326
g01497	1497	GENE0300	300	inactive	linear	1.0	0.0	0.00020080461859647996
g01498	1498	GENE0300	300	inactive	linear	1.0	0.0	0.000903473949631484
g01499	1499	GENE0300	300	inactive	linear	1.0	0.0	0.0009738421606077792
g01500	1500	GENE0300	300	inactive	linear	1.0	0.0	0.0005743967235008628
g01501	1501	GENE0301	301	inactive	linear	0.104706624631902	0.0	0.0008368713864180058
g01502	1502	GENE0301	301	inactive	linear	1.0	0.0	0.0005749907254604185
g01503	1503	GENE0301	301	inactive	linear	1.0	0.0	0.000360443155166209
g01504	1504	GENE0301	301	inactive	linear	1.0	0.0	0.00015532434436038272
g01505	1505	GENE0301	301	inactive	linear	1.0	0.0	0.0002453164531078362
g01506	1506	GENE0302	302	inactive	sigmoidal	1.0	0.0	0.0001736241355282036
g01507	1507	GENE0302	302	inactive	sigmoidal	1.0	0.0	0.0005948532139751632
g01508	1508	GENE0302	302	inactive	sigmoidal	1.0	0.0	0.0002477074681561768
g01509	1509	GENE0302	302	inactive	sigmoidal	1.0	0.0	0.0005046952912545628
g01510	1510	GENE0302	302	inactive	sigmoidal	1.0	0.0	0.000245821566622102
g01511	1511	GENE0303	303	inactive	linear	1.0	0.0	0.00036634491234052014
g01512	1512	GENE0303	303	inactive	linear	1.0	0.0	0.0002470287110011494
g01513	1513	GENE0303	303	inactive	linear	1.0	0.0	0.00021975064556243625
g01514	1514	GENE0303	303	inactive	linear	1.0	0.0	0.00012298885275463997
g01515	1515	GENE0303	303	inactive	linear	1.0	0.0	0.00034674939086874133
g01516	1516	GENE0304	304	increasing	linear	1.0	0.48028810856841786	0.00027762339567268055
g01517	1517	GENE0304	304	increasing	linear	1.0	0.48028810856841786	0.0007560726011242252
g01518	1518	GENE0304	304	increasing	linear	1.0	0.48028810856841786	0.00016619329174378362
g01519	1519	GENE0304	304	increasing	linear	0.012352678015464129	0.005932844359801944	0.000434953969895473
g01520	1520	GENE0304	304	increasing	linear	1.0	0.48028810856841786	0.00042134464423344945
g01521	1521	GENE0305	305	decreasing	linear	1.0	-0.6530503449761418	0.0006247205612821874
g01522	1522	GENE0305	305	decreasing	linear	0.10965272536348208	-0.07160875012619611	0.00034328373490137977
g01523	1523	GENE0305	305	decreasing	linear	1.0	-0.6530503449761418	0.0005857320914693879
g01524	1524	GENE0305	305	decreasing	linear	1.0	-0.6530503449761418	0.0009405158748145539
g01525	1525	GENE0305	305	decreasing	linear	1.0	-0.6530503449761418	0.0013414900935797042
g01526	1526	GENE0306	306	inactive	linear	1.0	0.0	0.0003711494807092899
g01527	1527	GENE0306	306	inactive	linear	1.0	0.0	0.00040555257945574423
g01528	1528	GENE0306	306	inactive	linear	1.0	0.0	0.0002729534830462159
g01529	1529	GENE0306	306	inactive	linear	1.0	0.0	0.00028392286680716314
g01530	1530	GENE0306	306	inactive	linear	1.0	0.0	0.0001961270842464192
g01531	1531	GENE0307	307	inactive	linear	1.0	0.0	0.00039101827373819853
g01532	1532	GENE0307	307	inactive	linear	1.0	0.0	0.00047833325437215024
g01533	1533	GENE0307	307	inactive	linear	1.0	0.0	0.0005779177695559911
g01534	1534	GENE0307	307	inactive	linear	1.0	0.0	0.0009403258048158711
g01535	1535	GENE0307	307	inactive	linear	1.0	0.0	0.00017160655163850415
g01536	1536	GENE0308	308	inactive	sigmoidal	1.0	0.0	0.0001290515450147908
g01537	1537	GENE0308	308	inactive	sigmoidal	1.0	0.0	0.0005794270047800143
g01538	1538	GENE0308	308	inactive	sigmoidal	1.0	0.0	0.00019314544187779912
g01539	1539	GENE0308	308	inactive	sigmoidal	1.0	0.0	0.0008417205971275237
g01540	1540	GENE0308	308	inactive	sigmoidal	0.06485043768553964	0.0	0.0006085472844668719
g01541	1541	GENE0309	309	negcontrol	linear	1.0	0.0	0.0005503653810735453
g01542	1542	GENE0309	309	negcontrol	linear	1.0	0.0	0.00043333971217245516
g01543	1543	GENE0309	309	negcontrol	linear	0.05389840101032068	0.0	0.0003789517556447607
g01544	1544	GENE0309	309	negcontrol	linear	1.0	0.0	0.0003246787822229277
g01545	1545	GENE0309	309	negcontrol	linear	1.0	0.0	0.0022595806982737172
g01546	1546	GENE0310	310	inactive	linear	1.0	0.0	0.0005638613089823858
g01547	1547	GENE0310	310	inactive	linear	1.0	0.0	0.00034717514385008676
g01548	1548	GENE0310	310	inactive	linear	0.12436580099278861	0.0	0.0002693197248222241
g01549	1549	GENE0310	310	inactive	linear	1.0	0.0	0.0005482441225767222
g01550	1550	GENE0310	310	inactive	linear	1.0	0.0	0.00038177626729806824
g01551	1551	GENE0311	311	inactive	linear	1.0	0.0	0.00039171020583335104
g01552	1552	GENE0311	311	inactive	linear	1.0	0.0	0.000266151852729728
g01553	1553	GENE0311	311	inactive	linear	1.0	0.0	0.0003328466123188137
g01554	1554	GENE0311	311	inactive	linear	1.0	0.0	0.0004898548409583356
g01555	1555	GENE0311	311	inactive	linear	1.0	0.0	0.0002905824336415413
g01556	1556	GENE0312	312	inactive	sigmoidal	1.0	0.0	0.0008191543701277066
g01557	1557	GENE0312	312	inactive	sigmoidal	1.0	0.0	0.00018203769254560105
g01558	1558	GENE0312	312	inactive	sigmoidal	1.0	0.0	0.0003501755383333053
g01559	1559	GENE0312	312	inactive	sigmoidal	1.0	0.0	0.00020449057975764257
g01560	1560	GENE0312	312	inactive	sigmoidal	1.0	0.0	0.00030466682563677915
g01561	1561	GENE0313	313	inactive	linear	1.0	0.0	0.0002952864940080671
g01562	1562	GENE0313	313	inactive	linear	1.0	0.0	0.0005927917048930229
g01563	1563	GENE0313	313	inactive	linear	1.0	0.0	0.0004617192734384391
g01564	1564	GENE0313	313	inactive	linear	1.0	0.0	0.0007698741305865283
g01565	1565	GENE0313	313	inactive	linear	0.060108499703202464	0.0	0.00014282419515667888
g01566	1566	GENE0314	314	increasing	sigmoidal	0.0016469688778841668	0.0	0.0007610774288529925
g01567	1567	GENE0314	314	increasing	sigmoidal	0.008706769313371679	0.0	0.0004806104419915776
g01568	1568	GENE0314	314	increasing	sigmoidal	1.0	0.6721574302238595	0.0003068293850963527
g01569	1569	GENE0314	314	increasing	sigmoidal	1.0	0.6721574302238595	0.0004310190582070368
g01570	1570	GENE0314	314	increasing	sigmoidal	1.0	0.6721574302238595	0.00018622886433729727
g01571	1571	GENE0315	315	inactive	linear	1.0	0.0	0.0002929818637891865
g01572	1572	GENE0315	315	inactive	linear	1.0	0.0	0.0002926959228615097
g01573	1573	GENE0315	315	inactive	linear	1.0	0.0	0.00019349767376232625
g01574	1574	GENE0315	315	inactive	linear	1.0	0.0	0.00026009430237699393
g01575	1575	GENE0315	315	inactive	linear	1.0	0.0	0.0003458657117335677
g01576	1576	GENE0316	316	inactive	linear	1.0	0.0	0.000997725138808073
g01577	1577	GENE0316	316	inactive	linear	1.0	0.0	0.000275039590281565
g01578	1578	GENE0316	316	inactive	linear	1.0	0.0	0.00045040639454527745
g01579	1579	GENE0316	316	inactive	linear	1.0	0.0	0.00045770317189227727
g01580	1580	GENE0316	316	inactive	linear	1.0	0.0	0.00021676860854766568
g01581	1581	GENE0317	317	inactive	linear	0.021883791254571246	0.0	0.0004811252758620111
g01582	1582	GENE0317	317	inactive	linear	1.0	0.0	0.00012371568349498225
g01583	1583	GENE0317	317	inactive	linear	1.0	0.0	0.0011549895669741967
g01584	1584	GENE0317	317	inactive	linear	1.0	0.0	0.000757580389152822
g01585	1585	GENE0317	317	inactive	linear	1.0	0.0	0.0011026573970333562
g01586	1586	GENE0318	318	decreasing	linear	1.0	-0.23384916973312253	0.00020350791832244206
g01587	1587	GENE0318	318	decreasing	linear	1.0	-0.23384916973312253	0.0003159947145724654
g01588	1588	GENE0318	318	decreasing	linear	1.0	-0.23384916973312253	0.0007584907930650993
g01589	1589	GENE0318	318	decreasing	linear	1.0	-0.23384916973312253	0.00015676056691708534
g01590	1590	GENE0318	318	decreasing	linear	1.0	-0.23384916973312253	0.0010738470134875637
g01591	1591	GENE0319	319	inactive	sigmoidal	1.0	0.0	0.0007047633486055472
g01592	1592	GENE0319	319	inactive	sigmoidal	1.0	0.0	0.00032646693460039423
g01593	1593	GENE0319	319	inactive	sigmoidal	1.0	0.0	0.0005256108791785649
g01594	1594	GENE0319	319	inactive	sigmoidal	1.0	0.0	8.186956717016672e-5
g01595	1595	GENE0319	319	inactive	sigmoidal	1.0	0.0	0.0003100444269299783
g01596	1596	GENE0320	320	inactive	linear	1.0	0.0	6.36681216981955e-5
g01597	1597	GENE0320	320	inactive	linear	1.0	0.0	0.00024626075124229205
g01598	1598	GENE0320	320	inactive	linear	1.0	0.0	0.00012762886738239566
g01599	1599	GENE0320	320	inactive	linear	1.0	0.0	0.000257781281229083
g01600	1600	GENE0320	320	inactive	linear	1.0	0.0	0.0003600826858836435
g01601	1601	GENE0321	321	increasing	linear	1.0	0.5985191188922467	0.00021867753520210499
g01602	1602	GENE0321	321	increasing	linear	0.07401704424225654	0.04430061610288383	0.00022721862644545728
g01603	1603	GENE0321	321	increasing	linear	0.054753068775505134	0.03277075848016192	0.0002636226589647835
g01604	1604	GENE0321	321	increasing	linear	1.0	0.5985191188922467	0.00021345363537178102
g01605	1605	GENE0321	321	increasing	linear	1.0	0.5985191188922467	0.0005046989183977713
g01606	1606	GENE0322	322	increasing	linear	1.0	0.5592575970274052	0.0007930532331142843
g01607	1607	GENE0322	322	increasing	linear	1.0	0.5592575970274052	0.00035938017081090374
g01608	1608	GENE0322	322	increasing	linear	1.0	0.5592575970274052	0.0004938329076626858
g01609	1609	GENE0322	322	increasing	linear	1.0	0.5592575970274052	0.0003362979884171267
g01610	1610	GENE0322	322	increasing	linear	1.0	0.5592575970274052	0.00023862451562907503
g01611	1611	GENE0323	323	inactive	linear	1.0	0.0	0.0015725823765786564
g01612	1612	GENE0323	323	inactive	linear	1.0	0.0	0.00034024347716846273
g01613	1613	GENE0323	323	inactive	linear	1.0	0.0	0.00028811284203706495
g01614	1614	GENE0323	323	inactive	linear	1.0	0.0	0.0001553012130646986
g01615	1615	GENE0323	323	inactive	linear	1.0	0.0	0.0002766510438583326
g01616	1616	GENE0324	324	decreasing	sigmoidal	1.0	-0.4383598106983441	0.00045395072249348914
g01617	1617	GENE0324	324	decreasing	sigmoidal	1.0	-0.4383598106983441	0.0006003308187792742
g01618	1618	GENE0324	324	decreasing	sigmoidal	1.0	-0.4383598106983441	0.0006099041074363305
g01619	1619	GENE0324	324	decreasing	sigmoidal	1.0	-0.4383598106983441	0.00018531730679222845
g01620	1620	GENE0324	324	decreasing	sigmoidal	1.0	-0.4383598106983441	0.0003097328467336662
g01621	1621	GENE0325	325	inactive	linear	1.0	0.0	0.000307783900933884
g01622	1622	GENE0325	325	inactive	linear	1.0	0.0	0.0006530197997102185
g01623	1623	GENE0325	325	inactive	linear	1.0	0.0	0.00011235138513956343
g01624	1624	GENE0325	325	inactive	linear	1.0	0.0	0.00015435848399042817
g01625	1625	GENE0325	325	inactive	linear	1.0	0.0	0.00042290236022371827
g01626	1626	GENE0326	326	inactive	linear	1.0	0.0	0.00025754127219122303
g01627	1627	GENE0326	326	inactive	linear	1.0	0.0	0.0002261482964614341
g01628	1628	GENE0326	326	inactive	linear	1.0	0.0	0.00013660024746409215
g01629	1629	GENE0326	326	inactive	linear	1.0	0.0	0.00043750405514600003
g01630	1630	GENE0326	326	inactive	linear	1.0	0.0	0.0004772560348477791
g01631	1631	GENE0327	327	inactive	sigmoidal	1.0	0.0	0.00024343829856994766
g01632	1632	GENE0327	327	inactive	sigmoidal	1.0	0.0	0.000176111084371852
g01633	1633	GENE0327	327	inactive	sigmoidal	1.0	0.0	0.00027344383825224805
g01634	1634	GENE0327	327	inactive	sigmoidal	0.09749060547328209	0.0	0.00020699667080841859
g01635	1635	GENE0327	327	inactive	sigmoidal	1.0	0.0	0.0004600184044381202
g01636	1636	GENE0328	328	inactive	linear	1.0	0.0	0.00017191430338304916
g01637	1637	GENE0328	328	inactive	linear	1.0	0.0	0.00017593014667269228
g01638	1638	GENE0328	328	inactive	linear	0.009432422306370737	0.0	0.0008627554181154763
g01639	1639	GENE0328	328	inactive	linear	1.0	0.0	0.0033136180068981886
g01640	1640	GENE0328	328	inactive	linear	1.0	0.0	0.00025548267100828904
g01641	1641	GENE0329	329	inactive	linear	1.0	0.0	0.000321933431425102
g01642	1642	GENE0329	329	inactive	linear	1.0	0.0	0.0005898888290562309
g01643	1643	GENE0329	329	inactive	linear	1.0	0.0	0.0010489366315415635
g01644	1644	GENE0329	329	inactive	linear	0.054063805047900905	0.0	0.0006313182315594757
g01645	1645	GENE0329	329	inactive	linear	1.0	0.0	0.0007820794159131047
g01646	1646	GENE0330	330	inactive	linear	1.0	0.0	0.00025379840550912916
g01647	1647	GENE0330	330	inactive	linear	0.07590003146659284	0.0	0.0004212010107918167
g01648	1648	GENE0330	330	inactive	linear	1.0	0.0	0.0004899427106999291
g01649	1649	GENE0330	330	inactive	linear	1.0	0.0	0.00015603766968241663
g01650	1650	GENE0330	330	inactive	linear	1.0	0.0	0.00022716704650845287
g01651	1651	GENE0331	331	inactive	linear	1.0	0.0	0.00018332230853427834
g01652	1652	GENE0331	331	inactive	linear	1.0	0.0	0.00015940296156235527
g01653	1653	GENE0331	331	inactive	linear	1.0	0.0	0.00035611504614887894
g01654	1654	GENE0331	331	inactive	linear	1.0	0.0	0.0002393976392809767
g01655	1655	GENE0331	331	inactive	linear	1.0	0.0	0.00019678377922823501
g01656	1656	GENE0332	332	inactive	sigmoidal	0.06461899887023702	0.0	0.0011132485368507852
g01657	1657	GENE0332	332	inactive	sigmoidal	0.2553424149845199	0.0	0.0002940316679695483
g01658	1658	GENE0332	332	inactive	sigmoidal	1.0	0.0	0.0006515020489719567
g01659	1659	GENE0332	332	inactive	sigmoidal	1.0	0.0	0.0006786129609825519
g01660	1660	GENE0332	332	inactive	sigmoidal	1.0	0.0	0.0003139546215824033
g01661	1661	GENE0333	333	inactive	linear	0.05768974808341238	0.0	0.0007772521881069371
g01662	1662	GENE0333	333	inactive	linear	1.0	0.0	0.0005936332241245974
g01663	1663	GENE0333	333	inactive	linear	1.0	0.0	0.0003270366407810134
g01664	1664	GENE0333	333	inactive	linear	1.0	0.0	0.0008170293712021212
g01665	1665	GENE0333	333	inactive	linear	1.0	0.0	0.0002906296952185277
g01666	1666	GENE0334	334	inactive	sigmoidal	0.03521165365317251	0.0	0.0005365103847563187
g01667	1667	GENE0334	334	inactive	sigmoidal	1.0	0.0	0.001443784390452958
g01668	1668	GENE0334	334	inactive	sigmoidal	1.0	0.0	0.0002552470805214472
g01669	1669	GENE0334	334	inactive	sigmoidal	0.032324674948977936	0.0	0.00016697689266077716
g01670	1670	GENE0334	334	inactive	sigmoidal	1.0	0.0	0.0003990934145204395
g01671	1671	GENE0335	335	inactive	sigmoidal	1.0	0.0	0.00018598253048816713
g01672	1672	GENE0335	335	inactive	sigmoidal	1.0	0.0	0.0014197422234680519
g01673	1673	GENE0335	335	inactive	sigmoidal	1.0	0.0	0.0001238449488217366
g01674	1674	GENE0335	335	inactive	sigmoidal	1.0	0.0	0.00021577100297359911
g01675	1675	GENE0335	335	inactive	sigmoidal	1.0	0.0	0.0007678990004209216
g01676	1676	GENE0336	336	inactive	linear	0.008401397950102307	0.0	0.0005607024556106597
g01677	1677	GENE0336	336	inactive	linear	1.0	0.0	0.00045097800838372356
g01678	1678	GENE0336	336	inactive	linear	1.0	0.0	0.0005923770591814412
g01679	1679	GENE0336	336	inactive	linear	1.0	0.0	0.0003077033022564229
g01680	1680	GENE0336	336	inactive	linear	1.0	0.0	0.00019450313292509395
g01681	1681	GENE0337	337	negcontrol	sigmoidal	1.0	0.0	0.0008080282221920298
g01682	1682	GENE0337	337	negcontrol	sigmoidal	1.0	0.0	0.00017470814541929296
g01683	1683	GENE0337	337	negcontrol	sigmoidal	1.0	0.0	0.0004939915511926436
g01684	1684	GENE0337	337	negcontrol	sigmoidal	1.0	0.0	0.0003241183694931531
g01685	1685	GENE0337	337	negcontrol	sigmoidal	1.0	0.0	0.0007356189953254906
g01686	1686	GENE0338	338	decreasing	linear	1.0	-0.6611735007828131	0.00016000982080055902
g01687	1687	GENE0338	338	decreasing	linear	1.0	-0.6611735007828131	0.00047110377929549105
g01688	1688	GENE0338	338	decreasing	linear	1.0	-0.6611735007828131	0.00024423867993148506
g01689	1689	GENE0338	338	decreasing	linear	1.0	-0.6611735007828131	9.400288722076997e-5
g01690	1690	GENE0338	338	decreasing	linear	1.0	-0.6611735007828131	0.000949185672222289
g01691	1691	GENE0339	339	increasing	linear	1.0	0.432288852630638	0.0009260173788634544
g01692	1692	GENE0339	339	increasing	linear	1.0	0.432288852630638	0.0009614339249325917
g01693	1693	GENE0339	339	increasing	linear	1.0	0.432288852630638	0.00019046145754326158
g01694	1694	GENE0339	339	increasing	linear	1.0	0.432288852630638	0.0004527581452464529
g01695	1695	GENE0339	339	increasing	linear	1.0	0.432288852630638	0.0005060490375475233
g01696	1696	GENE0340	340	increasing	sigmoidal	1.0	0.42234465202807936	0.0018502478070824323
g01697	1697	GENE0340	340	increasing	sigmoidal	1.0	0.42234465202807936	0.0008375695204346717
g01698	1698	GENE0340	340	increasing	sigmoidal	1.0	0.42234465202807936	0.00040290207864743455
g01699	1699	GENE0340	340	increasing	sigmoidal	1.0	0.42234465202807936	0.00012540449623165217
g01700	1700	GENE0340	340	increasing	sigmoidal	1.0	0.42234465202807936	0.00022823140004534398
g01701	1701	GENE0341	341	decreasing	linear	0.006887932157330301	-0.002556218549167167	0.0007924167262688841
g01702	1702	GENE0341	341	decreasing	linear	1.0	-0.37111552361136113	0.000769289381336841
g01703	1703	GENE0341	341	decreasing	linear	1.0	-0.37111552361136113	0.0003882426742265242
g01704	1704	GENE0341	341	decreasing	linear	1.0	-0.37111552361136113	0.00031916686597158785
g01705	1705	GENE0341	341	decreasing	linear	1.0	-0.37111552361136113	0.0018165044069287648
g01706	1706	GENE0342	342	inactive	linear	1.0	0.0	0.00022150568454207175
g01707	1707	GENE0342	342	inactive	linear	1.0	0.0	0.0007504125458767773
g01708	1708	GENE0342	342	inactive	linear	1.0	0.0	0.00022010219469749455
g01709	1709	GENE0342	342	inactive	linear	1.0	0.0	0.0001681260487513072
g01710	1710	GENE0342	342	inactive	linear	1.0	0.0	0.00025861209628477255
g01711	1711	GENE0343	343	inactive	linear	1.0	0.0	0.0004437563289293364
g01712	1712	GENE0343	343	inactive	linear	1.0	0.0	0.0005770086738775392
g01713	1713	GENE0343	343	inactive	linear	1.0	0.0	0.0001276374283465786
g01714	1714	GENE0343	343	inactive	linear	1.0	0.0	0.00019949937608139376
g01715	1715	GENE0343	343	inactive	linear	1.0	0.0	0.0004934689695357151
g01716	1716	GENE0344	344	inactive	linear	1.0	0.0	0.0002289158676409857
g01717	1717	GENE0344	344	inactive	linear	1.0	0.0	0.0003217819698978516
g01718	1718	GENE0344	344	inactive	linear	1.0	0.0	0.00022048844421887717
g01719	1719	GENE0344	344	inactive	linear	1.0	0.0	0.0010436807754732238
g01720	1720	GENE0344	344	inactive	linear	1.0	0.0	0.0004380403049573933
g01721	1721	GENE0345	345	negcontrol	linear	1.0	0.0	0.00023560005855648942
g01722	1722	GENE0345	345	negcontrol	linear	1.0	0.0	0.0004285893395779532
g01723	1723	GENE0345	345	negcontrol	linear	1.0	0.0	0.0008546688553137076
g01724	1724	GENE0345	345	negcontrol	linear	1.0	0.0	4.9835497649891266e-5
g01725	1725	GENE0345	345	negcontrol	linear	1.0	0.0	0.00023185784121194255
g01726	1726	GENE0346	346	increasing	linear	1.0	0.6270323729859348	0.0003552722959017036
g01727	1727	GENE0346	346	increasing	linear	1.0	0.6270323729859348	0.0003517820490313165
g01728	1728	GENE0346	346	increasing	linear	1.0	0.6270323729859348	0.001425548884279004
g01729	1729	GENE0346	346	increasing	linear	1.0	0.6270323729859348	0.00017495892766507468
g01730	1730	GENE0346	346	increasing	linear	1.0	0.6270323729859348	0.00024779614203110617
g01731	1731	GENE0347	347	inactive	linear	0.051387552775227045	0.0	0.0005597623803901046
g01732	1732	GENE0347	347	inactive	linear	1.0	0.0	0.00021039879637870163
g01733	1733	GENE0347	347	inactive	linear	0.10296029548893507	0.0	0.0010349912673152562
g01734	1734	GENE0347	347	inactive	linear	1.0	0.0	0.0019250784804672565
g01735	1735	GENE0347	347	inactive	linear	1.0	0.0	0.0006077035464141251
g01736	1736	GENE0348	348	increasing	linear	1.0	0.36336773225004004	0.00024822432599227453
g01737	1737	GENE0348	348	increasing	linear	1.0	0.36336773225004004	0.0007299235250587224
g01738	1738	GENE0348	348	increasing	linear	1.0	0.36336773225004004	0.00026695386154057104
g01739	1739	GENE0348	348	increasing	linear	0.014934436201472646	0.005426692214962017	0.00035567069775051615
g01740	1740	GENE0348	348	increasing	linear	1.0	0.36336773225004004	0.00033547872141047406
g01741	1741	GENE0349	349	increasing	linear	1.0	0.6944568611134863	0.00039805570092043955
g01742	1742	GENE0349	349	increasing	linear	1.0	0.6944568611134863	0.0011728103935028337
g01743	1743	GENE0349	349	increasing	linear	1.0	0.6944568611134863	0.00015215649908085173
g01744	1744	GENE0349	349	increasing	linear	1.0	0.6944568611134863	0.0004717032384355717
g01745	1745	GENE0349	349	increasing	linear	1.0	0.6944568611134863	0.0010009429124361422
g01746	1746	GENE0350	350	inactive	sigmoidal	1.0	0.0	0.001999164386731384
g01747	1747	GENE0350	350	inactive	sigmoidal	1.0	0.0	0.0002516631541355855
g01748	1748	GENE0350	350	inactive	sigmoidal	1.0	0.0	0.0006138936163220686
g01749	1749	GENE0350	350	inactive	sigmoidal	1.0	0.0	0.00025374655714857256
g01750	1750	GENE0350	350	inactive	sigmoidal	1.0	0.0	0.0006595554904954832
g01751	1751	GENE0351	351	increasing	linear	1.0	0.6016123511885653	0.00018328104588081264
g01752	1752	GENE0351	351	increasing	linear	1.0	0.6016123511885653	0.00038851116792837663
g01753	1753	GENE0351	351	increasing	linear	1.0	0.6016123511885653	0.00029304611175520257
g01754	1754	GENE0351	351	increasing	linear	1.0	0.6016123511885653	0.0008069865408932946
g01755	1755	GENE0351	351	increasing	linear	0.09539393708888994	0.05739017078118115	0.0004346982864904207
g01756	1756	GENE0352	352	inactive	linear	1.0	0.0	9.85004488770564e-5
g01757	1757	GENE0352	352	inactive	linear	1.0	0.0	0.00014989573047968684
g01758	1758	GENE0352	352	inactive	linear	1.0	0.0	0.0004157329811693429
g01759	1759	GENE0352	352	inactive	linear	0.13247354787812227	0.0	0.0004618182902328432
g01760	1760	GENE0352	352	inactive	linear	1.0	0.0	0.00014243109913493468
g01761	1761	GENE0353	353	inactive	sigmoidal	1.0	0.0	0.0006598549323455857
g01762	1762	GENE0353	353	inactive	sigmoidal	1.0	0.0	0.00041021408326553027
g01763	1763	GENE0353	353	inactive	sigmoidal	0.07146201493407557	0.0	0.00043016489830596637
g01764	1764	GENE0353	353	inactive	sigmoidal	1.0	0.0	0.0015212166949559334
g01765	1765	GENE0353	353	inactive	sigmoidal	1.0	0.0	0.0002808853027253598
g01766	1766	GENE0354	354	increasing	linear	1.0	0.8361737015081556	0.0002705457506224193
g01767	1767	GENE0354	354	increasing	linear	1.0	0.8361737015081556	0.0009044669160084105
g01768	1768	GENE0354	354	increasing	linear	1.0	0.8361737015081556	0.0004823716512440067
g01769	1769	GENE0354	354	increasing	linear	1.0	0.8361737015081556	0.00017252723501773372
g01770	1770	GENE0354	354	increasing	linear	1.0	0.8361737015081556	0.0006068646253907683
g01771	1771	GENE0355	355	inactive	linear	1.0	0.0	0.0006579327589688032
g01772	1772	GENE0355	355	inactive	linear	1.0	0.0	0.0003343088538359622
g01773	1773	GENE0355	355	inactive	linear	1.0	0.0	0.0002550698742370097
g01774	1774	GENE0355	355	inactive	linear	1.0	0.0	0.00033755915340733444
g01775	1775	GENE0355	355	inactive	linear	1.0	0.0	0.00013312926630872917
g01776	1776	GENE0356	356	inactive	linear	1.0	0.0	0.00017776531221109476
g01777	1777	GENE0356	356	inactive	linear	1.0	0.0	0.0005380704389416805
g01778	1778	GENE0356	356	inactive	linear	1.0	0.0	0.0007790591590942799
g01779	1779	GENE0356	356	inactive	linear	1.0	0.0	0.00013494294580470187
g01780	1780	GENE0356	356	inactive	linear	1.0	0.0	0.0004814008818026323
g01781	1781	GENE0357	357	decreasing	linear	1.0	-0.3432590538965029	0.0001677380646792951
g01782	1782	GENE0357	357	decreasing	linear	1.0	-0.3432590538965029	0.0003390717820700569
g01783	1783	GENE0357	357	decreasing	linear	1.0	-0.3432590538965029	0.0007682792953385126
g01784	1784	GENE0357	357	decreasing	linear	1.0	-0.3432590538965029	0.00021314950802208915
g01785	1785	GENE0357	357	decreasing	linear	1.0	-0.3432590538965029	0.0007578934923372036
g01786	1786	GENE0358	358	inactive	sigmoidal	1.0	0.0	0.0004881734073748002
g01787	1787	GENE0358	358	inactive	sigmoidal	1.0	0.0	0.0007254065805280766
g01788	1788	GENE0358	358	inactive	sigmoidal	1.0	0.0	0.00017728652012052556
g01789	1789	GENE0358	358	inactive	sigmoidal	1.0	0.0	0.00010617753978513515
g01790	1790	GENE0358	358	inactive	sigmoidal	0.1250217313196212	0.0	0.00038351355216395024
g01791	1791	GENE0359	359	decreasing	linear	1.0	-0.5209458700587094	0.0002515452353016605
g01792	1792	GENE0359	359	decreasing	linear	0.05423030326400049	-0.028251052517412403	0.00015335661486446734
g01793	1793	GENE0359	359	decreasing	linear	1.0	-0.5209458700587094	0.00023590675680297728
g01794	1794	GENE0359	359	decreasing	linear	1.0	-0.5209458700587094	0.00029169149760827876
g01795	1795	GENE0359	359	decreasing	linear	0.01633311906232887	-0.008508670920697407	0.0004021027853028649
g01796	1796	GENE0360	360	increasing	sigmoidal	0.12083393062374732	0.0	0.0007509670269903789
g01797	1797	GENE0360	360	increasing	sigmoidal	1.0	0.6757976674748167	0.001225677619338669
g01798	1798	GENE0360	360	increasing	sigmoidal	1.0	0.6757976674748167	0.00033474118014817903
g01799	1799	GENE0360	360	increasing	sigmoidal	1.0	0.6757976674748167	0.0003149869379519184
g01800	1800	GENE0360	360	increasing	sigmoidal	1.0	0.6757976674748167	0.0001875982376545896
g01801	1801	GENE0361	361	inactive	linear	1.0	0.0	0.0003676424124596988
g01802	1802	GENE0361	361	inactive	linear	0.05168839544078441	0.0	0.0004531703996916451
g01803	1803	GENE0361	361	inactive	linear	1.0	0.0	0.0004326694879776732
g01804	1804	GENE0361	361	inactive	linear	1.0	0.0	0.0004127780591891608
g01805	1805	GENE0361	361	inactive	linear	1.0	0.0	0.00021975433640112263
g01806	1806	GENE0362	362	inactive	linear	1.0	0.0	0.0007079065354651968
g01807	1807	GENE0362	362	inactive	linear	1.0	0.0	0.0005970136506703139
g01808	1808	GENE0362	362	inactive	linear	1.0	0.0	0.0004945907439124408
g01809	1809	GENE0362	362	inactive	linear	0.01470651388058284	0.0	0.0003152554433672438
g01810	1810	GENE0362	362	inactive	linear	0.006981376323916856	0.0	0.000779431572395261
g01811	1811	GENE0363	363	increasing	linear	1.0	0.8193014365806881	0.0004885510113948076
g01812	1812	GENE0363	363	increasing	linear	1.0	0.8193014365806881	0.0002528417234045164
g01813	1813	GENE0363	363	increasing	linear	0.09676424651898949	0.07927908618265593	0.0003716529526219051
g01814	1814	GENE0363	363	increasing	linear	1.0	0.8193014365806881	0.00031621773085581417
g01815	1815	GENE0363	363	increasing	linear	0.1320170139604994	0.10816172919092991	0.0014122046540691502
g01816	1816	GENE0364	364	increasing	sigmoidal	0.03632541297828699	0.0	0.00021288970376178435
g01817	1817	GENE0364	364	increasing	sigmoidal	1.0	0.4567873137658359	0.00021575653226376242
g01818	1818	GENE0364	364	increasing	sigmoidal	1.0	0.4567873137658359	0.0005111649768369446
g01819	1819	GENE0364	364	increasing	sigmoidal	1.0	0.4567873137658359	0.0011981304825098842
g01820	1820	GENE0364	364	increasing	sigmoidal	1.0	0.4567873137658359	0.00027766669248112803
g01821	1821	GENE0365	365	inactive	linear	0.057261392323351396	0.0	0.0003366921480071792
g01822	1822	GENE0365	365	inactive	linear	1.0	0.0	0.00031513912499080685
g01823	1823	GENE0365	365	inactive	linear	1.0	0.0	0.00024165533300631042
g01824	1824	GENE0365	365	inactive	linear	1.0	0.0	0.0004821415762703679
g01825	1825	GENE0365	365	inactive	linear	1.0	0.0	0.0009128373618187989
g01826	1826	GENE0366	366	inactive	linear	1.0	0.0	0.0004311020718827627
g01827	1827	GENE0366	366	inactive	linear	1.0	0.0	0.0006074634470884349
g01828	1828	GENE0366	366	inactive	linear	1.0	0.0	0.00011354303301875526
g01829	1829	GENE0366	366	inactive	linear	1.0	0.0	0.0005090584500608061
g01830	1830	GENE0366	366	inactive	linear	0.06099953350269383	0.0	0.000265244184392509
g01831	1831	GENE0367	367	inactive	sigmoidal	1.0	0.0	0.00023893328064173138
g01832	1832	GENE0367	367	inactive	sigmoidal	1.0	0.0	0.0005858609139934888
g01833	1833	GENE0367	367	inactive	sigmoidal	1.0	0.0	0.0005287839750936144
g01834	1834	GENE0367	367	inactive	sigmoidal	0.08920398266971546	0.0	0.00047108691943032897
g01835	1835	GENE0367	367	inactive	sigmoidal	1.0	0.0	0.0002520958975426213
g01836	1836	GENE0368	368	increasing	linear	1.0	0.7849723685843742	0.00042414885162971093
g01837	1837	GENE0368	368	increasing	linear	1.0	0.7849723685843742	0.0004880836311442903
g01838	1838	GENE0368	368	increasing	linear	1.0	0.7849723685843742	0.000255649445547008
g01839	1839	GENE0368	368	increasing	linear	1.0	0.7849723685843742	0.0007479140906331338
g01840	1840	GENE0368	368	increasing	linear	1.0	0.7849723685843742	0.00032824019061634095
g01841	1841	GENE0369	369	decreasing	linear	1.0	-0.39229260436448465	0.00037481567785217887
g01842	1842	GENE0369	369	decreasing	linear	1.0	-0.39229260436448465	0.0006075712358333125
g01843	1843	GENE0369	369	decreasing	linear	1.0	-0.39229260436448465	0.00017926690422418544
g01844	1844	GENE0369	369	decreasing	linear	1.0	-0.39229260436448465	0.00031513860450058275
g01845	1845	GENE0369	369	decreasing	linear	1.0	-0.39229260436448465	0.0002454577366189763
g01846	1846	GENE0370	370	inactive	linear	1.0	0.0	0.00027136613797294664
g01847	1847	GENE0370	370	inactive	linear	1.0	0.0	0.00028596859027222313
g01848	1848	GENE0370	370	inactive	linear	1.0	0.0	0.0003805125892132353
g01849	1849	GENE0370	370	inactive	linear	1.0	0.0	0.00023625793427148767
g01850	1850	GENE0370	370	inactive	linear	1.0	0.0	0.0006622395638012702
g01851	1851	GENE0371	371	decreasing	linear	1.0	-0.6649464863757636	0.0008748525403496418
g01852	1852	GENE0371	371	decreasing	linear	1.0	-0.6649464863757636	0.0005059190953051627
g01853	1853	GENE0371	371	decreasing	linear	1.0	-0.6649464863757636	0.00019413063269835566
g01854	1854	GENE0371	371	decreasing	linear	1.0	-0.6649464863757636	0.0003859079937399214
g01855	1855	GENE0371	371	decreasing	linear	1.0	-0.6649464863757636	0.0003869977713121158
g01856	1856	GENE0372	372	inactive	sigmoidal	1.0	0.0	0.0020488262525160303
g01857	1857	GENE0372	372	inactive	sigmoidal	1.0	0.0	0.0008073749799870778
g01858	1858	GENE0372	372	inactive	sigmoidal	1.0	0.0	0.00021928305579452145
g01859	1859	GENE0372	372	inactive	sigmoidal	1.0	0.0	0.0009139586587488248
g01860	1860	GENE0372	372	inactive	sigmoidal	1.0	0.0	0.000886738991606005
g01861	1861	GENE0373	373	inactive	linear	0.07772035548039007	0.0	0.00023191193894428965
g01862	1862	GENE0373	373	inactive	linear	1.0	0.0	0.0003150327579606019
g01863	1863	GENE0373	373	inactive	linear	1.0	0.0	0.0005595866061231987
g01864	1864	GENE0373	373	inactive	linear	1.0	0.0	0.00025704280982944056
g01865	1865	GENE0373	373	inactive	linear	0.03316660465200929	0.0	0.0006150336497619893
g01866	1866	GENE0374	374	inactive	linear	0.13945110091143764	0.0	0.0010190695493024365
g01867	1867	GENE0374	374	inactive	linear	1.0	0.0	7.592325232174973e-5
g01868	1868	GENE0374	374	inactive	linear	1.0	0.0	0.0003197972129963531
g01869	1869	GENE0374	374	inactive	linear	1.0	0.0	0.0004596049092856149
g01870	1870	GENE0374	374	inactive	linear	0.12828314954451797	0.0	0.0007215718230601567
g01871	1871	GENE0375	375	inactive	linear	1.0	0.0	0.0014851179792240302
g01872	1872	GENE0375	375	inactive	linear	1.0	0.0	0.0008948074381590142
g01873	1873	GENE0375	375	inactive	linear	1.0	0.0	0.0005355001118776256
g01874	1874	GENE0375	375	inactive	linear	1.0	0.0	0.001104556869935239
g01875	1875	GENE0375	375	inactive	linear	1.0	0.0	0.0003039577944202425
g01876	1876	GENE0376	376	inactive	linear	0.07235917765819931	0.0	0.0008477786729344539
g01877	1877	GENE0376	376	inactive	linear	1.0	0.0	0.0012407327539183442
g01878	1878	GENE0376	376	inactive	linear	0.07113199799871389	0.0	0.0005140921817557737
g01879	1879	GENE0376	376	inactive	linear	1.0	0.0	0.001968388919982018
g01880	1880	GENE0376	376	inactive	linear	1.0	0.0	0.00031221616648603967
g01881	1881	GENE0377	377	inactive	linear	0.04874377894226408	0.0	0.0005356706425668288
g01882	1882	GENE0377	377	inactive	linear	1.0	0.0	0.0005716856531098892
g01883	1883	GENE0377	377	inactive	linear	1.0	0.0	0.0002078893613013943
g01884	1884	GENE0377	377	inactive	linear	1.0	0.0	0.00015556124637439086
g01885	1885	GENE0377	377	inactive	linear	1.0	0.0	0.00023091415591969364
g01886	1886	GENE0378	378	inactive	linear	1.0	0.0	0.00032766157952045374
g01887	1887	GENE0378	378	inactive	linear	1.0	0.0	0.00013795993185964674
g01888	1888	GENE0378	378	inactive	linear	1.0	0.0	0.0002540229129737419
g01889	1889	GENE0378	378	inactive	linear	1.0	0.0	0.001541243107249829
g01890	1890	GENE0378	378	inactive	linear	1.0	0.0	0.0006607454904116233
g01891	1891	GENE0379	379	inactive	linear	1.0	0.0	0.00023372778312172725
g01892	1892	GENE0379	379	inactive	linear	1.0	0.0	0.0003635206824300237
g01893	1893	GENE0379	379	inactive	linear	1.0	0.0	0.00019539509648485253
g01894	1894	GENE0379	379	inactive	linear	1.0	0.0	0.001088050991255564
g01895	1895	GENE0379	379	inactive	linear	1.0	0.0	0.00027901741558135714
g01896	1896	GENE0380	380	inactive	linear	1.0	0.0	0.000136150125425666
g01897	1897	GENE0380	380	inactive	linear	1.0	0.0	0.0005486489228726349
g01898	1898	GENE0380	380	inactive	linear	1.0	0.0	0.00041607012599036483
g01899	1899	GENE0380	380	inactive	linear	1.0	0.0	0.0008446344422763794
g01900	1900	GENE0380	380	inactive	linear	1.0	0.0	0.0007005123775287865
g01901	1901	GENE0381	381	decreasing	linear	1.0	-0.6403116034244658	0.0006075065744427853
g01902	1902	GENE0381	381	decreasing	linear	1.0	-0.6403116034244658	0.0001921146849360446
g01903	1903	GENE0381	381	decreasing	linear	1.0	-0.6403116034244658	0.0004007262755469301
g01904	1904	GENE0381	381	decreasing	linear	1.0	-0.6403116034244658	0.0009213610691709337
g01905	1905	GENE0381	381	decreasing	linear	1.0	-0.6403116034244658	0.00048507004490370244
g01906	1906	GENE0382	382	inactive	linear	1.0	0.0	4.15173144676609e-5
g01907	1907	GENE0382	382	inactive	linear	1.0	0.0	0.00010058688147098675
g01908	1908	GENE0382	382	inactive	linear	1.0	0.0	0.0005615149506917156
g01909	1909	GENE0382	382	inactive	linear	1.0	0.0	0.00023620126339371833
g01910	1910	GENE0382	382	inactive	linear	1.0	0.0	0.00011146704661652571
g01911	1911	GENE0383	383	inactive	linear	1.0	0.0	0.0005564572425085743
g01912	1912	GENE0383	383	inactive	linear	1.0	0.0	0.0005373392913445227
g01913	1913	GENE0383	383	inactive	linear	1.0	0.0	0.0006250443148797146
g01914	1914	GENE0383	383	inactive	linear	1.0	0.0	0.0003449962528973975
g01915	1915	GENE0383	383	inactive	linear	1.0	0.0	0.0002281830821516433
g01916	1916	GENE0384	384	inactive	linear	1.0	0.0	0.00018622972826147838
g01917	1917	GENE0384	384	inactive	linear	1.0	0.0	0.0011819701827340387
g01918	1918	GENE0384	384	inactive	linear	1.0	0.0	0.0006207271571812741
g01919	1919	GENE0384	384	inactive	linear	1.0	0.0	0.0009333618570112066
g01920	1920	GENE0384	384	inactive	linear	1.0	0.0	0.0005625233544903745
g01921	1921	GENE0385	385	inactive	linear	1.0	0.0	0.0004907925134592304
g01922	1922	GENE0385	385	inactive	linear	1.0	0.0	0.00040395997984756925
g01923	1923	GENE0385	385	inactive	linear	1.0	0.0	0.000307561516796482
g01924	1924	GENE0385	385	inactive	linear	1.0	0.0	0.0005454790396488071
g01925	1925	GENE0385	385	inactive	linear	0.11868517278047526	0.0	0.0005361897534002738
g01926	1926	GENE0386	386	decreasing	sigmoidal	1.0	-0.2350420269826854	0.00032856932451943933
g01927	1927	GENE0386	386	decreasing	sigmoidal	1.0	-0.2350420269826854	0.000993145365225091
g01928	1928	GENE0386	386	decreasing	sigmoidal	1.0	-0.2350420269826854	0.00039252923013457066
g01929	1929	GENE0386	386	decreasing	sigmoidal	0.10042713665720249	0.0	0.0005565307903895656
g01930	1930	GENE0386	386	decreasing	sigmoidal	1.0	-0.2350420269826854	0.00047768999064154373
g01931	1931	GENE0387	387	increasing	linear	1.0	0.19895151340912265	0.00040245171030385747
g01932	1932	GENE0387	387	increasing	linear	1.0	0.19895151340912265	0.00022753474513968657
g01933	1933	GENE0387	387	increasing	linear	0.10903190444958354	0.0216920624001235	0.0004495823937081084
g01934	1934	GENE0387	387	increasing	linear	1.0	0.19895151340912265	0.0004253140252187223
g01935	1935	GENE0387	387	increasing	linear	1.0	0.19895151340912265	0.0013019029732495848
g01936	1936	GENE0388	388	inactive	sigmoidal	1.0	0.0	0.0007508786836538166
g01937	1937	GENE0388	388	inactive	sigmoidal	1.0	0.0	0.0005787749921269754
g01938	1938	GENE0388	388	inactive	sigmoidal	1.0	0.0	0.0007791989759211119
g01939	1939	GENE0388	388	inactive	sigmoidal	0.08478735650440203	0.0	0.00029448175527095746
g01940	1940	GENE0388	388	inactive	sigmoidal	1.0	0.0	0.00020164282904015356
g01941	1941	GENE0389	389	inactive	sigmoidal	1.0	0.0	0.00013687275900986056
g01942	1942	GENE0389	389	inactive	sigmoidal	1.0	0.0	0.0008058424206791235
g01943	1943	GENE0389	389	inactive	sigmoidal	0.0868579138862763	0.0	0.0003154096114841644
g01944	1944	GENE0389	389	inactive	sigmoidal	1.0	0.0	0.0004108498934862404
g01945	1945	GENE0389	389	inactive	sigmoidal	1.0	0.0	0.00043910913480337487
g01946	1946	GENE0390	390	inactive	sigmoidal	1.0	0.0	0.0010839291923426656
g01947	1947	GENE0390	390	inactive	sigmoidal	1.0	0.0	9.002055768176514e-5
g01948	1948	GENE0390	390	inactive	sigmoidal	1.0	0.0	0.00027916607915523214
g01949	1949	GENE0390	390	inactive	sigmoidal	1.0	0.0	0.000606297670355921
g01950	1950	GENE0390	390	inactive	sigmoidal	1.0	0.0	0.0003665507583470362
g01951	1951	GENE0391	391	inactive	linear	1.0	0.0	0.00014409884102618763
g01952	1952	GENE0391	391	inactive	linear	1.0	0.0	0.0004598705108747394
g01953	1953	GENE0391	391	inactive	linear	1.0	0.0	0.000903663639955687
g01954	1954	GENE0391	391	inactive	linear	1.0	0.0	0.00015704387057332002
g01955	1955	GENE0391	391	inactive	linear	1.0	0.0	0.00028171104352549926
g01956	1956	GENE0392	392	inactive	sigmoidal	1.0	0.0	0.0004217055546227487
g01957	1957	GENE0392	392	inactive	sigmoidal	1.0	0.0	0.00014433543402136398
g01958	1958	GENE0392	392	inactive	sigmoidal	1.0	0.0	0.0007098396261069779
g01959	1959	GENE0392	392	inactive	sigmoidal	1.0	0.0	0.0003616600663329599
g01960	1960	GENE0392	392	inactive	sigmoidal	1.0	0.0	0.00038260363477577694
g01961	1961	GENE0393	393	inactive	linear	1.0	0.0	0.0003020564121850811
g01962	1962	GENE0393	393	inactive	linear	0.060125810658004715	0.0	0.00022641908074636055
g01963	1963	GENE0393	393	inactive	linear	1.0	0.0	0.0003415039843942153
g01964	1964	GENE0393	393	inactive	linear	1.0	0.0	0.00024531250984294
g01965	1965	GENE0393	393	inactive	linear	1.0	0.0	0.00019502409467256628
g01966	1966	GENE0394	394	inactive	linear	1.0	0.0	0.0017005329708472334
g01967	1967	GENE0394	394	inactive	linear	1.0	0.0	0.0001456611864765845
g01968	1968	GENE0394	394	inactive	linear	1.0	0.0	0.0005046205895317955
g01969	1969	GENE0394	394	inactive	linear	1.0	0.0	0.0003931286989334
g01970	1970	GENE0394	394	inactive	linear	1.0	0.0	0.0011652331996789558
g01971	1971	GENE0395	395	inactive	linear	1.0	0.0	0.0016388823059541612
g01972	1972	GENE0395	395	inactive	linear	1.0	0.0	0.0006127471944559095
g01973	1973	GENE0395	395	inactive	linear	1.0	0.0	0.001858761422375281
g01974	1974	GENE0395	395	inactive	linear	1.0	0.0	0.0005133060576247526
g01975	1975	GENE0395	395	inactive	linear	1.0	0.0	0.0005938428927736488
g01976	1976	GENE0396	396	decreasing	sigmoidal	1.0	-0.5807577571567625	0.00030156259503330085
g01977	1977	GENE0396	396	decreasing	sigmoidal	1.0	-0.5807577571567625	0.00042017911377135097
g01978	1978	GENE0396	396	decreasing	sigmoidal	1.0	-0.5807577571567625	0.0008518038655868612
g01979	1979	GENE0396	396	decreasing	sigmoidal	1.0	-0.5807577571567625	0.0005097205770051601
g01980	1980	GENE0396	396	decreasing	sigmoidal	1.0	-0.5807577571567625	0.0010967423380865498
g01981	1981	GENE0397	397	increasing	linear	1.0	0.3985189465302187	0.00011444746039864266
g01982	1982	GENE0397	397	increasing	linear	1.0	0.3985189465302187	0.0006615054122228921
g01983	1983	GENE0397	397	increasing	linear	0.10621245005797245	0.04232767370549664	0.0009789891522636839
g01984	1984	GENE0397	397	increasing	linear	0.013064748901065668	0.005206549968734522	0.0006514734073245657
g01985	1985	GENE0397	397	increasing	linear	0.11116563406368653	0.044301611377424145	0.0003534510364637787
g01986	1986	GENE0398	398	inactive	linear	1.0	0.0	0.0003447038168042218
g01987	1987	GENE0398	398	inactive	linear	0.18459312919430654	0.0	0.00018270820078242843
g01988	1988	GENE0398	398	inactive	linear	1.0	0.0	0.0001446051717434676
g01989	1989	GENE0398	398	inactive	linear	1.0	0.0	0.0007126535725064458
g01990	1990	GENE0398	398	inactive	linear	1.0	0.0	0.0005782336267008139
g01991	1991	GENE0399	399	inactive	sigmoidal	1.0	0.0	0.0003318492499905751
g01992	1992	GENE0399	399	inactive	sigmoidal	1.0	0.0	0.0006725221948041663
g01993	1993	GENE0399	399	inactive	sigmoidal	1.0	0.0	0.00039936473907665
g01994	1994	GENE0399	399	inactive	sigmoidal	1.0	0.0	0.0009409795206939063
g01995	1995	GENE0399	399	inactive	sigmoidal	1.0	0.0	0.0002378879874949103
g01996	1996	GENE0400	400	increasing	linear	1.0	0.5316103550618142	0.00021857494737491747
g01997	1997	GENE0400	400	increasing	linear	1.0	0.5316103550618142	0.0016657557374237717
g01998	1998	GENE0400	400	increasing	linear	1.0	0.5316103550618142	0.00021899366679544138
g01999	1999	GENE0400	400	increasing	linear	1.0	0.5316103550618142	0.00042869065773957376
g02000	2000	GENE0400	400	increasing	linear	1.0	0.5316103550618142	0.000580196734506838
