"gene","n_guides","barcs_estimate","barcs_p","barcs_fdr","barcs_agreement","barcs_null_scale","barcs_control_scale","barcs_control_scale_fdr","mageck_lfc","mageck_score","mageck_p","mageck_fdr","mageck_enriched","barcs_rank","mageck_rank"
"IFNG",6,2.23151489368257,7.78124590708573e-47,1.47610234857416e-42,1,1.6840302347606,1.4966805594784,1.52427815400662e-54,3.3981,2.2608e-28,2.615e-07,0.000127,TRUE,1,3
"VAV1",6,2.1063010366023,2.47050119585478e-36,2.34327038426826e-32,1,1.6840302347606,1.4966805594784,1.45361837677167e-41,3.1888,2.0688e-36,2.615e-07,0.000127,TRUE,2,1
"CD28",6,1.904383241015,2.98397715725849e-24,1.88686822243979e-20,1,1.6840302347606,1.4966805594784,1.81289324547126e-26,3.1484,1.5221e-29,2.615e-07,0.000127,TRUE,3,2
"MAP4K1",6,-1.73157960312388,2.8095857903922e-12,3.55318949624934e-09,1,1.6840302347606,1.4966805594784,4.75706022746289e-12,-2.863,2.6622e-23,2.615e-07,7.7e-05,FALSE,15,4
"TNFRSF1A",6,1.54867330836144,8.42590005085448e-24,3.99598309911774e-20,1,1.6840302347606,1.4966805594784,5.04729675400699e-26,2.2493,4.3994e-21,2.615e-07,0.000127,TRUE,4,6
"TNFRSF1B",6,1.37770369540396,4.91516870628447e-17,1.86481500716433e-13,1,1.6840302347606,1.4966805594784,1.41845862262041e-17,2.1183,3.3466e-21,2.615e-07,0.000127,TRUE,5,5
"IL1R1",6,1.02934781174336,1.07657797147339e-16,3.40378068647505e-13,0.833333333333333,1.6840302347606,1.4966805594784,3.1805471956077e-17,1.4964,8.6937e-13,2.615e-07,0.000127,TRUE,6,19
"SLA2",6,-1.58140141866064,7.7702922941734e-13,1.1683574799667e-09,1,1.6840302347606,1.4966805594784,1.12700664243091e-12,-2.3685,2.4744e-19,2.615e-07,7.7e-05,FALSE,12,7
"TBX21",6,0.982706913740872,1.93223647485636e-16,5.23636084686073e-13,0.833333333333333,1.6840302347606,1.4966805594784,5.70445359270625e-17,1.5582,1.2324e-16,2.615e-07,0.000127,TRUE,7,9
"LCP2",6,1.10718313404972,3.38940080018585e-15,8.03711664744069e-12,1,1.6840302347606,1.4966805594784,1.85547497865046e-15,1.5387,1.9414e-13,2.615e-07,0.000127,TRUE,8,16
"MUC1",6,-1.39219190441554,8.82617898957522e-15,1.67432615432242e-11,1,1.6840302347606,1.4966805594784,4.9668329489809e-15,-2.1909,5.2528e-17,2.615e-07,7.7e-05,FALSE,10,8
"IL9R",6,0.917831333876962,4.033667420051e-15,8.50207455092971e-12,1,1.6840302347606,1.4966805594784,2.05438443933663e-15,1.2019,1.0116e-12,2.615e-07,0.000127,TRUE,9,21
"JMJD1C",6,-1.29502059015551,3.10214139537852e-11,3.26931234835169e-08,1,1.6840302347606,1.4966805594784,8.18812695229127e-11,-2.1548,1.6254e-16,2.615e-07,7.7e-05,FALSE,18,10
"EBF2",6,-1.18903987841654,7.16635962662315e-14,1.2358712919731e-10,1,1.6840302347606,1.4966805594784,6.34301179790817e-14,-1.7028,1.4072e-14,2.615e-07,7.7e-05,FALSE,11,13
"GRAP",6,-1.20186655871808,4.38944300567505e-11,4.28469620162747e-08,1,1.6840302347606,1.4966805594784,1.18349556044663e-10,-2.0429,2.5146e-15,2.615e-07,7.7e-05,FALSE,19,11
"LAT2",6,-1.35068487877718,3.85605085974516e-08,2.15144955321664e-05,1,1.6840302347606,1.4966805594784,3.42486339391573e-07,-2.7539,7.9682e-15,2.615e-07,7.7e-05,FALSE,34,12
"TRAF3IP2",6,0.860606247258684,8.00666696867008e-13,1.1683574799667e-09,1,1.6840302347606,1.4966805594784,1.12700664243091e-12,1.274,1.6344e-10,2.615e-07,0.000127,TRUE,13,39
"LAT",6,0.950354783246142,2.6170750859596e-12,3.54613674147526e-09,1,1.6840302347606,1.4966805594784,4.66046422882605e-12,1.3232,1.3452e-10,2.615e-07,0.000127,TRUE,14,36
"SETD1B",6,-0.901280693869107,4.67397829401165e-08,2.46292689548336e-05,1,1.6840302347606,1.4966805594784,4.12041801882217e-07,-1.4211,1.7346e-14,2.615e-07,7.7e-05,FALSE,36,14
"FOXF1",6,-0.851733750614572,3.52212391298636e-07,0.000139197272144482,0.833333333333333,1.6840302347606,1.4966805594784,3.91920234057085e-06,-1.7342,9.8015e-14,2.615e-07,7.7e-05,FALSE,48,15
"EMP1",6,0.738857459976426,1.10908346018946e-11,1.31495707748713e-08,1,1.6840302347606,1.4966805594784,2.51888504075455e-11,0.9514,1.7899e-10,2.615e-07,0.000127,TRUE,16,40
"RELA",6,1.03810819218328,1.61363010345322e-11,1.80062135661809e-08,1,1.6840302347606,1.4966805594784,3.80342236304447e-11,1.623,2.028e-13,2.615e-07,0.000127,TRUE,17,17
"GATA3",6,-0.981036750405797,4.13598020177148e-08,2.24170126936014e-05,1,1.6840302347606,1.4966805594784,3.63372078593103e-07,-1.7004,3.2641e-13,2.615e-07,7.7e-05,FALSE,35,18
"FOXQ1",6,0.952706624827302,4.5173391688218e-11,4.28469620162747e-08,1,1.6840302347606,1.4966805594784,1.18349556044663e-10,1.2653,3.6942e-12,2.615e-07,0.000127,TRUE,20,28
"IL2RB",6,-1.10673489822513,1.24823501855957e-09,1.02952253487283e-06,1,1.6840302347606,1.4966805594784,6.74063276278511e-09,-1.6705,9.2793e-13,2.615e-07,7.7e-05,FALSE,23,20
"EOMES",6,0.78528535712831,6.10973820980918e-11,5.51913018286096e-08,1,1.6840302347606,1.4966805594784,1.64918166462929e-10,1.1267,1.7507e-08,2.615e-07,0.000127,TRUE,21,67
"IKZF3",6,-1.17498637288108,3.73882107578729e-10,3.22388344580386e-07,1,1.6840302347606,1.4966805594784,1.54329098166056e-09,-1.8667,1.64e-12,2.615e-07,7.7e-05,FALSE,22,24
"SOCS3",6,-0.931180634781286,1.13060021648363e-05,0.00255327215555886,1,1.6840302347606,1.4966805594784,0.000174753947016191,-1.296,1.0368e-12,2.615e-07,7.7e-05,FALSE,84,22
"NLRC3",6,0.867140935966045,3.0163111913057e-07,0.000121743453827806,1,1.6840302347606,1.4966805594784,3.29375467629006e-06,1.0797,1.5419e-12,2.615e-07,0.000127,TRUE,47,23
"TRIM28",6,-0.767514150765949,1.97522782249772e-09,1.5612529913659e-06,0.833333333333333,1.6840302347606,1.4966805594784,1.15149604827717e-08,-1.0538,5.5102e-09,2.615e-07,7.7e-05,FALSE,24,59
"OTUD7A",6,0.812852787316162,3.3045740960298e-09,2.50751082406741e-06,1,1.6840302347606,1.4966805594784,2.11346756937234e-08,1.1467,1.9984e-09,2.615e-07,0.000127,TRUE,25,53
"SPN",6,-0.763435285961419,5.26890890221545e-07,0.000195982748774563,0.833333333333333,1.6840302347606,1.4966805594784,6.1200758276916e-06,-1.4049,2.6923e-12,2.615e-07,7.7e-05,FALSE,51,25
"LYN",6,-0.789112436616471,5.14419021315623e-09,3.75328032090668e-06,1,1.6840302347606,1.4966805594784,3.54796865234048e-08,-1.1669,2.8514e-11,2.615e-07,7.7e-05,FALSE,26,32
"RNF19B",6,-0.864130577626547,1.40714688061411e-08,9.20468149146538e-06,1,1.6840302347606,1.4966805594784,1.1291047488277e-07,-1.3504,3.1228e-12,2.615e-07,7.7e-05,FALSE,29,26
"BTLA",6,-0.96401625857639,6.71033926348258e-09,4.71463466030609e-06,1,1.6840302347606,1.4966805594784,4.77441034165477e-08,-1.522,5.1147e-11,2.615e-07,7.7e-05,FALSE,27,33
"FOXL2NB",6,-1.0372813455176,1.22826019353222e-06,0.000416073140559038,1,1.6840302347606,1.4966805594784,1.61463045906344e-05,-2.1458,3.6764e-12,2.615e-07,7.7e-05,FALSE,56,27
"WT1",6,0.781211065752455,1.17563810076104e-08,7.96494813265606e-06,1,1.6840302347606,1.4966805594784,9.32625311775939e-08,1.3348,3.7579e-10,2.615e-07,0.000127,TRUE,28,45
"CD2",6,0.831707503724444,1.00568619480425e-07,5.15618030146937e-05,0.833333333333333,1.6840302347606,1.4966805594784,1.05122188007655e-06,1.4413,6.4748e-12,2.615e-07,0.000127,TRUE,37,29
"FOXL2",6,-0.753268215685483,4.61680152552314e-06,0.00119973595807088,0.833333333333333,1.6840302347606,1.4966805594784,6.53417938708621e-05,-1.7314,1.314e-11,2.615e-07,7.7e-05,FALSE,73,30
"PIK3AP1",6,0.742325491456329,2.27871678991428e-08,1.44090858348913e-05,1,1.6840302347606,1.4966805594784,2.00220569050896e-07,1.0489,2.7342e-10,2.615e-07,0.000127,TRUE,30,42
"HELZ2",6,0.903252797215261,1.10865250611815e-05,0.00253387205313993,1,1.6840302347606,1.4966805594784,0.000172562365068179,1.4307,1.9342e-11,2.615e-07,0.000127,TRUE,83,31
"INPPL1",6,-1.0520282652244,2.86777649331744e-08,1.75489419607199e-05,1,1.6840302347606,1.4966805594784,2.58782759442926e-07,-1.4667,7.1792e-11,2.615e-07,7.7e-05,FALSE,31,35
"SELPLG",6,-0.717300888759792,2.96629521100281e-08,1.7584568797726e-05,1,1.6840302347606,1.4966805594784,2.61581615082525e-07,-0.96273,5.29e-11,2.615e-07,7.7e-05,FALSE,32,34
"TRADD",6,0.639446615328271,3.07245850054754e-08,1.7661981137996e-05,1,1.6840302347606,1.4966805594784,2.65131612026206e-07,0.62347,4.5108e-06,2.0136e-05,0.00421,TRUE,33,164
"CD52",6,-0.7764246605151,1.7038114052441e-07,7.69556155920385e-05,1,1.6840302347606,1.4966805594784,1.79730133024471e-06,-1.2701,1.458e-10,2.615e-07,7.7e-05,FALSE,41,37
"BICDL2",6,0.644384097494973,1.11390227909809e-07,5.56071743012917e-05,0.833333333333333,1.6840302347606,1.4966805594784,1.16397040168344e-06,1.258,4.1505e-10,2.615e-07,0.000127,TRUE,38,48
"FOXA3",6,-0.776808843710829,1.25820039358935e-07,5.96701536659749e-05,1,1.6840302347606,1.4966805594784,1.28886255353866e-06,-1.1023,1.6043e-10,2.615e-07,7.7e-05,FALSE,40,38
"TAGAP",6,0.80122735110425,1.21875119020858e-07,5.92813078929662e-05,1,1.6840302347606,1.4966805594784,1.26999183413637e-06,1.1451,3.5516e-10,2.615e-07,0.000127,TRUE,39,43
"FOSL1",6,0.706971943798229,2.09678517382076e-07,8.83911438830662e-05,1,1.6840302347606,1.4966805594784,2.17772880388973e-06,1.3607,2.0338e-10,2.615e-07,0.000127,TRUE,45,41
"OTUD7B",6,0.800226645851343,1.70381436735141e-07,7.69556155920385e-05,1,1.6840302347606,1.4966805594784,1.79730133024471e-06,1.2377,6.3314e-09,2.615e-07,0.000127,TRUE,42,60
"PTPRC",6,-0.825205140389637,1.79825521333135e-07,7.93323288299902e-05,1,1.6840302347606,1.4966805594784,1.87873770028521e-06,-1.3107,3.5754e-10,2.615e-07,7.7e-05,FALSE,43,44
"DEPDC7",6,0.74063101567513,1.84574142139627e-07,7.95766244633799e-05,1,1.6840302347606,1.4966805594784,1.89721765117178e-06,1.1528,1.4913e-09,2.615e-07,0.000127,TRUE,44,52
"APOBEC3C",6,0.785126314597679,2.26414942751283e-07,9.337155356504e-05,1,1.6840302347606,1.4966805594784,2.34637324720956e-06,1.0531,7.3744e-08,7.8451e-07,0.000345,TRUE,46,87
"MUC21",6,-0.698232565476353,1.60512293280744e-05,0.00342125640846709,0.833333333333333,1.6840302347606,1.4966805594784,0.000256008860981419,-1.6387,3.8672e-10,2.615e-07,7.7e-05,FALSE,89,46
"CD5",6,-0.921241528774357,8.33702279954103e-07,0.000288513361598868,1,1.6840302347606,1.4966805594784,1.01452913837463e-05,-1.3377,4.1491e-10,2.615e-07,7.7e-05,FALSE,54,47
"GATA6",6,-0.920709142721646,1.72006901573057e-06,0.000543828487140149,1,1.6840302347606,1.4966805594784,2.30068047978629e-05,-1.4892,5.1275e-10,2.615e-07,7.7e-05,FALSE,60,49
"ZNF717",6,0.675326265907956,3.64184663865775e-07,0.000140991491296607,0.666666666666667,1.6840302347606,1.4966805594784,4.00399780066248e-06,0.211,8.1218e-06,2.2751e-05,0.00421,TRUE,49,195
"EMP3",6,0.601739482498423,3.74797122624811e-07,0.000142198028323853,1,1.6840302347606,1.4966805594784,4.06820572005697e-06,0.89425,4.7584e-08,2.615e-07,0.000127,TRUE,50,81
"LAX1",6,-0.880188288766005,1.26909392931723e-05,0.00279938509757534,1,1.6840302347606,1.4966805594784,0.000197320296474503,-1.4425,6.4362e-10,2.615e-07,7.7e-05,FALSE,86,50
"TNFRSF9",6,0.642420913415307,5.48809286151003e-07,0.000200209849197779,1,1.6840302347606,1.4966805594784,6.31790459807372e-06,0.94659,1.2427e-09,2.615e-07,0.000127,TRUE,52,51
"LCK",6,-0.968775048839029,6.81787886575761e-07,0.000244028607704569,1,1.6840302347606,1.4966805594784,8.14207854513305e-06,-1.2637,1.0843e-08,2.615e-07,7.7e-05,FALSE,53,66
"GRB2",6,-0.866170989081275,8.36491032574473e-07,0.000288513361598868,1,1.6840302347606,1.4966805594784,1.01452913837463e-05,-1.4594,2.3412e-09,2.615e-07,7.7e-05,FALSE,55,54
"FOXD2",6,0.657011932579807,2.00854924815363e-05,0.00401075570920782,1,1.6840302347606,1.4966805594784,0.000317726096201572,1.1216,3.5344e-09,2.615e-07,0.000127,TRUE,95,55
"SLC16A1",6,0.867789276176673,7.9171452432912e-06,0.0019438143057886,1,1.6840302347606,1.4966805594784,0.000121785700155918,1.2747,3.8252e-09,2.615e-07,0.000127,TRUE,77,56
"LAPTM5",6,-0.7820105148887,3.098734962699e-06,0.000864455915329413,1,1.6840302347606,1.4966805594784,4.25190106395784e-05,-1.1473,4.8173e-09,2.615e-07,7.7e-05,FALSE,68,57
"RAC2",6,0.631710942540988,1.41558936012168e-06,0.000471118073008916,1,1.6840302347606,1.4966805594784,1.89600641772259e-05,0.88549,3.9194e-07,2.8765e-06,0.000923,TRUE,57,113
"APOL2",6,0.933170199065896,3.39687556839883e-06,0.00090758773989473,1,1.6840302347606,1.4966805594784,4.57017001125015e-05,1.3132,5.2767e-09,2.615e-07,0.000127,TRUE,71,58
"CEBPB",6,-0.904289197562806,1.61148315265207e-06,0.000527066127686376,1,1.6840302347606,1.4966805594784,2.19281796080886e-05,-1.4347,6.9601e-08,2.615e-07,7.7e-05,FALSE,58,84
"CD27",6,0.718570493298979,1.65013243402815e-06,0.000530559530059558,1,1.6840302347606,1.4966805594784,2.22079912883426e-05,1.1089,4.5198e-08,2.615e-07,0.000127,TRUE,59,80
"PLCG2",6,0.639418007640826,1.75248232414576e-06,0.000544993273590904,0.833333333333333,1.6840302347606,1.4966805594784,2.31666284792363e-05,1.0981,1.03e-08,2.615e-07,0.000127,TRUE,61,65
"TRIM21",6,0.755464139802032,1.22207655847318e-05,0.00272738733108662,0.666666666666667,1.6840302347606,1.4966805594784,0.000190406406524297,1.2925,6.5165e-09,2.615e-07,0.000127,TRUE,85,61
"FOXF2",6,-0.685382295933516,1.8910585727407e-06,0.000578602921369211,0.833333333333333,1.6840302347606,1.4966805594784,2.50795346627309e-05,-1.035,3.0679e-08,2.615e-07,7.7e-05,FALSE,62,74
"ZSWIM8",6,-0.525034232636366,0.000341585536719908,0.0410118837441561,1,1.6840302347606,1.4966805594784,0.00664255887289016,-0.8207,7.0664e-09,2.615e-07,7.7e-05,FALSE,158,62
"ARHGDIB",6,-0.80728962264068,2.04946067197036e-06,0.000617115380115521,1,1.6840302347606,1.4966805594784,2.73056738707288e-05,-1.2432,2.6735e-08,2.615e-07,7.7e-05,FALSE,63,73
"DEF6",6,0.83548943720485,2.75911094414643e-06,0.000793035372885723,1,1.6840302347606,1.4966805594784,3.78647292781288e-05,1.268,8.7479e-09,2.615e-07,0.000127,TRUE,66,63
"LPAR5",6,-0.656171343263618,2.48233912087166e-06,0.000735780830045864,1,1.6840302347606,1.4966805594784,3.41933807341722e-05,-0.7758,1.061e-06,1.3075e-06,0.000344,FALSE,64,126
"SLC5A10",6,0.598997256400427,7.3368488108112e-05,0.0124267876733115,0.833333333333333,1.6840302347606,1.4966805594784,0.00136698751407485,0.42731,9.3389e-09,2.615e-07,0.000127,TRUE,112,64
"CD247",6,0.829224410212632,2.60466762702443e-06,0.000760162228994668,1,1.6840302347606,1.4966805594784,3.57640550437162e-05,1.0509,1.2343e-07,1.8305e-06,0.000707,TRUE,65,96
"CREB5",6,0.725935422732901,3.06100477908758e-06,0.000864455915329413,0.833333333333333,1.6840302347606,1.4966805594784,4.2494810154723e-05,0.91584,2.5528e-05,8.3942e-05,0.012376,TRUE,67,262
"CD44",6,-0.519841129007959,0.000289750127109546,0.0366437327417873,0.833333333333333,1.6840302347606,1.4966805594784,0.00569540681286398,-1.0463,1.9605e-08,2.615e-07,7.7e-05,FALSE,150,68
"AKAP12",6,0.670466292586441,1.36938287964696e-05,0.00295195377578441,1,1.6840302347606,1.4966805594784,0.000212142086902835,1.1963,1.9724e-08,2.615e-07,0.000127,TRUE,88,69
"PLAGL1",5,0.625324300473363,3.17912734462404e-06,0.000865755871705419,1,1.6840302347606,1.4966805594784,4.291634294377e-05,0.85711,5.1149e-07,2.8765e-06,0.000923,TRUE,69,117
"ATP2A2",6,-0.676211792934048,3.19467111330413e-06,0.000865755871705419,1,1.6840302347606,1.4966805594784,4.291634294377e-05,-1.0262,4.4445e-08,2.615e-07,7.7e-05,FALSE,70,79
"NFKBIA",6,-0.763993215938066,7.99248897477654e-06,0.0019438143057886,1,1.6840302347606,1.4966805594784,0.000121785700155918,-1.2601,2.1297e-08,2.615e-07,7.7e-05,FALSE,78,70
"GNA11",6,0.553741015348898,0.000123263125248869,0.0184263115940359,0.833333333333333,1.6840302347606,1.4966805594784,0.00231087924000133,0.82408,2.2973e-08,2.615e-07,0.000127,TRUE,126,71
"MIPEP",6,-0.505900499510846,0.000819291514961262,0.0720717844159639,0.5,1.6840302347606,1.4966805594784,0.0145427858962501,-0.68462,2.6479e-08,2.615e-07,7.7e-05,FALSE,215,72
"ZAP70",6,0.567780168237838,4.21061187524891e-06,0.00110937926768711,1,1.6840302347606,1.4966805594784,5.90154692319618e-05,0.79376,7.9138e-08,7.8451e-07,0.000345,TRUE,72,89
"UBASH3B",6,-0.750630121892446,5.84853804676098e-06,0.00149928063171697,1,1.6840302347606,1.4966805594784,8.67396033608167e-05,-1.0304,1.2159e-06,1.3075e-06,0.000344,FALSE,74,129
"CST5",6,-0.576169110921464,6.69930015806066e-06,0.00167336760884616,1,1.6840302347606,1.4966805594784,0.000100243953528058,-0.8952,1.1103e-07,2.615e-07,7.7e-05,FALSE,75,94
"PRKD2",6,0.575107733851179,9.70732146992568e-05,0.0154746124608815,1,1.6840302347606,1.4966805594784,0.00182692754143247,0.98005,3.5474e-08,2.615e-07,0.000127,TRUE,119,75
"LMO4",6,-0.568826117533611,9.61648591828061e-06,0.00228030922337229,1,1.6840302347606,1.4966805594784,0.000149766593174676,-0.99553,3.6058e-08,2.615e-07,7.7e-05,FALSE,80,76
"STAT4",6,0.602962018406219,6.70405578662668e-06,0.00167336760884616,0.833333333333333,1.6840302347606,1.4966805594784,0.000100243953528058,0.80722,9.0637e-06,2.3274e-05,0.00421,TRUE,76,201
"WLS",6,-0.532593991563442,0.000395962988476343,0.0448842938928642,0.833333333333333,1.6840302347606,1.4966805594784,0.00760481938718684,-0.99275,3.6481e-08,2.615e-07,7.7e-05,FALSE,166,77
"RHCE",6,-0.557619874146202,0.000408143491704807,0.0448842938928642,1,1.6840302347606,1.4966805594784,0.00760631146427484,-0.87491,4.0005e-08,2.615e-07,7.7e-05,FALSE,171,78
"PSTPIP1",6,-0.61747403076015,9.09324103038294e-06,0.00218352889046031,1,1.6840302347606,1.4966805594784,0.000141379789455304,-0.92288,5.224e-08,2.615e-07,7.7e-05,FALSE,79,82
"BCL9",6,0.541424594604929,1.07937560739377e-05,0.00250565627772432,0.833333333333333,1.6840302347606,1.4966805594784,0.000169630196735674,0.47629,1.3484e-05,2.5889e-05,0.004415,TRUE,81,221
"GCSAM",6,-0.729618979656381,1.08309865457772e-05,0.00250565627772432,1,1.6840302347606,1.4966805594784,0.000169630196735674,-1.0025,2.0296e-07,2.615e-07,7.7e-05,FALSE,82,104
"GABRQ",6,-0.638305989509684,0.000147553437418436,0.0212052174835434,1,1.6840302347606,1.4966805594784,0.00278205129416832,-0.99692,5.7958e-08,2.615e-07,7.7e-05,FALSE,132,83
"CDKN2C",6,0.807254863707749,0.00282389378752611,0.158488950146066,1,1.6840302347606,1.4966805594784,0.0433486857793637,1.2945,7.1509e-08,7.8451e-07,0.000345,TRUE,338,85
"TNFRSF8",6,0.5993477228164,0.000115067538252174,0.0177465951271848,1,1.6840302347606,1.4966805594784,0.00218694857211913,0.81359,7.3573e-08,7.8451e-07,0.000345,TRUE,123,86
"SLA",6,-0.640369592188804,1.29883810857321e-05,0.00283206424363606,1,1.6840302347606,1.4966805594784,0.000200804569225938,-0.65826,4.8705e-07,2.615e-07,7.7e-05,FALSE,87,116
"PCBP2",6,-0.593143353381285,0.000118455567993265,0.0179768169986579,1,1.6840302347606,1.4966805594784,0.00223157917115223,-1.013,7.5977e-08,2.615e-07,7.7e-05,FALSE,125,88
"NDNF",6,-0.68885995980594,1.87257992419381e-05,0.00390062403636356,1,1.6840302347606,1.4966805594784,0.000304789042893804,-1.1327,1.2539e-06,1.3075e-06,0.000344,FALSE,90,132
"XKR9",4,-0.607171961017742,7.16693026084188e-05,0.0122483483827181,0.75,1.6840302347606,1.4966805594784,0.00133940553639712,-1.2314,8.1342e-08,2.615e-07,7.7e-05,FALSE,111,90
"CNR2",6,0.593265189231897,1.87755037455158e-05,0.00390062403636356,1,1.6840302347606,1.4966805594784,0.000304789042893804,0.83072,1.7819e-07,2.3535e-06,0.000841,TRUE,91,102
"PTPN12",6,-0.663000180808967,2.00468451357458e-05,0.00401075570920782,1,1.6840302347606,1.4966805594784,0.000317726096201572,-1.0996,8.5225e-08,2.615e-07,7.7e-05,FALSE,94,91
"EP300",6,0.624948521173069,1.90756919791213e-05,0.00390062403636356,1,1.6840302347606,1.4966805594784,0.000305167878581443,0.46956,5.9342e-06,2.0659e-05,0.00421,TRUE,92,180
"MAP3K12",6,0.619372369617712,0.00146531716524999,0.104108863763267,1,1.6840302347606,1.4966805594784,0.0242262951348072,1.039,9.3705e-08,1.8305e-06,0.000707,TRUE,267,92
"MALSU1",6,0.439356566260869,6.64319791153884e-05,0.0116449300740894,0.833333333333333,1.6840302347606,1.4966805594784,0.00125150096731958,0.61222,1.0255e-07,1.8305e-06,0.000707,TRUE,108,93
"RIN2",6,0.532457194270892,1.91227219494893e-05,0.00390062403636356,1,1.6840302347606,1.4966805594784,0.000305167878581443,0.75348,5.8757e-07,2.8765e-06,0.000923,TRUE,93,121
"MERTK",6,0.572660797799335,5.63444219583096e-05,0.00998928677148722,1,1.6840302347606,1.4966805594784,0.00102790635360816,0.78187,1.1498e-07,1.8305e-06,0.000707,TRUE,107,95
"HLA-DOA",6,0.533753643717447,2.24140848976019e-05,0.00442911656778655,1,1.6840302347606,1.4966805594784,0.000360784377010756,0.75356,3.9059e-06,1.9613e-05,0.00421,TRUE,96,162
"B3GNT5",6,-0.654221527755684,2.89869660920609e-05,0.00566889429656077,1,1.6840302347606,1.4966805594784,0.000492927784505082,-0.99796,6.174e-06,6.5376e-06,0.001303,FALSE,97,183
"SLC8A2",6,-0.58982610723502,0.000127901037426955,0.0189553334374167,0.833333333333333,1.6840302347606,1.4966805594784,0.00239897082916906,-0.93481,1.2961e-07,2.615e-07,7.7e-05,FALSE,128,97
"CDKN1A",6,1.02077505484094,0.000531832751724299,0.0548308005446193,1,1.6840302347606,1.4966805594784,0.00991968803142152,1.585,1.3265e-07,1.8305e-06,0.000707,TRUE,184,98
"IKZF1",6,-0.667013520268331,3.52135594126731e-05,0.006816339000596,1,1.6840302347606,1.4966805594784,0.000622687864705028,-1.0572,2.8025e-07,2.615e-07,7.7e-05,FALSE,98,108
"CNGB1",6,0.480249306284771,3.63109214906811e-05,0.00695775940079011,0.833333333333333,1.6840302347606,1.4966805594784,0.000640570998287988,0.44396,2.3991e-06,4.9685e-06,0.001344,TRUE,99,144
"LRRC25",6,-0.516377538602514,0.00266811729683287,0.154783440736757,0.833333333333333,1.6840302347606,1.4966805594784,0.0417496294833266,-1.2435,1.3978e-07,2.615e-07,7.7e-05,FALSE,327,99
"APOBEC3A",6,0.888640738959247,0.000764375378173091,0.0697125044420362,0.833333333333333,1.6840302347606,1.4966805594784,0.013804638569726,1.4588,1.4927e-07,1.8305e-06,0.000707,TRUE,208,100
"FOSB",6,0.540790667082323,4.04896341848143e-05,0.00768088360485927,0.833333333333333,1.6840302347606,1.4966805594784,0.000726939160945266,0.54733,5.1816e-07,2.8765e-06,0.000923,TRUE,100,118
"FOXD1",6,0.588930256617477,4.17471858148912e-05,0.00784103084067808,0.666666666666667,1.6840302347606,1.4966805594784,0.00074786877710614,0.77591,6.3076e-07,2.8765e-06,0.000923,TRUE,101,123
"KRT18",6,0.573062906254365,0.000141634659532869,0.0206677653179887,0.833333333333333,1.6840302347606,1.4966805594784,0.0026837421755454,0.94482,1.6264e-07,2.3535e-06,0.000841,TRUE,130,101
"YTHDC1",6,-0.528744302298373,5.24860069737744e-05,0.00973009875700823,0.833333333333333,1.6840302347606,1.4966805594784,0.00098505643366605,-0.6326,8.9435e-05,0.00010695,0.009288,FALSE,102,420
"SH3KBP1",6,-0.597816732338711,5.28307945161754e-05,0.00973009875700823,0.666666666666667,1.6840302347606,1.4966805594784,0.00098505643366605,-0.67384,2.4925e-06,2.3535e-06,0.000571,FALSE,103,146
"SIGLEC6",6,-0.589752560226806,0.000116694910807105,0.0178524391775063,1,1.6840302347606,1.4966805594784,0.00220779211394313,-0.66829,1.9367e-07,2.615e-07,7.7e-05,FALSE,124,103
"CEACAM1",6,-0.643921809409715,5.49035133064665e-05,0.00998928677148722,1,1.6840302347606,1.4966805594784,0.00102378052680281,-0.94376,3.1433e-07,2.615e-07,7.7e-05,FALSE,104,109
"C16orf92",6,0.489220763100285,5.59534003281123e-05,0.00998928677148722,0.666666666666667,1.6840302347606,1.4966805594784,0.00102790635360816,0.44654,0.00016886,0.00034806,0.026649,TRUE,105,502
"ITPKA",6,-0.674084610561814,0.000350222185040127,0.0417185504153829,1,1.6840302347606,1.4966805594784,0.00680736446437793,-0.89677,2.5402e-07,2.615e-07,7.7e-05,FALSE,159,106
"PRELP",6,-0.479605147100778,5.61275851311706e-05,0.00998928677148722,0.833333333333333,1.6840302347606,1.4966805594784,0.00102790635360816,-0.72656,2.5533e-06,2.3535e-06,0.000571,FALSE,106,148
"WNK4",6,-0.650196760814064,0.000572324533490506,0.0572402917957116,1,1.6840302347606,1.4966805594784,0.0105513668211941,-1.0684,2.7638e-07,2.615e-07,7.7e-05,FALSE,189,107
"TRIM6-TRIM34",6,-0.482900840646463,6.69107737520158e-05,0.0116449300740894,0.833333333333333,1.6840302347606,1.4966805594784,0.00125150096731958,-0.54075,0.00014271,0.00017338,0.013288,FALSE,109,476
"EVL",6,0.664744380816246,7.56307514339556e-05,0.0125852224096679,1,1.6840302347606,1.4966805594784,0.00139507746893144,0.75867,3.4993e-07,2.3535e-06,0.000841,TRUE,114,110
"TIMM8B",6,0.504734026176582,6.81518834114875e-05,0.0117531020755993,0.833333333333333,1.6840302347606,1.4966805594784,0.00126900748604582,0.6136,0.00015832,0.00034178,0.026649,TRUE,110,490
"POU2AF1",6,-0.63153529118092,0.000113372680253908,0.0176285224952183,1,1.6840302347606,1.4966805594784,0.0021642887357247,-1.0637,3.7694e-07,2.615e-07,7.7e-05,FALSE,122,112
"FLT3",6,0.652002935502817,7.43991217467707e-05,0.0124898348631526,0.5,1.6840302347606,1.4966805594784,0.00137877328640146,0.57895,1.4832e-06,3.9225e-06,0.001142,TRUE,113,135
"C19orf35",6,-0.456359159866834,0.000262313248631866,0.033622177882071,0.833333333333333,1.6840302347606,1.4966805594784,0.00509707491890299,-0.96444,4.2173e-07,2.615e-07,7.7e-05,FALSE,148,114
"GPR141",6,0.559246606091597,7.64043210867963e-05,0.0126033910523176,1,1.6840302347606,1.4966805594784,0.00140068725820097,0.48854,1.096e-05,2.3797e-05,0.00421,TRUE,115,210
"DDX19B",6,0.506495899116599,7.97746810544029e-05,0.0130459112034657,1,1.6840302347606,1.4966805594784,0.00146576022016446,0.566,0.00019166,0.00037369,0.02742,TRUE,116,526
"PDPN",6,-0.59491029951296,8.88880509347035e-05,0.0143771935519944,0.833333333333333,1.6840302347606,1.4966805594784,0.00166260977278015,-0.92926,1.5679e-06,1.3075e-06,0.000344,FALSE,117,136
"GCSAML",6,-0.696437445050581,8.9431145974451e-05,0.0143771935519944,1,1.6840302347606,1.4966805594784,0.00166260977278015,-0.9108,7.1801e-07,7.8451e-07,0.000228,FALSE,118,124
"BTBD2",6,-0.40138332097387,0.000404286615427626,0.0448842938928642,0.666666666666667,1.6840302347606,1.4966805594784,0.00760631146427484,-0.56849,5.3586e-07,2.615e-07,7.7e-05,FALSE,169,119
"LIFR",6,0.534671356250876,9.88031963159603e-05,0.0156191386176147,0.833333333333333,1.6840302347606,1.4966805594784,0.00185222527295566,0.61581,2.8123e-05,8.7603e-05,0.012376,TRUE,120,272
"SPRED1",6,-0.492181146367022,0.000190526254927876,0.0263816281458527,0.833333333333333,1.6840302347606,1.4966805594784,0.00369095649181176,-0.87681,5.4744e-07,2.615e-07,7.7e-05,FALSE,137,120
"BPHL",6,-0.550134375268127,0.000103608481820375,0.0162434123977894,0.666666666666667,1.6840302347606,1.4966805594784,0.00194946584750022,-0.69919,1.7655e-05,2.2228e-05,0.003421,FALSE,121,236
"KIF2C",6,0.438108706320825,0.0969988947950857,0.774439829235175,1,1.6840302347606,1.4966805594784,0.491845972145306,1.1651,6.0542e-07,2.8765e-06,0.000923,TRUE,2365,122
"APOBEC3D",6,0.633250501243004,0.000330628589282425,0.0400966834366468,0.833333333333333,1.6840302347606,1.4966805594784,0.00644748590046341,1.0788,7.3651e-07,3.3995e-06,0.001038,TRUE,155,125
"SLC6A8",6,-0.598967695640437,0.000123360125062866,0.0184263115940359,0.833333333333333,1.6840302347606,1.4966805594784,0.00231087924000133,-0.80717,1.3898e-05,1.4383e-05,0.00241,FALSE,127,222
"ZC3HAV1",6,0.559670014433377,0.0169485121906526,0.42754425034133,0.833333333333333,1.6840302347606,1.4966805594784,0.180680269017139,1.1813,1.1053e-06,3.3995e-06,0.001038,TRUE,751,127
"LDB2",6,0.338576217145876,0.0145266040049293,0.401705069932228,0.666666666666667,1.6840302347606,1.4966805594784,0.163654570683294,0.64727,1.122e-06,3.3995e-06,0.001038,TRUE,685,128
"OLFM3",6,0.451171929932465,0.000131070070338467,0.0192744126691528,0.666666666666667,1.6840302347606,1.4966805594784,0.00245443663228899,0.19774,0.00029564,0.00047881,0.030316,TRUE,129,619
"TAB3",6,0.443098528518309,0.00136648445306059,0.0999931904799804,1,1.6840302347606,1.4966805594784,0.0228923712253309,0.57083,1.2364e-06,3.9225e-06,0.001142,TRUE,258,130
"IL3RA",6,0.539870141221451,0.000143869848141113,0.0208336719025718,0.666666666666667,1.6840302347606,1.4966805594784,0.00271596909163531,0.42744,2.1552e-05,3.4257e-05,0.005404,TRUE,131,248
"NFATC1",6,-0.5039116159081,0.0057068627868792,0.235346058841519,0.833333333333333,1.6840302347606,1.4966805594784,0.0764369204094305,-1.1682,1.2534e-06,1.3075e-06,0.000344,FALSE,460,131
"BTRC",6,-0.528302394801974,0.000166822328842634,0.023794132166502,1,1.6840302347606,1.4966805594784,0.0032196038701556,-0.55207,0.00021177,0.00026333,0.017553,FALSE,133,548
"CD37",6,-0.314549277452425,0.0239316693925583,0.496519996220301,0.666666666666667,1.6840302347606,1.4966805594784,0.227690556519603,-0.53548,1.2769e-06,1.3075e-06,0.000344,FALSE,913,133
"ITPKC",6,-0.621125194035664,0.000282909214751974,0.0360187100929192,1,1.6840302347606,1.4966805594784,0.00556484104119379,-0.75663,1.3408e-06,1.3075e-06,0.000344,FALSE,149,134
"TMEM121",6,0.591997629811397,0.000171649403591727,0.0242999192995155,1,1.6840302347606,1.4966805594784,0.003311711687389,0.62274,0.00029272,0.00047515,0.030185,TRUE,134,616
"PIP5K1B",6,-0.610735973896934,0.000175419566115998,0.0246496975497813,1,1.6840302347606,1.4966805594784,0.0033777821073828,-0.92533,2.0525e-06,1.8305e-06,0.000468,FALSE,135,140
"TAF15",6,0.490400175353949,0.000179990662909938,0.025106050554423,0.833333333333333,1.6840302347606,1.4966805594784,0.00346263641898285,0.51865,3.3795e-05,9.4402e-05,0.012376,TRUE,136,291
"PVR",6,0.559188115505847,0.00111195625897278,0.0878908759696399,1,1.6840302347606,1.4966805594784,0.0191019240922925,0.84573,1.7103e-06,3.9225e-06,0.001142,TRUE,240,137
"LTBR",6,0.487369037370832,0.00210424491004225,0.136703855970895,0.833333333333333,1.6840302347606,1.4966805594784,0.0347820955997825,0.8888,1.7875e-06,4.4455e-06,0.001238,TRUE,292,138
"PITPNA",6,-0.544606031919745,0.000192365529286777,0.026443290511378,0.833333333333333,1.6840302347606,1.4966805594784,0.00370852512246159,-0.82612,5.354e-06,5.4915e-06,0.00113,FALSE,138,175
"REL",6,0.456504037682447,0.000197465188130508,0.0269490260347894,0.833333333333333,1.6840302347606,1.4966805594784,0.00380437850690101,0.73212,8.5337e-05,0.00024294,0.022421,TRUE,139,410
"SIPA1L1",6,-0.396673540330903,0.0126481429280443,0.375989421765187,0.833333333333333,1.6840302347606,1.4966805594784,0.148306975281156,-0.51329,1.9234e-06,1.8305e-06,0.000468,FALSE,636,139
"NOTCH1",6,0.508233819956725,0.000204609811997528,0.027724629525665,0.833333333333333,1.6840302347606,1.4966805594784,0.00394896936916908,0.63967,0.00035005,0.00052536,0.031041,TRUE,140,652
"C17orf105",6,0.486919833593754,0.000220443765962892,0.0294702453394312,0.5,1.6840302347606,1.4966805594784,0.0042776709764038,0.40237,0.00016857,0.00034806,0.026649,TRUE,141,501
"TPGS2",6,0.514797600493063,0.0011474850897326,0.0895793915729522,0.666666666666667,1.6840302347606,1.4966805594784,0.0196212514086662,0.59703,2.1892e-06,4.4455e-06,0.001238,TRUE,243,141
"ARHGEF10L",5,0.606451152658351,0.000220599622467013,0.0294702453394312,0.8,1.6840302347606,1.4966805594784,0.0042776709764038,0.31888,4.6579e-06,1.8567e-05,0.00421,TRUE,142,166
"ANKRD12",6,-0.529942134071319,0.000483714774777785,0.050696515345495,1,1.6840302347606,1.4966805594784,0.00895721941314903,-0.84091,2.3549e-06,2.3535e-06,0.000571,FALSE,181,143
"TMPRSS13",6,-0.487232481512341,0.000233472285753684,0.0309718130122195,1,1.6840302347606,1.4966805594784,0.00456007962309796,-0.63273,0.00027939,0.00036689,0.022049,FALSE,143,602
"ZSWIM6",6,-0.567173462558028,0.000236029676049433,0.0310936316295676,1,1.6840302347606,1.4966805594784,0.00459054781451527,-0.78229,0.00015836,0.00019116,0.014136,FALSE,144,492
"NKX2-1",6,-0.484230602854701,0.00066341073687047,0.0638827496367148,1,1.6840302347606,1.4966805594784,0.0122119895371573,-0.7215,2.4695e-06,2.3535e-06,0.000571,FALSE,197,145
"SPANXA2",6,-0.500324740890317,0.000240793718169136,0.0315024609218518,1,1.6840302347606,1.4966805594784,0.00467428432143994,-0.70449,1.158e-05,1.1245e-05,0.001989,FALSE,145,211
"BCL9L",6,0.518969670013346,0.000254084929847939,0.0330136378028452,0.833333333333333,1.6840302347606,1.4966805594784,0.00496497875695941,0.40497,3.6896e-05,0.0001854,0.02186,TRUE,146,303
"BBIP1",6,0.48302716157223,0.000409329617473142,0.0448842938928642,1,1.6840302347606,1.4966805594784,0.00760631146427484,0.72003,2.5287e-06,4.9685e-06,0.001344,TRUE,173,147
"POU2F2",6,0.45496786601106,0.000257468792417418,0.0332257346405335,1,1.6840302347606,1.4966805594784,0.00501348377463359,0.82564,3.3075e-06,1.9613e-05,0.00421,TRUE,147,157
"NOTO",6,0.375944176527827,0.0181047006407888,0.440466513143296,1,1.6840302347606,1.4966805594784,0.189491108317856,0.69112,2.7868e-06,5.4915e-06,0.001464,TRUE,775,149
"ORAI3",6,0.436931382667554,0.00132447971606871,0.098918819739462,1,1.6840302347606,1.4966805594784,0.0224504018178211,0.73792,2.8149e-06,6.0145e-06,0.001539,TRUE,254,150
"MUC8",6,-0.512026794301026,0.000318645301318523,0.0398923573418566,1,1.6840302347606,1.4966805594784,0.00635472431373107,-0.79717,3.2153e-06,2.8765e-06,0.000681,FALSE,151,155
"TNFRSF12A",6,0.491296525226685,0.000379339971101988,0.0438785320231995,0.666666666666667,1.6840302347606,1.4966805594784,0.00729574019977232,0.94832,2.8208e-06,6.0145e-06,0.001539,TRUE,164,151
"CHD4",6,0.534281246479966,0.000319643559091312,0.0398923573418566,0.833333333333333,1.6840302347606,1.4966805594784,0.00635472431373107,0.70616,3.5495e-05,9.4925e-05,0.012376,TRUE,152,295
"UBE2D1",6,0.473764952151962,0.00121276820026192,0.0927504735203131,1,1.6840302347606,1.4966805594784,0.0205999054147142,0.87131,2.8888e-06,6.0145e-06,0.001539,TRUE,248,152
"GLMN",6,0.530483378730109,0.000326977213329262,0.0400966834366468,1,1.6840302347606,1.4966805594784,0.00644748590046341,0.79486,3.6831e-05,0.00018488,0.02186,TRUE,153,302
"FAT3",6,0.466060517652539,0.000328854711793893,0.0400966834366468,1,1.6840302347606,1.4966805594784,0.00644748590046341,0.51965,8.9784e-05,0.00024398,0.022421,TRUE,154,423
"SCAMP3",6,0.441598595791359,0.000871171700462293,0.0754617678436972,1,1.6840302347606,1.4966805594784,0.0154368885250765,0.74659,3.1616e-06,7.0606e-06,0.001759,TRUE,219,154
"PTPN22",6,-0.575171157765165,0.000331308617874514,0.0400966834366468,1,1.6840302347606,1.4966805594784,0.00644748590046341,-0.83013,1.7174e-05,2.2228e-05,0.003421,FALSE,156,234
"TMEM150B",6,0.377749977397155,0.00172564975398624,0.116731844129163,0.833333333333333,1.6840302347606,1.4966805594784,0.0282973546219506,0.68568,3.2607e-06,7.0606e-06,0.001759,TRUE,280,156
"CUL1",6,0.472944044607505,0.00033184919871131,0.0400966834366468,0.833333333333333,1.6840302347606,1.4966805594784,0.00644748590046341,0.70518,1.8715e-05,3.1119e-05,0.005123,TRUE,157,238
"FOXO6",6,0.380902709087035,0.00874422633295502,0.304340062663177,1,1.6840302347606,1.4966805594784,0.109650678371296,0.78482,3.6422e-06,1.9613e-05,0.00421,TRUE,544,158
"PTMS",6,-0.448199475284847,0.00103943472015114,0.0835511722087593,1,1.6840302347606,1.4966805594784,0.0178576056443163,-0.93475,3.7543e-06,3.3995e-06,0.000795,FALSE,236,159
"NFKB2",6,-0.549723144830054,0.000609765097489197,0.0597903149265042,0.833333333333333,1.6840302347606,1.4966805594784,0.0111998214618328,-0.9896,3.8651e-06,3.9225e-06,0.000895,FALSE,193,160
"SLC2A4",6,0.489198812984817,0.000351869692486098,0.0417185504153829,0.833333333333333,1.6840302347606,1.4966805594784,0.00680736446437793,0.52775,8.7133e-05,0.00024346,0.022421,TRUE,160,415
"CEBPA",6,-0.817094052909515,0.000668028499385624,0.0640025284512388,0.833333333333333,1.6840302347606,1.4966805594784,0.0122560380754028,-1.1694,3.8737e-06,3.9225e-06,0.000895,FALSE,198,161
"IL21R",6,0.525646317247405,0.000355315016096139,0.041863217071921,1,1.6840302347606,1.4966805594784,0.00684799975389002,0.66665,4.2227e-05,0.00019011,0.02186,TRUE,161,317
"CDK6",6,-0.467963518862102,0.000358057669379228,0.041863217071921,1,1.6840302347606,1.4966805594784,0.00686874357903636,-0.62273,1.4873e-05,1.6475e-05,0.002704,FALSE,162,225
"PIK3R6",6,0.445736711941768,0.000359710299563686,0.041863217071921,1,1.6840302347606,1.4966805594784,0.00686874357903636,0.56197,5.4238e-06,2.0659e-05,0.00421,TRUE,163,177
"SLC37A4",6,-0.401701792541128,0.000466192384319927,0.0496835366884776,0.666666666666667,1.6840302347606,1.4966805594784,0.00869774278212484,-0.51438,4.4016e-06,4.9685e-06,0.001057,FALSE,178,163
"SERPINB9",6,0.411803331723815,0.000382719163049683,0.0440011062003181,0.833333333333333,1.6840302347606,1.4966805594784,0.00733236634106984,0.55196,5.9824e-05,0.00021312,0.02186,TRUE,165,363
"SMAD9",6,-0.432311178105374,0.00764597523558049,0.286315655524494,0.833333333333333,1.6840302347606,1.4966805594784,0.0999387131455056,-1.0512,4.5159e-06,4.9685e-06,0.001057,FALSE,506,165
"ALPL",6,-0.476421677968151,0.00172253196164281,0.116731844129163,0.666666666666667,1.6840302347606,1.4966805594784,0.0282973546219506,-0.66188,4.6817e-06,4.9685e-06,0.001057,FALSE,279,167
"RHOG",6,0.453666858418102,0.000398393161354555,0.0448842938928642,1,1.6840302347606,1.4966805594784,0.00760631146427484,0.76904,5.8772e-05,0.00021208,0.02186,TRUE,167,361
"EPAS1",6,0.500977604835436,0.000404202724768333,0.0448842938928642,0.833333333333333,1.6840302347606,1.4966805594784,0.00760631146427484,0.80396,1.3216e-05,2.5366e-05,0.004405,TRUE,168,219
"RFC2",6,-0.396505672697592,0.00497555114286082,0.218541917767479,0.833333333333333,1.6840302347606,1.4966805594784,0.0687659677434561,-0.8365,4.7462e-06,4.9685e-06,0.001057,FALSE,431,168
"SIGLEC10",6,-0.367845898860457,0.0110634888333627,0.350374596275275,0.666666666666667,1.6840302347606,1.4966805594784,0.133758007406282,-0.9127,4.82e-06,4.9685e-06,0.001057,FALSE,598,169
"EIF3K",6,-0.477488680426933,0.00218349743948461,0.139421886711898,0.833333333333333,1.6840302347606,1.4966805594784,0.0358249254182031,-0.69478,4.8335e-06,4.9685e-06,0.001057,FALSE,296,170
"NRGN",6,0.443998378998649,0.000407942103778227,0.0448842938928642,0.833333333333333,1.6840302347606,1.4966805594784,0.00760631146427484,0.31538,0.0035958,0.010895,0.221781,TRUE,170,1773
"DOCK5",6,0.504866505058973,0.000408787767351108,0.0448842938928642,1,1.6840302347606,1.4966805594784,0.00760631146427484,0.59001,6.9098e-06,2.1705e-05,0.00421,TRUE,172,186
"ADGRV1",6,-0.316213334804556,0.0342182050223509,0.571521979506216,0.833333333333333,1.6840302347606,1.4966805594784,0.284930621901579,-0.66375,5.3484e-06,5.4915e-06,0.00113,FALSE,1134,174
"LAPTM4B",6,-0.575904909492399,0.000416679649318404,0.0452385681105858,1,1.6840302347606,1.4966805594784,0.00770352940724348,-0.72192,8.0487e-05,9.3356e-05,0.008621,FALSE,174,399
"EIF2B3",6,-0.419909629734491,0.000417329964119795,0.0452385681105858,0.833333333333333,1.6840302347606,1.4966805594784,0.00770352940724348,-0.65591,3.5151e-05,4.1579e-05,0.005176,FALSE,175,294
"C1orf94",6,0.441478479617983,0.000426434649714373,0.0459628710516003,0.5,1.6840302347606,1.4966805594784,0.00786919766904092,-0.22489,9.1741e-06,2.3274e-05,0.00421,TRUE,176,202
"ZEB2",6,-0.45592072918192,0.000459027690158938,0.0491963575272037,1,1.6840302347606,1.4966805594784,0.0085792079217204,-0.69292,4.0288e-05,4.7855e-05,0.005558,FALSE,177,313
"PIP5K1A",6,-0.509219862046755,0.00163287090121243,0.112638403621817,0.833333333333333,1.6840302347606,1.4966805594784,0.0269216976778393,-0.84225,5.6599e-06,6.0145e-06,0.001224,FALSE,275,178
"NKRF",6,0.379165319258164,0.000479539717164657,0.050696515345495,1,1.6840302347606,1.4966805594784,0.00895721941314903,0.50423,0.00045495,0.00069586,0.037316,TRUE,179,719
"ANO8",6,-0.492021447350387,0.000481811516104691,0.050696515345495,1,1.6840302347606,1.4966805594784,0.00895721941314903,-0.72895,1.5646e-05,1.6998e-05,0.002704,FALSE,180,228
"COG7",6,0.473012132767043,0.000748443297969025,0.0689221813712253,1,1.6840302347606,1.4966805594784,0.0135768159936411,0.76166,6.0897e-06,2.1182e-05,0.00421,TRUE,206,181
"PLAUR",6,-0.41511564144482,0.000495017948425698,0.0515961015474477,0.833333333333333,1.6840302347606,1.4966805594784,0.00916887773725362,-0.56625,0.0002007,0.00025706,0.017415,FALSE,182,538
"SLC8A1",6,-0.413972996525952,0.00101390805632012,0.082904464777555,1,1.6840302347606,1.4966805594784,0.0176104270846466,-0.75378,6.1436e-06,6.5376e-06,0.001303,FALSE,232,182
"NKX2-6",6,-0.522893286695347,0.000520626425177886,0.0539687611236311,1,1.6840302347606,1.4966805594784,0.00971199365765753,-0.60604,1.5782e-05,1.6998e-05,0.002704,FALSE,183,231
"KIAA1143",5,0.552512814830021,0.000555460861085635,0.0569572569448352,0.8,1.6840302347606,1.4966805594784,0.0104167255320053,0.9442,8.3997e-06,2.1705e-05,0.00421,TRUE,185,197
"PRDM1",6,0.506679001752089,0.065924508003997,0.705579617050649,1,1.6840302347606,1.4966805594784,0.410062385478953,1.2962,6.4008e-06,2.1182e-05,0.00421,TRUE,1766,185
"BTK",6,0.412304829160532,0.000568694832710272,0.0572402917957116,1,1.6840302347606,1.4966805594784,0.0105513668211941,0.65612,0.00048795,0.00072881,0.037316,TRUE,186,738
"GPR18",6,0.401060064007182,0.00468246520516412,0.213012865568257,0.833333333333333,1.6840302347606,1.4966805594784,0.0659315834425307,0.77865,6.9442e-06,2.1705e-05,0.00421,TRUE,417,187
"SLC10A4",6,-0.517169490985415,0.000568831646827563,0.0572402917957116,1,1.6840302347606,1.4966805594784,0.0105513668211941,-0.59244,6.9415e-05,7.8189e-05,0.007514,FALSE,187,384
"LMBRD2",6,-0.414217677566696,0.000824437386308074,0.0720717844159639,0.666666666666667,1.6840302347606,1.4966805594784,0.0145427858962501,-0.59085,7.1162e-06,8.1066e-06,0.001582,FALSE,217,188
"GAP43",6,0.378749342973769,0.0147832293076944,0.405401538599461,0.666666666666667,1.6840302347606,1.4966805594784,0.165921356850926,0.82671,7.4291e-06,2.2751e-05,0.00421,TRUE,689,191
"SERINC2",6,-0.44459108215971,0.00121744163977638,0.0927504735203131,0.833333333333333,1.6840302347606,1.4966805594784,0.0206158663831818,-0.69968,7.7639e-06,8.1066e-06,0.001582,FALSE,249,192
"HKDC1",6,-0.44794018300791,0.000627396486208536,0.0610344171455176,1,1.6840302347606,1.4966805594784,0.0115064112842968,-0.84971,1.8708e-05,2.2751e-05,0.003446,FALSE,195,237
"KRTAP6-3",6,-0.37455007169244,0.021338396459575,0.476009787187477,1,1.6840302347606,1.4966805594784,0.21253872765402,-0.70578,8.3895e-06,8.6296e-06,0.001617,FALSE,848,196
"LASP1",6,-0.53890154209707,0.00098536385603102,0.0816259927899932,0.833333333333333,1.6840302347606,1.4966805594784,0.0172164360128996,-0.81581,8.7029e-06,8.6296e-06,0.001617,FALSE,229,198
"MGST3",6,0.458311532175523,0.00447738037477327,0.207160745632802,1,1.6840302347606,1.4966805594784,0.0634239782185981,0.79248,9.0418e-06,2.3274e-05,0.00421,TRUE,410,200
"LTA",6,-0.450200888597686,0.000692778185986703,0.0653830954635212,1,1.6840302347606,1.4966805594784,0.0126343215806731,-0.64677,3.2811e-05,4.001e-05,0.00505,FALSE,201,285
"UBQLN4",6,-0.463669261314326,0.000701776325653622,0.0659044400873724,1,1.6840302347606,1.4966805594784,0.0127760372740943,-0.61616,0.00042541,0.00057818,0.030153,FALSE,202,703
"MBD1",6,-0.549821196609023,0.0008119751406602,0.0720717844159639,1,1.6840302347606,1.4966805594784,0.0145367897642053,-0.78491,9.3721e-06,8.6296e-06,0.001617,FALSE,213,203
"SOX18",6,-0.553084119620911,0.000721099830884895,0.0672730484686803,0.833333333333333,1.6840302347606,1.4966805594784,0.0131517654174165,-0.80943,1.093e-05,9.6756e-06,0.001778,FALSE,203,209
"BHLHE40",6,-0.386743625680754,0.000726855197072804,0.0672730484686803,0.833333333333333,1.6840302347606,1.4966805594784,0.0131564107050985,-0.50669,8.2034e-05,9.7017e-05,0.008873,FALSE,204,402
"PRKCB",6,0.39475057647617,0.0058454318732947,0.237956743854937,1,1.6840302347606,1.4966805594784,0.0777365719573823,0.50278,9.7644e-06,2.3274e-05,0.00421,TRUE,466,204
"DGKK",6,-0.432915484885785,0.00105885834249036,0.084044111954151,0.833333333333333,1.6840302347606,1.4966805594784,0.0180456333781228,-0.734,9.7755e-06,9.1526e-06,0.001699,FALSE,239,205
"SH2D1B",6,0.504489204413591,0.000726988662945676,0.0672730484686803,0.833333333333333,1.6840302347606,1.4966805594784,0.0131564107050985,0.68818,3.0784e-05,9.0218e-05,0.012376,TRUE,205,279
"PAX2",6,0.523460652660552,0.00102892508180525,0.0834132854779725,0.833333333333333,1.6840302347606,1.4966805594784,0.0177832518544826,0.63908,1.0582e-05,2.3797e-05,0.00421,TRUE,234,206
"IL2RA",6,0.444884917225323,0.000756383942307927,0.069316924568026,1,1.6840302347606,1.4966805594784,0.0136904693763716,0.64348,4.483e-05,0.00019587,0.02186,TRUE,207,324
"POLR2D",6,0.317908559049567,0.0195199821336645,0.45568767964851,0.833333333333333,1.6840302347606,1.4966805594784,0.199264379198915,0.73588,1.0773e-05,2.3797e-05,0.00421,TRUE,811,208
"RAP2B",6,-0.530122256936979,0.00077592224390616,0.070427009411004,1,1.6840302347606,1.4966805594784,0.0139982271250838,-0.75818,0.00017328,0.00020999,0.015115,FALSE,209,509
"RNF8",6,0.554883174957423,0.000783633013541956,0.07078818222329,0.833333333333333,1.6840302347606,1.4966805594784,0.0141046558601554,0.71073,0.00011681,0.00029524,0.02529,TRUE,210,452
"EBF3",6,-0.526474477216781,0.000796537519533241,0.0715390737481445,1,1.6840302347606,1.4966805594784,0.0143254419256293,-0.68435,4.8235e-05,6.1976e-05,0.006685,FALSE,211,335
"DGKZ",6,-0.573231668522282,0.00330185825308735,0.172397431026135,0.833333333333333,1.6840302347606,1.4966805594784,0.0490391040091958,-0.82531,1.1685e-05,1.1245e-05,0.001989,FALSE,363,212
"ZDHHC23",6,-0.457329732593502,0.00195121001950083,0.129790455531317,1,1.6840302347606,1.4966805594784,0.0324357259246972,-0.9031,1.1725e-05,1.1245e-05,0.001989,FALSE,285,213
"CD244",6,-0.115819816738028,0.587375603559718,0.999691868697317,0.666666666666667,1.6840302347606,1.4966805594784,0.928645198798028,-1.1112,1.1885e-05,1.1245e-05,0.001989,FALSE,10963,214
"GSTM1",6,0.419776557820704,0.000818971144698981,0.0720717844159639,0.833333333333333,1.6840302347606,1.4966805594784,0.0145427858962501,0.59269,5.666e-05,0.00021051,0.02186,TRUE,214,358
"ZNF474",6,-0.413060312566632,0.000896318397487703,0.0770471811642604,0.833333333333333,1.6840302347606,1.4966805594784,0.0158964527488181,-0.63557,1.2461e-05,1.1768e-05,0.002063,FALSE,220,215
"TLX1",6,-0.54000744418948,0.000823184787780164,0.0720717844159639,0.833333333333333,1.6840302347606,1.4966805594784,0.0145427858962501,-0.74226,0.00015122,0.00018436,0.01396,FALSE,216,480
"CA9",6,-0.425109374120079,0.00285151012060665,0.159097491140906,1,1.6840302347606,1.4966805594784,0.0436191576593009,-0.61645,1.272e-05,1.2291e-05,0.002115,FALSE,340,218
"RRAS2",6,0.458416647358118,0.000856599546731563,0.0745398779885218,0.833333333333333,1.6840302347606,1.4966805594784,0.0151845292876605,0.63108,4.3226e-05,0.00019273,0.02186,TRUE,218,320
"BLM",6,-0.462529542368163,0.00091085654367912,0.0774840745901027,0.833333333333333,1.6840302347606,1.4966805594784,0.0160269366330121,-0.79909,2.6063e-05,3.0073e-05,0.004009,FALSE,223,264
"SHISA3",6,-0.487672043739393,0.000930183634733372,0.0787749265664824,1,1.6840302347606,1.4966805594784,0.0163791115187439,-0.50047,4.0673e-05,4.7855e-05,0.005558,FALSE,224,314
"SMYD3",6,-0.360491303052371,0.0162819034301356,0.422868708261889,0.833333333333333,1.6840302347606,1.4966805594784,0.177356925502509,-0.6359,1.4349e-05,1.4383e-05,0.00241,FALSE,726,224
"TMPRSS2",6,-0.482982928148579,0.000945536144848213,0.0794840847357109,1,1.6840302347606,1.4966805594784,0.0165999665458898,-0.76062,5.8182e-05,6.9298e-05,0.007053,FALSE,225,360
"FASN",6,0.639746512199254,0.000946937435438622,0.0794840847357109,1,1.6840302347606,1.4966805594784,0.0165999665458898,0.74593,5.4455e-05,0.00020633,0.02186,TRUE,226,354
"MARCKSL1",6,0.50448953193185,0.000967091135689497,0.0808181446873558,1,1.6840302347606,1.4966805594784,0.0169670435175876,0.82708,4.7451e-05,0.00019848,0.02186,TRUE,227,330
"NDUFAF6",6,-0.491740765386798,0.00100050884623687,0.0825202296222323,0.833333333333333,1.6840302347606,1.4966805594784,0.0174710473047074,-0.61978,0.00058843,0.00085067,0.039243,FALSE,230,799
"SOX13",6,-0.51496570467642,0.00103591688152365,0.0835511722087593,0.833333333333333,1.6840302347606,1.4966805594784,0.0178576056443163,-0.96438,1.5756e-05,1.6998e-05,0.002704,FALSE,235,230
"CCDC60",6,0.417768389582156,0.00100487078462422,0.0825212068585343,1,1.6840302347606,1.4966805594784,0.0174901221323402,0.57342,0.00041589,0.00062473,0.034683,TRUE,231,700
"MBIP",6,-0.367814845416631,0.0305183142147915,0.550538868479629,0.666666666666667,1.6840302347606,1.4966805594784,0.267254312567755,-0.67807,1.6031e-05,1.8567e-05,0.002929,FALSE,1050,232
"CD200R1",6,-0.50384287435343,0.0010530166136634,0.084044111954151,1,1.6840302347606,1.4966805594784,0.0180456333781228,-0.73159,6.7103e-05,7.6097e-05,0.007514,FALSE,237,375
"CLCN2",6,-0.307221979415749,0.0651322841038455,0.703056945456676,0.666666666666667,1.6840302347606,1.4966805594784,0.407484307466162,-0.65508,1.8825e-05,2.2751e-05,0.003446,FALSE,1752,240
"CBLB",6,-0.455451208389181,0.00447615966077617,0.207160745632802,0.666666666666667,1.6840302347606,1.4966805594784,0.0634239782185981,-0.88091,2.0351e-05,2.432e-05,0.003625,FALSE,409,242
"SIRT1",6,0.454873846633328,0.00116959215199837,0.0908088030497449,1,1.6840302347606,1.4966805594784,0.020011698730681,0.77316,3.2856e-05,9.2833e-05,0.012376,TRUE,244,287
"SOX7",6,-0.482478147260092,0.00299326906913966,0.164110734802252,1,1.6840302347606,1.4966805594784,0.0455322203928433,-0.99353,2.1355e-05,2.5889e-05,0.00377,FALSE,346,245
"ZNF740",6,-0.436742550261548,0.00117759438852068,0.0908088030497449,1,1.6840302347606,1.4966805594784,0.0200185952200191,-0.56948,0.00071553,0.001132,0.048312,FALSE,246,876
"TRIM8",6,-0.539704265424319,0.00120090804429332,0.0922316825920818,0.833333333333333,1.6840302347606,1.4966805594784,0.020431243965352,-0.82,2.1528e-05,2.5889e-05,0.00377,FALSE,247,247
"TNN",6,0.374083263222165,0.00692260773162397,0.267610713475895,0.833333333333333,1.6840302347606,1.4966805594784,0.0910976706312952,0.63333,2.1865e-05,3.4257e-05,0.005404,TRUE,490,250
"RBP7",6,-0.36582749395129,0.00725445084255116,0.275233864966391,0.833333333333333,1.6840302347606,1.4966805594784,0.0947478008028596,-0.68234,2.2098e-05,2.6412e-05,0.003805,FALSE,500,251
"LYPD8",6,-0.438812668823495,0.00126685733788979,0.0953662051578144,0.833333333333333,1.6840302347606,1.4966805594784,0.02140713288503,-0.62449,7.7887e-05,8.9695e-05,0.008406,FALSE,252,395
"RBFOX2",6,-0.438575473080049,0.00530763907842644,0.225753168873878,1,1.6840302347606,1.4966805594784,0.0720398970513816,-0.82226,2.2687e-05,2.6935e-05,0.003805,FALSE,446,252
"UGT3A1",6,-0.414399994716368,0.00213476083743738,0.138213013946031,0.833333333333333,1.6840302347606,1.4966805594784,0.0352909576677357,-0.53219,2.2687e-05,2.6935e-05,0.003805,FALSE,293,252
"ARHGAP15",6,-0.496082367659442,0.00193300634598156,0.1293513484471,0.833333333333333,1.6840302347606,1.4966805594784,0.0322447665916527,-0.92774,2.2765e-05,2.6935e-05,0.003805,FALSE,283,254
"GNL1",6,-0.406429644935027,0.00893795824378961,0.30767732389902,1,1.6840302347606,1.4966805594784,0.111408304078725,-0.73197,2.2958e-05,2.7458e-05,0.003822,FALSE,551,255
"CALN1",6,-0.416755732473388,0.00134664302652713,0.0994082300792199,0.833333333333333,1.6840302347606,1.4966805594784,0.022654767856659,-0.53308,0.00028761,0.00037996,0.02247,FALSE,256,613
"CCSER1",6,-0.446008650258233,0.00165311421624805,0.113621654645744,0.833333333333333,1.6840302347606,1.4966805594784,0.0272394435286108,-0.56776,2.3153e-05,2.7458e-05,0.003822,FALSE,276,256
"KANSL3",6,0.415803819745367,0.00327447200232198,0.172100949936652,0.833333333333333,1.6840302347606,1.4966805594784,0.0488136070057407,0.75429,2.368e-05,3.6872e-05,0.005769,TRUE,360,257
"KLF2",6,-0.633004235958412,0.00134675356512175,0.0994082300792199,1,1.6840302347606,1.4966805594784,0.022654767856659,-0.86385,8.8776e-05,0.00010643,0.009285,FALSE,257,417
"RAP2C",6,-0.415283733056927,0.00218697148885724,0.139421886711898,1,1.6840302347606,1.4966805594784,0.0358249254182031,-0.64556,2.4081e-05,2.9027e-05,0.004009,FALSE,297,258
"NFKB1",6,0.514802311434556,0.00338612559618504,0.174196407770727,0.833333333333333,1.6840302347606,1.4966805594784,0.0498212378161925,0.85636,2.4312e-05,8.3419e-05,0.012376,TRUE,368,259
"PTPN9",6,-0.555188064580032,0.00137075958218571,0.0999931904799804,1,1.6840302347606,1.4966805594784,0.0228923712253309,-0.73624,0.00053208,0.00075757,0.037154,FALSE,260,763
"UBE2L6",6,-0.406377239064302,0.00491429108010257,0.218541917767479,0.666666666666667,1.6840302347606,1.4966805594784,0.068536014450701,-0.6971,2.4628e-05,2.955e-05,0.004009,FALSE,426,260
"BACE2",6,0.463534465093279,0.00137576292647733,0.0999931904799804,0.833333333333333,1.6840302347606,1.4966805594784,0.0229085357810498,0.66608,0.00037185,0.00054471,0.03182,TRUE,261,664
"AP2A1",6,0.425213431708387,0.00141910331701179,0.102749579861502,0.833333333333333,1.6840302347606,1.4966805594784,0.0237212957882315,0.59599,0.00010624,0.00027693,0.024498,TRUE,262,440
"ARAP3",6,-0.534890993176792,0.00142776446427328,0.10298361934321,1,1.6840302347606,1.4966805594784,0.0238111256819867,-0.77971,0.00017651,0.00021417,0.015242,FALSE,263,513
"FOXI3",6,-0.472373816005045,0.00266345686048936,0.154783440736757,1,1.6840302347606,1.4966805594784,0.0417496294833266,-0.7959,2.6063e-05,3.0073e-05,0.004009,FALSE,326,264
"SPATS2L",6,-0.40821550361133,0.00143443639870431,0.103072948800836,0.833333333333333,1.6840302347606,1.4966805594784,0.0238592673107887,-0.63257,8.2396e-05,9.9109e-05,0.008977,FALSE,264,404
"C15orf53",6,0.424216197089493,0.00145021153293751,0.103813255772923,1,1.6840302347606,1.4966805594784,0.0240957028341629,0.70068,4.9789e-05,0.00020057,0.02186,TRUE,265,338
"CALM3",6,-0.46120373879257,0.00145682213907396,0.1038944209708,1,1.6840302347606,1.4966805594784,0.0241416700630139,-0.67198,0.00022925,0.00029314,0.01894,FALSE,266,564
"CXCL16",6,0.493153496954017,0.00150135378341384,0.105876138555243,1,1.6840302347606,1.4966805594784,0.024785936151816,0.62627,0.00016498,0.00034649,0.026649,TRUE,269,498
"SP3",6,0.365145067179647,0.0190819700462986,0.453142615111281,0.833333333333333,1.6840302347606,1.4966805594784,0.197022830416384,0.67396,2.711e-05,8.6034e-05,0.012376,TRUE,797,269
"GMFG",6,0.225001435780505,0.106961494202972,0.795891542095189,0.5,1.6840302347606,1.4966805594784,0.516947048737649,0.80468,2.7306e-05,8.6034e-05,0.012376,TRUE,2535,270
"CHD3",6,0.416060306853089,0.0015539336250498,0.108775353753486,0.833333333333333,1.6840302347606,1.4966805594784,0.0256821621264942,0.6626,0.00047117,0.00071469,0.037316,TRUE,271,730
"DOK7",6,-0.234238447853919,0.0721252527586149,0.726649012479209,0.833333333333333,1.6840302347606,1.4966805594784,0.431594716569714,-0.57068,2.773e-05,3.0596e-05,0.004022,FALSE,1874,271
"USP9X",6,-0.454710916941427,0.00159062266337711,0.110934235015676,1,1.6840302347606,1.4966805594784,0.0263432949916361,-0.71487,9.6618e-05,0.00011428,0.009658,FALSE,272,430
"C11orf88",6,0.413180488199496,0.00161651139323939,0.111943685739612,0.833333333333333,1.6840302347606,1.4966805594784,0.0266907890934203,0.57043,0.0004033,0.00060172,0.033961,TRUE,273,689
"GP9",6,0.298630496517217,0.0442118606556647,0.630126969675401,0.833333333333333,1.6840302347606,1.4966805594784,0.333367220671799,0.67889,2.8493e-05,8.8126e-05,0.012376,TRUE,1330,273
"ARHGEF26",6,0.414883971861695,0.00221285636458629,0.140041251835329,0.833333333333333,1.6840302347606,1.4966805594784,0.036166343208603,0.56433,2.8494e-05,8.8126e-05,0.012376,TRUE,299,274
"PLCH2",6,0.319915563983609,0.00944953183964243,0.317832657797902,0.666666666666667,1.6840302347606,1.4966805594784,0.116623994731399,0.52178,2.8494e-05,8.8126e-05,0.012376,TRUE,564,274
"USP10",6,-0.429767160731323,0.0112727890149229,0.353487896737462,1,1.6840302347606,1.4966805594784,0.135555277564752,-0.9693,3.0132e-05,3.5303e-05,0.004609,FALSE,603,276
"GSX1",6,0.38910853559226,0.0167341647335564,0.426676216391888,0.833333333333333,1.6840302347606,1.4966805594784,0.179770624842625,0.56309,3.0599e-05,9.0218e-05,0.012376,TRUE,743,277
"IRX5",6,0.469728551489577,0.00167357428825951,0.114612650715823,1,1.6840302347606,1.4966805594784,0.0275605880373785,0.60276,4.7897e-05,0.00019848,0.02186,TRUE,277,334
"CAVIN2",6,0.395986923569093,0.0195772935960806,0.45568767964851,0.833333333333333,1.6840302347606,1.4966805594784,0.199264379198915,0.79921,3.069e-05,9.0218e-05,0.012376,TRUE,813,278
"CEP164",6,-0.235557101332741,0.0809246751237187,0.744276145597773,0.5,1.6840302347606,1.4966805594784,0.453618750922184,-0.61197,3.1221e-05,3.7395e-05,0.004849,FALSE,2053,281
"RASL12",6,-0.522528392793801,0.00172913274645729,0.116731844129163,1,1.6840302347606,1.4966805594784,0.0282973546219506,-0.70838,3.9022e-05,4.4717e-05,0.005358,FALSE,281,308
"SAMD8",6,-0.402027778199745,0.00442298212774561,0.205646987655231,1,1.6840302347606,1.4966805594784,0.0627731110671797,-0.52757,3.239e-05,3.9487e-05,0.00505,FALSE,408,282
"MRPL58",6,0.44224751726545,0.00289579493304177,0.160155189153943,0.833333333333333,1.6840302347606,1.4966805594784,0.0440754562221716,0.68945,3.2477e-05,9.231e-05,0.012376,TRUE,343,283
"BLOC1S2",6,0.372176127640036,0.0171953597746869,0.432047648908358,1,1.6840302347606,1.4966805594784,0.183211668054711,0.6065,3.2508e-05,9.231e-05,0.012376,TRUE,754,284
"RXFP4",6,-0.368221183063811,0.00551686343198648,0.233084408251188,0.833333333333333,1.6840302347606,1.4966805594784,0.0750819511354539,-0.68555,3.2844e-05,4.001e-05,0.00505,FALSE,449,286
"ABCC2",6,-0.492707231432264,0.00197211465542532,0.130351968687869,0.833333333333333,1.6840302347606,1.4966805594784,0.0326403804860273,-0.54293,0.00046503,0.00063414,0.032185,FALSE,287,726
"L3HYPDH",6,0.22495903368879,0.108138736169233,0.797285889850901,0.666666666666667,1.6840302347606,1.4966805594784,0.519169954819184,0.53051,3.2934e-05,9.2833e-05,0.012376,TRUE,2559,288
"TIMD4",6,0.397297036885219,0.00199266088484894,0.131252697866613,0.833333333333333,1.6840302347606,1.4966805594784,0.0329499634890865,0.56623,7.0817e-05,0.0002194,0.02186,TRUE,288,386
"GBP4",6,0.256372925904819,0.0396883753383172,0.609133074569481,0.833333333333333,1.6840302347606,1.4966805594784,0.314314685304478,0.66146,3.3324e-05,9.3356e-05,0.012376,TRUE,1235,290
"C2orf42",6,-0.411289325095149,0.00206378573168599,0.134536135154925,0.833333333333333,1.6840302347606,1.4966805594784,0.0340672891802085,-0.67007,0.00029389,0.00038101,0.02247,FALSE,291,617
"ECEL1",6,-0.36754011201362,0.0168980803326695,0.427408778547653,0.666666666666667,1.6840302347606,1.4966805594784,0.180495610430401,-0.77644,3.4305e-05,4.0533e-05,0.005082,FALSE,749,292
"POTEJ",6,0.359303410076753,0.0041372120688262,0.197689957041897,1,1.6840302347606,1.4966805594784,0.0593687074127285,0.69596,3.4972e-05,9.4925e-05,0.012376,TRUE,397,293
"TCEAL2",6,-0.415199366029996,0.00450621042441363,0.207987376523422,0.833333333333333,1.6840302347606,1.4966805594784,0.063776797850486,-0.70907,3.5899e-05,4.2102e-05,0.005176,FALSE,411,297
"MTMR7",6,0.457069222925601,0.0025247471276512,0.151072419813884,0.833333333333333,1.6840302347606,1.4966805594784,0.0402033599377211,0.75505,3.5913e-05,9.5448e-05,0.012376,TRUE,317,298
"MYB",6,-0.555870788735718,0.00219018040274885,0.139421886711898,1,1.6840302347606,1.4966805594784,0.0358249254182031,-0.75217,8.9674e-05,0.00010748,0.009291,FALSE,298,422
"CD40",6,0.45432544952781,0.00794272069887454,0.292569731374078,1,1.6840302347606,1.4966805594784,0.102947703098166,0.66706,3.6095e-05,9.5448e-05,0.012376,TRUE,515,299
"KDM5B",6,0.425370041697755,0.00223350142640062,0.140041251835329,0.5,1.6840302347606,1.4966805594784,0.0361711527711943,0.61353,7.8029e-05,0.00023091,0.022417,TRUE,301,396
"SRR",6,-0.421426791292916,0.00505266612106369,0.219837331001326,0.833333333333333,1.6840302347606,1.4966805594784,0.0693167107927636,-0.55444,3.6738e-05,4.3148e-05,0.00527,FALSE,436,301
"FAAP24",6,-0.413563369578805,0.00243468904335391,0.147461069580092,1,1.6840302347606,1.4966805594784,0.0389140611879031,-0.69101,3.7778e-05,4.3671e-05,0.0053,FALSE,313,304
"FOXA1",6,-0.52305313012426,0.0022579079415762,0.140401119665569,1,1.6840302347606,1.4966805594784,0.0363750763420967,-0.60708,0.0006258,0.00090401,0.040845,FALSE,304,819
"TNNT2",6,-0.381291903902634,0.00226046674081531,0.140401119665569,0.833333333333333,1.6840302347606,1.4966805594784,0.0363750763420967,-0.74802,4.3848e-05,5.3085e-05,0.006018,FALSE,305,322
"MAB21L2",6,-0.254461940529767,0.0726318933744753,0.72691573784545,0.833333333333333,1.6840302347606,1.4966805594784,0.432247074608662,-0.63749,3.8653e-05,4.4194e-05,0.005329,FALSE,1888,306
"CD58",6,0.557163365250703,0.00524660068715105,0.22416219602535,1,1.6840302347606,1.4966805594784,0.0713312080571057,0.85725,3.8977e-05,0.00018697,0.02186,TRUE,444,307
"CASTOR2",6,-0.425278915902358,0.00230897345703948,0.142211774285841,1,1.6840302347606,1.4966805594784,0.0370197791677426,-0.66351,8.2396e-05,9.9109e-05,0.008977,FALSE,308,404
"ARHGAP30",6,-0.382886466190041,0.00476545579061905,0.215430612442314,0.833333333333333,1.6840302347606,1.4966805594784,0.0669804466980495,-0.58797,3.94e-05,4.6809e-05,0.005558,FALSE,418,310
"IL6R",6,0.404476361027705,0.00242513085556184,0.147461069580092,0.833333333333333,1.6840302347606,1.4966805594784,0.0389140611879031,0.69821,4.4466e-05,0.00019534,0.02186,TRUE,311,323
"VPS28",6,-0.328448664593002,0.0304670214510261,0.550538868479629,0.666666666666667,1.6840302347606,1.4966805594784,0.267254312567755,-0.56435,3.9468e-05,4.7332e-05,0.005558,FALSE,1048,311
"ELOVL4",6,-0.426578325235362,0.00275532352146117,0.156993968652407,0.833333333333333,1.6840302347606,1.4966805594784,0.0427513547248085,-0.68886,3.9826e-05,4.7332e-05,0.005558,FALSE,332,312
"EPHB3",6,0.401329734134077,0.00243280783176455,0.147461069580092,0.833333333333333,1.6840302347606,1.4966805594784,0.0389140611879031,0.61656,0.00030049,0.00048666,0.030608,TRUE,312,621
"CCT2",6,-0.405170423414922,0.00610300532122426,0.246327682858775,1,1.6840302347606,1.4966805594784,0.0813181605232263,-0.55739,4.1687e-05,4.9947e-05,0.005731,FALSE,470,316
"SORBS1",6,-0.494948144281416,0.00246634028036287,0.148058465564822,1,1.6840302347606,1.4966805594784,0.0391716383627258,-0.77315,0.00021572,0.00027275,0.018054,FALSE,316,554
"FAM129A",6,0.445548463426301,0.00253447061130959,0.151072419813884,0.833333333333333,1.6840302347606,1.4966805594784,0.0402692950466701,0.50024,5.2587e-05,0.00020423,0.02186,TRUE,318,348
"NUDT12",6,0.334445133601429,0.0277575522449587,0.533496216906652,0.833333333333333,1.6840302347606,1.4966805594784,0.253275424869103,0.76954,4.2737e-05,0.0001922,0.02186,TRUE,986,319
"SMAD4",6,-0.443689936908139,0.00254840138853151,0.151072419813884,1,1.6840302347606,1.4966805594784,0.0402917945974608,-0.64053,0.00012217,0.00015559,0.012588,FALSE,320,456
"OR11G2",6,0.452391139599956,0.00263301032601576,0.154091253514682,0.833333333333333,1.6840302347606,1.4966805594784,0.0414547105646418,0.58183,5.984e-05,0.00021312,0.02186,TRUE,322,364
"TAS2R14",6,-0.438487110050111,0.00263931562889811,0.154091253514682,0.833333333333333,1.6840302347606,1.4966805594784,0.0414547105646418,-0.75309,4.5068e-05,5.5177e-05,0.006218,FALSE,323,325
"SRP14",6,0.389763400403432,0.00338360269278367,0.174196407770727,1,1.6840302347606,1.4966805594784,0.0498212378161925,0.52935,4.5196e-05,0.00019587,0.02186,TRUE,367,326
"FAM83A",6,-0.418434749707212,0.00671038911922423,0.263113542357416,0.666666666666667,1.6840302347606,1.4966805594784,0.0888899865836055,-0.53823,4.563e-05,5.7792e-05,0.006474,FALSE,483,327
"SDC3",6,-0.415795368020772,0.0100321935285024,0.330975149975113,0.833333333333333,1.6840302347606,1.4966805594784,0.123208605368841,-0.89294,4.72e-05,5.9884e-05,0.006572,FALSE,575,329
"RASGRP3",6,0.454776031491457,0.00274902416779443,0.156993968652407,0.833333333333333,1.6840302347606,1.4966805594784,0.0427513547248085,0.57417,5.1485e-05,0.00020266,0.02186,TRUE,330,343
"SMOC2",6,-0.483971889738922,0.00275529751610524,0.156993968652407,0.833333333333333,1.6840302347606,1.4966805594784,0.0427513547248085,-0.8652,7.5855e-05,8.5773e-05,0.008119,FALSE,331,391
"NR4A1",6,-0.416924919373925,0.00867992986881982,0.304340062663177,0.833333333333333,1.6840302347606,1.4966805594784,0.109512225520165,-0.55427,4.7684e-05,6.0407e-05,0.006572,FALSE,540,332
"ARL8B",6,-0.381278747126377,0.0149870013735942,0.407895862348754,0.833333333333333,1.6840302347606,1.4966805594784,0.167415229993632,-0.78644,4.7719e-05,6.0407e-05,0.006572,FALSE,696,333
"RREB1",6,-0.438060252373067,0.00275938710282495,0.156993968652407,1,1.6840302347606,1.4966805594784,0.0427513547248085,-0.61553,0.00021941,0.00027955,0.018375,FALSE,333,557
"KIAA0368",6,0.333207387258233,0.00278070497982123,0.156993968652407,0.833333333333333,1.6840302347606,1.4966805594784,0.0427776975353147,0.50388,8.6485e-05,0.00024294,0.022421,TRUE,336,412
"LRRC4B",6,-0.254969554261369,0.0930526209859873,0.766096274727172,0.666666666666667,1.6840302347606,1.4966805594784,0.48194515698355,-0.69471,4.8394e-05,6.2499e-05,0.006685,FALSE,2294,336
"BAALC",6,0.386467647874755,0.00572464157446679,0.235567138107668,0.833333333333333,1.6840302347606,1.4966805594784,0.0765665671042631,0.67602,4.9909e-05,0.00020057,0.02186,TRUE,461,339
"STK38L",6,-0.436306706655602,0.00520787016553252,0.223009699864903,0.833333333333333,1.6840302347606,1.4966805594784,0.0708366552407083,-0.58293,5.0187e-05,6.4068e-05,0.006776,FALSE,443,340
"CTSK",6,0.363328342691656,0.00287486177362245,0.159612543063654,0.666666666666667,1.6840302347606,1.4966805594784,0.0438581393857535,0.55849,0.00024424,0.00042337,0.028798,TRUE,341,578
"RAB14",6,-0.317971937374501,0.0106735466622219,0.342548780529858,0.666666666666667,1.6840302347606,1.4966805594784,0.129479380836723,-0.51195,5.033e-05,6.4068e-05,0.006776,FALSE,589,341
"PRKCH",6,-0.445297066255377,0.00287756930562835,0.159612543063654,0.833333333333333,1.6840302347606,1.4966805594784,0.0438581393857535,-0.54603,0.00040567,0.00056563,0.029826,FALSE,342,692
"TOM1L1",6,-0.463390128706273,0.00295774691522877,0.16263321444026,1,1.6840302347606,1.4966805594784,0.0449903893478276,-0.8608,0.00033691,0.00047855,0.02737,FALSE,345,640
"NFATC2",6,0.423451249256396,0.00441456046741718,0.205646987655231,0.666666666666667,1.6840302347606,1.4966805594784,0.0627731110671797,0.63691,5.2207e-05,0.00020371,0.02186,TRUE,407,346
"ARHGEF11",6,-0.464337109324786,0.00305069057171847,0.165219529028372,0.833333333333333,1.6840302347606,1.4966805594784,0.0460773733695647,-0.77977,0.00015142,0.00018436,0.01396,FALSE,349,481
"LOC643802",6,-0.412963537266903,0.00305595817009487,0.165219529028372,1,1.6840302347606,1.4966805594784,0.0460773733695647,-0.59057,0.00054183,0.00077222,0.037475,FALSE,350,768
"EBF1",6,-0.370207834628417,0.00705858935253125,0.270308531387647,0.666666666666667,1.6840302347606,1.4966805594784,0.0924664380418158,-0.53021,5.3679e-05,6.616e-05,0.006882,FALSE,495,351
"RUNX3",6,0.454266274402597,0.00305704031043535,0.165219529028372,1,1.6840302347606,1.4966805594784,0.0460773733695647,0.6252,0.00059563,0.00086636,0.041105,TRUE,351,805
"OPRD1",6,-0.4393813092614,0.00306683352726712,0.165277931853004,0.833333333333333,1.6840302347606,1.4966805594784,0.0461298116304858,-0.80807,0.00015344,0.00018697,0.01403,FALSE,352,483
"EFS",6,-0.443427139398073,0.00316337963695657,0.169819388623096,0.833333333333333,1.6840302347606,1.4966805594784,0.0478089912834037,-0.55726,8.2019e-05,9.7017e-05,0.008873,FALSE,353,401
"OLA1",6,0.326703052664634,0.0179318852786184,0.440466513143296,0.666666666666667,1.6840302347606,1.4966805594784,0.188964121217377,0.52333,5.4127e-05,0.00020633,0.02186,TRUE,770,353
"ANKRD1",6,0.42013463021097,0.00317367088558243,0.169819388623096,1,1.6840302347606,1.4966805594784,0.0478125810706495,0.56227,0.00015833,0.00034178,0.026649,TRUE,354,491
"FOXE1",6,-0.51244320510432,0.00499004966149715,0.218541917767479,0.833333333333333,1.6840302347606,1.4966805594784,0.0687659677434561,-0.75589,5.5761e-05,6.7729e-05,0.006968,FALSE,432,355
"ZNF106",6,-0.406607998875857,0.00456022688020711,0.208038965662467,1,1.6840302347606,1.4966805594784,0.0639848379535757,-0.61923,5.5761e-05,6.7729e-05,0.006968,FALSE,414,355
"ARHGEF35",6,-0.438099127975361,0.00320343975500878,0.170700146495833,1,1.6840302347606,1.4966805594784,0.0481546789957788,-0.61979,0.00036207,0.00051594,0.028799,FALSE,356,659
"NRXN3",6,-0.49049013834266,0.00322070107377162,0.171084893157328,0.833333333333333,1.6840302347606,1.4966805594784,0.0483421373659406,-0.7619,0.00024164,0.00031197,0.019396,FALSE,357,576
"GATA4",6,-0.453054559290413,0.00355747966289306,0.178061712942167,0.833333333333333,1.6840302347606,1.4966805594784,0.0515371272793399,-0.6359,5.8032e-05,6.9298e-05,0.007053,FALSE,379,359
"TCTA",6,0.281721275755667,0.0501364276610247,0.647548481038687,1,1.6840302347606,1.4966805594784,0.3526638180032,0.6676,5.9299e-05,0.00021312,0.02186,TRUE,1467,362
"RFX6",6,0.444781462469552,0.00331454798187634,0.172397431026135,0.833333333333333,1.6840302347606,1.4966805594784,0.0490504971444529,0.60703,0.00017,0.00034858,0.026649,TRUE,364,505
"BACH2",6,-0.430070296061808,0.00331708288479384,0.172397431026135,0.833333333333333,1.6840302347606,1.4966805594784,0.0490504971444529,-0.60049,0.00016891,0.00020633,0.014946,FALSE,365,503
"CAMK1G",6,0.296021372451362,0.0249615024118001,0.505897116187872,0.833333333333333,1.6840302347606,1.4966805594784,0.234260450738249,0.57083,6.0231e-05,0.00021312,0.02186,TRUE,935,366
"QKI",6,0.436304844508033,0.0114212847888511,0.356351599415303,0.833333333333333,1.6840302347606,1.4966805594784,0.137079928112271,0.7326,6.1695e-05,0.00021365,0.02186,TRUE,607,367
"CALCR",6,-0.386907133853354,0.00421148601246328,0.200230299890798,0.666666666666667,1.6840302347606,1.4966805594784,0.0603933475524756,-0.76157,6.2263e-05,7.2436e-05,0.007294,FALSE,399,368
"FAT1",6,0.356883676825443,0.00665146404158139,0.261780649105392,1,1.6840302347606,1.4966805594784,0.0882422900131385,0.56819,6.3836e-05,0.00021417,0.02186,TRUE,482,370
"PBK",6,-0.484003538332467,0.00340989872148326,0.174826429044696,0.833333333333333,1.6840302347606,1.4966805594784,0.0500787999556767,-0.62903,8.4191e-05,0.00010329,0.009268,FALSE,370,409
"KLHL31",6,-0.414925041967348,0.00343164564383655,0.175426782363792,0.833333333333333,1.6840302347606,1.4966805594784,0.0503406094195705,-0.59772,0.00049619,0.0007105,0.035678,FALSE,371,743
"RETREG1",6,-0.395384403334342,0.00352767111552275,0.177850431953217,0.666666666666667,1.6840302347606,1.4966805594784,0.0513944556781718,-0.8625,6.5636e-05,7.5574e-05,0.007514,FALSE,376,374
"BAZ1A",6,0.347391173556613,0.0104132888919285,0.339415962680213,0.833333333333333,1.6840302347606,1.4966805594784,0.127488992195498,0.73269,6.7648e-05,0.00021783,0.02186,TRUE,582,377
"STRIP1",6,0.430898028568519,0.00355235549578902,0.178061712942167,0.833333333333333,1.6840302347606,1.4966805594784,0.0515371272793399,0.57907,0.0001811,0.00035852,0.027149,TRUE,378,519
"ZKSCAN4",6,-0.289485370940979,0.0255228083432667,0.512346745261131,0.666666666666667,1.6840302347606,1.4966805594784,0.238490624895925,-0.6278,6.8117e-05,7.662e-05,0.007514,FALSE,944,378
"ISL2",6,-0.251908582279191,0.0499494108558812,0.646635223842999,0.833333333333333,1.6840302347606,1.4966805594784,0.35193204067748,-0.71562,6.865e-05,7.662e-05,0.007514,FALSE,1464,380
"NR2F1",6,-0.420649948011826,0.00620394290497321,0.247765888225983,0.833333333333333,1.6840302347606,1.4966805594784,0.0821192055963997,-0.6872,6.9362e-05,7.8189e-05,0.007514,FALSE,475,383
"STKLD1",6,0.375864405653627,0.0036514359794081,0.180713823607975,0.833333333333333,1.6840302347606,1.4966805594784,0.0526806386876309,0.52671,0.00059852,0.00086949,0.041143,TRUE,383,810
"ENDOD1",6,-0.411662974636971,0.00366612018715598,0.180713823607975,1,1.6840302347606,1.4966805594784,0.0526962790206407,-0.74594,0.00017644,0.00021417,0.015242,FALSE,384,512
"CYTH4",6,-0.439842520069856,0.00370425910333064,0.181575698165846,1,1.6840302347606,1.4966805594784,0.0530764409496268,-0.52732,0.00044001,0.00061845,0.031878,FALSE,387,711
"GRM6",6,-0.343600294858505,0.0324804244570132,0.566834774908364,1,1.6840302347606,1.4966805594784,0.279173731333532,-0.50572,7.2519e-05,8.185e-05,0.007826,FALSE,1086,387
"SRC",6,0.290032447972207,0.017504348504501,0.435289544428219,0.666666666666667,1.6840302347606,1.4966805594784,0.185376452860375,0.6061,7.3117e-05,0.00022411,0.022212,TRUE,761,388
"HSH2D",6,-0.418646008729483,0.00373857651120757,0.182315672024698,0.833333333333333,1.6840302347606,1.4966805594784,0.0534130321835332,-0.74753,0.00022534,0.00028582,0.018658,FALSE,389,561
"LINC01862",6,0.303003466243965,0.0382324989477239,0.600327795807609,0.833333333333333,1.6840302347606,1.4966805594784,0.307149332496993,0.57212,7.5445e-05,0.00022725,0.02229,TRUE,1206,390
"YTHDF2",6,-0.443732081750727,0.00378338951212577,0.184027946269297,1,1.6840302347606,1.4966805594784,0.054071947004145,-0.76895,8.9079e-05,0.00010643,0.009285,FALSE,390,419
"KCNA1",6,-0.505610782637704,0.00382581679916535,0.18447184214354,1,1.6840302347606,1.4966805594784,0.0543697317675915,-0.79317,0.00029429,0.00038101,0.02247,FALSE,392,618
"TMPO",6,-0.267431887508215,0.0898120391076923,0.762101918071497,0.666666666666667,1.6840302347606,1.4966805594784,0.475945589349362,-0.59157,7.5909e-05,8.708e-05,0.008202,FALSE,2219,392
"ARL11",5,-0.223046901878286,0.19409370358821,0.918641036599697,0.6,1.6840302347606,1.4966805594784,0.678432337805038,-0.96523,7.7043e-05,9.1787e-05,0.00856,FALSE,3991,393
"SCAF4",6,0.333442937503178,0.0261254916526026,0.51700862802484,0.833333333333333,1.6840302347606,1.4966805594784,0.242007022550817,0.52418,7.7583e-05,0.00022986,0.022417,TRUE,957,394
"SNX9",6,-0.428867538127615,0.00383141306297072,0.18447184214354,1,1.6840302347606,1.4966805594784,0.0543697317675915,-0.56875,9.4148e-05,0.00011114,0.00952,FALSE,394,428
"SMAGP",6,-0.34160125706976,0.0112611713218699,0.353487896737462,0.833333333333333,1.6840302347606,1.4966805594784,0.135555277564752,-0.80718,8.1098e-05,9.3356e-05,0.008621,FALSE,602,400
"SYNPO2L",6,-0.41473037513647,0.0042255210727341,0.200395336874415,1,1.6840302347606,1.4966805594784,0.0604922264779217,-0.50732,0.00046078,0.000631,0.032112,FALSE,400,723
"BANF2",6,-0.454670313582753,0.00437593833729419,0.204461946449435,0.833333333333333,1.6840302347606,1.4966805594784,0.0622488063529445,-0.72239,0.0001783,0.00021679,0.015313,FALSE,406,516
"EEPD1",6,0.353181468966141,0.00962780986015969,0.321760300442782,1,1.6840302347606,1.4966805594784,0.118616678768689,0.55987,8.2868e-05,0.00024137,0.022421,TRUE,567,407
"SLC30A3",6,0.319300115419616,0.00454964127955754,0.208038965662467,1,1.6840302347606,1.4966805594784,0.0639848379535757,0.51566,0.00021858,0.00040141,0.028144,TRUE,413,556
"MYCBP2",6,-0.342923185971902,0.0045616864877599,0.208038965662467,1,1.6840302347606,1.4966805594784,0.0639848379535757,-0.52575,0.00053679,0.00077169,0.037475,FALSE,415,766
"HERC1",6,-0.42357307189031,0.00456216181948267,0.208038965662467,0.833333333333333,1.6840302347606,1.4966805594784,0.0639848379535757,-0.74815,0.00012663,0.00016082,0.012768,FALSE,416,460
"MAP1B",6,-0.380070641784337,0.00483648393697533,0.216898582232676,0.833333333333333,1.6840302347606,1.4966805594784,0.0676657393298136,-0.55332,0.00017346,0.00021103,0.015133,FALSE,423,510
"ZBTB25",6,-0.49443092509465,0.00487847571529521,0.217752198398,1,1.6840302347606,1.4966805594784,0.0680752308322235,-0.71747,0.00051452,0.00073561,0.036265,FALSE,425,759
"WDR45",6,-0.187228647732978,0.220438447103994,0.929811205867443,0.666666666666667,1.6840302347606,1.4966805594784,0.706139827507179,-0.71014,9.4034e-05,0.00011114,0.00952,FALSE,4472,427
"GPR4",6,-0.443944348323727,0.00495618045201267,0.218541917767479,1,1.6840302347606,1.4966805594784,0.0687121654564709,-0.67957,0.00013236,0.00016187,0.012768,FALSE,429,464
"TREX1",6,-0.352208729276375,0.0224154963578844,0.487639869161774,0.833333333333333,1.6840302347606,1.4966805594784,0.220163111043502,-0.69507,9.473e-05,0.00011166,0.009522,FALSE,871,429
"MXD3",6,0.433856624429031,0.00560375341379891,0.23383095092132,1,1.6840302347606,1.4966805594784,0.0756246208796127,0.68357,9.6781e-05,0.00026176,0.023645,TRUE,454,431
"APOBEC3F",6,0.491335399023327,0.00499255634501612,0.218541917767479,1,1.6840302347606,1.4966805594784,0.0687659677434561,0.5982,0.00056187,0.00081562,0.039924,TRUE,433,781
"GPI",6,0.42054346427893,0.00501046631464121,0.218541917767479,0.833333333333333,1.6840302347606,1.4966805594784,0.0687707318160845,0.59034,0.00058545,0.00084596,0.040544,TRUE,434,795
"NUP98",6,0.390582286636658,0.00501137238950201,0.218541917767479,1,1.6840302347606,1.4966805594784,0.0687707318160845,0.55939,0.00014389,0.00032452,0.026596,TRUE,435,477
"AP1S3",6,-0.108981739724852,0.413840870435489,0.986540942684881,0.666666666666667,1.6840302347606,1.4966805594784,0.850683185051113,-0.5802,0.00010557,0.00016135,0.012768,FALSE,7909,437
"IKBKE",6,-0.422492091010718,0.00510974243581284,0.220299577289476,0.833333333333333,1.6840302347606,1.4966805594784,0.0696526432689457,-0.6572,0.00059743,0.00085407,0.039243,FALSE,440,807
"CDKN2A",6,0.340161331152061,0.0435660223997341,0.625714494575572,1,1.6840302347606,1.4966805594784,0.329963108400571,0.67494,0.0001107,0.0002853,0.024888,TRUE,1318,443
"ITPKB",6,-0.322613689441194,0.0211761255059667,0.473715920811544,0.833333333333333,1.6840302347606,1.4966805594784,0.211025792974629,-0.68129,0.00011294,0.0001352,0.011176,FALSE,847,446
"MYBPC3",6,0.263125972114123,0.0915051391068103,0.76434788133364,0.666666666666667,1.6840302347606,1.4966805594784,0.479257826347949,0.58424,0.00011375,0.00028791,0.024888,TRUE,2260,447
"LY6G6D",6,-0.346372416314227,0.0259798659442723,0.516878004048058,1,1.6840302347606,1.4966805594784,0.241635356891646,-0.58136,0.0001163,0.00013729,0.011203,FALSE,951,451
"PLXNA4",6,-0.34715285072544,0.00554478204604729,0.233225089608685,0.833333333333333,1.6840302347606,1.4966805594784,0.0752195124042584,-0.60909,0.00067405,0.00096808,0.042423,FALSE,451,846
"GNL3L",6,-0.432915698514998,0.00568345147462703,0.235346058841519,0.666666666666667,1.6840302347606,1.4966805594784,0.0764369204094305,-0.53006,0.00028718,0.00037996,0.02247,FALSE,457,612
"PRDM13",6,0.144388737967533,0.372073781467631,0.980039760442139,0.666666666666667,1.6840302347606,1.4966805594784,0.828061816269596,0.81085,0.00012305,0.00030151,0.025482,TRUE,7155,457
"SHOC2",6,0.307463437673073,0.0092434553616634,0.313122050376347,0.833333333333333,1.6840302347606,1.4966805594784,0.11428672442401,0.52813,0.00012785,0.00030674,0.025694,TRUE,560,462
"MAT2B",6,-0.154925403291326,0.301939054333355,0.949815392660931,0.666666666666667,1.6840302347606,1.4966805594784,0.769527722483762,-0.73821,0.00012936,0.00016135,0.012768,FALSE,5996,463
"TNF",6,-0.423418883974322,0.00580166290436661,0.236682893109322,0.833333333333333,1.6840302347606,1.4966805594784,0.0771793990488608,-0.65283,0.00059578,0.00085171,0.039243,FALSE,465,806
"PPARG",6,-0.426405988960984,0.00586322184195838,0.238132033170687,1,1.6840302347606,1.4966805594784,0.0778636351169218,-0.51154,0.00066103,0.00094167,0.041651,FALSE,467,840
"ZNF592",6,0.347801566276691,0.0101124609042678,0.332466868897679,0.666666666666667,1.6840302347606,1.4966805594784,0.124001445310111,0.60231,0.00013897,0.00031982,0.026324,TRUE,577,470
"DIO3",6,-0.36113130991544,0.00615167258444191,0.247239891794201,0.833333333333333,1.6840302347606,1.4966805594784,0.0817767902616626,-0.66915,0.00020912,0.00026124,0.017475,FALSE,472,547
"SH2D5",6,-0.370517307798655,0.00827203865248632,0.297198055374366,0.833333333333333,1.6840302347606,1.4966805594784,0.1056076118615,-0.57729,0.00013998,0.00017285,0.013288,FALSE,528,472
"HPCAL4",6,-0.349713568873752,0.0175020401844217,0.435289544428219,0.833333333333333,1.6840302347606,1.4966805594784,0.185376452860375,-0.80229,0.00014197,0.00017338,0.013288,FALSE,760,474
"RBPMS",6,-0.415301417494741,0.0126278293596657,0.375989421765187,0.833333333333333,1.6840302347606,1.4966805594784,0.148306975281156,-0.55869,0.00014231,0.00017338,0.013288,FALSE,633,475
"ODF2",6,0.414134984179958,0.0063074722155936,0.251371319180274,0.666666666666667,1.6840302347606,1.4966805594784,0.0836493948429105,0.52694,0.0005076,0.00076176,0.038662,TRUE,476,754
"SLC7A3",6,0.277664377280278,0.0166274981037706,0.426388538803022,0.833333333333333,1.6840302347606,1.4966805594784,0.179500478987582,0.62989,0.00014647,0.00032714,0.026649,TRUE,738,478
"TBX3",6,-0.3983203177678,0.00646123381510841,0.255886441487696,1,1.6840302347606,1.4966805594784,0.0856507887215774,-0.79248,0.00017002,0.00020633,0.014946,FALSE,479,506
"CEP78",6,0.389370083280525,0.00664196209908235,0.261780649105392,0.833333333333333,1.6840302347606,1.4966805594784,0.0882422900131385,0.55792,0.00023534,0.0004171,0.028713,TRUE,481,570
"KRIT1",6,-0.325555108574595,0.0257174389038713,0.513799891304218,0.833333333333333,1.6840302347606,1.4966805594784,0.239622816194169,-0.67838,0.00015532,0.0001875,0.01403,FALSE,947,486
"DBT",6,-0.383694428785254,0.0125721192809803,0.375989421765187,1,1.6840302347606,1.4966805594784,0.148298340206149,-0.665,0.0001571,0.00019116,0.014136,FALSE,632,487
"SLC12A9",6,0.331865168785516,0.0276801569725754,0.532548253316181,0.833333333333333,1.6840302347606,1.4966805594784,0.252659850532126,0.66033,0.00015731,0.00034126,0.026649,TRUE,985,488
"TIRAP",6,0.393410442222376,0.00705300450956552,0.270308531387647,0.666666666666667,1.6840302347606,1.4966805594784,0.0924664380418158,0.57435,0.00050691,0.00075731,0.038539,TRUE,494,752
"ST6GALNAC1",6,0.273814018408485,0.0514006878720899,0.65514212316821,0.666666666666667,1.6840302347606,1.4966805594784,0.358870221368628,0.76559,0.00016449,0.00034649,0.026649,TRUE,1487,496
"PAGE2",6,0.349728589715655,0.016931700901204,0.42754425034133,0.5,1.6840302347606,1.4966805594784,0.180680269017139,0.59094,0.00016662,0.00034701,0.026649,TRUE,750,499
"OR6M1",6,-0.324766738869834,0.0144594197940298,0.401016364755474,1,1.6840302347606,1.4966805594784,0.163193922849123,-0.60625,0.00016664,0.0002011,0.014699,FALSE,683,500
"KIAA1551",6,0.293203720422366,0.0606953209803885,0.688129848545037,0.833333333333333,1.6840302347606,1.4966805594784,0.392259061843377,0.53593,0.00016913,0.00034806,0.026649,TRUE,1669,504
"VASP",6,0.42616832902128,0.00739541440154732,0.278355180947128,1,1.6840302347606,1.4966805594784,0.0962695885109791,0.64609,0.00054877,0.00081144,0.039924,TRUE,504,772
"METTL23",6,-0.253848753755887,0.0419954414405631,0.622206596566247,0.666666666666667,1.6840302347606,1.4966805594784,0.325425628918041,-0.53482,0.00017163,0.00020685,0.014946,FALSE,1278,507
"TSC22D3",6,0.391628091949211,0.00766172384948537,0.286315655524494,0.666666666666667,1.6840302347606,1.4966805594784,0.0999387131455056,0.61816,0.00079526,0.0011948,0.049193,TRUE,507,919
"ASTE1",6,-0.417348440546006,0.00768237578608157,0.286315655524494,0.833333333333333,1.6840302347606,1.4966805594784,0.0999387131455056,-0.61874,0.00067188,0.00096625,0.042423,FALSE,509,845
"HNRNPA1L2",6,0.398453277428712,0.00782402115028611,0.290610381986337,0.833333333333333,1.6840302347606,1.4966805594784,0.101996373541359,0.54977,0.00047626,0.00071625,0.037316,TRUE,510,732
"CLDN25",6,-0.395660450045013,0.0108710454169231,0.346012972414483,0.833333333333333,1.6840302347606,1.4966805594784,0.131538428248931,-0.70682,0.0001775,0.00021626,0.015313,FALSE,595,515
"FAM53B",6,-0.366285003650779,0.0080200799199965,0.294276433428111,0.833333333333333,1.6840302347606,1.4966805594784,0.103791042198754,-0.60579,0.00019659,0.00025235,0.017415,FALSE,517,532
"LHCGR",6,-0.25982354283844,0.0907895540297351,0.763029937944674,0.666666666666667,1.6840302347606,1.4966805594784,0.477480954198138,-0.61539,0.00017969,0.00021888,0.015347,FALSE,2246,518
"MFSD2A",6,0.307773453802837,0.0156313710063944,0.416547412010401,0.666666666666667,1.6840302347606,1.4966805594784,0.172693849816299,0.62213,0.00018328,0.00036166,0.027277,TRUE,710,520
"MLLT10",6,0.379320148245278,0.016462160385728,0.423153363844526,1,1.6840302347606,1.4966805594784,0.177594018327213,0.58719,0.00018484,0.0003648,0.027374,TRUE,737,521
"SPDYE5",6,0.226370195771031,0.137594761181247,0.850593343793134,0.833333333333333,1.6840302347606,1.4966805594784,0.583469769022854,0.62276,0.00018571,0.00036793,0.027402,TRUE,3052,523
"GPRIN3",6,0.338331176225962,0.00820068992581062,0.296692326093231,0.833333333333333,1.6840302347606,1.4966805594784,0.105239638033691,0.527,0.00069132,0.0010552,0.046422,TRUE,524,862
"ST3GAL6",6,0.331478592245631,0.0135118412362784,0.387636679979067,0.666666666666667,1.6840302347606,1.4966805594784,0.155264535316188,0.62366,0.00018788,0.00037055,0.027402,TRUE,660,525
"ACE",6,-0.415899128280807,0.00824064857291584,0.297025173864313,0.833333333333333,1.6840302347606,1.4966805594784,0.105483049886496,-0.50188,0.00025075,0.00032557,0.020076,FALSE,526,588
"TMIGD1",6,-0.414014227043967,0.00825156914214511,0.297025173864313,0.833333333333333,1.6840302347606,1.4966805594784,0.105483049886496,-0.50988,0.00044542,0.00062316,0.031878,FALSE,527,714
"NQO1",6,0.338345858685114,0.00856805711672856,0.301551101121226,0.833333333333333,1.6840302347606,1.4966805594784,0.108067807838135,0.56208,0.00019255,0.00037369,0.02742,TRUE,539,528
"KPNA1",6,0.28966672131673,0.0246147828342798,0.503170722377465,0.666666666666667,1.6840302347606,1.4966805594784,0.232233279838825,0.5743,0.00019641,0.00038049,0.02753,TRUE,927,530
"SUSD4",6,0.342010865223583,0.0139488786228483,0.393765219457488,1,1.6840302347606,1.4966805594784,0.158876854123834,0.56705,0.00019641,0.00038049,0.02753,TRUE,671,530
"MAP4K5",6,-0.390824197462633,0.00856296352534671,0.301551101121226,0.833333333333333,1.6840302347606,1.4966805594784,0.108067807838135,-0.51385,0.00064172,0.0009197,0.041258,FALSE,537,829
"DUSP15",6,-0.282865003494235,0.0742505110032765,0.727547620729419,0.666666666666667,1.6840302347606,1.4966805594784,0.434674662184209,-0.72694,0.00020402,0.00025758,0.017415,FALSE,1929,542
"CD55",6,-0.323968259501465,0.0120784898953793,0.367783231645819,0.833333333333333,1.6840302347606,1.4966805594784,0.143383222072523,-0.69898,0.00020644,0.00025758,0.017415,FALSE,622,544
"NUP37",6,-0.352303949588445,0.0259937594023114,0.516878004048058,1,1.6840302347606,1.4966805594784,0.241635356891646,-0.55936,0.00020728,0.00026019,0.017467,FALSE,953,545
"FAM35A",6,-0.369759498495617,0.019760927134779,0.457891921634703,0.833333333333333,1.6840302347606,1.4966805594784,0.200689129608537,-0.76302,0.00020733,0.00026019,0.017467,FALSE,817,546
"MINDY2",6,0.357646189162148,0.00875960327960436,0.304340062663177,1,1.6840302347606,1.4966805594784,0.109650678371296,0.5804,0.00060092,0.00087368,0.041143,TRUE,546,812
"SLC19A1",6,0.30346582709579,0.0394196863874714,0.606481306383076,0.666666666666667,1.6840302347606,1.4966805594784,0.312453527932138,0.55835,0.00021265,0.00039356,0.027904,TRUE,1232,550
"JPH1",6,0.322334994620207,0.0430667080535706,0.624526353066565,0.833333333333333,1.6840302347606,1.4966805594784,0.328445575463833,0.64489,0.00021491,0.0003967,0.027918,TRUE,1307,552
"MYO10",6,0.338147796050958,0.00910025015105316,0.311630952370327,1,1.6840302347606,1.4966805594784,0.113317103961426,0.58127,0.00079782,0.0011953,0.049193,TRUE,553,920
"CARF",5,-0.376500872849466,0.0298676547212717,0.549122221208722,1,1.6840302347606,1.4966805594784,0.26548935001281,-0.58496,0.00021573,0.00027902,0.018375,FALSE,1029,555
"SUMO1",6,0.203410308223614,0.148823204860919,0.868402398096471,0.833333333333333,1.6840302347606,1.4966805594784,0.605841290250848,0.52338,0.00022038,0.00040297,0.02815,TRUE,3237,558
"TRAF5",6,-0.33539723186738,0.0263005280643911,0.518621372031264,0.833333333333333,1.6840302347606,1.4966805594784,0.243176913241339,-0.84264,0.00022897,0.00029053,0.018836,FALSE,960,563
"LRP5",5,-0.182185103241258,0.413459617822051,0.98653374501456,0.8,1.6840302347606,1.4966805594784,0.850458505541988,-0.6602,0.00023069,0.00034544,0.021095,FALSE,7904,565
"C11orf16",6,-0.313424672405749,0.0174754583598754,0.435289544428219,0.666666666666667,1.6840302347606,1.4966805594784,0.185376452860375,-0.52047,0.00023269,0.0002989,0.019215,FALSE,759,566
"HRH2",6,-0.319781415864586,0.00958323191055291,0.321190652549803,0.833333333333333,1.6840302347606,1.4966805594784,0.118255667178381,-0.69281,0.00035934,0.00051437,0.028799,FALSE,566,658
"PROM1",6,0.297061295889194,0.0257306218628891,0.513799891304218,0.833333333333333,1.6840302347606,1.4966805594784,0.239622816194169,0.54925,0.00023389,0.00041657,0.028713,TRUE,949,568
"WDR43",6,-0.307841397541549,0.0302229362952792,0.549775756210792,0.833333333333333,1.6840302347606,1.4966805594784,0.266322023270536,-0.54505,0.00023698,0.0003057,0.019396,FALSE,1040,571
"TOB2",6,0.363041495601857,0.00993985175973185,0.328499978888699,1,1.6840302347606,1.4966805594784,0.122015380030608,0.54004,0.00060092,0.00087368,0.041143,TRUE,574,812
"PPP1R3G",6,-0.463983301035025,0.0101672469824098,0.333689749578399,0.833333333333333,1.6840302347606,1.4966805594784,0.124619426849033,-0.72338,0.00066008,0.00093932,0.041644,FALSE,578,839
"KLHL42",6,-0.338635219537358,0.053257206458407,0.660774022229514,0.666666666666667,1.6840302347606,1.4966805594784,0.365117813567788,-0.63549,0.00024542,0.00031249,0.019396,FALSE,1526,580
"TMSB4X",6,0.374902220063983,0.0104752317965933,0.340849309058961,0.833333333333333,1.6840302347606,1.4966805594784,0.128210071031024,0.58454,0.00038628,0.00056877,0.032658,TRUE,583,678
"ZNF445",6,-0.254254253080465,0.0445405677169433,0.63149070970883,0.666666666666667,1.6840302347606,1.4966805594784,0.334660417420916,-0.6529,0.00025006,0.00032452,0.020076,FALSE,1337,586
"KLHL5",6,0.350163684430602,0.0263274845158728,0.518621372031264,0.833333333333333,1.6840302347606,1.4966805594784,0.243176913241339,0.68281,0.00025037,0.00043331,0.029192,TRUE,962,587
"TRAM2",6,-0.440277194602835,0.0106872713820457,0.342548780529858,0.833333333333333,1.6840302347606,1.4966805594784,0.129479380836723,-0.592,0.00039365,0.00055674,0.029826,FALSE,591,683
"SAMD9",6,-0.352855632085766,0.0106899777582328,0.342548780529858,0.833333333333333,1.6840302347606,1.4966805594784,0.129479380836723,-0.51416,0.00026784,0.00036061,0.021951,FALSE,592,593
"CD3G",6,-0.360478490170247,0.0126462553571535,0.375989421765187,0.666666666666667,1.6840302347606,1.4966805594784,0.148306975281156,-0.60899,0.00027385,0.00036375,0.021993,FALSE,635,595
"CIDEC",6,0.361407485439653,0.059422028218331,0.681521085430314,0.833333333333333,1.6840302347606,1.4966805594784,0.386349211824543,0.72061,0.00027441,0.00045161,0.029585,TRUE,1651,596
"APOBEC3G",4,0.385756728020196,0.0110098358260963,0.349258504383022,1,1.6840302347606,1.4966805594784,0.133176718140133,0.69763,0.00046214,0.00062891,0.034813,TRUE,597,724
"DOCK2",6,-0.261738541312347,0.0891144009243557,0.762101918071497,0.666666666666667,1.6840302347606,1.4966805594784,0.475945589349362,-0.78536,0.00027738,0.00036427,0.021993,FALSE,2202,597
"MCF2L2",6,0.350658879251584,0.0252582688628892,0.509733362052137,0.666666666666667,1.6840302347606,1.4966805594784,0.236693934324111,0.68187,0.00027792,0.00045528,0.029585,TRUE,939,598
"WIPF1",6,0.354916163276314,0.0174228995092893,0.435289544428219,0.833333333333333,1.6840302347606,1.4966805594784,0.185376452860375,0.59744,0.0002866,0.00046495,0.029837,TRUE,757,611
"FCER1G",6,0.32999021193516,0.0117370126941703,0.362623991544643,0.833333333333333,1.6840302347606,1.4966805594784,0.140406206713717,0.50777,0.00076063,0.0011611,0.048819,TRUE,613,897
"FAM26F",6,-0.34746392075034,0.0119009806401986,0.364719875193163,0.833333333333333,1.6840302347606,1.4966805594784,0.141686543783027,-0.52654,0.00065693,0.00093278,0.041452,FALSE,618,837
"DIRAS3",6,0.411759170450913,0.0119292796346982,0.364997475274555,0.833333333333333,1.6840302347606,1.4966805594784,0.141874798650273,0.63003,0.00034336,0.0005217,0.031041,TRUE,619,643
"HLX",6,0.297216747194515,0.035165951176809,0.578074604700232,1,1.6840302347606,1.4966805594784,0.290022902484358,0.65405,0.00030459,0.00049189,0.030622,TRUE,1153,623
"AGAP1",6,0.350199144627702,0.0147913504030263,0.405401538599461,1,1.6840302347606,1.4966805594784,0.165921356850926,0.54444,0.00030682,0.0004945,0.030622,TRUE,690,625
"THOP1",6,-0.322758767528723,0.0122040548999876,0.369341036838535,0.833333333333333,1.6840302347606,1.4966805594784,0.144374140522719,-0.70051,0.00053659,0.0007628,0.037314,FALSE,625,765
"NR4A3",6,-0.32186685699123,0.0479242882799177,0.644039993126475,0.833333333333333,1.6840302347606,1.4966805594784,0.347142727344451,-0.6038,0.0003078,0.00038572,0.022607,FALSE,1410,626
"RYR1",6,0.257449755557341,0.0780315813647402,0.734825290893556,0.833333333333333,1.6840302347606,1.4966805594784,0.444167099158793,0.50797,0.00031122,0.00049659,0.030622,TRUE,2005,628
"SLC48A1",6,-0.390935108015283,0.0123275329678349,0.371706328177035,0.833333333333333,1.6840302347606,1.4966805594784,0.145652225013876,-0.69804,0.00059524,0.00085171,0.039243,FALSE,628,804
"C15orf62",6,0.315854949163189,0.0329790126274892,0.569411794974133,0.666666666666667,1.6840302347606,1.4966805594784,0.281843369632976,0.54114,0.00031161,0.00049659,0.030622,TRUE,1096,629
"KNSTRN",6,-0.323806515083674,0.0311369164574687,0.555035692195096,0.833333333333333,1.6840302347606,1.4966805594784,0.270728332593316,-0.50164,0.00031576,0.00044481,0.02599,FALSE,1062,631
"FLNB",6,-0.330076329664633,0.0134456452641488,0.387394456793739,0.666666666666667,1.6840302347606,1.4966805594784,0.155032791182946,-0.62129,0.00032096,0.00045841,0.02662,FALSE,657,634
"SLC35A1",6,-0.328753542213674,0.0349316991959165,0.575720533228962,0.833333333333333,1.6840302347606,1.4966805594784,0.288392572251404,-0.70457,0.00032972,0.0004741,0.027198,FALSE,1150,637
"SLC22A17",6,-0.265737698473378,0.115872271980275,0.819136988745577,0.666666666666667,1.6840302347606,1.4966805594784,0.541876402298951,-0.60798,0.00033097,0.0004741,0.027198,FALSE,2666,638
"FAM96A",6,-0.32400387122099,0.0128801447538764,0.378816040280674,0.833333333333333,1.6840302347606,1.4966805594784,0.149967538190139,-0.55462,0.00068494,0.0010573,0.045801,FALSE,644,860
"CRCT1",6,0.325079581150128,0.0144581081077326,0.401016364755474,0.833333333333333,1.6840302347606,1.4966805594784,0.163193922849123,0.63134,0.00034677,0.00052274,0.031041,TRUE,682,647
"CCDC88A",6,-0.331761420089256,0.0140522356620349,0.395210858183127,0.666666666666667,1.6840302347606,1.4966805594784,0.159824979661016,-0.64104,0.00034723,0.00050025,0.028499,FALSE,673,648
"GSDMD",6,0.378422081964031,0.120621546698829,0.822406050167814,0.833333333333333,1.6840302347606,1.4966805594784,0.548258882699188,0.77028,0.00034822,0.00052379,0.031041,TRUE,2769,650
"SOWAHC",6,-0.292093487911752,0.0409211569074431,0.615177289796426,0.833333333333333,1.6840302347606,1.4966805594784,0.319697991543027,-0.6169,0.00035174,0.00050548,0.028565,FALSE,1260,654
"CLDN10",6,-0.262165580678415,0.095589125987378,0.770517289207805,0.833333333333333,1.6840302347606,1.4966805594784,0.487860873861714,-0.56575,0.00035351,0.00050993,0.028731,FALSE,2341,655
"NOP9",6,0.212626877679449,0.123260813653816,0.824330669330098,0.666666666666667,1.6840302347606,1.4966805594784,0.552616176237374,0.54175,0.00035903,0.00052797,0.031041,TRUE,2819,657
"RIMBP3B",6,-0.322458408096876,0.0136220843696188,0.388587880438599,1,1.6840302347606,1.4966805594784,0.155904218118698,-0.52896,0.00038977,0.00055255,0.029802,FALSE,664,681
"CBFA2T2",6,-0.340947467139437,0.0309433973314698,0.553770044696209,0.833333333333333,1.6840302347606,1.4966805594784,0.269667355037011,-0.70365,0.0003728,0.00052483,0.028799,FALSE,1059,665
"PCDH17",6,-0.311814456487819,0.031127907007021,0.555035692195096,0.666666666666667,1.6840302347606,1.4966805594784,0.270728332593316,-0.65728,0.00037444,0.00052483,0.028799,FALSE,1061,667
"ZNF580",6,-0.346863732827265,0.0230689063786923,0.488412002236377,0.833333333333333,1.6840302347606,1.4966805594784,0.222006736470423,-0.56799,0.00037461,0.00052483,0.028799,FALSE,895,668
"SLC24A2",6,-0.34251687824746,0.0354699109661732,0.580055354334746,0.833333333333333,1.6840302347606,1.4966805594784,0.291599979917073,-0.79865,0.00037847,0.0005264,0.028802,FALSE,1159,671
"EEF1AKMT3",6,-0.339447824371091,0.0154462493144269,0.41324379877514,1,1.6840302347606,1.4966805594784,0.17088527798163,-0.60575,0.00037915,0.00053477,0.029038,FALSE,707,672
"ZBTB9",6,-0.300955724201603,0.0335677495341384,0.570532902723863,0.666666666666667,1.6840302347606,1.4966805594784,0.283440322404393,-0.52234,0.0003841,0.00053686,0.029038,FALSE,1114,677
"TEC",6,-0.316755708472994,0.0220275928526817,0.481964747883935,0.833333333333333,1.6840302347606,1.4966805594784,0.216706264368139,-0.64416,0.00039388,0.00055674,0.029826,FALSE,866,684
"GRIN3A",6,0.324226235947246,0.0463637463656282,0.638901092559713,0.833333333333333,1.6840302347606,1.4966805594784,0.341883892625543,0.56598,0.00040371,0.00060276,0.033961,TRUE,1375,690
"CHRM4",6,0.321066241599167,0.0148028983529904,0.405401538599461,0.833333333333333,1.6840302347606,1.4966805594784,0.165921356850926,0.5059,0.0006797,0.0010452,0.046422,TRUE,691,858
"DUOXA2",6,0.364551866144371,0.0148952754034282,0.4065660063353,0.833333333333333,1.6840302347606,1.4966805594784,0.166625787964978,0.62242,0.00046613,0.00070736,0.037316,TRUE,694,727
"SMYD2",6,-0.233694865979414,0.0999897832961425,0.78186570038245,0.666666666666667,1.6840302347606,1.4966805594784,0.500095707566483,-0.57877,0.00040872,0.00056824,0.029826,FALSE,2414,695
"CD74",6,-0.438365534317842,0.0316686824439691,0.558556905766975,0.833333333333333,1.6840302347606,1.4966805594784,0.273606974793831,-0.57655,0.00040944,0.00056824,0.029826,FALSE,1074,696
"IFITM2",6,0.341395051576768,0.0263154449102821,0.518621372031264,0.666666666666667,1.6840302347606,1.4966805594784,0.243176913241339,0.57603,0.00042577,0.00064983,0.035762,TRUE,961,704
"TNFRSF4",6,0.30706751990867,0.0385455642323544,0.60212701470607,1,1.6840302347606,1.4966805594784,0.308638165646894,0.5229,0.00043333,0.00066552,0.036337,TRUE,1213,707
"ACSF2",6,-0.356557066025946,0.0156863211054916,0.417348543297581,0.833333333333333,1.6840302347606,1.4966805594784,0.173162852317138,-0.57124,0.00060782,0.00087891,0.039829,FALSE,712,815
"PLEK2",6,0.347658560799069,0.0158375576132117,0.419021573113843,0.833333333333333,1.6840302347606,1.4966805594784,0.174253744090025,0.56157,0.00044341,0.00068383,0.037093,TRUE,716,713
"RNF183",6,0.364761684244712,0.0160429238205032,0.422085388686399,0.666666666666667,1.6840302347606,1.4966805594784,0.176072433038559,0.71135,0.00079432,0.0011935,0.049193,TRUE,720,917
"PNMT",6,-0.251503881755076,0.13667246080929,0.849779279433705,0.833333333333333,1.6840302347606,1.4966805594784,0.581934744104033,-0.60323,0.00047933,0.00066761,0.033793,FALSE,3038,733
"PRAME",6,0.289685575603986,0.0215820940103057,0.478026100250472,0.666666666666667,1.6840302347606,1.4966805594784,0.213933787757674,0.51867,0.00048905,0.00072881,0.037316,TRUE,855,739
"OR56B4",6,0.288009116881284,0.0433811988434534,0.625714494575572,1,1.6840302347606,1.4966805594784,0.32991151200731,0.54019,0.0004969,0.00072933,0.037316,TRUE,1312,744
"PIGS",6,-0.295181441409543,0.0225740364382099,0.488412002236377,0.833333333333333,1.6840302347606,1.4966805594784,0.221133188990887,-0.61683,0.00050012,0.00072253,0.035946,FALSE,873,745
"CACNG5",6,0.310839229629266,0.0477516875496776,0.642902422155702,0.833333333333333,1.6840302347606,1.4966805594784,0.346218853427375,0.61255,0.00051372,0.00077378,0.038753,TRUE,1408,757
"GOLGA8H",4,-0.392708782088868,0.0467547021869923,0.640454929934144,0.75,1.6840302347606,1.4966805594784,0.343294779708178,-0.79966,0.00051869,0.00074763,0.036762,FALSE,1383,761
"PITX1",6,0.347656156882265,0.0488137485726866,0.644870074979994,1,1.6840302347606,1.4966805594784,0.349846501489222,0.54586,0.00055483,0.00081301,0.039924,TRUE,1429,775
"HNF1B",6,-0.314224436844309,0.033193496692683,0.569411794974133,0.833333333333333,1.6840302347606,1.4966805594784,0.281872936125228,-0.56887,0.00055854,0.00081929,0.038996,FALSE,1103,779
"CDKN1C",6,0.444643448085035,0.048012734457888,0.644131239509289,0.833333333333333,1.6840302347606,1.4966805594784,0.347316294676407,0.78959,0.00057829,0.00083341,0.040543,TRUE,1413,786
"XG",6,0.270892341436333,0.0934155863501756,0.767804884342647,0.666666666666667,1.6840302347606,1.4966805594784,0.483403710523976,0.65097,0.00058034,0.00083916,0.040544,TRUE,2298,787
"ENY2",6,-0.230417345568622,0.123175937255968,0.824330669330098,0.833333333333333,1.6840302347606,1.4966805594784,0.552616176237374,-0.53743,0.00058238,0.00083498,0.039126,FALSE,2818,791
"WARS2",6,0.345446222745453,0.0188245587219621,0.450886210802552,0.833333333333333,1.6840302347606,1.4966805594784,0.195345622569186,0.53161,0.00058878,0.00085171,0.040614,TRUE,791,800
"CENPQ",5,0.364579353456677,0.0218227206822042,0.480313412888061,0.8,1.6840302347606,1.4966805594784,0.215553913435918,0.53985,0.00058379,0.00084387,0.040544,TRUE,860,793
"POU4F2",6,-0.299789506211902,0.0931264133938905,0.766096274727172,0.666666666666667,1.6840302347606,1.4966805594784,0.481995998476076,-0.57927,0.00058549,0.00083498,0.039126,FALSE,2295,796
"ATP5B",6,-0.214233909702624,0.186554909990725,0.907813580848086,0.833333333333333,1.6840302347606,1.4966805594784,0.664773115380513,-0.54339,0.0005879,0.00085067,0.039243,FALSE,3882,798
"PEX11G",6,-0.230396911207916,0.120567849795749,0.822406050167814,0.833333333333333,1.6840302347606,1.4966805594784,0.548159043056276,-0.73262,0.0005916,0.00085119,0.039243,FALSE,2768,802
"NPEPL1",6,-0.303223868127664,0.0560721471463501,0.669899448371495,0.833333333333333,1.6840302347606,1.4966805594784,0.374603332133231,-0.62029,0.00059743,0.00085407,0.039243,FALSE,1585,807
"EPB41",6,-0.25460974173332,0.0706658309359713,0.72478901390426,0.666666666666667,1.6840302347606,1.4966805594784,0.428293117403505,-0.59251,0.00061362,0.00087943,0.039829,FALSE,1842,816
"PRMT6",6,0.32144291522929,0.0519065284824672,0.656444563541602,0.833333333333333,1.6840302347606,1.4966805594784,0.360355779822336,0.61339,0.00062479,0.00088414,0.041278,TRUE,1499,818
"GPR34",6,0.281436469839938,0.0282345224062191,0.539928316578605,0.833333333333333,1.6840302347606,1.4966805594784,0.257355487021676,0.53848,0.00063064,0.00088989,0.041278,TRUE,991,822
"RFC5",6,0.284886107400148,0.0338610150783784,0.570532902723863,0.833333333333333,1.6840302347606,1.4966805594784,0.284031000001861,0.5561,0.00064218,0.00090192,0.041342,TRUE,1123,830
"ZNF713",6,-0.14132764912809,0.31962523213605,0.9548728153774,0.666666666666667,1.6840302347606,1.4966805594784,0.782904026844223,-0.52439,0.00065163,0.00093225,0.041452,FALSE,6311,833
"PATZ1",6,0.289997550485652,0.0243584489205255,0.501715283411909,1,1.6840302347606,1.4966805594784,0.230992637218625,0.54977,0.00065583,0.00090663,0.041358,TRUE,920,836
"SPA17",3,0.359095414800953,0.0373483879944959,0.593880067272076,1,1.6840302347606,1.4966805594784,0.302153352731305,0.8457,0.00065846,0.00083524,0.040543,TRUE,1192,838
"HMGA2",6,-0.330399435251688,0.0226697921051866,0.488412002236377,0.666666666666667,1.6840302347606,1.4966805594784,0.221133188990887,-0.59321,0.00066891,0.00096573,0.042423,FALSE,878,843
"TCTN1",6,0.127346038621901,0.359012101866132,0.975233799549419,0.666666666666667,1.6840302347606,1.4966805594784,0.818189572996061,0.56793,0.00067623,0.00104,0.046422,TRUE,6942,851
"SETSIP",6,0.262973186610352,0.0858305051854517,0.755898181693602,0.833333333333333,1.6840302347606,1.4966805594784,0.466884147240286,0.52618,0.00067659,0.00104,0.046422,TRUE,2145,852
"FEM1C",6,-0.241492652333335,0.129457241803237,0.838730832311271,0.666666666666667,1.6840302347606,1.4966805594784,0.567696845684194,-0.5959,0.00067705,0.0010531,0.045792,FALSE,2915,853
"IRF4",6,0.308458641343115,0.0217855033386852,0.480313412888061,1,1.6840302347606,1.4966805594784,0.215507238229222,0.54207,0.00072309,0.0011043,0.047622,TRUE,859,881
"KCTD10",6,-0.336808972810971,0.0747521709380168,0.728383069395159,1,1.6840302347606,1.4966805594784,0.43599656597644,-0.78258,0.00069632,0.0010975,0.047437,FALSE,1939,866
"FAM135A",6,-0.291488095369551,0.0557389408726443,0.669220068578521,0.833333333333333,1.6840302347606,1.4966805594784,0.373652120861067,-0.63501,0.00070038,0.0011229,0.048312,FALSE,1578,868
"SVIL",6,0.198106316472383,0.140993324136252,0.858633502043245,0.833333333333333,1.6840302347606,1.4966805594784,0.591950658650607,0.57288,0.00070521,0.0010787,0.047053,TRUE,3102,872
"RETSAT",5,0.235590950493614,0.0845671042424267,0.752825165519306,0.8,1.6840302347606,1.4966805594784,0.463243301803782,0.55721,0.00071367,0.0010442,0.046422,TRUE,2122,874
"TCEAL8",6,-0.132568654936039,0.323829687261744,0.955783396099769,0.833333333333333,1.6840302347606,1.4966805594784,0.786085531766425,-0.58885,0.00071544,0.001132,0.048312,FALSE,6386,875
"RNF169",6,0.25504166604091,0.0814179822905585,0.745774564969529,0.666666666666667,1.6840302347606,1.4966805594784,0.455048556136731,0.58925,0.00072059,0.0011043,0.047622,TRUE,2063,880
"SPRY2",6,-0.372526728681514,0.0229232911651305,0.488412002236377,1,1.6840302347606,1.4966805594784,0.221820519598099,-0.6757,0.00072364,0.0011428,0.048615,FALSE,887,882
"ACRBP",6,0.319495130048774,0.0229047937019442,0.488412002236377,0.833333333333333,1.6840302347606,1.4966805594784,0.221820519598099,0.50824,0.00078242,0.0011765,0.048843,TRUE,886,910
"ARHGEF39",6,0.171724770879467,0.195359155247,0.919909653356365,0.666666666666667,1.6840302347606,1.4966805594784,0.680436247176121,0.59266,0.00074599,0.0011252,0.048086,TRUE,4010,887
"WISP3",6,0.247277877409148,0.0395224406551299,0.607569448320757,0.833333333333333,1.6840302347606,1.4966805594784,0.313203289664499,0.58897,0.00075493,0.0011467,0.048782,TRUE,1233,889
"NDUFS8",6,0.245491422093793,0.0716959355239929,0.72572685860687,0.666666666666667,1.6840302347606,1.4966805594784,0.43031067673724,0.53595,0.00076066,0.0011624,0.048819,TRUE,1866,898
"CASP8",6,0.425857646688862,0.0558483085563641,0.669685469857287,1,1.6840302347606,1.4966805594784,0.37407948143909,0.63152,0.00081418,0.0012162,0.049622,TRUE,1580,927
